[2026-03-26T03:32:28.789+0000] {processor.py:161} INFO - Started process (PID=185) to work on /opt/airflow/dags/e_commerce_dw_dag.py
[2026-03-26T03:32:28.791+0000] {processor.py:830} INFO - Processing file /opt/airflow/dags/e_commerce_dw_dag.py for tasks to queue
[2026-03-26T03:32:28.795+0000] {logging_mixin.py:188} INFO - [2026-03-26T03:32:28.794+0000] {dagbag.py:545} INFO - Filling up the DagBag from /opt/airflow/dags/e_commerce_dw_dag.py
[2026-03-26T03:32:28.936+0000] {processor.py:840} INFO - DAG(s) 'e_commerce_dw_etl' retrieved from /opt/airflow/dags/e_commerce_dw_dag.py
[2026-03-26T03:32:29.355+0000] {logging_mixin.py:188} INFO - [2026-03-26T03:32:29.354+0000] {override.py:1829} INFO - Created Permission View: can delete on DAG:e_commerce_dw_etl
[2026-03-26T03:32:29.405+0000] {logging_mixin.py:188} INFO - [2026-03-26T03:32:29.404+0000] {override.py:1829} INFO - Created Permission View: can edit on DAG:e_commerce_dw_etl
[2026-03-26T03:32:29.417+0000] {logging_mixin.py:188} INFO - [2026-03-26T03:32:29.417+0000] {override.py:1829} INFO - Created Permission View: can read on DAG:e_commerce_dw_etl
[2026-03-26T03:32:29.418+0000] {logging_mixin.py:188} INFO - [2026-03-26T03:32:29.418+0000] {dag.py:3096} INFO - Sync 1 DAGs
[2026-03-26T03:32:29.449+0000] {logging_mixin.py:188} INFO - [2026-03-26T03:32:29.448+0000] {dag.py:3118} INFO - Creating ORM DAG for e_commerce_dw_etl
[2026-03-26T03:32:29.458+0000] {logging_mixin.py:188} INFO - [2026-03-26T03:32:29.458+0000] {dag.py:3954} INFO - Setting next_dagrun for e_commerce_dw_etl to 2024-10-26 00:00:00+00:00, run_after=2024-10-27 00:00:00+00:00
[2026-03-26T03:32:29.489+0000] {processor.py:183} INFO - Processing /opt/airflow/dags/e_commerce_dw_dag.py took 0.712 seconds
[2026-03-26T03:33:00.344+0000] {processor.py:161} INFO - Started process (PID=216) to work on /opt/airflow/dags/e_commerce_dw_dag.py
[2026-03-26T03:33:00.347+0000] {processor.py:830} INFO - Processing file /opt/airflow/dags/e_commerce_dw_dag.py for tasks to queue
[2026-03-26T03:33:00.352+0000] {logging_mixin.py:188} INFO - [2026-03-26T03:33:00.351+0000] {dagbag.py:545} INFO - Filling up the DagBag from /opt/airflow/dags/e_commerce_dw_dag.py
[2026-03-26T03:33:00.451+0000] {processor.py:840} INFO - DAG(s) 'e_commerce_dw_etl' retrieved from /opt/airflow/dags/e_commerce_dw_dag.py
[2026-03-26T03:33:00.496+0000] {logging_mixin.py:188} INFO - [2026-03-26T03:33:00.496+0000] {dag.py:3096} INFO - Sync 1 DAGs
[2026-03-26T03:33:00.522+0000] {logging_mixin.py:188} INFO - [2026-03-26T03:33:00.522+0000] {dag.py:3954} INFO - Setting next_dagrun for e_commerce_dw_etl to 2024-10-26 00:00:00+00:00, run_after=2024-10-27 00:00:00+00:00
[2026-03-26T03:33:00.604+0000] {processor.py:183} INFO - Processing /opt/airflow/dags/e_commerce_dw_dag.py took 0.271 seconds
[2026-03-26T03:33:31.103+0000] {processor.py:161} INFO - Started process (PID=248) to work on /opt/airflow/dags/e_commerce_dw_dag.py
[2026-03-26T03:33:31.104+0000] {processor.py:830} INFO - Processing file /opt/airflow/dags/e_commerce_dw_dag.py for tasks to queue
[2026-03-26T03:33:31.106+0000] {logging_mixin.py:188} INFO - [2026-03-26T03:33:31.106+0000] {dagbag.py:545} INFO - Filling up the DagBag from /opt/airflow/dags/e_commerce_dw_dag.py
[2026-03-26T03:33:31.189+0000] {processor.py:840} INFO - DAG(s) 'e_commerce_dw_etl' retrieved from /opt/airflow/dags/e_commerce_dw_dag.py
[2026-03-26T03:33:31.242+0000] {logging_mixin.py:188} INFO - [2026-03-26T03:33:31.241+0000] {dag.py:3096} INFO - Sync 1 DAGs
[2026-03-26T03:33:31.267+0000] {logging_mixin.py:188} INFO - [2026-03-26T03:33:31.266+0000] {dag.py:3954} INFO - Setting next_dagrun for e_commerce_dw_etl to 2024-10-26 00:00:00+00:00, run_after=2024-10-27 00:00:00+00:00
[2026-03-26T03:33:31.311+0000] {processor.py:183} INFO - Processing /opt/airflow/dags/e_commerce_dw_dag.py took 0.215 seconds
[2026-03-26T03:34:01.889+0000] {processor.py:161} INFO - Started process (PID=274) to work on /opt/airflow/dags/e_commerce_dw_dag.py
[2026-03-26T03:34:01.891+0000] {processor.py:830} INFO - Processing file /opt/airflow/dags/e_commerce_dw_dag.py for tasks to queue
[2026-03-26T03:34:01.895+0000] {logging_mixin.py:188} INFO - [2026-03-26T03:34:01.894+0000] {dagbag.py:545} INFO - Filling up the DagBag from /opt/airflow/dags/e_commerce_dw_dag.py
[2026-03-26T03:34:01.979+0000] {processor.py:840} INFO - DAG(s) 'e_commerce_dw_etl' retrieved from /opt/airflow/dags/e_commerce_dw_dag.py
[2026-03-26T03:34:02.032+0000] {logging_mixin.py:188} INFO - [2026-03-26T03:34:02.032+0000] {dag.py:3096} INFO - Sync 1 DAGs
[2026-03-26T03:34:02.057+0000] {logging_mixin.py:188} INFO - [2026-03-26T03:34:02.056+0000] {dag.py:3954} INFO - Setting next_dagrun for e_commerce_dw_etl to 2024-10-26 00:00:00+00:00, run_after=2024-10-27 00:00:00+00:00
[2026-03-26T03:34:02.112+0000] {processor.py:183} INFO - Processing /opt/airflow/dags/e_commerce_dw_dag.py took 0.232 seconds
[2026-03-26T03:34:32.570+0000] {processor.py:161} INFO - Started process (PID=300) to work on /opt/airflow/dags/e_commerce_dw_dag.py
[2026-03-26T03:34:32.571+0000] {processor.py:830} INFO - Processing file /opt/airflow/dags/e_commerce_dw_dag.py for tasks to queue
[2026-03-26T03:34:32.576+0000] {logging_mixin.py:188} INFO - [2026-03-26T03:34:32.576+0000] {dagbag.py:545} INFO - Filling up the DagBag from /opt/airflow/dags/e_commerce_dw_dag.py
[2026-03-26T03:34:32.659+0000] {processor.py:840} INFO - DAG(s) 'e_commerce_dw_etl' retrieved from /opt/airflow/dags/e_commerce_dw_dag.py
[2026-03-26T03:34:32.704+0000] {logging_mixin.py:188} INFO - [2026-03-26T03:34:32.703+0000] {dag.py:3096} INFO - Sync 1 DAGs
[2026-03-26T03:34:32.734+0000] {logging_mixin.py:188} INFO - [2026-03-26T03:34:32.734+0000] {dag.py:3954} INFO - Setting next_dagrun for e_commerce_dw_etl to 2024-10-26 00:00:00+00:00, run_after=2024-10-27 00:00:00+00:00
[2026-03-26T03:34:32.765+0000] {processor.py:183} INFO - Processing /opt/airflow/dags/e_commerce_dw_dag.py took 0.202 seconds
[2026-03-26T03:35:03.321+0000] {processor.py:161} INFO - Started process (PID=326) to work on /opt/airflow/dags/e_commerce_dw_dag.py
[2026-03-26T03:35:03.323+0000] {processor.py:830} INFO - Processing file /opt/airflow/dags/e_commerce_dw_dag.py for tasks to queue
[2026-03-26T03:35:03.326+0000] {logging_mixin.py:188} INFO - [2026-03-26T03:35:03.325+0000] {dagbag.py:545} INFO - Filling up the DagBag from /opt/airflow/dags/e_commerce_dw_dag.py
[2026-03-26T03:35:03.434+0000] {processor.py:840} INFO - DAG(s) 'e_commerce_dw_etl' retrieved from /opt/airflow/dags/e_commerce_dw_dag.py
[2026-03-26T03:35:03.475+0000] {logging_mixin.py:188} INFO - [2026-03-26T03:35:03.474+0000] {dag.py:3096} INFO - Sync 1 DAGs
[2026-03-26T03:35:03.506+0000] {logging_mixin.py:188} INFO - [2026-03-26T03:35:03.506+0000] {dag.py:3954} INFO - Setting next_dagrun for e_commerce_dw_etl to 2024-10-26 00:00:00+00:00, run_after=2024-10-27 00:00:00+00:00
[2026-03-26T03:35:03.539+0000] {processor.py:183} INFO - Processing /opt/airflow/dags/e_commerce_dw_dag.py took 0.229 seconds
[2026-03-26T03:35:33.967+0000] {processor.py:161} INFO - Started process (PID=352) to work on /opt/airflow/dags/e_commerce_dw_dag.py
[2026-03-26T03:35:33.969+0000] {processor.py:830} INFO - Processing file /opt/airflow/dags/e_commerce_dw_dag.py for tasks to queue
[2026-03-26T03:35:33.971+0000] {logging_mixin.py:188} INFO - [2026-03-26T03:35:33.971+0000] {dagbag.py:545} INFO - Filling up the DagBag from /opt/airflow/dags/e_commerce_dw_dag.py
[2026-03-26T03:35:34.060+0000] {processor.py:840} INFO - DAG(s) 'e_commerce_dw_etl' retrieved from /opt/airflow/dags/e_commerce_dw_dag.py
[2026-03-26T03:35:34.109+0000] {logging_mixin.py:188} INFO - [2026-03-26T03:35:34.108+0000] {dag.py:3096} INFO - Sync 1 DAGs
[2026-03-26T03:35:34.146+0000] {logging_mixin.py:188} INFO - [2026-03-26T03:35:34.146+0000] {dag.py:3954} INFO - Setting next_dagrun for e_commerce_dw_etl to 2024-10-26 00:00:00+00:00, run_after=2024-10-27 00:00:00+00:00
[2026-03-26T03:35:34.169+0000] {processor.py:183} INFO - Processing /opt/airflow/dags/e_commerce_dw_dag.py took 0.210 seconds
[2026-03-26T03:36:04.733+0000] {processor.py:161} INFO - Started process (PID=378) to work on /opt/airflow/dags/e_commerce_dw_dag.py
[2026-03-26T03:36:04.734+0000] {processor.py:830} INFO - Processing file /opt/airflow/dags/e_commerce_dw_dag.py for tasks to queue
[2026-03-26T03:36:04.737+0000] {logging_mixin.py:188} INFO - [2026-03-26T03:36:04.737+0000] {dagbag.py:545} INFO - Filling up the DagBag from /opt/airflow/dags/e_commerce_dw_dag.py
[2026-03-26T03:36:04.811+0000] {processor.py:840} INFO - DAG(s) 'e_commerce_dw_etl' retrieved from /opt/airflow/dags/e_commerce_dw_dag.py
[2026-03-26T03:36:04.854+0000] {logging_mixin.py:188} INFO - [2026-03-26T03:36:04.854+0000] {dag.py:3096} INFO - Sync 1 DAGs
[2026-03-26T03:36:04.880+0000] {logging_mixin.py:188} INFO - [2026-03-26T03:36:04.880+0000] {dag.py:3954} INFO - Setting next_dagrun for e_commerce_dw_etl to 2024-10-26 00:00:00+00:00, run_after=2024-10-27 00:00:00+00:00
[2026-03-26T03:36:04.904+0000] {processor.py:183} INFO - Processing /opt/airflow/dags/e_commerce_dw_dag.py took 0.179 seconds
[2026-03-26T03:36:35.448+0000] {processor.py:161} INFO - Started process (PID=404) to work on /opt/airflow/dags/e_commerce_dw_dag.py
[2026-03-26T03:36:35.449+0000] {processor.py:830} INFO - Processing file /opt/airflow/dags/e_commerce_dw_dag.py for tasks to queue
[2026-03-26T03:36:35.453+0000] {logging_mixin.py:188} INFO - [2026-03-26T03:36:35.453+0000] {dagbag.py:545} INFO - Filling up the DagBag from /opt/airflow/dags/e_commerce_dw_dag.py
[2026-03-26T03:36:35.535+0000] {processor.py:840} INFO - DAG(s) 'e_commerce_dw_etl' retrieved from /opt/airflow/dags/e_commerce_dw_dag.py
[2026-03-26T03:36:35.563+0000] {logging_mixin.py:188} INFO - [2026-03-26T03:36:35.563+0000] {dag.py:3096} INFO - Sync 1 DAGs
[2026-03-26T03:36:35.583+0000] {logging_mixin.py:188} INFO - [2026-03-26T03:36:35.583+0000] {dag.py:3954} INFO - Setting next_dagrun for e_commerce_dw_etl to 2024-10-26 00:00:00+00:00, run_after=2024-10-27 00:00:00+00:00
[2026-03-26T03:36:35.605+0000] {processor.py:183} INFO - Processing /opt/airflow/dags/e_commerce_dw_dag.py took 0.167 seconds
[2026-03-26T03:37:06.186+0000] {processor.py:161} INFO - Started process (PID=430) to work on /opt/airflow/dags/e_commerce_dw_dag.py
[2026-03-26T03:37:06.188+0000] {processor.py:830} INFO - Processing file /opt/airflow/dags/e_commerce_dw_dag.py for tasks to queue
[2026-03-26T03:37:06.191+0000] {logging_mixin.py:188} INFO - [2026-03-26T03:37:06.190+0000] {dagbag.py:545} INFO - Filling up the DagBag from /opt/airflow/dags/e_commerce_dw_dag.py
[2026-03-26T03:37:06.273+0000] {processor.py:840} INFO - DAG(s) 'e_commerce_dw_etl' retrieved from /opt/airflow/dags/e_commerce_dw_dag.py
[2026-03-26T03:37:06.309+0000] {logging_mixin.py:188} INFO - [2026-03-26T03:37:06.308+0000] {dag.py:3096} INFO - Sync 1 DAGs
[2026-03-26T03:37:06.335+0000] {logging_mixin.py:188} INFO - [2026-03-26T03:37:06.334+0000] {dag.py:3954} INFO - Setting next_dagrun for e_commerce_dw_etl to 2024-10-26 00:00:00+00:00, run_after=2024-10-27 00:00:00+00:00
[2026-03-26T03:37:06.359+0000] {processor.py:183} INFO - Processing /opt/airflow/dags/e_commerce_dw_dag.py took 0.180 seconds
[2026-03-26T03:37:37.056+0000] {processor.py:161} INFO - Started process (PID=456) to work on /opt/airflow/dags/e_commerce_dw_dag.py
[2026-03-26T03:37:37.062+0000] {processor.py:830} INFO - Processing file /opt/airflow/dags/e_commerce_dw_dag.py for tasks to queue
[2026-03-26T03:37:37.067+0000] {logging_mixin.py:188} INFO - [2026-03-26T03:37:37.066+0000] {dagbag.py:545} INFO - Filling up the DagBag from /opt/airflow/dags/e_commerce_dw_dag.py
[2026-03-26T03:37:37.210+0000] {processor.py:840} INFO - DAG(s) 'e_commerce_dw_etl' retrieved from /opt/airflow/dags/e_commerce_dw_dag.py
[2026-03-26T03:37:37.252+0000] {logging_mixin.py:188} INFO - [2026-03-26T03:37:37.252+0000] {dag.py:3096} INFO - Sync 1 DAGs
[2026-03-26T03:37:37.290+0000] {logging_mixin.py:188} INFO - [2026-03-26T03:37:37.290+0000] {dag.py:3954} INFO - Setting next_dagrun for e_commerce_dw_etl to 2024-10-26 00:00:00+00:00, run_after=2024-10-27 00:00:00+00:00
[2026-03-26T03:37:37.323+0000] {processor.py:183} INFO - Processing /opt/airflow/dags/e_commerce_dw_dag.py took 0.293 seconds
[2026-03-26T03:38:07.738+0000] {processor.py:161} INFO - Started process (PID=482) to work on /opt/airflow/dags/e_commerce_dw_dag.py
[2026-03-26T03:38:07.739+0000] {processor.py:830} INFO - Processing file /opt/airflow/dags/e_commerce_dw_dag.py for tasks to queue
[2026-03-26T03:38:07.742+0000] {logging_mixin.py:188} INFO - [2026-03-26T03:38:07.742+0000] {dagbag.py:545} INFO - Filling up the DagBag from /opt/airflow/dags/e_commerce_dw_dag.py
[2026-03-26T03:38:07.824+0000] {processor.py:840} INFO - DAG(s) 'e_commerce_dw_etl' retrieved from /opt/airflow/dags/e_commerce_dw_dag.py
[2026-03-26T03:38:07.862+0000] {logging_mixin.py:188} INFO - [2026-03-26T03:38:07.861+0000] {dag.py:3096} INFO - Sync 1 DAGs
[2026-03-26T03:38:07.889+0000] {logging_mixin.py:188} INFO - [2026-03-26T03:38:07.889+0000] {dag.py:3954} INFO - Setting next_dagrun for e_commerce_dw_etl to 2024-10-26 00:00:00+00:00, run_after=2024-10-27 00:00:00+00:00
[2026-03-26T03:38:07.909+0000] {processor.py:183} INFO - Processing /opt/airflow/dags/e_commerce_dw_dag.py took 0.177 seconds
[2026-03-26T03:38:38.658+0000] {processor.py:161} INFO - Started process (PID=526) to work on /opt/airflow/dags/e_commerce_dw_dag.py
[2026-03-26T03:38:38.686+0000] {processor.py:830} INFO - Processing file /opt/airflow/dags/e_commerce_dw_dag.py for tasks to queue
[2026-03-26T03:38:38.782+0000] {logging_mixin.py:188} INFO - [2026-03-26T03:38:38.729+0000] {dagbag.py:545} INFO - Filling up the DagBag from /opt/airflow/dags/e_commerce_dw_dag.py
[2026-03-26T03:38:40.208+0000] {processor.py:840} INFO - DAG(s) 'e_commerce_dw_etl' retrieved from /opt/airflow/dags/e_commerce_dw_dag.py
[2026-03-26T03:38:40.433+0000] {logging_mixin.py:188} INFO - [2026-03-26T03:38:40.433+0000] {dag.py:3096} INFO - Sync 1 DAGs
[2026-03-26T03:38:40.675+0000] {logging_mixin.py:188} INFO - [2026-03-26T03:38:40.674+0000] {dag.py:3954} INFO - Setting next_dagrun for e_commerce_dw_etl to 2024-11-08 00:00:00+00:00, run_after=2024-11-09 00:00:00+00:00
[2026-03-26T03:38:40.882+0000] {processor.py:183} INFO - Processing /opt/airflow/dags/e_commerce_dw_dag.py took 2.287 seconds
[2026-03-26T03:39:11.465+0000] {processor.py:161} INFO - Started process (PID=703) to work on /opt/airflow/dags/e_commerce_dw_dag.py
[2026-03-26T03:39:11.467+0000] {processor.py:830} INFO - Processing file /opt/airflow/dags/e_commerce_dw_dag.py for tasks to queue
[2026-03-26T03:39:11.486+0000] {logging_mixin.py:188} INFO - [2026-03-26T03:39:11.485+0000] {dagbag.py:545} INFO - Filling up the DagBag from /opt/airflow/dags/e_commerce_dw_dag.py
[2026-03-26T03:39:12.382+0000] {processor.py:840} INFO - DAG(s) 'e_commerce_dw_etl' retrieved from /opt/airflow/dags/e_commerce_dw_dag.py
[2026-03-26T03:39:12.477+0000] {logging_mixin.py:188} INFO - [2026-03-26T03:39:12.476+0000] {dag.py:3096} INFO - Sync 1 DAGs
[2026-03-26T03:39:12.563+0000] {logging_mixin.py:188} INFO - [2026-03-26T03:39:12.563+0000] {dag.py:3954} INFO - Setting next_dagrun for e_commerce_dw_etl to 2024-11-16 00:00:00+00:00, run_after=2024-11-17 00:00:00+00:00
[2026-03-26T03:39:12.621+0000] {processor.py:183} INFO - Processing /opt/airflow/dags/e_commerce_dw_dag.py took 1.205 seconds
[2026-03-26T03:39:42.846+0000] {processor.py:161} INFO - Started process (PID=908) to work on /opt/airflow/dags/e_commerce_dw_dag.py
[2026-03-26T03:39:42.849+0000] {processor.py:830} INFO - Processing file /opt/airflow/dags/e_commerce_dw_dag.py for tasks to queue
[2026-03-26T03:39:42.853+0000] {logging_mixin.py:188} INFO - [2026-03-26T03:39:42.852+0000] {dagbag.py:545} INFO - Filling up the DagBag from /opt/airflow/dags/e_commerce_dw_dag.py
[2026-03-26T03:39:43.259+0000] {processor.py:840} INFO - DAG(s) 'e_commerce_dw_etl' retrieved from /opt/airflow/dags/e_commerce_dw_dag.py
[2026-03-26T03:39:43.433+0000] {logging_mixin.py:188} INFO - [2026-03-26T03:39:43.433+0000] {dag.py:3096} INFO - Sync 1 DAGs
[2026-03-26T03:39:43.538+0000] {logging_mixin.py:188} INFO - [2026-03-26T03:39:43.538+0000] {dag.py:3954} INFO - Setting next_dagrun for e_commerce_dw_etl to 2024-11-25 00:00:00+00:00, run_after=2024-11-26 00:00:00+00:00
[2026-03-26T03:39:43.656+0000] {processor.py:183} INFO - Processing /opt/airflow/dags/e_commerce_dw_dag.py took 0.823 seconds
[2026-03-26T03:40:14.434+0000] {processor.py:161} INFO - Started process (PID=1075) to work on /opt/airflow/dags/e_commerce_dw_dag.py
[2026-03-26T03:40:14.464+0000] {processor.py:830} INFO - Processing file /opt/airflow/dags/e_commerce_dw_dag.py for tasks to queue
[2026-03-26T03:40:14.491+0000] {logging_mixin.py:188} INFO - [2026-03-26T03:40:14.490+0000] {dagbag.py:545} INFO - Filling up the DagBag from /opt/airflow/dags/e_commerce_dw_dag.py
[2026-03-26T03:40:15.136+0000] {processor.py:840} INFO - DAG(s) 'e_commerce_dw_etl' retrieved from /opt/airflow/dags/e_commerce_dw_dag.py
[2026-03-26T03:40:15.706+0000] {logging_mixin.py:188} INFO - [2026-03-26T03:40:15.706+0000] {dag.py:3096} INFO - Sync 1 DAGs
[2026-03-26T03:40:15.805+0000] {logging_mixin.py:188} INFO - [2026-03-26T03:40:15.804+0000] {dag.py:3954} INFO - Setting next_dagrun for e_commerce_dw_etl to 2024-12-10 00:00:00+00:00, run_after=2024-12-11 00:00:00+00:00
[2026-03-26T03:40:15.955+0000] {processor.py:183} INFO - Processing /opt/airflow/dags/e_commerce_dw_dag.py took 1.601 seconds
[2026-03-26T03:40:46.620+0000] {processor.py:161} INFO - Started process (PID=1260) to work on /opt/airflow/dags/e_commerce_dw_dag.py
[2026-03-26T03:40:46.626+0000] {processor.py:830} INFO - Processing file /opt/airflow/dags/e_commerce_dw_dag.py for tasks to queue
[2026-03-26T03:40:46.672+0000] {logging_mixin.py:188} INFO - [2026-03-26T03:40:46.671+0000] {dagbag.py:545} INFO - Filling up the DagBag from /opt/airflow/dags/e_commerce_dw_dag.py
[2026-03-26T03:40:47.230+0000] {processor.py:840} INFO - DAG(s) 'e_commerce_dw_etl' retrieved from /opt/airflow/dags/e_commerce_dw_dag.py
[2026-03-26T03:40:47.561+0000] {logging_mixin.py:188} INFO - [2026-03-26T03:40:47.560+0000] {dag.py:3096} INFO - Sync 1 DAGs
[2026-03-26T03:40:47.760+0000] {logging_mixin.py:188} INFO - [2026-03-26T03:40:47.760+0000] {dag.py:3954} INFO - Setting next_dagrun for e_commerce_dw_etl to 2024-12-23 00:00:00+00:00, run_after=2024-12-24 00:00:00+00:00
[2026-03-26T03:40:47.871+0000] {processor.py:183} INFO - Processing /opt/airflow/dags/e_commerce_dw_dag.py took 1.451 seconds
[2026-03-26T03:41:18.965+0000] {processor.py:161} INFO - Started process (PID=1427) to work on /opt/airflow/dags/e_commerce_dw_dag.py
[2026-03-26T03:41:18.974+0000] {processor.py:830} INFO - Processing file /opt/airflow/dags/e_commerce_dw_dag.py for tasks to queue
[2026-03-26T03:41:18.983+0000] {logging_mixin.py:188} INFO - [2026-03-26T03:41:18.982+0000] {dagbag.py:545} INFO - Filling up the DagBag from /opt/airflow/dags/e_commerce_dw_dag.py
[2026-03-26T03:41:19.434+0000] {processor.py:840} INFO - DAG(s) 'e_commerce_dw_etl' retrieved from /opt/airflow/dags/e_commerce_dw_dag.py
[2026-03-26T03:41:19.498+0000] {logging_mixin.py:188} INFO - [2026-03-26T03:41:19.497+0000] {dag.py:3096} INFO - Sync 1 DAGs
[2026-03-26T03:41:19.640+0000] {logging_mixin.py:188} INFO - [2026-03-26T03:41:19.639+0000] {dag.py:3954} INFO - Setting next_dagrun for e_commerce_dw_etl to 2025-01-01 00:00:00+00:00, run_after=2025-01-02 00:00:00+00:00
[2026-03-26T03:41:19.744+0000] {processor.py:183} INFO - Processing /opt/airflow/dags/e_commerce_dw_dag.py took 0.798 seconds
[2026-03-26T03:41:50.560+0000] {processor.py:161} INFO - Started process (PID=1636) to work on /opt/airflow/dags/e_commerce_dw_dag.py
[2026-03-26T03:41:50.563+0000] {processor.py:830} INFO - Processing file /opt/airflow/dags/e_commerce_dw_dag.py for tasks to queue
[2026-03-26T03:41:50.571+0000] {logging_mixin.py:188} INFO - [2026-03-26T03:41:50.571+0000] {dagbag.py:545} INFO - Filling up the DagBag from /opt/airflow/dags/e_commerce_dw_dag.py
[2026-03-26T03:41:51.055+0000] {processor.py:840} INFO - DAG(s) 'e_commerce_dw_etl' retrieved from /opt/airflow/dags/e_commerce_dw_dag.py
[2026-03-26T03:41:51.357+0000] {logging_mixin.py:188} INFO - [2026-03-26T03:41:51.356+0000] {dag.py:3096} INFO - Sync 1 DAGs
[2026-03-26T03:41:51.515+0000] {logging_mixin.py:188} INFO - [2026-03-26T03:41:51.514+0000] {dag.py:3954} INFO - Setting next_dagrun for e_commerce_dw_etl to 2025-01-19 00:00:00+00:00, run_after=2025-01-20 00:00:00+00:00
[2026-03-26T03:41:51.620+0000] {processor.py:183} INFO - Processing /opt/airflow/dags/e_commerce_dw_dag.py took 1.083 seconds
[2026-03-26T03:42:22.555+0000] {processor.py:161} INFO - Started process (PID=1834) to work on /opt/airflow/dags/e_commerce_dw_dag.py
[2026-03-26T03:42:22.557+0000] {processor.py:830} INFO - Processing file /opt/airflow/dags/e_commerce_dw_dag.py for tasks to queue
[2026-03-26T03:42:22.563+0000] {logging_mixin.py:188} INFO - [2026-03-26T03:42:22.563+0000] {dagbag.py:545} INFO - Filling up the DagBag from /opt/airflow/dags/e_commerce_dw_dag.py
[2026-03-26T03:42:22.675+0000] {processor.py:840} INFO - DAG(s) 'e_commerce_dw_etl' retrieved from /opt/airflow/dags/e_commerce_dw_dag.py
[2026-03-26T03:42:22.720+0000] {logging_mixin.py:188} INFO - [2026-03-26T03:42:22.720+0000] {dag.py:3096} INFO - Sync 1 DAGs
[2026-03-26T03:42:22.749+0000] {logging_mixin.py:188} INFO - [2026-03-26T03:42:22.749+0000] {dag.py:3954} INFO - Setting next_dagrun for e_commerce_dw_etl to 2025-01-24 00:00:00+00:00, run_after=2025-01-25 00:00:00+00:00
[2026-03-26T03:42:22.778+0000] {processor.py:183} INFO - Processing /opt/airflow/dags/e_commerce_dw_dag.py took 0.231 seconds
[2026-03-26T03:42:53.755+0000] {processor.py:161} INFO - Started process (PID=1997) to work on /opt/airflow/dags/e_commerce_dw_dag.py
[2026-03-26T03:42:53.762+0000] {processor.py:830} INFO - Processing file /opt/airflow/dags/e_commerce_dw_dag.py for tasks to queue
[2026-03-26T03:42:53.782+0000] {logging_mixin.py:188} INFO - [2026-03-26T03:42:53.777+0000] {dagbag.py:545} INFO - Filling up the DagBag from /opt/airflow/dags/e_commerce_dw_dag.py
[2026-03-26T03:42:54.733+0000] {processor.py:840} INFO - DAG(s) 'e_commerce_dw_etl' retrieved from /opt/airflow/dags/e_commerce_dw_dag.py
[2026-03-26T03:42:55.006+0000] {logging_mixin.py:188} INFO - [2026-03-26T03:42:55.003+0000] {dag.py:3096} INFO - Sync 1 DAGs
[2026-03-26T03:42:55.082+0000] {logging_mixin.py:188} INFO - [2026-03-26T03:42:55.081+0000] {dag.py:3954} INFO - Setting next_dagrun for e_commerce_dw_etl to 2025-02-12 00:00:00+00:00, run_after=2025-02-13 00:00:00+00:00
[2026-03-26T03:42:55.201+0000] {processor.py:183} INFO - Processing /opt/airflow/dags/e_commerce_dw_dag.py took 1.525 seconds
[2026-03-26T03:43:26.443+0000] {processor.py:161} INFO - Started process (PID=2152) to work on /opt/airflow/dags/e_commerce_dw_dag.py
[2026-03-26T03:43:26.452+0000] {processor.py:830} INFO - Processing file /opt/airflow/dags/e_commerce_dw_dag.py for tasks to queue
[2026-03-26T03:43:26.491+0000] {logging_mixin.py:188} INFO - [2026-03-26T03:43:26.490+0000] {dagbag.py:545} INFO - Filling up the DagBag from /opt/airflow/dags/e_commerce_dw_dag.py
[2026-03-26T03:43:29.486+0000] {processor.py:840} INFO - DAG(s) 'e_commerce_dw_etl' retrieved from /opt/airflow/dags/e_commerce_dw_dag.py
[2026-03-26T03:43:29.956+0000] {logging_mixin.py:188} INFO - [2026-03-26T03:43:29.955+0000] {dag.py:3096} INFO - Sync 1 DAGs
[2026-03-26T03:43:30.232+0000] {processor.py:183} INFO - Processing /opt/airflow/dags/e_commerce_dw_dag.py took 3.824 seconds
[2026-03-26T03:44:00.997+0000] {processor.py:161} INFO - Started process (PID=2313) to work on /opt/airflow/dags/e_commerce_dw_dag.py
[2026-03-26T03:44:01.008+0000] {processor.py:830} INFO - Processing file /opt/airflow/dags/e_commerce_dw_dag.py for tasks to queue
[2026-03-26T03:44:01.046+0000] {logging_mixin.py:188} INFO - [2026-03-26T03:44:01.039+0000] {dagbag.py:545} INFO - Filling up the DagBag from /opt/airflow/dags/e_commerce_dw_dag.py
[2026-03-26T03:44:01.482+0000] {processor.py:840} INFO - DAG(s) 'e_commerce_dw_etl' retrieved from /opt/airflow/dags/e_commerce_dw_dag.py
[2026-03-26T03:44:01.984+0000] {logging_mixin.py:188} INFO - [2026-03-26T03:44:01.984+0000] {dag.py:3096} INFO - Sync 1 DAGs
[2026-03-26T03:44:02.413+0000] {processor.py:183} INFO - Processing /opt/airflow/dags/e_commerce_dw_dag.py took 1.464 seconds
[2026-03-26T03:44:33.134+0000] {processor.py:161} INFO - Started process (PID=2495) to work on /opt/airflow/dags/e_commerce_dw_dag.py
[2026-03-26T03:44:33.143+0000] {processor.py:830} INFO - Processing file /opt/airflow/dags/e_commerce_dw_dag.py for tasks to queue
[2026-03-26T03:44:33.159+0000] {logging_mixin.py:188} INFO - [2026-03-26T03:44:33.158+0000] {dagbag.py:545} INFO - Filling up the DagBag from /opt/airflow/dags/e_commerce_dw_dag.py
[2026-03-26T03:44:34.384+0000] {processor.py:840} INFO - DAG(s) 'e_commerce_dw_etl' retrieved from /opt/airflow/dags/e_commerce_dw_dag.py
[2026-03-26T03:44:34.531+0000] {logging_mixin.py:188} INFO - [2026-03-26T03:44:34.530+0000] {dag.py:3096} INFO - Sync 1 DAGs
[2026-03-26T03:44:34.835+0000] {processor.py:183} INFO - Processing /opt/airflow/dags/e_commerce_dw_dag.py took 1.744 seconds
[2026-03-26T03:45:05.316+0000] {processor.py:161} INFO - Started process (PID=2671) to work on /opt/airflow/dags/e_commerce_dw_dag.py
[2026-03-26T03:45:05.334+0000] {processor.py:830} INFO - Processing file /opt/airflow/dags/e_commerce_dw_dag.py for tasks to queue
[2026-03-26T03:45:05.344+0000] {logging_mixin.py:188} INFO - [2026-03-26T03:45:05.344+0000] {dagbag.py:545} INFO - Filling up the DagBag from /opt/airflow/dags/e_commerce_dw_dag.py
[2026-03-26T03:45:05.828+0000] {processor.py:840} INFO - DAG(s) 'e_commerce_dw_etl' retrieved from /opt/airflow/dags/e_commerce_dw_dag.py
[2026-03-26T03:45:06.113+0000] {logging_mixin.py:188} INFO - [2026-03-26T03:45:06.113+0000] {dag.py:3096} INFO - Sync 1 DAGs
[2026-03-26T03:45:06.307+0000] {logging_mixin.py:188} INFO - [2026-03-26T03:45:06.306+0000] {dag.py:3954} INFO - Setting next_dagrun for e_commerce_dw_etl to 2025-03-30 00:00:00+00:00, run_after=2025-03-31 00:00:00+00:00
[2026-03-26T03:45:06.544+0000] {processor.py:183} INFO - Processing /opt/airflow/dags/e_commerce_dw_dag.py took 1.240 seconds
[2026-03-26T03:45:37.348+0000] {processor.py:161} INFO - Started process (PID=2849) to work on /opt/airflow/dags/e_commerce_dw_dag.py
[2026-03-26T03:45:37.351+0000] {processor.py:830} INFO - Processing file /opt/airflow/dags/e_commerce_dw_dag.py for tasks to queue
[2026-03-26T03:45:37.380+0000] {logging_mixin.py:188} INFO - [2026-03-26T03:45:37.361+0000] {dagbag.py:545} INFO - Filling up the DagBag from /opt/airflow/dags/e_commerce_dw_dag.py
[2026-03-26T03:45:37.927+0000] {processor.py:840} INFO - DAG(s) 'e_commerce_dw_etl' retrieved from /opt/airflow/dags/e_commerce_dw_dag.py
[2026-03-26T03:45:38.009+0000] {logging_mixin.py:188} INFO - [2026-03-26T03:45:38.009+0000] {dag.py:3096} INFO - Sync 1 DAGs
[2026-03-26T03:45:38.173+0000] {logging_mixin.py:188} INFO - [2026-03-26T03:45:38.172+0000] {dag.py:3954} INFO - Setting next_dagrun for e_commerce_dw_etl to 2025-04-13 00:00:00+00:00, run_after=2025-04-14 00:00:00+00:00
[2026-03-26T03:45:38.283+0000] {processor.py:183} INFO - Processing /opt/airflow/dags/e_commerce_dw_dag.py took 0.968 seconds
[2026-03-26T03:47:29.256+0000] {processor.py:161} INFO - Started process (PID=201) to work on /opt/airflow/dags/e_commerce_dw_dag.py
[2026-03-26T03:47:29.288+0000] {processor.py:830} INFO - Processing file /opt/airflow/dags/e_commerce_dw_dag.py for tasks to queue
[2026-03-26T03:47:29.317+0000] {logging_mixin.py:188} INFO - [2026-03-26T03:47:29.316+0000] {dagbag.py:545} INFO - Filling up the DagBag from /opt/airflow/dags/e_commerce_dw_dag.py
[2026-03-26T03:47:29.800+0000] {logging_mixin.py:188} INFO - [2026-03-26T03:47:29.705+0000] {dagbag.py:355} ERROR - Failed to import: /opt/airflow/dags/e_commerce_dw_dag.py
Traceback (most recent call last):
  File "/home/airflow/.local/lib/python3.10/site-packages/airflow/models/dagbag.py", line 351, in parse
    loader.exec_module(new_module)
  File "<frozen importlib._bootstrap_external>", line 883, in exec_module
  File "<frozen importlib._bootstrap>", line 241, in _call_with_frames_removed
  File "/opt/airflow/dags/e_commerce_dw_dag.py", line 5, in <module>
    from transform_dim_customers import transform_dim_customers
  File "/opt/airflow/dags/transform_dim_customers.py", line 3, in <module>
    from postgresql_operator import PostgresOperators
ImportError: cannot import name 'PostgresOperators' from 'postgresql_operator' (/opt/airflow/plugins/postgresql_operator.py)
[2026-03-26T03:47:29.825+0000] {processor.py:842} WARNING - No viable dags retrieved from /opt/airflow/dags/e_commerce_dw_dag.py
[2026-03-26T03:47:29.925+0000] {processor.py:183} INFO - Processing /opt/airflow/dags/e_commerce_dw_dag.py took 0.705 seconds
[2026-03-26T03:48:00.392+0000] {processor.py:161} INFO - Started process (PID=254) to work on /opt/airflow/dags/e_commerce_dw_dag.py
[2026-03-26T03:48:00.395+0000] {processor.py:830} INFO - Processing file /opt/airflow/dags/e_commerce_dw_dag.py for tasks to queue
[2026-03-26T03:48:00.397+0000] {logging_mixin.py:188} INFO - [2026-03-26T03:48:00.396+0000] {dagbag.py:545} INFO - Filling up the DagBag from /opt/airflow/dags/e_commerce_dw_dag.py
[2026-03-26T03:48:00.484+0000] {logging_mixin.py:188} INFO - [2026-03-26T03:48:00.459+0000] {dagbag.py:355} ERROR - Failed to import: /opt/airflow/dags/e_commerce_dw_dag.py
Traceback (most recent call last):
  File "/home/airflow/.local/lib/python3.10/site-packages/airflow/models/dagbag.py", line 351, in parse
    loader.exec_module(new_module)
  File "<frozen importlib._bootstrap_external>", line 883, in exec_module
  File "<frozen importlib._bootstrap>", line 241, in _call_with_frames_removed
  File "/opt/airflow/dags/e_commerce_dw_dag.py", line 5, in <module>
    from transform_dim_customers import transform_dim_customers
  File "/opt/airflow/dags/transform_dim_customers.py", line 3, in <module>
    from postgresql_operator import PostgresOperators
ImportError: cannot import name 'PostgresOperators' from 'postgresql_operator' (/opt/airflow/plugins/postgresql_operator.py)
[2026-03-26T03:48:00.487+0000] {processor.py:842} WARNING - No viable dags retrieved from /opt/airflow/dags/e_commerce_dw_dag.py
[2026-03-26T03:48:00.511+0000] {processor.py:183} INFO - Processing /opt/airflow/dags/e_commerce_dw_dag.py took 0.130 seconds
[2026-03-26T03:48:31.329+0000] {processor.py:161} INFO - Started process (PID=280) to work on /opt/airflow/dags/e_commerce_dw_dag.py
[2026-03-26T03:48:31.330+0000] {processor.py:830} INFO - Processing file /opt/airflow/dags/e_commerce_dw_dag.py for tasks to queue
[2026-03-26T03:48:31.331+0000] {logging_mixin.py:188} INFO - [2026-03-26T03:48:31.331+0000] {dagbag.py:545} INFO - Filling up the DagBag from /opt/airflow/dags/e_commerce_dw_dag.py
[2026-03-26T03:48:31.357+0000] {logging_mixin.py:188} INFO - [2026-03-26T03:48:31.349+0000] {dagbag.py:355} ERROR - Failed to import: /opt/airflow/dags/e_commerce_dw_dag.py
Traceback (most recent call last):
  File "/home/airflow/.local/lib/python3.10/site-packages/airflow/models/dagbag.py", line 351, in parse
    loader.exec_module(new_module)
  File "<frozen importlib._bootstrap_external>", line 883, in exec_module
  File "<frozen importlib._bootstrap>", line 241, in _call_with_frames_removed
  File "/opt/airflow/dags/e_commerce_dw_dag.py", line 5, in <module>
    from transform_dim_customers import transform_dim_customers
  File "/opt/airflow/dags/transform_dim_customers.py", line 3, in <module>
    from postgresql_operator import PostgresOperators
ImportError: cannot import name 'PostgresOperators' from 'postgresql_operator' (/opt/airflow/plugins/postgresql_operator.py)
[2026-03-26T03:48:31.359+0000] {processor.py:842} WARNING - No viable dags retrieved from /opt/airflow/dags/e_commerce_dw_dag.py
[2026-03-26T03:48:31.384+0000] {processor.py:183} INFO - Processing /opt/airflow/dags/e_commerce_dw_dag.py took 0.063 seconds
[2026-03-26T03:53:48.902+0000] {processor.py:161} INFO - Started process (PID=179) to work on /opt/airflow/dags/e_commerce_dw_dag.py
[2026-03-26T03:53:48.904+0000] {processor.py:830} INFO - Processing file /opt/airflow/dags/e_commerce_dw_dag.py for tasks to queue
[2026-03-26T03:53:48.906+0000] {logging_mixin.py:188} INFO - [2026-03-26T03:53:48.906+0000] {dagbag.py:545} INFO - Filling up the DagBag from /opt/airflow/dags/e_commerce_dw_dag.py
[2026-03-26T03:53:48.991+0000] {processor.py:840} INFO - DAG(s) 'e_commerce_dw_etl' retrieved from /opt/airflow/dags/e_commerce_dw_dag.py
[2026-03-26T03:53:49.203+0000] {logging_mixin.py:188} INFO - [2026-03-26T03:53:49.202+0000] {override.py:1829} INFO - Created Permission View: can edit on DAG:e_commerce_dw_etl
[2026-03-26T03:53:49.213+0000] {logging_mixin.py:188} INFO - [2026-03-26T03:53:49.212+0000] {override.py:1829} INFO - Created Permission View: can delete on DAG:e_commerce_dw_etl
[2026-03-26T03:53:49.221+0000] {logging_mixin.py:188} INFO - [2026-03-26T03:53:49.220+0000] {override.py:1829} INFO - Created Permission View: can read on DAG:e_commerce_dw_etl
[2026-03-26T03:53:49.222+0000] {logging_mixin.py:188} INFO - [2026-03-26T03:53:49.221+0000] {dag.py:3096} INFO - Sync 1 DAGs
[2026-03-26T03:53:49.235+0000] {logging_mixin.py:188} INFO - [2026-03-26T03:53:49.234+0000] {dag.py:3118} INFO - Creating ORM DAG for e_commerce_dw_etl
[2026-03-26T03:53:49.247+0000] {logging_mixin.py:188} INFO - [2026-03-26T03:53:49.246+0000] {dag.py:3954} INFO - Setting next_dagrun for e_commerce_dw_etl to 2024-10-26 00:00:00+00:00, run_after=2024-10-27 00:00:00+00:00
[2026-03-26T03:53:49.270+0000] {processor.py:183} INFO - Processing /opt/airflow/dags/e_commerce_dw_dag.py took 0.376 seconds
[2026-03-26T03:54:19.682+0000] {processor.py:161} INFO - Started process (PID=205) to work on /opt/airflow/dags/e_commerce_dw_dag.py
[2026-03-26T03:54:19.683+0000] {processor.py:830} INFO - Processing file /opt/airflow/dags/e_commerce_dw_dag.py for tasks to queue
[2026-03-26T03:54:19.686+0000] {logging_mixin.py:188} INFO - [2026-03-26T03:54:19.685+0000] {dagbag.py:545} INFO - Filling up the DagBag from /opt/airflow/dags/e_commerce_dw_dag.py
[2026-03-26T03:54:19.749+0000] {processor.py:840} INFO - DAG(s) 'e_commerce_dw_etl' retrieved from /opt/airflow/dags/e_commerce_dw_dag.py
[2026-03-26T03:54:19.778+0000] {logging_mixin.py:188} INFO - [2026-03-26T03:54:19.778+0000] {dag.py:3096} INFO - Sync 1 DAGs
[2026-03-26T03:54:19.801+0000] {logging_mixin.py:188} INFO - [2026-03-26T03:54:19.801+0000] {dag.py:3954} INFO - Setting next_dagrun for e_commerce_dw_etl to 2024-10-26 00:00:00+00:00, run_after=2024-10-27 00:00:00+00:00
[2026-03-26T03:54:19.827+0000] {processor.py:183} INFO - Processing /opt/airflow/dags/e_commerce_dw_dag.py took 0.153 seconds
[2026-03-26T03:54:50.416+0000] {processor.py:161} INFO - Started process (PID=231) to work on /opt/airflow/dags/e_commerce_dw_dag.py
[2026-03-26T03:54:50.418+0000] {processor.py:830} INFO - Processing file /opt/airflow/dags/e_commerce_dw_dag.py for tasks to queue
[2026-03-26T03:54:50.421+0000] {logging_mixin.py:188} INFO - [2026-03-26T03:54:50.420+0000] {dagbag.py:545} INFO - Filling up the DagBag from /opt/airflow/dags/e_commerce_dw_dag.py
[2026-03-26T03:54:50.501+0000] {processor.py:840} INFO - DAG(s) 'e_commerce_dw_etl' retrieved from /opt/airflow/dags/e_commerce_dw_dag.py
[2026-03-26T03:54:50.558+0000] {logging_mixin.py:188} INFO - [2026-03-26T03:54:50.558+0000] {dag.py:3096} INFO - Sync 1 DAGs
[2026-03-26T03:54:50.586+0000] {logging_mixin.py:188} INFO - [2026-03-26T03:54:50.586+0000] {dag.py:3954} INFO - Setting next_dagrun for e_commerce_dw_etl to 2024-10-26 00:00:00+00:00, run_after=2024-10-27 00:00:00+00:00
[2026-03-26T03:54:50.614+0000] {processor.py:183} INFO - Processing /opt/airflow/dags/e_commerce_dw_dag.py took 0.207 seconds
[2026-03-26T03:55:21.170+0000] {processor.py:161} INFO - Started process (PID=257) to work on /opt/airflow/dags/e_commerce_dw_dag.py
[2026-03-26T03:55:21.171+0000] {processor.py:830} INFO - Processing file /opt/airflow/dags/e_commerce_dw_dag.py for tasks to queue
[2026-03-26T03:55:21.173+0000] {logging_mixin.py:188} INFO - [2026-03-26T03:55:21.173+0000] {dagbag.py:545} INFO - Filling up the DagBag from /opt/airflow/dags/e_commerce_dw_dag.py
[2026-03-26T03:55:21.252+0000] {processor.py:840} INFO - DAG(s) 'e_commerce_dw_etl' retrieved from /opt/airflow/dags/e_commerce_dw_dag.py
[2026-03-26T03:55:21.284+0000] {logging_mixin.py:188} INFO - [2026-03-26T03:55:21.284+0000] {dag.py:3096} INFO - Sync 1 DAGs
[2026-03-26T03:55:21.307+0000] {logging_mixin.py:188} INFO - [2026-03-26T03:55:21.307+0000] {dag.py:3954} INFO - Setting next_dagrun for e_commerce_dw_etl to 2024-10-26 00:00:00+00:00, run_after=2024-10-27 00:00:00+00:00
[2026-03-26T03:55:21.330+0000] {processor.py:183} INFO - Processing /opt/airflow/dags/e_commerce_dw_dag.py took 0.169 seconds
[2026-03-26T03:55:51.881+0000] {processor.py:161} INFO - Started process (PID=283) to work on /opt/airflow/dags/e_commerce_dw_dag.py
[2026-03-26T03:55:51.883+0000] {processor.py:830} INFO - Processing file /opt/airflow/dags/e_commerce_dw_dag.py for tasks to queue
[2026-03-26T03:55:51.888+0000] {logging_mixin.py:188} INFO - [2026-03-26T03:55:51.887+0000] {dagbag.py:545} INFO - Filling up the DagBag from /opt/airflow/dags/e_commerce_dw_dag.py
[2026-03-26T03:55:51.969+0000] {processor.py:840} INFO - DAG(s) 'e_commerce_dw_etl' retrieved from /opt/airflow/dags/e_commerce_dw_dag.py
[2026-03-26T03:55:52.022+0000] {logging_mixin.py:188} INFO - [2026-03-26T03:55:52.021+0000] {dag.py:3096} INFO - Sync 1 DAGs
[2026-03-26T03:55:52.053+0000] {logging_mixin.py:188} INFO - [2026-03-26T03:55:52.053+0000] {dag.py:3954} INFO - Setting next_dagrun for e_commerce_dw_etl to 2024-10-26 00:00:00+00:00, run_after=2024-10-27 00:00:00+00:00
[2026-03-26T03:55:52.079+0000] {processor.py:183} INFO - Processing /opt/airflow/dags/e_commerce_dw_dag.py took 0.204 seconds
[2026-03-26T03:56:22.594+0000] {processor.py:161} INFO - Started process (PID=316) to work on /opt/airflow/dags/e_commerce_dw_dag.py
[2026-03-26T03:56:22.596+0000] {processor.py:830} INFO - Processing file /opt/airflow/dags/e_commerce_dw_dag.py for tasks to queue
[2026-03-26T03:56:22.599+0000] {logging_mixin.py:188} INFO - [2026-03-26T03:56:22.598+0000] {dagbag.py:545} INFO - Filling up the DagBag from /opt/airflow/dags/e_commerce_dw_dag.py
[2026-03-26T03:56:22.677+0000] {processor.py:840} INFO - DAG(s) 'e_commerce_dw_etl' retrieved from /opt/airflow/dags/e_commerce_dw_dag.py
[2026-03-26T03:56:22.719+0000] {logging_mixin.py:188} INFO - [2026-03-26T03:56:22.718+0000] {dag.py:3096} INFO - Sync 1 DAGs
[2026-03-26T03:56:22.746+0000] {logging_mixin.py:188} INFO - [2026-03-26T03:56:22.746+0000] {dag.py:3954} INFO - Setting next_dagrun for e_commerce_dw_etl to 2024-10-26 00:00:00+00:00, run_after=2024-10-27 00:00:00+00:00
[2026-03-26T03:56:22.777+0000] {processor.py:183} INFO - Processing /opt/airflow/dags/e_commerce_dw_dag.py took 0.192 seconds
[2026-03-26T03:56:53.312+0000] {processor.py:161} INFO - Started process (PID=342) to work on /opt/airflow/dags/e_commerce_dw_dag.py
[2026-03-26T03:56:53.314+0000] {processor.py:830} INFO - Processing file /opt/airflow/dags/e_commerce_dw_dag.py for tasks to queue
[2026-03-26T03:56:53.317+0000] {logging_mixin.py:188} INFO - [2026-03-26T03:56:53.316+0000] {dagbag.py:545} INFO - Filling up the DagBag from /opt/airflow/dags/e_commerce_dw_dag.py
[2026-03-26T03:56:53.401+0000] {processor.py:840} INFO - DAG(s) 'e_commerce_dw_etl' retrieved from /opt/airflow/dags/e_commerce_dw_dag.py
[2026-03-26T03:56:53.450+0000] {logging_mixin.py:188} INFO - [2026-03-26T03:56:53.450+0000] {dag.py:3096} INFO - Sync 1 DAGs
[2026-03-26T03:56:53.480+0000] {logging_mixin.py:188} INFO - [2026-03-26T03:56:53.480+0000] {dag.py:3954} INFO - Setting next_dagrun for e_commerce_dw_etl to 2024-10-26 00:00:00+00:00, run_after=2024-10-27 00:00:00+00:00
[2026-03-26T03:56:53.513+0000] {processor.py:183} INFO - Processing /opt/airflow/dags/e_commerce_dw_dag.py took 0.213 seconds
[2026-03-26T03:57:24.043+0000] {processor.py:161} INFO - Started process (PID=368) to work on /opt/airflow/dags/e_commerce_dw_dag.py
[2026-03-26T03:57:24.046+0000] {processor.py:830} INFO - Processing file /opt/airflow/dags/e_commerce_dw_dag.py for tasks to queue
[2026-03-26T03:57:24.058+0000] {logging_mixin.py:188} INFO - [2026-03-26T03:57:24.057+0000] {dagbag.py:545} INFO - Filling up the DagBag from /opt/airflow/dags/e_commerce_dw_dag.py
[2026-03-26T03:57:24.342+0000] {processor.py:840} INFO - DAG(s) 'e_commerce_dw_etl' retrieved from /opt/airflow/dags/e_commerce_dw_dag.py
[2026-03-26T03:57:24.479+0000] {logging_mixin.py:188} INFO - [2026-03-26T03:57:24.478+0000] {dag.py:3096} INFO - Sync 1 DAGs
[2026-03-26T03:57:24.561+0000] {logging_mixin.py:188} INFO - [2026-03-26T03:57:24.560+0000] {dag.py:3954} INFO - Setting next_dagrun for e_commerce_dw_etl to 2024-10-26 00:00:00+00:00, run_after=2024-10-27 00:00:00+00:00
[2026-03-26T03:57:24.652+0000] {processor.py:183} INFO - Processing /opt/airflow/dags/e_commerce_dw_dag.py took 0.631 seconds
[2026-03-26T03:57:54.795+0000] {processor.py:161} INFO - Started process (PID=399) to work on /opt/airflow/dags/e_commerce_dw_dag.py
[2026-03-26T03:57:54.796+0000] {processor.py:830} INFO - Processing file /opt/airflow/dags/e_commerce_dw_dag.py for tasks to queue
[2026-03-26T03:57:54.798+0000] {logging_mixin.py:188} INFO - [2026-03-26T03:57:54.798+0000] {dagbag.py:545} INFO - Filling up the DagBag from /opt/airflow/dags/e_commerce_dw_dag.py
[2026-03-26T03:57:54.856+0000] {processor.py:840} INFO - DAG(s) 'e_commerce_dw_etl' retrieved from /opt/airflow/dags/e_commerce_dw_dag.py
[2026-03-26T03:57:54.887+0000] {logging_mixin.py:188} INFO - [2026-03-26T03:57:54.887+0000] {dag.py:3096} INFO - Sync 1 DAGs
[2026-03-26T03:57:54.911+0000] {logging_mixin.py:188} INFO - [2026-03-26T03:57:54.911+0000] {dag.py:3954} INFO - Setting next_dagrun for e_commerce_dw_etl to 2024-10-26 00:00:00+00:00, run_after=2024-10-27 00:00:00+00:00
[2026-03-26T03:57:54.938+0000] {processor.py:183} INFO - Processing /opt/airflow/dags/e_commerce_dw_dag.py took 0.149 seconds
[2026-03-26T03:59:15.004+0000] {processor.py:161} INFO - Started process (PID=179) to work on /opt/airflow/dags/e_commerce_dw_dag.py
[2026-03-26T03:59:15.006+0000] {processor.py:830} INFO - Processing file /opt/airflow/dags/e_commerce_dw_dag.py for tasks to queue
[2026-03-26T03:59:15.009+0000] {logging_mixin.py:188} INFO - [2026-03-26T03:59:15.009+0000] {dagbag.py:545} INFO - Filling up the DagBag from /opt/airflow/dags/e_commerce_dw_dag.py
[2026-03-26T03:59:15.144+0000] {processor.py:840} INFO - DAG(s) 'e_commerce_dw_etl' retrieved from /opt/airflow/dags/e_commerce_dw_dag.py
[2026-03-26T03:59:15.445+0000] {logging_mixin.py:188} INFO - [2026-03-26T03:59:15.445+0000] {override.py:1829} INFO - Created Permission View: can read on DAG:e_commerce_dw_etl
[2026-03-26T03:59:15.459+0000] {logging_mixin.py:188} INFO - [2026-03-26T03:59:15.458+0000] {override.py:1829} INFO - Created Permission View: can delete on DAG:e_commerce_dw_etl
[2026-03-26T03:59:15.471+0000] {logging_mixin.py:188} INFO - [2026-03-26T03:59:15.470+0000] {override.py:1829} INFO - Created Permission View: can edit on DAG:e_commerce_dw_etl
[2026-03-26T03:59:15.472+0000] {logging_mixin.py:188} INFO - [2026-03-26T03:59:15.471+0000] {dag.py:3096} INFO - Sync 1 DAGs
[2026-03-26T03:59:15.490+0000] {logging_mixin.py:188} INFO - [2026-03-26T03:59:15.489+0000] {dag.py:3118} INFO - Creating ORM DAG for e_commerce_dw_etl
[2026-03-26T03:59:15.503+0000] {logging_mixin.py:188} INFO - [2026-03-26T03:59:15.503+0000] {dag.py:3954} INFO - Setting next_dagrun for e_commerce_dw_etl to 2024-10-26 00:00:00+00:00, run_after=2024-10-27 00:00:00+00:00
[2026-03-26T03:59:15.531+0000] {processor.py:183} INFO - Processing /opt/airflow/dags/e_commerce_dw_dag.py took 0.537 seconds
[2026-03-26T03:59:46.352+0000] {processor.py:161} INFO - Started process (PID=210) to work on /opt/airflow/dags/e_commerce_dw_dag.py
[2026-03-26T03:59:46.357+0000] {processor.py:830} INFO - Processing file /opt/airflow/dags/e_commerce_dw_dag.py for tasks to queue
[2026-03-26T03:59:46.360+0000] {logging_mixin.py:188} INFO - [2026-03-26T03:59:46.360+0000] {dagbag.py:545} INFO - Filling up the DagBag from /opt/airflow/dags/e_commerce_dw_dag.py
[2026-03-26T03:59:46.430+0000] {processor.py:840} INFO - DAG(s) 'e_commerce_dw_etl' retrieved from /opt/airflow/dags/e_commerce_dw_dag.py
[2026-03-26T03:59:46.467+0000] {logging_mixin.py:188} INFO - [2026-03-26T03:59:46.467+0000] {dag.py:3096} INFO - Sync 1 DAGs
[2026-03-26T03:59:46.489+0000] {logging_mixin.py:188} INFO - [2026-03-26T03:59:46.489+0000] {dag.py:3954} INFO - Setting next_dagrun for e_commerce_dw_etl to 2024-10-26 00:00:00+00:00, run_after=2024-10-27 00:00:00+00:00
[2026-03-26T03:59:47.259+0000] {processor.py:183} INFO - Processing /opt/airflow/dags/e_commerce_dw_dag.py took 0.918 seconds
[2026-03-26T04:00:17.786+0000] {processor.py:161} INFO - Started process (PID=242) to work on /opt/airflow/dags/e_commerce_dw_dag.py
[2026-03-26T04:00:17.787+0000] {processor.py:830} INFO - Processing file /opt/airflow/dags/e_commerce_dw_dag.py for tasks to queue
[2026-03-26T04:00:17.790+0000] {logging_mixin.py:188} INFO - [2026-03-26T04:00:17.789+0000] {dagbag.py:545} INFO - Filling up the DagBag from /opt/airflow/dags/e_commerce_dw_dag.py
[2026-03-26T04:00:17.904+0000] {processor.py:840} INFO - DAG(s) 'e_commerce_dw_etl' retrieved from /opt/airflow/dags/e_commerce_dw_dag.py
[2026-03-26T04:00:17.941+0000] {logging_mixin.py:188} INFO - [2026-03-26T04:00:17.941+0000] {dag.py:3096} INFO - Sync 1 DAGs
[2026-03-26T04:00:17.970+0000] {logging_mixin.py:188} INFO - [2026-03-26T04:00:17.970+0000] {dag.py:3954} INFO - Setting next_dagrun for e_commerce_dw_etl to 2024-10-26 00:00:00+00:00, run_after=2024-10-27 00:00:00+00:00
[2026-03-26T04:00:17.994+0000] {processor.py:183} INFO - Processing /opt/airflow/dags/e_commerce_dw_dag.py took 0.215 seconds
[2026-03-26T04:00:48.553+0000] {processor.py:161} INFO - Started process (PID=268) to work on /opt/airflow/dags/e_commerce_dw_dag.py
[2026-03-26T04:00:48.555+0000] {processor.py:830} INFO - Processing file /opt/airflow/dags/e_commerce_dw_dag.py for tasks to queue
[2026-03-26T04:00:48.561+0000] {logging_mixin.py:188} INFO - [2026-03-26T04:00:48.560+0000] {dagbag.py:545} INFO - Filling up the DagBag from /opt/airflow/dags/e_commerce_dw_dag.py
[2026-03-26T04:00:48.679+0000] {processor.py:840} INFO - DAG(s) 'e_commerce_dw_etl' retrieved from /opt/airflow/dags/e_commerce_dw_dag.py
[2026-03-26T04:00:48.736+0000] {logging_mixin.py:188} INFO - [2026-03-26T04:00:48.736+0000] {dag.py:3096} INFO - Sync 1 DAGs
[2026-03-26T04:00:48.781+0000] {logging_mixin.py:188} INFO - [2026-03-26T04:00:48.781+0000] {dag.py:3954} INFO - Setting next_dagrun for e_commerce_dw_etl to 2024-10-26 00:00:00+00:00, run_after=2024-10-27 00:00:00+00:00
[2026-03-26T04:00:48.821+0000] {processor.py:183} INFO - Processing /opt/airflow/dags/e_commerce_dw_dag.py took 0.282 seconds
[2026-03-26T04:01:19.364+0000] {processor.py:161} INFO - Started process (PID=294) to work on /opt/airflow/dags/e_commerce_dw_dag.py
[2026-03-26T04:01:19.368+0000] {processor.py:830} INFO - Processing file /opt/airflow/dags/e_commerce_dw_dag.py for tasks to queue
[2026-03-26T04:01:19.375+0000] {logging_mixin.py:188} INFO - [2026-03-26T04:01:19.374+0000] {dagbag.py:545} INFO - Filling up the DagBag from /opt/airflow/dags/e_commerce_dw_dag.py
[2026-03-26T04:01:19.524+0000] {processor.py:840} INFO - DAG(s) 'e_commerce_dw_etl' retrieved from /opt/airflow/dags/e_commerce_dw_dag.py
[2026-03-26T04:01:19.598+0000] {logging_mixin.py:188} INFO - [2026-03-26T04:01:19.598+0000] {dag.py:3096} INFO - Sync 1 DAGs
[2026-03-26T04:01:19.648+0000] {logging_mixin.py:188} INFO - [2026-03-26T04:01:19.648+0000] {dag.py:3954} INFO - Setting next_dagrun for e_commerce_dw_etl to 2024-10-26 00:00:00+00:00, run_after=2024-10-27 00:00:00+00:00
[2026-03-26T04:01:19.705+0000] {processor.py:183} INFO - Processing /opt/airflow/dags/e_commerce_dw_dag.py took 0.363 seconds
[2026-03-26T04:01:49.964+0000] {processor.py:161} INFO - Started process (PID=351) to work on /opt/airflow/dags/e_commerce_dw_dag.py
[2026-03-26T04:01:49.968+0000] {processor.py:830} INFO - Processing file /opt/airflow/dags/e_commerce_dw_dag.py for tasks to queue
[2026-03-26T04:01:49.981+0000] {logging_mixin.py:188} INFO - [2026-03-26T04:01:49.980+0000] {dagbag.py:545} INFO - Filling up the DagBag from /opt/airflow/dags/e_commerce_dw_dag.py
[2026-03-26T04:01:50.238+0000] {processor.py:840} INFO - DAG(s) 'e_commerce_dw_etl' retrieved from /opt/airflow/dags/e_commerce_dw_dag.py
[2026-03-26T04:01:50.362+0000] {logging_mixin.py:188} INFO - [2026-03-26T04:01:50.361+0000] {dag.py:3096} INFO - Sync 1 DAGs
[2026-03-26T04:01:50.429+0000] {logging_mixin.py:188} INFO - [2026-03-26T04:01:50.429+0000] {dag.py:3954} INFO - Setting next_dagrun for e_commerce_dw_etl to 2024-11-10 00:00:00+00:00, run_after=2024-11-11 00:00:00+00:00
[2026-03-26T04:01:50.513+0000] {processor.py:183} INFO - Processing /opt/airflow/dags/e_commerce_dw_dag.py took 0.572 seconds
[2026-03-26T04:02:28.884+0000] {processor.py:161} INFO - Started process (PID=402) to work on /opt/airflow/dags/e_commerce_dw_dag.py
[2026-03-26T04:02:28.897+0000] {processor.py:830} INFO - Processing file /opt/airflow/dags/e_commerce_dw_dag.py for tasks to queue
[2026-03-26T04:02:28.969+0000] {logging_mixin.py:188} INFO - [2026-03-26T04:02:28.969+0000] {dagbag.py:545} INFO - Filling up the DagBag from /opt/airflow/dags/e_commerce_dw_dag.py
[2026-03-26T04:02:29.770+0000] {processor.py:840} INFO - DAG(s) 'e_commerce_dw_etl' retrieved from /opt/airflow/dags/e_commerce_dw_dag.py
[2026-03-26T04:02:29.984+0000] {logging_mixin.py:188} INFO - [2026-03-26T04:02:29.983+0000] {dag.py:3096} INFO - Sync 1 DAGs
[2026-03-26T04:02:30.153+0000] {logging_mixin.py:188} INFO - [2026-03-26T04:02:30.152+0000] {dag.py:3954} INFO - Setting next_dagrun for e_commerce_dw_etl to 2024-11-25 00:00:00+00:00, run_after=2024-11-26 00:00:00+00:00
[2026-03-26T04:02:30.303+0000] {processor.py:183} INFO - Processing /opt/airflow/dags/e_commerce_dw_dag.py took 9.055 seconds
[2026-03-26T04:03:01.535+0000] {processor.py:161} INFO - Started process (PID=450) to work on /opt/airflow/dags/e_commerce_dw_dag.py
[2026-03-26T04:03:01.553+0000] {processor.py:830} INFO - Processing file /opt/airflow/dags/e_commerce_dw_dag.py for tasks to queue
[2026-03-26T04:03:01.567+0000] {logging_mixin.py:188} INFO - [2026-03-26T04:03:01.566+0000] {dagbag.py:545} INFO - Filling up the DagBag from /opt/airflow/dags/e_commerce_dw_dag.py
[2026-03-26T04:03:02.024+0000] {processor.py:840} INFO - DAG(s) 'e_commerce_dw_etl' retrieved from /opt/airflow/dags/e_commerce_dw_dag.py
[2026-03-26T04:03:02.358+0000] {logging_mixin.py:188} INFO - [2026-03-26T04:03:02.357+0000] {dag.py:3096} INFO - Sync 1 DAGs
[2026-03-26T04:03:02.673+0000] {logging_mixin.py:188} INFO - [2026-03-26T04:03:02.673+0000] {dag.py:3954} INFO - Setting next_dagrun for e_commerce_dw_etl to 2024-12-04 00:00:00+00:00, run_after=2024-12-05 00:00:00+00:00
[2026-03-26T04:03:03.006+0000] {processor.py:183} INFO - Processing /opt/airflow/dags/e_commerce_dw_dag.py took 1.590 seconds
[2026-03-26T04:03:33.349+0000] {processor.py:161} INFO - Started process (PID=496) to work on /opt/airflow/dags/e_commerce_dw_dag.py
[2026-03-26T04:03:33.359+0000] {processor.py:830} INFO - Processing file /opt/airflow/dags/e_commerce_dw_dag.py for tasks to queue
[2026-03-26T04:03:33.363+0000] {logging_mixin.py:188} INFO - [2026-03-26T04:03:33.362+0000] {dagbag.py:545} INFO - Filling up the DagBag from /opt/airflow/dags/e_commerce_dw_dag.py
[2026-03-26T04:03:33.858+0000] {processor.py:840} INFO - DAG(s) 'e_commerce_dw_etl' retrieved from /opt/airflow/dags/e_commerce_dw_dag.py
[2026-03-26T04:03:34.142+0000] {logging_mixin.py:188} INFO - [2026-03-26T04:03:34.141+0000] {dag.py:3096} INFO - Sync 1 DAGs
[2026-03-26T04:03:34.324+0000] {logging_mixin.py:188} INFO - [2026-03-26T04:03:34.323+0000] {dag.py:3954} INFO - Setting next_dagrun for e_commerce_dw_etl to 2024-12-15 00:00:00+00:00, run_after=2024-12-16 00:00:00+00:00
[2026-03-26T04:03:34.421+0000] {processor.py:183} INFO - Processing /opt/airflow/dags/e_commerce_dw_dag.py took 1.090 seconds
[2026-03-26T04:04:04.951+0000] {processor.py:161} INFO - Started process (PID=563) to work on /opt/airflow/dags/e_commerce_dw_dag.py
[2026-03-26T04:04:04.957+0000] {processor.py:830} INFO - Processing file /opt/airflow/dags/e_commerce_dw_dag.py for tasks to queue
[2026-03-26T04:04:04.967+0000] {logging_mixin.py:188} INFO - [2026-03-26T04:04:04.966+0000] {dagbag.py:545} INFO - Filling up the DagBag from /opt/airflow/dags/e_commerce_dw_dag.py
[2026-03-26T04:04:05.304+0000] {processor.py:840} INFO - DAG(s) 'e_commerce_dw_etl' retrieved from /opt/airflow/dags/e_commerce_dw_dag.py
[2026-03-26T04:04:05.482+0000] {logging_mixin.py:188} INFO - [2026-03-26T04:04:05.482+0000] {dag.py:3096} INFO - Sync 1 DAGs
[2026-03-26T04:04:05.636+0000] {logging_mixin.py:188} INFO - [2026-03-26T04:04:05.635+0000] {dag.py:3954} INFO - Setting next_dagrun for e_commerce_dw_etl to 2024-12-22 00:00:00+00:00, run_after=2024-12-23 00:00:00+00:00
[2026-03-26T04:04:05.962+0000] {processor.py:183} INFO - Processing /opt/airflow/dags/e_commerce_dw_dag.py took 1.050 seconds
[2026-03-26T04:04:36.291+0000] {processor.py:161} INFO - Started process (PID=612) to work on /opt/airflow/dags/e_commerce_dw_dag.py
[2026-03-26T04:04:36.293+0000] {processor.py:830} INFO - Processing file /opt/airflow/dags/e_commerce_dw_dag.py for tasks to queue
[2026-03-26T04:04:36.301+0000] {logging_mixin.py:188} INFO - [2026-03-26T04:04:36.300+0000] {dagbag.py:545} INFO - Filling up the DagBag from /opt/airflow/dags/e_commerce_dw_dag.py
[2026-03-26T04:04:36.566+0000] {processor.py:840} INFO - DAG(s) 'e_commerce_dw_etl' retrieved from /opt/airflow/dags/e_commerce_dw_dag.py
[2026-03-26T04:04:36.635+0000] {logging_mixin.py:188} INFO - [2026-03-26T04:04:36.635+0000] {dag.py:3096} INFO - Sync 1 DAGs
[2026-03-26T04:04:36.684+0000] {logging_mixin.py:188} INFO - [2026-03-26T04:04:36.684+0000] {dag.py:3954} INFO - Setting next_dagrun for e_commerce_dw_etl to 2024-12-27 00:00:00+00:00, run_after=2024-12-28 00:00:00+00:00
[2026-03-26T04:04:36.745+0000] {processor.py:183} INFO - Processing /opt/airflow/dags/e_commerce_dw_dag.py took 0.478 seconds
[2026-03-26T04:05:07.925+0000] {processor.py:161} INFO - Started process (PID=680) to work on /opt/airflow/dags/e_commerce_dw_dag.py
[2026-03-26T04:05:07.935+0000] {processor.py:830} INFO - Processing file /opt/airflow/dags/e_commerce_dw_dag.py for tasks to queue
[2026-03-26T04:05:07.953+0000] {logging_mixin.py:188} INFO - [2026-03-26T04:05:07.952+0000] {dagbag.py:545} INFO - Filling up the DagBag from /opt/airflow/dags/e_commerce_dw_dag.py
[2026-03-26T04:05:08.336+0000] {processor.py:840} INFO - DAG(s) 'e_commerce_dw_etl' retrieved from /opt/airflow/dags/e_commerce_dw_dag.py
[2026-03-26T04:05:08.516+0000] {logging_mixin.py:188} INFO - [2026-03-26T04:05:08.514+0000] {dag.py:3096} INFO - Sync 1 DAGs
[2026-03-26T04:05:08.683+0000] {logging_mixin.py:188} INFO - [2026-03-26T04:05:08.682+0000] {dag.py:3954} INFO - Setting next_dagrun for e_commerce_dw_etl to 2025-01-04 00:00:00+00:00, run_after=2025-01-05 00:00:00+00:00
[2026-03-26T04:05:08.952+0000] {processor.py:183} INFO - Processing /opt/airflow/dags/e_commerce_dw_dag.py took 1.126 seconds
[2026-03-26T04:05:40.245+0000] {processor.py:161} INFO - Started process (PID=745) to work on /opt/airflow/dags/e_commerce_dw_dag.py
[2026-03-26T04:05:40.257+0000] {processor.py:830} INFO - Processing file /opt/airflow/dags/e_commerce_dw_dag.py for tasks to queue
[2026-03-26T04:05:40.280+0000] {logging_mixin.py:188} INFO - [2026-03-26T04:05:40.279+0000] {dagbag.py:545} INFO - Filling up the DagBag from /opt/airflow/dags/e_commerce_dw_dag.py
[2026-03-26T04:05:40.586+0000] {processor.py:840} INFO - DAG(s) 'e_commerce_dw_etl' retrieved from /opt/airflow/dags/e_commerce_dw_dag.py
[2026-03-26T04:05:40.964+0000] {logging_mixin.py:188} INFO - [2026-03-26T04:05:40.964+0000] {dag.py:3096} INFO - Sync 1 DAGs
[2026-03-26T04:05:41.320+0000] {processor.py:183} INFO - Processing /opt/airflow/dags/e_commerce_dw_dag.py took 1.123 seconds
[2026-03-26T04:06:12.333+0000] {processor.py:161} INFO - Started process (PID=808) to work on /opt/airflow/dags/e_commerce_dw_dag.py
[2026-03-26T04:06:12.340+0000] {processor.py:830} INFO - Processing file /opt/airflow/dags/e_commerce_dw_dag.py for tasks to queue
[2026-03-26T04:06:12.379+0000] {logging_mixin.py:188} INFO - [2026-03-26T04:06:12.374+0000] {dagbag.py:545} INFO - Filling up the DagBag from /opt/airflow/dags/e_commerce_dw_dag.py
[2026-03-26T04:06:12.689+0000] {processor.py:840} INFO - DAG(s) 'e_commerce_dw_etl' retrieved from /opt/airflow/dags/e_commerce_dw_dag.py
[2026-03-26T04:06:12.967+0000] {logging_mixin.py:188} INFO - [2026-03-26T04:06:12.966+0000] {dag.py:3096} INFO - Sync 1 DAGs
[2026-03-26T04:06:13.370+0000] {logging_mixin.py:188} INFO - [2026-03-26T04:06:13.369+0000] {dag.py:3954} INFO - Setting next_dagrun for e_commerce_dw_etl to 2025-01-24 00:00:00+00:00, run_after=2025-01-25 00:00:00+00:00
[2026-03-26T04:06:13.668+0000] {processor.py:183} INFO - Processing /opt/airflow/dags/e_commerce_dw_dag.py took 1.388 seconds
[2026-03-26T04:06:44.901+0000] {processor.py:161} INFO - Started process (PID=862) to work on /opt/airflow/dags/e_commerce_dw_dag.py
[2026-03-26T04:06:44.926+0000] {processor.py:830} INFO - Processing file /opt/airflow/dags/e_commerce_dw_dag.py for tasks to queue
[2026-03-26T04:06:44.933+0000] {logging_mixin.py:188} INFO - [2026-03-26T04:06:44.932+0000] {dagbag.py:545} INFO - Filling up the DagBag from /opt/airflow/dags/e_commerce_dw_dag.py
[2026-03-26T04:06:45.166+0000] {processor.py:840} INFO - DAG(s) 'e_commerce_dw_etl' retrieved from /opt/airflow/dags/e_commerce_dw_dag.py
[2026-03-26T04:06:45.400+0000] {logging_mixin.py:188} INFO - [2026-03-26T04:06:45.399+0000] {dag.py:3096} INFO - Sync 1 DAGs
[2026-03-26T04:06:45.575+0000] {logging_mixin.py:188} INFO - [2026-03-26T04:06:45.574+0000] {dag.py:3954} INFO - Setting next_dagrun for e_commerce_dw_etl to 2025-01-31 00:00:00+00:00, run_after=2025-02-01 00:00:00+00:00
[2026-03-26T04:06:45.848+0000] {processor.py:183} INFO - Processing /opt/airflow/dags/e_commerce_dw_dag.py took 1.028 seconds
[2026-03-26T04:07:16.612+0000] {processor.py:161} INFO - Started process (PID=936) to work on /opt/airflow/dags/e_commerce_dw_dag.py
[2026-03-26T04:07:16.614+0000] {processor.py:830} INFO - Processing file /opt/airflow/dags/e_commerce_dw_dag.py for tasks to queue
[2026-03-26T04:07:16.621+0000] {logging_mixin.py:188} INFO - [2026-03-26T04:07:16.620+0000] {dagbag.py:545} INFO - Filling up the DagBag from /opt/airflow/dags/e_commerce_dw_dag.py
[2026-03-26T04:07:16.831+0000] {processor.py:840} INFO - DAG(s) 'e_commerce_dw_etl' retrieved from /opt/airflow/dags/e_commerce_dw_dag.py
[2026-03-26T04:07:16.943+0000] {logging_mixin.py:188} INFO - [2026-03-26T04:07:16.943+0000] {dag.py:3096} INFO - Sync 1 DAGs
[2026-03-26T04:07:17.023+0000] {logging_mixin.py:188} INFO - [2026-03-26T04:07:17.019+0000] {dag.py:3954} INFO - Setting next_dagrun for e_commerce_dw_etl to 2025-02-11 00:00:00+00:00, run_after=2025-02-12 00:00:00+00:00
[2026-03-26T04:07:17.075+0000] {processor.py:183} INFO - Processing /opt/airflow/dags/e_commerce_dw_dag.py took 0.481 seconds
[2026-03-26T04:07:48.410+0000] {processor.py:161} INFO - Started process (PID=1008) to work on /opt/airflow/dags/e_commerce_dw_dag.py
[2026-03-26T04:07:48.415+0000] {processor.py:830} INFO - Processing file /opt/airflow/dags/e_commerce_dw_dag.py for tasks to queue
[2026-03-26T04:07:48.433+0000] {logging_mixin.py:188} INFO - [2026-03-26T04:07:48.432+0000] {dagbag.py:545} INFO - Filling up the DagBag from /opt/airflow/dags/e_commerce_dw_dag.py
[2026-03-26T04:07:48.930+0000] {processor.py:840} INFO - DAG(s) 'e_commerce_dw_etl' retrieved from /opt/airflow/dags/e_commerce_dw_dag.py
[2026-03-26T04:07:49.181+0000] {logging_mixin.py:188} INFO - [2026-03-26T04:07:49.180+0000] {dag.py:3096} INFO - Sync 1 DAGs
[2026-03-26T04:07:49.447+0000] {logging_mixin.py:188} INFO - [2026-03-26T04:07:49.445+0000] {dag.py:3954} INFO - Setting next_dagrun for e_commerce_dw_etl to 2025-02-21 00:00:00+00:00, run_after=2025-02-22 00:00:00+00:00
[2026-03-26T04:07:49.912+0000] {processor.py:183} INFO - Processing /opt/airflow/dags/e_commerce_dw_dag.py took 1.613 seconds
[2026-03-26T04:08:20.318+0000] {processor.py:161} INFO - Started process (PID=1062) to work on /opt/airflow/dags/e_commerce_dw_dag.py
[2026-03-26T04:08:20.321+0000] {processor.py:830} INFO - Processing file /opt/airflow/dags/e_commerce_dw_dag.py for tasks to queue
[2026-03-26T04:08:20.330+0000] {logging_mixin.py:188} INFO - [2026-03-26T04:08:20.325+0000] {dagbag.py:545} INFO - Filling up the DagBag from /opt/airflow/dags/e_commerce_dw_dag.py
[2026-03-26T04:08:20.696+0000] {processor.py:840} INFO - DAG(s) 'e_commerce_dw_etl' retrieved from /opt/airflow/dags/e_commerce_dw_dag.py
[2026-03-26T04:08:20.791+0000] {logging_mixin.py:188} INFO - [2026-03-26T04:08:20.790+0000] {dag.py:3096} INFO - Sync 1 DAGs
[2026-03-26T04:08:20.912+0000] {logging_mixin.py:188} INFO - [2026-03-26T04:08:20.912+0000] {dag.py:3954} INFO - Setting next_dagrun for e_commerce_dw_etl to 2025-02-28 00:00:00+00:00, run_after=2025-03-01 00:00:00+00:00
[2026-03-26T04:08:20.976+0000] {processor.py:183} INFO - Processing /opt/airflow/dags/e_commerce_dw_dag.py took 0.698 seconds
[2026-03-26T04:08:51.385+0000] {processor.py:161} INFO - Started process (PID=1121) to work on /opt/airflow/dags/e_commerce_dw_dag.py
[2026-03-26T04:08:51.387+0000] {processor.py:830} INFO - Processing file /opt/airflow/dags/e_commerce_dw_dag.py for tasks to queue
[2026-03-26T04:08:51.393+0000] {logging_mixin.py:188} INFO - [2026-03-26T04:08:51.393+0000] {dagbag.py:545} INFO - Filling up the DagBag from /opt/airflow/dags/e_commerce_dw_dag.py
[2026-03-26T04:08:52.166+0000] {processor.py:840} INFO - DAG(s) 'e_commerce_dw_etl' retrieved from /opt/airflow/dags/e_commerce_dw_dag.py
[2026-03-26T04:08:52.429+0000] {logging_mixin.py:188} INFO - [2026-03-26T04:08:52.428+0000] {dag.py:3096} INFO - Sync 1 DAGs
[2026-03-26T04:08:52.557+0000] {logging_mixin.py:188} INFO - [2026-03-26T04:08:52.556+0000] {dag.py:3954} INFO - Setting next_dagrun for e_commerce_dw_etl to 2025-03-10 00:00:00+00:00, run_after=2025-03-11 00:00:00+00:00
[2026-03-26T04:08:52.642+0000] {processor.py:183} INFO - Processing /opt/airflow/dags/e_commerce_dw_dag.py took 1.300 seconds
[2026-03-26T04:09:24.600+0000] {processor.py:161} INFO - Started process (PID=1189) to work on /opt/airflow/dags/e_commerce_dw_dag.py
[2026-03-26T04:09:24.619+0000] {processor.py:830} INFO - Processing file /opt/airflow/dags/e_commerce_dw_dag.py for tasks to queue
[2026-03-26T04:09:24.639+0000] {logging_mixin.py:188} INFO - [2026-03-26T04:09:24.639+0000] {dagbag.py:545} INFO - Filling up the DagBag from /opt/airflow/dags/e_commerce_dw_dag.py
[2026-03-26T04:09:25.516+0000] {processor.py:840} INFO - DAG(s) 'e_commerce_dw_etl' retrieved from /opt/airflow/dags/e_commerce_dw_dag.py
[2026-03-26T04:09:25.865+0000] {logging_mixin.py:188} INFO - [2026-03-26T04:09:25.864+0000] {dag.py:3096} INFO - Sync 1 DAGs
[2026-03-26T04:09:26.425+0000] {processor.py:183} INFO - Processing /opt/airflow/dags/e_commerce_dw_dag.py took 1.948 seconds
[2026-03-26T04:09:56.829+0000] {processor.py:161} INFO - Started process (PID=1250) to work on /opt/airflow/dags/e_commerce_dw_dag.py
[2026-03-26T04:09:56.832+0000] {processor.py:830} INFO - Processing file /opt/airflow/dags/e_commerce_dw_dag.py for tasks to queue
[2026-03-26T04:09:56.864+0000] {logging_mixin.py:188} INFO - [2026-03-26T04:09:56.864+0000] {dagbag.py:545} INFO - Filling up the DagBag from /opt/airflow/dags/e_commerce_dw_dag.py
[2026-03-26T04:09:57.279+0000] {processor.py:840} INFO - DAG(s) 'e_commerce_dw_etl' retrieved from /opt/airflow/dags/e_commerce_dw_dag.py
[2026-03-26T04:09:57.427+0000] {logging_mixin.py:188} INFO - [2026-03-26T04:09:57.426+0000] {dag.py:3096} INFO - Sync 1 DAGs
[2026-03-26T04:09:57.531+0000] {logging_mixin.py:188} INFO - [2026-03-26T04:09:57.530+0000] {dag.py:3954} INFO - Setting next_dagrun for e_commerce_dw_etl to 2025-03-18 00:00:00+00:00, run_after=2025-03-19 00:00:00+00:00
[2026-03-26T04:09:57.679+0000] {processor.py:183} INFO - Processing /opt/airflow/dags/e_commerce_dw_dag.py took 0.927 seconds
[2026-03-26T04:10:29.014+0000] {processor.py:161} INFO - Started process (PID=1319) to work on /opt/airflow/dags/e_commerce_dw_dag.py
[2026-03-26T04:10:29.031+0000] {processor.py:830} INFO - Processing file /opt/airflow/dags/e_commerce_dw_dag.py for tasks to queue
[2026-03-26T04:10:29.043+0000] {logging_mixin.py:188} INFO - [2026-03-26T04:10:29.036+0000] {dagbag.py:545} INFO - Filling up the DagBag from /opt/airflow/dags/e_commerce_dw_dag.py
[2026-03-26T04:10:29.500+0000] {processor.py:840} INFO - DAG(s) 'e_commerce_dw_etl' retrieved from /opt/airflow/dags/e_commerce_dw_dag.py
[2026-03-26T04:10:30.105+0000] {logging_mixin.py:188} INFO - [2026-03-26T04:10:30.104+0000] {dag.py:3096} INFO - Sync 1 DAGs
[2026-03-26T04:10:30.321+0000] {logging_mixin.py:188} INFO - [2026-03-26T04:10:30.320+0000] {dag.py:3954} INFO - Setting next_dagrun for e_commerce_dw_etl to 2025-03-31 00:00:00+00:00, run_after=2025-04-01 00:00:00+00:00
[2026-03-26T04:10:30.427+0000] {processor.py:183} INFO - Processing /opt/airflow/dags/e_commerce_dw_dag.py took 1.498 seconds
[2026-03-26T04:11:01.166+0000] {processor.py:161} INFO - Started process (PID=1381) to work on /opt/airflow/dags/e_commerce_dw_dag.py
[2026-03-26T04:11:01.188+0000] {processor.py:830} INFO - Processing file /opt/airflow/dags/e_commerce_dw_dag.py for tasks to queue
[2026-03-26T04:11:01.199+0000] {logging_mixin.py:188} INFO - [2026-03-26T04:11:01.198+0000] {dagbag.py:545} INFO - Filling up the DagBag from /opt/airflow/dags/e_commerce_dw_dag.py
[2026-03-26T04:11:01.480+0000] {processor.py:840} INFO - DAG(s) 'e_commerce_dw_etl' retrieved from /opt/airflow/dags/e_commerce_dw_dag.py
[2026-03-26T04:11:01.613+0000] {logging_mixin.py:188} INFO - [2026-03-26T04:11:01.613+0000] {dag.py:3096} INFO - Sync 1 DAGs
[2026-03-26T04:11:02.405+0000] {logging_mixin.py:188} INFO - [2026-03-26T04:11:02.404+0000] {dag.py:3954} INFO - Setting next_dagrun for e_commerce_dw_etl to 2025-04-09 00:00:00+00:00, run_after=2025-04-10 00:00:00+00:00
[2026-03-26T04:11:02.523+0000] {processor.py:183} INFO - Processing /opt/airflow/dags/e_commerce_dw_dag.py took 1.427 seconds
[2026-03-26T04:11:33.548+0000] {processor.py:161} INFO - Started process (PID=1446) to work on /opt/airflow/dags/e_commerce_dw_dag.py
[2026-03-26T04:11:33.550+0000] {processor.py:830} INFO - Processing file /opt/airflow/dags/e_commerce_dw_dag.py for tasks to queue
[2026-03-26T04:11:33.566+0000] {logging_mixin.py:188} INFO - [2026-03-26T04:11:33.566+0000] {dagbag.py:545} INFO - Filling up the DagBag from /opt/airflow/dags/e_commerce_dw_dag.py
[2026-03-26T04:11:34.088+0000] {processor.py:840} INFO - DAG(s) 'e_commerce_dw_etl' retrieved from /opt/airflow/dags/e_commerce_dw_dag.py
[2026-03-26T04:11:34.522+0000] {logging_mixin.py:188} INFO - [2026-03-26T04:11:34.520+0000] {dag.py:3096} INFO - Sync 1 DAGs
[2026-03-26T04:11:35.194+0000] {logging_mixin.py:188} INFO - [2026-03-26T04:11:35.193+0000] {dag.py:3954} INFO - Setting next_dagrun for e_commerce_dw_etl to 2025-04-16 00:00:00+00:00, run_after=2025-04-17 00:00:00+00:00
[2026-03-26T04:11:35.434+0000] {processor.py:183} INFO - Processing /opt/airflow/dags/e_commerce_dw_dag.py took 1.962 seconds
[2026-03-26T04:12:07.339+0000] {processor.py:161} INFO - Started process (PID=1497) to work on /opt/airflow/dags/e_commerce_dw_dag.py
[2026-03-26T04:12:07.353+0000] {processor.py:830} INFO - Processing file /opt/airflow/dags/e_commerce_dw_dag.py for tasks to queue
[2026-03-26T04:12:07.372+0000] {logging_mixin.py:188} INFO - [2026-03-26T04:12:07.371+0000] {dagbag.py:545} INFO - Filling up the DagBag from /opt/airflow/dags/e_commerce_dw_dag.py
[2026-03-26T04:12:08.073+0000] {processor.py:840} INFO - DAG(s) 'e_commerce_dw_etl' retrieved from /opt/airflow/dags/e_commerce_dw_dag.py
[2026-03-26T04:12:08.333+0000] {logging_mixin.py:188} INFO - [2026-03-26T04:12:08.332+0000] {dag.py:3096} INFO - Sync 1 DAGs
[2026-03-26T04:12:08.549+0000] {logging_mixin.py:188} INFO - [2026-03-26T04:12:08.548+0000] {dag.py:3954} INFO - Setting next_dagrun for e_commerce_dw_etl to 2025-04-23 00:00:00+00:00, run_after=2025-04-24 00:00:00+00:00
[2026-03-26T04:12:08.695+0000] {processor.py:183} INFO - Processing /opt/airflow/dags/e_commerce_dw_dag.py took 1.644 seconds
[2026-03-26T04:12:39.279+0000] {processor.py:161} INFO - Started process (PID=1567) to work on /opt/airflow/dags/e_commerce_dw_dag.py
[2026-03-26T04:12:39.297+0000] {processor.py:830} INFO - Processing file /opt/airflow/dags/e_commerce_dw_dag.py for tasks to queue
[2026-03-26T04:12:39.302+0000] {logging_mixin.py:188} INFO - [2026-03-26T04:12:39.301+0000] {dagbag.py:545} INFO - Filling up the DagBag from /opt/airflow/dags/e_commerce_dw_dag.py
[2026-03-26T04:12:40.033+0000] {processor.py:840} INFO - DAG(s) 'e_commerce_dw_etl' retrieved from /opt/airflow/dags/e_commerce_dw_dag.py
[2026-03-26T04:12:40.164+0000] {logging_mixin.py:188} INFO - [2026-03-26T04:12:40.163+0000] {dag.py:3096} INFO - Sync 1 DAGs
[2026-03-26T04:12:40.286+0000] {logging_mixin.py:188} INFO - [2026-03-26T04:12:40.286+0000] {dag.py:3954} INFO - Setting next_dagrun for e_commerce_dw_etl to 2025-05-01 00:00:00+00:00, run_after=2025-05-02 00:00:00+00:00
[2026-03-26T04:12:40.361+0000] {processor.py:183} INFO - Processing /opt/airflow/dags/e_commerce_dw_dag.py took 1.135 seconds
[2026-03-26T04:13:10.572+0000] {processor.py:161} INFO - Started process (PID=1625) to work on /opt/airflow/dags/e_commerce_dw_dag.py
[2026-03-26T04:13:10.579+0000] {processor.py:830} INFO - Processing file /opt/airflow/dags/e_commerce_dw_dag.py for tasks to queue
[2026-03-26T04:13:10.593+0000] {logging_mixin.py:188} INFO - [2026-03-26T04:13:10.591+0000] {dagbag.py:545} INFO - Filling up the DagBag from /opt/airflow/dags/e_commerce_dw_dag.py
[2026-03-26T04:13:10.937+0000] {processor.py:840} INFO - DAG(s) 'e_commerce_dw_etl' retrieved from /opt/airflow/dags/e_commerce_dw_dag.py
[2026-03-26T04:13:11.046+0000] {logging_mixin.py:188} INFO - [2026-03-26T04:13:11.045+0000] {dag.py:3096} INFO - Sync 1 DAGs
[2026-03-26T04:13:11.123+0000] {logging_mixin.py:188} INFO - [2026-03-26T04:13:11.122+0000] {dag.py:3954} INFO - Setting next_dagrun for e_commerce_dw_etl to 2025-05-06 00:00:00+00:00, run_after=2025-05-07 00:00:00+00:00
[2026-03-26T04:13:11.420+0000] {processor.py:183} INFO - Processing /opt/airflow/dags/e_commerce_dw_dag.py took 0.867 seconds
[2026-03-26T04:13:41.698+0000] {processor.py:161} INFO - Started process (PID=1679) to work on /opt/airflow/dags/e_commerce_dw_dag.py
[2026-03-26T04:13:41.700+0000] {processor.py:830} INFO - Processing file /opt/airflow/dags/e_commerce_dw_dag.py for tasks to queue
[2026-03-26T04:13:41.707+0000] {logging_mixin.py:188} INFO - [2026-03-26T04:13:41.707+0000] {dagbag.py:545} INFO - Filling up the DagBag from /opt/airflow/dags/e_commerce_dw_dag.py
[2026-03-26T04:13:42.047+0000] {processor.py:840} INFO - DAG(s) 'e_commerce_dw_etl' retrieved from /opt/airflow/dags/e_commerce_dw_dag.py
[2026-03-26T04:13:42.173+0000] {logging_mixin.py:188} INFO - [2026-03-26T04:13:42.172+0000] {dag.py:3096} INFO - Sync 1 DAGs
[2026-03-26T04:13:42.243+0000] {logging_mixin.py:188} INFO - [2026-03-26T04:13:42.243+0000] {dag.py:3954} INFO - Setting next_dagrun for e_commerce_dw_etl to 2025-05-13 00:00:00+00:00, run_after=2025-05-14 00:00:00+00:00
[2026-03-26T04:13:42.350+0000] {processor.py:183} INFO - Processing /opt/airflow/dags/e_commerce_dw_dag.py took 0.673 seconds
[2026-03-26T04:14:13.270+0000] {processor.py:161} INFO - Started process (PID=1751) to work on /opt/airflow/dags/e_commerce_dw_dag.py
[2026-03-26T04:14:13.280+0000] {processor.py:830} INFO - Processing file /opt/airflow/dags/e_commerce_dw_dag.py for tasks to queue
[2026-03-26T04:14:13.291+0000] {logging_mixin.py:188} INFO - [2026-03-26T04:14:13.290+0000] {dagbag.py:545} INFO - Filling up the DagBag from /opt/airflow/dags/e_commerce_dw_dag.py
[2026-03-26T04:14:13.875+0000] {processor.py:840} INFO - DAG(s) 'e_commerce_dw_etl' retrieved from /opt/airflow/dags/e_commerce_dw_dag.py
[2026-03-26T04:14:14.074+0000] {logging_mixin.py:188} INFO - [2026-03-26T04:14:14.074+0000] {dag.py:3096} INFO - Sync 1 DAGs
[2026-03-26T04:14:14.270+0000] {logging_mixin.py:188} INFO - [2026-03-26T04:14:14.270+0000] {dag.py:3954} INFO - Setting next_dagrun for e_commerce_dw_etl to 2025-05-23 00:00:00+00:00, run_after=2025-05-24 00:00:00+00:00
[2026-03-26T04:14:14.446+0000] {processor.py:183} INFO - Processing /opt/airflow/dags/e_commerce_dw_dag.py took 1.243 seconds
[2026-03-26T04:14:45.560+0000] {processor.py:161} INFO - Started process (PID=1812) to work on /opt/airflow/dags/e_commerce_dw_dag.py
[2026-03-26T04:14:45.619+0000] {processor.py:830} INFO - Processing file /opt/airflow/dags/e_commerce_dw_dag.py for tasks to queue
[2026-03-26T04:14:45.691+0000] {logging_mixin.py:188} INFO - [2026-03-26T04:14:45.647+0000] {dagbag.py:545} INFO - Filling up the DagBag from /opt/airflow/dags/e_commerce_dw_dag.py
[2026-03-26T04:14:46.477+0000] {processor.py:840} INFO - DAG(s) 'e_commerce_dw_etl' retrieved from /opt/airflow/dags/e_commerce_dw_dag.py
[2026-03-26T04:14:46.769+0000] {logging_mixin.py:188} INFO - [2026-03-26T04:14:46.768+0000] {dag.py:3096} INFO - Sync 1 DAGs
[2026-03-26T04:14:47.277+0000] {logging_mixin.py:188} INFO - [2026-03-26T04:14:47.226+0000] {dag.py:3954} INFO - Setting next_dagrun for e_commerce_dw_etl to 2025-06-02 00:00:00+00:00, run_after=2025-06-03 00:00:00+00:00
[2026-03-26T04:14:47.728+0000] {processor.py:183} INFO - Processing /opt/airflow/dags/e_commerce_dw_dag.py took 2.238 seconds
[2026-03-26T04:15:18.412+0000] {processor.py:161} INFO - Started process (PID=1883) to work on /opt/airflow/dags/e_commerce_dw_dag.py
[2026-03-26T04:15:18.418+0000] {processor.py:830} INFO - Processing file /opt/airflow/dags/e_commerce_dw_dag.py for tasks to queue
[2026-03-26T04:15:18.466+0000] {logging_mixin.py:188} INFO - [2026-03-26T04:15:18.451+0000] {dagbag.py:545} INFO - Filling up the DagBag from /opt/airflow/dags/e_commerce_dw_dag.py
[2026-03-26T04:15:18.778+0000] {processor.py:840} INFO - DAG(s) 'e_commerce_dw_etl' retrieved from /opt/airflow/dags/e_commerce_dw_dag.py
[2026-03-26T04:15:18.991+0000] {logging_mixin.py:188} INFO - [2026-03-26T04:15:18.967+0000] {dag.py:3096} INFO - Sync 1 DAGs
[2026-03-26T04:15:19.072+0000] {logging_mixin.py:188} INFO - [2026-03-26T04:15:19.071+0000] {dag.py:3954} INFO - Setting next_dagrun for e_commerce_dw_etl to 2025-06-07 00:00:00+00:00, run_after=2025-06-08 00:00:00+00:00
[2026-03-26T04:15:19.140+0000] {processor.py:183} INFO - Processing /opt/airflow/dags/e_commerce_dw_dag.py took 0.765 seconds
[2026-03-26T04:15:49.640+0000] {processor.py:161} INFO - Started process (PID=1953) to work on /opt/airflow/dags/e_commerce_dw_dag.py
[2026-03-26T04:15:49.644+0000] {processor.py:830} INFO - Processing file /opt/airflow/dags/e_commerce_dw_dag.py for tasks to queue
[2026-03-26T04:15:49.657+0000] {logging_mixin.py:188} INFO - [2026-03-26T04:15:49.656+0000] {dagbag.py:545} INFO - Filling up the DagBag from /opt/airflow/dags/e_commerce_dw_dag.py
[2026-03-26T04:15:49.915+0000] {processor.py:840} INFO - DAG(s) 'e_commerce_dw_etl' retrieved from /opt/airflow/dags/e_commerce_dw_dag.py
[2026-03-26T04:15:49.999+0000] {logging_mixin.py:188} INFO - [2026-03-26T04:15:49.999+0000] {dag.py:3096} INFO - Sync 1 DAGs
[2026-03-26T04:15:50.050+0000] {logging_mixin.py:188} INFO - [2026-03-26T04:15:50.049+0000] {dag.py:3954} INFO - Setting next_dagrun for e_commerce_dw_etl to 2025-06-15 00:00:00+00:00, run_after=2025-06-16 00:00:00+00:00
[2026-03-26T04:15:50.096+0000] {processor.py:183} INFO - Processing /opt/airflow/dags/e_commerce_dw_dag.py took 0.502 seconds
[2026-03-26T04:16:22.179+0000] {processor.py:161} INFO - Started process (PID=2018) to work on /opt/airflow/dags/e_commerce_dw_dag.py
[2026-03-26T04:16:22.183+0000] {processor.py:830} INFO - Processing file /opt/airflow/dags/e_commerce_dw_dag.py for tasks to queue
[2026-03-26T04:16:22.251+0000] {logging_mixin.py:188} INFO - [2026-03-26T04:16:22.248+0000] {dagbag.py:545} INFO - Filling up the DagBag from /opt/airflow/dags/e_commerce_dw_dag.py
[2026-03-26T04:16:23.462+0000] {processor.py:840} INFO - DAG(s) 'e_commerce_dw_etl' retrieved from /opt/airflow/dags/e_commerce_dw_dag.py
[2026-03-26T04:16:23.769+0000] {logging_mixin.py:188} INFO - [2026-03-26T04:16:23.769+0000] {dag.py:3096} INFO - Sync 1 DAGs
[2026-03-26T04:16:24.280+0000] {logging_mixin.py:188} INFO - [2026-03-26T04:16:24.279+0000] {dag.py:3954} INFO - Setting next_dagrun for e_commerce_dw_etl to 2025-06-23 00:00:00+00:00, run_after=2025-06-24 00:00:00+00:00
[2026-03-26T04:16:24.817+0000] {processor.py:183} INFO - Processing /opt/airflow/dags/e_commerce_dw_dag.py took 2.763 seconds
[2026-03-26T04:16:55.593+0000] {processor.py:161} INFO - Started process (PID=2074) to work on /opt/airflow/dags/e_commerce_dw_dag.py
[2026-03-26T04:16:55.600+0000] {processor.py:830} INFO - Processing file /opt/airflow/dags/e_commerce_dw_dag.py for tasks to queue
[2026-03-26T04:16:55.615+0000] {logging_mixin.py:188} INFO - [2026-03-26T04:16:55.611+0000] {dagbag.py:545} INFO - Filling up the DagBag from /opt/airflow/dags/e_commerce_dw_dag.py
[2026-03-26T04:16:55.858+0000] {processor.py:840} INFO - DAG(s) 'e_commerce_dw_etl' retrieved from /opt/airflow/dags/e_commerce_dw_dag.py
[2026-03-26T04:16:56.008+0000] {logging_mixin.py:188} INFO - [2026-03-26T04:16:56.007+0000] {dag.py:3096} INFO - Sync 1 DAGs
[2026-03-26T04:16:56.222+0000] {logging_mixin.py:188} INFO - [2026-03-26T04:16:56.221+0000] {dag.py:3954} INFO - Setting next_dagrun for e_commerce_dw_etl to 2025-06-30 00:00:00+00:00, run_after=2025-07-01 00:00:00+00:00
[2026-03-26T04:16:56.362+0000] {processor.py:183} INFO - Processing /opt/airflow/dags/e_commerce_dw_dag.py took 0.809 seconds
[2026-03-26T04:17:27.104+0000] {processor.py:161} INFO - Started process (PID=2153) to work on /opt/airflow/dags/e_commerce_dw_dag.py
[2026-03-26T04:17:27.140+0000] {processor.py:830} INFO - Processing file /opt/airflow/dags/e_commerce_dw_dag.py for tasks to queue
[2026-03-26T04:17:27.187+0000] {logging_mixin.py:188} INFO - [2026-03-26T04:17:27.186+0000] {dagbag.py:545} INFO - Filling up the DagBag from /opt/airflow/dags/e_commerce_dw_dag.py
[2026-03-26T04:17:27.598+0000] {processor.py:840} INFO - DAG(s) 'e_commerce_dw_etl' retrieved from /opt/airflow/dags/e_commerce_dw_dag.py
[2026-03-26T04:17:27.837+0000] {logging_mixin.py:188} INFO - [2026-03-26T04:17:27.837+0000] {dag.py:3096} INFO - Sync 1 DAGs
[2026-03-26T04:17:27.964+0000] {logging_mixin.py:188} INFO - [2026-03-26T04:17:27.963+0000] {dag.py:3954} INFO - Setting next_dagrun for e_commerce_dw_etl to 2025-07-13 00:00:00+00:00, run_after=2025-07-14 00:00:00+00:00
[2026-03-26T04:17:28.079+0000] {processor.py:183} INFO - Processing /opt/airflow/dags/e_commerce_dw_dag.py took 1.070 seconds
[2026-03-26T04:17:58.770+0000] {processor.py:161} INFO - Started process (PID=2217) to work on /opt/airflow/dags/e_commerce_dw_dag.py
[2026-03-26T04:17:58.772+0000] {processor.py:830} INFO - Processing file /opt/airflow/dags/e_commerce_dw_dag.py for tasks to queue
[2026-03-26T04:17:58.787+0000] {logging_mixin.py:188} INFO - [2026-03-26T04:17:58.786+0000] {dagbag.py:545} INFO - Filling up the DagBag from /opt/airflow/dags/e_commerce_dw_dag.py
[2026-03-26T04:17:59.055+0000] {processor.py:840} INFO - DAG(s) 'e_commerce_dw_etl' retrieved from /opt/airflow/dags/e_commerce_dw_dag.py
[2026-03-26T04:17:59.186+0000] {logging_mixin.py:188} INFO - [2026-03-26T04:17:59.171+0000] {dag.py:3096} INFO - Sync 1 DAGs
[2026-03-26T04:17:59.278+0000] {logging_mixin.py:188} INFO - [2026-03-26T04:17:59.277+0000] {dag.py:3954} INFO - Setting next_dagrun for e_commerce_dw_etl to 2025-07-22 00:00:00+00:00, run_after=2025-07-23 00:00:00+00:00
[2026-03-26T04:17:59.384+0000] {processor.py:183} INFO - Processing /opt/airflow/dags/e_commerce_dw_dag.py took 0.639 seconds
[2026-03-26T04:18:29.757+0000] {processor.py:161} INFO - Started process (PID=2287) to work on /opt/airflow/dags/e_commerce_dw_dag.py
[2026-03-26T04:18:29.777+0000] {processor.py:830} INFO - Processing file /opt/airflow/dags/e_commerce_dw_dag.py for tasks to queue
[2026-03-26T04:18:29.796+0000] {logging_mixin.py:188} INFO - [2026-03-26T04:18:29.795+0000] {dagbag.py:545} INFO - Filling up the DagBag from /opt/airflow/dags/e_commerce_dw_dag.py
[2026-03-26T04:18:30.172+0000] {processor.py:840} INFO - DAG(s) 'e_commerce_dw_etl' retrieved from /opt/airflow/dags/e_commerce_dw_dag.py
[2026-03-26T04:18:30.271+0000] {logging_mixin.py:188} INFO - [2026-03-26T04:18:30.267+0000] {dag.py:3096} INFO - Sync 1 DAGs
[2026-03-26T04:18:30.412+0000] {processor.py:183} INFO - Processing /opt/airflow/dags/e_commerce_dw_dag.py took 0.731 seconds
[2026-03-26T04:19:01.151+0000] {processor.py:161} INFO - Started process (PID=2366) to work on /opt/airflow/dags/e_commerce_dw_dag.py
[2026-03-26T04:19:01.155+0000] {processor.py:830} INFO - Processing file /opt/airflow/dags/e_commerce_dw_dag.py for tasks to queue
[2026-03-26T04:19:01.173+0000] {logging_mixin.py:188} INFO - [2026-03-26T04:19:01.172+0000] {dagbag.py:545} INFO - Filling up the DagBag from /opt/airflow/dags/e_commerce_dw_dag.py
[2026-03-26T04:19:01.397+0000] {processor.py:840} INFO - DAG(s) 'e_commerce_dw_etl' retrieved from /opt/airflow/dags/e_commerce_dw_dag.py
[2026-03-26T04:19:01.552+0000] {logging_mixin.py:188} INFO - [2026-03-26T04:19:01.544+0000] {dag.py:3096} INFO - Sync 1 DAGs
[2026-03-26T04:19:01.639+0000] {logging_mixin.py:188} INFO - [2026-03-26T04:19:01.639+0000] {dag.py:3954} INFO - Setting next_dagrun for e_commerce_dw_etl to 2025-08-13 00:00:00+00:00, run_after=2025-08-14 00:00:00+00:00
[2026-03-26T04:19:01.740+0000] {processor.py:183} INFO - Processing /opt/airflow/dags/e_commerce_dw_dag.py took 0.620 seconds
[2026-03-26T04:19:31.994+0000] {processor.py:161} INFO - Started process (PID=2439) to work on /opt/airflow/dags/e_commerce_dw_dag.py
[2026-03-26T04:19:31.997+0000] {processor.py:830} INFO - Processing file /opt/airflow/dags/e_commerce_dw_dag.py for tasks to queue
[2026-03-26T04:19:32.011+0000] {logging_mixin.py:188} INFO - [2026-03-26T04:19:32.008+0000] {dagbag.py:545} INFO - Filling up the DagBag from /opt/airflow/dags/e_commerce_dw_dag.py
[2026-03-26T04:19:32.356+0000] {processor.py:840} INFO - DAG(s) 'e_commerce_dw_etl' retrieved from /opt/airflow/dags/e_commerce_dw_dag.py
[2026-03-26T04:19:32.723+0000] {logging_mixin.py:188} INFO - [2026-03-26T04:19:32.723+0000] {dag.py:3096} INFO - Sync 1 DAGs
[2026-03-26T04:19:32.897+0000] {logging_mixin.py:188} INFO - [2026-03-26T04:19:32.897+0000] {dag.py:3954} INFO - Setting next_dagrun for e_commerce_dw_etl to 2025-08-26 00:00:00+00:00, run_after=2025-08-27 00:00:00+00:00
[2026-03-26T04:19:33.031+0000] {processor.py:183} INFO - Processing /opt/airflow/dags/e_commerce_dw_dag.py took 1.066 seconds
[2026-03-26T04:20:03.648+0000] {processor.py:161} INFO - Started process (PID=2513) to work on /opt/airflow/dags/e_commerce_dw_dag.py
[2026-03-26T04:20:03.652+0000] {processor.py:830} INFO - Processing file /opt/airflow/dags/e_commerce_dw_dag.py for tasks to queue
[2026-03-26T04:20:03.659+0000] {logging_mixin.py:188} INFO - [2026-03-26T04:20:03.658+0000] {dagbag.py:545} INFO - Filling up the DagBag from /opt/airflow/dags/e_commerce_dw_dag.py
[2026-03-26T04:20:03.961+0000] {processor.py:840} INFO - DAG(s) 'e_commerce_dw_etl' retrieved from /opt/airflow/dags/e_commerce_dw_dag.py
[2026-03-26T04:20:04.142+0000] {logging_mixin.py:188} INFO - [2026-03-26T04:20:04.142+0000] {dag.py:3096} INFO - Sync 1 DAGs
[2026-03-26T04:20:04.218+0000] {logging_mixin.py:188} INFO - [2026-03-26T04:20:04.217+0000] {dag.py:3954} INFO - Setting next_dagrun for e_commerce_dw_etl to 2025-08-31 00:00:00+00:00, run_after=2025-09-01 00:00:00+00:00
[2026-03-26T04:20:04.315+0000] {processor.py:183} INFO - Processing /opt/airflow/dags/e_commerce_dw_dag.py took 0.716 seconds
[2026-03-26T04:20:35.065+0000] {processor.py:161} INFO - Started process (PID=2580) to work on /opt/airflow/dags/e_commerce_dw_dag.py
[2026-03-26T04:20:35.072+0000] {processor.py:830} INFO - Processing file /opt/airflow/dags/e_commerce_dw_dag.py for tasks to queue
[2026-03-26T04:20:35.089+0000] {logging_mixin.py:188} INFO - [2026-03-26T04:20:35.088+0000] {dagbag.py:545} INFO - Filling up the DagBag from /opt/airflow/dags/e_commerce_dw_dag.py
[2026-03-26T04:20:35.305+0000] {processor.py:840} INFO - DAG(s) 'e_commerce_dw_etl' retrieved from /opt/airflow/dags/e_commerce_dw_dag.py
[2026-03-26T04:20:35.449+0000] {logging_mixin.py:188} INFO - [2026-03-26T04:20:35.449+0000] {dag.py:3096} INFO - Sync 1 DAGs
[2026-03-26T04:20:35.542+0000] {logging_mixin.py:188} INFO - [2026-03-26T04:20:35.541+0000] {dag.py:3954} INFO - Setting next_dagrun for e_commerce_dw_etl to 2025-09-07 00:00:00+00:00, run_after=2025-09-08 00:00:00+00:00
[2026-03-26T04:20:35.656+0000] {processor.py:183} INFO - Processing /opt/airflow/dags/e_commerce_dw_dag.py took 0.650 seconds
[2026-03-26T04:21:05.994+0000] {processor.py:161} INFO - Started process (PID=2633) to work on /opt/airflow/dags/e_commerce_dw_dag.py
[2026-03-26T04:21:06.001+0000] {processor.py:830} INFO - Processing file /opt/airflow/dags/e_commerce_dw_dag.py for tasks to queue
[2026-03-26T04:21:06.010+0000] {logging_mixin.py:188} INFO - [2026-03-26T04:21:06.009+0000] {dagbag.py:545} INFO - Filling up the DagBag from /opt/airflow/dags/e_commerce_dw_dag.py
[2026-03-26T04:21:06.199+0000] {processor.py:840} INFO - DAG(s) 'e_commerce_dw_etl' retrieved from /opt/airflow/dags/e_commerce_dw_dag.py
[2026-03-26T04:21:06.386+0000] {logging_mixin.py:188} INFO - [2026-03-26T04:21:06.385+0000] {dag.py:3096} INFO - Sync 1 DAGs
[2026-03-26T04:21:06.489+0000] {logging_mixin.py:188} INFO - [2026-03-26T04:21:06.488+0000] {dag.py:3954} INFO - Setting next_dagrun for e_commerce_dw_etl to 2025-09-13 00:00:00+00:00, run_after=2025-09-14 00:00:00+00:00
[2026-03-26T04:21:06.539+0000] {processor.py:183} INFO - Processing /opt/airflow/dags/e_commerce_dw_dag.py took 0.573 seconds
[2026-03-26T04:21:37.418+0000] {processor.py:161} INFO - Started process (PID=2698) to work on /opt/airflow/dags/e_commerce_dw_dag.py
[2026-03-26T04:21:37.439+0000] {processor.py:830} INFO - Processing file /opt/airflow/dags/e_commerce_dw_dag.py for tasks to queue
[2026-03-26T04:21:37.458+0000] {logging_mixin.py:188} INFO - [2026-03-26T04:21:37.457+0000] {dagbag.py:545} INFO - Filling up the DagBag from /opt/airflow/dags/e_commerce_dw_dag.py
[2026-03-26T04:21:37.942+0000] {processor.py:840} INFO - DAG(s) 'e_commerce_dw_etl' retrieved from /opt/airflow/dags/e_commerce_dw_dag.py
[2026-03-26T04:21:38.164+0000] {logging_mixin.py:188} INFO - [2026-03-26T04:21:38.164+0000] {dag.py:3096} INFO - Sync 1 DAGs
[2026-03-26T04:21:38.258+0000] {logging_mixin.py:188} INFO - [2026-03-26T04:21:38.257+0000] {dag.py:3954} INFO - Setting next_dagrun for e_commerce_dw_etl to 2025-09-19 00:00:00+00:00, run_after=2025-09-20 00:00:00+00:00
[2026-03-26T04:21:38.388+0000] {processor.py:183} INFO - Processing /opt/airflow/dags/e_commerce_dw_dag.py took 1.104 seconds
[2026-03-26T04:22:09.475+0000] {processor.py:161} INFO - Started process (PID=2769) to work on /opt/airflow/dags/e_commerce_dw_dag.py
[2026-03-26T04:22:09.482+0000] {processor.py:830} INFO - Processing file /opt/airflow/dags/e_commerce_dw_dag.py for tasks to queue
[2026-03-26T04:22:09.507+0000] {logging_mixin.py:188} INFO - [2026-03-26T04:22:09.506+0000] {dagbag.py:545} INFO - Filling up the DagBag from /opt/airflow/dags/e_commerce_dw_dag.py
[2026-03-26T04:22:09.901+0000] {processor.py:840} INFO - DAG(s) 'e_commerce_dw_etl' retrieved from /opt/airflow/dags/e_commerce_dw_dag.py
[2026-03-26T04:22:10.090+0000] {logging_mixin.py:188} INFO - [2026-03-26T04:22:10.089+0000] {dag.py:3096} INFO - Sync 1 DAGs
[2026-03-26T04:22:10.212+0000] {logging_mixin.py:188} INFO - [2026-03-26T04:22:10.211+0000] {dag.py:3954} INFO - Setting next_dagrun for e_commerce_dw_etl to 2025-10-01 00:00:00+00:00, run_after=2025-10-02 00:00:00+00:00
[2026-03-26T04:22:10.323+0000] {processor.py:183} INFO - Processing /opt/airflow/dags/e_commerce_dw_dag.py took 0.906 seconds
[2026-03-26T04:22:40.757+0000] {processor.py:161} INFO - Started process (PID=2838) to work on /opt/airflow/dags/e_commerce_dw_dag.py
[2026-03-26T04:22:40.763+0000] {processor.py:830} INFO - Processing file /opt/airflow/dags/e_commerce_dw_dag.py for tasks to queue
[2026-03-26T04:22:40.779+0000] {logging_mixin.py:188} INFO - [2026-03-26T04:22:40.778+0000] {dagbag.py:545} INFO - Filling up the DagBag from /opt/airflow/dags/e_commerce_dw_dag.py
[2026-03-26T04:22:41.083+0000] {processor.py:840} INFO - DAG(s) 'e_commerce_dw_etl' retrieved from /opt/airflow/dags/e_commerce_dw_dag.py
[2026-03-26T04:22:41.265+0000] {logging_mixin.py:188} INFO - [2026-03-26T04:22:41.265+0000] {dag.py:3096} INFO - Sync 1 DAGs
[2026-03-26T04:22:41.385+0000] {logging_mixin.py:188} INFO - [2026-03-26T04:22:41.384+0000] {dag.py:3954} INFO - Setting next_dagrun for e_commerce_dw_etl to 2025-10-06 00:00:00+00:00, run_after=2025-10-07 00:00:00+00:00
[2026-03-26T04:22:41.498+0000] {processor.py:183} INFO - Processing /opt/airflow/dags/e_commerce_dw_dag.py took 0.819 seconds
[2026-03-26T04:23:11.995+0000] {processor.py:161} INFO - Started process (PID=2900) to work on /opt/airflow/dags/e_commerce_dw_dag.py
[2026-03-26T04:23:12.001+0000] {processor.py:830} INFO - Processing file /opt/airflow/dags/e_commerce_dw_dag.py for tasks to queue
[2026-03-26T04:23:12.024+0000] {logging_mixin.py:188} INFO - [2026-03-26T04:23:12.020+0000] {dagbag.py:545} INFO - Filling up the DagBag from /opt/airflow/dags/e_commerce_dw_dag.py
[2026-03-26T04:23:12.335+0000] {processor.py:840} INFO - DAG(s) 'e_commerce_dw_etl' retrieved from /opt/airflow/dags/e_commerce_dw_dag.py
[2026-03-26T04:23:12.443+0000] {logging_mixin.py:188} INFO - [2026-03-26T04:23:12.442+0000] {dag.py:3096} INFO - Sync 1 DAGs
[2026-03-26T04:23:12.693+0000] {logging_mixin.py:188} INFO - [2026-03-26T04:23:12.692+0000] {dag.py:3954} INFO - Setting next_dagrun for e_commerce_dw_etl to 2025-10-17 00:00:00+00:00, run_after=2025-10-18 00:00:00+00:00
[2026-03-26T04:23:12.848+0000] {processor.py:183} INFO - Processing /opt/airflow/dags/e_commerce_dw_dag.py took 0.897 seconds
[2026-03-26T04:23:43.557+0000] {processor.py:161} INFO - Started process (PID=2958) to work on /opt/airflow/dags/e_commerce_dw_dag.py
[2026-03-26T04:23:43.565+0000] {processor.py:830} INFO - Processing file /opt/airflow/dags/e_commerce_dw_dag.py for tasks to queue
[2026-03-26T04:23:43.578+0000] {logging_mixin.py:188} INFO - [2026-03-26T04:23:43.578+0000] {dagbag.py:545} INFO - Filling up the DagBag from /opt/airflow/dags/e_commerce_dw_dag.py
[2026-03-26T04:23:43.865+0000] {processor.py:840} INFO - DAG(s) 'e_commerce_dw_etl' retrieved from /opt/airflow/dags/e_commerce_dw_dag.py
[2026-03-26T04:23:44.038+0000] {logging_mixin.py:188} INFO - [2026-03-26T04:23:44.038+0000] {dag.py:3096} INFO - Sync 1 DAGs
[2026-03-26T04:23:44.214+0000] {logging_mixin.py:188} INFO - [2026-03-26T04:23:44.213+0000] {dag.py:3954} INFO - Setting next_dagrun for e_commerce_dw_etl to 2025-10-18 00:00:00+00:00, run_after=2025-10-19 00:00:00+00:00
[2026-03-26T04:23:44.351+0000] {processor.py:183} INFO - Processing /opt/airflow/dags/e_commerce_dw_dag.py took 0.822 seconds
[2026-03-26T04:24:14.850+0000] {processor.py:161} INFO - Started process (PID=3043) to work on /opt/airflow/dags/e_commerce_dw_dag.py
[2026-03-26T04:24:14.863+0000] {processor.py:830} INFO - Processing file /opt/airflow/dags/e_commerce_dw_dag.py for tasks to queue
[2026-03-26T04:24:14.885+0000] {logging_mixin.py:188} INFO - [2026-03-26T04:24:14.871+0000] {dagbag.py:545} INFO - Filling up the DagBag from /opt/airflow/dags/e_commerce_dw_dag.py
[2026-03-26T04:24:15.453+0000] {processor.py:840} INFO - DAG(s) 'e_commerce_dw_etl' retrieved from /opt/airflow/dags/e_commerce_dw_dag.py
[2026-03-26T04:24:15.736+0000] {logging_mixin.py:188} INFO - [2026-03-26T04:24:15.736+0000] {dag.py:3096} INFO - Sync 1 DAGs
[2026-03-26T04:24:15.913+0000] {logging_mixin.py:188} INFO - [2026-03-26T04:24:15.912+0000] {dag.py:3954} INFO - Setting next_dagrun for e_commerce_dw_etl to 2025-10-28 00:00:00+00:00, run_after=2025-10-29 00:00:00+00:00
[2026-03-26T04:24:16.059+0000] {processor.py:183} INFO - Processing /opt/airflow/dags/e_commerce_dw_dag.py took 1.285 seconds
[2026-03-26T04:24:46.554+0000] {processor.py:161} INFO - Started process (PID=3115) to work on /opt/airflow/dags/e_commerce_dw_dag.py
[2026-03-26T04:24:46.560+0000] {processor.py:830} INFO - Processing file /opt/airflow/dags/e_commerce_dw_dag.py for tasks to queue
[2026-03-26T04:24:46.574+0000] {logging_mixin.py:188} INFO - [2026-03-26T04:24:46.572+0000] {dagbag.py:545} INFO - Filling up the DagBag from /opt/airflow/dags/e_commerce_dw_dag.py
[2026-03-26T04:24:46.794+0000] {processor.py:840} INFO - DAG(s) 'e_commerce_dw_etl' retrieved from /opt/airflow/dags/e_commerce_dw_dag.py
[2026-03-26T04:24:46.914+0000] {logging_mixin.py:188} INFO - [2026-03-26T04:24:46.913+0000] {dag.py:3096} INFO - Sync 1 DAGs
[2026-03-26T04:24:47.021+0000] {logging_mixin.py:188} INFO - [2026-03-26T04:24:47.021+0000] {dag.py:3954} INFO - Setting next_dagrun for e_commerce_dw_etl to 2025-11-07 00:00:00+00:00, run_after=2025-11-08 00:00:00+00:00
[2026-03-26T04:24:47.135+0000] {processor.py:183} INFO - Processing /opt/airflow/dags/e_commerce_dw_dag.py took 0.621 seconds
[2026-03-26T04:25:17.526+0000] {processor.py:161} INFO - Started process (PID=3185) to work on /opt/airflow/dags/e_commerce_dw_dag.py
[2026-03-26T04:25:17.543+0000] {processor.py:830} INFO - Processing file /opt/airflow/dags/e_commerce_dw_dag.py for tasks to queue
[2026-03-26T04:25:17.554+0000] {logging_mixin.py:188} INFO - [2026-03-26T04:25:17.552+0000] {dagbag.py:545} INFO - Filling up the DagBag from /opt/airflow/dags/e_commerce_dw_dag.py
[2026-03-26T04:25:17.865+0000] {processor.py:840} INFO - DAG(s) 'e_commerce_dw_etl' retrieved from /opt/airflow/dags/e_commerce_dw_dag.py
[2026-03-26T04:25:17.984+0000] {logging_mixin.py:188} INFO - [2026-03-26T04:25:17.976+0000] {dag.py:3096} INFO - Sync 1 DAGs
[2026-03-26T04:25:18.052+0000] {logging_mixin.py:188} INFO - [2026-03-26T04:25:18.052+0000] {dag.py:3954} INFO - Setting next_dagrun for e_commerce_dw_etl to 2025-11-16 00:00:00+00:00, run_after=2025-11-17 00:00:00+00:00
[2026-03-26T04:25:18.201+0000] {processor.py:183} INFO - Processing /opt/airflow/dags/e_commerce_dw_dag.py took 0.720 seconds
[2026-03-26T04:25:48.814+0000] {processor.py:161} INFO - Started process (PID=3269) to work on /opt/airflow/dags/e_commerce_dw_dag.py
[2026-03-26T04:25:48.819+0000] {processor.py:830} INFO - Processing file /opt/airflow/dags/e_commerce_dw_dag.py for tasks to queue
[2026-03-26T04:25:48.854+0000] {logging_mixin.py:188} INFO - [2026-03-26T04:25:48.853+0000] {dagbag.py:545} INFO - Filling up the DagBag from /opt/airflow/dags/e_commerce_dw_dag.py
[2026-03-26T04:25:49.098+0000] {processor.py:840} INFO - DAG(s) 'e_commerce_dw_etl' retrieved from /opt/airflow/dags/e_commerce_dw_dag.py
[2026-03-26T04:25:49.200+0000] {logging_mixin.py:188} INFO - [2026-03-26T04:25:49.199+0000] {dag.py:3096} INFO - Sync 1 DAGs
[2026-03-26T04:25:49.331+0000] {logging_mixin.py:188} INFO - [2026-03-26T04:25:49.330+0000] {dag.py:3954} INFO - Setting next_dagrun for e_commerce_dw_etl to 2025-11-29 00:00:00+00:00, run_after=2025-11-30 00:00:00+00:00
[2026-03-26T04:25:49.426+0000] {processor.py:183} INFO - Processing /opt/airflow/dags/e_commerce_dw_dag.py took 0.640 seconds
[2026-03-26T04:26:20.099+0000] {processor.py:161} INFO - Started process (PID=3345) to work on /opt/airflow/dags/e_commerce_dw_dag.py
[2026-03-26T04:26:20.112+0000] {processor.py:830} INFO - Processing file /opt/airflow/dags/e_commerce_dw_dag.py for tasks to queue
[2026-03-26T04:26:20.117+0000] {logging_mixin.py:188} INFO - [2026-03-26T04:26:20.116+0000] {dagbag.py:545} INFO - Filling up the DagBag from /opt/airflow/dags/e_commerce_dw_dag.py
[2026-03-26T04:26:20.403+0000] {processor.py:840} INFO - DAG(s) 'e_commerce_dw_etl' retrieved from /opt/airflow/dags/e_commerce_dw_dag.py
[2026-03-26T04:26:20.536+0000] {logging_mixin.py:188} INFO - [2026-03-26T04:26:20.535+0000] {dag.py:3096} INFO - Sync 1 DAGs
[2026-03-26T04:26:20.691+0000] {logging_mixin.py:188} INFO - [2026-03-26T04:26:20.690+0000] {dag.py:3954} INFO - Setting next_dagrun for e_commerce_dw_etl to 2025-12-06 00:00:00+00:00, run_after=2025-12-07 00:00:00+00:00
[2026-03-26T04:26:20.779+0000] {processor.py:183} INFO - Processing /opt/airflow/dags/e_commerce_dw_dag.py took 0.729 seconds
[2026-03-26T04:26:51.067+0000] {processor.py:161} INFO - Started process (PID=3418) to work on /opt/airflow/dags/e_commerce_dw_dag.py
[2026-03-26T04:26:51.069+0000] {processor.py:830} INFO - Processing file /opt/airflow/dags/e_commerce_dw_dag.py for tasks to queue
[2026-03-26T04:26:51.074+0000] {logging_mixin.py:188} INFO - [2026-03-26T04:26:51.073+0000] {dagbag.py:545} INFO - Filling up the DagBag from /opt/airflow/dags/e_commerce_dw_dag.py
[2026-03-26T04:26:51.224+0000] {processor.py:840} INFO - DAG(s) 'e_commerce_dw_etl' retrieved from /opt/airflow/dags/e_commerce_dw_dag.py
[2026-03-26T04:26:51.309+0000] {logging_mixin.py:188} INFO - [2026-03-26T04:26:51.309+0000] {dag.py:3096} INFO - Sync 1 DAGs
[2026-03-26T04:26:51.384+0000] {logging_mixin.py:188} INFO - [2026-03-26T04:26:51.383+0000] {dag.py:3954} INFO - Setting next_dagrun for e_commerce_dw_etl to 2025-12-18 00:00:00+00:00, run_after=2025-12-19 00:00:00+00:00
[2026-03-26T04:26:51.454+0000] {processor.py:183} INFO - Processing /opt/airflow/dags/e_commerce_dw_dag.py took 0.403 seconds
[2026-03-26T04:27:21.992+0000] {processor.py:161} INFO - Started process (PID=3491) to work on /opt/airflow/dags/e_commerce_dw_dag.py
[2026-03-26T04:27:22.016+0000] {processor.py:830} INFO - Processing file /opt/airflow/dags/e_commerce_dw_dag.py for tasks to queue
[2026-03-26T04:27:22.022+0000] {logging_mixin.py:188} INFO - [2026-03-26T04:27:22.022+0000] {dagbag.py:545} INFO - Filling up the DagBag from /opt/airflow/dags/e_commerce_dw_dag.py
[2026-03-26T04:27:22.353+0000] {processor.py:840} INFO - DAG(s) 'e_commerce_dw_etl' retrieved from /opt/airflow/dags/e_commerce_dw_dag.py
[2026-03-26T04:27:22.570+0000] {logging_mixin.py:188} INFO - [2026-03-26T04:27:22.569+0000] {dag.py:3096} INFO - Sync 1 DAGs
[2026-03-26T04:27:22.745+0000] {logging_mixin.py:188} INFO - [2026-03-26T04:27:22.744+0000] {dag.py:3954} INFO - Setting next_dagrun for e_commerce_dw_etl to 2025-12-29 00:00:00+00:00, run_after=2025-12-30 00:00:00+00:00
[2026-03-26T04:27:22.926+0000] {processor.py:183} INFO - Processing /opt/airflow/dags/e_commerce_dw_dag.py took 0.976 seconds
[2026-03-26T04:27:53.294+0000] {processor.py:161} INFO - Started process (PID=3560) to work on /opt/airflow/dags/e_commerce_dw_dag.py
[2026-03-26T04:27:53.302+0000] {processor.py:830} INFO - Processing file /opt/airflow/dags/e_commerce_dw_dag.py for tasks to queue
[2026-03-26T04:27:53.313+0000] {logging_mixin.py:188} INFO - [2026-03-26T04:27:53.313+0000] {dagbag.py:545} INFO - Filling up the DagBag from /opt/airflow/dags/e_commerce_dw_dag.py
[2026-03-26T04:27:53.546+0000] {processor.py:840} INFO - DAG(s) 'e_commerce_dw_etl' retrieved from /opt/airflow/dags/e_commerce_dw_dag.py
[2026-03-26T04:27:53.713+0000] {logging_mixin.py:188} INFO - [2026-03-26T04:27:53.713+0000] {dag.py:3096} INFO - Sync 1 DAGs
[2026-03-26T04:27:53.849+0000] {logging_mixin.py:188} INFO - [2026-03-26T04:27:53.848+0000] {dag.py:3954} INFO - Setting next_dagrun for e_commerce_dw_etl to 2026-01-05 00:00:00+00:00, run_after=2026-01-06 00:00:00+00:00
[2026-03-26T04:27:53.980+0000] {processor.py:183} INFO - Processing /opt/airflow/dags/e_commerce_dw_dag.py took 0.726 seconds
[2026-03-26T04:28:24.636+0000] {processor.py:161} INFO - Started process (PID=3619) to work on /opt/airflow/dags/e_commerce_dw_dag.py
[2026-03-26T04:28:24.639+0000] {processor.py:830} INFO - Processing file /opt/airflow/dags/e_commerce_dw_dag.py for tasks to queue
[2026-03-26T04:28:24.665+0000] {logging_mixin.py:188} INFO - [2026-03-26T04:28:24.663+0000] {dagbag.py:545} INFO - Filling up the DagBag from /opt/airflow/dags/e_commerce_dw_dag.py
[2026-03-26T04:28:25.084+0000] {processor.py:840} INFO - DAG(s) 'e_commerce_dw_etl' retrieved from /opt/airflow/dags/e_commerce_dw_dag.py
[2026-03-26T04:28:25.612+0000] {logging_mixin.py:188} INFO - [2026-03-26T04:28:25.592+0000] {dag.py:3096} INFO - Sync 1 DAGs
[2026-03-26T04:28:25.849+0000] {logging_mixin.py:188} INFO - [2026-03-26T04:28:25.849+0000] {dag.py:3954} INFO - Setting next_dagrun for e_commerce_dw_etl to 2026-01-14 00:00:00+00:00, run_after=2026-01-15 00:00:00+00:00
[2026-03-26T04:28:26.005+0000] {processor.py:183} INFO - Processing /opt/airflow/dags/e_commerce_dw_dag.py took 1.423 seconds
[2026-03-26T04:28:56.362+0000] {processor.py:161} INFO - Started process (PID=3682) to work on /opt/airflow/dags/e_commerce_dw_dag.py
[2026-03-26T04:28:56.393+0000] {processor.py:830} INFO - Processing file /opt/airflow/dags/e_commerce_dw_dag.py for tasks to queue
[2026-03-26T04:28:56.413+0000] {logging_mixin.py:188} INFO - [2026-03-26T04:28:56.412+0000] {dagbag.py:545} INFO - Filling up the DagBag from /opt/airflow/dags/e_commerce_dw_dag.py
[2026-03-26T04:28:56.655+0000] {processor.py:840} INFO - DAG(s) 'e_commerce_dw_etl' retrieved from /opt/airflow/dags/e_commerce_dw_dag.py
[2026-03-26T04:28:56.853+0000] {logging_mixin.py:188} INFO - [2026-03-26T04:28:56.852+0000] {dag.py:3096} INFO - Sync 1 DAGs
[2026-03-26T04:28:56.956+0000] {logging_mixin.py:188} INFO - [2026-03-26T04:28:56.955+0000] {dag.py:3954} INFO - Setting next_dagrun for e_commerce_dw_etl to 2026-01-21 00:00:00+00:00, run_after=2026-01-22 00:00:00+00:00
[2026-03-26T04:28:57.047+0000] {processor.py:183} INFO - Processing /opt/airflow/dags/e_commerce_dw_dag.py took 0.737 seconds
[2026-03-26T04:29:28.056+0000] {processor.py:161} INFO - Started process (PID=3765) to work on /opt/airflow/dags/e_commerce_dw_dag.py
[2026-03-26T04:29:28.072+0000] {processor.py:830} INFO - Processing file /opt/airflow/dags/e_commerce_dw_dag.py for tasks to queue
[2026-03-26T04:29:28.094+0000] {logging_mixin.py:188} INFO - [2026-03-26T04:29:28.093+0000] {dagbag.py:545} INFO - Filling up the DagBag from /opt/airflow/dags/e_commerce_dw_dag.py
[2026-03-26T04:29:28.415+0000] {processor.py:840} INFO - DAG(s) 'e_commerce_dw_etl' retrieved from /opt/airflow/dags/e_commerce_dw_dag.py
[2026-03-26T04:29:28.546+0000] {logging_mixin.py:188} INFO - [2026-03-26T04:29:28.546+0000] {dag.py:3096} INFO - Sync 1 DAGs
[2026-03-26T04:29:28.757+0000] {processor.py:183} INFO - Processing /opt/airflow/dags/e_commerce_dw_dag.py took 0.746 seconds
[2026-03-26T04:29:59.357+0000] {processor.py:161} INFO - Started process (PID=3845) to work on /opt/airflow/dags/e_commerce_dw_dag.py
[2026-03-26T04:29:59.366+0000] {processor.py:830} INFO - Processing file /opt/airflow/dags/e_commerce_dw_dag.py for tasks to queue
[2026-03-26T04:29:59.380+0000] {logging_mixin.py:188} INFO - [2026-03-26T04:29:59.379+0000] {dagbag.py:545} INFO - Filling up the DagBag from /opt/airflow/dags/e_commerce_dw_dag.py
[2026-03-26T04:29:59.845+0000] {processor.py:840} INFO - DAG(s) 'e_commerce_dw_etl' retrieved from /opt/airflow/dags/e_commerce_dw_dag.py
[2026-03-26T04:30:00.335+0000] {logging_mixin.py:188} INFO - [2026-03-26T04:30:00.334+0000] {dag.py:3096} INFO - Sync 1 DAGs
[2026-03-26T04:30:00.528+0000] {logging_mixin.py:188} INFO - [2026-03-26T04:30:00.527+0000] {dag.py:3954} INFO - Setting next_dagrun for e_commerce_dw_etl to 2026-02-16 00:00:00+00:00, run_after=2026-02-17 00:00:00+00:00
[2026-03-26T04:30:00.642+0000] {processor.py:183} INFO - Processing /opt/airflow/dags/e_commerce_dw_dag.py took 1.316 seconds
[2026-03-26T04:30:30.950+0000] {processor.py:161} INFO - Started process (PID=3910) to work on /opt/airflow/dags/e_commerce_dw_dag.py
[2026-03-26T04:30:30.963+0000] {processor.py:830} INFO - Processing file /opt/airflow/dags/e_commerce_dw_dag.py for tasks to queue
[2026-03-26T04:30:30.973+0000] {logging_mixin.py:188} INFO - [2026-03-26T04:30:30.973+0000] {dagbag.py:545} INFO - Filling up the DagBag from /opt/airflow/dags/e_commerce_dw_dag.py
[2026-03-26T04:30:31.174+0000] {processor.py:840} INFO - DAG(s) 'e_commerce_dw_etl' retrieved from /opt/airflow/dags/e_commerce_dw_dag.py
[2026-03-26T04:30:31.304+0000] {logging_mixin.py:188} INFO - [2026-03-26T04:30:31.303+0000] {dag.py:3096} INFO - Sync 1 DAGs
[2026-03-26T04:30:31.348+0000] {logging_mixin.py:188} INFO - [2026-03-26T04:30:31.347+0000] {dag.py:3954} INFO - Setting next_dagrun for e_commerce_dw_etl to 2026-02-20 00:00:00+00:00, run_after=2026-02-21 00:00:00+00:00
[2026-03-26T04:30:31.413+0000] {processor.py:183} INFO - Processing /opt/airflow/dags/e_commerce_dw_dag.py took 0.480 seconds
[2026-03-26T04:31:01.895+0000] {processor.py:161} INFO - Started process (PID=3980) to work on /opt/airflow/dags/e_commerce_dw_dag.py
[2026-03-26T04:31:01.911+0000] {processor.py:830} INFO - Processing file /opt/airflow/dags/e_commerce_dw_dag.py for tasks to queue
[2026-03-26T04:31:01.965+0000] {logging_mixin.py:188} INFO - [2026-03-26T04:31:01.964+0000] {dagbag.py:545} INFO - Filling up the DagBag from /opt/airflow/dags/e_commerce_dw_dag.py
[2026-03-26T04:31:02.432+0000] {processor.py:840} INFO - DAG(s) 'e_commerce_dw_etl' retrieved from /opt/airflow/dags/e_commerce_dw_dag.py
[2026-03-26T04:31:02.688+0000] {logging_mixin.py:188} INFO - [2026-03-26T04:31:02.687+0000] {dag.py:3096} INFO - Sync 1 DAGs
[2026-03-26T04:31:03.019+0000] {logging_mixin.py:188} INFO - [2026-03-26T04:31:03.018+0000] {dag.py:3954} INFO - Setting next_dagrun for e_commerce_dw_etl to 2026-03-01 00:00:00+00:00, run_after=2026-03-02 00:00:00+00:00
[2026-03-26T04:31:03.134+0000] {processor.py:183} INFO - Processing /opt/airflow/dags/e_commerce_dw_dag.py took 1.329 seconds
[2026-03-26T04:31:33.441+0000] {processor.py:161} INFO - Started process (PID=4054) to work on /opt/airflow/dags/e_commerce_dw_dag.py
[2026-03-26T04:31:33.445+0000] {processor.py:830} INFO - Processing file /opt/airflow/dags/e_commerce_dw_dag.py for tasks to queue
[2026-03-26T04:31:33.452+0000] {logging_mixin.py:188} INFO - [2026-03-26T04:31:33.451+0000] {dagbag.py:545} INFO - Filling up the DagBag from /opt/airflow/dags/e_commerce_dw_dag.py
[2026-03-26T04:31:33.672+0000] {processor.py:840} INFO - DAG(s) 'e_commerce_dw_etl' retrieved from /opt/airflow/dags/e_commerce_dw_dag.py
[2026-03-26T04:31:33.789+0000] {logging_mixin.py:188} INFO - [2026-03-26T04:31:33.788+0000] {dag.py:3096} INFO - Sync 1 DAGs
[2026-03-26T04:31:33.914+0000] {logging_mixin.py:188} INFO - [2026-03-26T04:31:33.914+0000] {dag.py:3954} INFO - Setting next_dagrun for e_commerce_dw_etl to 2026-03-11 00:00:00+00:00, run_after=2026-03-12 00:00:00+00:00
[2026-03-26T04:31:34.017+0000] {processor.py:183} INFO - Processing /opt/airflow/dags/e_commerce_dw_dag.py took 0.595 seconds
[2026-03-26T04:32:04.919+0000] {processor.py:161} INFO - Started process (PID=4132) to work on /opt/airflow/dags/e_commerce_dw_dag.py
[2026-03-26T04:32:04.921+0000] {processor.py:830} INFO - Processing file /opt/airflow/dags/e_commerce_dw_dag.py for tasks to queue
[2026-03-26T04:32:04.930+0000] {logging_mixin.py:188} INFO - [2026-03-26T04:32:04.929+0000] {dagbag.py:545} INFO - Filling up the DagBag from /opt/airflow/dags/e_commerce_dw_dag.py
[2026-03-26T04:32:05.278+0000] {processor.py:840} INFO - DAG(s) 'e_commerce_dw_etl' retrieved from /opt/airflow/dags/e_commerce_dw_dag.py
[2026-03-26T04:32:05.401+0000] {logging_mixin.py:188} INFO - [2026-03-26T04:32:05.400+0000] {dag.py:3096} INFO - Sync 1 DAGs
[2026-03-26T04:32:05.588+0000] {logging_mixin.py:188} INFO - [2026-03-26T04:32:05.588+0000] {dag.py:3954} INFO - Setting next_dagrun for e_commerce_dw_etl to 2026-03-23 00:00:00+00:00, run_after=2026-03-24 00:00:00+00:00
[2026-03-26T04:32:05.664+0000] {processor.py:183} INFO - Processing /opt/airflow/dags/e_commerce_dw_dag.py took 0.789 seconds
[2026-03-26T04:32:36.257+0000] {processor.py:161} INFO - Started process (PID=4189) to work on /opt/airflow/dags/e_commerce_dw_dag.py
[2026-03-26T04:32:36.259+0000] {processor.py:830} INFO - Processing file /opt/airflow/dags/e_commerce_dw_dag.py for tasks to queue
[2026-03-26T04:32:36.269+0000] {logging_mixin.py:188} INFO - [2026-03-26T04:32:36.269+0000] {dagbag.py:545} INFO - Filling up the DagBag from /opt/airflow/dags/e_commerce_dw_dag.py
[2026-03-26T04:32:36.461+0000] {processor.py:840} INFO - DAG(s) 'e_commerce_dw_etl' retrieved from /opt/airflow/dags/e_commerce_dw_dag.py
[2026-03-26T04:32:36.533+0000] {logging_mixin.py:188} INFO - [2026-03-26T04:32:36.533+0000] {dag.py:3096} INFO - Sync 1 DAGs
[2026-03-26T04:32:36.602+0000] {logging_mixin.py:188} INFO - [2026-03-26T04:32:36.601+0000] {dag.py:3954} INFO - Setting next_dagrun for e_commerce_dw_etl to 2026-03-26 00:00:00+00:00, run_after=2026-03-27 00:00:00+00:00
[2026-03-26T04:32:36.667+0000] {processor.py:183} INFO - Processing /opt/airflow/dags/e_commerce_dw_dag.py took 0.429 seconds
[2026-03-26T04:33:07.107+0000] {processor.py:161} INFO - Started process (PID=4249) to work on /opt/airflow/dags/e_commerce_dw_dag.py
[2026-03-26T04:33:07.110+0000] {processor.py:830} INFO - Processing file /opt/airflow/dags/e_commerce_dw_dag.py for tasks to queue
[2026-03-26T04:33:07.119+0000] {logging_mixin.py:188} INFO - [2026-03-26T04:33:07.118+0000] {dagbag.py:545} INFO - Filling up the DagBag from /opt/airflow/dags/e_commerce_dw_dag.py
[2026-03-26T04:33:07.367+0000] {processor.py:840} INFO - DAG(s) 'e_commerce_dw_etl' retrieved from /opt/airflow/dags/e_commerce_dw_dag.py
[2026-03-26T04:33:07.467+0000] {logging_mixin.py:188} INFO - [2026-03-26T04:33:07.467+0000] {dag.py:3096} INFO - Sync 1 DAGs
[2026-03-26T04:33:07.518+0000] {logging_mixin.py:188} INFO - [2026-03-26T04:33:07.517+0000] {dag.py:3954} INFO - Setting next_dagrun for e_commerce_dw_etl to 2026-03-26 00:00:00+00:00, run_after=2026-03-27 00:00:00+00:00
[2026-03-26T04:33:07.585+0000] {processor.py:183} INFO - Processing /opt/airflow/dags/e_commerce_dw_dag.py took 0.505 seconds
[2026-03-26T04:33:38.285+0000] {processor.py:161} INFO - Started process (PID=4313) to work on /opt/airflow/dags/e_commerce_dw_dag.py
[2026-03-26T04:33:38.287+0000] {processor.py:830} INFO - Processing file /opt/airflow/dags/e_commerce_dw_dag.py for tasks to queue
[2026-03-26T04:33:38.291+0000] {logging_mixin.py:188} INFO - [2026-03-26T04:33:38.290+0000] {dagbag.py:545} INFO - Filling up the DagBag from /opt/airflow/dags/e_commerce_dw_dag.py
[2026-03-26T04:33:38.432+0000] {processor.py:840} INFO - DAG(s) 'e_commerce_dw_etl' retrieved from /opt/airflow/dags/e_commerce_dw_dag.py
[2026-03-26T04:33:38.507+0000] {logging_mixin.py:188} INFO - [2026-03-26T04:33:38.507+0000] {dag.py:3096} INFO - Sync 1 DAGs
[2026-03-26T04:33:38.561+0000] {logging_mixin.py:188} INFO - [2026-03-26T04:33:38.560+0000] {dag.py:3954} INFO - Setting next_dagrun for e_commerce_dw_etl to 2026-03-26 00:00:00+00:00, run_after=2026-03-27 00:00:00+00:00
[2026-03-26T04:33:38.619+0000] {processor.py:183} INFO - Processing /opt/airflow/dags/e_commerce_dw_dag.py took 0.345 seconds
[2026-03-26T04:34:08.785+0000] {processor.py:161} INFO - Started process (PID=4339) to work on /opt/airflow/dags/e_commerce_dw_dag.py
[2026-03-26T04:34:08.788+0000] {processor.py:830} INFO - Processing file /opt/airflow/dags/e_commerce_dw_dag.py for tasks to queue
[2026-03-26T04:34:08.791+0000] {logging_mixin.py:188} INFO - [2026-03-26T04:34:08.791+0000] {dagbag.py:545} INFO - Filling up the DagBag from /opt/airflow/dags/e_commerce_dw_dag.py
[2026-03-26T04:34:08.916+0000] {processor.py:840} INFO - DAG(s) 'e_commerce_dw_etl' retrieved from /opt/airflow/dags/e_commerce_dw_dag.py
[2026-03-26T04:34:08.965+0000] {logging_mixin.py:188} INFO - [2026-03-26T04:34:08.965+0000] {dag.py:3096} INFO - Sync 1 DAGs
[2026-03-26T04:34:08.992+0000] {logging_mixin.py:188} INFO - [2026-03-26T04:34:08.992+0000] {dag.py:3954} INFO - Setting next_dagrun for e_commerce_dw_etl to 2026-03-26 00:00:00+00:00, run_after=2026-03-27 00:00:00+00:00
[2026-03-26T04:34:09.025+0000] {processor.py:183} INFO - Processing /opt/airflow/dags/e_commerce_dw_dag.py took 0.249 seconds
[2026-03-26T04:34:40.057+0000] {processor.py:161} INFO - Started process (PID=4371) to work on /opt/airflow/dags/e_commerce_dw_dag.py
[2026-03-26T04:34:40.059+0000] {processor.py:830} INFO - Processing file /opt/airflow/dags/e_commerce_dw_dag.py for tasks to queue
[2026-03-26T04:34:40.062+0000] {logging_mixin.py:188} INFO - [2026-03-26T04:34:40.061+0000] {dagbag.py:545} INFO - Filling up the DagBag from /opt/airflow/dags/e_commerce_dw_dag.py
[2026-03-26T04:34:40.141+0000] {processor.py:840} INFO - DAG(s) 'e_commerce_dw_etl' retrieved from /opt/airflow/dags/e_commerce_dw_dag.py
[2026-03-26T04:34:40.176+0000] {logging_mixin.py:188} INFO - [2026-03-26T04:34:40.176+0000] {dag.py:3096} INFO - Sync 1 DAGs
[2026-03-26T04:34:40.201+0000] {logging_mixin.py:188} INFO - [2026-03-26T04:34:40.201+0000] {dag.py:3954} INFO - Setting next_dagrun for e_commerce_dw_etl to 2026-03-26 00:00:00+00:00, run_after=2026-03-27 00:00:00+00:00
[2026-03-26T04:34:40.227+0000] {processor.py:183} INFO - Processing /opt/airflow/dags/e_commerce_dw_dag.py took 0.179 seconds
[2026-03-26T04:35:10.649+0000] {processor.py:161} INFO - Started process (PID=4397) to work on /opt/airflow/dags/e_commerce_dw_dag.py
[2026-03-26T04:35:10.651+0000] {processor.py:830} INFO - Processing file /opt/airflow/dags/e_commerce_dw_dag.py for tasks to queue
[2026-03-26T04:35:10.654+0000] {logging_mixin.py:188} INFO - [2026-03-26T04:35:10.654+0000] {dagbag.py:545} INFO - Filling up the DagBag from /opt/airflow/dags/e_commerce_dw_dag.py
[2026-03-26T04:35:10.728+0000] {processor.py:840} INFO - DAG(s) 'e_commerce_dw_etl' retrieved from /opt/airflow/dags/e_commerce_dw_dag.py
[2026-03-26T04:35:10.760+0000] {logging_mixin.py:188} INFO - [2026-03-26T04:35:10.760+0000] {dag.py:3096} INFO - Sync 1 DAGs
[2026-03-26T04:35:10.780+0000] {logging_mixin.py:188} INFO - [2026-03-26T04:35:10.780+0000] {dag.py:3954} INFO - Setting next_dagrun for e_commerce_dw_etl to 2026-03-26 00:00:00+00:00, run_after=2026-03-27 00:00:00+00:00
[2026-03-26T04:35:10.804+0000] {processor.py:183} INFO - Processing /opt/airflow/dags/e_commerce_dw_dag.py took 0.164 seconds
[2026-03-26T04:35:41.539+0000] {processor.py:161} INFO - Started process (PID=4423) to work on /opt/airflow/dags/e_commerce_dw_dag.py
[2026-03-26T04:35:41.541+0000] {processor.py:830} INFO - Processing file /opt/airflow/dags/e_commerce_dw_dag.py for tasks to queue
[2026-03-26T04:35:41.543+0000] {logging_mixin.py:188} INFO - [2026-03-26T04:35:41.543+0000] {dagbag.py:545} INFO - Filling up the DagBag from /opt/airflow/dags/e_commerce_dw_dag.py
[2026-03-26T04:35:41.635+0000] {processor.py:840} INFO - DAG(s) 'e_commerce_dw_etl' retrieved from /opt/airflow/dags/e_commerce_dw_dag.py
[2026-03-26T04:35:41.664+0000] {logging_mixin.py:188} INFO - [2026-03-26T04:35:41.664+0000] {dag.py:3096} INFO - Sync 1 DAGs
[2026-03-26T04:35:41.683+0000] {logging_mixin.py:188} INFO - [2026-03-26T04:35:41.682+0000] {dag.py:3954} INFO - Setting next_dagrun for e_commerce_dw_etl to 2026-03-26 00:00:00+00:00, run_after=2026-03-27 00:00:00+00:00
[2026-03-26T04:35:41.713+0000] {processor.py:183} INFO - Processing /opt/airflow/dags/e_commerce_dw_dag.py took 0.180 seconds
[2026-03-26T04:36:12.217+0000] {processor.py:161} INFO - Started process (PID=4450) to work on /opt/airflow/dags/e_commerce_dw_dag.py
[2026-03-26T04:36:12.218+0000] {processor.py:830} INFO - Processing file /opt/airflow/dags/e_commerce_dw_dag.py for tasks to queue
[2026-03-26T04:36:12.221+0000] {logging_mixin.py:188} INFO - [2026-03-26T04:36:12.220+0000] {dagbag.py:545} INFO - Filling up the DagBag from /opt/airflow/dags/e_commerce_dw_dag.py
[2026-03-26T04:36:12.313+0000] {processor.py:840} INFO - DAG(s) 'e_commerce_dw_etl' retrieved from /opt/airflow/dags/e_commerce_dw_dag.py
[2026-03-26T04:36:12.344+0000] {logging_mixin.py:188} INFO - [2026-03-26T04:36:12.344+0000] {dag.py:3096} INFO - Sync 1 DAGs
[2026-03-26T04:36:12.369+0000] {logging_mixin.py:188} INFO - [2026-03-26T04:36:12.369+0000] {dag.py:3954} INFO - Setting next_dagrun for e_commerce_dw_etl to 2026-03-26 00:00:00+00:00, run_after=2026-03-27 00:00:00+00:00
[2026-03-26T04:36:12.392+0000] {processor.py:183} INFO - Processing /opt/airflow/dags/e_commerce_dw_dag.py took 0.183 seconds
[2026-03-26T04:36:42.912+0000] {processor.py:161} INFO - Started process (PID=4476) to work on /opt/airflow/dags/e_commerce_dw_dag.py
[2026-03-26T04:36:42.913+0000] {processor.py:830} INFO - Processing file /opt/airflow/dags/e_commerce_dw_dag.py for tasks to queue
[2026-03-26T04:36:42.916+0000] {logging_mixin.py:188} INFO - [2026-03-26T04:36:42.915+0000] {dagbag.py:545} INFO - Filling up the DagBag from /opt/airflow/dags/e_commerce_dw_dag.py
[2026-03-26T04:36:43.004+0000] {processor.py:840} INFO - DAG(s) 'e_commerce_dw_etl' retrieved from /opt/airflow/dags/e_commerce_dw_dag.py
[2026-03-26T04:36:43.043+0000] {logging_mixin.py:188} INFO - [2026-03-26T04:36:43.043+0000] {dag.py:3096} INFO - Sync 1 DAGs
[2026-03-26T04:36:43.072+0000] {logging_mixin.py:188} INFO - [2026-03-26T04:36:43.072+0000] {dag.py:3954} INFO - Setting next_dagrun for e_commerce_dw_etl to 2026-03-26 00:00:00+00:00, run_after=2026-03-27 00:00:00+00:00
[2026-03-26T04:36:43.105+0000] {processor.py:183} INFO - Processing /opt/airflow/dags/e_commerce_dw_dag.py took 0.200 seconds
[2026-03-26T04:37:13.636+0000] {processor.py:161} INFO - Started process (PID=4503) to work on /opt/airflow/dags/e_commerce_dw_dag.py
[2026-03-26T04:37:13.637+0000] {processor.py:830} INFO - Processing file /opt/airflow/dags/e_commerce_dw_dag.py for tasks to queue
[2026-03-26T04:37:13.640+0000] {logging_mixin.py:188} INFO - [2026-03-26T04:37:13.640+0000] {dagbag.py:545} INFO - Filling up the DagBag from /opt/airflow/dags/e_commerce_dw_dag.py
[2026-03-26T04:37:13.713+0000] {processor.py:840} INFO - DAG(s) 'e_commerce_dw_etl' retrieved from /opt/airflow/dags/e_commerce_dw_dag.py
[2026-03-26T04:37:13.743+0000] {logging_mixin.py:188} INFO - [2026-03-26T04:37:13.743+0000] {dag.py:3096} INFO - Sync 1 DAGs
[2026-03-26T04:37:13.767+0000] {logging_mixin.py:188} INFO - [2026-03-26T04:37:13.767+0000] {dag.py:3954} INFO - Setting next_dagrun for e_commerce_dw_etl to 2026-03-26 00:00:00+00:00, run_after=2026-03-27 00:00:00+00:00
[2026-03-26T04:37:13.793+0000] {processor.py:183} INFO - Processing /opt/airflow/dags/e_commerce_dw_dag.py took 0.166 seconds
[2026-03-26T04:37:44.368+0000] {processor.py:161} INFO - Started process (PID=4529) to work on /opt/airflow/dags/e_commerce_dw_dag.py
[2026-03-26T04:37:44.369+0000] {processor.py:830} INFO - Processing file /opt/airflow/dags/e_commerce_dw_dag.py for tasks to queue
[2026-03-26T04:37:44.372+0000] {logging_mixin.py:188} INFO - [2026-03-26T04:37:44.371+0000] {dagbag.py:545} INFO - Filling up the DagBag from /opt/airflow/dags/e_commerce_dw_dag.py
[2026-03-26T04:37:44.442+0000] {processor.py:840} INFO - DAG(s) 'e_commerce_dw_etl' retrieved from /opt/airflow/dags/e_commerce_dw_dag.py
[2026-03-26T04:37:44.472+0000] {logging_mixin.py:188} INFO - [2026-03-26T04:37:44.472+0000] {dag.py:3096} INFO - Sync 1 DAGs
[2026-03-26T04:37:44.493+0000] {logging_mixin.py:188} INFO - [2026-03-26T04:37:44.493+0000] {dag.py:3954} INFO - Setting next_dagrun for e_commerce_dw_etl to 2026-03-26 00:00:00+00:00, run_after=2026-03-27 00:00:00+00:00
[2026-03-26T04:37:44.536+0000] {processor.py:183} INFO - Processing /opt/airflow/dags/e_commerce_dw_dag.py took 0.175 seconds
[2026-03-26T04:38:14.661+0000] {processor.py:161} INFO - Started process (PID=4555) to work on /opt/airflow/dags/e_commerce_dw_dag.py
[2026-03-26T04:38:14.663+0000] {processor.py:830} INFO - Processing file /opt/airflow/dags/e_commerce_dw_dag.py for tasks to queue
[2026-03-26T04:38:14.666+0000] {logging_mixin.py:188} INFO - [2026-03-26T04:38:14.665+0000] {dagbag.py:545} INFO - Filling up the DagBag from /opt/airflow/dags/e_commerce_dw_dag.py
[2026-03-26T04:38:14.752+0000] {processor.py:840} INFO - DAG(s) 'e_commerce_dw_etl' retrieved from /opt/airflow/dags/e_commerce_dw_dag.py
[2026-03-26T04:38:14.788+0000] {logging_mixin.py:188} INFO - [2026-03-26T04:38:14.787+0000] {dag.py:3096} INFO - Sync 1 DAGs
[2026-03-26T04:38:14.812+0000] {logging_mixin.py:188} INFO - [2026-03-26T04:38:14.812+0000] {dag.py:3954} INFO - Setting next_dagrun for e_commerce_dw_etl to 2026-03-26 00:00:00+00:00, run_after=2026-03-27 00:00:00+00:00
[2026-03-26T04:38:14.841+0000] {processor.py:183} INFO - Processing /opt/airflow/dags/e_commerce_dw_dag.py took 0.190 seconds
[2026-03-26T04:38:45.315+0000] {processor.py:161} INFO - Started process (PID=4582) to work on /opt/airflow/dags/e_commerce_dw_dag.py
[2026-03-26T04:38:45.316+0000] {processor.py:830} INFO - Processing file /opt/airflow/dags/e_commerce_dw_dag.py for tasks to queue
[2026-03-26T04:38:45.319+0000] {logging_mixin.py:188} INFO - [2026-03-26T04:38:45.318+0000] {dagbag.py:545} INFO - Filling up the DagBag from /opt/airflow/dags/e_commerce_dw_dag.py
[2026-03-26T04:38:45.418+0000] {processor.py:840} INFO - DAG(s) 'e_commerce_dw_etl' retrieved from /opt/airflow/dags/e_commerce_dw_dag.py
[2026-03-26T04:38:45.451+0000] {logging_mixin.py:188} INFO - [2026-03-26T04:38:45.451+0000] {dag.py:3096} INFO - Sync 1 DAGs
[2026-03-26T04:38:45.472+0000] {logging_mixin.py:188} INFO - [2026-03-26T04:38:45.472+0000] {dag.py:3954} INFO - Setting next_dagrun for e_commerce_dw_etl to 2026-03-26 00:00:00+00:00, run_after=2026-03-27 00:00:00+00:00
[2026-03-26T04:38:45.498+0000] {processor.py:183} INFO - Processing /opt/airflow/dags/e_commerce_dw_dag.py took 0.191 seconds
[2026-03-26T04:39:15.832+0000] {processor.py:161} INFO - Started process (PID=4608) to work on /opt/airflow/dags/e_commerce_dw_dag.py
[2026-03-26T04:39:15.834+0000] {processor.py:830} INFO - Processing file /opt/airflow/dags/e_commerce_dw_dag.py for tasks to queue
[2026-03-26T04:39:15.837+0000] {logging_mixin.py:188} INFO - [2026-03-26T04:39:15.836+0000] {dagbag.py:545} INFO - Filling up the DagBag from /opt/airflow/dags/e_commerce_dw_dag.py
[2026-03-26T04:39:15.911+0000] {processor.py:840} INFO - DAG(s) 'e_commerce_dw_etl' retrieved from /opt/airflow/dags/e_commerce_dw_dag.py
[2026-03-26T04:39:15.958+0000] {logging_mixin.py:188} INFO - [2026-03-26T04:39:15.958+0000] {dag.py:3096} INFO - Sync 1 DAGs
[2026-03-26T04:39:15.984+0000] {logging_mixin.py:188} INFO - [2026-03-26T04:39:15.984+0000] {dag.py:3954} INFO - Setting next_dagrun for e_commerce_dw_etl to 2026-03-26 00:00:00+00:00, run_after=2026-03-27 00:00:00+00:00
[2026-03-26T04:39:16.005+0000] {processor.py:183} INFO - Processing /opt/airflow/dags/e_commerce_dw_dag.py took 0.184 seconds
[2026-03-26T04:39:46.907+0000] {processor.py:161} INFO - Started process (PID=4635) to work on /opt/airflow/dags/e_commerce_dw_dag.py
[2026-03-26T04:39:46.909+0000] {processor.py:830} INFO - Processing file /opt/airflow/dags/e_commerce_dw_dag.py for tasks to queue
[2026-03-26T04:39:46.911+0000] {logging_mixin.py:188} INFO - [2026-03-26T04:39:46.911+0000] {dagbag.py:545} INFO - Filling up the DagBag from /opt/airflow/dags/e_commerce_dw_dag.py
[2026-03-26T04:39:47.020+0000] {processor.py:840} INFO - DAG(s) 'e_commerce_dw_etl' retrieved from /opt/airflow/dags/e_commerce_dw_dag.py
[2026-03-26T04:39:47.050+0000] {logging_mixin.py:188} INFO - [2026-03-26T04:39:47.049+0000] {dag.py:3096} INFO - Sync 1 DAGs
[2026-03-26T04:39:47.072+0000] {logging_mixin.py:188} INFO - [2026-03-26T04:39:47.072+0000] {dag.py:3954} INFO - Setting next_dagrun for e_commerce_dw_etl to 2026-03-26 00:00:00+00:00, run_after=2026-03-27 00:00:00+00:00
[2026-03-26T04:39:47.098+0000] {processor.py:183} INFO - Processing /opt/airflow/dags/e_commerce_dw_dag.py took 0.197 seconds
[2026-03-26T04:40:17.815+0000] {processor.py:161} INFO - Started process (PID=4661) to work on /opt/airflow/dags/e_commerce_dw_dag.py
[2026-03-26T04:40:17.817+0000] {processor.py:830} INFO - Processing file /opt/airflow/dags/e_commerce_dw_dag.py for tasks to queue
[2026-03-26T04:40:17.819+0000] {logging_mixin.py:188} INFO - [2026-03-26T04:40:17.819+0000] {dagbag.py:545} INFO - Filling up the DagBag from /opt/airflow/dags/e_commerce_dw_dag.py
[2026-03-26T04:40:17.894+0000] {processor.py:840} INFO - DAG(s) 'e_commerce_dw_etl' retrieved from /opt/airflow/dags/e_commerce_dw_dag.py
[2026-03-26T04:40:17.923+0000] {logging_mixin.py:188} INFO - [2026-03-26T04:40:17.923+0000] {dag.py:3096} INFO - Sync 1 DAGs
[2026-03-26T04:40:17.943+0000] {logging_mixin.py:188} INFO - [2026-03-26T04:40:17.943+0000] {dag.py:3954} INFO - Setting next_dagrun for e_commerce_dw_etl to 2026-03-26 00:00:00+00:00, run_after=2026-03-27 00:00:00+00:00
[2026-03-26T04:40:17.967+0000] {processor.py:183} INFO - Processing /opt/airflow/dags/e_commerce_dw_dag.py took 0.159 seconds
[2026-03-26T04:40:48.893+0000] {processor.py:161} INFO - Started process (PID=4687) to work on /opt/airflow/dags/e_commerce_dw_dag.py
[2026-03-26T04:40:48.896+0000] {processor.py:830} INFO - Processing file /opt/airflow/dags/e_commerce_dw_dag.py for tasks to queue
[2026-03-26T04:40:48.901+0000] {logging_mixin.py:188} INFO - [2026-03-26T04:40:48.900+0000] {dagbag.py:545} INFO - Filling up the DagBag from /opt/airflow/dags/e_commerce_dw_dag.py
[2026-03-26T04:40:49.031+0000] {processor.py:840} INFO - DAG(s) 'e_commerce_dw_etl' retrieved from /opt/airflow/dags/e_commerce_dw_dag.py
[2026-03-26T04:40:49.087+0000] {logging_mixin.py:188} INFO - [2026-03-26T04:40:49.087+0000] {dag.py:3096} INFO - Sync 1 DAGs
[2026-03-26T04:40:49.125+0000] {logging_mixin.py:188} INFO - [2026-03-26T04:40:49.124+0000] {dag.py:3954} INFO - Setting next_dagrun for e_commerce_dw_etl to 2026-03-26 00:00:00+00:00, run_after=2026-03-27 00:00:00+00:00
[2026-03-26T04:40:49.163+0000] {processor.py:183} INFO - Processing /opt/airflow/dags/e_commerce_dw_dag.py took 0.292 seconds
[2026-03-26T04:41:19.408+0000] {processor.py:161} INFO - Started process (PID=4713) to work on /opt/airflow/dags/e_commerce_dw_dag.py
[2026-03-26T04:41:19.410+0000] {processor.py:830} INFO - Processing file /opt/airflow/dags/e_commerce_dw_dag.py for tasks to queue
[2026-03-26T04:41:19.415+0000] {logging_mixin.py:188} INFO - [2026-03-26T04:41:19.415+0000] {dagbag.py:545} INFO - Filling up the DagBag from /opt/airflow/dags/e_commerce_dw_dag.py
[2026-03-26T04:41:19.493+0000] {processor.py:840} INFO - DAG(s) 'e_commerce_dw_etl' retrieved from /opt/airflow/dags/e_commerce_dw_dag.py
[2026-03-26T04:41:19.533+0000] {logging_mixin.py:188} INFO - [2026-03-26T04:41:19.532+0000] {dag.py:3096} INFO - Sync 1 DAGs
[2026-03-26T04:41:19.557+0000] {logging_mixin.py:188} INFO - [2026-03-26T04:41:19.557+0000] {dag.py:3954} INFO - Setting next_dagrun for e_commerce_dw_etl to 2026-03-26 00:00:00+00:00, run_after=2026-03-27 00:00:00+00:00
[2026-03-26T04:41:19.579+0000] {processor.py:183} INFO - Processing /opt/airflow/dags/e_commerce_dw_dag.py took 0.187 seconds
[2026-03-26T04:41:50.351+0000] {processor.py:161} INFO - Started process (PID=4739) to work on /opt/airflow/dags/e_commerce_dw_dag.py
[2026-03-26T04:41:50.352+0000] {processor.py:830} INFO - Processing file /opt/airflow/dags/e_commerce_dw_dag.py for tasks to queue
[2026-03-26T04:41:50.355+0000] {logging_mixin.py:188} INFO - [2026-03-26T04:41:50.355+0000] {dagbag.py:545} INFO - Filling up the DagBag from /opt/airflow/dags/e_commerce_dw_dag.py
[2026-03-26T04:41:50.587+0000] {processor.py:840} INFO - DAG(s) 'e_commerce_dw_etl' retrieved from /opt/airflow/dags/e_commerce_dw_dag.py
[2026-03-26T04:41:50.622+0000] {logging_mixin.py:188} INFO - [2026-03-26T04:41:50.622+0000] {dag.py:3096} INFO - Sync 1 DAGs
[2026-03-26T04:41:50.644+0000] {logging_mixin.py:188} INFO - [2026-03-26T04:41:50.644+0000] {dag.py:3954} INFO - Setting next_dagrun for e_commerce_dw_etl to 2026-03-26 00:00:00+00:00, run_after=2026-03-27 00:00:00+00:00
[2026-03-26T04:41:50.951+0000] {processor.py:183} INFO - Processing /opt/airflow/dags/e_commerce_dw_dag.py took 0.608 seconds
[2026-03-26T04:42:21.504+0000] {processor.py:161} INFO - Started process (PID=4765) to work on /opt/airflow/dags/e_commerce_dw_dag.py
[2026-03-26T04:42:21.506+0000] {processor.py:830} INFO - Processing file /opt/airflow/dags/e_commerce_dw_dag.py for tasks to queue
[2026-03-26T04:42:21.508+0000] {logging_mixin.py:188} INFO - [2026-03-26T04:42:21.508+0000] {dagbag.py:545} INFO - Filling up the DagBag from /opt/airflow/dags/e_commerce_dw_dag.py
[2026-03-26T04:42:21.584+0000] {processor.py:840} INFO - DAG(s) 'e_commerce_dw_etl' retrieved from /opt/airflow/dags/e_commerce_dw_dag.py
[2026-03-26T04:42:21.615+0000] {logging_mixin.py:188} INFO - [2026-03-26T04:42:21.615+0000] {dag.py:3096} INFO - Sync 1 DAGs
[2026-03-26T04:42:21.635+0000] {logging_mixin.py:188} INFO - [2026-03-26T04:42:21.635+0000] {dag.py:3954} INFO - Setting next_dagrun for e_commerce_dw_etl to 2026-03-26 00:00:00+00:00, run_after=2026-03-27 00:00:00+00:00
[2026-03-26T04:42:21.660+0000] {processor.py:183} INFO - Processing /opt/airflow/dags/e_commerce_dw_dag.py took 0.164 seconds
[2026-03-26T04:42:52.295+0000] {processor.py:161} INFO - Started process (PID=4791) to work on /opt/airflow/dags/e_commerce_dw_dag.py
[2026-03-26T04:42:52.296+0000] {processor.py:830} INFO - Processing file /opt/airflow/dags/e_commerce_dw_dag.py for tasks to queue
[2026-03-26T04:42:52.299+0000] {logging_mixin.py:188} INFO - [2026-03-26T04:42:52.299+0000] {dagbag.py:545} INFO - Filling up the DagBag from /opt/airflow/dags/e_commerce_dw_dag.py
[2026-03-26T04:42:52.375+0000] {processor.py:840} INFO - DAG(s) 'e_commerce_dw_etl' retrieved from /opt/airflow/dags/e_commerce_dw_dag.py
[2026-03-26T04:42:52.406+0000] {logging_mixin.py:188} INFO - [2026-03-26T04:42:52.406+0000] {dag.py:3096} INFO - Sync 1 DAGs
[2026-03-26T04:42:52.427+0000] {logging_mixin.py:188} INFO - [2026-03-26T04:42:52.427+0000] {dag.py:3954} INFO - Setting next_dagrun for e_commerce_dw_etl to 2026-03-26 00:00:00+00:00, run_after=2026-03-27 00:00:00+00:00
[2026-03-26T04:42:52.451+0000] {processor.py:183} INFO - Processing /opt/airflow/dags/e_commerce_dw_dag.py took 0.164 seconds
[2026-03-26T04:43:23.018+0000] {processor.py:161} INFO - Started process (PID=4817) to work on /opt/airflow/dags/e_commerce_dw_dag.py
[2026-03-26T04:43:23.020+0000] {processor.py:830} INFO - Processing file /opt/airflow/dags/e_commerce_dw_dag.py for tasks to queue
[2026-03-26T04:43:23.022+0000] {logging_mixin.py:188} INFO - [2026-03-26T04:43:23.022+0000] {dagbag.py:545} INFO - Filling up the DagBag from /opt/airflow/dags/e_commerce_dw_dag.py
[2026-03-26T04:43:23.104+0000] {processor.py:840} INFO - DAG(s) 'e_commerce_dw_etl' retrieved from /opt/airflow/dags/e_commerce_dw_dag.py
[2026-03-26T04:43:23.142+0000] {logging_mixin.py:188} INFO - [2026-03-26T04:43:23.141+0000] {dag.py:3096} INFO - Sync 1 DAGs
[2026-03-26T04:43:23.167+0000] {logging_mixin.py:188} INFO - [2026-03-26T04:43:23.166+0000] {dag.py:3954} INFO - Setting next_dagrun for e_commerce_dw_etl to 2026-03-26 00:00:00+00:00, run_after=2026-03-27 00:00:00+00:00
[2026-03-26T04:43:23.192+0000] {processor.py:183} INFO - Processing /opt/airflow/dags/e_commerce_dw_dag.py took 0.181 seconds
[2026-03-26T04:43:53.765+0000] {processor.py:161} INFO - Started process (PID=4843) to work on /opt/airflow/dags/e_commerce_dw_dag.py
[2026-03-26T04:43:53.766+0000] {processor.py:830} INFO - Processing file /opt/airflow/dags/e_commerce_dw_dag.py for tasks to queue
[2026-03-26T04:43:53.768+0000] {logging_mixin.py:188} INFO - [2026-03-26T04:43:53.768+0000] {dagbag.py:545} INFO - Filling up the DagBag from /opt/airflow/dags/e_commerce_dw_dag.py
[2026-03-26T04:43:53.895+0000] {processor.py:840} INFO - DAG(s) 'e_commerce_dw_etl' retrieved from /opt/airflow/dags/e_commerce_dw_dag.py
[2026-03-26T04:43:53.951+0000] {logging_mixin.py:188} INFO - [2026-03-26T04:43:53.951+0000] {dag.py:3096} INFO - Sync 1 DAGs
[2026-03-26T04:43:53.974+0000] {logging_mixin.py:188} INFO - [2026-03-26T04:43:53.974+0000] {dag.py:3954} INFO - Setting next_dagrun for e_commerce_dw_etl to 2026-03-26 00:00:00+00:00, run_after=2026-03-27 00:00:00+00:00
[2026-03-26T04:43:54.172+0000] {processor.py:183} INFO - Processing /opt/airflow/dags/e_commerce_dw_dag.py took 0.414 seconds
[2026-03-26T04:44:24.699+0000] {processor.py:161} INFO - Started process (PID=4869) to work on /opt/airflow/dags/e_commerce_dw_dag.py
[2026-03-26T04:44:24.702+0000] {processor.py:830} INFO - Processing file /opt/airflow/dags/e_commerce_dw_dag.py for tasks to queue
[2026-03-26T04:44:24.707+0000] {logging_mixin.py:188} INFO - [2026-03-26T04:44:24.706+0000] {dagbag.py:545} INFO - Filling up the DagBag from /opt/airflow/dags/e_commerce_dw_dag.py
[2026-03-26T04:44:24.794+0000] {processor.py:840} INFO - DAG(s) 'e_commerce_dw_etl' retrieved from /opt/airflow/dags/e_commerce_dw_dag.py
[2026-03-26T04:44:24.845+0000] {logging_mixin.py:188} INFO - [2026-03-26T04:44:24.845+0000] {dag.py:3096} INFO - Sync 1 DAGs
[2026-03-26T04:44:24.870+0000] {logging_mixin.py:188} INFO - [2026-03-26T04:44:24.870+0000] {dag.py:3954} INFO - Setting next_dagrun for e_commerce_dw_etl to 2026-03-26 00:00:00+00:00, run_after=2026-03-27 00:00:00+00:00
[2026-03-26T04:44:24.891+0000] {processor.py:183} INFO - Processing /opt/airflow/dags/e_commerce_dw_dag.py took 0.202 seconds
[2026-03-26T04:44:55.462+0000] {processor.py:161} INFO - Started process (PID=4895) to work on /opt/airflow/dags/e_commerce_dw_dag.py
[2026-03-26T04:44:55.463+0000] {processor.py:830} INFO - Processing file /opt/airflow/dags/e_commerce_dw_dag.py for tasks to queue
[2026-03-26T04:44:55.466+0000] {logging_mixin.py:188} INFO - [2026-03-26T04:44:55.466+0000] {dagbag.py:545} INFO - Filling up the DagBag from /opt/airflow/dags/e_commerce_dw_dag.py
[2026-03-26T04:44:55.545+0000] {processor.py:840} INFO - DAG(s) 'e_commerce_dw_etl' retrieved from /opt/airflow/dags/e_commerce_dw_dag.py
[2026-03-26T04:44:55.589+0000] {logging_mixin.py:188} INFO - [2026-03-26T04:44:55.589+0000] {dag.py:3096} INFO - Sync 1 DAGs
[2026-03-26T04:44:55.610+0000] {logging_mixin.py:188} INFO - [2026-03-26T04:44:55.610+0000] {dag.py:3954} INFO - Setting next_dagrun for e_commerce_dw_etl to 2026-03-26 00:00:00+00:00, run_after=2026-03-27 00:00:00+00:00
[2026-03-26T04:44:55.633+0000] {processor.py:183} INFO - Processing /opt/airflow/dags/e_commerce_dw_dag.py took 0.178 seconds
[2026-03-26T04:45:26.215+0000] {processor.py:161} INFO - Started process (PID=4921) to work on /opt/airflow/dags/e_commerce_dw_dag.py
[2026-03-26T04:45:26.216+0000] {processor.py:830} INFO - Processing file /opt/airflow/dags/e_commerce_dw_dag.py for tasks to queue
[2026-03-26T04:45:26.220+0000] {logging_mixin.py:188} INFO - [2026-03-26T04:45:26.220+0000] {dagbag.py:545} INFO - Filling up the DagBag from /opt/airflow/dags/e_commerce_dw_dag.py
[2026-03-26T04:45:26.301+0000] {processor.py:840} INFO - DAG(s) 'e_commerce_dw_etl' retrieved from /opt/airflow/dags/e_commerce_dw_dag.py
[2026-03-26T04:45:26.333+0000] {logging_mixin.py:188} INFO - [2026-03-26T04:45:26.332+0000] {dag.py:3096} INFO - Sync 1 DAGs
[2026-03-26T04:45:26.352+0000] {logging_mixin.py:188} INFO - [2026-03-26T04:45:26.352+0000] {dag.py:3954} INFO - Setting next_dagrun for e_commerce_dw_etl to 2026-03-26 00:00:00+00:00, run_after=2026-03-27 00:00:00+00:00
[2026-03-26T04:45:26.377+0000] {processor.py:183} INFO - Processing /opt/airflow/dags/e_commerce_dw_dag.py took 0.170 seconds
[2026-03-26T04:45:56.979+0000] {processor.py:161} INFO - Started process (PID=4947) to work on /opt/airflow/dags/e_commerce_dw_dag.py
[2026-03-26T04:45:56.980+0000] {processor.py:830} INFO - Processing file /opt/airflow/dags/e_commerce_dw_dag.py for tasks to queue
[2026-03-26T04:45:56.983+0000] {logging_mixin.py:188} INFO - [2026-03-26T04:45:56.983+0000] {dagbag.py:545} INFO - Filling up the DagBag from /opt/airflow/dags/e_commerce_dw_dag.py
[2026-03-26T04:45:57.055+0000] {processor.py:840} INFO - DAG(s) 'e_commerce_dw_etl' retrieved from /opt/airflow/dags/e_commerce_dw_dag.py
[2026-03-26T04:45:57.090+0000] {logging_mixin.py:188} INFO - [2026-03-26T04:45:57.090+0000] {dag.py:3096} INFO - Sync 1 DAGs
[2026-03-26T04:45:57.109+0000] {logging_mixin.py:188} INFO - [2026-03-26T04:45:57.108+0000] {dag.py:3954} INFO - Setting next_dagrun for e_commerce_dw_etl to 2026-03-26 00:00:00+00:00, run_after=2026-03-27 00:00:00+00:00
[2026-03-26T04:45:57.131+0000] {processor.py:183} INFO - Processing /opt/airflow/dags/e_commerce_dw_dag.py took 0.161 seconds
[2026-03-26T04:46:27.669+0000] {processor.py:161} INFO - Started process (PID=4973) to work on /opt/airflow/dags/e_commerce_dw_dag.py
[2026-03-26T04:46:27.671+0000] {processor.py:830} INFO - Processing file /opt/airflow/dags/e_commerce_dw_dag.py for tasks to queue
[2026-03-26T04:46:27.675+0000] {logging_mixin.py:188} INFO - [2026-03-26T04:46:27.675+0000] {dagbag.py:545} INFO - Filling up the DagBag from /opt/airflow/dags/e_commerce_dw_dag.py
[2026-03-26T04:46:27.758+0000] {processor.py:840} INFO - DAG(s) 'e_commerce_dw_etl' retrieved from /opt/airflow/dags/e_commerce_dw_dag.py
[2026-03-26T04:46:27.792+0000] {logging_mixin.py:188} INFO - [2026-03-26T04:46:27.792+0000] {dag.py:3096} INFO - Sync 1 DAGs
[2026-03-26T04:46:27.814+0000] {logging_mixin.py:188} INFO - [2026-03-26T04:46:27.814+0000] {dag.py:3954} INFO - Setting next_dagrun for e_commerce_dw_etl to 2026-03-26 00:00:00+00:00, run_after=2026-03-27 00:00:00+00:00
[2026-03-26T04:46:27.839+0000] {processor.py:183} INFO - Processing /opt/airflow/dags/e_commerce_dw_dag.py took 0.180 seconds
[2026-03-26T04:46:58.454+0000] {processor.py:161} INFO - Started process (PID=4999) to work on /opt/airflow/dags/e_commerce_dw_dag.py
[2026-03-26T04:46:58.455+0000] {processor.py:830} INFO - Processing file /opt/airflow/dags/e_commerce_dw_dag.py for tasks to queue
[2026-03-26T04:46:58.458+0000] {logging_mixin.py:188} INFO - [2026-03-26T04:46:58.458+0000] {dagbag.py:545} INFO - Filling up the DagBag from /opt/airflow/dags/e_commerce_dw_dag.py
[2026-03-26T04:46:58.539+0000] {processor.py:840} INFO - DAG(s) 'e_commerce_dw_etl' retrieved from /opt/airflow/dags/e_commerce_dw_dag.py
[2026-03-26T04:46:58.584+0000] {logging_mixin.py:188} INFO - [2026-03-26T04:46:58.583+0000] {dag.py:3096} INFO - Sync 1 DAGs
[2026-03-26T04:46:58.612+0000] {logging_mixin.py:188} INFO - [2026-03-26T04:46:58.612+0000] {dag.py:3954} INFO - Setting next_dagrun for e_commerce_dw_etl to 2026-03-26 00:00:00+00:00, run_after=2026-03-27 00:00:00+00:00
[2026-03-26T04:46:58.633+0000] {processor.py:183} INFO - Processing /opt/airflow/dags/e_commerce_dw_dag.py took 0.185 seconds
[2026-03-26T04:47:29.206+0000] {processor.py:161} INFO - Started process (PID=5025) to work on /opt/airflow/dags/e_commerce_dw_dag.py
[2026-03-26T04:47:29.208+0000] {processor.py:830} INFO - Processing file /opt/airflow/dags/e_commerce_dw_dag.py for tasks to queue
[2026-03-26T04:47:29.211+0000] {logging_mixin.py:188} INFO - [2026-03-26T04:47:29.210+0000] {dagbag.py:545} INFO - Filling up the DagBag from /opt/airflow/dags/e_commerce_dw_dag.py
[2026-03-26T04:47:29.302+0000] {processor.py:840} INFO - DAG(s) 'e_commerce_dw_etl' retrieved from /opt/airflow/dags/e_commerce_dw_dag.py
[2026-03-26T04:47:29.330+0000] {logging_mixin.py:188} INFO - [2026-03-26T04:47:29.330+0000] {dag.py:3096} INFO - Sync 1 DAGs
[2026-03-26T04:47:29.351+0000] {logging_mixin.py:188} INFO - [2026-03-26T04:47:29.350+0000] {dag.py:3954} INFO - Setting next_dagrun for e_commerce_dw_etl to 2026-03-26 00:00:00+00:00, run_after=2026-03-27 00:00:00+00:00
[2026-03-26T04:47:29.374+0000] {processor.py:183} INFO - Processing /opt/airflow/dags/e_commerce_dw_dag.py took 0.174 seconds
[2026-03-26T04:47:59.968+0000] {processor.py:161} INFO - Started process (PID=5051) to work on /opt/airflow/dags/e_commerce_dw_dag.py
[2026-03-26T04:47:59.969+0000] {processor.py:830} INFO - Processing file /opt/airflow/dags/e_commerce_dw_dag.py for tasks to queue
[2026-03-26T04:47:59.972+0000] {logging_mixin.py:188} INFO - [2026-03-26T04:47:59.971+0000] {dagbag.py:545} INFO - Filling up the DagBag from /opt/airflow/dags/e_commerce_dw_dag.py
[2026-03-26T04:48:00.055+0000] {processor.py:840} INFO - DAG(s) 'e_commerce_dw_etl' retrieved from /opt/airflow/dags/e_commerce_dw_dag.py
[2026-03-26T04:48:00.085+0000] {logging_mixin.py:188} INFO - [2026-03-26T04:48:00.085+0000] {dag.py:3096} INFO - Sync 1 DAGs
[2026-03-26T04:48:00.106+0000] {logging_mixin.py:188} INFO - [2026-03-26T04:48:00.106+0000] {dag.py:3954} INFO - Setting next_dagrun for e_commerce_dw_etl to 2026-03-26 00:00:00+00:00, run_after=2026-03-27 00:00:00+00:00
[2026-03-26T04:48:00.126+0000] {processor.py:183} INFO - Processing /opt/airflow/dags/e_commerce_dw_dag.py took 0.165 seconds
