[2026-03-26T03:32:28.940+0000] {processor.py:161} INFO - Started process (PID=193) to work on /opt/airflow/dags/example.py
[2026-03-26T03:32:28.943+0000] {processor.py:830} INFO - Processing file /opt/airflow/dags/example.py for tasks to queue
[2026-03-26T03:32:28.946+0000] {logging_mixin.py:188} INFO - [2026-03-26T03:32:28.945+0000] {dagbag.py:545} INFO - Filling up the DagBag from /opt/airflow/dags/example.py
[2026-03-26T03:32:28.973+0000] {processor.py:840} INFO - DAG(s) 'hello_airflow' retrieved from /opt/airflow/dags/example.py
[2026-03-26T03:32:29.354+0000] {logging_mixin.py:188} INFO - [2026-03-26T03:32:29.353+0000] {override.py:1829} INFO - Created Permission View: can delete on DAG:hello_airflow
[2026-03-26T03:32:29.417+0000] {logging_mixin.py:188} INFO - [2026-03-26T03:32:29.416+0000] {override.py:1829} INFO - Created Permission View: can edit on DAG:hello_airflow
[2026-03-26T03:32:29.428+0000] {logging_mixin.py:188} INFO - [2026-03-26T03:32:29.427+0000] {override.py:1829} INFO - Created Permission View: can read on DAG:hello_airflow
[2026-03-26T03:32:29.429+0000] {logging_mixin.py:188} INFO - [2026-03-26T03:32:29.429+0000] {dag.py:3096} INFO - Sync 1 DAGs
[2026-03-26T03:32:29.448+0000] {logging_mixin.py:188} INFO - [2026-03-26T03:32:29.448+0000] {dag.py:3118} INFO - Creating ORM DAG for hello_airflow
[2026-03-26T03:32:29.458+0000] {logging_mixin.py:188} INFO - [2026-03-26T03:32:29.458+0000] {dag.py:3954} INFO - Setting next_dagrun for hello_airflow to 2024-03-23 00:00:00+00:00, run_after=2024-03-24 00:00:00+00:00
[2026-03-26T03:32:29.489+0000] {processor.py:183} INFO - Processing /opt/airflow/dags/example.py took 0.555 seconds
[2026-03-26T03:33:00.362+0000] {processor.py:161} INFO - Started process (PID=219) to work on /opt/airflow/dags/example.py
[2026-03-26T03:33:00.364+0000] {processor.py:830} INFO - Processing file /opt/airflow/dags/example.py for tasks to queue
[2026-03-26T03:33:00.367+0000] {logging_mixin.py:188} INFO - [2026-03-26T03:33:00.367+0000] {dagbag.py:545} INFO - Filling up the DagBag from /opt/airflow/dags/example.py
[2026-03-26T03:33:00.404+0000] {processor.py:840} INFO - DAG(s) 'hello_airflow' retrieved from /opt/airflow/dags/example.py
[2026-03-26T03:33:00.453+0000] {logging_mixin.py:188} INFO - [2026-03-26T03:33:00.453+0000] {dag.py:3096} INFO - Sync 1 DAGs
[2026-03-26T03:33:00.493+0000] {logging_mixin.py:188} INFO - [2026-03-26T03:33:00.492+0000] {dag.py:3954} INFO - Setting next_dagrun for hello_airflow to 2024-03-23 00:00:00+00:00, run_after=2024-03-24 00:00:00+00:00
[2026-03-26T03:33:00.530+0000] {processor.py:183} INFO - Processing /opt/airflow/dags/example.py took 0.182 seconds
[2026-03-26T03:33:31.109+0000] {processor.py:161} INFO - Started process (PID=251) to work on /opt/airflow/dags/example.py
[2026-03-26T03:33:31.111+0000] {processor.py:830} INFO - Processing file /opt/airflow/dags/example.py for tasks to queue
[2026-03-26T03:33:31.113+0000] {logging_mixin.py:188} INFO - [2026-03-26T03:33:31.112+0000] {dagbag.py:545} INFO - Filling up the DagBag from /opt/airflow/dags/example.py
[2026-03-26T03:33:31.144+0000] {processor.py:840} INFO - DAG(s) 'hello_airflow' retrieved from /opt/airflow/dags/example.py
[2026-03-26T03:33:31.180+0000] {logging_mixin.py:188} INFO - [2026-03-26T03:33:31.180+0000] {dag.py:3096} INFO - Sync 1 DAGs
[2026-03-26T03:33:31.207+0000] {logging_mixin.py:188} INFO - [2026-03-26T03:33:31.207+0000] {dag.py:3954} INFO - Setting next_dagrun for hello_airflow to 2024-03-23 00:00:00+00:00, run_after=2024-03-24 00:00:00+00:00
[2026-03-26T03:33:31.276+0000] {processor.py:183} INFO - Processing /opt/airflow/dags/example.py took 0.173 seconds
[2026-03-26T03:34:01.903+0000] {processor.py:161} INFO - Started process (PID=277) to work on /opt/airflow/dags/example.py
[2026-03-26T03:34:01.904+0000] {processor.py:830} INFO - Processing file /opt/airflow/dags/example.py for tasks to queue
[2026-03-26T03:34:01.907+0000] {logging_mixin.py:188} INFO - [2026-03-26T03:34:01.907+0000] {dagbag.py:545} INFO - Filling up the DagBag from /opt/airflow/dags/example.py
[2026-03-26T03:34:01.933+0000] {processor.py:840} INFO - DAG(s) 'hello_airflow' retrieved from /opt/airflow/dags/example.py
[2026-03-26T03:34:01.982+0000] {logging_mixin.py:188} INFO - [2026-03-26T03:34:01.981+0000] {dag.py:3096} INFO - Sync 1 DAGs
[2026-03-26T03:34:02.022+0000] {logging_mixin.py:188} INFO - [2026-03-26T03:34:02.022+0000] {dag.py:3954} INFO - Setting next_dagrun for hello_airflow to 2024-03-23 00:00:00+00:00, run_after=2024-03-24 00:00:00+00:00
[2026-03-26T03:34:02.090+0000] {processor.py:183} INFO - Processing /opt/airflow/dags/example.py took 0.196 seconds
[2026-03-26T03:34:32.590+0000] {processor.py:161} INFO - Started process (PID=303) to work on /opt/airflow/dags/example.py
[2026-03-26T03:34:32.592+0000] {processor.py:830} INFO - Processing file /opt/airflow/dags/example.py for tasks to queue
[2026-03-26T03:34:32.597+0000] {logging_mixin.py:188} INFO - [2026-03-26T03:34:32.596+0000] {dagbag.py:545} INFO - Filling up the DagBag from /opt/airflow/dags/example.py
[2026-03-26T03:34:32.621+0000] {processor.py:840} INFO - DAG(s) 'hello_airflow' retrieved from /opt/airflow/dags/example.py
[2026-03-26T03:34:32.660+0000] {logging_mixin.py:188} INFO - [2026-03-26T03:34:32.660+0000] {dag.py:3096} INFO - Sync 1 DAGs
[2026-03-26T03:34:32.692+0000] {logging_mixin.py:188} INFO - [2026-03-26T03:34:32.691+0000] {dag.py:3954} INFO - Setting next_dagrun for hello_airflow to 2024-03-23 00:00:00+00:00, run_after=2024-03-24 00:00:00+00:00
[2026-03-26T03:34:32.720+0000] {processor.py:183} INFO - Processing /opt/airflow/dags/example.py took 0.143 seconds
[2026-03-26T03:35:03.330+0000] {processor.py:161} INFO - Started process (PID=329) to work on /opt/airflow/dags/example.py
[2026-03-26T03:35:03.332+0000] {processor.py:830} INFO - Processing file /opt/airflow/dags/example.py for tasks to queue
[2026-03-26T03:35:03.335+0000] {logging_mixin.py:188} INFO - [2026-03-26T03:35:03.334+0000] {dagbag.py:545} INFO - Filling up the DagBag from /opt/airflow/dags/example.py
[2026-03-26T03:35:03.368+0000] {processor.py:840} INFO - DAG(s) 'hello_airflow' retrieved from /opt/airflow/dags/example.py
[2026-03-26T03:35:03.411+0000] {logging_mixin.py:188} INFO - [2026-03-26T03:35:03.411+0000] {dag.py:3096} INFO - Sync 1 DAGs
[2026-03-26T03:35:03.439+0000] {logging_mixin.py:188} INFO - [2026-03-26T03:35:03.439+0000] {dag.py:3954} INFO - Setting next_dagrun for hello_airflow to 2024-03-23 00:00:00+00:00, run_after=2024-03-24 00:00:00+00:00
[2026-03-26T03:35:03.474+0000] {processor.py:183} INFO - Processing /opt/airflow/dags/example.py took 0.153 seconds
[2026-03-26T03:35:33.973+0000] {processor.py:161} INFO - Started process (PID=355) to work on /opt/airflow/dags/example.py
[2026-03-26T03:35:33.974+0000] {processor.py:830} INFO - Processing file /opt/airflow/dags/example.py for tasks to queue
[2026-03-26T03:35:33.976+0000] {logging_mixin.py:188} INFO - [2026-03-26T03:35:33.976+0000] {dagbag.py:545} INFO - Filling up the DagBag from /opt/airflow/dags/example.py
[2026-03-26T03:35:34.005+0000] {processor.py:840} INFO - DAG(s) 'hello_airflow' retrieved from /opt/airflow/dags/example.py
[2026-03-26T03:35:34.054+0000] {logging_mixin.py:188} INFO - [2026-03-26T03:35:34.054+0000] {dag.py:3096} INFO - Sync 1 DAGs
[2026-03-26T03:35:34.089+0000] {logging_mixin.py:188} INFO - [2026-03-26T03:35:34.088+0000] {dag.py:3954} INFO - Setting next_dagrun for hello_airflow to 2024-03-23 00:00:00+00:00, run_after=2024-03-24 00:00:00+00:00
[2026-03-26T03:35:34.122+0000] {processor.py:183} INFO - Processing /opt/airflow/dags/example.py took 0.155 seconds
[2026-03-26T03:36:04.740+0000] {processor.py:161} INFO - Started process (PID=381) to work on /opt/airflow/dags/example.py
[2026-03-26T03:36:04.741+0000] {processor.py:830} INFO - Processing file /opt/airflow/dags/example.py for tasks to queue
[2026-03-26T03:36:04.743+0000] {logging_mixin.py:188} INFO - [2026-03-26T03:36:04.743+0000] {dagbag.py:545} INFO - Filling up the DagBag from /opt/airflow/dags/example.py
[2026-03-26T03:36:04.767+0000] {processor.py:840} INFO - DAG(s) 'hello_airflow' retrieved from /opt/airflow/dags/example.py
[2026-03-26T03:36:04.795+0000] {logging_mixin.py:188} INFO - [2026-03-26T03:36:04.794+0000] {dag.py:3096} INFO - Sync 1 DAGs
[2026-03-26T03:36:04.816+0000] {logging_mixin.py:188} INFO - [2026-03-26T03:36:04.816+0000] {dag.py:3954} INFO - Setting next_dagrun for hello_airflow to 2024-03-23 00:00:00+00:00, run_after=2024-03-24 00:00:00+00:00
[2026-03-26T03:36:04.845+0000] {processor.py:183} INFO - Processing /opt/airflow/dags/example.py took 0.112 seconds
[2026-03-26T03:36:35.455+0000] {processor.py:161} INFO - Started process (PID=407) to work on /opt/airflow/dags/example.py
[2026-03-26T03:36:35.456+0000] {processor.py:830} INFO - Processing file /opt/airflow/dags/example.py for tasks to queue
[2026-03-26T03:36:35.461+0000] {logging_mixin.py:188} INFO - [2026-03-26T03:36:35.460+0000] {dagbag.py:545} INFO - Filling up the DagBag from /opt/airflow/dags/example.py
[2026-03-26T03:36:35.489+0000] {processor.py:840} INFO - DAG(s) 'hello_airflow' retrieved from /opt/airflow/dags/example.py
[2026-03-26T03:36:35.526+0000] {logging_mixin.py:188} INFO - [2026-03-26T03:36:35.526+0000] {dag.py:3096} INFO - Sync 1 DAGs
[2026-03-26T03:36:35.548+0000] {logging_mixin.py:188} INFO - [2026-03-26T03:36:35.547+0000] {dag.py:3954} INFO - Setting next_dagrun for hello_airflow to 2024-03-23 00:00:00+00:00, run_after=2024-03-24 00:00:00+00:00
[2026-03-26T03:36:35.569+0000] {processor.py:183} INFO - Processing /opt/airflow/dags/example.py took 0.122 seconds
[2026-03-26T03:37:06.194+0000] {processor.py:161} INFO - Started process (PID=433) to work on /opt/airflow/dags/example.py
[2026-03-26T03:37:06.196+0000] {processor.py:830} INFO - Processing file /opt/airflow/dags/example.py for tasks to queue
[2026-03-26T03:37:06.198+0000] {logging_mixin.py:188} INFO - [2026-03-26T03:37:06.198+0000] {dagbag.py:545} INFO - Filling up the DagBag from /opt/airflow/dags/example.py
[2026-03-26T03:37:06.228+0000] {processor.py:840} INFO - DAG(s) 'hello_airflow' retrieved from /opt/airflow/dags/example.py
[2026-03-26T03:37:06.269+0000] {logging_mixin.py:188} INFO - [2026-03-26T03:37:06.268+0000] {dag.py:3096} INFO - Sync 1 DAGs
[2026-03-26T03:37:06.295+0000] {logging_mixin.py:188} INFO - [2026-03-26T03:37:06.295+0000] {dag.py:3954} INFO - Setting next_dagrun for hello_airflow to 2024-03-23 00:00:00+00:00, run_after=2024-03-24 00:00:00+00:00
[2026-03-26T03:37:06.322+0000] {processor.py:183} INFO - Processing /opt/airflow/dags/example.py took 0.136 seconds
[2026-03-26T03:37:37.065+0000] {processor.py:161} INFO - Started process (PID=459) to work on /opt/airflow/dags/example.py
[2026-03-26T03:37:37.067+0000] {processor.py:830} INFO - Processing file /opt/airflow/dags/example.py for tasks to queue
[2026-03-26T03:37:37.071+0000] {logging_mixin.py:188} INFO - [2026-03-26T03:37:37.070+0000] {dagbag.py:545} INFO - Filling up the DagBag from /opt/airflow/dags/example.py
[2026-03-26T03:37:37.107+0000] {processor.py:840} INFO - DAG(s) 'hello_airflow' retrieved from /opt/airflow/dags/example.py
[2026-03-26T03:37:37.187+0000] {logging_mixin.py:188} INFO - [2026-03-26T03:37:37.186+0000] {dag.py:3096} INFO - Sync 1 DAGs
[2026-03-26T03:37:37.216+0000] {logging_mixin.py:188} INFO - [2026-03-26T03:37:37.216+0000] {dag.py:3954} INFO - Setting next_dagrun for hello_airflow to 2024-03-23 00:00:00+00:00, run_after=2024-03-24 00:00:00+00:00
[2026-03-26T03:37:37.244+0000] {processor.py:183} INFO - Processing /opt/airflow/dags/example.py took 0.209 seconds
[2026-03-26T03:38:07.750+0000] {processor.py:161} INFO - Started process (PID=485) to work on /opt/airflow/dags/example.py
[2026-03-26T03:38:07.752+0000] {processor.py:830} INFO - Processing file /opt/airflow/dags/example.py for tasks to queue
[2026-03-26T03:38:07.756+0000] {logging_mixin.py:188} INFO - [2026-03-26T03:38:07.756+0000] {dagbag.py:545} INFO - Filling up the DagBag from /opt/airflow/dags/example.py
[2026-03-26T03:38:07.782+0000] {processor.py:840} INFO - DAG(s) 'hello_airflow' retrieved from /opt/airflow/dags/example.py
[2026-03-26T03:38:07.821+0000] {logging_mixin.py:188} INFO - [2026-03-26T03:38:07.820+0000] {dag.py:3096} INFO - Sync 1 DAGs
[2026-03-26T03:38:07.847+0000] {logging_mixin.py:188} INFO - [2026-03-26T03:38:07.847+0000] {dag.py:3954} INFO - Setting next_dagrun for hello_airflow to 2024-03-23 00:00:00+00:00, run_after=2024-03-24 00:00:00+00:00
[2026-03-26T03:38:07.871+0000] {processor.py:183} INFO - Processing /opt/airflow/dags/example.py took 0.130 seconds
[2026-03-26T03:38:39.955+0000] {processor.py:161} INFO - Started process (PID=533) to work on /opt/airflow/dags/example.py
[2026-03-26T03:38:39.961+0000] {processor.py:830} INFO - Processing file /opt/airflow/dags/example.py for tasks to queue
[2026-03-26T03:38:39.993+0000] {logging_mixin.py:188} INFO - [2026-03-26T03:38:39.992+0000] {dagbag.py:545} INFO - Filling up the DagBag from /opt/airflow/dags/example.py
[2026-03-26T03:38:40.470+0000] {processor.py:840} INFO - DAG(s) 'hello_airflow' retrieved from /opt/airflow/dags/example.py
[2026-03-26T03:38:40.654+0000] {logging_mixin.py:188} INFO - [2026-03-26T03:38:40.653+0000] {dag.py:3096} INFO - Sync 1 DAGs
[2026-03-26T03:38:40.788+0000] {logging_mixin.py:188} INFO - [2026-03-26T03:38:40.787+0000] {dag.py:3954} INFO - Setting next_dagrun for hello_airflow to 2024-03-23 00:00:00+00:00, run_after=2024-03-24 00:00:00+00:00
[2026-03-26T03:38:40.927+0000] {processor.py:183} INFO - Processing /opt/airflow/dags/example.py took 1.025 seconds
[2026-03-26T03:39:12.149+0000] {processor.py:161} INFO - Started process (PID=712) to work on /opt/airflow/dags/example.py
[2026-03-26T03:39:12.159+0000] {processor.py:830} INFO - Processing file /opt/airflow/dags/example.py for tasks to queue
[2026-03-26T03:39:12.171+0000] {logging_mixin.py:188} INFO - [2026-03-26T03:39:12.171+0000] {dagbag.py:545} INFO - Filling up the DagBag from /opt/airflow/dags/example.py
[2026-03-26T03:39:12.369+0000] {processor.py:840} INFO - DAG(s) 'hello_airflow' retrieved from /opt/airflow/dags/example.py
[2026-03-26T03:39:12.518+0000] {logging_mixin.py:188} INFO - [2026-03-26T03:39:12.517+0000] {dag.py:3096} INFO - Sync 1 DAGs
[2026-03-26T03:39:12.649+0000] {logging_mixin.py:188} INFO - [2026-03-26T03:39:12.648+0000] {dag.py:3954} INFO - Setting next_dagrun for hello_airflow to 2024-03-23 00:00:00+00:00, run_after=2024-03-24 00:00:00+00:00
[2026-03-26T03:39:12.804+0000] {processor.py:183} INFO - Processing /opt/airflow/dags/example.py took 0.681 seconds
[2026-03-26T03:39:43.750+0000] {processor.py:161} INFO - Started process (PID=926) to work on /opt/airflow/dags/example.py
[2026-03-26T03:39:43.766+0000] {processor.py:830} INFO - Processing file /opt/airflow/dags/example.py for tasks to queue
[2026-03-26T03:39:43.773+0000] {logging_mixin.py:188} INFO - [2026-03-26T03:39:43.773+0000] {dagbag.py:545} INFO - Filling up the DagBag from /opt/airflow/dags/example.py
[2026-03-26T03:39:43.899+0000] {processor.py:840} INFO - DAG(s) 'hello_airflow' retrieved from /opt/airflow/dags/example.py
[2026-03-26T03:39:44.169+0000] {logging_mixin.py:188} INFO - [2026-03-26T03:39:44.169+0000] {dag.py:3096} INFO - Sync 1 DAGs
[2026-03-26T03:39:44.290+0000] {logging_mixin.py:188} INFO - [2026-03-26T03:39:44.289+0000] {dag.py:3954} INFO - Setting next_dagrun for hello_airflow to 2024-03-23 00:00:00+00:00, run_after=2024-03-24 00:00:00+00:00
[2026-03-26T03:39:44.407+0000] {processor.py:183} INFO - Processing /opt/airflow/dags/example.py took 0.685 seconds
[2026-03-26T03:40:15.028+0000] {processor.py:161} INFO - Started process (PID=1085) to work on /opt/airflow/dags/example.py
[2026-03-26T03:40:15.036+0000] {processor.py:830} INFO - Processing file /opt/airflow/dags/example.py for tasks to queue
[2026-03-26T03:40:15.047+0000] {logging_mixin.py:188} INFO - [2026-03-26T03:40:15.046+0000] {dagbag.py:545} INFO - Filling up the DagBag from /opt/airflow/dags/example.py
[2026-03-26T03:40:15.175+0000] {processor.py:840} INFO - DAG(s) 'hello_airflow' retrieved from /opt/airflow/dags/example.py
[2026-03-26T03:40:15.383+0000] {logging_mixin.py:188} INFO - [2026-03-26T03:40:15.383+0000] {dag.py:3096} INFO - Sync 1 DAGs
[2026-03-26T03:40:15.582+0000] {logging_mixin.py:188} INFO - [2026-03-26T03:40:15.582+0000] {dag.py:3954} INFO - Setting next_dagrun for hello_airflow to 2024-03-23 00:00:00+00:00, run_after=2024-03-24 00:00:00+00:00
[2026-03-26T03:40:15.743+0000] {processor.py:183} INFO - Processing /opt/airflow/dags/example.py took 0.735 seconds
[2026-03-26T03:40:46.382+0000] {processor.py:161} INFO - Started process (PID=1257) to work on /opt/airflow/dags/example.py
[2026-03-26T03:40:46.400+0000] {processor.py:830} INFO - Processing file /opt/airflow/dags/example.py for tasks to queue
[2026-03-26T03:40:46.420+0000] {logging_mixin.py:188} INFO - [2026-03-26T03:40:46.420+0000] {dagbag.py:545} INFO - Filling up the DagBag from /opt/airflow/dags/example.py
[2026-03-26T03:40:46.757+0000] {processor.py:840} INFO - DAG(s) 'hello_airflow' retrieved from /opt/airflow/dags/example.py
[2026-03-26T03:40:46.964+0000] {logging_mixin.py:188} INFO - [2026-03-26T03:40:46.963+0000] {dag.py:3096} INFO - Sync 1 DAGs
[2026-03-26T03:40:47.096+0000] {logging_mixin.py:188} INFO - [2026-03-26T03:40:47.096+0000] {dag.py:3954} INFO - Setting next_dagrun for hello_airflow to 2024-03-23 00:00:00+00:00, run_after=2024-03-24 00:00:00+00:00
[2026-03-26T03:40:47.191+0000] {processor.py:183} INFO - Processing /opt/airflow/dags/example.py took 0.851 seconds
[2026-03-26T03:41:17.718+0000] {processor.py:161} INFO - Started process (PID=1422) to work on /opt/airflow/dags/example.py
[2026-03-26T03:41:17.721+0000] {processor.py:830} INFO - Processing file /opt/airflow/dags/example.py for tasks to queue
[2026-03-26T03:41:17.726+0000] {logging_mixin.py:188} INFO - [2026-03-26T03:41:17.726+0000] {dagbag.py:545} INFO - Filling up the DagBag from /opt/airflow/dags/example.py
[2026-03-26T03:41:17.841+0000] {processor.py:840} INFO - DAG(s) 'hello_airflow' retrieved from /opt/airflow/dags/example.py
[2026-03-26T03:41:18.065+0000] {logging_mixin.py:188} INFO - [2026-03-26T03:41:18.053+0000] {dag.py:3096} INFO - Sync 1 DAGs
[2026-03-26T03:41:18.153+0000] {logging_mixin.py:188} INFO - [2026-03-26T03:41:18.153+0000] {dag.py:3954} INFO - Setting next_dagrun for hello_airflow to 2024-03-23 00:00:00+00:00, run_after=2024-03-24 00:00:00+00:00
[2026-03-26T03:41:18.271+0000] {processor.py:183} INFO - Processing /opt/airflow/dags/example.py took 0.599 seconds
[2026-03-26T03:41:49.057+0000] {processor.py:161} INFO - Started process (PID=1616) to work on /opt/airflow/dags/example.py
[2026-03-26T03:41:49.060+0000] {processor.py:830} INFO - Processing file /opt/airflow/dags/example.py for tasks to queue
[2026-03-26T03:41:49.071+0000] {logging_mixin.py:188} INFO - [2026-03-26T03:41:49.070+0000] {dagbag.py:545} INFO - Filling up the DagBag from /opt/airflow/dags/example.py
[2026-03-26T03:41:49.180+0000] {processor.py:840} INFO - DAG(s) 'hello_airflow' retrieved from /opt/airflow/dags/example.py
[2026-03-26T03:41:49.291+0000] {logging_mixin.py:188} INFO - [2026-03-26T03:41:49.291+0000] {dag.py:3096} INFO - Sync 1 DAGs
[2026-03-26T03:41:49.415+0000] {logging_mixin.py:188} INFO - [2026-03-26T03:41:49.414+0000] {dag.py:3954} INFO - Setting next_dagrun for hello_airflow to 2024-03-23 00:00:00+00:00, run_after=2024-03-24 00:00:00+00:00
[2026-03-26T03:41:49.497+0000] {processor.py:183} INFO - Processing /opt/airflow/dags/example.py took 0.477 seconds
[2026-03-26T03:42:19.966+0000] {processor.py:161} INFO - Started process (PID=1818) to work on /opt/airflow/dags/example.py
[2026-03-26T03:42:19.972+0000] {processor.py:830} INFO - Processing file /opt/airflow/dags/example.py for tasks to queue
[2026-03-26T03:42:19.992+0000] {logging_mixin.py:188} INFO - [2026-03-26T03:42:19.991+0000] {dagbag.py:545} INFO - Filling up the DagBag from /opt/airflow/dags/example.py
[2026-03-26T03:42:20.142+0000] {processor.py:840} INFO - DAG(s) 'hello_airflow' retrieved from /opt/airflow/dags/example.py
[2026-03-26T03:42:20.275+0000] {logging_mixin.py:188} INFO - [2026-03-26T03:42:20.275+0000] {dag.py:3096} INFO - Sync 1 DAGs
[2026-03-26T03:42:20.347+0000] {logging_mixin.py:188} INFO - [2026-03-26T03:42:20.346+0000] {dag.py:3954} INFO - Setting next_dagrun for hello_airflow to 2024-03-23 00:00:00+00:00, run_after=2024-03-24 00:00:00+00:00
[2026-03-26T03:42:20.395+0000] {processor.py:183} INFO - Processing /opt/airflow/dags/example.py took 0.462 seconds
[2026-03-26T03:42:50.927+0000] {processor.py:161} INFO - Started process (PID=1978) to work on /opt/airflow/dags/example.py
[2026-03-26T03:42:50.934+0000] {processor.py:830} INFO - Processing file /opt/airflow/dags/example.py for tasks to queue
[2026-03-26T03:42:50.945+0000] {logging_mixin.py:188} INFO - [2026-03-26T03:42:50.944+0000] {dagbag.py:545} INFO - Filling up the DagBag from /opt/airflow/dags/example.py
[2026-03-26T03:42:51.076+0000] {processor.py:840} INFO - DAG(s) 'hello_airflow' retrieved from /opt/airflow/dags/example.py
[2026-03-26T03:42:51.228+0000] {logging_mixin.py:188} INFO - [2026-03-26T03:42:51.227+0000] {dag.py:3096} INFO - Sync 1 DAGs
[2026-03-26T03:42:51.360+0000] {logging_mixin.py:188} INFO - [2026-03-26T03:42:51.359+0000] {dag.py:3954} INFO - Setting next_dagrun for hello_airflow to 2024-03-23 00:00:00+00:00, run_after=2024-03-24 00:00:00+00:00
[2026-03-26T03:42:51.495+0000] {processor.py:183} INFO - Processing /opt/airflow/dags/example.py took 0.618 seconds
[2026-03-26T03:43:23.388+0000] {processor.py:161} INFO - Started process (PID=2135) to work on /opt/airflow/dags/example.py
[2026-03-26T03:43:23.403+0000] {processor.py:830} INFO - Processing file /opt/airflow/dags/example.py for tasks to queue
[2026-03-26T03:43:23.444+0000] {logging_mixin.py:188} INFO - [2026-03-26T03:43:23.443+0000] {dagbag.py:545} INFO - Filling up the DagBag from /opt/airflow/dags/example.py
[2026-03-26T03:43:24.531+0000] {processor.py:840} INFO - DAG(s) 'hello_airflow' retrieved from /opt/airflow/dags/example.py
[2026-03-26T03:43:24.642+0000] {logging_mixin.py:188} INFO - [2026-03-26T03:43:24.641+0000] {dag.py:3096} INFO - Sync 1 DAGs
[2026-03-26T03:43:24.795+0000] {logging_mixin.py:188} INFO - [2026-03-26T03:43:24.794+0000] {dag.py:3954} INFO - Setting next_dagrun for hello_airflow to 2024-03-23 00:00:00+00:00, run_after=2024-03-24 00:00:00+00:00
[2026-03-26T03:43:25.010+0000] {processor.py:183} INFO - Processing /opt/airflow/dags/example.py took 1.687 seconds
[2026-03-26T03:43:55.872+0000] {processor.py:161} INFO - Started process (PID=2269) to work on /opt/airflow/dags/example.py
[2026-03-26T03:43:55.888+0000] {processor.py:830} INFO - Processing file /opt/airflow/dags/example.py for tasks to queue
[2026-03-26T03:43:55.905+0000] {logging_mixin.py:188} INFO - [2026-03-26T03:43:55.903+0000] {dagbag.py:545} INFO - Filling up the DagBag from /opt/airflow/dags/example.py
[2026-03-26T03:43:56.054+0000] {processor.py:840} INFO - DAG(s) 'hello_airflow' retrieved from /opt/airflow/dags/example.py
[2026-03-26T03:43:56.126+0000] {logging_mixin.py:188} INFO - [2026-03-26T03:43:56.125+0000] {dag.py:3096} INFO - Sync 1 DAGs
[2026-03-26T03:43:56.245+0000] {logging_mixin.py:188} INFO - [2026-03-26T03:43:56.244+0000] {dag.py:3954} INFO - Setting next_dagrun for hello_airflow to 2024-03-23 00:00:00+00:00, run_after=2024-03-24 00:00:00+00:00
[2026-03-26T03:43:56.311+0000] {processor.py:183} INFO - Processing /opt/airflow/dags/example.py took 0.557 seconds
[2026-03-26T03:44:27.395+0000] {processor.py:161} INFO - Started process (PID=2453) to work on /opt/airflow/dags/example.py
[2026-03-26T03:44:27.427+0000] {processor.py:830} INFO - Processing file /opt/airflow/dags/example.py for tasks to queue
[2026-03-26T03:44:27.444+0000] {logging_mixin.py:188} INFO - [2026-03-26T03:44:27.443+0000] {dagbag.py:545} INFO - Filling up the DagBag from /opt/airflow/dags/example.py
[2026-03-26T03:44:27.735+0000] {processor.py:840} INFO - DAG(s) 'hello_airflow' retrieved from /opt/airflow/dags/example.py
[2026-03-26T03:44:27.969+0000] {logging_mixin.py:188} INFO - [2026-03-26T03:44:27.968+0000] {dag.py:3096} INFO - Sync 1 DAGs
[2026-03-26T03:44:28.171+0000] {logging_mixin.py:188} INFO - [2026-03-26T03:44:28.171+0000] {dag.py:3954} INFO - Setting next_dagrun for hello_airflow to 2024-03-23 00:00:00+00:00, run_after=2024-03-24 00:00:00+00:00
[2026-03-26T03:44:28.339+0000] {processor.py:183} INFO - Processing /opt/airflow/dags/example.py took 1.083 seconds
[2026-03-26T03:44:59.956+0000] {processor.py:161} INFO - Started process (PID=2630) to work on /opt/airflow/dags/example.py
[2026-03-26T03:44:59.963+0000] {processor.py:830} INFO - Processing file /opt/airflow/dags/example.py for tasks to queue
[2026-03-26T03:44:59.974+0000] {logging_mixin.py:188} INFO - [2026-03-26T03:44:59.973+0000] {dagbag.py:545} INFO - Filling up the DagBag from /opt/airflow/dags/example.py
[2026-03-26T03:45:00.182+0000] {processor.py:840} INFO - DAG(s) 'hello_airflow' retrieved from /opt/airflow/dags/example.py
[2026-03-26T03:45:00.339+0000] {logging_mixin.py:188} INFO - [2026-03-26T03:45:00.338+0000] {dag.py:3096} INFO - Sync 1 DAGs
[2026-03-26T03:45:00.463+0000] {logging_mixin.py:188} INFO - [2026-03-26T03:45:00.463+0000] {dag.py:3954} INFO - Setting next_dagrun for hello_airflow to 2024-03-23 00:00:00+00:00, run_after=2024-03-24 00:00:00+00:00
[2026-03-26T03:45:00.594+0000] {processor.py:183} INFO - Processing /opt/airflow/dags/example.py took 0.711 seconds
[2026-03-26T03:45:30.879+0000] {processor.py:161} INFO - Started process (PID=2807) to work on /opt/airflow/dags/example.py
[2026-03-26T03:45:30.883+0000] {processor.py:830} INFO - Processing file /opt/airflow/dags/example.py for tasks to queue
[2026-03-26T03:45:30.892+0000] {logging_mixin.py:188} INFO - [2026-03-26T03:45:30.887+0000] {dagbag.py:545} INFO - Filling up the DagBag from /opt/airflow/dags/example.py
[2026-03-26T03:45:30.952+0000] {processor.py:840} INFO - DAG(s) 'hello_airflow' retrieved from /opt/airflow/dags/example.py
[2026-03-26T03:45:31.019+0000] {logging_mixin.py:188} INFO - [2026-03-26T03:45:31.019+0000] {dag.py:3096} INFO - Sync 1 DAGs
[2026-03-26T03:45:31.069+0000] {logging_mixin.py:188} INFO - [2026-03-26T03:45:31.069+0000] {dag.py:3954} INFO - Setting next_dagrun for hello_airflow to 2024-03-23 00:00:00+00:00, run_after=2024-03-24 00:00:00+00:00
[2026-03-26T03:45:31.120+0000] {processor.py:183} INFO - Processing /opt/airflow/dags/example.py took 0.261 seconds
[2026-03-26T03:46:01.605+0000] {processor.py:161} INFO - Started process (PID=2977) to work on /opt/airflow/dags/example.py
[2026-03-26T03:46:01.627+0000] {processor.py:830} INFO - Processing file /opt/airflow/dags/example.py for tasks to queue
[2026-03-26T03:46:01.639+0000] {logging_mixin.py:188} INFO - [2026-03-26T03:46:01.638+0000] {dagbag.py:545} INFO - Filling up the DagBag from /opt/airflow/dags/example.py
[2026-03-26T03:46:01.829+0000] {processor.py:840} INFO - DAG(s) 'hello_airflow' retrieved from /opt/airflow/dags/example.py
[2026-03-26T03:46:01.974+0000] {logging_mixin.py:188} INFO - [2026-03-26T03:46:01.973+0000] {dag.py:3096} INFO - Sync 1 DAGs
[2026-03-26T03:46:02.185+0000] {logging_mixin.py:188} INFO - [2026-03-26T03:46:02.181+0000] {dag.py:3954} INFO - Setting next_dagrun for hello_airflow to 2024-03-23 00:00:00+00:00, run_after=2024-03-24 00:00:00+00:00
[2026-03-26T03:46:02.245+0000] {processor.py:183} INFO - Processing /opt/airflow/dags/example.py took 0.727 seconds
[2026-03-26T03:47:30.369+0000] {processor.py:161} INFO - Started process (PID=217) to work on /opt/airflow/dags/example.py
[2026-03-26T03:47:30.421+0000] {processor.py:830} INFO - Processing file /opt/airflow/dags/example.py for tasks to queue
[2026-03-26T03:47:30.435+0000] {logging_mixin.py:188} INFO - [2026-03-26T03:47:30.434+0000] {dagbag.py:545} INFO - Filling up the DagBag from /opt/airflow/dags/example.py
[2026-03-26T03:47:30.875+0000] {processor.py:840} INFO - DAG(s) 'hello_airflow' retrieved from /opt/airflow/dags/example.py
[2026-03-26T03:47:31.656+0000] {logging_mixin.py:188} INFO - [2026-03-26T03:47:31.656+0000] {dag.py:3096} INFO - Sync 1 DAGs
[2026-03-26T03:47:31.783+0000] {logging_mixin.py:188} INFO - [2026-03-26T03:47:31.783+0000] {dag.py:3954} INFO - Setting next_dagrun for hello_airflow to 2024-03-23 00:00:00+00:00, run_after=2024-03-24 00:00:00+00:00
[2026-03-26T03:47:31.867+0000] {processor.py:183} INFO - Processing /opt/airflow/dags/example.py took 1.524 seconds
[2026-03-26T03:48:02.641+0000] {processor.py:161} INFO - Started process (PID=264) to work on /opt/airflow/dags/example.py
[2026-03-26T03:48:02.644+0000] {processor.py:830} INFO - Processing file /opt/airflow/dags/example.py for tasks to queue
[2026-03-26T03:48:02.645+0000] {logging_mixin.py:188} INFO - [2026-03-26T03:48:02.645+0000] {dagbag.py:545} INFO - Filling up the DagBag from /opt/airflow/dags/example.py
[2026-03-26T03:48:02.699+0000] {processor.py:840} INFO - DAG(s) 'hello_airflow' retrieved from /opt/airflow/dags/example.py
[2026-03-26T03:48:02.746+0000] {logging_mixin.py:188} INFO - [2026-03-26T03:48:02.746+0000] {dag.py:3096} INFO - Sync 1 DAGs
[2026-03-26T03:48:02.785+0000] {logging_mixin.py:188} INFO - [2026-03-26T03:48:02.785+0000] {dag.py:3954} INFO - Setting next_dagrun for hello_airflow to 2024-03-23 00:00:00+00:00, run_after=2024-03-24 00:00:00+00:00
[2026-03-26T03:48:02.825+0000] {processor.py:183} INFO - Processing /opt/airflow/dags/example.py took 0.196 seconds
[2026-03-26T03:48:33.393+0000] {processor.py:161} INFO - Started process (PID=290) to work on /opt/airflow/dags/example.py
[2026-03-26T03:48:33.394+0000] {processor.py:830} INFO - Processing file /opt/airflow/dags/example.py for tasks to queue
[2026-03-26T03:48:33.395+0000] {logging_mixin.py:188} INFO - [2026-03-26T03:48:33.395+0000] {dagbag.py:545} INFO - Filling up the DagBag from /opt/airflow/dags/example.py
[2026-03-26T03:48:33.423+0000] {processor.py:840} INFO - DAG(s) 'hello_airflow' retrieved from /opt/airflow/dags/example.py
[2026-03-26T03:48:33.467+0000] {logging_mixin.py:188} INFO - [2026-03-26T03:48:33.467+0000] {dag.py:3096} INFO - Sync 1 DAGs
[2026-03-26T03:48:33.497+0000] {logging_mixin.py:188} INFO - [2026-03-26T03:48:33.496+0000] {dag.py:3954} INFO - Setting next_dagrun for hello_airflow to 2024-03-23 00:00:00+00:00, run_after=2024-03-24 00:00:00+00:00
[2026-03-26T03:48:33.530+0000] {processor.py:183} INFO - Processing /opt/airflow/dags/example.py took 0.146 seconds
[2026-03-26T03:53:48.995+0000] {processor.py:161} INFO - Started process (PID=187) to work on /opt/airflow/dags/example.py
[2026-03-26T03:53:48.996+0000] {processor.py:830} INFO - Processing file /opt/airflow/dags/example.py for tasks to queue
[2026-03-26T03:53:48.998+0000] {logging_mixin.py:188} INFO - [2026-03-26T03:53:48.998+0000] {dagbag.py:545} INFO - Filling up the DagBag from /opt/airflow/dags/example.py
[2026-03-26T03:53:49.021+0000] {processor.py:840} INFO - DAG(s) 'hello_airflow' retrieved from /opt/airflow/dags/example.py
[2026-03-26T03:53:49.203+0000] {logging_mixin.py:188} INFO - [2026-03-26T03:53:49.202+0000] {override.py:1829} INFO - Created Permission View: can edit on DAG:hello_airflow
[2026-03-26T03:53:49.213+0000] {logging_mixin.py:188} INFO - [2026-03-26T03:53:49.212+0000] {override.py:1829} INFO - Created Permission View: can delete on DAG:hello_airflow
[2026-03-26T03:53:49.222+0000] {logging_mixin.py:188} INFO - [2026-03-26T03:53:49.221+0000] {override.py:1829} INFO - Created Permission View: can read on DAG:hello_airflow
[2026-03-26T03:53:49.222+0000] {logging_mixin.py:188} INFO - [2026-03-26T03:53:49.222+0000] {dag.py:3096} INFO - Sync 1 DAGs
[2026-03-26T03:53:49.235+0000] {logging_mixin.py:188} INFO - [2026-03-26T03:53:49.235+0000] {dag.py:3118} INFO - Creating ORM DAG for hello_airflow
[2026-03-26T03:53:49.246+0000] {logging_mixin.py:188} INFO - [2026-03-26T03:53:49.246+0000] {dag.py:3954} INFO - Setting next_dagrun for hello_airflow to 2024-03-23 00:00:00+00:00, run_after=2024-03-24 00:00:00+00:00
[2026-03-26T03:53:49.269+0000] {processor.py:183} INFO - Processing /opt/airflow/dags/example.py took 0.281 seconds
[2026-03-26T03:54:19.765+0000] {processor.py:161} INFO - Started process (PID=213) to work on /opt/airflow/dags/example.py
[2026-03-26T03:54:19.766+0000] {processor.py:830} INFO - Processing file /opt/airflow/dags/example.py for tasks to queue
[2026-03-26T03:54:19.768+0000] {logging_mixin.py:188} INFO - [2026-03-26T03:54:19.768+0000] {dagbag.py:545} INFO - Filling up the DagBag from /opt/airflow/dags/example.py
[2026-03-26T03:54:19.790+0000] {processor.py:840} INFO - DAG(s) 'hello_airflow' retrieved from /opt/airflow/dags/example.py
[2026-03-26T03:54:19.825+0000] {logging_mixin.py:188} INFO - [2026-03-26T03:54:19.825+0000] {dag.py:3096} INFO - Sync 1 DAGs
[2026-03-26T03:54:19.848+0000] {logging_mixin.py:188} INFO - [2026-03-26T03:54:19.848+0000] {dag.py:3954} INFO - Setting next_dagrun for hello_airflow to 2024-03-23 00:00:00+00:00, run_after=2024-03-24 00:00:00+00:00
[2026-03-26T03:54:19.869+0000] {processor.py:183} INFO - Processing /opt/airflow/dags/example.py took 0.110 seconds
[2026-03-26T03:54:50.503+0000] {processor.py:161} INFO - Started process (PID=239) to work on /opt/airflow/dags/example.py
[2026-03-26T03:54:50.507+0000] {processor.py:830} INFO - Processing file /opt/airflow/dags/example.py for tasks to queue
[2026-03-26T03:54:50.513+0000] {logging_mixin.py:188} INFO - [2026-03-26T03:54:50.511+0000] {dagbag.py:545} INFO - Filling up the DagBag from /opt/airflow/dags/example.py
[2026-03-26T03:54:50.555+0000] {processor.py:840} INFO - DAG(s) 'hello_airflow' retrieved from /opt/airflow/dags/example.py
[2026-03-26T03:54:50.599+0000] {logging_mixin.py:188} INFO - [2026-03-26T03:54:50.599+0000] {dag.py:3096} INFO - Sync 1 DAGs
[2026-03-26T03:54:50.629+0000] {logging_mixin.py:188} INFO - [2026-03-26T03:54:50.629+0000] {dag.py:3954} INFO - Setting next_dagrun for hello_airflow to 2024-03-23 00:00:00+00:00, run_after=2024-03-24 00:00:00+00:00
[2026-03-26T03:54:50.652+0000] {processor.py:183} INFO - Processing /opt/airflow/dags/example.py took 0.156 seconds
[2026-03-26T03:55:21.267+0000] {processor.py:161} INFO - Started process (PID=265) to work on /opt/airflow/dags/example.py
[2026-03-26T03:55:21.268+0000] {processor.py:830} INFO - Processing file /opt/airflow/dags/example.py for tasks to queue
[2026-03-26T03:55:21.270+0000] {logging_mixin.py:188} INFO - [2026-03-26T03:55:21.270+0000] {dagbag.py:545} INFO - Filling up the DagBag from /opt/airflow/dags/example.py
[2026-03-26T03:55:21.293+0000] {processor.py:840} INFO - DAG(s) 'hello_airflow' retrieved from /opt/airflow/dags/example.py
[2026-03-26T03:55:21.330+0000] {logging_mixin.py:188} INFO - [2026-03-26T03:55:21.329+0000] {dag.py:3096} INFO - Sync 1 DAGs
[2026-03-26T03:55:21.355+0000] {logging_mixin.py:188} INFO - [2026-03-26T03:55:21.355+0000] {dag.py:3954} INFO - Setting next_dagrun for hello_airflow to 2024-03-23 00:00:00+00:00, run_after=2024-03-24 00:00:00+00:00
[2026-03-26T03:55:21.379+0000] {processor.py:183} INFO - Processing /opt/airflow/dags/example.py took 0.119 seconds
[2026-03-26T03:55:51.967+0000] {processor.py:161} INFO - Started process (PID=291) to work on /opt/airflow/dags/example.py
[2026-03-26T03:55:51.968+0000] {processor.py:830} INFO - Processing file /opt/airflow/dags/example.py for tasks to queue
[2026-03-26T03:55:51.970+0000] {logging_mixin.py:188} INFO - [2026-03-26T03:55:51.970+0000] {dagbag.py:545} INFO - Filling up the DagBag from /opt/airflow/dags/example.py
[2026-03-26T03:55:52.001+0000] {processor.py:840} INFO - DAG(s) 'hello_airflow' retrieved from /opt/airflow/dags/example.py
[2026-03-26T03:55:52.051+0000] {logging_mixin.py:188} INFO - [2026-03-26T03:55:52.051+0000] {dag.py:3096} INFO - Sync 1 DAGs
[2026-03-26T03:55:52.075+0000] {logging_mixin.py:188} INFO - [2026-03-26T03:55:52.075+0000] {dag.py:3954} INFO - Setting next_dagrun for hello_airflow to 2024-03-23 00:00:00+00:00, run_after=2024-03-24 00:00:00+00:00
[2026-03-26T03:55:52.098+0000] {processor.py:183} INFO - Processing /opt/airflow/dags/example.py took 0.139 seconds
[2026-03-26T03:56:22.698+0000] {processor.py:161} INFO - Started process (PID=324) to work on /opt/airflow/dags/example.py
[2026-03-26T03:56:22.700+0000] {processor.py:830} INFO - Processing file /opt/airflow/dags/example.py for tasks to queue
[2026-03-26T03:56:22.703+0000] {logging_mixin.py:188} INFO - [2026-03-26T03:56:22.702+0000] {dagbag.py:545} INFO - Filling up the DagBag from /opt/airflow/dags/example.py
[2026-03-26T03:56:22.736+0000] {processor.py:840} INFO - DAG(s) 'hello_airflow' retrieved from /opt/airflow/dags/example.py
[2026-03-26T03:56:22.776+0000] {logging_mixin.py:188} INFO - [2026-03-26T03:56:22.776+0000] {dag.py:3096} INFO - Sync 1 DAGs
[2026-03-26T03:56:22.803+0000] {logging_mixin.py:188} INFO - [2026-03-26T03:56:22.803+0000] {dag.py:3954} INFO - Setting next_dagrun for hello_airflow to 2024-03-23 00:00:00+00:00, run_after=2024-03-24 00:00:00+00:00
[2026-03-26T03:56:22.825+0000] {processor.py:183} INFO - Processing /opt/airflow/dags/example.py took 0.136 seconds
[2026-03-26T03:56:53.418+0000] {processor.py:161} INFO - Started process (PID=350) to work on /opt/airflow/dags/example.py
[2026-03-26T03:56:53.420+0000] {processor.py:830} INFO - Processing file /opt/airflow/dags/example.py for tasks to queue
[2026-03-26T03:56:53.424+0000] {logging_mixin.py:188} INFO - [2026-03-26T03:56:53.423+0000] {dagbag.py:545} INFO - Filling up the DagBag from /opt/airflow/dags/example.py
[2026-03-26T03:56:53.460+0000] {processor.py:840} INFO - DAG(s) 'hello_airflow' retrieved from /opt/airflow/dags/example.py
[2026-03-26T03:56:53.505+0000] {logging_mixin.py:188} INFO - [2026-03-26T03:56:53.505+0000] {dag.py:3096} INFO - Sync 1 DAGs
[2026-03-26T03:56:53.547+0000] {logging_mixin.py:188} INFO - [2026-03-26T03:56:53.547+0000] {dag.py:3954} INFO - Setting next_dagrun for hello_airflow to 2024-03-23 00:00:00+00:00, run_after=2024-03-24 00:00:00+00:00
[2026-03-26T03:56:53.585+0000] {processor.py:183} INFO - Processing /opt/airflow/dags/example.py took 0.174 seconds
[2026-03-26T03:57:24.376+0000] {processor.py:161} INFO - Started process (PID=376) to work on /opt/airflow/dags/example.py
[2026-03-26T03:57:24.379+0000] {processor.py:830} INFO - Processing file /opt/airflow/dags/example.py for tasks to queue
[2026-03-26T03:57:24.385+0000] {logging_mixin.py:188} INFO - [2026-03-26T03:57:24.384+0000] {dagbag.py:545} INFO - Filling up the DagBag from /opt/airflow/dags/example.py
[2026-03-26T03:57:24.457+0000] {processor.py:840} INFO - DAG(s) 'hello_airflow' retrieved from /opt/airflow/dags/example.py
[2026-03-26T03:57:24.562+0000] {logging_mixin.py:188} INFO - [2026-03-26T03:57:24.562+0000] {dag.py:3096} INFO - Sync 1 DAGs
[2026-03-26T03:57:24.666+0000] {logging_mixin.py:188} INFO - [2026-03-26T03:57:24.665+0000] {dag.py:3954} INFO - Setting next_dagrun for hello_airflow to 2024-03-23 00:00:00+00:00, run_after=2024-03-24 00:00:00+00:00
[2026-03-26T03:57:24.729+0000] {processor.py:183} INFO - Processing /opt/airflow/dags/example.py took 0.374 seconds
[2026-03-26T03:57:54.989+0000] {processor.py:161} INFO - Started process (PID=404) to work on /opt/airflow/dags/example.py
[2026-03-26T03:57:54.991+0000] {processor.py:830} INFO - Processing file /opt/airflow/dags/example.py for tasks to queue
[2026-03-26T03:57:54.994+0000] {logging_mixin.py:188} INFO - [2026-03-26T03:57:54.994+0000] {dagbag.py:545} INFO - Filling up the DagBag from /opt/airflow/dags/example.py
[2026-03-26T03:57:55.029+0000] {processor.py:840} INFO - DAG(s) 'hello_airflow' retrieved from /opt/airflow/dags/example.py
[2026-03-26T03:57:55.061+0000] {logging_mixin.py:188} INFO - [2026-03-26T03:57:55.061+0000] {dag.py:3096} INFO - Sync 1 DAGs
[2026-03-26T03:57:55.093+0000] {logging_mixin.py:188} INFO - [2026-03-26T03:57:55.091+0000] {dag.py:3954} INFO - Setting next_dagrun for hello_airflow to 2024-03-23 00:00:00+00:00, run_after=2024-03-24 00:00:00+00:00
[2026-03-26T03:57:55.155+0000] {processor.py:183} INFO - Processing /opt/airflow/dags/example.py took 0.173 seconds
[2026-03-26T03:59:15.142+0000] {processor.py:161} INFO - Started process (PID=187) to work on /opt/airflow/dags/example.py
[2026-03-26T03:59:15.145+0000] {processor.py:830} INFO - Processing file /opt/airflow/dags/example.py for tasks to queue
[2026-03-26T03:59:15.147+0000] {logging_mixin.py:188} INFO - [2026-03-26T03:59:15.147+0000] {dagbag.py:545} INFO - Filling up the DagBag from /opt/airflow/dags/example.py
[2026-03-26T03:59:15.185+0000] {processor.py:840} INFO - DAG(s) 'hello_airflow' retrieved from /opt/airflow/dags/example.py
[2026-03-26T03:59:15.447+0000] {logging_mixin.py:188} INFO - [2026-03-26T03:59:15.446+0000] {override.py:1829} INFO - Created Permission View: can read on DAG:hello_airflow
[2026-03-26T03:59:15.460+0000] {logging_mixin.py:188} INFO - [2026-03-26T03:59:15.459+0000] {override.py:1829} INFO - Created Permission View: can delete on DAG:hello_airflow
[2026-03-26T03:59:15.470+0000] {logging_mixin.py:188} INFO - [2026-03-26T03:59:15.469+0000] {override.py:1829} INFO - Created Permission View: can edit on DAG:hello_airflow
[2026-03-26T03:59:15.471+0000] {logging_mixin.py:188} INFO - [2026-03-26T03:59:15.470+0000] {dag.py:3096} INFO - Sync 1 DAGs
[2026-03-26T03:59:15.487+0000] {logging_mixin.py:188} INFO - [2026-03-26T03:59:15.487+0000] {dag.py:3118} INFO - Creating ORM DAG for hello_airflow
[2026-03-26T03:59:15.503+0000] {logging_mixin.py:188} INFO - [2026-03-26T03:59:15.502+0000] {dag.py:3954} INFO - Setting next_dagrun for hello_airflow to 2024-03-23 00:00:00+00:00, run_after=2024-03-24 00:00:00+00:00
[2026-03-26T03:59:15.529+0000] {processor.py:183} INFO - Processing /opt/airflow/dags/example.py took 0.395 seconds
[2026-03-26T03:59:46.364+0000] {processor.py:161} INFO - Started process (PID=213) to work on /opt/airflow/dags/example.py
[2026-03-26T03:59:46.366+0000] {processor.py:830} INFO - Processing file /opt/airflow/dags/example.py for tasks to queue
[2026-03-26T03:59:46.369+0000] {logging_mixin.py:188} INFO - [2026-03-26T03:59:46.368+0000] {dagbag.py:545} INFO - Filling up the DagBag from /opt/airflow/dags/example.py
[2026-03-26T03:59:46.399+0000] {processor.py:840} INFO - DAG(s) 'hello_airflow' retrieved from /opt/airflow/dags/example.py
[2026-03-26T03:59:46.436+0000] {logging_mixin.py:188} INFO - [2026-03-26T03:59:46.436+0000] {dag.py:3096} INFO - Sync 1 DAGs
[2026-03-26T03:59:46.460+0000] {logging_mixin.py:188} INFO - [2026-03-26T03:59:46.460+0000] {dag.py:3954} INFO - Setting next_dagrun for hello_airflow to 2024-03-23 00:00:00+00:00, run_after=2024-03-24 00:00:00+00:00
[2026-03-26T03:59:46.964+0000] {processor.py:183} INFO - Processing /opt/airflow/dags/example.py took 0.610 seconds
[2026-03-26T04:00:17.797+0000] {processor.py:161} INFO - Started process (PID=245) to work on /opt/airflow/dags/example.py
[2026-03-26T04:00:17.798+0000] {processor.py:830} INFO - Processing file /opt/airflow/dags/example.py for tasks to queue
[2026-03-26T04:00:17.801+0000] {logging_mixin.py:188} INFO - [2026-03-26T04:00:17.800+0000] {dagbag.py:545} INFO - Filling up the DagBag from /opt/airflow/dags/example.py
[2026-03-26T04:00:17.824+0000] {processor.py:840} INFO - DAG(s) 'hello_airflow' retrieved from /opt/airflow/dags/example.py
[2026-03-26T04:00:17.893+0000] {logging_mixin.py:188} INFO - [2026-03-26T04:00:17.892+0000] {dag.py:3096} INFO - Sync 1 DAGs
[2026-03-26T04:00:17.919+0000] {logging_mixin.py:188} INFO - [2026-03-26T04:00:17.919+0000] {dag.py:3954} INFO - Setting next_dagrun for hello_airflow to 2024-03-23 00:00:00+00:00, run_after=2024-03-24 00:00:00+00:00
[2026-03-26T04:00:17.945+0000] {processor.py:183} INFO - Processing /opt/airflow/dags/example.py took 0.156 seconds
[2026-03-26T04:00:48.567+0000] {processor.py:161} INFO - Started process (PID=271) to work on /opt/airflow/dags/example.py
[2026-03-26T04:00:48.570+0000] {processor.py:830} INFO - Processing file /opt/airflow/dags/example.py for tasks to queue
[2026-03-26T04:00:48.575+0000] {logging_mixin.py:188} INFO - [2026-03-26T04:00:48.574+0000] {dagbag.py:545} INFO - Filling up the DagBag from /opt/airflow/dags/example.py
[2026-03-26T04:00:48.624+0000] {processor.py:840} INFO - DAG(s) 'hello_airflow' retrieved from /opt/airflow/dags/example.py
[2026-03-26T04:00:48.681+0000] {logging_mixin.py:188} INFO - [2026-03-26T04:00:48.681+0000] {dag.py:3096} INFO - Sync 1 DAGs
[2026-03-26T04:00:48.721+0000] {logging_mixin.py:188} INFO - [2026-03-26T04:00:48.720+0000] {dag.py:3954} INFO - Setting next_dagrun for hello_airflow to 2024-03-23 00:00:00+00:00, run_after=2024-03-24 00:00:00+00:00
[2026-03-26T04:00:48.758+0000] {processor.py:183} INFO - Processing /opt/airflow/dags/example.py took 0.203 seconds
[2026-03-26T04:01:19.395+0000] {processor.py:161} INFO - Started process (PID=297) to work on /opt/airflow/dags/example.py
[2026-03-26T04:01:19.397+0000] {processor.py:830} INFO - Processing file /opt/airflow/dags/example.py for tasks to queue
[2026-03-26T04:01:19.412+0000] {logging_mixin.py:188} INFO - [2026-03-26T04:01:19.411+0000] {dagbag.py:545} INFO - Filling up the DagBag from /opt/airflow/dags/example.py
[2026-03-26T04:01:19.475+0000] {processor.py:840} INFO - DAG(s) 'hello_airflow' retrieved from /opt/airflow/dags/example.py
[2026-03-26T04:01:19.567+0000] {logging_mixin.py:188} INFO - [2026-03-26T04:01:19.566+0000] {dag.py:3096} INFO - Sync 1 DAGs
[2026-03-26T04:01:19.612+0000] {logging_mixin.py:188} INFO - [2026-03-26T04:01:19.612+0000] {dag.py:3954} INFO - Setting next_dagrun for hello_airflow to 2024-03-23 00:00:00+00:00, run_after=2024-03-24 00:00:00+00:00
[2026-03-26T04:01:19.659+0000] {processor.py:183} INFO - Processing /opt/airflow/dags/example.py took 0.286 seconds
[2026-03-26T04:01:49.994+0000] {processor.py:161} INFO - Started process (PID=354) to work on /opt/airflow/dags/example.py
[2026-03-26T04:01:50.009+0000] {processor.py:830} INFO - Processing file /opt/airflow/dags/example.py for tasks to queue
[2026-03-26T04:01:50.015+0000] {logging_mixin.py:188} INFO - [2026-03-26T04:01:50.014+0000] {dagbag.py:545} INFO - Filling up the DagBag from /opt/airflow/dags/example.py
[2026-03-26T04:01:50.116+0000] {processor.py:840} INFO - DAG(s) 'hello_airflow' retrieved from /opt/airflow/dags/example.py
[2026-03-26T04:01:50.229+0000] {logging_mixin.py:188} INFO - [2026-03-26T04:01:50.228+0000] {dag.py:3096} INFO - Sync 1 DAGs
[2026-03-26T04:01:50.347+0000] {logging_mixin.py:188} INFO - [2026-03-26T04:01:50.346+0000] {dag.py:3954} INFO - Setting next_dagrun for hello_airflow to 2024-03-23 00:00:00+00:00, run_after=2024-03-24 00:00:00+00:00
[2026-03-26T04:01:50.418+0000] {processor.py:183} INFO - Processing /opt/airflow/dags/example.py took 0.452 seconds
[2026-03-26T04:02:28.864+0000] {processor.py:161} INFO - Started process (PID=405) to work on /opt/airflow/dags/example.py
[2026-03-26T04:02:28.878+0000] {processor.py:830} INFO - Processing file /opt/airflow/dags/example.py for tasks to queue
[2026-03-26T04:02:28.886+0000] {logging_mixin.py:188} INFO - [2026-03-26T04:02:28.885+0000] {dagbag.py:545} INFO - Filling up the DagBag from /opt/airflow/dags/example.py
[2026-03-26T04:02:29.530+0000] {processor.py:840} INFO - DAG(s) 'hello_airflow' retrieved from /opt/airflow/dags/example.py
[2026-03-26T04:02:30.016+0000] {logging_mixin.py:188} INFO - [2026-03-26T04:02:30.016+0000] {dag.py:3096} INFO - Sync 1 DAGs
[2026-03-26T04:02:30.167+0000] {logging_mixin.py:188} INFO - [2026-03-26T04:02:30.167+0000] {dag.py:3954} INFO - Setting next_dagrun for hello_airflow to 2024-03-23 00:00:00+00:00, run_after=2024-03-24 00:00:00+00:00
[2026-03-26T04:02:30.361+0000] {processor.py:183} INFO - Processing /opt/airflow/dags/example.py took 1.630 seconds
[2026-03-26T04:03:01.519+0000] {processor.py:161} INFO - Started process (PID=453) to work on /opt/airflow/dags/example.py
[2026-03-26T04:03:01.522+0000] {processor.py:830} INFO - Processing file /opt/airflow/dags/example.py for tasks to queue
[2026-03-26T04:03:01.527+0000] {logging_mixin.py:188} INFO - [2026-03-26T04:03:01.526+0000] {dagbag.py:545} INFO - Filling up the DagBag from /opt/airflow/dags/example.py
[2026-03-26T04:03:01.645+0000] {processor.py:840} INFO - DAG(s) 'hello_airflow' retrieved from /opt/airflow/dags/example.py
[2026-03-26T04:03:01.821+0000] {logging_mixin.py:188} INFO - [2026-03-26T04:03:01.821+0000] {dag.py:3096} INFO - Sync 1 DAGs
[2026-03-26T04:03:01.955+0000] {logging_mixin.py:188} INFO - [2026-03-26T04:03:01.954+0000] {dag.py:3954} INFO - Setting next_dagrun for hello_airflow to 2024-03-23 00:00:00+00:00, run_after=2024-03-24 00:00:00+00:00
[2026-03-26T04:03:02.096+0000] {processor.py:183} INFO - Processing /opt/airflow/dags/example.py took 0.647 seconds
[2026-03-26T04:03:33.083+0000] {processor.py:161} INFO - Started process (PID=493) to work on /opt/airflow/dags/example.py
[2026-03-26T04:03:33.097+0000] {processor.py:830} INFO - Processing file /opt/airflow/dags/example.py for tasks to queue
[2026-03-26T04:03:33.102+0000] {logging_mixin.py:188} INFO - [2026-03-26T04:03:33.101+0000] {dagbag.py:545} INFO - Filling up the DagBag from /opt/airflow/dags/example.py
[2026-03-26T04:03:33.481+0000] {processor.py:840} INFO - DAG(s) 'hello_airflow' retrieved from /opt/airflow/dags/example.py
[2026-03-26T04:03:33.861+0000] {logging_mixin.py:188} INFO - [2026-03-26T04:03:33.860+0000] {dag.py:3096} INFO - Sync 1 DAGs
[2026-03-26T04:03:34.092+0000] {logging_mixin.py:188} INFO - [2026-03-26T04:03:34.091+0000] {dag.py:3954} INFO - Setting next_dagrun for hello_airflow to 2024-03-23 00:00:00+00:00, run_after=2024-03-24 00:00:00+00:00
[2026-03-26T04:03:34.210+0000] {processor.py:183} INFO - Processing /opt/airflow/dags/example.py took 1.199 seconds
[2026-03-26T04:04:05.069+0000] {processor.py:161} INFO - Started process (PID=566) to work on /opt/airflow/dags/example.py
[2026-03-26T04:04:05.083+0000] {processor.py:830} INFO - Processing file /opt/airflow/dags/example.py for tasks to queue
[2026-03-26T04:04:05.113+0000] {logging_mixin.py:188} INFO - [2026-03-26T04:04:05.113+0000] {dagbag.py:545} INFO - Filling up the DagBag from /opt/airflow/dags/example.py
[2026-03-26T04:04:05.277+0000] {processor.py:840} INFO - DAG(s) 'hello_airflow' retrieved from /opt/airflow/dags/example.py
[2026-03-26T04:04:05.478+0000] {logging_mixin.py:188} INFO - [2026-03-26T04:04:05.478+0000] {dag.py:3096} INFO - Sync 1 DAGs
[2026-03-26T04:04:05.780+0000] {logging_mixin.py:188} INFO - [2026-03-26T04:04:05.780+0000] {dag.py:3954} INFO - Setting next_dagrun for hello_airflow to 2024-03-23 00:00:00+00:00, run_after=2024-03-24 00:00:00+00:00
[2026-03-26T04:04:05.959+0000] {processor.py:183} INFO - Processing /opt/airflow/dags/example.py took 0.979 seconds
[2026-03-26T04:04:36.352+0000] {processor.py:161} INFO - Started process (PID=615) to work on /opt/airflow/dags/example.py
[2026-03-26T04:04:36.364+0000] {processor.py:830} INFO - Processing file /opt/airflow/dags/example.py for tasks to queue
[2026-03-26T04:04:36.368+0000] {logging_mixin.py:188} INFO - [2026-03-26T04:04:36.367+0000] {dagbag.py:545} INFO - Filling up the DagBag from /opt/airflow/dags/example.py
[2026-03-26T04:04:36.448+0000] {processor.py:840} INFO - DAG(s) 'hello_airflow' retrieved from /opt/airflow/dags/example.py
[2026-03-26T04:04:36.530+0000] {logging_mixin.py:188} INFO - [2026-03-26T04:04:36.529+0000] {dag.py:3096} INFO - Sync 1 DAGs
[2026-03-26T04:04:36.599+0000] {logging_mixin.py:188} INFO - [2026-03-26T04:04:36.598+0000] {dag.py:3954} INFO - Setting next_dagrun for hello_airflow to 2024-03-23 00:00:00+00:00, run_after=2024-03-24 00:00:00+00:00
[2026-03-26T04:04:36.680+0000] {processor.py:183} INFO - Processing /opt/airflow/dags/example.py took 0.370 seconds
[2026-03-26T04:05:07.928+0000] {processor.py:161} INFO - Started process (PID=683) to work on /opt/airflow/dags/example.py
[2026-03-26T04:05:07.932+0000] {processor.py:830} INFO - Processing file /opt/airflow/dags/example.py for tasks to queue
[2026-03-26T04:05:07.945+0000] {logging_mixin.py:188} INFO - [2026-03-26T04:05:07.944+0000] {dagbag.py:545} INFO - Filling up the DagBag from /opt/airflow/dags/example.py
[2026-03-26T04:05:08.107+0000] {processor.py:840} INFO - DAG(s) 'hello_airflow' retrieved from /opt/airflow/dags/example.py
[2026-03-26T04:05:08.324+0000] {logging_mixin.py:188} INFO - [2026-03-26T04:05:08.323+0000] {dag.py:3096} INFO - Sync 1 DAGs
[2026-03-26T04:05:08.536+0000] {logging_mixin.py:188} INFO - [2026-03-26T04:05:08.535+0000] {dag.py:3954} INFO - Setting next_dagrun for hello_airflow to 2024-03-23 00:00:00+00:00, run_after=2024-03-24 00:00:00+00:00
[2026-03-26T04:05:08.720+0000] {processor.py:183} INFO - Processing /opt/airflow/dags/example.py took 0.847 seconds
[2026-03-26T04:05:39.305+0000] {processor.py:161} INFO - Started process (PID=741) to work on /opt/airflow/dags/example.py
[2026-03-26T04:05:39.313+0000] {processor.py:830} INFO - Processing file /opt/airflow/dags/example.py for tasks to queue
[2026-03-26T04:05:39.322+0000] {logging_mixin.py:188} INFO - [2026-03-26T04:05:39.322+0000] {dagbag.py:545} INFO - Filling up the DagBag from /opt/airflow/dags/example.py
[2026-03-26T04:05:39.669+0000] {processor.py:840} INFO - DAG(s) 'hello_airflow' retrieved from /opt/airflow/dags/example.py
[2026-03-26T04:05:39.988+0000] {logging_mixin.py:188} INFO - [2026-03-26T04:05:39.988+0000] {dag.py:3096} INFO - Sync 1 DAGs
[2026-03-26T04:05:40.179+0000] {logging_mixin.py:188} INFO - [2026-03-26T04:05:40.179+0000] {dag.py:3954} INFO - Setting next_dagrun for hello_airflow to 2024-03-23 00:00:00+00:00, run_after=2024-03-24 00:00:00+00:00
[2026-03-26T04:05:40.434+0000] {processor.py:183} INFO - Processing /opt/airflow/dags/example.py took 1.175 seconds
[2026-03-26T04:06:11.166+0000] {processor.py:161} INFO - Started process (PID=803) to work on /opt/airflow/dags/example.py
[2026-03-26T04:06:11.168+0000] {processor.py:830} INFO - Processing file /opt/airflow/dags/example.py for tasks to queue
[2026-03-26T04:06:11.174+0000] {logging_mixin.py:188} INFO - [2026-03-26T04:06:11.173+0000] {dagbag.py:545} INFO - Filling up the DagBag from /opt/airflow/dags/example.py
[2026-03-26T04:06:11.269+0000] {processor.py:840} INFO - DAG(s) 'hello_airflow' retrieved from /opt/airflow/dags/example.py
[2026-03-26T04:06:11.367+0000] {logging_mixin.py:188} INFO - [2026-03-26T04:06:11.367+0000] {dag.py:3096} INFO - Sync 1 DAGs
[2026-03-26T04:06:11.505+0000] {logging_mixin.py:188} INFO - [2026-03-26T04:06:11.505+0000] {dag.py:3954} INFO - Setting next_dagrun for hello_airflow to 2024-03-23 00:00:00+00:00, run_after=2024-03-24 00:00:00+00:00
[2026-03-26T04:06:11.871+0000] {processor.py:183} INFO - Processing /opt/airflow/dags/example.py took 0.746 seconds
[2026-03-26T04:06:42.876+0000] {processor.py:161} INFO - Started process (PID=856) to work on /opt/airflow/dags/example.py
[2026-03-26T04:06:42.896+0000] {processor.py:830} INFO - Processing file /opt/airflow/dags/example.py for tasks to queue
[2026-03-26T04:06:42.943+0000] {logging_mixin.py:188} INFO - [2026-03-26T04:06:42.942+0000] {dagbag.py:545} INFO - Filling up the DagBag from /opt/airflow/dags/example.py
[2026-03-26T04:06:43.043+0000] {processor.py:840} INFO - DAG(s) 'hello_airflow' retrieved from /opt/airflow/dags/example.py
[2026-03-26T04:06:43.204+0000] {logging_mixin.py:188} INFO - [2026-03-26T04:06:43.203+0000] {dag.py:3096} INFO - Sync 1 DAGs
[2026-03-26T04:06:43.358+0000] {logging_mixin.py:188} INFO - [2026-03-26T04:06:43.357+0000] {dag.py:3954} INFO - Setting next_dagrun for hello_airflow to 2024-03-23 00:00:00+00:00, run_after=2024-03-24 00:00:00+00:00
[2026-03-26T04:06:43.461+0000] {processor.py:183} INFO - Processing /opt/airflow/dags/example.py took 0.643 seconds
[2026-03-26T04:07:13.797+0000] {processor.py:161} INFO - Started process (PID=931) to work on /opt/airflow/dags/example.py
[2026-03-26T04:07:13.801+0000] {processor.py:830} INFO - Processing file /opt/airflow/dags/example.py for tasks to queue
[2026-03-26T04:07:13.806+0000] {logging_mixin.py:188} INFO - [2026-03-26T04:07:13.805+0000] {dagbag.py:545} INFO - Filling up the DagBag from /opt/airflow/dags/example.py
[2026-03-26T04:07:13.927+0000] {processor.py:840} INFO - DAG(s) 'hello_airflow' retrieved from /opt/airflow/dags/example.py
[2026-03-26T04:07:14.054+0000] {logging_mixin.py:188} INFO - [2026-03-26T04:07:14.053+0000] {dag.py:3096} INFO - Sync 1 DAGs
[2026-03-26T04:07:14.191+0000] {logging_mixin.py:188} INFO - [2026-03-26T04:07:14.190+0000] {dag.py:3954} INFO - Setting next_dagrun for hello_airflow to 2024-03-23 00:00:00+00:00, run_after=2024-03-24 00:00:00+00:00
[2026-03-26T04:07:14.351+0000] {processor.py:183} INFO - Processing /opt/airflow/dags/example.py took 0.567 seconds
[2026-03-26T04:07:45.545+0000] {processor.py:161} INFO - Started process (PID=997) to work on /opt/airflow/dags/example.py
[2026-03-26T04:07:45.555+0000] {processor.py:830} INFO - Processing file /opt/airflow/dags/example.py for tasks to queue
[2026-03-26T04:07:45.588+0000] {logging_mixin.py:188} INFO - [2026-03-26T04:07:45.588+0000] {dagbag.py:545} INFO - Filling up the DagBag from /opt/airflow/dags/example.py
[2026-03-26T04:07:46.084+0000] {processor.py:840} INFO - DAG(s) 'hello_airflow' retrieved from /opt/airflow/dags/example.py
[2026-03-26T04:07:46.376+0000] {logging_mixin.py:188} INFO - [2026-03-26T04:07:46.375+0000] {dag.py:3096} INFO - Sync 1 DAGs
[2026-03-26T04:07:46.815+0000] {logging_mixin.py:188} INFO - [2026-03-26T04:07:46.814+0000] {dag.py:3954} INFO - Setting next_dagrun for hello_airflow to 2024-03-23 00:00:00+00:00, run_after=2024-03-24 00:00:00+00:00
[2026-03-26T04:07:46.964+0000] {processor.py:183} INFO - Processing /opt/airflow/dags/example.py took 1.613 seconds
[2026-03-26T04:08:17.852+0000] {processor.py:161} INFO - Started process (PID=1056) to work on /opt/airflow/dags/example.py
[2026-03-26T04:08:17.864+0000] {processor.py:830} INFO - Processing file /opt/airflow/dags/example.py for tasks to queue
[2026-03-26T04:08:17.873+0000] {logging_mixin.py:188} INFO - [2026-03-26T04:08:17.872+0000] {dagbag.py:545} INFO - Filling up the DagBag from /opt/airflow/dags/example.py
[2026-03-26T04:08:17.968+0000] {processor.py:840} INFO - DAG(s) 'hello_airflow' retrieved from /opt/airflow/dags/example.py
[2026-03-26T04:08:18.075+0000] {logging_mixin.py:188} INFO - [2026-03-26T04:08:18.075+0000] {dag.py:3096} INFO - Sync 1 DAGs
[2026-03-26T04:08:18.214+0000] {logging_mixin.py:188} INFO - [2026-03-26T04:08:18.214+0000] {dag.py:3954} INFO - Setting next_dagrun for hello_airflow to 2024-03-23 00:00:00+00:00, run_after=2024-03-24 00:00:00+00:00
[2026-03-26T04:08:18.311+0000] {processor.py:183} INFO - Processing /opt/airflow/dags/example.py took 0.480 seconds
[2026-03-26T04:08:48.996+0000] {processor.py:161} INFO - Started process (PID=1116) to work on /opt/airflow/dags/example.py
[2026-03-26T04:08:49.018+0000] {processor.py:830} INFO - Processing file /opt/airflow/dags/example.py for tasks to queue
[2026-03-26T04:08:49.070+0000] {logging_mixin.py:188} INFO - [2026-03-26T04:08:49.049+0000] {dagbag.py:545} INFO - Filling up the DagBag from /opt/airflow/dags/example.py
[2026-03-26T04:08:49.312+0000] {processor.py:840} INFO - DAG(s) 'hello_airflow' retrieved from /opt/airflow/dags/example.py
[2026-03-26T04:08:49.553+0000] {logging_mixin.py:188} INFO - [2026-03-26T04:08:49.552+0000] {dag.py:3096} INFO - Sync 1 DAGs
[2026-03-26T04:08:49.635+0000] {logging_mixin.py:188} INFO - [2026-03-26T04:08:49.634+0000] {dag.py:3954} INFO - Setting next_dagrun for hello_airflow to 2024-03-23 00:00:00+00:00, run_after=2024-03-24 00:00:00+00:00
[2026-03-26T04:08:49.908+0000] {processor.py:183} INFO - Processing /opt/airflow/dags/example.py took 0.986 seconds
[2026-03-26T04:09:21.016+0000] {processor.py:161} INFO - Started process (PID=1172) to work on /opt/airflow/dags/example.py
[2026-03-26T04:09:21.073+0000] {processor.py:830} INFO - Processing file /opt/airflow/dags/example.py for tasks to queue
[2026-03-26T04:09:21.309+0000] {logging_mixin.py:188} INFO - [2026-03-26T04:09:21.262+0000] {dagbag.py:545} INFO - Filling up the DagBag from /opt/airflow/dags/example.py
[2026-03-26T04:09:22.115+0000] {processor.py:840} INFO - DAG(s) 'hello_airflow' retrieved from /opt/airflow/dags/example.py
[2026-03-26T04:09:23.029+0000] {logging_mixin.py:188} INFO - [2026-03-26T04:09:23.028+0000] {dag.py:3096} INFO - Sync 1 DAGs
[2026-03-26T04:09:23.574+0000] {logging_mixin.py:188} INFO - [2026-03-26T04:09:23.574+0000] {dag.py:3954} INFO - Setting next_dagrun for hello_airflow to 2024-03-23 00:00:00+00:00, run_after=2024-03-24 00:00:00+00:00
[2026-03-26T04:09:23.851+0000] {processor.py:183} INFO - Processing /opt/airflow/dags/example.py took 3.359 seconds
[2026-03-26T04:09:54.655+0000] {processor.py:161} INFO - Started process (PID=1234) to work on /opt/airflow/dags/example.py
[2026-03-26T04:09:54.661+0000] {processor.py:830} INFO - Processing file /opt/airflow/dags/example.py for tasks to queue
[2026-03-26T04:09:54.680+0000] {logging_mixin.py:188} INFO - [2026-03-26T04:09:54.675+0000] {dagbag.py:545} INFO - Filling up the DagBag from /opt/airflow/dags/example.py
[2026-03-26T04:09:54.774+0000] {processor.py:840} INFO - DAG(s) 'hello_airflow' retrieved from /opt/airflow/dags/example.py
[2026-03-26T04:09:54.927+0000] {logging_mixin.py:188} INFO - [2026-03-26T04:09:54.927+0000] {dag.py:3096} INFO - Sync 1 DAGs
[2026-03-26T04:09:55.088+0000] {logging_mixin.py:188} INFO - [2026-03-26T04:09:55.088+0000] {dag.py:3954} INFO - Setting next_dagrun for hello_airflow to 2024-03-23 00:00:00+00:00, run_after=2024-03-24 00:00:00+00:00
[2026-03-26T04:09:55.262+0000] {processor.py:183} INFO - Processing /opt/airflow/dags/example.py took 0.638 seconds
[2026-03-26T04:10:26.430+0000] {processor.py:161} INFO - Started process (PID=1301) to work on /opt/airflow/dags/example.py
[2026-03-26T04:10:26.451+0000] {processor.py:830} INFO - Processing file /opt/airflow/dags/example.py for tasks to queue
[2026-03-26T04:10:26.470+0000] {logging_mixin.py:188} INFO - [2026-03-26T04:10:26.468+0000] {dagbag.py:545} INFO - Filling up the DagBag from /opt/airflow/dags/example.py
[2026-03-26T04:10:26.713+0000] {processor.py:840} INFO - DAG(s) 'hello_airflow' retrieved from /opt/airflow/dags/example.py
[2026-03-26T04:10:26.920+0000] {logging_mixin.py:188} INFO - [2026-03-26T04:10:26.919+0000] {dag.py:3096} INFO - Sync 1 DAGs
[2026-03-26T04:10:27.305+0000] {logging_mixin.py:188} INFO - [2026-03-26T04:10:27.304+0000] {dag.py:3954} INFO - Setting next_dagrun for hello_airflow to 2024-03-23 00:00:00+00:00, run_after=2024-03-24 00:00:00+00:00
[2026-03-26T04:10:27.503+0000] {processor.py:183} INFO - Processing /opt/airflow/dags/example.py took 1.176 seconds
[2026-03-26T04:10:58.054+0000] {processor.py:161} INFO - Started process (PID=1371) to work on /opt/airflow/dags/example.py
[2026-03-26T04:10:58.072+0000] {processor.py:830} INFO - Processing file /opt/airflow/dags/example.py for tasks to queue
[2026-03-26T04:10:58.179+0000] {logging_mixin.py:188} INFO - [2026-03-26T04:10:58.178+0000] {dagbag.py:545} INFO - Filling up the DagBag from /opt/airflow/dags/example.py
[2026-03-26T04:10:58.326+0000] {processor.py:840} INFO - DAG(s) 'hello_airflow' retrieved from /opt/airflow/dags/example.py
[2026-03-26T04:10:58.466+0000] {logging_mixin.py:188} INFO - [2026-03-26T04:10:58.465+0000] {dag.py:3096} INFO - Sync 1 DAGs
[2026-03-26T04:10:58.650+0000] {logging_mixin.py:188} INFO - [2026-03-26T04:10:58.650+0000] {dag.py:3954} INFO - Setting next_dagrun for hello_airflow to 2024-03-23 00:00:00+00:00, run_after=2024-03-24 00:00:00+00:00
[2026-03-26T04:10:58.799+0000] {processor.py:183} INFO - Processing /opt/airflow/dags/example.py took 0.833 seconds
[2026-03-26T04:11:30.358+0000] {processor.py:161} INFO - Started process (PID=1432) to work on /opt/airflow/dags/example.py
[2026-03-26T04:11:30.363+0000] {processor.py:830} INFO - Processing file /opt/airflow/dags/example.py for tasks to queue
[2026-03-26T04:11:30.378+0000] {logging_mixin.py:188} INFO - [2026-03-26T04:11:30.377+0000] {dagbag.py:545} INFO - Filling up the DagBag from /opt/airflow/dags/example.py
[2026-03-26T04:11:30.486+0000] {processor.py:840} INFO - DAG(s) 'hello_airflow' retrieved from /opt/airflow/dags/example.py
[2026-03-26T04:11:30.981+0000] {logging_mixin.py:188} INFO - [2026-03-26T04:11:30.979+0000] {dag.py:3096} INFO - Sync 1 DAGs
[2026-03-26T04:11:31.261+0000] {logging_mixin.py:188} INFO - [2026-03-26T04:11:31.260+0000] {dag.py:3954} INFO - Setting next_dagrun for hello_airflow to 2024-03-23 00:00:00+00:00, run_after=2024-03-24 00:00:00+00:00
[2026-03-26T04:11:31.616+0000] {processor.py:183} INFO - Processing /opt/airflow/dags/example.py took 1.419 seconds
[2026-03-26T04:12:02.457+0000] {processor.py:161} INFO - Started process (PID=1487) to work on /opt/airflow/dags/example.py
[2026-03-26T04:12:02.470+0000] {processor.py:830} INFO - Processing file /opt/airflow/dags/example.py for tasks to queue
[2026-03-26T04:12:02.488+0000] {logging_mixin.py:188} INFO - [2026-03-26T04:12:02.487+0000] {dagbag.py:545} INFO - Filling up the DagBag from /opt/airflow/dags/example.py
[2026-03-26T04:12:02.618+0000] {processor.py:840} INFO - DAG(s) 'hello_airflow' retrieved from /opt/airflow/dags/example.py
[2026-03-26T04:12:03.018+0000] {logging_mixin.py:188} INFO - [2026-03-26T04:12:03.018+0000] {dag.py:3096} INFO - Sync 1 DAGs
[2026-03-26T04:12:03.203+0000] {logging_mixin.py:188} INFO - [2026-03-26T04:12:03.198+0000] {dag.py:3954} INFO - Setting next_dagrun for hello_airflow to 2024-03-23 00:00:00+00:00, run_after=2024-03-24 00:00:00+00:00
[2026-03-26T04:12:03.431+0000] {processor.py:183} INFO - Processing /opt/airflow/dags/example.py took 1.116 seconds
[2026-03-26T04:12:34.263+0000] {processor.py:161} INFO - Started process (PID=1551) to work on /opt/airflow/dags/example.py
[2026-03-26T04:12:34.265+0000] {processor.py:830} INFO - Processing file /opt/airflow/dags/example.py for tasks to queue
[2026-03-26T04:12:34.281+0000] {logging_mixin.py:188} INFO - [2026-03-26T04:12:34.280+0000] {dagbag.py:545} INFO - Filling up the DagBag from /opt/airflow/dags/example.py
[2026-03-26T04:12:34.448+0000] {processor.py:840} INFO - DAG(s) 'hello_airflow' retrieved from /opt/airflow/dags/example.py
[2026-03-26T04:12:34.836+0000] {logging_mixin.py:188} INFO - [2026-03-26T04:12:34.829+0000] {dag.py:3096} INFO - Sync 1 DAGs
[2026-03-26T04:12:35.002+0000] {logging_mixin.py:188} INFO - [2026-03-26T04:12:35.002+0000] {dag.py:3954} INFO - Setting next_dagrun for hello_airflow to 2024-03-23 00:00:00+00:00, run_after=2024-03-24 00:00:00+00:00
[2026-03-26T04:12:35.116+0000] {processor.py:183} INFO - Processing /opt/airflow/dags/example.py took 0.900 seconds
[2026-03-26T04:13:06.173+0000] {processor.py:161} INFO - Started process (PID=1613) to work on /opt/airflow/dags/example.py
[2026-03-26T04:13:06.182+0000] {processor.py:830} INFO - Processing file /opt/airflow/dags/example.py for tasks to queue
[2026-03-26T04:13:06.197+0000] {logging_mixin.py:188} INFO - [2026-03-26T04:13:06.196+0000] {dagbag.py:545} INFO - Filling up the DagBag from /opt/airflow/dags/example.py
[2026-03-26T04:13:06.409+0000] {processor.py:840} INFO - DAG(s) 'hello_airflow' retrieved from /opt/airflow/dags/example.py
[2026-03-26T04:13:06.755+0000] {logging_mixin.py:188} INFO - [2026-03-26T04:13:06.754+0000] {dag.py:3096} INFO - Sync 1 DAGs
[2026-03-26T04:13:07.399+0000] {logging_mixin.py:188} INFO - [2026-03-26T04:13:07.398+0000] {dag.py:3954} INFO - Setting next_dagrun for hello_airflow to 2024-03-23 00:00:00+00:00, run_after=2024-03-24 00:00:00+00:00
[2026-03-26T04:13:07.601+0000] {processor.py:183} INFO - Processing /opt/airflow/dags/example.py took 1.489 seconds
[2026-03-26T04:13:38.164+0000] {processor.py:161} INFO - Started process (PID=1669) to work on /opt/airflow/dags/example.py
[2026-03-26T04:13:38.166+0000] {processor.py:830} INFO - Processing file /opt/airflow/dags/example.py for tasks to queue
[2026-03-26T04:13:38.169+0000] {logging_mixin.py:188} INFO - [2026-03-26T04:13:38.169+0000] {dagbag.py:545} INFO - Filling up the DagBag from /opt/airflow/dags/example.py
[2026-03-26T04:13:38.198+0000] {processor.py:840} INFO - DAG(s) 'hello_airflow' retrieved from /opt/airflow/dags/example.py
[2026-03-26T04:13:38.234+0000] {logging_mixin.py:188} INFO - [2026-03-26T04:13:38.233+0000] {dag.py:3096} INFO - Sync 1 DAGs
[2026-03-26T04:13:38.261+0000] {logging_mixin.py:188} INFO - [2026-03-26T04:13:38.261+0000] {dag.py:3954} INFO - Setting next_dagrun for hello_airflow to 2024-03-23 00:00:00+00:00, run_after=2024-03-24 00:00:00+00:00
[2026-03-26T04:13:38.348+0000] {processor.py:183} INFO - Processing /opt/airflow/dags/example.py took 0.193 seconds
[2026-03-26T04:14:09.154+0000] {processor.py:161} INFO - Started process (PID=1741) to work on /opt/airflow/dags/example.py
[2026-03-26T04:14:09.159+0000] {processor.py:830} INFO - Processing file /opt/airflow/dags/example.py for tasks to queue
[2026-03-26T04:14:09.173+0000] {logging_mixin.py:188} INFO - [2026-03-26T04:14:09.172+0000] {dagbag.py:545} INFO - Filling up the DagBag from /opt/airflow/dags/example.py
[2026-03-26T04:14:09.259+0000] {processor.py:840} INFO - DAG(s) 'hello_airflow' retrieved from /opt/airflow/dags/example.py
[2026-03-26T04:14:09.455+0000] {logging_mixin.py:188} INFO - [2026-03-26T04:14:09.455+0000] {dag.py:3096} INFO - Sync 1 DAGs
[2026-03-26T04:14:09.621+0000] {logging_mixin.py:188} INFO - [2026-03-26T04:14:09.621+0000] {dag.py:3954} INFO - Setting next_dagrun for hello_airflow to 2024-03-23 00:00:00+00:00, run_after=2024-03-24 00:00:00+00:00
[2026-03-26T04:14:09.710+0000] {processor.py:183} INFO - Processing /opt/airflow/dags/example.py took 0.586 seconds
[2026-03-26T04:14:40.987+0000] {processor.py:161} INFO - Started process (PID=1803) to work on /opt/airflow/dags/example.py
[2026-03-26T04:14:40.993+0000] {processor.py:830} INFO - Processing file /opt/airflow/dags/example.py for tasks to queue
[2026-03-26T04:14:41.002+0000] {logging_mixin.py:188} INFO - [2026-03-26T04:14:41.001+0000] {dagbag.py:545} INFO - Filling up the DagBag from /opt/airflow/dags/example.py
[2026-03-26T04:14:41.228+0000] {processor.py:840} INFO - DAG(s) 'hello_airflow' retrieved from /opt/airflow/dags/example.py
[2026-03-26T04:14:41.537+0000] {logging_mixin.py:188} INFO - [2026-03-26T04:14:41.536+0000] {dag.py:3096} INFO - Sync 1 DAGs
[2026-03-26T04:14:41.894+0000] {logging_mixin.py:188} INFO - [2026-03-26T04:14:41.893+0000] {dag.py:3954} INFO - Setting next_dagrun for hello_airflow to 2024-03-23 00:00:00+00:00, run_after=2024-03-24 00:00:00+00:00
[2026-03-26T04:14:42.468+0000] {processor.py:183} INFO - Processing /opt/airflow/dags/example.py took 1.558 seconds
[2026-03-26T04:15:13.152+0000] {processor.py:161} INFO - Started process (PID=1871) to work on /opt/airflow/dags/example.py
[2026-03-26T04:15:13.159+0000] {processor.py:830} INFO - Processing file /opt/airflow/dags/example.py for tasks to queue
[2026-03-26T04:15:13.166+0000] {logging_mixin.py:188} INFO - [2026-03-26T04:15:13.165+0000] {dagbag.py:545} INFO - Filling up the DagBag from /opt/airflow/dags/example.py
[2026-03-26T04:15:13.418+0000] {processor.py:840} INFO - DAG(s) 'hello_airflow' retrieved from /opt/airflow/dags/example.py
[2026-03-26T04:15:13.718+0000] {logging_mixin.py:188} INFO - [2026-03-26T04:15:13.718+0000] {dag.py:3096} INFO - Sync 1 DAGs
[2026-03-26T04:15:13.893+0000] {logging_mixin.py:188} INFO - [2026-03-26T04:15:13.893+0000] {dag.py:3954} INFO - Setting next_dagrun for hello_airflow to 2024-03-23 00:00:00+00:00, run_after=2024-03-24 00:00:00+00:00
[2026-03-26T04:15:14.108+0000] {processor.py:183} INFO - Processing /opt/airflow/dags/example.py took 1.012 seconds
[2026-03-26T04:15:44.418+0000] {processor.py:161} INFO - Started process (PID=1935) to work on /opt/airflow/dags/example.py
[2026-03-26T04:15:44.426+0000] {processor.py:830} INFO - Processing file /opt/airflow/dags/example.py for tasks to queue
[2026-03-26T04:15:44.430+0000] {logging_mixin.py:188} INFO - [2026-03-26T04:15:44.430+0000] {dagbag.py:545} INFO - Filling up the DagBag from /opt/airflow/dags/example.py
[2026-03-26T04:15:44.467+0000] {processor.py:840} INFO - DAG(s) 'hello_airflow' retrieved from /opt/airflow/dags/example.py
[2026-03-26T04:15:44.538+0000] {logging_mixin.py:188} INFO - [2026-03-26T04:15:44.538+0000] {dag.py:3096} INFO - Sync 1 DAGs
[2026-03-26T04:15:44.600+0000] {logging_mixin.py:188} INFO - [2026-03-26T04:15:44.600+0000] {dag.py:3954} INFO - Setting next_dagrun for hello_airflow to 2024-03-23 00:00:00+00:00, run_after=2024-03-24 00:00:00+00:00
[2026-03-26T04:15:44.661+0000] {processor.py:183} INFO - Processing /opt/airflow/dags/example.py took 0.254 seconds
[2026-03-26T04:16:15.813+0000] {processor.py:161} INFO - Started process (PID=2004) to work on /opt/airflow/dags/example.py
[2026-03-26T04:16:15.818+0000] {processor.py:830} INFO - Processing file /opt/airflow/dags/example.py for tasks to queue
[2026-03-26T04:16:15.832+0000] {logging_mixin.py:188} INFO - [2026-03-26T04:16:15.830+0000] {dagbag.py:545} INFO - Filling up the DagBag from /opt/airflow/dags/example.py
[2026-03-26T04:16:16.109+0000] {processor.py:840} INFO - DAG(s) 'hello_airflow' retrieved from /opt/airflow/dags/example.py
[2026-03-26T04:16:16.731+0000] {logging_mixin.py:188} INFO - [2026-03-26T04:16:16.730+0000] {dag.py:3096} INFO - Sync 1 DAGs
[2026-03-26T04:16:17.138+0000] {logging_mixin.py:188} INFO - [2026-03-26T04:16:17.138+0000] {dag.py:3954} INFO - Setting next_dagrun for hello_airflow to 2024-03-23 00:00:00+00:00, run_after=2024-03-24 00:00:00+00:00
[2026-03-26T04:16:17.482+0000] {processor.py:183} INFO - Processing /opt/airflow/dags/example.py took 1.904 seconds
[2026-03-26T04:16:48.512+0000] {processor.py:161} INFO - Started process (PID=2059) to work on /opt/airflow/dags/example.py
[2026-03-26T04:16:48.518+0000] {processor.py:830} INFO - Processing file /opt/airflow/dags/example.py for tasks to queue
[2026-03-26T04:16:48.526+0000] {logging_mixin.py:188} INFO - [2026-03-26T04:16:48.525+0000] {dagbag.py:545} INFO - Filling up the DagBag from /opt/airflow/dags/example.py
[2026-03-26T04:16:48.718+0000] {processor.py:840} INFO - DAG(s) 'hello_airflow' retrieved from /opt/airflow/dags/example.py
[2026-03-26T04:16:48.873+0000] {logging_mixin.py:188} INFO - [2026-03-26T04:16:48.872+0000] {dag.py:3096} INFO - Sync 1 DAGs
[2026-03-26T04:16:49.007+0000] {logging_mixin.py:188} INFO - [2026-03-26T04:16:49.007+0000] {dag.py:3954} INFO - Setting next_dagrun for hello_airflow to 2024-03-23 00:00:00+00:00, run_after=2024-03-24 00:00:00+00:00
[2026-03-26T04:16:49.083+0000] {processor.py:183} INFO - Processing /opt/airflow/dags/example.py took 0.629 seconds
[2026-03-26T04:17:19.923+0000] {processor.py:161} INFO - Started process (PID=2136) to work on /opt/airflow/dags/example.py
[2026-03-26T04:17:19.926+0000] {processor.py:830} INFO - Processing file /opt/airflow/dags/example.py for tasks to queue
[2026-03-26T04:17:19.975+0000] {logging_mixin.py:188} INFO - [2026-03-26T04:17:19.974+0000] {dagbag.py:545} INFO - Filling up the DagBag from /opt/airflow/dags/example.py
[2026-03-26T04:17:20.110+0000] {processor.py:840} INFO - DAG(s) 'hello_airflow' retrieved from /opt/airflow/dags/example.py
[2026-03-26T04:17:20.284+0000] {logging_mixin.py:188} INFO - [2026-03-26T04:17:20.267+0000] {dag.py:3096} INFO - Sync 1 DAGs
[2026-03-26T04:17:20.426+0000] {logging_mixin.py:188} INFO - [2026-03-26T04:17:20.426+0000] {dag.py:3954} INFO - Setting next_dagrun for hello_airflow to 2024-03-23 00:00:00+00:00, run_after=2024-03-24 00:00:00+00:00
[2026-03-26T04:17:20.506+0000] {processor.py:183} INFO - Processing /opt/airflow/dags/example.py took 0.615 seconds
[2026-03-26T04:17:50.942+0000] {processor.py:161} INFO - Started process (PID=2199) to work on /opt/airflow/dags/example.py
[2026-03-26T04:17:50.953+0000] {processor.py:830} INFO - Processing file /opt/airflow/dags/example.py for tasks to queue
[2026-03-26T04:17:50.979+0000] {logging_mixin.py:188} INFO - [2026-03-26T04:17:50.978+0000] {dagbag.py:545} INFO - Filling up the DagBag from /opt/airflow/dags/example.py
[2026-03-26T04:17:51.072+0000] {processor.py:840} INFO - DAG(s) 'hello_airflow' retrieved from /opt/airflow/dags/example.py
[2026-03-26T04:17:51.147+0000] {logging_mixin.py:188} INFO - [2026-03-26T04:17:51.147+0000] {dag.py:3096} INFO - Sync 1 DAGs
[2026-03-26T04:17:51.223+0000] {logging_mixin.py:188} INFO - [2026-03-26T04:17:51.222+0000] {dag.py:3954} INFO - Setting next_dagrun for hello_airflow to 2024-03-23 00:00:00+00:00, run_after=2024-03-24 00:00:00+00:00
[2026-03-26T04:17:51.304+0000] {processor.py:183} INFO - Processing /opt/airflow/dags/example.py took 0.427 seconds
[2026-03-26T04:18:21.736+0000] {processor.py:161} INFO - Started process (PID=2266) to work on /opt/airflow/dags/example.py
[2026-03-26T04:18:21.738+0000] {processor.py:830} INFO - Processing file /opt/airflow/dags/example.py for tasks to queue
[2026-03-26T04:18:21.747+0000] {logging_mixin.py:188} INFO - [2026-03-26T04:18:21.746+0000] {dagbag.py:545} INFO - Filling up the DagBag from /opt/airflow/dags/example.py
[2026-03-26T04:18:21.836+0000] {processor.py:840} INFO - DAG(s) 'hello_airflow' retrieved from /opt/airflow/dags/example.py
[2026-03-26T04:18:21.965+0000] {logging_mixin.py:188} INFO - [2026-03-26T04:18:21.960+0000] {dag.py:3096} INFO - Sync 1 DAGs
[2026-03-26T04:18:22.083+0000] {logging_mixin.py:188} INFO - [2026-03-26T04:18:22.082+0000] {dag.py:3954} INFO - Setting next_dagrun for hello_airflow to 2024-03-23 00:00:00+00:00, run_after=2024-03-24 00:00:00+00:00
[2026-03-26T04:18:22.366+0000] {processor.py:183} INFO - Processing /opt/airflow/dags/example.py took 0.681 seconds
[2026-03-26T04:18:52.843+0000] {processor.py:161} INFO - Started process (PID=2336) to work on /opt/airflow/dags/example.py
[2026-03-26T04:18:52.846+0000] {processor.py:830} INFO - Processing file /opt/airflow/dags/example.py for tasks to queue
[2026-03-26T04:18:52.852+0000] {logging_mixin.py:188} INFO - [2026-03-26T04:18:52.851+0000] {dagbag.py:545} INFO - Filling up the DagBag from /opt/airflow/dags/example.py
[2026-03-26T04:18:52.894+0000] {processor.py:840} INFO - DAG(s) 'hello_airflow' retrieved from /opt/airflow/dags/example.py
[2026-03-26T04:18:52.950+0000] {logging_mixin.py:188} INFO - [2026-03-26T04:18:52.950+0000] {dag.py:3096} INFO - Sync 1 DAGs
[2026-03-26T04:18:53.044+0000] {logging_mixin.py:188} INFO - [2026-03-26T04:18:53.043+0000] {dag.py:3954} INFO - Setting next_dagrun for hello_airflow to 2024-03-23 00:00:00+00:00, run_after=2024-03-24 00:00:00+00:00
[2026-03-26T04:18:53.099+0000] {processor.py:183} INFO - Processing /opt/airflow/dags/example.py took 0.270 seconds
[2026-03-26T04:19:23.990+0000] {processor.py:161} INFO - Started process (PID=2419) to work on /opt/airflow/dags/example.py
[2026-03-26T04:19:23.999+0000] {processor.py:830} INFO - Processing file /opt/airflow/dags/example.py for tasks to queue
[2026-03-26T04:19:24.010+0000] {logging_mixin.py:188} INFO - [2026-03-26T04:19:24.005+0000] {dagbag.py:545} INFO - Filling up the DagBag from /opt/airflow/dags/example.py
[2026-03-26T04:19:24.207+0000] {processor.py:840} INFO - DAG(s) 'hello_airflow' retrieved from /opt/airflow/dags/example.py
[2026-03-26T04:19:24.348+0000] {logging_mixin.py:188} INFO - [2026-03-26T04:19:24.348+0000] {dag.py:3096} INFO - Sync 1 DAGs
[2026-03-26T04:19:24.455+0000] {logging_mixin.py:188} INFO - [2026-03-26T04:19:24.454+0000] {dag.py:3954} INFO - Setting next_dagrun for hello_airflow to 2024-03-23 00:00:00+00:00, run_after=2024-03-24 00:00:00+00:00
[2026-03-26T04:19:24.540+0000] {processor.py:183} INFO - Processing /opt/airflow/dags/example.py took 0.627 seconds
[2026-03-26T04:19:54.871+0000] {processor.py:161} INFO - Started process (PID=2484) to work on /opt/airflow/dags/example.py
[2026-03-26T04:19:54.875+0000] {processor.py:830} INFO - Processing file /opt/airflow/dags/example.py for tasks to queue
[2026-03-26T04:19:54.883+0000] {logging_mixin.py:188} INFO - [2026-03-26T04:19:54.881+0000] {dagbag.py:545} INFO - Filling up the DagBag from /opt/airflow/dags/example.py
[2026-03-26T04:19:54.959+0000] {processor.py:840} INFO - DAG(s) 'hello_airflow' retrieved from /opt/airflow/dags/example.py
[2026-03-26T04:19:55.044+0000] {logging_mixin.py:188} INFO - [2026-03-26T04:19:55.044+0000] {dag.py:3096} INFO - Sync 1 DAGs
[2026-03-26T04:19:55.104+0000] {logging_mixin.py:188} INFO - [2026-03-26T04:19:55.103+0000] {dag.py:3954} INFO - Setting next_dagrun for hello_airflow to 2024-03-23 00:00:00+00:00, run_after=2024-03-24 00:00:00+00:00
[2026-03-26T04:19:55.166+0000] {processor.py:183} INFO - Processing /opt/airflow/dags/example.py took 0.316 seconds
[2026-03-26T04:20:25.799+0000] {processor.py:161} INFO - Started process (PID=2553) to work on /opt/airflow/dags/example.py
[2026-03-26T04:20:25.808+0000] {processor.py:830} INFO - Processing file /opt/airflow/dags/example.py for tasks to queue
[2026-03-26T04:20:25.817+0000] {logging_mixin.py:188} INFO - [2026-03-26T04:20:25.816+0000] {dagbag.py:545} INFO - Filling up the DagBag from /opt/airflow/dags/example.py
[2026-03-26T04:20:25.885+0000] {processor.py:840} INFO - DAG(s) 'hello_airflow' retrieved from /opt/airflow/dags/example.py
[2026-03-26T04:20:26.197+0000] {logging_mixin.py:188} INFO - [2026-03-26T04:20:26.196+0000] {dag.py:3096} INFO - Sync 1 DAGs
[2026-03-26T04:20:26.414+0000] {logging_mixin.py:188} INFO - [2026-03-26T04:20:26.414+0000] {dag.py:3954} INFO - Setting next_dagrun for hello_airflow to 2024-03-23 00:00:00+00:00, run_after=2024-03-24 00:00:00+00:00
[2026-03-26T04:20:26.567+0000] {processor.py:183} INFO - Processing /opt/airflow/dags/example.py took 0.812 seconds
[2026-03-26T04:20:57.639+0000] {processor.py:161} INFO - Started process (PID=2623) to work on /opt/airflow/dags/example.py
[2026-03-26T04:20:57.651+0000] {processor.py:830} INFO - Processing file /opt/airflow/dags/example.py for tasks to queue
[2026-03-26T04:20:57.673+0000] {logging_mixin.py:188} INFO - [2026-03-26T04:20:57.673+0000] {dagbag.py:545} INFO - Filling up the DagBag from /opt/airflow/dags/example.py
[2026-03-26T04:20:57.869+0000] {processor.py:840} INFO - DAG(s) 'hello_airflow' retrieved from /opt/airflow/dags/example.py
[2026-03-26T04:20:57.973+0000] {logging_mixin.py:188} INFO - [2026-03-26T04:20:57.972+0000] {dag.py:3096} INFO - Sync 1 DAGs
[2026-03-26T04:20:58.145+0000] {logging_mixin.py:188} INFO - [2026-03-26T04:20:58.145+0000] {dag.py:3954} INFO - Setting next_dagrun for hello_airflow to 2024-03-23 00:00:00+00:00, run_after=2024-03-24 00:00:00+00:00
[2026-03-26T04:20:58.233+0000] {processor.py:183} INFO - Processing /opt/airflow/dags/example.py took 0.633 seconds
[2026-03-26T04:21:29.050+0000] {processor.py:161} INFO - Started process (PID=2674) to work on /opt/airflow/dags/example.py
[2026-03-26T04:21:29.063+0000] {processor.py:830} INFO - Processing file /opt/airflow/dags/example.py for tasks to queue
[2026-03-26T04:21:29.078+0000] {logging_mixin.py:188} INFO - [2026-03-26T04:21:29.078+0000] {dagbag.py:545} INFO - Filling up the DagBag from /opt/airflow/dags/example.py
[2026-03-26T04:21:29.241+0000] {processor.py:840} INFO - DAG(s) 'hello_airflow' retrieved from /opt/airflow/dags/example.py
[2026-03-26T04:21:29.453+0000] {logging_mixin.py:188} INFO - [2026-03-26T04:21:29.452+0000] {dag.py:3096} INFO - Sync 1 DAGs
[2026-03-26T04:21:29.565+0000] {logging_mixin.py:188} INFO - [2026-03-26T04:21:29.564+0000] {dag.py:3954} INFO - Setting next_dagrun for hello_airflow to 2024-03-23 00:00:00+00:00, run_after=2024-03-24 00:00:00+00:00
[2026-03-26T04:21:29.760+0000] {processor.py:183} INFO - Processing /opt/airflow/dags/example.py took 0.740 seconds
[2026-03-26T04:22:00.276+0000] {processor.py:161} INFO - Started process (PID=2747) to work on /opt/airflow/dags/example.py
[2026-03-26T04:22:00.297+0000] {processor.py:830} INFO - Processing file /opt/airflow/dags/example.py for tasks to queue
[2026-03-26T04:22:00.318+0000] {logging_mixin.py:188} INFO - [2026-03-26T04:22:00.318+0000] {dagbag.py:545} INFO - Filling up the DagBag from /opt/airflow/dags/example.py
[2026-03-26T04:22:00.427+0000] {processor.py:840} INFO - DAG(s) 'hello_airflow' retrieved from /opt/airflow/dags/example.py
[2026-03-26T04:22:00.618+0000] {logging_mixin.py:188} INFO - [2026-03-26T04:22:00.617+0000] {dag.py:3096} INFO - Sync 1 DAGs
[2026-03-26T04:22:00.680+0000] {logging_mixin.py:188} INFO - [2026-03-26T04:22:00.679+0000] {dag.py:3954} INFO - Setting next_dagrun for hello_airflow to 2024-03-23 00:00:00+00:00, run_after=2024-03-24 00:00:00+00:00
[2026-03-26T04:22:00.778+0000] {processor.py:183} INFO - Processing /opt/airflow/dags/example.py took 0.568 seconds
[2026-03-26T04:22:31.425+0000] {processor.py:161} INFO - Started process (PID=2813) to work on /opt/airflow/dags/example.py
[2026-03-26T04:22:31.439+0000] {processor.py:830} INFO - Processing file /opt/airflow/dags/example.py for tasks to queue
[2026-03-26T04:22:31.491+0000] {logging_mixin.py:188} INFO - [2026-03-26T04:22:31.466+0000] {dagbag.py:545} INFO - Filling up the DagBag from /opt/airflow/dags/example.py
[2026-03-26T04:22:31.590+0000] {processor.py:840} INFO - DAG(s) 'hello_airflow' retrieved from /opt/airflow/dags/example.py
[2026-03-26T04:22:31.766+0000] {logging_mixin.py:188} INFO - [2026-03-26T04:22:31.765+0000] {dag.py:3096} INFO - Sync 1 DAGs
[2026-03-26T04:22:31.879+0000] {logging_mixin.py:188} INFO - [2026-03-26T04:22:31.878+0000] {dag.py:3954} INFO - Setting next_dagrun for hello_airflow to 2024-03-23 00:00:00+00:00, run_after=2024-03-24 00:00:00+00:00
[2026-03-26T04:22:32.061+0000] {processor.py:183} INFO - Processing /opt/airflow/dags/example.py took 0.750 seconds
[2026-03-26T04:23:02.884+0000] {processor.py:161} INFO - Started process (PID=2886) to work on /opt/airflow/dags/example.py
[2026-03-26T04:23:02.889+0000] {processor.py:830} INFO - Processing file /opt/airflow/dags/example.py for tasks to queue
[2026-03-26T04:23:02.908+0000] {logging_mixin.py:188} INFO - [2026-03-26T04:23:02.907+0000] {dagbag.py:545} INFO - Filling up the DagBag from /opt/airflow/dags/example.py
[2026-03-26T04:23:02.998+0000] {processor.py:840} INFO - DAG(s) 'hello_airflow' retrieved from /opt/airflow/dags/example.py
[2026-03-26T04:23:03.147+0000] {logging_mixin.py:188} INFO - [2026-03-26T04:23:03.146+0000] {dag.py:3096} INFO - Sync 1 DAGs
[2026-03-26T04:23:03.296+0000] {logging_mixin.py:188} INFO - [2026-03-26T04:23:03.296+0000] {dag.py:3954} INFO - Setting next_dagrun for hello_airflow to 2024-03-23 00:00:00+00:00, run_after=2024-03-24 00:00:00+00:00
[2026-03-26T04:23:03.379+0000] {processor.py:183} INFO - Processing /opt/airflow/dags/example.py took 0.682 seconds
[2026-03-26T04:23:34.423+0000] {processor.py:161} INFO - Started process (PID=2947) to work on /opt/airflow/dags/example.py
[2026-03-26T04:23:34.440+0000] {processor.py:830} INFO - Processing file /opt/airflow/dags/example.py for tasks to queue
[2026-03-26T04:23:34.452+0000] {logging_mixin.py:188} INFO - [2026-03-26T04:23:34.449+0000] {dagbag.py:545} INFO - Filling up the DagBag from /opt/airflow/dags/example.py
[2026-03-26T04:23:34.577+0000] {processor.py:840} INFO - DAG(s) 'hello_airflow' retrieved from /opt/airflow/dags/example.py
[2026-03-26T04:23:34.748+0000] {logging_mixin.py:188} INFO - [2026-03-26T04:23:34.747+0000] {dag.py:3096} INFO - Sync 1 DAGs
[2026-03-26T04:23:34.895+0000] {logging_mixin.py:188} INFO - [2026-03-26T04:23:34.895+0000] {dag.py:3954} INFO - Setting next_dagrun for hello_airflow to 2024-03-23 00:00:00+00:00, run_after=2024-03-24 00:00:00+00:00
[2026-03-26T04:23:35.034+0000] {processor.py:183} INFO - Processing /opt/airflow/dags/example.py took 0.693 seconds
[2026-03-26T04:24:05.510+0000] {processor.py:161} INFO - Started process (PID=3011) to work on /opt/airflow/dags/example.py
[2026-03-26T04:24:05.525+0000] {processor.py:830} INFO - Processing file /opt/airflow/dags/example.py for tasks to queue
[2026-03-26T04:24:05.543+0000] {logging_mixin.py:188} INFO - [2026-03-26T04:24:05.542+0000] {dagbag.py:545} INFO - Filling up the DagBag from /opt/airflow/dags/example.py
[2026-03-26T04:24:05.733+0000] {processor.py:840} INFO - DAG(s) 'hello_airflow' retrieved from /opt/airflow/dags/example.py
[2026-03-26T04:24:05.905+0000] {logging_mixin.py:188} INFO - [2026-03-26T04:24:05.905+0000] {dag.py:3096} INFO - Sync 1 DAGs
[2026-03-26T04:24:06.070+0000] {logging_mixin.py:188} INFO - [2026-03-26T04:24:06.070+0000] {dag.py:3954} INFO - Setting next_dagrun for hello_airflow to 2024-03-23 00:00:00+00:00, run_after=2024-03-24 00:00:00+00:00
[2026-03-26T04:24:06.229+0000] {processor.py:183} INFO - Processing /opt/airflow/dags/example.py took 0.785 seconds
[2026-03-26T04:24:36.511+0000] {processor.py:161} INFO - Started process (PID=3100) to work on /opt/airflow/dags/example.py
[2026-03-26T04:24:36.520+0000] {processor.py:830} INFO - Processing file /opt/airflow/dags/example.py for tasks to queue
[2026-03-26T04:24:36.529+0000] {logging_mixin.py:188} INFO - [2026-03-26T04:24:36.528+0000] {dagbag.py:545} INFO - Filling up the DagBag from /opt/airflow/dags/example.py
[2026-03-26T04:24:36.633+0000] {processor.py:840} INFO - DAG(s) 'hello_airflow' retrieved from /opt/airflow/dags/example.py
[2026-03-26T04:24:36.882+0000] {logging_mixin.py:188} INFO - [2026-03-26T04:24:36.881+0000] {dag.py:3096} INFO - Sync 1 DAGs
[2026-03-26T04:24:37.008+0000] {logging_mixin.py:188} INFO - [2026-03-26T04:24:37.008+0000] {dag.py:3954} INFO - Setting next_dagrun for hello_airflow to 2024-03-23 00:00:00+00:00, run_after=2024-03-24 00:00:00+00:00
[2026-03-26T04:24:37.068+0000] {processor.py:183} INFO - Processing /opt/airflow/dags/example.py took 0.600 seconds
[2026-03-26T04:25:07.756+0000] {processor.py:161} INFO - Started process (PID=3169) to work on /opt/airflow/dags/example.py
[2026-03-26T04:25:07.765+0000] {processor.py:830} INFO - Processing file /opt/airflow/dags/example.py for tasks to queue
[2026-03-26T04:25:07.776+0000] {logging_mixin.py:188} INFO - [2026-03-26T04:25:07.775+0000] {dagbag.py:545} INFO - Filling up the DagBag from /opt/airflow/dags/example.py
[2026-03-26T04:25:07.885+0000] {processor.py:840} INFO - DAG(s) 'hello_airflow' retrieved from /opt/airflow/dags/example.py
[2026-03-26T04:25:08.083+0000] {logging_mixin.py:188} INFO - [2026-03-26T04:25:08.083+0000] {dag.py:3096} INFO - Sync 1 DAGs
[2026-03-26T04:25:08.220+0000] {logging_mixin.py:188} INFO - [2026-03-26T04:25:08.219+0000] {dag.py:3954} INFO - Setting next_dagrun for hello_airflow to 2024-03-23 00:00:00+00:00, run_after=2024-03-24 00:00:00+00:00
[2026-03-26T04:25:08.329+0000] {processor.py:183} INFO - Processing /opt/airflow/dags/example.py took 0.633 seconds
[2026-03-26T04:25:38.936+0000] {processor.py:161} INFO - Started process (PID=3247) to work on /opt/airflow/dags/example.py
[2026-03-26T04:25:38.938+0000] {processor.py:830} INFO - Processing file /opt/airflow/dags/example.py for tasks to queue
[2026-03-26T04:25:38.959+0000] {logging_mixin.py:188} INFO - [2026-03-26T04:25:38.958+0000] {dagbag.py:545} INFO - Filling up the DagBag from /opt/airflow/dags/example.py
[2026-03-26T04:25:39.077+0000] {processor.py:840} INFO - DAG(s) 'hello_airflow' retrieved from /opt/airflow/dags/example.py
[2026-03-26T04:25:39.233+0000] {logging_mixin.py:188} INFO - [2026-03-26T04:25:39.232+0000] {dag.py:3096} INFO - Sync 1 DAGs
[2026-03-26T04:25:39.394+0000] {logging_mixin.py:188} INFO - [2026-03-26T04:25:39.394+0000] {dag.py:3954} INFO - Setting next_dagrun for hello_airflow to 2024-03-23 00:00:00+00:00, run_after=2024-03-24 00:00:00+00:00
[2026-03-26T04:25:39.505+0000] {processor.py:183} INFO - Processing /opt/airflow/dags/example.py took 0.641 seconds
[2026-03-26T04:26:09.716+0000] {processor.py:161} INFO - Started process (PID=3326) to work on /opt/airflow/dags/example.py
[2026-03-26T04:26:09.727+0000] {processor.py:830} INFO - Processing file /opt/airflow/dags/example.py for tasks to queue
[2026-03-26T04:26:09.753+0000] {logging_mixin.py:188} INFO - [2026-03-26T04:26:09.752+0000] {dagbag.py:545} INFO - Filling up the DagBag from /opt/airflow/dags/example.py
[2026-03-26T04:26:09.838+0000] {processor.py:840} INFO - DAG(s) 'hello_airflow' retrieved from /opt/airflow/dags/example.py
[2026-03-26T04:26:09.915+0000] {logging_mixin.py:188} INFO - [2026-03-26T04:26:09.914+0000] {dag.py:3096} INFO - Sync 1 DAGs
[2026-03-26T04:26:09.973+0000] {logging_mixin.py:188} INFO - [2026-03-26T04:26:09.973+0000] {dag.py:3954} INFO - Setting next_dagrun for hello_airflow to 2024-03-23 00:00:00+00:00, run_after=2024-03-24 00:00:00+00:00
[2026-03-26T04:26:10.099+0000] {processor.py:183} INFO - Processing /opt/airflow/dags/example.py took 0.434 seconds
[2026-03-26T04:26:40.380+0000] {processor.py:161} INFO - Started process (PID=3389) to work on /opt/airflow/dags/example.py
[2026-03-26T04:26:40.389+0000] {processor.py:830} INFO - Processing file /opt/airflow/dags/example.py for tasks to queue
[2026-03-26T04:26:40.404+0000] {logging_mixin.py:188} INFO - [2026-03-26T04:26:40.398+0000] {dagbag.py:545} INFO - Filling up the DagBag from /opt/airflow/dags/example.py
[2026-03-26T04:26:40.504+0000] {processor.py:840} INFO - DAG(s) 'hello_airflow' retrieved from /opt/airflow/dags/example.py
[2026-03-26T04:26:40.667+0000] {logging_mixin.py:188} INFO - [2026-03-26T04:26:40.667+0000] {dag.py:3096} INFO - Sync 1 DAGs
[2026-03-26T04:26:40.723+0000] {logging_mixin.py:188} INFO - [2026-03-26T04:26:40.722+0000] {dag.py:3954} INFO - Setting next_dagrun for hello_airflow to 2024-03-23 00:00:00+00:00, run_after=2024-03-24 00:00:00+00:00
[2026-03-26T04:26:40.806+0000] {processor.py:183} INFO - Processing /opt/airflow/dags/example.py took 0.487 seconds
[2026-03-26T04:27:11.071+0000] {processor.py:161} INFO - Started process (PID=3466) to work on /opt/airflow/dags/example.py
[2026-03-26T04:27:11.075+0000] {processor.py:830} INFO - Processing file /opt/airflow/dags/example.py for tasks to queue
[2026-03-26T04:27:11.087+0000] {logging_mixin.py:188} INFO - [2026-03-26T04:27:11.086+0000] {dagbag.py:545} INFO - Filling up the DagBag from /opt/airflow/dags/example.py
[2026-03-26T04:27:11.218+0000] {processor.py:840} INFO - DAG(s) 'hello_airflow' retrieved from /opt/airflow/dags/example.py
[2026-03-26T04:27:11.333+0000] {logging_mixin.py:188} INFO - [2026-03-26T04:27:11.332+0000] {dag.py:3096} INFO - Sync 1 DAGs
[2026-03-26T04:27:11.456+0000] {logging_mixin.py:188} INFO - [2026-03-26T04:27:11.455+0000] {dag.py:3954} INFO - Setting next_dagrun for hello_airflow to 2024-03-23 00:00:00+00:00, run_after=2024-03-24 00:00:00+00:00
[2026-03-26T04:27:11.537+0000] {processor.py:183} INFO - Processing /opt/airflow/dags/example.py took 0.525 seconds
[2026-03-26T04:27:41.908+0000] {processor.py:161} INFO - Started process (PID=3540) to work on /opt/airflow/dags/example.py
[2026-03-26T04:27:41.915+0000] {processor.py:830} INFO - Processing file /opt/airflow/dags/example.py for tasks to queue
[2026-03-26T04:27:41.923+0000] {logging_mixin.py:188} INFO - [2026-03-26T04:27:41.922+0000] {dagbag.py:545} INFO - Filling up the DagBag from /opt/airflow/dags/example.py
[2026-03-26T04:27:42.034+0000] {processor.py:840} INFO - DAG(s) 'hello_airflow' retrieved from /opt/airflow/dags/example.py
[2026-03-26T04:27:42.263+0000] {logging_mixin.py:188} INFO - [2026-03-26T04:27:42.262+0000] {dag.py:3096} INFO - Sync 1 DAGs
[2026-03-26T04:27:42.482+0000] {logging_mixin.py:188} INFO - [2026-03-26T04:27:42.482+0000] {dag.py:3954} INFO - Setting next_dagrun for hello_airflow to 2024-03-23 00:00:00+00:00, run_after=2024-03-24 00:00:00+00:00
[2026-03-26T04:27:42.636+0000] {processor.py:183} INFO - Processing /opt/airflow/dags/example.py took 0.756 seconds
[2026-03-26T04:28:13.003+0000] {processor.py:161} INFO - Started process (PID=3596) to work on /opt/airflow/dags/example.py
[2026-03-26T04:28:13.010+0000] {processor.py:830} INFO - Processing file /opt/airflow/dags/example.py for tasks to queue
[2026-03-26T04:28:13.016+0000] {logging_mixin.py:188} INFO - [2026-03-26T04:28:13.015+0000] {dagbag.py:545} INFO - Filling up the DagBag from /opt/airflow/dags/example.py
[2026-03-26T04:28:13.104+0000] {processor.py:840} INFO - DAG(s) 'hello_airflow' retrieved from /opt/airflow/dags/example.py
[2026-03-26T04:28:13.221+0000] {logging_mixin.py:188} INFO - [2026-03-26T04:28:13.221+0000] {dag.py:3096} INFO - Sync 1 DAGs
[2026-03-26T04:28:13.327+0000] {logging_mixin.py:188} INFO - [2026-03-26T04:28:13.327+0000] {dag.py:3954} INFO - Setting next_dagrun for hello_airflow to 2024-03-23 00:00:00+00:00, run_after=2024-03-24 00:00:00+00:00
[2026-03-26T04:28:13.406+0000] {processor.py:183} INFO - Processing /opt/airflow/dags/example.py took 0.473 seconds
[2026-03-26T04:28:44.020+0000] {processor.py:161} INFO - Started process (PID=3659) to work on /opt/airflow/dags/example.py
[2026-03-26T04:28:44.025+0000] {processor.py:830} INFO - Processing file /opt/airflow/dags/example.py for tasks to queue
[2026-03-26T04:28:44.034+0000] {logging_mixin.py:188} INFO - [2026-03-26T04:28:44.033+0000] {dagbag.py:545} INFO - Filling up the DagBag from /opt/airflow/dags/example.py
[2026-03-26T04:28:44.173+0000] {processor.py:840} INFO - DAG(s) 'hello_airflow' retrieved from /opt/airflow/dags/example.py
[2026-03-26T04:28:44.404+0000] {logging_mixin.py:188} INFO - [2026-03-26T04:28:44.404+0000] {dag.py:3096} INFO - Sync 1 DAGs
[2026-03-26T04:28:44.553+0000] {logging_mixin.py:188} INFO - [2026-03-26T04:28:44.553+0000] {dag.py:3954} INFO - Setting next_dagrun for hello_airflow to 2024-03-23 00:00:00+00:00, run_after=2024-03-24 00:00:00+00:00
[2026-03-26T04:28:44.637+0000] {processor.py:183} INFO - Processing /opt/airflow/dags/example.py took 0.651 seconds
[2026-03-26T04:29:14.913+0000] {processor.py:161} INFO - Started process (PID=3728) to work on /opt/airflow/dags/example.py
[2026-03-26T04:29:14.923+0000] {processor.py:830} INFO - Processing file /opt/airflow/dags/example.py for tasks to queue
[2026-03-26T04:29:14.932+0000] {logging_mixin.py:188} INFO - [2026-03-26T04:29:14.932+0000] {dagbag.py:545} INFO - Filling up the DagBag from /opt/airflow/dags/example.py
[2026-03-26T04:29:15.021+0000] {processor.py:840} INFO - DAG(s) 'hello_airflow' retrieved from /opt/airflow/dags/example.py
[2026-03-26T04:29:15.147+0000] {logging_mixin.py:188} INFO - [2026-03-26T04:29:15.146+0000] {dag.py:3096} INFO - Sync 1 DAGs
[2026-03-26T04:29:15.263+0000] {logging_mixin.py:188} INFO - [2026-03-26T04:29:15.263+0000] {dag.py:3954} INFO - Setting next_dagrun for hello_airflow to 2024-03-23 00:00:00+00:00, run_after=2024-03-24 00:00:00+00:00
[2026-03-26T04:29:15.374+0000] {processor.py:183} INFO - Processing /opt/airflow/dags/example.py took 0.494 seconds
[2026-03-26T04:29:45.846+0000] {processor.py:161} INFO - Started process (PID=3814) to work on /opt/airflow/dags/example.py
[2026-03-26T04:29:45.857+0000] {processor.py:830} INFO - Processing file /opt/airflow/dags/example.py for tasks to queue
[2026-03-26T04:29:45.866+0000] {logging_mixin.py:188} INFO - [2026-03-26T04:29:45.865+0000] {dagbag.py:545} INFO - Filling up the DagBag from /opt/airflow/dags/example.py
[2026-03-26T04:29:45.982+0000] {processor.py:840} INFO - DAG(s) 'hello_airflow' retrieved from /opt/airflow/dags/example.py
[2026-03-26T04:29:46.073+0000] {logging_mixin.py:188} INFO - [2026-03-26T04:29:46.072+0000] {dag.py:3096} INFO - Sync 1 DAGs
[2026-03-26T04:29:46.181+0000] {logging_mixin.py:188} INFO - [2026-03-26T04:29:46.180+0000] {dag.py:3954} INFO - Setting next_dagrun for hello_airflow to 2024-03-23 00:00:00+00:00, run_after=2024-03-24 00:00:00+00:00
[2026-03-26T04:29:46.311+0000] {processor.py:183} INFO - Processing /opt/airflow/dags/example.py took 0.509 seconds
[2026-03-26T04:30:16.593+0000] {processor.py:161} INFO - Started process (PID=3891) to work on /opt/airflow/dags/example.py
[2026-03-26T04:30:16.604+0000] {processor.py:830} INFO - Processing file /opt/airflow/dags/example.py for tasks to queue
[2026-03-26T04:30:16.612+0000] {logging_mixin.py:188} INFO - [2026-03-26T04:30:16.612+0000] {dagbag.py:545} INFO - Filling up the DagBag from /opt/airflow/dags/example.py
[2026-03-26T04:30:16.683+0000] {processor.py:840} INFO - DAG(s) 'hello_airflow' retrieved from /opt/airflow/dags/example.py
[2026-03-26T04:30:16.748+0000] {logging_mixin.py:188} INFO - [2026-03-26T04:30:16.747+0000] {dag.py:3096} INFO - Sync 1 DAGs
[2026-03-26T04:30:16.796+0000] {logging_mixin.py:188} INFO - [2026-03-26T04:30:16.796+0000] {dag.py:3954} INFO - Setting next_dagrun for hello_airflow to 2024-03-23 00:00:00+00:00, run_after=2024-03-24 00:00:00+00:00
[2026-03-26T04:30:16.843+0000] {processor.py:183} INFO - Processing /opt/airflow/dags/example.py took 0.287 seconds
[2026-03-26T04:30:47.314+0000] {processor.py:161} INFO - Started process (PID=3957) to work on /opt/airflow/dags/example.py
[2026-03-26T04:30:47.331+0000] {processor.py:830} INFO - Processing file /opt/airflow/dags/example.py for tasks to queue
[2026-03-26T04:30:47.341+0000] {logging_mixin.py:188} INFO - [2026-03-26T04:30:47.341+0000] {dagbag.py:545} INFO - Filling up the DagBag from /opt/airflow/dags/example.py
[2026-03-26T04:30:47.408+0000] {processor.py:840} INFO - DAG(s) 'hello_airflow' retrieved from /opt/airflow/dags/example.py
[2026-03-26T04:30:47.487+0000] {logging_mixin.py:188} INFO - [2026-03-26T04:30:47.487+0000] {dag.py:3096} INFO - Sync 1 DAGs
[2026-03-26T04:30:47.553+0000] {logging_mixin.py:188} INFO - [2026-03-26T04:30:47.553+0000] {dag.py:3954} INFO - Setting next_dagrun for hello_airflow to 2024-03-23 00:00:00+00:00, run_after=2024-03-24 00:00:00+00:00
[2026-03-26T04:30:47.660+0000] {processor.py:183} INFO - Processing /opt/airflow/dags/example.py took 0.390 seconds
[2026-03-26T04:31:18.387+0000] {processor.py:161} INFO - Started process (PID=4022) to work on /opt/airflow/dags/example.py
[2026-03-26T04:31:18.391+0000] {processor.py:830} INFO - Processing file /opt/airflow/dags/example.py for tasks to queue
[2026-03-26T04:31:18.403+0000] {logging_mixin.py:188} INFO - [2026-03-26T04:31:18.402+0000] {dagbag.py:545} INFO - Filling up the DagBag from /opt/airflow/dags/example.py
[2026-03-26T04:31:18.501+0000] {processor.py:840} INFO - DAG(s) 'hello_airflow' retrieved from /opt/airflow/dags/example.py
[2026-03-26T04:31:18.606+0000] {logging_mixin.py:188} INFO - [2026-03-26T04:31:18.605+0000] {dag.py:3096} INFO - Sync 1 DAGs
[2026-03-26T04:31:18.671+0000] {logging_mixin.py:188} INFO - [2026-03-26T04:31:18.670+0000] {dag.py:3954} INFO - Setting next_dagrun for hello_airflow to 2024-03-23 00:00:00+00:00, run_after=2024-03-24 00:00:00+00:00
[2026-03-26T04:31:18.761+0000] {processor.py:183} INFO - Processing /opt/airflow/dags/example.py took 0.422 seconds
[2026-03-26T04:31:49.138+0000] {processor.py:161} INFO - Started process (PID=4101) to work on /opt/airflow/dags/example.py
[2026-03-26T04:31:49.145+0000] {processor.py:830} INFO - Processing file /opt/airflow/dags/example.py for tasks to queue
[2026-03-26T04:31:49.156+0000] {logging_mixin.py:188} INFO - [2026-03-26T04:31:49.155+0000] {dagbag.py:545} INFO - Filling up the DagBag from /opt/airflow/dags/example.py
[2026-03-26T04:31:49.228+0000] {processor.py:840} INFO - DAG(s) 'hello_airflow' retrieved from /opt/airflow/dags/example.py
[2026-03-26T04:31:49.485+0000] {logging_mixin.py:188} INFO - [2026-03-26T04:31:49.484+0000] {dag.py:3096} INFO - Sync 1 DAGs
[2026-03-26T04:31:49.626+0000] {logging_mixin.py:188} INFO - [2026-03-26T04:31:49.625+0000] {dag.py:3954} INFO - Setting next_dagrun for hello_airflow to 2024-03-23 00:00:00+00:00, run_after=2024-03-24 00:00:00+00:00
[2026-03-26T04:31:49.837+0000] {processor.py:183} INFO - Processing /opt/airflow/dags/example.py took 0.727 seconds
[2026-03-26T04:32:20.787+0000] {processor.py:161} INFO - Started process (PID=4172) to work on /opt/airflow/dags/example.py
[2026-03-26T04:32:20.790+0000] {processor.py:830} INFO - Processing file /opt/airflow/dags/example.py for tasks to queue
[2026-03-26T04:32:20.796+0000] {logging_mixin.py:188} INFO - [2026-03-26T04:32:20.796+0000] {dagbag.py:545} INFO - Filling up the DagBag from /opt/airflow/dags/example.py
[2026-03-26T04:32:20.854+0000] {processor.py:840} INFO - DAG(s) 'hello_airflow' retrieved from /opt/airflow/dags/example.py
[2026-03-26T04:32:20.917+0000] {logging_mixin.py:188} INFO - [2026-03-26T04:32:20.916+0000] {dag.py:3096} INFO - Sync 1 DAGs
[2026-03-26T04:32:20.972+0000] {logging_mixin.py:188} INFO - [2026-03-26T04:32:20.971+0000] {dag.py:3954} INFO - Setting next_dagrun for hello_airflow to 2024-03-23 00:00:00+00:00, run_after=2024-03-24 00:00:00+00:00
[2026-03-26T04:32:21.035+0000] {processor.py:183} INFO - Processing /opt/airflow/dags/example.py took 0.263 seconds
[2026-03-26T04:32:51.353+0000] {processor.py:161} INFO - Started process (PID=4224) to work on /opt/airflow/dags/example.py
[2026-03-26T04:32:51.355+0000] {processor.py:830} INFO - Processing file /opt/airflow/dags/example.py for tasks to queue
[2026-03-26T04:32:51.361+0000] {logging_mixin.py:188} INFO - [2026-03-26T04:32:51.360+0000] {dagbag.py:545} INFO - Filling up the DagBag from /opt/airflow/dags/example.py
[2026-03-26T04:32:51.403+0000] {processor.py:840} INFO - DAG(s) 'hello_airflow' retrieved from /opt/airflow/dags/example.py
[2026-03-26T04:32:51.469+0000] {logging_mixin.py:188} INFO - [2026-03-26T04:32:51.469+0000] {dag.py:3096} INFO - Sync 1 DAGs
[2026-03-26T04:32:51.512+0000] {logging_mixin.py:188} INFO - [2026-03-26T04:32:51.512+0000] {dag.py:3954} INFO - Setting next_dagrun for hello_airflow to 2024-03-23 00:00:00+00:00, run_after=2024-03-24 00:00:00+00:00
[2026-03-26T04:32:51.550+0000] {processor.py:183} INFO - Processing /opt/airflow/dags/example.py took 0.214 seconds
[2026-03-26T04:33:22.026+0000] {processor.py:161} INFO - Started process (PID=4306) to work on /opt/airflow/dags/example.py
[2026-03-26T04:33:22.028+0000] {processor.py:830} INFO - Processing file /opt/airflow/dags/example.py for tasks to queue
[2026-03-26T04:33:22.042+0000] {logging_mixin.py:188} INFO - [2026-03-26T04:33:22.041+0000] {dagbag.py:545} INFO - Filling up the DagBag from /opt/airflow/dags/example.py
[2026-03-26T04:33:22.137+0000] {processor.py:840} INFO - DAG(s) 'hello_airflow' retrieved from /opt/airflow/dags/example.py
[2026-03-26T04:33:22.211+0000] {logging_mixin.py:188} INFO - [2026-03-26T04:33:22.211+0000] {dag.py:3096} INFO - Sync 1 DAGs
[2026-03-26T04:33:22.283+0000] {logging_mixin.py:188} INFO - [2026-03-26T04:33:22.282+0000] {dag.py:3954} INFO - Setting next_dagrun for hello_airflow to 2024-03-23 00:00:00+00:00, run_after=2024-03-24 00:00:00+00:00
[2026-03-26T04:33:22.335+0000] {processor.py:183} INFO - Processing /opt/airflow/dags/example.py took 0.352 seconds
[2026-03-26T04:33:53.132+0000] {processor.py:161} INFO - Started process (PID=4334) to work on /opt/airflow/dags/example.py
[2026-03-26T04:33:53.135+0000] {processor.py:830} INFO - Processing file /opt/airflow/dags/example.py for tasks to queue
[2026-03-26T04:33:53.142+0000] {logging_mixin.py:188} INFO - [2026-03-26T04:33:53.139+0000] {dagbag.py:545} INFO - Filling up the DagBag from /opt/airflow/dags/example.py
[2026-03-26T04:33:53.204+0000] {processor.py:840} INFO - DAG(s) 'hello_airflow' retrieved from /opt/airflow/dags/example.py
[2026-03-26T04:33:53.282+0000] {logging_mixin.py:188} INFO - [2026-03-26T04:33:53.281+0000] {dag.py:3096} INFO - Sync 1 DAGs
[2026-03-26T04:33:53.327+0000] {logging_mixin.py:188} INFO - [2026-03-26T04:33:53.326+0000] {dag.py:3954} INFO - Setting next_dagrun for hello_airflow to 2024-03-23 00:00:00+00:00, run_after=2024-03-24 00:00:00+00:00
[2026-03-26T04:33:53.374+0000] {processor.py:183} INFO - Processing /opt/airflow/dags/example.py took 0.259 seconds
[2026-03-26T04:34:23.636+0000] {processor.py:161} INFO - Started process (PID=4360) to work on /opt/airflow/dags/example.py
[2026-03-26T04:34:23.638+0000] {processor.py:830} INFO - Processing file /opt/airflow/dags/example.py for tasks to queue
[2026-03-26T04:34:23.641+0000] {logging_mixin.py:188} INFO - [2026-03-26T04:34:23.640+0000] {dagbag.py:545} INFO - Filling up the DagBag from /opt/airflow/dags/example.py
[2026-03-26T04:34:23.675+0000] {processor.py:840} INFO - DAG(s) 'hello_airflow' retrieved from /opt/airflow/dags/example.py
[2026-03-26T04:34:23.707+0000] {logging_mixin.py:188} INFO - [2026-03-26T04:34:23.707+0000] {dag.py:3096} INFO - Sync 1 DAGs
[2026-03-26T04:34:23.730+0000] {logging_mixin.py:188} INFO - [2026-03-26T04:34:23.730+0000] {dag.py:3954} INFO - Setting next_dagrun for hello_airflow to 2024-03-23 00:00:00+00:00, run_after=2024-03-24 00:00:00+00:00
[2026-03-26T04:34:23.763+0000] {processor.py:183} INFO - Processing /opt/airflow/dags/example.py took 0.135 seconds
[2026-03-26T04:34:54.417+0000] {processor.py:161} INFO - Started process (PID=4386) to work on /opt/airflow/dags/example.py
[2026-03-26T04:34:54.418+0000] {processor.py:830} INFO - Processing file /opt/airflow/dags/example.py for tasks to queue
[2026-03-26T04:34:54.421+0000] {logging_mixin.py:188} INFO - [2026-03-26T04:34:54.421+0000] {dagbag.py:545} INFO - Filling up the DagBag from /opt/airflow/dags/example.py
[2026-03-26T04:34:54.466+0000] {processor.py:840} INFO - DAG(s) 'hello_airflow' retrieved from /opt/airflow/dags/example.py
[2026-03-26T04:34:54.498+0000] {logging_mixin.py:188} INFO - [2026-03-26T04:34:54.498+0000] {dag.py:3096} INFO - Sync 1 DAGs
[2026-03-26T04:34:54.518+0000] {logging_mixin.py:188} INFO - [2026-03-26T04:34:54.518+0000] {dag.py:3954} INFO - Setting next_dagrun for hello_airflow to 2024-03-23 00:00:00+00:00, run_after=2024-03-24 00:00:00+00:00
[2026-03-26T04:34:54.543+0000] {processor.py:183} INFO - Processing /opt/airflow/dags/example.py took 0.133 seconds
[2026-03-26T04:35:25.126+0000] {processor.py:161} INFO - Started process (PID=4412) to work on /opt/airflow/dags/example.py
[2026-03-26T04:35:25.127+0000] {processor.py:830} INFO - Processing file /opt/airflow/dags/example.py for tasks to queue
[2026-03-26T04:35:25.129+0000] {logging_mixin.py:188} INFO - [2026-03-26T04:35:25.129+0000] {dagbag.py:545} INFO - Filling up the DagBag from /opt/airflow/dags/example.py
[2026-03-26T04:35:25.167+0000] {processor.py:840} INFO - DAG(s) 'hello_airflow' retrieved from /opt/airflow/dags/example.py
[2026-03-26T04:35:25.195+0000] {logging_mixin.py:188} INFO - [2026-03-26T04:35:25.195+0000] {dag.py:3096} INFO - Sync 1 DAGs
[2026-03-26T04:35:25.217+0000] {logging_mixin.py:188} INFO - [2026-03-26T04:35:25.217+0000] {dag.py:3954} INFO - Setting next_dagrun for hello_airflow to 2024-03-23 00:00:00+00:00, run_after=2024-03-24 00:00:00+00:00
[2026-03-26T04:35:25.244+0000] {processor.py:183} INFO - Processing /opt/airflow/dags/example.py took 0.125 seconds
[2026-03-26T04:35:55.908+0000] {processor.py:161} INFO - Started process (PID=4438) to work on /opt/airflow/dags/example.py
[2026-03-26T04:35:55.909+0000] {processor.py:830} INFO - Processing file /opt/airflow/dags/example.py for tasks to queue
[2026-03-26T04:35:55.912+0000] {logging_mixin.py:188} INFO - [2026-03-26T04:35:55.912+0000] {dagbag.py:545} INFO - Filling up the DagBag from /opt/airflow/dags/example.py
[2026-03-26T04:35:55.951+0000] {processor.py:840} INFO - DAG(s) 'hello_airflow' retrieved from /opt/airflow/dags/example.py
[2026-03-26T04:35:55.980+0000] {logging_mixin.py:188} INFO - [2026-03-26T04:35:55.979+0000] {dag.py:3096} INFO - Sync 1 DAGs
[2026-03-26T04:35:56.000+0000] {logging_mixin.py:188} INFO - [2026-03-26T04:35:56.000+0000] {dag.py:3954} INFO - Setting next_dagrun for hello_airflow to 2024-03-23 00:00:00+00:00, run_after=2024-03-24 00:00:00+00:00
[2026-03-26T04:35:56.022+0000] {processor.py:183} INFO - Processing /opt/airflow/dags/example.py took 0.121 seconds
[2026-03-26T04:36:26.581+0000] {processor.py:161} INFO - Started process (PID=4465) to work on /opt/airflow/dags/example.py
[2026-03-26T04:36:26.582+0000] {processor.py:830} INFO - Processing file /opt/airflow/dags/example.py for tasks to queue
[2026-03-26T04:36:26.585+0000] {logging_mixin.py:188} INFO - [2026-03-26T04:36:26.585+0000] {dagbag.py:545} INFO - Filling up the DagBag from /opt/airflow/dags/example.py
[2026-03-26T04:36:26.612+0000] {processor.py:840} INFO - DAG(s) 'hello_airflow' retrieved from /opt/airflow/dags/example.py
[2026-03-26T04:36:26.638+0000] {logging_mixin.py:188} INFO - [2026-03-26T04:36:26.638+0000] {dag.py:3096} INFO - Sync 1 DAGs
[2026-03-26T04:36:26.658+0000] {logging_mixin.py:188} INFO - [2026-03-26T04:36:26.658+0000] {dag.py:3954} INFO - Setting next_dagrun for hello_airflow to 2024-03-23 00:00:00+00:00, run_after=2024-03-24 00:00:00+00:00
[2026-03-26T04:36:26.682+0000] {processor.py:183} INFO - Processing /opt/airflow/dags/example.py took 0.108 seconds
[2026-03-26T04:36:57.318+0000] {processor.py:161} INFO - Started process (PID=4491) to work on /opt/airflow/dags/example.py
[2026-03-26T04:36:57.319+0000] {processor.py:830} INFO - Processing file /opt/airflow/dags/example.py for tasks to queue
[2026-03-26T04:36:57.322+0000] {logging_mixin.py:188} INFO - [2026-03-26T04:36:57.322+0000] {dagbag.py:545} INFO - Filling up the DagBag from /opt/airflow/dags/example.py
[2026-03-26T04:36:57.362+0000] {processor.py:840} INFO - DAG(s) 'hello_airflow' retrieved from /opt/airflow/dags/example.py
[2026-03-26T04:36:57.391+0000] {logging_mixin.py:188} INFO - [2026-03-26T04:36:57.391+0000] {dag.py:3096} INFO - Sync 1 DAGs
[2026-03-26T04:36:57.410+0000] {logging_mixin.py:188} INFO - [2026-03-26T04:36:57.410+0000] {dag.py:3954} INFO - Setting next_dagrun for hello_airflow to 2024-03-23 00:00:00+00:00, run_after=2024-03-24 00:00:00+00:00
[2026-03-26T04:36:57.437+0000] {processor.py:183} INFO - Processing /opt/airflow/dags/example.py took 0.126 seconds
[2026-03-26T04:37:27.991+0000] {processor.py:161} INFO - Started process (PID=4518) to work on /opt/airflow/dags/example.py
[2026-03-26T04:37:27.993+0000] {processor.py:830} INFO - Processing file /opt/airflow/dags/example.py for tasks to queue
[2026-03-26T04:37:27.995+0000] {logging_mixin.py:188} INFO - [2026-03-26T04:37:27.995+0000] {dagbag.py:545} INFO - Filling up the DagBag from /opt/airflow/dags/example.py
[2026-03-26T04:37:28.035+0000] {processor.py:840} INFO - DAG(s) 'hello_airflow' retrieved from /opt/airflow/dags/example.py
[2026-03-26T04:37:28.076+0000] {logging_mixin.py:188} INFO - [2026-03-26T04:37:28.075+0000] {dag.py:3096} INFO - Sync 1 DAGs
[2026-03-26T04:37:28.130+0000] {logging_mixin.py:188} INFO - [2026-03-26T04:37:28.129+0000] {dag.py:3954} INFO - Setting next_dagrun for hello_airflow to 2024-03-23 00:00:00+00:00, run_after=2024-03-24 00:00:00+00:00
[2026-03-26T04:37:28.196+0000] {processor.py:183} INFO - Processing /opt/airflow/dags/example.py took 0.215 seconds
[2026-03-26T04:37:58.583+0000] {processor.py:161} INFO - Started process (PID=4544) to work on /opt/airflow/dags/example.py
[2026-03-26T04:37:58.585+0000] {processor.py:830} INFO - Processing file /opt/airflow/dags/example.py for tasks to queue
[2026-03-26T04:37:58.587+0000] {logging_mixin.py:188} INFO - [2026-03-26T04:37:58.587+0000] {dagbag.py:545} INFO - Filling up the DagBag from /opt/airflow/dags/example.py
[2026-03-26T04:37:58.611+0000] {processor.py:840} INFO - DAG(s) 'hello_airflow' retrieved from /opt/airflow/dags/example.py
[2026-03-26T04:37:58.641+0000] {logging_mixin.py:188} INFO - [2026-03-26T04:37:58.641+0000] {dag.py:3096} INFO - Sync 1 DAGs
[2026-03-26T04:37:58.659+0000] {logging_mixin.py:188} INFO - [2026-03-26T04:37:58.659+0000] {dag.py:3954} INFO - Setting next_dagrun for hello_airflow to 2024-03-23 00:00:00+00:00, run_after=2024-03-24 00:00:00+00:00
[2026-03-26T04:37:59.376+0000] {processor.py:183} INFO - Processing /opt/airflow/dags/example.py took 0.799 seconds
[2026-03-26T04:38:30.000+0000] {processor.py:161} INFO - Started process (PID=4570) to work on /opt/airflow/dags/example.py
[2026-03-26T04:38:30.002+0000] {processor.py:830} INFO - Processing file /opt/airflow/dags/example.py for tasks to queue
[2026-03-26T04:38:30.005+0000] {logging_mixin.py:188} INFO - [2026-03-26T04:38:30.004+0000] {dagbag.py:545} INFO - Filling up the DagBag from /opt/airflow/dags/example.py
[2026-03-26T04:38:30.040+0000] {processor.py:840} INFO - DAG(s) 'hello_airflow' retrieved from /opt/airflow/dags/example.py
[2026-03-26T04:38:30.073+0000] {logging_mixin.py:188} INFO - [2026-03-26T04:38:30.072+0000] {dag.py:3096} INFO - Sync 1 DAGs
[2026-03-26T04:38:30.094+0000] {logging_mixin.py:188} INFO - [2026-03-26T04:38:30.094+0000] {dag.py:3954} INFO - Setting next_dagrun for hello_airflow to 2024-03-23 00:00:00+00:00, run_after=2024-03-24 00:00:00+00:00
[2026-03-26T04:38:30.122+0000] {processor.py:183} INFO - Processing /opt/airflow/dags/example.py took 0.129 seconds
[2026-03-26T04:39:00.648+0000] {processor.py:161} INFO - Started process (PID=4597) to work on /opt/airflow/dags/example.py
[2026-03-26T04:39:00.650+0000] {processor.py:830} INFO - Processing file /opt/airflow/dags/example.py for tasks to queue
[2026-03-26T04:39:00.654+0000] {logging_mixin.py:188} INFO - [2026-03-26T04:39:00.654+0000] {dagbag.py:545} INFO - Filling up the DagBag from /opt/airflow/dags/example.py
[2026-03-26T04:39:00.688+0000] {processor.py:840} INFO - DAG(s) 'hello_airflow' retrieved from /opt/airflow/dags/example.py
[2026-03-26T04:39:00.727+0000] {logging_mixin.py:188} INFO - [2026-03-26T04:39:00.727+0000] {dag.py:3096} INFO - Sync 1 DAGs
[2026-03-26T04:39:00.753+0000] {logging_mixin.py:188} INFO - [2026-03-26T04:39:00.752+0000] {dag.py:3954} INFO - Setting next_dagrun for hello_airflow to 2024-03-23 00:00:00+00:00, run_after=2024-03-24 00:00:00+00:00
[2026-03-26T04:39:00.774+0000] {processor.py:183} INFO - Processing /opt/airflow/dags/example.py took 0.135 seconds
[2026-03-26T04:39:31.530+0000] {processor.py:161} INFO - Started process (PID=4623) to work on /opt/airflow/dags/example.py
[2026-03-26T04:39:31.532+0000] {processor.py:830} INFO - Processing file /opt/airflow/dags/example.py for tasks to queue
[2026-03-26T04:39:31.534+0000] {logging_mixin.py:188} INFO - [2026-03-26T04:39:31.534+0000] {dagbag.py:545} INFO - Filling up the DagBag from /opt/airflow/dags/example.py
[2026-03-26T04:39:31.568+0000] {processor.py:840} INFO - DAG(s) 'hello_airflow' retrieved from /opt/airflow/dags/example.py
[2026-03-26T04:39:31.599+0000] {logging_mixin.py:188} INFO - [2026-03-26T04:39:31.599+0000] {dag.py:3096} INFO - Sync 1 DAGs
[2026-03-26T04:39:31.621+0000] {logging_mixin.py:188} INFO - [2026-03-26T04:39:31.621+0000] {dag.py:3954} INFO - Setting next_dagrun for hello_airflow to 2024-03-23 00:00:00+00:00, run_after=2024-03-24 00:00:00+00:00
[2026-03-26T04:39:31.651+0000] {processor.py:183} INFO - Processing /opt/airflow/dags/example.py took 0.130 seconds
[2026-03-26T04:40:02.490+0000] {processor.py:161} INFO - Started process (PID=4650) to work on /opt/airflow/dags/example.py
[2026-03-26T04:40:02.491+0000] {processor.py:830} INFO - Processing file /opt/airflow/dags/example.py for tasks to queue
[2026-03-26T04:40:02.494+0000] {logging_mixin.py:188} INFO - [2026-03-26T04:40:02.493+0000] {dagbag.py:545} INFO - Filling up the DagBag from /opt/airflow/dags/example.py
[2026-03-26T04:40:02.531+0000] {processor.py:840} INFO - DAG(s) 'hello_airflow' retrieved from /opt/airflow/dags/example.py
[2026-03-26T04:40:02.558+0000] {logging_mixin.py:188} INFO - [2026-03-26T04:40:02.558+0000] {dag.py:3096} INFO - Sync 1 DAGs
[2026-03-26T04:40:02.578+0000] {logging_mixin.py:188} INFO - [2026-03-26T04:40:02.578+0000] {dag.py:3954} INFO - Setting next_dagrun for hello_airflow to 2024-03-23 00:00:00+00:00, run_after=2024-03-24 00:00:00+00:00
[2026-03-26T04:40:02.602+0000] {processor.py:183} INFO - Processing /opt/airflow/dags/example.py took 0.119 seconds
[2026-03-26T04:40:33.216+0000] {processor.py:161} INFO - Started process (PID=4676) to work on /opt/airflow/dags/example.py
[2026-03-26T04:40:33.217+0000] {processor.py:830} INFO - Processing file /opt/airflow/dags/example.py for tasks to queue
[2026-03-26T04:40:33.220+0000] {logging_mixin.py:188} INFO - [2026-03-26T04:40:33.219+0000] {dagbag.py:545} INFO - Filling up the DagBag from /opt/airflow/dags/example.py
[2026-03-26T04:40:33.253+0000] {processor.py:840} INFO - DAG(s) 'hello_airflow' retrieved from /opt/airflow/dags/example.py
[2026-03-26T04:40:33.297+0000] {logging_mixin.py:188} INFO - [2026-03-26T04:40:33.297+0000] {dag.py:3096} INFO - Sync 1 DAGs
[2026-03-26T04:40:33.330+0000] {logging_mixin.py:188} INFO - [2026-03-26T04:40:33.330+0000] {dag.py:3954} INFO - Setting next_dagrun for hello_airflow to 2024-03-23 00:00:00+00:00, run_after=2024-03-24 00:00:00+00:00
[2026-03-26T04:40:33.364+0000] {processor.py:183} INFO - Processing /opt/airflow/dags/example.py took 0.156 seconds
[2026-03-26T04:41:04.031+0000] {processor.py:161} INFO - Started process (PID=4702) to work on /opt/airflow/dags/example.py
[2026-03-26T04:41:04.032+0000] {processor.py:830} INFO - Processing file /opt/airflow/dags/example.py for tasks to queue
[2026-03-26T04:41:04.035+0000] {logging_mixin.py:188} INFO - [2026-03-26T04:41:04.034+0000] {dagbag.py:545} INFO - Filling up the DagBag from /opt/airflow/dags/example.py
[2026-03-26T04:41:04.066+0000] {processor.py:840} INFO - DAG(s) 'hello_airflow' retrieved from /opt/airflow/dags/example.py
[2026-03-26T04:41:04.100+0000] {logging_mixin.py:188} INFO - [2026-03-26T04:41:04.100+0000] {dag.py:3096} INFO - Sync 1 DAGs
[2026-03-26T04:41:04.123+0000] {logging_mixin.py:188} INFO - [2026-03-26T04:41:04.123+0000] {dag.py:3954} INFO - Setting next_dagrun for hello_airflow to 2024-03-23 00:00:00+00:00, run_after=2024-03-24 00:00:00+00:00
[2026-03-26T04:41:04.146+0000] {processor.py:183} INFO - Processing /opt/airflow/dags/example.py took 0.124 seconds
[2026-03-26T04:41:34.823+0000] {processor.py:161} INFO - Started process (PID=4728) to work on /opt/airflow/dags/example.py
[2026-03-26T04:41:34.824+0000] {processor.py:830} INFO - Processing file /opt/airflow/dags/example.py for tasks to queue
[2026-03-26T04:41:34.826+0000] {logging_mixin.py:188} INFO - [2026-03-26T04:41:34.826+0000] {dagbag.py:545} INFO - Filling up the DagBag from /opt/airflow/dags/example.py
[2026-03-26T04:41:34.855+0000] {processor.py:840} INFO - DAG(s) 'hello_airflow' retrieved from /opt/airflow/dags/example.py
[2026-03-26T04:41:34.893+0000] {logging_mixin.py:188} INFO - [2026-03-26T04:41:34.893+0000] {dag.py:3096} INFO - Sync 1 DAGs
[2026-03-26T04:41:34.915+0000] {logging_mixin.py:188} INFO - [2026-03-26T04:41:34.915+0000] {dag.py:3954} INFO - Setting next_dagrun for hello_airflow to 2024-03-23 00:00:00+00:00, run_after=2024-03-24 00:00:00+00:00
[2026-03-26T04:41:34.938+0000] {processor.py:183} INFO - Processing /opt/airflow/dags/example.py took 0.124 seconds
[2026-03-26T04:42:05.233+0000] {processor.py:161} INFO - Started process (PID=4754) to work on /opt/airflow/dags/example.py
[2026-03-26T04:42:05.234+0000] {processor.py:830} INFO - Processing file /opt/airflow/dags/example.py for tasks to queue
[2026-03-26T04:42:05.237+0000] {logging_mixin.py:188} INFO - [2026-03-26T04:42:05.236+0000] {dagbag.py:545} INFO - Filling up the DagBag from /opt/airflow/dags/example.py
[2026-03-26T04:42:05.268+0000] {processor.py:840} INFO - DAG(s) 'hello_airflow' retrieved from /opt/airflow/dags/example.py
[2026-03-26T04:42:05.296+0000] {logging_mixin.py:188} INFO - [2026-03-26T04:42:05.296+0000] {dag.py:3096} INFO - Sync 1 DAGs
[2026-03-26T04:42:05.315+0000] {logging_mixin.py:188} INFO - [2026-03-26T04:42:05.315+0000] {dag.py:3954} INFO - Setting next_dagrun for hello_airflow to 2024-03-23 00:00:00+00:00, run_after=2024-03-24 00:00:00+00:00
[2026-03-26T04:42:05.340+0000] {processor.py:183} INFO - Processing /opt/airflow/dags/example.py took 0.114 seconds
[2026-03-26T04:42:35.925+0000] {processor.py:161} INFO - Started process (PID=4780) to work on /opt/airflow/dags/example.py
[2026-03-26T04:42:35.926+0000] {processor.py:830} INFO - Processing file /opt/airflow/dags/example.py for tasks to queue
[2026-03-26T04:42:35.930+0000] {logging_mixin.py:188} INFO - [2026-03-26T04:42:35.929+0000] {dagbag.py:545} INFO - Filling up the DagBag from /opt/airflow/dags/example.py
[2026-03-26T04:42:35.953+0000] {processor.py:840} INFO - DAG(s) 'hello_airflow' retrieved from /opt/airflow/dags/example.py
[2026-03-26T04:42:35.993+0000] {logging_mixin.py:188} INFO - [2026-03-26T04:42:35.993+0000] {dag.py:3096} INFO - Sync 1 DAGs
[2026-03-26T04:42:36.014+0000] {logging_mixin.py:188} INFO - [2026-03-26T04:42:36.014+0000] {dag.py:3954} INFO - Setting next_dagrun for hello_airflow to 2024-03-23 00:00:00+00:00, run_after=2024-03-24 00:00:00+00:00
[2026-03-26T04:42:36.034+0000] {processor.py:183} INFO - Processing /opt/airflow/dags/example.py took 0.118 seconds
[2026-03-26T04:43:06.722+0000] {processor.py:161} INFO - Started process (PID=4806) to work on /opt/airflow/dags/example.py
[2026-03-26T04:43:06.724+0000] {processor.py:830} INFO - Processing file /opt/airflow/dags/example.py for tasks to queue
[2026-03-26T04:43:06.726+0000] {logging_mixin.py:188} INFO - [2026-03-26T04:43:06.726+0000] {dagbag.py:545} INFO - Filling up the DagBag from /opt/airflow/dags/example.py
[2026-03-26T04:43:06.753+0000] {processor.py:840} INFO - DAG(s) 'hello_airflow' retrieved from /opt/airflow/dags/example.py
[2026-03-26T04:43:06.781+0000] {logging_mixin.py:188} INFO - [2026-03-26T04:43:06.781+0000] {dag.py:3096} INFO - Sync 1 DAGs
[2026-03-26T04:43:06.801+0000] {logging_mixin.py:188} INFO - [2026-03-26T04:43:06.801+0000] {dag.py:3954} INFO - Setting next_dagrun for hello_airflow to 2024-03-23 00:00:00+00:00, run_after=2024-03-24 00:00:00+00:00
[2026-03-26T04:43:06.824+0000] {processor.py:183} INFO - Processing /opt/airflow/dags/example.py took 0.111 seconds
[2026-03-26T04:43:37.443+0000] {processor.py:161} INFO - Started process (PID=4832) to work on /opt/airflow/dags/example.py
[2026-03-26T04:43:37.444+0000] {processor.py:830} INFO - Processing file /opt/airflow/dags/example.py for tasks to queue
[2026-03-26T04:43:37.447+0000] {logging_mixin.py:188} INFO - [2026-03-26T04:43:37.447+0000] {dagbag.py:545} INFO - Filling up the DagBag from /opt/airflow/dags/example.py
[2026-03-26T04:43:37.470+0000] {processor.py:840} INFO - DAG(s) 'hello_airflow' retrieved from /opt/airflow/dags/example.py
[2026-03-26T04:43:37.501+0000] {logging_mixin.py:188} INFO - [2026-03-26T04:43:37.501+0000] {dag.py:3096} INFO - Sync 1 DAGs
[2026-03-26T04:43:37.524+0000] {logging_mixin.py:188} INFO - [2026-03-26T04:43:37.523+0000] {dag.py:3954} INFO - Setting next_dagrun for hello_airflow to 2024-03-23 00:00:00+00:00, run_after=2024-03-24 00:00:00+00:00
[2026-03-26T04:43:37.545+0000] {processor.py:183} INFO - Processing /opt/airflow/dags/example.py took 0.110 seconds
[2026-03-26T04:44:08.146+0000] {processor.py:161} INFO - Started process (PID=4858) to work on /opt/airflow/dags/example.py
[2026-03-26T04:44:08.148+0000] {processor.py:830} INFO - Processing file /opt/airflow/dags/example.py for tasks to queue
[2026-03-26T04:44:08.150+0000] {logging_mixin.py:188} INFO - [2026-03-26T04:44:08.150+0000] {dagbag.py:545} INFO - Filling up the DagBag from /opt/airflow/dags/example.py
[2026-03-26T04:44:08.189+0000] {processor.py:840} INFO - DAG(s) 'hello_airflow' retrieved from /opt/airflow/dags/example.py
[2026-03-26T04:44:08.218+0000] {logging_mixin.py:188} INFO - [2026-03-26T04:44:08.218+0000] {dag.py:3096} INFO - Sync 1 DAGs
[2026-03-26T04:44:08.238+0000] {logging_mixin.py:188} INFO - [2026-03-26T04:44:08.238+0000] {dag.py:3954} INFO - Setting next_dagrun for hello_airflow to 2024-03-23 00:00:00+00:00, run_after=2024-03-24 00:00:00+00:00
[2026-03-26T04:44:08.264+0000] {processor.py:183} INFO - Processing /opt/airflow/dags/example.py took 0.124 seconds
[2026-03-26T04:44:39.164+0000] {processor.py:161} INFO - Started process (PID=4884) to work on /opt/airflow/dags/example.py
[2026-03-26T04:44:39.166+0000] {processor.py:830} INFO - Processing file /opt/airflow/dags/example.py for tasks to queue
[2026-03-26T04:44:39.168+0000] {logging_mixin.py:188} INFO - [2026-03-26T04:44:39.168+0000] {dagbag.py:545} INFO - Filling up the DagBag from /opt/airflow/dags/example.py
[2026-03-26T04:44:39.196+0000] {processor.py:840} INFO - DAG(s) 'hello_airflow' retrieved from /opt/airflow/dags/example.py
[2026-03-26T04:44:39.226+0000] {logging_mixin.py:188} INFO - [2026-03-26T04:44:39.225+0000] {dag.py:3096} INFO - Sync 1 DAGs
[2026-03-26T04:44:39.246+0000] {logging_mixin.py:188} INFO - [2026-03-26T04:44:39.246+0000] {dag.py:3954} INFO - Setting next_dagrun for hello_airflow to 2024-03-23 00:00:00+00:00, run_after=2024-03-24 00:00:00+00:00
[2026-03-26T04:44:39.270+0000] {processor.py:183} INFO - Processing /opt/airflow/dags/example.py took 0.113 seconds
[2026-03-26T04:45:09.926+0000] {processor.py:161} INFO - Started process (PID=4910) to work on /opt/airflow/dags/example.py
[2026-03-26T04:45:09.927+0000] {processor.py:830} INFO - Processing file /opt/airflow/dags/example.py for tasks to queue
[2026-03-26T04:45:09.930+0000] {logging_mixin.py:188} INFO - [2026-03-26T04:45:09.929+0000] {dagbag.py:545} INFO - Filling up the DagBag from /opt/airflow/dags/example.py
[2026-03-26T04:45:09.973+0000] {processor.py:840} INFO - DAG(s) 'hello_airflow' retrieved from /opt/airflow/dags/example.py
[2026-03-26T04:45:10.000+0000] {logging_mixin.py:188} INFO - [2026-03-26T04:45:10.000+0000] {dag.py:3096} INFO - Sync 1 DAGs
[2026-03-26T04:45:10.020+0000] {logging_mixin.py:188} INFO - [2026-03-26T04:45:10.020+0000] {dag.py:3954} INFO - Setting next_dagrun for hello_airflow to 2024-03-23 00:00:00+00:00, run_after=2024-03-24 00:00:00+00:00
[2026-03-26T04:45:10.045+0000] {processor.py:183} INFO - Processing /opt/airflow/dags/example.py took 0.125 seconds
[2026-03-26T04:45:40.607+0000] {processor.py:161} INFO - Started process (PID=4936) to work on /opt/airflow/dags/example.py
[2026-03-26T04:45:40.609+0000] {processor.py:830} INFO - Processing file /opt/airflow/dags/example.py for tasks to queue
[2026-03-26T04:45:40.611+0000] {logging_mixin.py:188} INFO - [2026-03-26T04:45:40.611+0000] {dagbag.py:545} INFO - Filling up the DagBag from /opt/airflow/dags/example.py
[2026-03-26T04:45:40.640+0000] {processor.py:840} INFO - DAG(s) 'hello_airflow' retrieved from /opt/airflow/dags/example.py
[2026-03-26T04:45:40.671+0000] {logging_mixin.py:188} INFO - [2026-03-26T04:45:40.670+0000] {dag.py:3096} INFO - Sync 1 DAGs
[2026-03-26T04:45:40.695+0000] {logging_mixin.py:188} INFO - [2026-03-26T04:45:40.694+0000] {dag.py:3954} INFO - Setting next_dagrun for hello_airflow to 2024-03-23 00:00:00+00:00, run_after=2024-03-24 00:00:00+00:00
[2026-03-26T04:45:40.720+0000] {processor.py:183} INFO - Processing /opt/airflow/dags/example.py took 0.120 seconds
[2026-03-26T04:46:11.404+0000] {processor.py:161} INFO - Started process (PID=4968) to work on /opt/airflow/dags/example.py
[2026-03-26T04:46:11.405+0000] {processor.py:830} INFO - Processing file /opt/airflow/dags/example.py for tasks to queue
[2026-03-26T04:46:11.408+0000] {logging_mixin.py:188} INFO - [2026-03-26T04:46:11.407+0000] {dagbag.py:545} INFO - Filling up the DagBag from /opt/airflow/dags/example.py
[2026-03-26T04:46:11.444+0000] {processor.py:840} INFO - DAG(s) 'hello_airflow' retrieved from /opt/airflow/dags/example.py
[2026-03-26T04:46:11.475+0000] {logging_mixin.py:188} INFO - [2026-03-26T04:46:11.474+0000] {dag.py:3096} INFO - Sync 1 DAGs
[2026-03-26T04:46:11.495+0000] {logging_mixin.py:188} INFO - [2026-03-26T04:46:11.494+0000] {dag.py:3954} INFO - Setting next_dagrun for hello_airflow to 2024-03-23 00:00:00+00:00, run_after=2024-03-24 00:00:00+00:00
[2026-03-26T04:46:11.519+0000] {processor.py:183} INFO - Processing /opt/airflow/dags/example.py took 0.121 seconds
[2026-03-26T04:46:42.124+0000] {processor.py:161} INFO - Started process (PID=4994) to work on /opt/airflow/dags/example.py
[2026-03-26T04:46:42.125+0000] {processor.py:830} INFO - Processing file /opt/airflow/dags/example.py for tasks to queue
[2026-03-26T04:46:42.128+0000] {logging_mixin.py:188} INFO - [2026-03-26T04:46:42.127+0000] {dagbag.py:545} INFO - Filling up the DagBag from /opt/airflow/dags/example.py
[2026-03-26T04:46:42.163+0000] {processor.py:840} INFO - DAG(s) 'hello_airflow' retrieved from /opt/airflow/dags/example.py
[2026-03-26T04:46:42.193+0000] {logging_mixin.py:188} INFO - [2026-03-26T04:46:42.193+0000] {dag.py:3096} INFO - Sync 1 DAGs
[2026-03-26T04:46:42.214+0000] {logging_mixin.py:188} INFO - [2026-03-26T04:46:42.214+0000] {dag.py:3954} INFO - Setting next_dagrun for hello_airflow to 2024-03-23 00:00:00+00:00, run_after=2024-03-24 00:00:00+00:00
[2026-03-26T04:46:42.240+0000] {processor.py:183} INFO - Processing /opt/airflow/dags/example.py took 0.123 seconds
[2026-03-26T04:47:12.911+0000] {processor.py:161} INFO - Started process (PID=5020) to work on /opt/airflow/dags/example.py
[2026-03-26T04:47:12.913+0000] {processor.py:830} INFO - Processing file /opt/airflow/dags/example.py for tasks to queue
[2026-03-26T04:47:12.916+0000] {logging_mixin.py:188} INFO - [2026-03-26T04:47:12.915+0000] {dagbag.py:545} INFO - Filling up the DagBag from /opt/airflow/dags/example.py
[2026-03-26T04:47:12.942+0000] {processor.py:840} INFO - DAG(s) 'hello_airflow' retrieved from /opt/airflow/dags/example.py
[2026-03-26T04:47:12.971+0000] {logging_mixin.py:188} INFO - [2026-03-26T04:47:12.970+0000] {dag.py:3096} INFO - Sync 1 DAGs
[2026-03-26T04:47:12.990+0000] {logging_mixin.py:188} INFO - [2026-03-26T04:47:12.990+0000] {dag.py:3954} INFO - Setting next_dagrun for hello_airflow to 2024-03-23 00:00:00+00:00, run_after=2024-03-24 00:00:00+00:00
[2026-03-26T04:47:13.014+0000] {processor.py:183} INFO - Processing /opt/airflow/dags/example.py took 0.109 seconds
[2026-03-26T04:47:43.652+0000] {processor.py:161} INFO - Started process (PID=5046) to work on /opt/airflow/dags/example.py
[2026-03-26T04:47:43.653+0000] {processor.py:830} INFO - Processing file /opt/airflow/dags/example.py for tasks to queue
[2026-03-26T04:47:43.657+0000] {logging_mixin.py:188} INFO - [2026-03-26T04:47:43.656+0000] {dagbag.py:545} INFO - Filling up the DagBag from /opt/airflow/dags/example.py
[2026-03-26T04:47:43.700+0000] {processor.py:840} INFO - DAG(s) 'hello_airflow' retrieved from /opt/airflow/dags/example.py
[2026-03-26T04:47:43.750+0000] {logging_mixin.py:188} INFO - [2026-03-26T04:47:43.750+0000] {dag.py:3096} INFO - Sync 1 DAGs
[2026-03-26T04:47:43.775+0000] {logging_mixin.py:188} INFO - [2026-03-26T04:47:43.775+0000] {dag.py:3954} INFO - Setting next_dagrun for hello_airflow to 2024-03-23 00:00:00+00:00, run_after=2024-03-24 00:00:00+00:00
[2026-03-26T04:47:43.796+0000] {processor.py:183} INFO - Processing /opt/airflow/dags/example.py took 0.157 seconds
[2026-03-26T04:48:14.393+0000] {processor.py:161} INFO - Started process (PID=5072) to work on /opt/airflow/dags/example.py
[2026-03-26T04:48:14.395+0000] {processor.py:830} INFO - Processing file /opt/airflow/dags/example.py for tasks to queue
[2026-03-26T04:48:14.397+0000] {logging_mixin.py:188} INFO - [2026-03-26T04:48:14.397+0000] {dagbag.py:545} INFO - Filling up the DagBag from /opt/airflow/dags/example.py
[2026-03-26T04:48:14.428+0000] {processor.py:840} INFO - DAG(s) 'hello_airflow' retrieved from /opt/airflow/dags/example.py
[2026-03-26T04:48:14.457+0000] {logging_mixin.py:188} INFO - [2026-03-26T04:48:14.457+0000] {dag.py:3096} INFO - Sync 1 DAGs
[2026-03-26T04:48:14.479+0000] {logging_mixin.py:188} INFO - [2026-03-26T04:48:14.479+0000] {dag.py:3954} INFO - Setting next_dagrun for hello_airflow to 2024-03-23 00:00:00+00:00, run_after=2024-03-24 00:00:00+00:00
[2026-03-26T04:48:14.507+0000] {processor.py:183} INFO - Processing /opt/airflow/dags/example.py took 0.121 seconds
