[2026-03-26T03:32:29.553+0000] {processor.py:161} INFO - Started process (PID=200) to work on /opt/airflow/dags/new_dags.py
[2026-03-26T03:32:29.554+0000] {processor.py:830} INFO - Processing file /opt/airflow/dags/new_dags.py for tasks to queue
[2026-03-26T03:32:29.557+0000] {logging_mixin.py:188} INFO - [2026-03-26T03:32:29.556+0000] {dagbag.py:545} INFO - Filling up the DagBag from /opt/airflow/dags/new_dags.py
[2026-03-26T03:32:29.603+0000] {processor.py:840} INFO - DAG(s) 'example_dag' retrieved from /opt/airflow/dags/new_dags.py
[2026-03-26T03:32:29.726+0000] {logging_mixin.py:188} INFO - [2026-03-26T03:32:29.725+0000] {override.py:1829} INFO - Created Permission View: can delete on DAG:example_dag
[2026-03-26T03:32:29.786+0000] {logging_mixin.py:188} INFO - [2026-03-26T03:32:29.786+0000] {override.py:1829} INFO - Created Permission View: can edit on DAG:example_dag
[2026-03-26T03:32:29.818+0000] {logging_mixin.py:188} INFO - [2026-03-26T03:32:29.817+0000] {override.py:1829} INFO - Created Permission View: can read on DAG:example_dag
[2026-03-26T03:32:29.819+0000] {logging_mixin.py:188} INFO - [2026-03-26T03:32:29.819+0000] {dag.py:3096} INFO - Sync 1 DAGs
[2026-03-26T03:32:29.830+0000] {logging_mixin.py:188} INFO - [2026-03-26T03:32:29.830+0000] {dag.py:3118} INFO - Creating ORM DAG for example_dag
[2026-03-26T03:32:29.842+0000] {logging_mixin.py:188} INFO - [2026-03-26T03:32:29.842+0000] {dag.py:3954} INFO - Setting next_dagrun for example_dag to 2026-03-25 00:00:00+00:00, run_after=2026-03-26 00:00:00+00:00
[2026-03-26T03:32:29.873+0000] {processor.py:183} INFO - Processing /opt/airflow/dags/new_dags.py took 0.328 seconds
[2026-03-26T03:33:00.576+0000] {processor.py:161} INFO - Started process (PID=230) to work on /opt/airflow/dags/new_dags.py
[2026-03-26T03:33:00.578+0000] {processor.py:830} INFO - Processing file /opt/airflow/dags/new_dags.py for tasks to queue
[2026-03-26T03:33:00.581+0000] {logging_mixin.py:188} INFO - [2026-03-26T03:33:00.580+0000] {dagbag.py:545} INFO - Filling up the DagBag from /opt/airflow/dags/new_dags.py
[2026-03-26T03:33:00.613+0000] {processor.py:840} INFO - DAG(s) 'example_dag' retrieved from /opt/airflow/dags/new_dags.py
[2026-03-26T03:33:00.643+0000] {logging_mixin.py:188} INFO - [2026-03-26T03:33:00.642+0000] {dag.py:3096} INFO - Sync 1 DAGs
[2026-03-26T03:33:00.669+0000] {logging_mixin.py:188} INFO - [2026-03-26T03:33:00.668+0000] {dag.py:3954} INFO - Setting next_dagrun for example_dag to 2026-03-25 00:00:00+00:00, run_after=2026-03-26 00:00:00+00:00
[2026-03-26T03:33:00.694+0000] {processor.py:183} INFO - Processing /opt/airflow/dags/new_dags.py took 0.125 seconds
[2026-03-26T03:33:31.320+0000] {processor.py:161} INFO - Started process (PID=256) to work on /opt/airflow/dags/new_dags.py
[2026-03-26T03:33:31.322+0000] {processor.py:830} INFO - Processing file /opt/airflow/dags/new_dags.py for tasks to queue
[2026-03-26T03:33:31.324+0000] {logging_mixin.py:188} INFO - [2026-03-26T03:33:31.324+0000] {dagbag.py:545} INFO - Filling up the DagBag from /opt/airflow/dags/new_dags.py
[2026-03-26T03:33:31.347+0000] {processor.py:840} INFO - DAG(s) 'example_dag' retrieved from /opt/airflow/dags/new_dags.py
[2026-03-26T03:33:31.370+0000] {logging_mixin.py:188} INFO - [2026-03-26T03:33:31.370+0000] {dag.py:3096} INFO - Sync 1 DAGs
[2026-03-26T03:33:31.395+0000] {logging_mixin.py:188} INFO - [2026-03-26T03:33:31.394+0000] {dag.py:3954} INFO - Setting next_dagrun for example_dag to 2026-03-25 00:00:00+00:00, run_after=2026-03-26 00:00:00+00:00
[2026-03-26T03:33:31.451+0000] {processor.py:183} INFO - Processing /opt/airflow/dags/new_dags.py took 0.139 seconds
[2026-03-26T03:34:02.152+0000] {processor.py:161} INFO - Started process (PID=284) to work on /opt/airflow/dags/new_dags.py
[2026-03-26T03:34:02.153+0000] {processor.py:830} INFO - Processing file /opt/airflow/dags/new_dags.py for tasks to queue
[2026-03-26T03:34:02.155+0000] {logging_mixin.py:188} INFO - [2026-03-26T03:34:02.155+0000] {dagbag.py:545} INFO - Filling up the DagBag from /opt/airflow/dags/new_dags.py
[2026-03-26T03:34:02.179+0000] {processor.py:840} INFO - DAG(s) 'example_dag' retrieved from /opt/airflow/dags/new_dags.py
[2026-03-26T03:34:02.205+0000] {logging_mixin.py:188} INFO - [2026-03-26T03:34:02.205+0000] {dag.py:3096} INFO - Sync 1 DAGs
[2026-03-26T03:34:02.224+0000] {logging_mixin.py:188} INFO - [2026-03-26T03:34:02.224+0000] {dag.py:3954} INFO - Setting next_dagrun for example_dag to 2026-03-25 00:00:00+00:00, run_after=2026-03-26 00:00:00+00:00
[2026-03-26T03:34:02.253+0000] {processor.py:183} INFO - Processing /opt/airflow/dags/new_dags.py took 0.107 seconds
[2026-03-26T03:34:32.762+0000] {processor.py:161} INFO - Started process (PID=308) to work on /opt/airflow/dags/new_dags.py
[2026-03-26T03:34:32.764+0000] {processor.py:830} INFO - Processing file /opt/airflow/dags/new_dags.py for tasks to queue
[2026-03-26T03:34:32.766+0000] {logging_mixin.py:188} INFO - [2026-03-26T03:34:32.765+0000] {dagbag.py:545} INFO - Filling up the DagBag from /opt/airflow/dags/new_dags.py
[2026-03-26T03:34:32.788+0000] {processor.py:840} INFO - DAG(s) 'example_dag' retrieved from /opt/airflow/dags/new_dags.py
[2026-03-26T03:34:32.814+0000] {logging_mixin.py:188} INFO - [2026-03-26T03:34:32.814+0000] {dag.py:3096} INFO - Sync 1 DAGs
[2026-03-26T03:34:32.835+0000] {logging_mixin.py:188} INFO - [2026-03-26T03:34:32.834+0000] {dag.py:3954} INFO - Setting next_dagrun for example_dag to 2026-03-25 00:00:00+00:00, run_after=2026-03-26 00:00:00+00:00
[2026-03-26T03:34:32.890+0000] {processor.py:183} INFO - Processing /opt/airflow/dags/new_dags.py took 0.137 seconds
[2026-03-26T03:35:03.534+0000] {processor.py:161} INFO - Started process (PID=334) to work on /opt/airflow/dags/new_dags.py
[2026-03-26T03:35:03.536+0000] {processor.py:830} INFO - Processing file /opt/airflow/dags/new_dags.py for tasks to queue
[2026-03-26T03:35:03.539+0000] {logging_mixin.py:188} INFO - [2026-03-26T03:35:03.538+0000] {dagbag.py:545} INFO - Filling up the DagBag from /opt/airflow/dags/new_dags.py
[2026-03-26T03:35:03.576+0000] {processor.py:840} INFO - DAG(s) 'example_dag' retrieved from /opt/airflow/dags/new_dags.py
[2026-03-26T03:35:03.612+0000] {logging_mixin.py:188} INFO - [2026-03-26T03:35:03.612+0000] {dag.py:3096} INFO - Sync 1 DAGs
[2026-03-26T03:35:03.644+0000] {logging_mixin.py:188} INFO - [2026-03-26T03:35:03.643+0000] {dag.py:3954} INFO - Setting next_dagrun for example_dag to 2026-03-25 00:00:00+00:00, run_after=2026-03-26 00:00:00+00:00
[2026-03-26T03:35:03.678+0000] {processor.py:183} INFO - Processing /opt/airflow/dags/new_dags.py took 0.153 seconds
[2026-03-26T03:35:34.170+0000] {processor.py:161} INFO - Started process (PID=360) to work on /opt/airflow/dags/new_dags.py
[2026-03-26T03:35:34.171+0000] {processor.py:830} INFO - Processing file /opt/airflow/dags/new_dags.py for tasks to queue
[2026-03-26T03:35:34.173+0000] {logging_mixin.py:188} INFO - [2026-03-26T03:35:34.173+0000] {dagbag.py:545} INFO - Filling up the DagBag from /opt/airflow/dags/new_dags.py
[2026-03-26T03:35:34.198+0000] {processor.py:840} INFO - DAG(s) 'example_dag' retrieved from /opt/airflow/dags/new_dags.py
[2026-03-26T03:35:34.225+0000] {logging_mixin.py:188} INFO - [2026-03-26T03:35:34.224+0000] {dag.py:3096} INFO - Sync 1 DAGs
[2026-03-26T03:35:34.246+0000] {logging_mixin.py:188} INFO - [2026-03-26T03:35:34.246+0000] {dag.py:3954} INFO - Setting next_dagrun for example_dag to 2026-03-25 00:00:00+00:00, run_after=2026-03-26 00:00:00+00:00
[2026-03-26T03:35:34.269+0000] {processor.py:183} INFO - Processing /opt/airflow/dags/new_dags.py took 0.105 seconds
[2026-03-26T03:36:04.897+0000] {processor.py:161} INFO - Started process (PID=386) to work on /opt/airflow/dags/new_dags.py
[2026-03-26T03:36:04.898+0000] {processor.py:830} INFO - Processing file /opt/airflow/dags/new_dags.py for tasks to queue
[2026-03-26T03:36:04.900+0000] {logging_mixin.py:188} INFO - [2026-03-26T03:36:04.900+0000] {dagbag.py:545} INFO - Filling up the DagBag from /opt/airflow/dags/new_dags.py
[2026-03-26T03:36:04.933+0000] {processor.py:840} INFO - DAG(s) 'example_dag' retrieved from /opt/airflow/dags/new_dags.py
[2026-03-26T03:36:04.959+0000] {logging_mixin.py:188} INFO - [2026-03-26T03:36:04.959+0000] {dag.py:3096} INFO - Sync 1 DAGs
[2026-03-26T03:36:04.981+0000] {logging_mixin.py:188} INFO - [2026-03-26T03:36:04.981+0000] {dag.py:3954} INFO - Setting next_dagrun for example_dag to 2026-03-25 00:00:00+00:00, run_after=2026-03-26 00:00:00+00:00
[2026-03-26T03:36:05.000+0000] {processor.py:183} INFO - Processing /opt/airflow/dags/new_dags.py took 0.110 seconds
[2026-03-26T03:36:35.615+0000] {processor.py:161} INFO - Started process (PID=412) to work on /opt/airflow/dags/new_dags.py
[2026-03-26T03:36:35.617+0000] {processor.py:830} INFO - Processing file /opt/airflow/dags/new_dags.py for tasks to queue
[2026-03-26T03:36:35.618+0000] {logging_mixin.py:188} INFO - [2026-03-26T03:36:35.618+0000] {dagbag.py:545} INFO - Filling up the DagBag from /opt/airflow/dags/new_dags.py
[2026-03-26T03:36:35.643+0000] {processor.py:840} INFO - DAG(s) 'example_dag' retrieved from /opt/airflow/dags/new_dags.py
[2026-03-26T03:36:35.669+0000] {logging_mixin.py:188} INFO - [2026-03-26T03:36:35.669+0000] {dag.py:3096} INFO - Sync 1 DAGs
[2026-03-26T03:36:35.688+0000] {logging_mixin.py:188} INFO - [2026-03-26T03:36:35.688+0000] {dag.py:3954} INFO - Setting next_dagrun for example_dag to 2026-03-25 00:00:00+00:00, run_after=2026-03-26 00:00:00+00:00
[2026-03-26T03:36:35.715+0000] {processor.py:183} INFO - Processing /opt/airflow/dags/new_dags.py took 0.107 seconds
[2026-03-26T03:37:06.369+0000] {processor.py:161} INFO - Started process (PID=438) to work on /opt/airflow/dags/new_dags.py
[2026-03-26T03:37:06.371+0000] {processor.py:830} INFO - Processing file /opt/airflow/dags/new_dags.py for tasks to queue
[2026-03-26T03:37:06.373+0000] {logging_mixin.py:188} INFO - [2026-03-26T03:37:06.373+0000] {dagbag.py:545} INFO - Filling up the DagBag from /opt/airflow/dags/new_dags.py
[2026-03-26T03:37:06.393+0000] {processor.py:840} INFO - DAG(s) 'example_dag' retrieved from /opt/airflow/dags/new_dags.py
[2026-03-26T03:37:06.417+0000] {logging_mixin.py:188} INFO - [2026-03-26T03:37:06.417+0000] {dag.py:3096} INFO - Sync 1 DAGs
[2026-03-26T03:37:06.434+0000] {logging_mixin.py:188} INFO - [2026-03-26T03:37:06.434+0000] {dag.py:3954} INFO - Setting next_dagrun for example_dag to 2026-03-25 00:00:00+00:00, run_after=2026-03-26 00:00:00+00:00
[2026-03-26T03:37:06.457+0000] {processor.py:183} INFO - Processing /opt/airflow/dags/new_dags.py took 0.094 seconds
[2026-03-26T03:37:37.305+0000] {processor.py:161} INFO - Started process (PID=464) to work on /opt/airflow/dags/new_dags.py
[2026-03-26T03:37:37.307+0000] {processor.py:830} INFO - Processing file /opt/airflow/dags/new_dags.py for tasks to queue
[2026-03-26T03:37:37.312+0000] {logging_mixin.py:188} INFO - [2026-03-26T03:37:37.311+0000] {dagbag.py:545} INFO - Filling up the DagBag from /opt/airflow/dags/new_dags.py
[2026-03-26T03:37:37.346+0000] {processor.py:840} INFO - DAG(s) 'example_dag' retrieved from /opt/airflow/dags/new_dags.py
[2026-03-26T03:37:37.396+0000] {logging_mixin.py:188} INFO - [2026-03-26T03:37:37.396+0000] {dag.py:3096} INFO - Sync 1 DAGs
[2026-03-26T03:37:37.423+0000] {logging_mixin.py:188} INFO - [2026-03-26T03:37:37.422+0000] {dag.py:3954} INFO - Setting next_dagrun for example_dag to 2026-03-25 00:00:00+00:00, run_after=2026-03-26 00:00:00+00:00
[2026-03-26T03:37:37.444+0000] {processor.py:183} INFO - Processing /opt/airflow/dags/new_dags.py took 0.150 seconds
[2026-03-26T03:38:07.918+0000] {processor.py:161} INFO - Started process (PID=490) to work on /opt/airflow/dags/new_dags.py
[2026-03-26T03:38:07.920+0000] {processor.py:830} INFO - Processing file /opt/airflow/dags/new_dags.py for tasks to queue
[2026-03-26T03:38:07.923+0000] {logging_mixin.py:188} INFO - [2026-03-26T03:38:07.922+0000] {dagbag.py:545} INFO - Filling up the DagBag from /opt/airflow/dags/new_dags.py
[2026-03-26T03:38:07.949+0000] {processor.py:840} INFO - DAG(s) 'example_dag' retrieved from /opt/airflow/dags/new_dags.py
[2026-03-26T03:38:07.979+0000] {logging_mixin.py:188} INFO - [2026-03-26T03:38:07.979+0000] {dag.py:3096} INFO - Sync 1 DAGs
[2026-03-26T03:38:08.015+0000] {logging_mixin.py:188} INFO - [2026-03-26T03:38:08.015+0000] {dag.py:3954} INFO - Setting next_dagrun for example_dag to 2026-03-25 00:00:00+00:00, run_after=2026-03-26 00:00:00+00:00
[2026-03-26T03:38:08.049+0000] {processor.py:183} INFO - Processing /opt/airflow/dags/new_dags.py took 0.142 seconds
[2026-03-26T03:38:41.363+0000] {processor.py:161} INFO - Started process (PID=549) to work on /opt/airflow/dags/new_dags.py
[2026-03-26T03:38:41.366+0000] {processor.py:830} INFO - Processing file /opt/airflow/dags/new_dags.py for tasks to queue
[2026-03-26T03:38:41.374+0000] {logging_mixin.py:188} INFO - [2026-03-26T03:38:41.373+0000] {dagbag.py:545} INFO - Filling up the DagBag from /opt/airflow/dags/new_dags.py
[2026-03-26T03:38:41.735+0000] {processor.py:840} INFO - DAG(s) 'example_dag' retrieved from /opt/airflow/dags/new_dags.py
[2026-03-26T03:38:41.953+0000] {logging_mixin.py:188} INFO - [2026-03-26T03:38:41.951+0000] {dag.py:3096} INFO - Sync 1 DAGs
[2026-03-26T03:38:42.085+0000] {logging_mixin.py:188} INFO - [2026-03-26T03:38:42.085+0000] {dag.py:3954} INFO - Setting next_dagrun for example_dag to 2026-03-25 00:00:00+00:00, run_after=2026-03-26 00:00:00+00:00
[2026-03-26T03:38:42.186+0000] {processor.py:183} INFO - Processing /opt/airflow/dags/new_dags.py took 0.845 seconds
[2026-03-26T03:39:12.960+0000] {processor.py:161} INFO - Started process (PID=718) to work on /opt/airflow/dags/new_dags.py
[2026-03-26T03:39:12.973+0000] {processor.py:830} INFO - Processing file /opt/airflow/dags/new_dags.py for tasks to queue
[2026-03-26T03:39:12.983+0000] {logging_mixin.py:188} INFO - [2026-03-26T03:39:12.983+0000] {dagbag.py:545} INFO - Filling up the DagBag from /opt/airflow/dags/new_dags.py
[2026-03-26T03:39:13.114+0000] {processor.py:840} INFO - DAG(s) 'example_dag' retrieved from /opt/airflow/dags/new_dags.py
[2026-03-26T03:39:13.230+0000] {logging_mixin.py:188} INFO - [2026-03-26T03:39:13.229+0000] {dag.py:3096} INFO - Sync 1 DAGs
[2026-03-26T03:39:13.344+0000] {logging_mixin.py:188} INFO - [2026-03-26T03:39:13.343+0000] {dag.py:3954} INFO - Setting next_dagrun for example_dag to 2026-03-25 00:00:00+00:00, run_after=2026-03-26 00:00:00+00:00
[2026-03-26T03:39:13.450+0000] {processor.py:183} INFO - Processing /opt/airflow/dags/new_dags.py took 0.538 seconds
[2026-03-26T03:39:43.917+0000] {processor.py:161} INFO - Started process (PID=931) to work on /opt/airflow/dags/new_dags.py
[2026-03-26T03:39:43.928+0000] {processor.py:830} INFO - Processing file /opt/airflow/dags/new_dags.py for tasks to queue
[2026-03-26T03:39:43.955+0000] {logging_mixin.py:188} INFO - [2026-03-26T03:39:43.954+0000] {dagbag.py:545} INFO - Filling up the DagBag from /opt/airflow/dags/new_dags.py
[2026-03-26T03:39:44.091+0000] {processor.py:840} INFO - DAG(s) 'example_dag' retrieved from /opt/airflow/dags/new_dags.py
[2026-03-26T03:39:44.272+0000] {logging_mixin.py:188} INFO - [2026-03-26T03:39:44.271+0000] {dag.py:3096} INFO - Sync 1 DAGs
[2026-03-26T03:39:44.407+0000] {logging_mixin.py:188} INFO - [2026-03-26T03:39:44.406+0000] {dag.py:3954} INFO - Setting next_dagrun for example_dag to 2026-03-25 00:00:00+00:00, run_after=2026-03-26 00:00:00+00:00
[2026-03-26T03:39:44.507+0000] {processor.py:183} INFO - Processing /opt/airflow/dags/new_dags.py took 0.625 seconds
[2026-03-26T03:40:16.074+0000] {processor.py:161} INFO - Started process (PID=1093) to work on /opt/airflow/dags/new_dags.py
[2026-03-26T03:40:16.079+0000] {processor.py:830} INFO - Processing file /opt/airflow/dags/new_dags.py for tasks to queue
[2026-03-26T03:40:16.085+0000] {logging_mixin.py:188} INFO - [2026-03-26T03:40:16.084+0000] {dagbag.py:545} INFO - Filling up the DagBag from /opt/airflow/dags/new_dags.py
[2026-03-26T03:40:16.319+0000] {processor.py:840} INFO - DAG(s) 'example_dag' retrieved from /opt/airflow/dags/new_dags.py
[2026-03-26T03:40:16.417+0000] {logging_mixin.py:188} INFO - [2026-03-26T03:40:16.416+0000] {dag.py:3096} INFO - Sync 1 DAGs
[2026-03-26T03:40:16.483+0000] {logging_mixin.py:188} INFO - [2026-03-26T03:40:16.480+0000] {dag.py:3954} INFO - Setting next_dagrun for example_dag to 2026-03-25 00:00:00+00:00, run_after=2026-03-26 00:00:00+00:00
[2026-03-26T03:40:16.604+0000] {processor.py:183} INFO - Processing /opt/airflow/dags/new_dags.py took 0.593 seconds
[2026-03-26T03:40:47.681+0000] {processor.py:161} INFO - Started process (PID=1271) to work on /opt/airflow/dags/new_dags.py
[2026-03-26T03:40:47.697+0000] {processor.py:830} INFO - Processing file /opt/airflow/dags/new_dags.py for tasks to queue
[2026-03-26T03:40:47.711+0000] {logging_mixin.py:188} INFO - [2026-03-26T03:40:47.705+0000] {dagbag.py:545} INFO - Filling up the DagBag from /opt/airflow/dags/new_dags.py
[2026-03-26T03:40:47.933+0000] {processor.py:840} INFO - DAG(s) 'example_dag' retrieved from /opt/airflow/dags/new_dags.py
[2026-03-26T03:40:48.242+0000] {logging_mixin.py:188} INFO - [2026-03-26T03:40:48.241+0000] {dag.py:3096} INFO - Sync 1 DAGs
[2026-03-26T03:40:48.418+0000] {logging_mixin.py:188} INFO - [2026-03-26T03:40:48.417+0000] {dag.py:3954} INFO - Setting next_dagrun for example_dag to 2026-03-25 00:00:00+00:00, run_after=2026-03-26 00:00:00+00:00
[2026-03-26T03:40:48.682+0000] {processor.py:183} INFO - Processing /opt/airflow/dags/new_dags.py took 1.071 seconds
[2026-03-26T03:41:19.159+0000] {processor.py:161} INFO - Started process (PID=1430) to work on /opt/airflow/dags/new_dags.py
[2026-03-26T03:41:19.171+0000] {processor.py:830} INFO - Processing file /opt/airflow/dags/new_dags.py for tasks to queue
[2026-03-26T03:41:19.180+0000] {logging_mixin.py:188} INFO - [2026-03-26T03:41:19.179+0000] {dagbag.py:545} INFO - Filling up the DagBag from /opt/airflow/dags/new_dags.py
[2026-03-26T03:41:19.304+0000] {processor.py:840} INFO - DAG(s) 'example_dag' retrieved from /opt/airflow/dags/new_dags.py
[2026-03-26T03:41:19.428+0000] {logging_mixin.py:188} INFO - [2026-03-26T03:41:19.427+0000] {dag.py:3096} INFO - Sync 1 DAGs
[2026-03-26T03:41:19.480+0000] {logging_mixin.py:188} INFO - [2026-03-26T03:41:19.479+0000] {dag.py:3954} INFO - Setting next_dagrun for example_dag to 2026-03-25 00:00:00+00:00, run_after=2026-03-26 00:00:00+00:00
[2026-03-26T03:41:19.528+0000] {processor.py:183} INFO - Processing /opt/airflow/dags/new_dags.py took 0.389 seconds
[2026-03-26T03:41:50.585+0000] {processor.py:161} INFO - Started process (PID=1639) to work on /opt/airflow/dags/new_dags.py
[2026-03-26T03:41:50.588+0000] {processor.py:830} INFO - Processing file /opt/airflow/dags/new_dags.py for tasks to queue
[2026-03-26T03:41:50.598+0000] {logging_mixin.py:188} INFO - [2026-03-26T03:41:50.597+0000] {dagbag.py:545} INFO - Filling up the DagBag from /opt/airflow/dags/new_dags.py
[2026-03-26T03:41:50.693+0000] {processor.py:840} INFO - DAG(s) 'example_dag' retrieved from /opt/airflow/dags/new_dags.py
[2026-03-26T03:41:50.884+0000] {logging_mixin.py:188} INFO - [2026-03-26T03:41:50.884+0000] {dag.py:3096} INFO - Sync 1 DAGs
[2026-03-26T03:41:51.104+0000] {logging_mixin.py:188} INFO - [2026-03-26T03:41:51.104+0000] {dag.py:3954} INFO - Setting next_dagrun for example_dag to 2026-03-25 00:00:00+00:00, run_after=2026-03-26 00:00:00+00:00
[2026-03-26T03:41:51.184+0000] {processor.py:183} INFO - Processing /opt/airflow/dags/new_dags.py took 0.636 seconds
[2026-03-26T03:42:21.525+0000] {processor.py:161} INFO - Started process (PID=1827) to work on /opt/airflow/dags/new_dags.py
[2026-03-26T03:42:21.526+0000] {processor.py:830} INFO - Processing file /opt/airflow/dags/new_dags.py for tasks to queue
[2026-03-26T03:42:21.530+0000] {logging_mixin.py:188} INFO - [2026-03-26T03:42:21.530+0000] {dagbag.py:545} INFO - Filling up the DagBag from /opt/airflow/dags/new_dags.py
[2026-03-26T03:42:21.560+0000] {processor.py:840} INFO - DAG(s) 'example_dag' retrieved from /opt/airflow/dags/new_dags.py
[2026-03-26T03:42:21.592+0000] {logging_mixin.py:188} INFO - [2026-03-26T03:42:21.591+0000] {dag.py:3096} INFO - Sync 1 DAGs
[2026-03-26T03:42:21.619+0000] {logging_mixin.py:188} INFO - [2026-03-26T03:42:21.618+0000] {dag.py:3954} INFO - Setting next_dagrun for example_dag to 2026-03-25 00:00:00+00:00, run_after=2026-03-26 00:00:00+00:00
[2026-03-26T03:42:21.648+0000] {processor.py:183} INFO - Processing /opt/airflow/dags/new_dags.py took 0.132 seconds
[2026-03-26T03:42:52.501+0000] {processor.py:161} INFO - Started process (PID=1986) to work on /opt/airflow/dags/new_dags.py
[2026-03-26T03:42:52.511+0000] {processor.py:830} INFO - Processing file /opt/airflow/dags/new_dags.py for tasks to queue
[2026-03-26T03:42:52.539+0000] {logging_mixin.py:188} INFO - [2026-03-26T03:42:52.538+0000] {dagbag.py:545} INFO - Filling up the DagBag from /opt/airflow/dags/new_dags.py
[2026-03-26T03:42:52.907+0000] {processor.py:840} INFO - DAG(s) 'example_dag' retrieved from /opt/airflow/dags/new_dags.py
[2026-03-26T03:42:53.036+0000] {logging_mixin.py:188} INFO - [2026-03-26T03:42:53.035+0000] {dag.py:3096} INFO - Sync 1 DAGs
[2026-03-26T03:42:53.155+0000] {logging_mixin.py:188} INFO - [2026-03-26T03:42:53.155+0000] {dag.py:3954} INFO - Setting next_dagrun for example_dag to 2026-03-25 00:00:00+00:00, run_after=2026-03-26 00:00:00+00:00
[2026-03-26T03:42:53.259+0000] {processor.py:183} INFO - Processing /opt/airflow/dags/new_dags.py took 0.806 seconds
[2026-03-26T03:43:24.519+0000] {processor.py:161} INFO - Started process (PID=2140) to work on /opt/airflow/dags/new_dags.py
[2026-03-26T03:43:24.521+0000] {processor.py:830} INFO - Processing file /opt/airflow/dags/new_dags.py for tasks to queue
[2026-03-26T03:43:24.537+0000] {logging_mixin.py:188} INFO - [2026-03-26T03:43:24.536+0000] {dagbag.py:545} INFO - Filling up the DagBag from /opt/airflow/dags/new_dags.py
[2026-03-26T03:43:25.161+0000] {processor.py:840} INFO - DAG(s) 'example_dag' retrieved from /opt/airflow/dags/new_dags.py
[2026-03-26T03:43:25.368+0000] {logging_mixin.py:188} INFO - [2026-03-26T03:43:25.368+0000] {dag.py:3096} INFO - Sync 1 DAGs
[2026-03-26T03:43:25.466+0000] {logging_mixin.py:188} INFO - [2026-03-26T03:43:25.466+0000] {dag.py:3954} INFO - Setting next_dagrun for example_dag to 2026-03-25 00:00:00+00:00, run_after=2026-03-26 00:00:00+00:00
[2026-03-26T03:43:25.675+0000] {processor.py:183} INFO - Processing /opt/airflow/dags/new_dags.py took 1.192 seconds
[2026-03-26T03:43:56.293+0000] {processor.py:161} INFO - Started process (PID=2275) to work on /opt/airflow/dags/new_dags.py
[2026-03-26T03:43:56.300+0000] {processor.py:830} INFO - Processing file /opt/airflow/dags/new_dags.py for tasks to queue
[2026-03-26T03:43:56.310+0000] {logging_mixin.py:188} INFO - [2026-03-26T03:43:56.309+0000] {dagbag.py:545} INFO - Filling up the DagBag from /opt/airflow/dags/new_dags.py
[2026-03-26T03:43:56.409+0000] {processor.py:840} INFO - DAG(s) 'example_dag' retrieved from /opt/airflow/dags/new_dags.py
[2026-03-26T03:43:56.648+0000] {logging_mixin.py:188} INFO - [2026-03-26T03:43:56.647+0000] {dag.py:3096} INFO - Sync 1 DAGs
[2026-03-26T03:43:56.710+0000] {logging_mixin.py:188} INFO - [2026-03-26T03:43:56.710+0000] {dag.py:3954} INFO - Setting next_dagrun for example_dag to 2026-03-25 00:00:00+00:00, run_after=2026-03-26 00:00:00+00:00
[2026-03-26T03:43:56.778+0000] {processor.py:183} INFO - Processing /opt/airflow/dags/new_dags.py took 0.531 seconds
[2026-03-26T03:44:27.627+0000] {processor.py:161} INFO - Started process (PID=2456) to work on /opt/airflow/dags/new_dags.py
[2026-03-26T03:44:27.639+0000] {processor.py:830} INFO - Processing file /opt/airflow/dags/new_dags.py for tasks to queue
[2026-03-26T03:44:27.653+0000] {logging_mixin.py:188} INFO - [2026-03-26T03:44:27.652+0000] {dagbag.py:545} INFO - Filling up the DagBag from /opt/airflow/dags/new_dags.py
[2026-03-26T03:44:27.904+0000] {processor.py:840} INFO - DAG(s) 'example_dag' retrieved from /opt/airflow/dags/new_dags.py
[2026-03-26T03:44:28.134+0000] {logging_mixin.py:188} INFO - [2026-03-26T03:44:28.134+0000] {dag.py:3096} INFO - Sync 1 DAGs
[2026-03-26T03:44:28.399+0000] {logging_mixin.py:188} INFO - [2026-03-26T03:44:28.398+0000] {dag.py:3954} INFO - Setting next_dagrun for example_dag to 2026-03-25 00:00:00+00:00, run_after=2026-03-26 00:00:00+00:00
[2026-03-26T03:44:28.564+0000] {processor.py:183} INFO - Processing /opt/airflow/dags/new_dags.py took 0.979 seconds
[2026-03-26T03:45:00.036+0000] {processor.py:161} INFO - Started process (PID=2634) to work on /opt/airflow/dags/new_dags.py
[2026-03-26T03:45:00.039+0000] {processor.py:830} INFO - Processing file /opt/airflow/dags/new_dags.py for tasks to queue
[2026-03-26T03:45:00.044+0000] {logging_mixin.py:188} INFO - [2026-03-26T03:45:00.044+0000] {dagbag.py:545} INFO - Filling up the DagBag from /opt/airflow/dags/new_dags.py
[2026-03-26T03:45:00.335+0000] {processor.py:840} INFO - DAG(s) 'example_dag' retrieved from /opt/airflow/dags/new_dags.py
[2026-03-26T03:45:00.682+0000] {logging_mixin.py:188} INFO - [2026-03-26T03:45:00.682+0000] {dag.py:3096} INFO - Sync 1 DAGs
[2026-03-26T03:45:00.778+0000] {logging_mixin.py:188} INFO - [2026-03-26T03:45:00.778+0000] {dag.py:3954} INFO - Setting next_dagrun for example_dag to 2026-03-25 00:00:00+00:00, run_after=2026-03-26 00:00:00+00:00
[2026-03-26T03:45:00.853+0000] {processor.py:183} INFO - Processing /opt/airflow/dags/new_dags.py took 0.873 seconds
[2026-03-26T03:45:31.239+0000] {processor.py:161} INFO - Started process (PID=2812) to work on /opt/airflow/dags/new_dags.py
[2026-03-26T03:45:31.247+0000] {processor.py:830} INFO - Processing file /opt/airflow/dags/new_dags.py for tasks to queue
[2026-03-26T03:45:31.253+0000] {logging_mixin.py:188} INFO - [2026-03-26T03:45:31.252+0000] {dagbag.py:545} INFO - Filling up the DagBag from /opt/airflow/dags/new_dags.py
[2026-03-26T03:45:31.328+0000] {processor.py:840} INFO - DAG(s) 'example_dag' retrieved from /opt/airflow/dags/new_dags.py
[2026-03-26T03:45:31.406+0000] {logging_mixin.py:188} INFO - [2026-03-26T03:45:31.405+0000] {dag.py:3096} INFO - Sync 1 DAGs
[2026-03-26T03:45:31.465+0000] {logging_mixin.py:188} INFO - [2026-03-26T03:45:31.464+0000] {dag.py:3954} INFO - Setting next_dagrun for example_dag to 2026-03-25 00:00:00+00:00, run_after=2026-03-26 00:00:00+00:00
[2026-03-26T03:45:31.548+0000] {processor.py:183} INFO - Processing /opt/airflow/dags/new_dags.py took 0.329 seconds
[2026-03-26T03:46:02.355+0000] {processor.py:161} INFO - Started process (PID=2985) to work on /opt/airflow/dags/new_dags.py
[2026-03-26T03:46:02.357+0000] {processor.py:830} INFO - Processing file /opt/airflow/dags/new_dags.py for tasks to queue
[2026-03-26T03:46:02.362+0000] {logging_mixin.py:188} INFO - [2026-03-26T03:46:02.361+0000] {dagbag.py:545} INFO - Filling up the DagBag from /opt/airflow/dags/new_dags.py
[2026-03-26T03:46:02.471+0000] {processor.py:840} INFO - DAG(s) 'example_dag' retrieved from /opt/airflow/dags/new_dags.py
[2026-03-26T03:46:02.695+0000] {logging_mixin.py:188} INFO - [2026-03-26T03:46:02.694+0000] {dag.py:3096} INFO - Sync 1 DAGs
[2026-03-26T03:46:02.810+0000] {logging_mixin.py:188} INFO - [2026-03-26T03:46:02.810+0000] {dag.py:3954} INFO - Setting next_dagrun for example_dag to 2026-03-25 00:00:00+00:00, run_after=2026-03-26 00:00:00+00:00
[2026-03-26T03:46:02.917+0000] {processor.py:183} INFO - Processing /opt/airflow/dags/new_dags.py took 0.584 seconds
[2026-03-26T03:47:30.806+0000] {processor.py:161} INFO - Started process (PID=220) to work on /opt/airflow/dags/new_dags.py
[2026-03-26T03:47:30.825+0000] {processor.py:830} INFO - Processing file /opt/airflow/dags/new_dags.py for tasks to queue
[2026-03-26T03:47:30.827+0000] {logging_mixin.py:188} INFO - [2026-03-26T03:47:30.826+0000] {dagbag.py:545} INFO - Filling up the DagBag from /opt/airflow/dags/new_dags.py
[2026-03-26T03:47:30.924+0000] {processor.py:840} INFO - DAG(s) 'example_dag' retrieved from /opt/airflow/dags/new_dags.py
[2026-03-26T03:47:31.580+0000] {logging_mixin.py:188} INFO - [2026-03-26T03:47:31.579+0000] {dag.py:3096} INFO - Sync 1 DAGs
[2026-03-26T03:47:31.649+0000] {logging_mixin.py:188} INFO - [2026-03-26T03:47:31.648+0000] {dag.py:3954} INFO - Setting next_dagrun for example_dag to 2026-03-25 00:00:00+00:00, run_after=2026-03-26 00:00:00+00:00
[2026-03-26T03:47:31.716+0000] {processor.py:183} INFO - Processing /opt/airflow/dags/new_dags.py took 0.934 seconds
[2026-03-26T03:48:02.676+0000] {processor.py:161} INFO - Started process (PID=267) to work on /opt/airflow/dags/new_dags.py
[2026-03-26T03:48:02.679+0000] {processor.py:830} INFO - Processing file /opt/airflow/dags/new_dags.py for tasks to queue
[2026-03-26T03:48:02.681+0000] {logging_mixin.py:188} INFO - [2026-03-26T03:48:02.680+0000] {dagbag.py:545} INFO - Filling up the DagBag from /opt/airflow/dags/new_dags.py
[2026-03-26T03:48:02.730+0000] {processor.py:840} INFO - DAG(s) 'example_dag' retrieved from /opt/airflow/dags/new_dags.py
[2026-03-26T03:48:02.778+0000] {logging_mixin.py:188} INFO - [2026-03-26T03:48:02.778+0000] {dag.py:3096} INFO - Sync 1 DAGs
[2026-03-26T03:48:02.815+0000] {logging_mixin.py:188} INFO - [2026-03-26T03:48:02.814+0000] {dag.py:3954} INFO - Setting next_dagrun for example_dag to 2026-03-25 00:00:00+00:00, run_after=2026-03-26 00:00:00+00:00
[2026-03-26T03:48:02.849+0000] {processor.py:183} INFO - Processing /opt/airflow/dags/new_dags.py took 0.182 seconds
[2026-03-26T03:48:33.401+0000] {processor.py:161} INFO - Started process (PID=293) to work on /opt/airflow/dags/new_dags.py
[2026-03-26T03:48:33.403+0000] {processor.py:830} INFO - Processing file /opt/airflow/dags/new_dags.py for tasks to queue
[2026-03-26T03:48:33.404+0000] {logging_mixin.py:188} INFO - [2026-03-26T03:48:33.404+0000] {dagbag.py:545} INFO - Filling up the DagBag from /opt/airflow/dags/new_dags.py
[2026-03-26T03:48:33.436+0000] {processor.py:840} INFO - DAG(s) 'example_dag' retrieved from /opt/airflow/dags/new_dags.py
[2026-03-26T03:48:33.478+0000] {logging_mixin.py:188} INFO - [2026-03-26T03:48:33.478+0000] {dag.py:3096} INFO - Sync 1 DAGs
[2026-03-26T03:48:33.504+0000] {logging_mixin.py:188} INFO - [2026-03-26T03:48:33.504+0000] {dag.py:3954} INFO - Setting next_dagrun for example_dag to 2026-03-25 00:00:00+00:00, run_after=2026-03-26 00:00:00+00:00
[2026-03-26T03:48:33.539+0000] {processor.py:183} INFO - Processing /opt/airflow/dags/new_dags.py took 0.146 seconds
[2026-03-26T03:53:49.321+0000] {processor.py:161} INFO - Started process (PID=194) to work on /opt/airflow/dags/new_dags.py
[2026-03-26T03:53:49.322+0000] {processor.py:830} INFO - Processing file /opt/airflow/dags/new_dags.py for tasks to queue
[2026-03-26T03:53:49.324+0000] {logging_mixin.py:188} INFO - [2026-03-26T03:53:49.323+0000] {dagbag.py:545} INFO - Filling up the DagBag from /opt/airflow/dags/new_dags.py
[2026-03-26T03:53:49.343+0000] {processor.py:840} INFO - DAG(s) 'example_dag' retrieved from /opt/airflow/dags/new_dags.py
[2026-03-26T03:53:49.433+0000] {logging_mixin.py:188} INFO - [2026-03-26T03:53:49.432+0000] {override.py:1829} INFO - Created Permission View: can edit on DAG:example_dag
[2026-03-26T03:53:49.444+0000] {logging_mixin.py:188} INFO - [2026-03-26T03:53:49.444+0000] {override.py:1829} INFO - Created Permission View: can delete on DAG:example_dag
[2026-03-26T03:53:49.455+0000] {logging_mixin.py:188} INFO - [2026-03-26T03:53:49.454+0000] {override.py:1829} INFO - Created Permission View: can read on DAG:example_dag
[2026-03-26T03:53:49.456+0000] {logging_mixin.py:188} INFO - [2026-03-26T03:53:49.456+0000] {dag.py:3096} INFO - Sync 1 DAGs
[2026-03-26T03:53:49.468+0000] {logging_mixin.py:188} INFO - [2026-03-26T03:53:49.468+0000] {dag.py:3118} INFO - Creating ORM DAG for example_dag
[2026-03-26T03:53:49.478+0000] {logging_mixin.py:188} INFO - [2026-03-26T03:53:49.478+0000] {dag.py:3954} INFO - Setting next_dagrun for example_dag to 2026-03-25 00:00:00+00:00, run_after=2026-03-26 00:00:00+00:00
[2026-03-26T03:53:49.507+0000] {processor.py:183} INFO - Processing /opt/airflow/dags/new_dags.py took 0.192 seconds
[2026-03-26T03:54:19.877+0000] {processor.py:161} INFO - Started process (PID=218) to work on /opt/airflow/dags/new_dags.py
[2026-03-26T03:54:19.878+0000] {processor.py:830} INFO - Processing file /opt/airflow/dags/new_dags.py for tasks to queue
[2026-03-26T03:54:19.881+0000] {logging_mixin.py:188} INFO - [2026-03-26T03:54:19.880+0000] {dagbag.py:545} INFO - Filling up the DagBag from /opt/airflow/dags/new_dags.py
[2026-03-26T03:54:19.908+0000] {processor.py:840} INFO - DAG(s) 'example_dag' retrieved from /opt/airflow/dags/new_dags.py
[2026-03-26T03:54:19.937+0000] {logging_mixin.py:188} INFO - [2026-03-26T03:54:19.936+0000] {dag.py:3096} INFO - Sync 1 DAGs
[2026-03-26T03:54:19.955+0000] {logging_mixin.py:188} INFO - [2026-03-26T03:54:19.955+0000] {dag.py:3954} INFO - Setting next_dagrun for example_dag to 2026-03-25 00:00:00+00:00, run_after=2026-03-26 00:00:00+00:00
[2026-03-26T03:54:19.978+0000] {processor.py:183} INFO - Processing /opt/airflow/dags/new_dags.py took 0.108 seconds
[2026-03-26T03:54:50.664+0000] {processor.py:161} INFO - Started process (PID=244) to work on /opt/airflow/dags/new_dags.py
[2026-03-26T03:54:50.665+0000] {processor.py:830} INFO - Processing file /opt/airflow/dags/new_dags.py for tasks to queue
[2026-03-26T03:54:50.667+0000] {logging_mixin.py:188} INFO - [2026-03-26T03:54:50.667+0000] {dagbag.py:545} INFO - Filling up the DagBag from /opt/airflow/dags/new_dags.py
[2026-03-26T03:54:50.692+0000] {processor.py:840} INFO - DAG(s) 'example_dag' retrieved from /opt/airflow/dags/new_dags.py
[2026-03-26T03:54:50.719+0000] {logging_mixin.py:188} INFO - [2026-03-26T03:54:50.719+0000] {dag.py:3096} INFO - Sync 1 DAGs
[2026-03-26T03:54:50.740+0000] {logging_mixin.py:188} INFO - [2026-03-26T03:54:50.740+0000] {dag.py:3954} INFO - Setting next_dagrun for example_dag to 2026-03-25 00:00:00+00:00, run_after=2026-03-26 00:00:00+00:00
[2026-03-26T03:54:50.761+0000] {processor.py:183} INFO - Processing /opt/airflow/dags/new_dags.py took 0.104 seconds
[2026-03-26T03:55:21.379+0000] {processor.py:161} INFO - Started process (PID=270) to work on /opt/airflow/dags/new_dags.py
[2026-03-26T03:55:21.380+0000] {processor.py:830} INFO - Processing file /opt/airflow/dags/new_dags.py for tasks to queue
[2026-03-26T03:55:21.384+0000] {logging_mixin.py:188} INFO - [2026-03-26T03:55:21.383+0000] {dagbag.py:545} INFO - Filling up the DagBag from /opt/airflow/dags/new_dags.py
[2026-03-26T03:55:21.412+0000] {processor.py:840} INFO - DAG(s) 'example_dag' retrieved from /opt/airflow/dags/new_dags.py
[2026-03-26T03:55:21.443+0000] {logging_mixin.py:188} INFO - [2026-03-26T03:55:21.443+0000] {dag.py:3096} INFO - Sync 1 DAGs
[2026-03-26T03:55:21.466+0000] {logging_mixin.py:188} INFO - [2026-03-26T03:55:21.466+0000] {dag.py:3954} INFO - Setting next_dagrun for example_dag to 2026-03-25 00:00:00+00:00, run_after=2026-03-26 00:00:00+00:00
[2026-03-26T03:55:21.489+0000] {processor.py:183} INFO - Processing /opt/airflow/dags/new_dags.py took 0.117 seconds
[2026-03-26T03:55:52.132+0000] {processor.py:161} INFO - Started process (PID=298) to work on /opt/airflow/dags/new_dags.py
[2026-03-26T03:55:52.133+0000] {processor.py:830} INFO - Processing file /opt/airflow/dags/new_dags.py for tasks to queue
[2026-03-26T03:55:52.135+0000] {logging_mixin.py:188} INFO - [2026-03-26T03:55:52.135+0000] {dagbag.py:545} INFO - Filling up the DagBag from /opt/airflow/dags/new_dags.py
[2026-03-26T03:55:52.159+0000] {processor.py:840} INFO - DAG(s) 'example_dag' retrieved from /opt/airflow/dags/new_dags.py
[2026-03-26T03:55:52.190+0000] {logging_mixin.py:188} INFO - [2026-03-26T03:55:52.189+0000] {dag.py:3096} INFO - Sync 1 DAGs
[2026-03-26T03:55:52.210+0000] {logging_mixin.py:188} INFO - [2026-03-26T03:55:52.209+0000] {dag.py:3954} INFO - Setting next_dagrun for example_dag to 2026-03-25 00:00:00+00:00, run_after=2026-03-26 00:00:00+00:00
[2026-03-26T03:55:52.230+0000] {processor.py:183} INFO - Processing /opt/airflow/dags/new_dags.py took 0.105 seconds
[2026-03-26T03:56:22.826+0000] {processor.py:161} INFO - Started process (PID=329) to work on /opt/airflow/dags/new_dags.py
[2026-03-26T03:56:22.827+0000] {processor.py:830} INFO - Processing file /opt/airflow/dags/new_dags.py for tasks to queue
[2026-03-26T03:56:22.830+0000] {logging_mixin.py:188} INFO - [2026-03-26T03:56:22.829+0000] {dagbag.py:545} INFO - Filling up the DagBag from /opt/airflow/dags/new_dags.py
[2026-03-26T03:56:22.857+0000] {processor.py:840} INFO - DAG(s) 'example_dag' retrieved from /opt/airflow/dags/new_dags.py
[2026-03-26T03:56:22.883+0000] {logging_mixin.py:188} INFO - [2026-03-26T03:56:22.883+0000] {dag.py:3096} INFO - Sync 1 DAGs
[2026-03-26T03:56:22.902+0000] {logging_mixin.py:188} INFO - [2026-03-26T03:56:22.902+0000] {dag.py:3954} INFO - Setting next_dagrun for example_dag to 2026-03-25 00:00:00+00:00, run_after=2026-03-26 00:00:00+00:00
[2026-03-26T03:56:22.939+0000] {processor.py:183} INFO - Processing /opt/airflow/dags/new_dags.py took 0.119 seconds
[2026-03-26T03:56:53.581+0000] {processor.py:161} INFO - Started process (PID=355) to work on /opt/airflow/dags/new_dags.py
[2026-03-26T03:56:53.583+0000] {processor.py:830} INFO - Processing file /opt/airflow/dags/new_dags.py for tasks to queue
[2026-03-26T03:56:53.586+0000] {logging_mixin.py:188} INFO - [2026-03-26T03:56:53.585+0000] {dagbag.py:545} INFO - Filling up the DagBag from /opt/airflow/dags/new_dags.py
[2026-03-26T03:56:53.623+0000] {processor.py:840} INFO - DAG(s) 'example_dag' retrieved from /opt/airflow/dags/new_dags.py
[2026-03-26T03:56:53.670+0000] {logging_mixin.py:188} INFO - [2026-03-26T03:56:53.669+0000] {dag.py:3096} INFO - Sync 1 DAGs
[2026-03-26T03:56:53.692+0000] {logging_mixin.py:188} INFO - [2026-03-26T03:56:53.691+0000] {dag.py:3954} INFO - Setting next_dagrun for example_dag to 2026-03-25 00:00:00+00:00, run_after=2026-03-26 00:00:00+00:00
[2026-03-26T03:56:53.719+0000] {processor.py:183} INFO - Processing /opt/airflow/dags/new_dags.py took 0.149 seconds
[2026-03-26T03:57:24.777+0000] {processor.py:161} INFO - Started process (PID=381) to work on /opt/airflow/dags/new_dags.py
[2026-03-26T03:57:24.780+0000] {processor.py:830} INFO - Processing file /opt/airflow/dags/new_dags.py for tasks to queue
[2026-03-26T03:57:24.794+0000] {logging_mixin.py:188} INFO - [2026-03-26T03:57:24.785+0000] {dagbag.py:545} INFO - Filling up the DagBag from /opt/airflow/dags/new_dags.py
[2026-03-26T03:57:24.848+0000] {processor.py:840} INFO - DAG(s) 'example_dag' retrieved from /opt/airflow/dags/new_dags.py
[2026-03-26T03:57:24.948+0000] {logging_mixin.py:188} INFO - [2026-03-26T03:57:24.947+0000] {dag.py:3096} INFO - Sync 1 DAGs
[2026-03-26T03:57:25.059+0000] {logging_mixin.py:188} INFO - [2026-03-26T03:57:25.058+0000] {dag.py:3954} INFO - Setting next_dagrun for example_dag to 2026-03-25 00:00:00+00:00, run_after=2026-03-26 00:00:00+00:00
[2026-03-26T03:57:25.135+0000] {processor.py:183} INFO - Processing /opt/airflow/dags/new_dags.py took 0.397 seconds
[2026-03-26T03:57:55.530+0000] {processor.py:161} INFO - Started process (PID=409) to work on /opt/airflow/dags/new_dags.py
[2026-03-26T03:57:55.532+0000] {processor.py:830} INFO - Processing file /opt/airflow/dags/new_dags.py for tasks to queue
[2026-03-26T03:57:55.535+0000] {logging_mixin.py:188} INFO - [2026-03-26T03:57:55.534+0000] {dagbag.py:545} INFO - Filling up the DagBag from /opt/airflow/dags/new_dags.py
[2026-03-26T03:57:55.559+0000] {processor.py:840} INFO - DAG(s) 'example_dag' retrieved from /opt/airflow/dags/new_dags.py
[2026-03-26T03:57:55.595+0000] {logging_mixin.py:188} INFO - [2026-03-26T03:57:55.595+0000] {dag.py:3096} INFO - Sync 1 DAGs
[2026-03-26T03:57:55.614+0000] {logging_mixin.py:188} INFO - [2026-03-26T03:57:55.614+0000] {dag.py:3954} INFO - Setting next_dagrun for example_dag to 2026-03-25 00:00:00+00:00, run_after=2026-03-26 00:00:00+00:00
[2026-03-26T03:57:55.634+0000] {processor.py:183} INFO - Processing /opt/airflow/dags/new_dags.py took 0.112 seconds
[2026-03-26T03:59:15.591+0000] {processor.py:161} INFO - Started process (PID=194) to work on /opt/airflow/dags/new_dags.py
[2026-03-26T03:59:15.593+0000] {processor.py:830} INFO - Processing file /opt/airflow/dags/new_dags.py for tasks to queue
[2026-03-26T03:59:15.595+0000] {logging_mixin.py:188} INFO - [2026-03-26T03:59:15.595+0000] {dagbag.py:545} INFO - Filling up the DagBag from /opt/airflow/dags/new_dags.py
[2026-03-26T03:59:15.630+0000] {processor.py:840} INFO - DAG(s) 'example_dag' retrieved from /opt/airflow/dags/new_dags.py
[2026-03-26T03:59:15.752+0000] {logging_mixin.py:188} INFO - [2026-03-26T03:59:15.751+0000] {override.py:1829} INFO - Created Permission View: can read on DAG:example_dag
[2026-03-26T03:59:15.765+0000] {logging_mixin.py:188} INFO - [2026-03-26T03:59:15.765+0000] {override.py:1829} INFO - Created Permission View: can delete on DAG:example_dag
[2026-03-26T03:59:15.776+0000] {logging_mixin.py:188} INFO - [2026-03-26T03:59:15.775+0000] {override.py:1829} INFO - Created Permission View: can edit on DAG:example_dag
[2026-03-26T03:59:15.777+0000] {logging_mixin.py:188} INFO - [2026-03-26T03:59:15.777+0000] {dag.py:3096} INFO - Sync 1 DAGs
[2026-03-26T03:59:15.790+0000] {logging_mixin.py:188} INFO - [2026-03-26T03:59:15.790+0000] {dag.py:3118} INFO - Creating ORM DAG for example_dag
[2026-03-26T03:59:15.801+0000] {logging_mixin.py:188} INFO - [2026-03-26T03:59:15.801+0000] {dag.py:3954} INFO - Setting next_dagrun for example_dag to 2026-03-25 00:00:00+00:00, run_after=2026-03-26 00:00:00+00:00
[2026-03-26T03:59:15.827+0000] {processor.py:183} INFO - Processing /opt/airflow/dags/new_dags.py took 0.243 seconds
[2026-03-26T03:59:47.056+0000] {processor.py:161} INFO - Started process (PID=224) to work on /opt/airflow/dags/new_dags.py
[2026-03-26T03:59:47.057+0000] {processor.py:830} INFO - Processing file /opt/airflow/dags/new_dags.py for tasks to queue
[2026-03-26T03:59:47.060+0000] {logging_mixin.py:188} INFO - [2026-03-26T03:59:47.059+0000] {dagbag.py:545} INFO - Filling up the DagBag from /opt/airflow/dags/new_dags.py
[2026-03-26T03:59:47.084+0000] {processor.py:840} INFO - DAG(s) 'example_dag' retrieved from /opt/airflow/dags/new_dags.py
[2026-03-26T03:59:47.118+0000] {logging_mixin.py:188} INFO - [2026-03-26T03:59:47.118+0000] {dag.py:3096} INFO - Sync 1 DAGs
[2026-03-26T03:59:47.146+0000] {logging_mixin.py:188} INFO - [2026-03-26T03:59:47.145+0000] {dag.py:3954} INFO - Setting next_dagrun for example_dag to 2026-03-25 00:00:00+00:00, run_after=2026-03-26 00:00:00+00:00
[2026-03-26T03:59:47.593+0000] {processor.py:183} INFO - Processing /opt/airflow/dags/new_dags.py took 0.545 seconds
[2026-03-26T04:00:17.998+0000] {processor.py:161} INFO - Started process (PID=250) to work on /opt/airflow/dags/new_dags.py
[2026-03-26T04:00:18.000+0000] {processor.py:830} INFO - Processing file /opt/airflow/dags/new_dags.py for tasks to queue
[2026-03-26T04:00:18.002+0000] {logging_mixin.py:188} INFO - [2026-03-26T04:00:18.002+0000] {dagbag.py:545} INFO - Filling up the DagBag from /opt/airflow/dags/new_dags.py
[2026-03-26T04:00:18.029+0000] {processor.py:840} INFO - DAG(s) 'example_dag' retrieved from /opt/airflow/dags/new_dags.py
[2026-03-26T04:00:18.057+0000] {logging_mixin.py:188} INFO - [2026-03-26T04:00:18.057+0000] {dag.py:3096} INFO - Sync 1 DAGs
[2026-03-26T04:00:18.078+0000] {logging_mixin.py:188} INFO - [2026-03-26T04:00:18.078+0000] {dag.py:3954} INFO - Setting next_dagrun for example_dag to 2026-03-25 00:00:00+00:00, run_after=2026-03-26 00:00:00+00:00
[2026-03-26T04:00:18.109+0000] {processor.py:183} INFO - Processing /opt/airflow/dags/new_dags.py took 0.119 seconds
[2026-03-26T04:00:48.832+0000] {processor.py:161} INFO - Started process (PID=276) to work on /opt/airflow/dags/new_dags.py
[2026-03-26T04:00:48.834+0000] {processor.py:830} INFO - Processing file /opt/airflow/dags/new_dags.py for tasks to queue
[2026-03-26T04:00:48.839+0000] {logging_mixin.py:188} INFO - [2026-03-26T04:00:48.838+0000] {dagbag.py:545} INFO - Filling up the DagBag from /opt/airflow/dags/new_dags.py
[2026-03-26T04:00:48.878+0000] {processor.py:840} INFO - DAG(s) 'example_dag' retrieved from /opt/airflow/dags/new_dags.py
[2026-03-26T04:00:48.920+0000] {logging_mixin.py:188} INFO - [2026-03-26T04:00:48.920+0000] {dag.py:3096} INFO - Sync 1 DAGs
[2026-03-26T04:00:48.948+0000] {logging_mixin.py:188} INFO - [2026-03-26T04:00:48.948+0000] {dag.py:3954} INFO - Setting next_dagrun for example_dag to 2026-03-25 00:00:00+00:00, run_after=2026-03-26 00:00:00+00:00
[2026-03-26T04:00:48.978+0000] {processor.py:183} INFO - Processing /opt/airflow/dags/new_dags.py took 0.156 seconds
[2026-03-26T04:01:19.762+0000] {processor.py:161} INFO - Started process (PID=302) to work on /opt/airflow/dags/new_dags.py
[2026-03-26T04:01:19.764+0000] {processor.py:830} INFO - Processing file /opt/airflow/dags/new_dags.py for tasks to queue
[2026-03-26T04:01:19.769+0000] {logging_mixin.py:188} INFO - [2026-03-26T04:01:19.768+0000] {dagbag.py:545} INFO - Filling up the DagBag from /opt/airflow/dags/new_dags.py
[2026-03-26T04:01:19.814+0000] {processor.py:840} INFO - DAG(s) 'example_dag' retrieved from /opt/airflow/dags/new_dags.py
[2026-03-26T04:01:19.865+0000] {logging_mixin.py:188} INFO - [2026-03-26T04:01:19.865+0000] {dag.py:3096} INFO - Sync 1 DAGs
[2026-03-26T04:01:19.908+0000] {logging_mixin.py:188} INFO - [2026-03-26T04:01:19.908+0000] {dag.py:3954} INFO - Setting next_dagrun for example_dag to 2026-03-25 00:00:00+00:00, run_after=2026-03-26 00:00:00+00:00
[2026-03-26T04:01:19.948+0000] {processor.py:183} INFO - Processing /opt/airflow/dags/new_dags.py took 0.201 seconds
[2026-03-26T04:01:50.569+0000] {processor.py:161} INFO - Started process (PID=359) to work on /opt/airflow/dags/new_dags.py
[2026-03-26T04:01:50.574+0000] {processor.py:830} INFO - Processing file /opt/airflow/dags/new_dags.py for tasks to queue
[2026-03-26T04:01:50.588+0000] {logging_mixin.py:188} INFO - [2026-03-26T04:01:50.587+0000] {dagbag.py:545} INFO - Filling up the DagBag from /opt/airflow/dags/new_dags.py
[2026-03-26T04:01:50.653+0000] {processor.py:840} INFO - DAG(s) 'example_dag' retrieved from /opt/airflow/dags/new_dags.py
[2026-03-26T04:01:50.753+0000] {logging_mixin.py:188} INFO - [2026-03-26T04:01:50.752+0000] {dag.py:3096} INFO - Sync 1 DAGs
[2026-03-26T04:01:50.837+0000] {logging_mixin.py:188} INFO - [2026-03-26T04:01:50.836+0000] {dag.py:3954} INFO - Setting next_dagrun for example_dag to 2026-03-25 00:00:00+00:00, run_after=2026-03-26 00:00:00+00:00
[2026-03-26T04:01:50.939+0000] {processor.py:183} INFO - Processing /opt/airflow/dags/new_dags.py took 0.388 seconds
[2026-03-26T04:02:30.715+0000] {processor.py:161} INFO - Started process (PID=415) to work on /opt/airflow/dags/new_dags.py
[2026-03-26T04:02:30.730+0000] {processor.py:830} INFO - Processing file /opt/airflow/dags/new_dags.py for tasks to queue
[2026-03-26T04:02:30.781+0000] {logging_mixin.py:188} INFO - [2026-03-26T04:02:30.780+0000] {dagbag.py:545} INFO - Filling up the DagBag from /opt/airflow/dags/new_dags.py
[2026-03-26T04:02:30.961+0000] {processor.py:840} INFO - DAG(s) 'example_dag' retrieved from /opt/airflow/dags/new_dags.py
[2026-03-26T04:02:31.053+0000] {logging_mixin.py:188} INFO - [2026-03-26T04:02:31.053+0000] {dag.py:3096} INFO - Sync 1 DAGs
[2026-03-26T04:02:31.198+0000] {logging_mixin.py:188} INFO - [2026-03-26T04:02:31.198+0000] {dag.py:3954} INFO - Setting next_dagrun for example_dag to 2026-03-25 00:00:00+00:00, run_after=2026-03-26 00:00:00+00:00
[2026-03-26T04:02:31.325+0000] {processor.py:183} INFO - Processing /opt/airflow/dags/new_dags.py took 0.706 seconds
[2026-03-26T04:03:02.476+0000] {processor.py:161} INFO - Started process (PID=458) to work on /opt/airflow/dags/new_dags.py
[2026-03-26T04:03:02.484+0000] {processor.py:830} INFO - Processing file /opt/airflow/dags/new_dags.py for tasks to queue
[2026-03-26T04:03:02.510+0000] {logging_mixin.py:188} INFO - [2026-03-26T04:03:02.498+0000] {dagbag.py:545} INFO - Filling up the DagBag from /opt/airflow/dags/new_dags.py
[2026-03-26T04:03:02.662+0000] {processor.py:840} INFO - DAG(s) 'example_dag' retrieved from /opt/airflow/dags/new_dags.py
[2026-03-26T04:03:02.880+0000] {logging_mixin.py:188} INFO - [2026-03-26T04:03:02.878+0000] {dag.py:3096} INFO - Sync 1 DAGs
[2026-03-26T04:03:03.005+0000] {logging_mixin.py:188} INFO - [2026-03-26T04:03:03.004+0000] {dag.py:3954} INFO - Setting next_dagrun for example_dag to 2026-03-25 00:00:00+00:00, run_after=2026-03-26 00:00:00+00:00
[2026-03-26T04:03:03.134+0000] {processor.py:183} INFO - Processing /opt/airflow/dags/new_dags.py took 0.691 seconds
[2026-03-26T04:03:34.615+0000] {processor.py:161} INFO - Started process (PID=502) to work on /opt/airflow/dags/new_dags.py
[2026-03-26T04:03:34.617+0000] {processor.py:830} INFO - Processing file /opt/airflow/dags/new_dags.py for tasks to queue
[2026-03-26T04:03:34.624+0000] {logging_mixin.py:188} INFO - [2026-03-26T04:03:34.623+0000] {dagbag.py:545} INFO - Filling up the DagBag from /opt/airflow/dags/new_dags.py
[2026-03-26T04:03:34.745+0000] {processor.py:840} INFO - DAG(s) 'example_dag' retrieved from /opt/airflow/dags/new_dags.py
[2026-03-26T04:03:34.926+0000] {logging_mixin.py:188} INFO - [2026-03-26T04:03:34.926+0000] {dag.py:3096} INFO - Sync 1 DAGs
[2026-03-26T04:03:35.065+0000] {logging_mixin.py:188} INFO - [2026-03-26T04:03:35.062+0000] {dag.py:3954} INFO - Setting next_dagrun for example_dag to 2026-03-25 00:00:00+00:00, run_after=2026-03-26 00:00:00+00:00
[2026-03-26T04:03:35.175+0000] {processor.py:183} INFO - Processing /opt/airflow/dags/new_dags.py took 0.641 seconds
[2026-03-26T04:04:07.517+0000] {processor.py:161} INFO - Started process (PID=573) to work on /opt/airflow/dags/new_dags.py
[2026-03-26T04:04:07.522+0000] {processor.py:830} INFO - Processing file /opt/airflow/dags/new_dags.py for tasks to queue
[2026-03-26T04:04:07.527+0000] {logging_mixin.py:188} INFO - [2026-03-26T04:04:07.526+0000] {dagbag.py:545} INFO - Filling up the DagBag from /opt/airflow/dags/new_dags.py
[2026-03-26T04:04:07.608+0000] {processor.py:840} INFO - DAG(s) 'example_dag' retrieved from /opt/airflow/dags/new_dags.py
[2026-03-26T04:04:07.709+0000] {logging_mixin.py:188} INFO - [2026-03-26T04:04:07.708+0000] {dag.py:3096} INFO - Sync 1 DAGs
[2026-03-26T04:04:07.816+0000] {logging_mixin.py:188} INFO - [2026-03-26T04:04:07.816+0000] {dag.py:3954} INFO - Setting next_dagrun for example_dag to 2026-03-25 00:00:00+00:00, run_after=2026-03-26 00:00:00+00:00
[2026-03-26T04:04:07.982+0000] {processor.py:183} INFO - Processing /opt/airflow/dags/new_dags.py took 0.534 seconds
[2026-03-26T04:04:38.929+0000] {processor.py:161} INFO - Started process (PID=628) to work on /opt/airflow/dags/new_dags.py
[2026-03-26T04:04:38.936+0000] {processor.py:830} INFO - Processing file /opt/airflow/dags/new_dags.py for tasks to queue
[2026-03-26T04:04:38.943+0000] {logging_mixin.py:188} INFO - [2026-03-26T04:04:38.943+0000] {dagbag.py:545} INFO - Filling up the DagBag from /opt/airflow/dags/new_dags.py
[2026-03-26T04:04:39.055+0000] {processor.py:840} INFO - DAG(s) 'example_dag' retrieved from /opt/airflow/dags/new_dags.py
[2026-03-26T04:04:39.142+0000] {logging_mixin.py:188} INFO - [2026-03-26T04:04:39.141+0000] {dag.py:3096} INFO - Sync 1 DAGs
[2026-03-26T04:04:39.238+0000] {logging_mixin.py:188} INFO - [2026-03-26T04:04:39.237+0000] {dag.py:3954} INFO - Setting next_dagrun for example_dag to 2026-03-25 00:00:00+00:00, run_after=2026-03-26 00:00:00+00:00
[2026-03-26T04:04:39.333+0000] {processor.py:183} INFO - Processing /opt/airflow/dags/new_dags.py took 0.451 seconds
[2026-03-26T04:05:10.207+0000] {processor.py:161} INFO - Started process (PID=690) to work on /opt/airflow/dags/new_dags.py
[2026-03-26T04:05:10.217+0000] {processor.py:830} INFO - Processing file /opt/airflow/dags/new_dags.py for tasks to queue
[2026-03-26T04:05:10.311+0000] {logging_mixin.py:188} INFO - [2026-03-26T04:05:10.264+0000] {dagbag.py:545} INFO - Filling up the DagBag from /opt/airflow/dags/new_dags.py
[2026-03-26T04:05:10.577+0000] {processor.py:840} INFO - DAG(s) 'example_dag' retrieved from /opt/airflow/dags/new_dags.py
[2026-03-26T04:05:10.730+0000] {logging_mixin.py:188} INFO - [2026-03-26T04:05:10.730+0000] {dag.py:3096} INFO - Sync 1 DAGs
[2026-03-26T04:05:10.829+0000] {logging_mixin.py:188} INFO - [2026-03-26T04:05:10.828+0000] {dag.py:3954} INFO - Setting next_dagrun for example_dag to 2026-03-25 00:00:00+00:00, run_after=2026-03-26 00:00:00+00:00
[2026-03-26T04:05:10.926+0000] {processor.py:183} INFO - Processing /opt/airflow/dags/new_dags.py took 0.778 seconds
[2026-03-26T04:05:41.815+0000] {processor.py:161} INFO - Started process (PID=755) to work on /opt/airflow/dags/new_dags.py
[2026-03-26T04:05:41.828+0000] {processor.py:830} INFO - Processing file /opt/airflow/dags/new_dags.py for tasks to queue
[2026-03-26T04:05:41.833+0000] {logging_mixin.py:188} INFO - [2026-03-26T04:05:41.832+0000] {dagbag.py:545} INFO - Filling up the DagBag from /opt/airflow/dags/new_dags.py
[2026-03-26T04:05:42.001+0000] {processor.py:840} INFO - DAG(s) 'example_dag' retrieved from /opt/airflow/dags/new_dags.py
[2026-03-26T04:05:42.442+0000] {logging_mixin.py:188} INFO - [2026-03-26T04:05:42.441+0000] {dag.py:3096} INFO - Sync 1 DAGs
[2026-03-26T04:05:42.642+0000] {logging_mixin.py:188} INFO - [2026-03-26T04:05:42.641+0000] {dag.py:3954} INFO - Setting next_dagrun for example_dag to 2026-03-25 00:00:00+00:00, run_after=2026-03-26 00:00:00+00:00
[2026-03-26T04:05:42.771+0000] {processor.py:183} INFO - Processing /opt/airflow/dags/new_dags.py took 1.113 seconds
[2026-03-26T04:06:13.589+0000] {processor.py:161} INFO - Started process (PID=811) to work on /opt/airflow/dags/new_dags.py
[2026-03-26T04:06:13.608+0000] {processor.py:830} INFO - Processing file /opt/airflow/dags/new_dags.py for tasks to queue
[2026-03-26T04:06:13.625+0000] {logging_mixin.py:188} INFO - [2026-03-26T04:06:13.624+0000] {dagbag.py:545} INFO - Filling up the DagBag from /opt/airflow/dags/new_dags.py
[2026-03-26T04:06:13.805+0000] {processor.py:840} INFO - DAG(s) 'example_dag' retrieved from /opt/airflow/dags/new_dags.py
[2026-03-26T04:06:14.211+0000] {logging_mixin.py:188} INFO - [2026-03-26T04:06:14.209+0000] {dag.py:3096} INFO - Sync 1 DAGs
[2026-03-26T04:06:14.681+0000] {logging_mixin.py:188} INFO - [2026-03-26T04:06:14.681+0000] {dag.py:3954} INFO - Setting next_dagrun for example_dag to 2026-03-25 00:00:00+00:00, run_after=2026-03-26 00:00:00+00:00
[2026-03-26T04:06:14.954+0000] {processor.py:183} INFO - Processing /opt/airflow/dags/new_dags.py took 1.451 seconds
[2026-03-26T04:06:45.967+0000] {processor.py:161} INFO - Started process (PID=871) to work on /opt/airflow/dags/new_dags.py
[2026-03-26T04:06:45.972+0000] {processor.py:830} INFO - Processing file /opt/airflow/dags/new_dags.py for tasks to queue
[2026-03-26T04:06:46.004+0000] {logging_mixin.py:188} INFO - [2026-03-26T04:06:46.003+0000] {dagbag.py:545} INFO - Filling up the DagBag from /opt/airflow/dags/new_dags.py
[2026-03-26T04:06:46.115+0000] {processor.py:840} INFO - DAG(s) 'example_dag' retrieved from /opt/airflow/dags/new_dags.py
[2026-03-26T04:06:46.298+0000] {logging_mixin.py:188} INFO - [2026-03-26T04:06:46.297+0000] {dag.py:3096} INFO - Sync 1 DAGs
[2026-03-26T04:06:46.464+0000] {logging_mixin.py:188} INFO - [2026-03-26T04:06:46.464+0000] {dag.py:3954} INFO - Setting next_dagrun for example_dag to 2026-03-25 00:00:00+00:00, run_after=2026-03-26 00:00:00+00:00
[2026-03-26T04:06:46.591+0000] {processor.py:183} INFO - Processing /opt/airflow/dags/new_dags.py took 0.759 seconds
[2026-03-26T04:07:17.146+0000] {processor.py:161} INFO - Started process (PID=940) to work on /opt/airflow/dags/new_dags.py
[2026-03-26T04:07:17.148+0000] {processor.py:830} INFO - Processing file /opt/airflow/dags/new_dags.py for tasks to queue
[2026-03-26T04:07:17.156+0000] {logging_mixin.py:188} INFO - [2026-03-26T04:07:17.155+0000] {dagbag.py:545} INFO - Filling up the DagBag from /opt/airflow/dags/new_dags.py
[2026-03-26T04:07:17.213+0000] {processor.py:840} INFO - DAG(s) 'example_dag' retrieved from /opt/airflow/dags/new_dags.py
[2026-03-26T04:07:17.278+0000] {logging_mixin.py:188} INFO - [2026-03-26T04:07:17.277+0000] {dag.py:3096} INFO - Sync 1 DAGs
[2026-03-26T04:07:17.341+0000] {logging_mixin.py:188} INFO - [2026-03-26T04:07:17.341+0000] {dag.py:3954} INFO - Setting next_dagrun for example_dag to 2026-03-25 00:00:00+00:00, run_after=2026-03-26 00:00:00+00:00
[2026-03-26T04:07:17.382+0000] {processor.py:183} INFO - Processing /opt/airflow/dags/new_dags.py took 0.249 seconds
[2026-03-26T04:07:48.470+0000] {processor.py:161} INFO - Started process (PID=1011) to work on /opt/airflow/dags/new_dags.py
[2026-03-26T04:07:48.477+0000] {processor.py:830} INFO - Processing file /opt/airflow/dags/new_dags.py for tasks to queue
[2026-03-26T04:07:48.488+0000] {logging_mixin.py:188} INFO - [2026-03-26T04:07:48.487+0000] {dagbag.py:545} INFO - Filling up the DagBag from /opt/airflow/dags/new_dags.py
[2026-03-26T04:07:48.689+0000] {processor.py:840} INFO - DAG(s) 'example_dag' retrieved from /opt/airflow/dags/new_dags.py
[2026-03-26T04:07:49.023+0000] {logging_mixin.py:188} INFO - [2026-03-26T04:07:49.022+0000] {dag.py:3096} INFO - Sync 1 DAGs
[2026-03-26T04:07:49.191+0000] {logging_mixin.py:188} INFO - [2026-03-26T04:07:49.190+0000] {dag.py:3954} INFO - Setting next_dagrun for example_dag to 2026-03-25 00:00:00+00:00, run_after=2026-03-26 00:00:00+00:00
[2026-03-26T04:07:49.423+0000] {processor.py:183} INFO - Processing /opt/airflow/dags/new_dags.py took 0.991 seconds
[2026-03-26T04:08:20.393+0000] {processor.py:161} INFO - Started process (PID=1065) to work on /opt/airflow/dags/new_dags.py
[2026-03-26T04:08:20.396+0000] {processor.py:830} INFO - Processing file /opt/airflow/dags/new_dags.py for tasks to queue
[2026-03-26T04:08:20.409+0000] {logging_mixin.py:188} INFO - [2026-03-26T04:08:20.408+0000] {dagbag.py:545} INFO - Filling up the DagBag from /opt/airflow/dags/new_dags.py
[2026-03-26T04:08:20.516+0000] {processor.py:840} INFO - DAG(s) 'example_dag' retrieved from /opt/airflow/dags/new_dags.py
[2026-03-26T04:08:20.628+0000] {logging_mixin.py:188} INFO - [2026-03-26T04:08:20.627+0000] {dag.py:3096} INFO - Sync 1 DAGs
[2026-03-26T04:08:20.707+0000] {logging_mixin.py:188} INFO - [2026-03-26T04:08:20.706+0000] {dag.py:3954} INFO - Setting next_dagrun for example_dag to 2026-03-25 00:00:00+00:00, run_after=2026-03-26 00:00:00+00:00
[2026-03-26T04:08:20.794+0000] {processor.py:183} INFO - Processing /opt/airflow/dags/new_dags.py took 0.440 seconds
[2026-03-26T04:08:51.396+0000] {processor.py:161} INFO - Started process (PID=1124) to work on /opt/airflow/dags/new_dags.py
[2026-03-26T04:08:51.403+0000] {processor.py:830} INFO - Processing file /opt/airflow/dags/new_dags.py for tasks to queue
[2026-03-26T04:08:51.426+0000] {logging_mixin.py:188} INFO - [2026-03-26T04:08:51.425+0000] {dagbag.py:545} INFO - Filling up the DagBag from /opt/airflow/dags/new_dags.py
[2026-03-26T04:08:51.555+0000] {processor.py:840} INFO - DAG(s) 'example_dag' retrieved from /opt/airflow/dags/new_dags.py
[2026-03-26T04:08:51.787+0000] {logging_mixin.py:188} INFO - [2026-03-26T04:08:51.783+0000] {dag.py:3096} INFO - Sync 1 DAGs
[2026-03-26T04:08:51.956+0000] {logging_mixin.py:188} INFO - [2026-03-26T04:08:51.955+0000] {dag.py:3954} INFO - Setting next_dagrun for example_dag to 2026-03-25 00:00:00+00:00, run_after=2026-03-26 00:00:00+00:00
[2026-03-26T04:08:52.131+0000] {processor.py:183} INFO - Processing /opt/airflow/dags/new_dags.py took 0.753 seconds
[2026-03-26T04:09:22.795+0000] {processor.py:161} INFO - Started process (PID=1176) to work on /opt/airflow/dags/new_dags.py
[2026-03-26T04:09:22.806+0000] {processor.py:830} INFO - Processing file /opt/airflow/dags/new_dags.py for tasks to queue
[2026-03-26T04:09:22.820+0000] {logging_mixin.py:188} INFO - [2026-03-26T04:09:22.819+0000] {dagbag.py:545} INFO - Filling up the DagBag from /opt/airflow/dags/new_dags.py
[2026-03-26T04:09:23.172+0000] {processor.py:840} INFO - DAG(s) 'example_dag' retrieved from /opt/airflow/dags/new_dags.py
[2026-03-26T04:09:23.354+0000] {logging_mixin.py:188} INFO - [2026-03-26T04:09:23.353+0000] {dag.py:3096} INFO - Sync 1 DAGs
[2026-03-26T04:09:23.606+0000] {logging_mixin.py:188} INFO - [2026-03-26T04:09:23.603+0000] {dag.py:3954} INFO - Setting next_dagrun for example_dag to 2026-03-25 00:00:00+00:00, run_after=2026-03-26 00:00:00+00:00
[2026-03-26T04:09:23.794+0000] {processor.py:183} INFO - Processing /opt/airflow/dags/new_dags.py took 1.047 seconds
[2026-03-26T04:09:54.671+0000] {processor.py:161} INFO - Started process (PID=1237) to work on /opt/airflow/dags/new_dags.py
[2026-03-26T04:09:54.681+0000] {processor.py:830} INFO - Processing file /opt/airflow/dags/new_dags.py for tasks to queue
[2026-03-26T04:09:54.696+0000] {logging_mixin.py:188} INFO - [2026-03-26T04:09:54.695+0000] {dagbag.py:545} INFO - Filling up the DagBag from /opt/airflow/dags/new_dags.py
[2026-03-26T04:09:54.843+0000] {processor.py:840} INFO - DAG(s) 'example_dag' retrieved from /opt/airflow/dags/new_dags.py
[2026-03-26T04:09:55.066+0000] {logging_mixin.py:188} INFO - [2026-03-26T04:09:55.065+0000] {dag.py:3096} INFO - Sync 1 DAGs
[2026-03-26T04:09:55.274+0000] {logging_mixin.py:188} INFO - [2026-03-26T04:09:55.274+0000] {dag.py:3954} INFO - Setting next_dagrun for example_dag to 2026-03-25 00:00:00+00:00, run_after=2026-03-26 00:00:00+00:00
[2026-03-26T04:09:55.393+0000] {processor.py:183} INFO - Processing /opt/airflow/dags/new_dags.py took 0.764 seconds
[2026-03-26T04:10:26.514+0000] {processor.py:161} INFO - Started process (PID=1304) to work on /opt/airflow/dags/new_dags.py
[2026-03-26T04:10:26.528+0000] {processor.py:830} INFO - Processing file /opt/airflow/dags/new_dags.py for tasks to queue
[2026-03-26T04:10:26.540+0000] {logging_mixin.py:188} INFO - [2026-03-26T04:10:26.538+0000] {dagbag.py:545} INFO - Filling up the DagBag from /opt/airflow/dags/new_dags.py
[2026-03-26T04:10:26.850+0000] {processor.py:840} INFO - DAG(s) 'example_dag' retrieved from /opt/airflow/dags/new_dags.py
[2026-03-26T04:10:27.112+0000] {logging_mixin.py:188} INFO - [2026-03-26T04:10:27.111+0000] {dag.py:3096} INFO - Sync 1 DAGs
[2026-03-26T04:10:27.295+0000] {logging_mixin.py:188} INFO - [2026-03-26T04:10:27.295+0000] {dag.py:3954} INFO - Setting next_dagrun for example_dag to 2026-03-25 00:00:00+00:00, run_after=2026-03-26 00:00:00+00:00
[2026-03-26T04:10:27.480+0000] {processor.py:183} INFO - Processing /opt/airflow/dags/new_dags.py took 0.989 seconds
[2026-03-26T04:10:58.053+0000] {processor.py:161} INFO - Started process (PID=1374) to work on /opt/airflow/dags/new_dags.py
[2026-03-26T04:10:58.055+0000] {processor.py:830} INFO - Processing file /opt/airflow/dags/new_dags.py for tasks to queue
[2026-03-26T04:10:58.060+0000] {logging_mixin.py:188} INFO - [2026-03-26T04:10:58.059+0000] {dagbag.py:545} INFO - Filling up the DagBag from /opt/airflow/dags/new_dags.py
[2026-03-26T04:10:58.310+0000] {processor.py:840} INFO - DAG(s) 'example_dag' retrieved from /opt/airflow/dags/new_dags.py
[2026-03-26T04:10:58.394+0000] {logging_mixin.py:188} INFO - [2026-03-26T04:10:58.393+0000] {dag.py:3096} INFO - Sync 1 DAGs
[2026-03-26T04:10:58.503+0000] {logging_mixin.py:188} INFO - [2026-03-26T04:10:58.503+0000] {dag.py:3954} INFO - Setting next_dagrun for example_dag to 2026-03-25 00:00:00+00:00, run_after=2026-03-26 00:00:00+00:00
[2026-03-26T04:10:58.694+0000] {processor.py:183} INFO - Processing /opt/airflow/dags/new_dags.py took 0.722 seconds
[2026-03-26T04:11:30.408+0000] {processor.py:161} INFO - Started process (PID=1435) to work on /opt/airflow/dags/new_dags.py
[2026-03-26T04:11:30.416+0000] {processor.py:830} INFO - Processing file /opt/airflow/dags/new_dags.py for tasks to queue
[2026-03-26T04:11:30.448+0000] {logging_mixin.py:188} INFO - [2026-03-26T04:11:30.437+0000] {dagbag.py:545} INFO - Filling up the DagBag from /opt/airflow/dags/new_dags.py
[2026-03-26T04:11:30.536+0000] {processor.py:840} INFO - DAG(s) 'example_dag' retrieved from /opt/airflow/dags/new_dags.py
[2026-03-26T04:11:30.646+0000] {logging_mixin.py:188} INFO - [2026-03-26T04:11:30.645+0000] {dag.py:3096} INFO - Sync 1 DAGs
[2026-03-26T04:11:30.786+0000] {logging_mixin.py:188} INFO - [2026-03-26T04:11:30.785+0000] {dag.py:3954} INFO - Setting next_dagrun for example_dag to 2026-03-25 00:00:00+00:00, run_after=2026-03-26 00:00:00+00:00
[2026-03-26T04:11:30.970+0000] {processor.py:183} INFO - Processing /opt/airflow/dags/new_dags.py took 0.789 seconds
[2026-03-26T04:12:01.484+0000] {processor.py:161} INFO - Started process (PID=1483) to work on /opt/airflow/dags/new_dags.py
[2026-03-26T04:12:01.487+0000] {processor.py:830} INFO - Processing file /opt/airflow/dags/new_dags.py for tasks to queue
[2026-03-26T04:12:01.497+0000] {logging_mixin.py:188} INFO - [2026-03-26T04:12:01.496+0000] {dagbag.py:545} INFO - Filling up the DagBag from /opt/airflow/dags/new_dags.py
[2026-03-26T04:12:01.674+0000] {processor.py:840} INFO - DAG(s) 'example_dag' retrieved from /opt/airflow/dags/new_dags.py
[2026-03-26T04:12:01.976+0000] {logging_mixin.py:188} INFO - [2026-03-26T04:12:01.975+0000] {dag.py:3096} INFO - Sync 1 DAGs
[2026-03-26T04:12:02.200+0000] {logging_mixin.py:188} INFO - [2026-03-26T04:12:02.200+0000] {dag.py:3954} INFO - Setting next_dagrun for example_dag to 2026-03-25 00:00:00+00:00, run_after=2026-03-26 00:00:00+00:00
[2026-03-26T04:12:02.332+0000] {processor.py:183} INFO - Processing /opt/airflow/dags/new_dags.py took 0.888 seconds
[2026-03-26T04:12:32.857+0000] {processor.py:161} INFO - Started process (PID=1546) to work on /opt/airflow/dags/new_dags.py
[2026-03-26T04:12:32.867+0000] {processor.py:830} INFO - Processing file /opt/airflow/dags/new_dags.py for tasks to queue
[2026-03-26T04:12:32.906+0000] {logging_mixin.py:188} INFO - [2026-03-26T04:12:32.905+0000] {dagbag.py:545} INFO - Filling up the DagBag from /opt/airflow/dags/new_dags.py
[2026-03-26T04:12:33.013+0000] {processor.py:840} INFO - DAG(s) 'example_dag' retrieved from /opt/airflow/dags/new_dags.py
[2026-03-26T04:12:33.125+0000] {logging_mixin.py:188} INFO - [2026-03-26T04:12:33.121+0000] {dag.py:3096} INFO - Sync 1 DAGs
[2026-03-26T04:12:33.216+0000] {logging_mixin.py:188} INFO - [2026-03-26T04:12:33.215+0000] {dag.py:3954} INFO - Setting next_dagrun for example_dag to 2026-03-25 00:00:00+00:00, run_after=2026-03-26 00:00:00+00:00
[2026-03-26T04:12:33.362+0000] {processor.py:183} INFO - Processing /opt/airflow/dags/new_dags.py took 0.557 seconds
[2026-03-26T04:13:04.705+0000] {processor.py:161} INFO - Started process (PID=1610) to work on /opt/airflow/dags/new_dags.py
[2026-03-26T04:13:04.729+0000] {processor.py:830} INFO - Processing file /opt/airflow/dags/new_dags.py for tasks to queue
[2026-03-26T04:13:04.754+0000] {logging_mixin.py:188} INFO - [2026-03-26T04:13:04.748+0000] {dagbag.py:545} INFO - Filling up the DagBag from /opt/airflow/dags/new_dags.py
[2026-03-26T04:13:05.262+0000] {processor.py:840} INFO - DAG(s) 'example_dag' retrieved from /opt/airflow/dags/new_dags.py
[2026-03-26T04:13:05.725+0000] {logging_mixin.py:188} INFO - [2026-03-26T04:13:05.725+0000] {dag.py:3096} INFO - Sync 1 DAGs
[2026-03-26T04:13:05.850+0000] {logging_mixin.py:188} INFO - [2026-03-26T04:13:05.849+0000] {dag.py:3954} INFO - Setting next_dagrun for example_dag to 2026-03-25 00:00:00+00:00, run_after=2026-03-26 00:00:00+00:00
[2026-03-26T04:13:05.996+0000] {processor.py:183} INFO - Processing /opt/airflow/dags/new_dags.py took 1.503 seconds
[2026-03-26T04:13:36.656+0000] {processor.py:161} INFO - Started process (PID=1664) to work on /opt/airflow/dags/new_dags.py
[2026-03-26T04:13:36.659+0000] {processor.py:830} INFO - Processing file /opt/airflow/dags/new_dags.py for tasks to queue
[2026-03-26T04:13:36.666+0000] {logging_mixin.py:188} INFO - [2026-03-26T04:13:36.665+0000] {dagbag.py:545} INFO - Filling up the DagBag from /opt/airflow/dags/new_dags.py
[2026-03-26T04:13:36.744+0000] {processor.py:840} INFO - DAG(s) 'example_dag' retrieved from /opt/airflow/dags/new_dags.py
[2026-03-26T04:13:36.817+0000] {logging_mixin.py:188} INFO - [2026-03-26T04:13:36.816+0000] {dag.py:3096} INFO - Sync 1 DAGs
[2026-03-26T04:13:36.880+0000] {logging_mixin.py:188} INFO - [2026-03-26T04:13:36.880+0000] {dag.py:3954} INFO - Setting next_dagrun for example_dag to 2026-03-25 00:00:00+00:00, run_after=2026-03-26 00:00:00+00:00
[2026-03-26T04:13:36.960+0000] {processor.py:183} INFO - Processing /opt/airflow/dags/new_dags.py took 0.333 seconds
[2026-03-26T04:14:07.424+0000] {processor.py:161} INFO - Started process (PID=1729) to work on /opt/airflow/dags/new_dags.py
[2026-03-26T04:14:07.427+0000] {processor.py:830} INFO - Processing file /opt/airflow/dags/new_dags.py for tasks to queue
[2026-03-26T04:14:07.493+0000] {logging_mixin.py:188} INFO - [2026-03-26T04:14:07.492+0000] {dagbag.py:545} INFO - Filling up the DagBag from /opt/airflow/dags/new_dags.py
[2026-03-26T04:14:07.773+0000] {processor.py:840} INFO - DAG(s) 'example_dag' retrieved from /opt/airflow/dags/new_dags.py
[2026-03-26T04:14:07.974+0000] {logging_mixin.py:188} INFO - [2026-03-26T04:14:07.974+0000] {dag.py:3096} INFO - Sync 1 DAGs
[2026-03-26T04:14:08.051+0000] {logging_mixin.py:188} INFO - [2026-03-26T04:14:08.051+0000] {dag.py:3954} INFO - Setting next_dagrun for example_dag to 2026-03-25 00:00:00+00:00, run_after=2026-03-26 00:00:00+00:00
[2026-03-26T04:14:08.158+0000] {processor.py:183} INFO - Processing /opt/airflow/dags/new_dags.py took 0.864 seconds
[2026-03-26T04:14:38.769+0000] {processor.py:161} INFO - Started process (PID=1795) to work on /opt/airflow/dags/new_dags.py
[2026-03-26T04:14:38.781+0000] {processor.py:830} INFO - Processing file /opt/airflow/dags/new_dags.py for tasks to queue
[2026-03-26T04:14:38.790+0000] {logging_mixin.py:188} INFO - [2026-03-26T04:14:38.790+0000] {dagbag.py:545} INFO - Filling up the DagBag from /opt/airflow/dags/new_dags.py
[2026-03-26T04:14:39.069+0000] {processor.py:840} INFO - DAG(s) 'example_dag' retrieved from /opt/airflow/dags/new_dags.py
[2026-03-26T04:14:39.643+0000] {logging_mixin.py:188} INFO - [2026-03-26T04:14:39.642+0000] {dag.py:3096} INFO - Sync 1 DAGs
[2026-03-26T04:14:40.213+0000] {logging_mixin.py:188} INFO - [2026-03-26T04:14:40.213+0000] {dag.py:3954} INFO - Setting next_dagrun for example_dag to 2026-03-25 00:00:00+00:00, run_after=2026-03-26 00:00:00+00:00
[2026-03-26T04:14:40.439+0000] {processor.py:183} INFO - Processing /opt/airflow/dags/new_dags.py took 1.733 seconds
[2026-03-26T04:15:10.889+0000] {processor.py:161} INFO - Started process (PID=1853) to work on /opt/airflow/dags/new_dags.py
[2026-03-26T04:15:10.904+0000] {processor.py:830} INFO - Processing file /opt/airflow/dags/new_dags.py for tasks to queue
[2026-03-26T04:15:10.914+0000] {logging_mixin.py:188} INFO - [2026-03-26T04:15:10.912+0000] {dagbag.py:545} INFO - Filling up the DagBag from /opt/airflow/dags/new_dags.py
[2026-03-26T04:15:11.138+0000] {processor.py:840} INFO - DAG(s) 'example_dag' retrieved from /opt/airflow/dags/new_dags.py
[2026-03-26T04:15:11.295+0000] {logging_mixin.py:188} INFO - [2026-03-26T04:15:11.273+0000] {dag.py:3096} INFO - Sync 1 DAGs
[2026-03-26T04:15:11.503+0000] {logging_mixin.py:188} INFO - [2026-03-26T04:15:11.502+0000] {dag.py:3954} INFO - Setting next_dagrun for example_dag to 2026-03-25 00:00:00+00:00, run_after=2026-03-26 00:00:00+00:00
[2026-03-26T04:15:11.652+0000] {processor.py:183} INFO - Processing /opt/airflow/dags/new_dags.py took 0.834 seconds
[2026-03-26T04:15:41.999+0000] {processor.py:161} INFO - Started process (PID=1924) to work on /opt/airflow/dags/new_dags.py
[2026-03-26T04:15:42.000+0000] {processor.py:830} INFO - Processing file /opt/airflow/dags/new_dags.py for tasks to queue
[2026-03-26T04:15:42.005+0000] {logging_mixin.py:188} INFO - [2026-03-26T04:15:42.004+0000] {dagbag.py:545} INFO - Filling up the DagBag from /opt/airflow/dags/new_dags.py
[2026-03-26T04:15:42.061+0000] {processor.py:840} INFO - DAG(s) 'example_dag' retrieved from /opt/airflow/dags/new_dags.py
[2026-03-26T04:15:42.138+0000] {logging_mixin.py:188} INFO - [2026-03-26T04:15:42.138+0000] {dag.py:3096} INFO - Sync 1 DAGs
[2026-03-26T04:15:42.191+0000] {logging_mixin.py:188} INFO - [2026-03-26T04:15:42.191+0000] {dag.py:3954} INFO - Setting next_dagrun for example_dag to 2026-03-25 00:00:00+00:00, run_after=2026-03-26 00:00:00+00:00
[2026-03-26T04:15:42.244+0000] {processor.py:183} INFO - Processing /opt/airflow/dags/new_dags.py took 0.286 seconds
[2026-03-26T04:16:13.349+0000] {processor.py:161} INFO - Started process (PID=1994) to work on /opt/airflow/dags/new_dags.py
[2026-03-26T04:16:13.363+0000] {processor.py:830} INFO - Processing file /opt/airflow/dags/new_dags.py for tasks to queue
[2026-03-26T04:16:13.371+0000] {logging_mixin.py:188} INFO - [2026-03-26T04:16:13.367+0000] {dagbag.py:545} INFO - Filling up the DagBag from /opt/airflow/dags/new_dags.py
[2026-03-26T04:16:13.769+0000] {processor.py:840} INFO - DAG(s) 'example_dag' retrieved from /opt/airflow/dags/new_dags.py
[2026-03-26T04:16:13.948+0000] {logging_mixin.py:188} INFO - [2026-03-26T04:16:13.948+0000] {dag.py:3096} INFO - Sync 1 DAGs
[2026-03-26T04:16:14.230+0000] {logging_mixin.py:188} INFO - [2026-03-26T04:16:14.229+0000] {dag.py:3954} INFO - Setting next_dagrun for example_dag to 2026-03-25 00:00:00+00:00, run_after=2026-03-26 00:00:00+00:00
[2026-03-26T04:16:14.547+0000] {processor.py:183} INFO - Processing /opt/airflow/dags/new_dags.py took 1.263 seconds
[2026-03-26T04:16:45.501+0000] {processor.py:161} INFO - Started process (PID=2039) to work on /opt/airflow/dags/new_dags.py
[2026-03-26T04:16:45.503+0000] {processor.py:830} INFO - Processing file /opt/airflow/dags/new_dags.py for tasks to queue
[2026-03-26T04:16:45.521+0000] {logging_mixin.py:188} INFO - [2026-03-26T04:16:45.520+0000] {dagbag.py:545} INFO - Filling up the DagBag from /opt/airflow/dags/new_dags.py
[2026-03-26T04:16:45.781+0000] {processor.py:840} INFO - DAG(s) 'example_dag' retrieved from /opt/airflow/dags/new_dags.py
[2026-03-26T04:16:45.932+0000] {logging_mixin.py:188} INFO - [2026-03-26T04:16:45.928+0000] {dag.py:3096} INFO - Sync 1 DAGs
[2026-03-26T04:16:46.251+0000] {logging_mixin.py:188} INFO - [2026-03-26T04:16:46.251+0000] {dag.py:3954} INFO - Setting next_dagrun for example_dag to 2026-03-25 00:00:00+00:00, run_after=2026-03-26 00:00:00+00:00
[2026-03-26T04:16:46.574+0000] {processor.py:183} INFO - Processing /opt/airflow/dags/new_dags.py took 1.123 seconds
[2026-03-26T04:17:17.073+0000] {processor.py:161} INFO - Started process (PID=2120) to work on /opt/airflow/dags/new_dags.py
[2026-03-26T04:17:17.080+0000] {processor.py:830} INFO - Processing file /opt/airflow/dags/new_dags.py for tasks to queue
[2026-03-26T04:17:17.096+0000] {logging_mixin.py:188} INFO - [2026-03-26T04:17:17.095+0000] {dagbag.py:545} INFO - Filling up the DagBag from /opt/airflow/dags/new_dags.py
[2026-03-26T04:17:17.297+0000] {processor.py:840} INFO - DAG(s) 'example_dag' retrieved from /opt/airflow/dags/new_dags.py
[2026-03-26T04:17:17.510+0000] {logging_mixin.py:188} INFO - [2026-03-26T04:17:17.509+0000] {dag.py:3096} INFO - Sync 1 DAGs
[2026-03-26T04:17:17.597+0000] {logging_mixin.py:188} INFO - [2026-03-26T04:17:17.597+0000] {dag.py:3954} INFO - Setting next_dagrun for example_dag to 2026-03-25 00:00:00+00:00, run_after=2026-03-26 00:00:00+00:00
[2026-03-26T04:17:17.690+0000] {processor.py:183} INFO - Processing /opt/airflow/dags/new_dags.py took 0.656 seconds
[2026-03-26T04:17:48.413+0000] {processor.py:161} INFO - Started process (PID=2189) to work on /opt/airflow/dags/new_dags.py
[2026-03-26T04:17:48.419+0000] {processor.py:830} INFO - Processing file /opt/airflow/dags/new_dags.py for tasks to queue
[2026-03-26T04:17:48.425+0000] {logging_mixin.py:188} INFO - [2026-03-26T04:17:48.424+0000] {dagbag.py:545} INFO - Filling up the DagBag from /opt/airflow/dags/new_dags.py
[2026-03-26T04:17:48.556+0000] {processor.py:840} INFO - DAG(s) 'example_dag' retrieved from /opt/airflow/dags/new_dags.py
[2026-03-26T04:17:48.769+0000] {logging_mixin.py:188} INFO - [2026-03-26T04:17:48.768+0000] {dag.py:3096} INFO - Sync 1 DAGs
[2026-03-26T04:17:48.941+0000] {logging_mixin.py:188} INFO - [2026-03-26T04:17:48.941+0000] {dag.py:3954} INFO - Setting next_dagrun for example_dag to 2026-03-25 00:00:00+00:00, run_after=2026-03-26 00:00:00+00:00
[2026-03-26T04:17:48.999+0000] {processor.py:183} INFO - Processing /opt/airflow/dags/new_dags.py took 0.608 seconds
[2026-03-26T04:18:19.644+0000] {processor.py:161} INFO - Started process (PID=2255) to work on /opt/airflow/dags/new_dags.py
[2026-03-26T04:18:19.653+0000] {processor.py:830} INFO - Processing file /opt/airflow/dags/new_dags.py for tasks to queue
[2026-03-26T04:18:19.662+0000] {logging_mixin.py:188} INFO - [2026-03-26T04:18:19.661+0000] {dagbag.py:545} INFO - Filling up the DagBag from /opt/airflow/dags/new_dags.py
[2026-03-26T04:18:19.764+0000] {processor.py:840} INFO - DAG(s) 'example_dag' retrieved from /opt/airflow/dags/new_dags.py
[2026-03-26T04:18:19.844+0000] {logging_mixin.py:188} INFO - [2026-03-26T04:18:19.844+0000] {dag.py:3096} INFO - Sync 1 DAGs
[2026-03-26T04:18:19.934+0000] {logging_mixin.py:188} INFO - [2026-03-26T04:18:19.934+0000] {dag.py:3954} INFO - Setting next_dagrun for example_dag to 2026-03-25 00:00:00+00:00, run_after=2026-03-26 00:00:00+00:00
[2026-03-26T04:18:20.048+0000] {processor.py:183} INFO - Processing /opt/airflow/dags/new_dags.py took 0.435 seconds
[2026-03-26T04:18:50.227+0000] {processor.py:161} INFO - Started process (PID=2329) to work on /opt/airflow/dags/new_dags.py
[2026-03-26T04:18:50.228+0000] {processor.py:830} INFO - Processing file /opt/airflow/dags/new_dags.py for tasks to queue
[2026-03-26T04:18:50.233+0000] {logging_mixin.py:188} INFO - [2026-03-26T04:18:50.232+0000] {dagbag.py:545} INFO - Filling up the DagBag from /opt/airflow/dags/new_dags.py
[2026-03-26T04:18:50.290+0000] {processor.py:840} INFO - DAG(s) 'example_dag' retrieved from /opt/airflow/dags/new_dags.py
[2026-03-26T04:18:50.356+0000] {logging_mixin.py:188} INFO - [2026-03-26T04:18:50.356+0000] {dag.py:3096} INFO - Sync 1 DAGs
[2026-03-26T04:18:50.403+0000] {logging_mixin.py:188} INFO - [2026-03-26T04:18:50.403+0000] {dag.py:3954} INFO - Setting next_dagrun for example_dag to 2026-03-25 00:00:00+00:00, run_after=2026-03-26 00:00:00+00:00
[2026-03-26T04:18:50.481+0000] {processor.py:183} INFO - Processing /opt/airflow/dags/new_dags.py took 0.266 seconds
[2026-03-26T04:19:20.889+0000] {processor.py:161} INFO - Started process (PID=2405) to work on /opt/airflow/dags/new_dags.py
[2026-03-26T04:19:20.892+0000] {processor.py:830} INFO - Processing file /opt/airflow/dags/new_dags.py for tasks to queue
[2026-03-26T04:19:20.915+0000] {logging_mixin.py:188} INFO - [2026-03-26T04:19:20.915+0000] {dagbag.py:545} INFO - Filling up the DagBag from /opt/airflow/dags/new_dags.py
[2026-03-26T04:19:21.028+0000] {processor.py:840} INFO - DAG(s) 'example_dag' retrieved from /opt/airflow/dags/new_dags.py
[2026-03-26T04:19:21.294+0000] {logging_mixin.py:188} INFO - [2026-03-26T04:19:21.277+0000] {dag.py:3096} INFO - Sync 1 DAGs
[2026-03-26T04:19:21.479+0000] {logging_mixin.py:188} INFO - [2026-03-26T04:19:21.479+0000] {dag.py:3954} INFO - Setting next_dagrun for example_dag to 2026-03-25 00:00:00+00:00, run_after=2026-03-26 00:00:00+00:00
[2026-03-26T04:19:21.593+0000] {processor.py:183} INFO - Processing /opt/airflow/dags/new_dags.py took 0.778 seconds
[2026-03-26T04:19:52.151+0000] {processor.py:161} INFO - Started process (PID=2479) to work on /opt/airflow/dags/new_dags.py
[2026-03-26T04:19:52.159+0000] {processor.py:830} INFO - Processing file /opt/airflow/dags/new_dags.py for tasks to queue
[2026-03-26T04:19:52.169+0000] {logging_mixin.py:188} INFO - [2026-03-26T04:19:52.169+0000] {dagbag.py:545} INFO - Filling up the DagBag from /opt/airflow/dags/new_dags.py
[2026-03-26T04:19:52.289+0000] {processor.py:840} INFO - DAG(s) 'example_dag' retrieved from /opt/airflow/dags/new_dags.py
[2026-03-26T04:19:52.438+0000] {logging_mixin.py:188} INFO - [2026-03-26T04:19:52.437+0000] {dag.py:3096} INFO - Sync 1 DAGs
[2026-03-26T04:19:52.526+0000] {logging_mixin.py:188} INFO - [2026-03-26T04:19:52.518+0000] {dag.py:3954} INFO - Setting next_dagrun for example_dag to 2026-03-25 00:00:00+00:00, run_after=2026-03-26 00:00:00+00:00
[2026-03-26T04:19:52.671+0000] {processor.py:183} INFO - Processing /opt/airflow/dags/new_dags.py took 0.555 seconds
[2026-03-26T04:20:23.286+0000] {processor.py:161} INFO - Started process (PID=2548) to work on /opt/airflow/dags/new_dags.py
[2026-03-26T04:20:23.293+0000] {processor.py:830} INFO - Processing file /opt/airflow/dags/new_dags.py for tasks to queue
[2026-03-26T04:20:23.301+0000] {logging_mixin.py:188} INFO - [2026-03-26T04:20:23.300+0000] {dagbag.py:545} INFO - Filling up the DagBag from /opt/airflow/dags/new_dags.py
[2026-03-26T04:20:23.392+0000] {processor.py:840} INFO - DAG(s) 'example_dag' retrieved from /opt/airflow/dags/new_dags.py
[2026-03-26T04:20:23.624+0000] {logging_mixin.py:188} INFO - [2026-03-26T04:20:23.623+0000] {dag.py:3096} INFO - Sync 1 DAGs
[2026-03-26T04:20:23.726+0000] {logging_mixin.py:188} INFO - [2026-03-26T04:20:23.725+0000] {dag.py:3954} INFO - Setting next_dagrun for example_dag to 2026-03-25 00:00:00+00:00, run_after=2026-03-26 00:00:00+00:00
[2026-03-26T04:20:23.855+0000] {processor.py:183} INFO - Processing /opt/airflow/dags/new_dags.py took 0.619 seconds
[2026-03-26T04:20:54.573+0000] {processor.py:161} INFO - Started process (PID=2613) to work on /opt/airflow/dags/new_dags.py
[2026-03-26T04:20:54.585+0000] {processor.py:830} INFO - Processing file /opt/airflow/dags/new_dags.py for tasks to queue
[2026-03-26T04:20:54.598+0000] {logging_mixin.py:188} INFO - [2026-03-26T04:20:54.597+0000] {dagbag.py:545} INFO - Filling up the DagBag from /opt/airflow/dags/new_dags.py
[2026-03-26T04:20:54.782+0000] {processor.py:840} INFO - DAG(s) 'example_dag' retrieved from /opt/airflow/dags/new_dags.py
[2026-03-26T04:20:54.961+0000] {logging_mixin.py:188} INFO - [2026-03-26T04:20:54.961+0000] {dag.py:3096} INFO - Sync 1 DAGs
[2026-03-26T04:20:55.048+0000] {logging_mixin.py:188} INFO - [2026-03-26T04:20:55.047+0000] {dag.py:3954} INFO - Setting next_dagrun for example_dag to 2026-03-25 00:00:00+00:00, run_after=2026-03-26 00:00:00+00:00
[2026-03-26T04:20:55.173+0000] {processor.py:183} INFO - Processing /opt/airflow/dags/new_dags.py took 0.673 seconds
[2026-03-26T04:21:26.009+0000] {processor.py:161} INFO - Started process (PID=2669) to work on /opt/airflow/dags/new_dags.py
[2026-03-26T04:21:26.015+0000] {processor.py:830} INFO - Processing file /opt/airflow/dags/new_dags.py for tasks to queue
[2026-03-26T04:21:26.024+0000] {logging_mixin.py:188} INFO - [2026-03-26T04:21:26.023+0000] {dagbag.py:545} INFO - Filling up the DagBag from /opt/airflow/dags/new_dags.py
[2026-03-26T04:21:26.177+0000] {processor.py:840} INFO - DAG(s) 'example_dag' retrieved from /opt/airflow/dags/new_dags.py
[2026-03-26T04:21:26.449+0000] {logging_mixin.py:188} INFO - [2026-03-26T04:21:26.447+0000] {dag.py:3096} INFO - Sync 1 DAGs
[2026-03-26T04:21:26.611+0000] {logging_mixin.py:188} INFO - [2026-03-26T04:21:26.610+0000] {dag.py:3954} INFO - Setting next_dagrun for example_dag to 2026-03-25 00:00:00+00:00, run_after=2026-03-26 00:00:00+00:00
[2026-03-26T04:21:26.716+0000] {processor.py:183} INFO - Processing /opt/airflow/dags/new_dags.py took 0.815 seconds
[2026-03-26T04:21:57.166+0000] {processor.py:161} INFO - Started process (PID=2735) to work on /opt/airflow/dags/new_dags.py
[2026-03-26T04:21:57.177+0000] {processor.py:830} INFO - Processing file /opt/airflow/dags/new_dags.py for tasks to queue
[2026-03-26T04:21:57.203+0000] {logging_mixin.py:188} INFO - [2026-03-26T04:21:57.197+0000] {dagbag.py:545} INFO - Filling up the DagBag from /opt/airflow/dags/new_dags.py
[2026-03-26T04:21:57.307+0000] {processor.py:840} INFO - DAG(s) 'example_dag' retrieved from /opt/airflow/dags/new_dags.py
[2026-03-26T04:21:57.465+0000] {logging_mixin.py:188} INFO - [2026-03-26T04:21:57.453+0000] {dag.py:3096} INFO - Sync 1 DAGs
[2026-03-26T04:21:57.731+0000] {logging_mixin.py:188} INFO - [2026-03-26T04:21:57.730+0000] {dag.py:3954} INFO - Setting next_dagrun for example_dag to 2026-03-25 00:00:00+00:00, run_after=2026-03-26 00:00:00+00:00
[2026-03-26T04:21:57.921+0000] {processor.py:183} INFO - Processing /opt/airflow/dags/new_dags.py took 0.793 seconds
[2026-03-26T04:22:28.391+0000] {processor.py:161} INFO - Started process (PID=2806) to work on /opt/airflow/dags/new_dags.py
[2026-03-26T04:22:28.397+0000] {processor.py:830} INFO - Processing file /opt/airflow/dags/new_dags.py for tasks to queue
[2026-03-26T04:22:28.414+0000] {logging_mixin.py:188} INFO - [2026-03-26T04:22:28.413+0000] {dagbag.py:545} INFO - Filling up the DagBag from /opt/airflow/dags/new_dags.py
[2026-03-26T04:22:28.529+0000] {processor.py:840} INFO - DAG(s) 'example_dag' retrieved from /opt/airflow/dags/new_dags.py
[2026-03-26T04:22:28.612+0000] {logging_mixin.py:188} INFO - [2026-03-26T04:22:28.612+0000] {dag.py:3096} INFO - Sync 1 DAGs
[2026-03-26T04:22:28.846+0000] {logging_mixin.py:188} INFO - [2026-03-26T04:22:28.845+0000] {dag.py:3954} INFO - Setting next_dagrun for example_dag to 2026-03-25 00:00:00+00:00, run_after=2026-03-26 00:00:00+00:00
[2026-03-26T04:22:28.977+0000] {processor.py:183} INFO - Processing /opt/airflow/dags/new_dags.py took 0.619 seconds
[2026-03-26T04:22:59.568+0000] {processor.py:161} INFO - Started process (PID=2862) to work on /opt/airflow/dags/new_dags.py
[2026-03-26T04:22:59.571+0000] {processor.py:830} INFO - Processing file /opt/airflow/dags/new_dags.py for tasks to queue
[2026-03-26T04:22:59.600+0000] {logging_mixin.py:188} INFO - [2026-03-26T04:22:59.587+0000] {dagbag.py:545} INFO - Filling up the DagBag from /opt/airflow/dags/new_dags.py
[2026-03-26T04:22:59.860+0000] {processor.py:840} INFO - DAG(s) 'example_dag' retrieved from /opt/airflow/dags/new_dags.py
[2026-03-26T04:22:59.940+0000] {logging_mixin.py:188} INFO - [2026-03-26T04:22:59.940+0000] {dag.py:3096} INFO - Sync 1 DAGs
[2026-03-26T04:23:00.116+0000] {logging_mixin.py:188} INFO - [2026-03-26T04:23:00.116+0000] {dag.py:3954} INFO - Setting next_dagrun for example_dag to 2026-03-25 00:00:00+00:00, run_after=2026-03-26 00:00:00+00:00
[2026-03-26T04:23:00.202+0000] {processor.py:183} INFO - Processing /opt/airflow/dags/new_dags.py took 0.700 seconds
[2026-03-26T04:23:31.015+0000] {processor.py:161} INFO - Started process (PID=2930) to work on /opt/airflow/dags/new_dags.py
[2026-03-26T04:23:31.027+0000] {processor.py:830} INFO - Processing file /opt/airflow/dags/new_dags.py for tasks to queue
[2026-03-26T04:23:31.049+0000] {logging_mixin.py:188} INFO - [2026-03-26T04:23:31.046+0000] {dagbag.py:545} INFO - Filling up the DagBag from /opt/airflow/dags/new_dags.py
[2026-03-26T04:23:31.233+0000] {processor.py:840} INFO - DAG(s) 'example_dag' retrieved from /opt/airflow/dags/new_dags.py
[2026-03-26T04:23:31.475+0000] {logging_mixin.py:188} INFO - [2026-03-26T04:23:31.475+0000] {dag.py:3096} INFO - Sync 1 DAGs
[2026-03-26T04:23:31.781+0000] {logging_mixin.py:188} INFO - [2026-03-26T04:23:31.780+0000] {dag.py:3954} INFO - Setting next_dagrun for example_dag to 2026-03-25 00:00:00+00:00, run_after=2026-03-26 00:00:00+00:00
[2026-03-26T04:23:31.949+0000] {processor.py:183} INFO - Processing /opt/airflow/dags/new_dags.py took 0.981 seconds
[2026-03-26T04:24:02.453+0000] {processor.py:161} INFO - Started process (PID=2994) to work on /opt/airflow/dags/new_dags.py
[2026-03-26T04:24:02.456+0000] {processor.py:830} INFO - Processing file /opt/airflow/dags/new_dags.py for tasks to queue
[2026-03-26T04:24:02.478+0000] {logging_mixin.py:188} INFO - [2026-03-26T04:24:02.477+0000] {dagbag.py:545} INFO - Filling up the DagBag from /opt/airflow/dags/new_dags.py
[2026-03-26T04:24:02.599+0000] {processor.py:840} INFO - DAG(s) 'example_dag' retrieved from /opt/airflow/dags/new_dags.py
[2026-03-26T04:24:02.828+0000] {logging_mixin.py:188} INFO - [2026-03-26T04:24:02.818+0000] {dag.py:3096} INFO - Sync 1 DAGs
[2026-03-26T04:24:02.922+0000] {logging_mixin.py:188} INFO - [2026-03-26T04:24:02.921+0000] {dag.py:3954} INFO - Setting next_dagrun for example_dag to 2026-03-25 00:00:00+00:00, run_after=2026-03-26 00:00:00+00:00
[2026-03-26T04:24:03.020+0000] {processor.py:183} INFO - Processing /opt/airflow/dags/new_dags.py took 0.617 seconds
[2026-03-26T04:24:33.402+0000] {processor.py:161} INFO - Started process (PID=3086) to work on /opt/airflow/dags/new_dags.py
[2026-03-26T04:24:33.404+0000] {processor.py:830} INFO - Processing file /opt/airflow/dags/new_dags.py for tasks to queue
[2026-03-26T04:24:33.415+0000] {logging_mixin.py:188} INFO - [2026-03-26T04:24:33.415+0000] {dagbag.py:545} INFO - Filling up the DagBag from /opt/airflow/dags/new_dags.py
[2026-03-26T04:24:33.624+0000] {processor.py:840} INFO - DAG(s) 'example_dag' retrieved from /opt/airflow/dags/new_dags.py
[2026-03-26T04:24:33.880+0000] {logging_mixin.py:188} INFO - [2026-03-26T04:24:33.879+0000] {dag.py:3096} INFO - Sync 1 DAGs
[2026-03-26T04:24:34.050+0000] {logging_mixin.py:188} INFO - [2026-03-26T04:24:34.050+0000] {dag.py:3954} INFO - Setting next_dagrun for example_dag to 2026-03-25 00:00:00+00:00, run_after=2026-03-26 00:00:00+00:00
[2026-03-26T04:24:34.202+0000] {processor.py:183} INFO - Processing /opt/airflow/dags/new_dags.py took 0.833 seconds
[2026-03-26T04:25:04.879+0000] {processor.py:161} INFO - Started process (PID=3157) to work on /opt/airflow/dags/new_dags.py
[2026-03-26T04:25:04.884+0000] {processor.py:830} INFO - Processing file /opt/airflow/dags/new_dags.py for tasks to queue
[2026-03-26T04:25:04.903+0000] {logging_mixin.py:188} INFO - [2026-03-26T04:25:04.902+0000] {dagbag.py:545} INFO - Filling up the DagBag from /opt/airflow/dags/new_dags.py
[2026-03-26T04:25:05.059+0000] {processor.py:840} INFO - DAG(s) 'example_dag' retrieved from /opt/airflow/dags/new_dags.py
[2026-03-26T04:25:05.201+0000] {logging_mixin.py:188} INFO - [2026-03-26T04:25:05.200+0000] {dag.py:3096} INFO - Sync 1 DAGs
[2026-03-26T04:25:05.320+0000] {logging_mixin.py:188} INFO - [2026-03-26T04:25:05.320+0000] {dag.py:3954} INFO - Setting next_dagrun for example_dag to 2026-03-25 00:00:00+00:00, run_after=2026-03-26 00:00:00+00:00
[2026-03-26T04:25:05.404+0000] {processor.py:183} INFO - Processing /opt/airflow/dags/new_dags.py took 0.584 seconds
[2026-03-26T04:25:35.772+0000] {processor.py:161} INFO - Started process (PID=3235) to work on /opt/airflow/dags/new_dags.py
[2026-03-26T04:25:35.784+0000] {processor.py:830} INFO - Processing file /opt/airflow/dags/new_dags.py for tasks to queue
[2026-03-26T04:25:35.790+0000] {logging_mixin.py:188} INFO - [2026-03-26T04:25:35.789+0000] {dagbag.py:545} INFO - Filling up the DagBag from /opt/airflow/dags/new_dags.py
[2026-03-26T04:25:35.954+0000] {processor.py:840} INFO - DAG(s) 'example_dag' retrieved from /opt/airflow/dags/new_dags.py
[2026-03-26T04:25:36.154+0000] {logging_mixin.py:188} INFO - [2026-03-26T04:25:36.154+0000] {dag.py:3096} INFO - Sync 1 DAGs
[2026-03-26T04:25:36.353+0000] {logging_mixin.py:188} INFO - [2026-03-26T04:25:36.353+0000] {dag.py:3954} INFO - Setting next_dagrun for example_dag to 2026-03-25 00:00:00+00:00, run_after=2026-03-26 00:00:00+00:00
[2026-03-26T04:25:36.469+0000] {processor.py:183} INFO - Processing /opt/airflow/dags/new_dags.py took 0.726 seconds
[2026-03-26T04:26:07.183+0000] {processor.py:161} INFO - Started process (PID=3316) to work on /opt/airflow/dags/new_dags.py
[2026-03-26T04:26:07.185+0000] {processor.py:830} INFO - Processing file /opt/airflow/dags/new_dags.py for tasks to queue
[2026-03-26T04:26:07.196+0000] {logging_mixin.py:188} INFO - [2026-03-26T04:26:07.195+0000] {dagbag.py:545} INFO - Filling up the DagBag from /opt/airflow/dags/new_dags.py
[2026-03-26T04:26:07.268+0000] {processor.py:840} INFO - DAG(s) 'example_dag' retrieved from /opt/airflow/dags/new_dags.py
[2026-03-26T04:26:07.323+0000] {logging_mixin.py:188} INFO - [2026-03-26T04:26:07.322+0000] {dag.py:3096} INFO - Sync 1 DAGs
[2026-03-26T04:26:07.355+0000] {logging_mixin.py:188} INFO - [2026-03-26T04:26:07.355+0000] {dag.py:3954} INFO - Setting next_dagrun for example_dag to 2026-03-25 00:00:00+00:00, run_after=2026-03-26 00:00:00+00:00
[2026-03-26T04:26:07.418+0000] {processor.py:183} INFO - Processing /opt/airflow/dags/new_dags.py took 0.274 seconds
[2026-03-26T04:26:37.675+0000] {processor.py:161} INFO - Started process (PID=3376) to work on /opt/airflow/dags/new_dags.py
[2026-03-26T04:26:37.678+0000] {processor.py:830} INFO - Processing file /opt/airflow/dags/new_dags.py for tasks to queue
[2026-03-26T04:26:37.683+0000] {logging_mixin.py:188} INFO - [2026-03-26T04:26:37.682+0000] {dagbag.py:545} INFO - Filling up the DagBag from /opt/airflow/dags/new_dags.py
[2026-03-26T04:26:37.729+0000] {processor.py:840} INFO - DAG(s) 'example_dag' retrieved from /opt/airflow/dags/new_dags.py
[2026-03-26T04:26:37.766+0000] {logging_mixin.py:188} INFO - [2026-03-26T04:26:37.766+0000] {dag.py:3096} INFO - Sync 1 DAGs
[2026-03-26T04:26:37.794+0000] {logging_mixin.py:188} INFO - [2026-03-26T04:26:37.794+0000] {dag.py:3954} INFO - Setting next_dagrun for example_dag to 2026-03-25 00:00:00+00:00, run_after=2026-03-26 00:00:00+00:00
[2026-03-26T04:26:38.053+0000] {processor.py:183} INFO - Processing /opt/airflow/dags/new_dags.py took 0.393 seconds
[2026-03-26T04:27:08.412+0000] {processor.py:161} INFO - Started process (PID=3458) to work on /opt/airflow/dags/new_dags.py
[2026-03-26T04:27:08.415+0000] {processor.py:830} INFO - Processing file /opt/airflow/dags/new_dags.py for tasks to queue
[2026-03-26T04:27:08.425+0000] {logging_mixin.py:188} INFO - [2026-03-26T04:27:08.425+0000] {dagbag.py:545} INFO - Filling up the DagBag from /opt/airflow/dags/new_dags.py
[2026-03-26T04:27:08.510+0000] {processor.py:840} INFO - DAG(s) 'example_dag' retrieved from /opt/airflow/dags/new_dags.py
[2026-03-26T04:27:08.624+0000] {logging_mixin.py:188} INFO - [2026-03-26T04:27:08.623+0000] {dag.py:3096} INFO - Sync 1 DAGs
[2026-03-26T04:27:08.690+0000] {logging_mixin.py:188} INFO - [2026-03-26T04:27:08.690+0000] {dag.py:3954} INFO - Setting next_dagrun for example_dag to 2026-03-25 00:00:00+00:00, run_after=2026-03-26 00:00:00+00:00
[2026-03-26T04:27:08.748+0000] {processor.py:183} INFO - Processing /opt/airflow/dags/new_dags.py took 0.392 seconds
[2026-03-26T04:27:39.179+0000] {processor.py:161} INFO - Started process (PID=3528) to work on /opt/airflow/dags/new_dags.py
[2026-03-26T04:27:39.183+0000] {processor.py:830} INFO - Processing file /opt/airflow/dags/new_dags.py for tasks to queue
[2026-03-26T04:27:39.190+0000] {logging_mixin.py:188} INFO - [2026-03-26T04:27:39.189+0000] {dagbag.py:545} INFO - Filling up the DagBag from /opt/airflow/dags/new_dags.py
[2026-03-26T04:27:39.309+0000] {processor.py:840} INFO - DAG(s) 'example_dag' retrieved from /opt/airflow/dags/new_dags.py
[2026-03-26T04:27:39.417+0000] {logging_mixin.py:188} INFO - [2026-03-26T04:27:39.417+0000] {dag.py:3096} INFO - Sync 1 DAGs
[2026-03-26T04:27:39.609+0000] {logging_mixin.py:188} INFO - [2026-03-26T04:27:39.609+0000] {dag.py:3954} INFO - Setting next_dagrun for example_dag to 2026-03-25 00:00:00+00:00, run_after=2026-03-26 00:00:00+00:00
[2026-03-26T04:27:39.690+0000] {processor.py:183} INFO - Processing /opt/airflow/dags/new_dags.py took 0.569 seconds
[2026-03-26T04:28:10.385+0000] {processor.py:161} INFO - Started process (PID=3591) to work on /opt/airflow/dags/new_dags.py
[2026-03-26T04:28:10.389+0000] {processor.py:830} INFO - Processing file /opt/airflow/dags/new_dags.py for tasks to queue
[2026-03-26T04:28:10.395+0000] {logging_mixin.py:188} INFO - [2026-03-26T04:28:10.394+0000] {dagbag.py:545} INFO - Filling up the DagBag from /opt/airflow/dags/new_dags.py
[2026-03-26T04:28:10.596+0000] {processor.py:840} INFO - DAG(s) 'example_dag' retrieved from /opt/airflow/dags/new_dags.py
[2026-03-26T04:28:10.742+0000] {logging_mixin.py:188} INFO - [2026-03-26T04:28:10.741+0000] {dag.py:3096} INFO - Sync 1 DAGs
[2026-03-26T04:28:10.851+0000] {logging_mixin.py:188} INFO - [2026-03-26T04:28:10.850+0000] {dag.py:3954} INFO - Setting next_dagrun for example_dag to 2026-03-25 00:00:00+00:00, run_after=2026-03-26 00:00:00+00:00
[2026-03-26T04:28:10.903+0000] {processor.py:183} INFO - Processing /opt/airflow/dags/new_dags.py took 0.605 seconds
[2026-03-26T04:28:41.231+0000] {processor.py:161} INFO - Started process (PID=3651) to work on /opt/airflow/dags/new_dags.py
[2026-03-26T04:28:41.245+0000] {processor.py:830} INFO - Processing file /opt/airflow/dags/new_dags.py for tasks to queue
[2026-03-26T04:28:41.259+0000] {logging_mixin.py:188} INFO - [2026-03-26T04:28:41.258+0000] {dagbag.py:545} INFO - Filling up the DagBag from /opt/airflow/dags/new_dags.py
[2026-03-26T04:28:41.425+0000] {processor.py:840} INFO - DAG(s) 'example_dag' retrieved from /opt/airflow/dags/new_dags.py
[2026-03-26T04:28:41.525+0000] {logging_mixin.py:188} INFO - [2026-03-26T04:28:41.523+0000] {dag.py:3096} INFO - Sync 1 DAGs
[2026-03-26T04:28:41.624+0000] {logging_mixin.py:188} INFO - [2026-03-26T04:28:41.623+0000] {dag.py:3954} INFO - Setting next_dagrun for example_dag to 2026-03-25 00:00:00+00:00, run_after=2026-03-26 00:00:00+00:00
[2026-03-26T04:28:41.788+0000] {processor.py:183} INFO - Processing /opt/airflow/dags/new_dags.py took 0.606 seconds
[2026-03-26T04:29:12.138+0000] {processor.py:161} INFO - Started process (PID=3723) to work on /opt/airflow/dags/new_dags.py
[2026-03-26T04:29:12.140+0000] {processor.py:830} INFO - Processing file /opt/airflow/dags/new_dags.py for tasks to queue
[2026-03-26T04:29:12.149+0000] {logging_mixin.py:188} INFO - [2026-03-26T04:29:12.148+0000] {dagbag.py:545} INFO - Filling up the DagBag from /opt/airflow/dags/new_dags.py
[2026-03-26T04:29:12.299+0000] {processor.py:840} INFO - DAG(s) 'example_dag' retrieved from /opt/airflow/dags/new_dags.py
[2026-03-26T04:29:12.414+0000] {logging_mixin.py:188} INFO - [2026-03-26T04:29:12.413+0000] {dag.py:3096} INFO - Sync 1 DAGs
[2026-03-26T04:29:12.549+0000] {logging_mixin.py:188} INFO - [2026-03-26T04:29:12.548+0000] {dag.py:3954} INFO - Setting next_dagrun for example_dag to 2026-03-25 00:00:00+00:00, run_after=2026-03-26 00:00:00+00:00
[2026-03-26T04:29:12.605+0000] {processor.py:183} INFO - Processing /opt/airflow/dags/new_dags.py took 0.509 seconds
[2026-03-26T04:29:42.902+0000] {processor.py:161} INFO - Started process (PID=3805) to work on /opt/airflow/dags/new_dags.py
[2026-03-26T04:29:42.911+0000] {processor.py:830} INFO - Processing file /opt/airflow/dags/new_dags.py for tasks to queue
[2026-03-26T04:29:42.941+0000] {logging_mixin.py:188} INFO - [2026-03-26T04:29:42.936+0000] {dagbag.py:545} INFO - Filling up the DagBag from /opt/airflow/dags/new_dags.py
[2026-03-26T04:29:43.020+0000] {processor.py:840} INFO - DAG(s) 'example_dag' retrieved from /opt/airflow/dags/new_dags.py
[2026-03-26T04:29:43.194+0000] {logging_mixin.py:188} INFO - [2026-03-26T04:29:43.187+0000] {dag.py:3096} INFO - Sync 1 DAGs
[2026-03-26T04:29:43.294+0000] {logging_mixin.py:188} INFO - [2026-03-26T04:29:43.293+0000] {dag.py:3954} INFO - Setting next_dagrun for example_dag to 2026-03-25 00:00:00+00:00, run_after=2026-03-26 00:00:00+00:00
[2026-03-26T04:29:43.359+0000] {processor.py:183} INFO - Processing /opt/airflow/dags/new_dags.py took 0.532 seconds
[2026-03-26T04:30:13.940+0000] {processor.py:161} INFO - Started process (PID=3882) to work on /opt/airflow/dags/new_dags.py
[2026-03-26T04:30:13.946+0000] {processor.py:830} INFO - Processing file /opt/airflow/dags/new_dags.py for tasks to queue
[2026-03-26T04:30:13.954+0000] {logging_mixin.py:188} INFO - [2026-03-26T04:30:13.954+0000] {dagbag.py:545} INFO - Filling up the DagBag from /opt/airflow/dags/new_dags.py
[2026-03-26T04:30:14.076+0000] {processor.py:840} INFO - DAG(s) 'example_dag' retrieved from /opt/airflow/dags/new_dags.py
[2026-03-26T04:30:14.219+0000] {logging_mixin.py:188} INFO - [2026-03-26T04:30:14.218+0000] {dag.py:3096} INFO - Sync 1 DAGs
[2026-03-26T04:30:14.280+0000] {logging_mixin.py:188} INFO - [2026-03-26T04:30:14.279+0000] {dag.py:3954} INFO - Setting next_dagrun for example_dag to 2026-03-25 00:00:00+00:00, run_after=2026-03-26 00:00:00+00:00
[2026-03-26T04:30:14.372+0000] {processor.py:183} INFO - Processing /opt/airflow/dags/new_dags.py took 0.460 seconds
[2026-03-26T04:30:44.933+0000] {processor.py:161} INFO - Started process (PID=3948) to work on /opt/airflow/dags/new_dags.py
[2026-03-26T04:30:44.935+0000] {processor.py:830} INFO - Processing file /opt/airflow/dags/new_dags.py for tasks to queue
[2026-03-26T04:30:44.943+0000] {logging_mixin.py:188} INFO - [2026-03-26T04:30:44.942+0000] {dagbag.py:545} INFO - Filling up the DagBag from /opt/airflow/dags/new_dags.py
[2026-03-26T04:30:45.166+0000] {processor.py:840} INFO - DAG(s) 'example_dag' retrieved from /opt/airflow/dags/new_dags.py
[2026-03-26T04:30:45.298+0000] {logging_mixin.py:188} INFO - [2026-03-26T04:30:45.297+0000] {dag.py:3096} INFO - Sync 1 DAGs
[2026-03-26T04:30:45.447+0000] {logging_mixin.py:188} INFO - [2026-03-26T04:30:45.447+0000] {dag.py:3954} INFO - Setting next_dagrun for example_dag to 2026-03-25 00:00:00+00:00, run_after=2026-03-26 00:00:00+00:00
[2026-03-26T04:30:45.564+0000] {processor.py:183} INFO - Processing /opt/airflow/dags/new_dags.py took 0.680 seconds
[2026-03-26T04:31:16.449+0000] {processor.py:161} INFO - Started process (PID=4014) to work on /opt/airflow/dags/new_dags.py
[2026-03-26T04:31:16.452+0000] {processor.py:830} INFO - Processing file /opt/airflow/dags/new_dags.py for tasks to queue
[2026-03-26T04:31:16.460+0000] {logging_mixin.py:188} INFO - [2026-03-26T04:31:16.459+0000] {dagbag.py:545} INFO - Filling up the DagBag from /opt/airflow/dags/new_dags.py
[2026-03-26T04:31:16.596+0000] {processor.py:840} INFO - DAG(s) 'example_dag' retrieved from /opt/airflow/dags/new_dags.py
[2026-03-26T04:31:16.767+0000] {logging_mixin.py:188} INFO - [2026-03-26T04:31:16.767+0000] {dag.py:3096} INFO - Sync 1 DAGs
[2026-03-26T04:31:16.912+0000] {logging_mixin.py:188} INFO - [2026-03-26T04:31:16.912+0000] {dag.py:3954} INFO - Setting next_dagrun for example_dag to 2026-03-25 00:00:00+00:00, run_after=2026-03-26 00:00:00+00:00
[2026-03-26T04:31:17.107+0000] {processor.py:183} INFO - Processing /opt/airflow/dags/new_dags.py took 0.695 seconds
[2026-03-26T04:31:48.099+0000] {processor.py:161} INFO - Started process (PID=4094) to work on /opt/airflow/dags/new_dags.py
[2026-03-26T04:31:48.106+0000] {processor.py:830} INFO - Processing file /opt/airflow/dags/new_dags.py for tasks to queue
[2026-03-26T04:31:48.116+0000] {logging_mixin.py:188} INFO - [2026-03-26T04:31:48.115+0000] {dagbag.py:545} INFO - Filling up the DagBag from /opt/airflow/dags/new_dags.py
[2026-03-26T04:31:48.274+0000] {processor.py:840} INFO - DAG(s) 'example_dag' retrieved from /opt/airflow/dags/new_dags.py
[2026-03-26T04:31:48.597+0000] {logging_mixin.py:188} INFO - [2026-03-26T04:31:48.596+0000] {dag.py:3096} INFO - Sync 1 DAGs
[2026-03-26T04:31:48.755+0000] {logging_mixin.py:188} INFO - [2026-03-26T04:31:48.755+0000] {dag.py:3954} INFO - Setting next_dagrun for example_dag to 2026-03-25 00:00:00+00:00, run_after=2026-03-26 00:00:00+00:00
[2026-03-26T04:31:48.837+0000] {processor.py:183} INFO - Processing /opt/airflow/dags/new_dags.py took 0.824 seconds
[2026-03-26T04:32:19.727+0000] {processor.py:161} INFO - Started process (PID=4167) to work on /opt/airflow/dags/new_dags.py
[2026-03-26T04:32:19.736+0000] {processor.py:830} INFO - Processing file /opt/airflow/dags/new_dags.py for tasks to queue
[2026-03-26T04:32:19.742+0000] {logging_mixin.py:188} INFO - [2026-03-26T04:32:19.741+0000] {dagbag.py:545} INFO - Filling up the DagBag from /opt/airflow/dags/new_dags.py
[2026-03-26T04:32:19.813+0000] {processor.py:840} INFO - DAG(s) 'example_dag' retrieved from /opt/airflow/dags/new_dags.py
[2026-03-26T04:32:19.884+0000] {logging_mixin.py:188} INFO - [2026-03-26T04:32:19.884+0000] {dag.py:3096} INFO - Sync 1 DAGs
[2026-03-26T04:32:19.939+0000] {logging_mixin.py:188} INFO - [2026-03-26T04:32:19.937+0000] {dag.py:3954} INFO - Setting next_dagrun for example_dag to 2026-03-25 00:00:00+00:00, run_after=2026-03-26 00:00:00+00:00
[2026-03-26T04:32:19.986+0000] {processor.py:183} INFO - Processing /opt/airflow/dags/new_dags.py took 0.283 seconds
[2026-03-26T04:32:50.331+0000] {processor.py:161} INFO - Started process (PID=4219) to work on /opt/airflow/dags/new_dags.py
[2026-03-26T04:32:50.333+0000] {processor.py:830} INFO - Processing file /opt/airflow/dags/new_dags.py for tasks to queue
[2026-03-26T04:32:50.339+0000] {logging_mixin.py:188} INFO - [2026-03-26T04:32:50.338+0000] {dagbag.py:545} INFO - Filling up the DagBag from /opt/airflow/dags/new_dags.py
[2026-03-26T04:32:50.387+0000] {processor.py:840} INFO - DAG(s) 'example_dag' retrieved from /opt/airflow/dags/new_dags.py
[2026-03-26T04:32:50.451+0000] {logging_mixin.py:188} INFO - [2026-03-26T04:32:50.450+0000] {dag.py:3096} INFO - Sync 1 DAGs
[2026-03-26T04:32:50.517+0000] {logging_mixin.py:188} INFO - [2026-03-26T04:32:50.516+0000] {dag.py:3954} INFO - Setting next_dagrun for example_dag to 2026-03-25 00:00:00+00:00, run_after=2026-03-26 00:00:00+00:00
[2026-03-26T04:32:50.555+0000] {processor.py:183} INFO - Processing /opt/airflow/dags/new_dags.py took 0.243 seconds
[2026-03-26T04:33:20.887+0000] {processor.py:161} INFO - Started process (PID=4293) to work on /opt/airflow/dags/new_dags.py
[2026-03-26T04:33:20.890+0000] {processor.py:830} INFO - Processing file /opt/airflow/dags/new_dags.py for tasks to queue
[2026-03-26T04:33:20.895+0000] {logging_mixin.py:188} INFO - [2026-03-26T04:33:20.894+0000] {dagbag.py:545} INFO - Filling up the DagBag from /opt/airflow/dags/new_dags.py
[2026-03-26T04:33:20.998+0000] {processor.py:840} INFO - DAG(s) 'example_dag' retrieved from /opt/airflow/dags/new_dags.py
[2026-03-26T04:33:21.133+0000] {logging_mixin.py:188} INFO - [2026-03-26T04:33:21.132+0000] {dag.py:3096} INFO - Sync 1 DAGs
[2026-03-26T04:33:21.223+0000] {logging_mixin.py:188} INFO - [2026-03-26T04:33:21.223+0000] {dag.py:3954} INFO - Setting next_dagrun for example_dag to 2026-03-25 00:00:00+00:00, run_after=2026-03-26 00:00:00+00:00
[2026-03-26T04:33:21.265+0000] {processor.py:183} INFO - Processing /opt/airflow/dags/new_dags.py took 0.396 seconds
[2026-03-26T04:33:51.942+0000] {processor.py:161} INFO - Started process (PID=4329) to work on /opt/airflow/dags/new_dags.py
[2026-03-26T04:33:51.943+0000] {processor.py:830} INFO - Processing file /opt/airflow/dags/new_dags.py for tasks to queue
[2026-03-26T04:33:51.947+0000] {logging_mixin.py:188} INFO - [2026-03-26T04:33:51.947+0000] {dagbag.py:545} INFO - Filling up the DagBag from /opt/airflow/dags/new_dags.py
[2026-03-26T04:33:51.983+0000] {processor.py:840} INFO - DAG(s) 'example_dag' retrieved from /opt/airflow/dags/new_dags.py
[2026-03-26T04:33:52.027+0000] {logging_mixin.py:188} INFO - [2026-03-26T04:33:52.027+0000] {dag.py:3096} INFO - Sync 1 DAGs
[2026-03-26T04:33:52.062+0000] {logging_mixin.py:188} INFO - [2026-03-26T04:33:52.062+0000] {dag.py:3954} INFO - Setting next_dagrun for example_dag to 2026-03-25 00:00:00+00:00, run_after=2026-03-26 00:00:00+00:00
[2026-03-26T04:33:52.094+0000] {processor.py:183} INFO - Processing /opt/airflow/dags/new_dags.py took 0.166 seconds
[2026-03-26T04:34:22.594+0000] {processor.py:161} INFO - Started process (PID=4355) to work on /opt/airflow/dags/new_dags.py
[2026-03-26T04:34:22.596+0000] {processor.py:830} INFO - Processing file /opt/airflow/dags/new_dags.py for tasks to queue
[2026-03-26T04:34:22.600+0000] {logging_mixin.py:188} INFO - [2026-03-26T04:34:22.599+0000] {dagbag.py:545} INFO - Filling up the DagBag from /opt/airflow/dags/new_dags.py
[2026-03-26T04:34:22.639+0000] {processor.py:840} INFO - DAG(s) 'example_dag' retrieved from /opt/airflow/dags/new_dags.py
[2026-03-26T04:34:22.679+0000] {logging_mixin.py:188} INFO - [2026-03-26T04:34:22.679+0000] {dag.py:3096} INFO - Sync 1 DAGs
[2026-03-26T04:34:22.705+0000] {logging_mixin.py:188} INFO - [2026-03-26T04:34:22.705+0000] {dag.py:3954} INFO - Setting next_dagrun for example_dag to 2026-03-25 00:00:00+00:00, run_after=2026-03-26 00:00:00+00:00
[2026-03-26T04:34:22.730+0000] {processor.py:183} INFO - Processing /opt/airflow/dags/new_dags.py took 0.146 seconds
[2026-03-26T04:34:53.356+0000] {processor.py:161} INFO - Started process (PID=4381) to work on /opt/airflow/dags/new_dags.py
[2026-03-26T04:34:53.359+0000] {processor.py:830} INFO - Processing file /opt/airflow/dags/new_dags.py for tasks to queue
[2026-03-26T04:34:53.365+0000] {logging_mixin.py:188} INFO - [2026-03-26T04:34:53.364+0000] {dagbag.py:545} INFO - Filling up the DagBag from /opt/airflow/dags/new_dags.py
[2026-03-26T04:34:53.432+0000] {processor.py:840} INFO - DAG(s) 'example_dag' retrieved from /opt/airflow/dags/new_dags.py
[2026-03-26T04:34:53.485+0000] {logging_mixin.py:188} INFO - [2026-03-26T04:34:53.485+0000] {dag.py:3096} INFO - Sync 1 DAGs
[2026-03-26T04:34:53.520+0000] {logging_mixin.py:188} INFO - [2026-03-26T04:34:53.520+0000] {dag.py:3954} INFO - Setting next_dagrun for example_dag to 2026-03-25 00:00:00+00:00, run_after=2026-03-26 00:00:00+00:00
[2026-03-26T04:34:53.551+0000] {processor.py:183} INFO - Processing /opt/airflow/dags/new_dags.py took 0.212 seconds
[2026-03-26T04:35:24.070+0000] {processor.py:161} INFO - Started process (PID=4407) to work on /opt/airflow/dags/new_dags.py
[2026-03-26T04:35:24.072+0000] {processor.py:830} INFO - Processing file /opt/airflow/dags/new_dags.py for tasks to queue
[2026-03-26T04:35:24.075+0000] {logging_mixin.py:188} INFO - [2026-03-26T04:35:24.075+0000] {dagbag.py:545} INFO - Filling up the DagBag from /opt/airflow/dags/new_dags.py
[2026-03-26T04:35:24.125+0000] {processor.py:840} INFO - DAG(s) 'example_dag' retrieved from /opt/airflow/dags/new_dags.py
[2026-03-26T04:35:24.168+0000] {logging_mixin.py:188} INFO - [2026-03-26T04:35:24.168+0000] {dag.py:3096} INFO - Sync 1 DAGs
[2026-03-26T04:35:24.202+0000] {logging_mixin.py:188} INFO - [2026-03-26T04:35:24.202+0000] {dag.py:3954} INFO - Setting next_dagrun for example_dag to 2026-03-25 00:00:00+00:00, run_after=2026-03-26 00:00:00+00:00
[2026-03-26T04:35:24.222+0000] {processor.py:183} INFO - Processing /opt/airflow/dags/new_dags.py took 0.165 seconds
[2026-03-26T04:35:54.797+0000] {processor.py:161} INFO - Started process (PID=4433) to work on /opt/airflow/dags/new_dags.py
[2026-03-26T04:35:54.799+0000] {processor.py:830} INFO - Processing file /opt/airflow/dags/new_dags.py for tasks to queue
[2026-03-26T04:35:54.801+0000] {logging_mixin.py:188} INFO - [2026-03-26T04:35:54.801+0000] {dagbag.py:545} INFO - Filling up the DagBag from /opt/airflow/dags/new_dags.py
[2026-03-26T04:35:54.837+0000] {processor.py:840} INFO - DAG(s) 'example_dag' retrieved from /opt/airflow/dags/new_dags.py
[2026-03-26T04:35:54.864+0000] {logging_mixin.py:188} INFO - [2026-03-26T04:35:54.864+0000] {dag.py:3096} INFO - Sync 1 DAGs
[2026-03-26T04:35:54.884+0000] {logging_mixin.py:188} INFO - [2026-03-26T04:35:54.884+0000] {dag.py:3954} INFO - Setting next_dagrun for example_dag to 2026-03-25 00:00:00+00:00, run_after=2026-03-26 00:00:00+00:00
[2026-03-26T04:35:54.908+0000] {processor.py:183} INFO - Processing /opt/airflow/dags/new_dags.py took 0.118 seconds
[2026-03-26T04:36:25.477+0000] {processor.py:161} INFO - Started process (PID=4460) to work on /opt/airflow/dags/new_dags.py
[2026-03-26T04:36:25.479+0000] {processor.py:830} INFO - Processing file /opt/airflow/dags/new_dags.py for tasks to queue
[2026-03-26T04:36:25.481+0000] {logging_mixin.py:188} INFO - [2026-03-26T04:36:25.481+0000] {dagbag.py:545} INFO - Filling up the DagBag from /opt/airflow/dags/new_dags.py
[2026-03-26T04:36:25.514+0000] {processor.py:840} INFO - DAG(s) 'example_dag' retrieved from /opt/airflow/dags/new_dags.py
[2026-03-26T04:36:25.545+0000] {logging_mixin.py:188} INFO - [2026-03-26T04:36:25.545+0000] {dag.py:3096} INFO - Sync 1 DAGs
[2026-03-26T04:36:25.568+0000] {logging_mixin.py:188} INFO - [2026-03-26T04:36:25.568+0000] {dag.py:3954} INFO - Setting next_dagrun for example_dag to 2026-03-25 00:00:00+00:00, run_after=2026-03-26 00:00:00+00:00
[2026-03-26T04:36:25.590+0000] {processor.py:183} INFO - Processing /opt/airflow/dags/new_dags.py took 0.120 seconds
[2026-03-26T04:36:56.213+0000] {processor.py:161} INFO - Started process (PID=4486) to work on /opt/airflow/dags/new_dags.py
[2026-03-26T04:36:56.215+0000] {processor.py:830} INFO - Processing file /opt/airflow/dags/new_dags.py for tasks to queue
[2026-03-26T04:36:56.218+0000] {logging_mixin.py:188} INFO - [2026-03-26T04:36:56.217+0000] {dagbag.py:545} INFO - Filling up the DagBag from /opt/airflow/dags/new_dags.py
[2026-03-26T04:36:56.252+0000] {processor.py:840} INFO - DAG(s) 'example_dag' retrieved from /opt/airflow/dags/new_dags.py
[2026-03-26T04:36:56.278+0000] {logging_mixin.py:188} INFO - [2026-03-26T04:36:56.278+0000] {dag.py:3096} INFO - Sync 1 DAGs
[2026-03-26T04:36:56.299+0000] {logging_mixin.py:188} INFO - [2026-03-26T04:36:56.299+0000] {dag.py:3954} INFO - Setting next_dagrun for example_dag to 2026-03-25 00:00:00+00:00, run_after=2026-03-26 00:00:00+00:00
[2026-03-26T04:36:56.325+0000] {processor.py:183} INFO - Processing /opt/airflow/dags/new_dags.py took 0.118 seconds
[2026-03-26T04:37:26.949+0000] {processor.py:161} INFO - Started process (PID=4513) to work on /opt/airflow/dags/new_dags.py
[2026-03-26T04:37:26.950+0000] {processor.py:830} INFO - Processing file /opt/airflow/dags/new_dags.py for tasks to queue
[2026-03-26T04:37:26.954+0000] {logging_mixin.py:188} INFO - [2026-03-26T04:37:26.953+0000] {dagbag.py:545} INFO - Filling up the DagBag from /opt/airflow/dags/new_dags.py
[2026-03-26T04:37:26.985+0000] {processor.py:840} INFO - DAG(s) 'example_dag' retrieved from /opt/airflow/dags/new_dags.py
[2026-03-26T04:37:27.017+0000] {logging_mixin.py:188} INFO - [2026-03-26T04:37:27.017+0000] {dag.py:3096} INFO - Sync 1 DAGs
[2026-03-26T04:37:27.048+0000] {logging_mixin.py:188} INFO - [2026-03-26T04:37:27.047+0000] {dag.py:3954} INFO - Setting next_dagrun for example_dag to 2026-03-25 00:00:00+00:00, run_after=2026-03-26 00:00:00+00:00
[2026-03-26T04:37:27.076+0000] {processor.py:183} INFO - Processing /opt/airflow/dags/new_dags.py took 0.135 seconds
[2026-03-26T04:37:57.646+0000] {processor.py:161} INFO - Started process (PID=4539) to work on /opt/airflow/dags/new_dags.py
[2026-03-26T04:37:57.647+0000] {processor.py:830} INFO - Processing file /opt/airflow/dags/new_dags.py for tasks to queue
[2026-03-26T04:37:57.650+0000] {logging_mixin.py:188} INFO - [2026-03-26T04:37:57.650+0000] {dagbag.py:545} INFO - Filling up the DagBag from /opt/airflow/dags/new_dags.py
[2026-03-26T04:37:57.678+0000] {processor.py:840} INFO - DAG(s) 'example_dag' retrieved from /opt/airflow/dags/new_dags.py
[2026-03-26T04:37:57.712+0000] {logging_mixin.py:188} INFO - [2026-03-26T04:37:57.711+0000] {dag.py:3096} INFO - Sync 1 DAGs
[2026-03-26T04:37:57.737+0000] {logging_mixin.py:188} INFO - [2026-03-26T04:37:57.737+0000] {dag.py:3954} INFO - Setting next_dagrun for example_dag to 2026-03-25 00:00:00+00:00, run_after=2026-03-26 00:00:00+00:00
[2026-03-26T04:37:58.534+0000] {processor.py:183} INFO - Processing /opt/airflow/dags/new_dags.py took 0.897 seconds
[2026-03-26T04:38:28.888+0000] {processor.py:161} INFO - Started process (PID=4565) to work on /opt/airflow/dags/new_dags.py
[2026-03-26T04:38:28.889+0000] {processor.py:830} INFO - Processing file /opt/airflow/dags/new_dags.py for tasks to queue
[2026-03-26T04:38:28.893+0000] {logging_mixin.py:188} INFO - [2026-03-26T04:38:28.892+0000] {dagbag.py:545} INFO - Filling up the DagBag from /opt/airflow/dags/new_dags.py
[2026-03-26T04:38:28.930+0000] {processor.py:840} INFO - DAG(s) 'example_dag' retrieved from /opt/airflow/dags/new_dags.py
[2026-03-26T04:38:28.965+0000] {logging_mixin.py:188} INFO - [2026-03-26T04:38:28.964+0000] {dag.py:3096} INFO - Sync 1 DAGs
[2026-03-26T04:38:28.997+0000] {logging_mixin.py:188} INFO - [2026-03-26T04:38:28.997+0000] {dag.py:3954} INFO - Setting next_dagrun for example_dag to 2026-03-25 00:00:00+00:00, run_after=2026-03-26 00:00:00+00:00
[2026-03-26T04:38:29.029+0000] {processor.py:183} INFO - Processing /opt/airflow/dags/new_dags.py took 0.149 seconds
[2026-03-26T04:38:59.584+0000] {processor.py:161} INFO - Started process (PID=4592) to work on /opt/airflow/dags/new_dags.py
[2026-03-26T04:38:59.585+0000] {processor.py:830} INFO - Processing file /opt/airflow/dags/new_dags.py for tasks to queue
[2026-03-26T04:38:59.588+0000] {logging_mixin.py:188} INFO - [2026-03-26T04:38:59.588+0000] {dagbag.py:545} INFO - Filling up the DagBag from /opt/airflow/dags/new_dags.py
[2026-03-26T04:38:59.657+0000] {processor.py:840} INFO - DAG(s) 'example_dag' retrieved from /opt/airflow/dags/new_dags.py
[2026-03-26T04:38:59.697+0000] {logging_mixin.py:188} INFO - [2026-03-26T04:38:59.696+0000] {dag.py:3096} INFO - Sync 1 DAGs
[2026-03-26T04:38:59.739+0000] {logging_mixin.py:188} INFO - [2026-03-26T04:38:59.738+0000] {dag.py:3954} INFO - Setting next_dagrun for example_dag to 2026-03-25 00:00:00+00:00, run_after=2026-03-26 00:00:00+00:00
[2026-03-26T04:38:59.772+0000] {processor.py:183} INFO - Processing /opt/airflow/dags/new_dags.py took 0.207 seconds
[2026-03-26T04:39:30.469+0000] {processor.py:161} INFO - Started process (PID=4618) to work on /opt/airflow/dags/new_dags.py
[2026-03-26T04:39:30.471+0000] {processor.py:830} INFO - Processing file /opt/airflow/dags/new_dags.py for tasks to queue
[2026-03-26T04:39:30.474+0000] {logging_mixin.py:188} INFO - [2026-03-26T04:39:30.473+0000] {dagbag.py:545} INFO - Filling up the DagBag from /opt/airflow/dags/new_dags.py
[2026-03-26T04:39:30.517+0000] {processor.py:840} INFO - DAG(s) 'example_dag' retrieved from /opt/airflow/dags/new_dags.py
[2026-03-26T04:39:30.550+0000] {logging_mixin.py:188} INFO - [2026-03-26T04:39:30.549+0000] {dag.py:3096} INFO - Sync 1 DAGs
[2026-03-26T04:39:30.576+0000] {logging_mixin.py:188} INFO - [2026-03-26T04:39:30.575+0000] {dag.py:3954} INFO - Setting next_dagrun for example_dag to 2026-03-25 00:00:00+00:00, run_after=2026-03-26 00:00:00+00:00
[2026-03-26T04:39:30.603+0000] {processor.py:183} INFO - Processing /opt/airflow/dags/new_dags.py took 0.141 seconds
[2026-03-26T04:40:01.388+0000] {processor.py:161} INFO - Started process (PID=4645) to work on /opt/airflow/dags/new_dags.py
[2026-03-26T04:40:01.389+0000] {processor.py:830} INFO - Processing file /opt/airflow/dags/new_dags.py for tasks to queue
[2026-03-26T04:40:01.392+0000] {logging_mixin.py:188} INFO - [2026-03-26T04:40:01.391+0000] {dagbag.py:545} INFO - Filling up the DagBag from /opt/airflow/dags/new_dags.py
[2026-03-26T04:40:01.430+0000] {processor.py:840} INFO - DAG(s) 'example_dag' retrieved from /opt/airflow/dags/new_dags.py
[2026-03-26T04:40:01.458+0000] {logging_mixin.py:188} INFO - [2026-03-26T04:40:01.458+0000] {dag.py:3096} INFO - Sync 1 DAGs
[2026-03-26T04:40:01.481+0000] {logging_mixin.py:188} INFO - [2026-03-26T04:40:01.481+0000] {dag.py:3954} INFO - Setting next_dagrun for example_dag to 2026-03-25 00:00:00+00:00, run_after=2026-03-26 00:00:00+00:00
[2026-03-26T04:40:01.505+0000] {processor.py:183} INFO - Processing /opt/airflow/dags/new_dags.py took 0.124 seconds
[2026-03-26T04:40:32.097+0000] {processor.py:161} INFO - Started process (PID=4671) to work on /opt/airflow/dags/new_dags.py
[2026-03-26T04:40:32.098+0000] {processor.py:830} INFO - Processing file /opt/airflow/dags/new_dags.py for tasks to queue
[2026-03-26T04:40:32.101+0000] {logging_mixin.py:188} INFO - [2026-03-26T04:40:32.100+0000] {dagbag.py:545} INFO - Filling up the DagBag from /opt/airflow/dags/new_dags.py
[2026-03-26T04:40:32.139+0000] {processor.py:840} INFO - DAG(s) 'example_dag' retrieved from /opt/airflow/dags/new_dags.py
[2026-03-26T04:40:32.167+0000] {logging_mixin.py:188} INFO - [2026-03-26T04:40:32.167+0000] {dag.py:3096} INFO - Sync 1 DAGs
[2026-03-26T04:40:32.188+0000] {logging_mixin.py:188} INFO - [2026-03-26T04:40:32.188+0000] {dag.py:3954} INFO - Setting next_dagrun for example_dag to 2026-03-25 00:00:00+00:00, run_after=2026-03-26 00:00:00+00:00
[2026-03-26T04:40:32.213+0000] {processor.py:183} INFO - Processing /opt/airflow/dags/new_dags.py took 0.122 seconds
[2026-03-26T04:41:02.913+0000] {processor.py:161} INFO - Started process (PID=4697) to work on /opt/airflow/dags/new_dags.py
[2026-03-26T04:41:02.915+0000] {processor.py:830} INFO - Processing file /opt/airflow/dags/new_dags.py for tasks to queue
[2026-03-26T04:41:02.917+0000] {logging_mixin.py:188} INFO - [2026-03-26T04:41:02.917+0000] {dagbag.py:545} INFO - Filling up the DagBag from /opt/airflow/dags/new_dags.py
[2026-03-26T04:41:02.960+0000] {processor.py:840} INFO - DAG(s) 'example_dag' retrieved from /opt/airflow/dags/new_dags.py
[2026-03-26T04:41:02.994+0000] {logging_mixin.py:188} INFO - [2026-03-26T04:41:02.994+0000] {dag.py:3096} INFO - Sync 1 DAGs
[2026-03-26T04:41:03.018+0000] {logging_mixin.py:188} INFO - [2026-03-26T04:41:03.017+0000] {dag.py:3954} INFO - Setting next_dagrun for example_dag to 2026-03-25 00:00:00+00:00, run_after=2026-03-26 00:00:00+00:00
[2026-03-26T04:41:03.057+0000] {processor.py:183} INFO - Processing /opt/airflow/dags/new_dags.py took 0.151 seconds
[2026-03-26T04:41:33.723+0000] {processor.py:161} INFO - Started process (PID=4723) to work on /opt/airflow/dags/new_dags.py
[2026-03-26T04:41:33.725+0000] {processor.py:830} INFO - Processing file /opt/airflow/dags/new_dags.py for tasks to queue
[2026-03-26T04:41:33.729+0000] {logging_mixin.py:188} INFO - [2026-03-26T04:41:33.729+0000] {dagbag.py:545} INFO - Filling up the DagBag from /opt/airflow/dags/new_dags.py
[2026-03-26T04:41:33.768+0000] {processor.py:840} INFO - DAG(s) 'example_dag' retrieved from /opt/airflow/dags/new_dags.py
[2026-03-26T04:41:33.803+0000] {logging_mixin.py:188} INFO - [2026-03-26T04:41:33.802+0000] {dag.py:3096} INFO - Sync 1 DAGs
[2026-03-26T04:41:33.828+0000] {logging_mixin.py:188} INFO - [2026-03-26T04:41:33.828+0000] {dag.py:3954} INFO - Setting next_dagrun for example_dag to 2026-03-25 00:00:00+00:00, run_after=2026-03-26 00:00:00+00:00
[2026-03-26T04:41:33.854+0000] {processor.py:183} INFO - Processing /opt/airflow/dags/new_dags.py took 0.137 seconds
[2026-03-26T04:42:04.054+0000] {processor.py:161} INFO - Started process (PID=4749) to work on /opt/airflow/dags/new_dags.py
[2026-03-26T04:42:04.056+0000] {processor.py:830} INFO - Processing file /opt/airflow/dags/new_dags.py for tasks to queue
[2026-03-26T04:42:04.059+0000] {logging_mixin.py:188} INFO - [2026-03-26T04:42:04.059+0000] {dagbag.py:545} INFO - Filling up the DagBag from /opt/airflow/dags/new_dags.py
[2026-03-26T04:42:04.108+0000] {processor.py:840} INFO - DAG(s) 'example_dag' retrieved from /opt/airflow/dags/new_dags.py
[2026-03-26T04:42:04.142+0000] {logging_mixin.py:188} INFO - [2026-03-26T04:42:04.142+0000] {dag.py:3096} INFO - Sync 1 DAGs
[2026-03-26T04:42:04.167+0000] {logging_mixin.py:188} INFO - [2026-03-26T04:42:04.166+0000] {dag.py:3954} INFO - Setting next_dagrun for example_dag to 2026-03-25 00:00:00+00:00, run_after=2026-03-26 00:00:00+00:00
[2026-03-26T04:42:04.192+0000] {processor.py:183} INFO - Processing /opt/airflow/dags/new_dags.py took 0.147 seconds
[2026-03-26T04:42:34.838+0000] {processor.py:161} INFO - Started process (PID=4775) to work on /opt/airflow/dags/new_dags.py
[2026-03-26T04:42:34.839+0000] {processor.py:830} INFO - Processing file /opt/airflow/dags/new_dags.py for tasks to queue
[2026-03-26T04:42:34.842+0000] {logging_mixin.py:188} INFO - [2026-03-26T04:42:34.842+0000] {dagbag.py:545} INFO - Filling up the DagBag from /opt/airflow/dags/new_dags.py
[2026-03-26T04:42:34.883+0000] {processor.py:840} INFO - DAG(s) 'example_dag' retrieved from /opt/airflow/dags/new_dags.py
[2026-03-26T04:42:34.915+0000] {logging_mixin.py:188} INFO - [2026-03-26T04:42:34.915+0000] {dag.py:3096} INFO - Sync 1 DAGs
[2026-03-26T04:42:34.938+0000] {logging_mixin.py:188} INFO - [2026-03-26T04:42:34.938+0000] {dag.py:3954} INFO - Setting next_dagrun for example_dag to 2026-03-25 00:00:00+00:00, run_after=2026-03-26 00:00:00+00:00
[2026-03-26T04:42:34.964+0000] {processor.py:183} INFO - Processing /opt/airflow/dags/new_dags.py took 0.134 seconds
[2026-03-26T04:43:05.571+0000] {processor.py:161} INFO - Started process (PID=4801) to work on /opt/airflow/dags/new_dags.py
[2026-03-26T04:43:05.573+0000] {processor.py:830} INFO - Processing file /opt/airflow/dags/new_dags.py for tasks to queue
[2026-03-26T04:43:05.575+0000] {logging_mixin.py:188} INFO - [2026-03-26T04:43:05.574+0000] {dagbag.py:545} INFO - Filling up the DagBag from /opt/airflow/dags/new_dags.py
[2026-03-26T04:43:05.617+0000] {processor.py:840} INFO - DAG(s) 'example_dag' retrieved from /opt/airflow/dags/new_dags.py
[2026-03-26T04:43:05.647+0000] {logging_mixin.py:188} INFO - [2026-03-26T04:43:05.647+0000] {dag.py:3096} INFO - Sync 1 DAGs
[2026-03-26T04:43:05.668+0000] {logging_mixin.py:188} INFO - [2026-03-26T04:43:05.668+0000] {dag.py:3954} INFO - Setting next_dagrun for example_dag to 2026-03-25 00:00:00+00:00, run_after=2026-03-26 00:00:00+00:00
[2026-03-26T04:43:05.692+0000] {processor.py:183} INFO - Processing /opt/airflow/dags/new_dags.py took 0.128 seconds
[2026-03-26T04:43:36.324+0000] {processor.py:161} INFO - Started process (PID=4827) to work on /opt/airflow/dags/new_dags.py
[2026-03-26T04:43:36.326+0000] {processor.py:830} INFO - Processing file /opt/airflow/dags/new_dags.py for tasks to queue
[2026-03-26T04:43:36.331+0000] {logging_mixin.py:188} INFO - [2026-03-26T04:43:36.330+0000] {dagbag.py:545} INFO - Filling up the DagBag from /opt/airflow/dags/new_dags.py
[2026-03-26T04:43:36.365+0000] {processor.py:840} INFO - DAG(s) 'example_dag' retrieved from /opt/airflow/dags/new_dags.py
[2026-03-26T04:43:36.402+0000] {logging_mixin.py:188} INFO - [2026-03-26T04:43:36.402+0000] {dag.py:3096} INFO - Sync 1 DAGs
[2026-03-26T04:43:36.428+0000] {logging_mixin.py:188} INFO - [2026-03-26T04:43:36.428+0000] {dag.py:3954} INFO - Setting next_dagrun for example_dag to 2026-03-25 00:00:00+00:00, run_after=2026-03-26 00:00:00+00:00
[2026-03-26T04:43:36.449+0000] {processor.py:183} INFO - Processing /opt/airflow/dags/new_dags.py took 0.134 seconds
[2026-03-26T04:44:07.115+0000] {processor.py:161} INFO - Started process (PID=4853) to work on /opt/airflow/dags/new_dags.py
[2026-03-26T04:44:07.117+0000] {processor.py:830} INFO - Processing file /opt/airflow/dags/new_dags.py for tasks to queue
[2026-03-26T04:44:07.119+0000] {logging_mixin.py:188} INFO - [2026-03-26T04:44:07.119+0000] {dagbag.py:545} INFO - Filling up the DagBag from /opt/airflow/dags/new_dags.py
[2026-03-26T04:44:07.155+0000] {processor.py:840} INFO - DAG(s) 'example_dag' retrieved from /opt/airflow/dags/new_dags.py
[2026-03-26T04:44:07.186+0000] {logging_mixin.py:188} INFO - [2026-03-26T04:44:07.186+0000] {dag.py:3096} INFO - Sync 1 DAGs
[2026-03-26T04:44:07.210+0000] {logging_mixin.py:188} INFO - [2026-03-26T04:44:07.209+0000] {dag.py:3954} INFO - Setting next_dagrun for example_dag to 2026-03-25 00:00:00+00:00, run_after=2026-03-26 00:00:00+00:00
[2026-03-26T04:44:07.234+0000] {processor.py:183} INFO - Processing /opt/airflow/dags/new_dags.py took 0.125 seconds
[2026-03-26T04:44:38.034+0000] {processor.py:161} INFO - Started process (PID=4879) to work on /opt/airflow/dags/new_dags.py
[2026-03-26T04:44:38.035+0000] {processor.py:830} INFO - Processing file /opt/airflow/dags/new_dags.py for tasks to queue
[2026-03-26T04:44:38.038+0000] {logging_mixin.py:188} INFO - [2026-03-26T04:44:38.038+0000] {dagbag.py:545} INFO - Filling up the DagBag from /opt/airflow/dags/new_dags.py
[2026-03-26T04:44:38.076+0000] {processor.py:840} INFO - DAG(s) 'example_dag' retrieved from /opt/airflow/dags/new_dags.py
[2026-03-26T04:44:38.107+0000] {logging_mixin.py:188} INFO - [2026-03-26T04:44:38.107+0000] {dag.py:3096} INFO - Sync 1 DAGs
[2026-03-26T04:44:38.130+0000] {logging_mixin.py:188} INFO - [2026-03-26T04:44:38.130+0000] {dag.py:3954} INFO - Setting next_dagrun for example_dag to 2026-03-25 00:00:00+00:00, run_after=2026-03-26 00:00:00+00:00
[2026-03-26T04:44:38.155+0000] {processor.py:183} INFO - Processing /opt/airflow/dags/new_dags.py took 0.129 seconds
[2026-03-26T04:45:08.761+0000] {processor.py:161} INFO - Started process (PID=4905) to work on /opt/airflow/dags/new_dags.py
[2026-03-26T04:45:08.762+0000] {processor.py:830} INFO - Processing file /opt/airflow/dags/new_dags.py for tasks to queue
[2026-03-26T04:45:08.764+0000] {logging_mixin.py:188} INFO - [2026-03-26T04:45:08.764+0000] {dagbag.py:545} INFO - Filling up the DagBag from /opt/airflow/dags/new_dags.py
[2026-03-26T04:45:08.792+0000] {processor.py:840} INFO - DAG(s) 'example_dag' retrieved from /opt/airflow/dags/new_dags.py
[2026-03-26T04:45:08.821+0000] {logging_mixin.py:188} INFO - [2026-03-26T04:45:08.820+0000] {dag.py:3096} INFO - Sync 1 DAGs
[2026-03-26T04:45:08.843+0000] {logging_mixin.py:188} INFO - [2026-03-26T04:45:08.842+0000] {dag.py:3954} INFO - Setting next_dagrun for example_dag to 2026-03-25 00:00:00+00:00, run_after=2026-03-26 00:00:00+00:00
[2026-03-26T04:45:08.868+0000] {processor.py:183} INFO - Processing /opt/airflow/dags/new_dags.py took 0.114 seconds
[2026-03-26T04:45:39.542+0000] {processor.py:161} INFO - Started process (PID=4931) to work on /opt/airflow/dags/new_dags.py
[2026-03-26T04:45:39.545+0000] {processor.py:830} INFO - Processing file /opt/airflow/dags/new_dags.py for tasks to queue
[2026-03-26T04:45:39.549+0000] {logging_mixin.py:188} INFO - [2026-03-26T04:45:39.549+0000] {dagbag.py:545} INFO - Filling up the DagBag from /opt/airflow/dags/new_dags.py
[2026-03-26T04:45:39.591+0000] {processor.py:840} INFO - DAG(s) 'example_dag' retrieved from /opt/airflow/dags/new_dags.py
[2026-03-26T04:45:39.622+0000] {logging_mixin.py:188} INFO - [2026-03-26T04:45:39.621+0000] {dag.py:3096} INFO - Sync 1 DAGs
[2026-03-26T04:45:39.647+0000] {logging_mixin.py:188} INFO - [2026-03-26T04:45:39.647+0000] {dag.py:3954} INFO - Setting next_dagrun for example_dag to 2026-03-25 00:00:00+00:00, run_after=2026-03-26 00:00:00+00:00
[2026-03-26T04:45:39.673+0000] {processor.py:183} INFO - Processing /opt/airflow/dags/new_dags.py took 0.143 seconds
[2026-03-26T04:46:10.263+0000] {processor.py:161} INFO - Started process (PID=4957) to work on /opt/airflow/dags/new_dags.py
[2026-03-26T04:46:10.264+0000] {processor.py:830} INFO - Processing file /opt/airflow/dags/new_dags.py for tasks to queue
[2026-03-26T04:46:10.266+0000] {logging_mixin.py:188} INFO - [2026-03-26T04:46:10.266+0000] {dagbag.py:545} INFO - Filling up the DagBag from /opt/airflow/dags/new_dags.py
[2026-03-26T04:46:10.292+0000] {processor.py:840} INFO - DAG(s) 'example_dag' retrieved from /opt/airflow/dags/new_dags.py
[2026-03-26T04:46:10.322+0000] {logging_mixin.py:188} INFO - [2026-03-26T04:46:10.321+0000] {dag.py:3096} INFO - Sync 1 DAGs
[2026-03-26T04:46:10.343+0000] {logging_mixin.py:188} INFO - [2026-03-26T04:46:10.343+0000] {dag.py:3954} INFO - Setting next_dagrun for example_dag to 2026-03-25 00:00:00+00:00, run_after=2026-03-26 00:00:00+00:00
[2026-03-26T04:46:10.367+0000] {processor.py:183} INFO - Processing /opt/airflow/dags/new_dags.py took 0.111 seconds
[2026-03-26T04:46:41.008+0000] {processor.py:161} INFO - Started process (PID=4983) to work on /opt/airflow/dags/new_dags.py
[2026-03-26T04:46:41.010+0000] {processor.py:830} INFO - Processing file /opt/airflow/dags/new_dags.py for tasks to queue
[2026-03-26T04:46:41.012+0000] {logging_mixin.py:188} INFO - [2026-03-26T04:46:41.012+0000] {dagbag.py:545} INFO - Filling up the DagBag from /opt/airflow/dags/new_dags.py
[2026-03-26T04:46:41.050+0000] {processor.py:840} INFO - DAG(s) 'example_dag' retrieved from /opt/airflow/dags/new_dags.py
[2026-03-26T04:46:41.079+0000] {logging_mixin.py:188} INFO - [2026-03-26T04:46:41.078+0000] {dag.py:3096} INFO - Sync 1 DAGs
[2026-03-26T04:46:41.099+0000] {logging_mixin.py:188} INFO - [2026-03-26T04:46:41.099+0000] {dag.py:3954} INFO - Setting next_dagrun for example_dag to 2026-03-25 00:00:00+00:00, run_after=2026-03-26 00:00:00+00:00
[2026-03-26T04:46:41.123+0000] {processor.py:183} INFO - Processing /opt/airflow/dags/new_dags.py took 0.122 seconds
[2026-03-26T04:47:11.784+0000] {processor.py:161} INFO - Started process (PID=5015) to work on /opt/airflow/dags/new_dags.py
[2026-03-26T04:47:11.785+0000] {processor.py:830} INFO - Processing file /opt/airflow/dags/new_dags.py for tasks to queue
[2026-03-26T04:47:11.788+0000] {logging_mixin.py:188} INFO - [2026-03-26T04:47:11.788+0000] {dagbag.py:545} INFO - Filling up the DagBag from /opt/airflow/dags/new_dags.py
[2026-03-26T04:47:11.824+0000] {processor.py:840} INFO - DAG(s) 'example_dag' retrieved from /opt/airflow/dags/new_dags.py
[2026-03-26T04:47:11.851+0000] {logging_mixin.py:188} INFO - [2026-03-26T04:47:11.851+0000] {dag.py:3096} INFO - Sync 1 DAGs
[2026-03-26T04:47:11.871+0000] {logging_mixin.py:188} INFO - [2026-03-26T04:47:11.870+0000] {dag.py:3954} INFO - Setting next_dagrun for example_dag to 2026-03-25 00:00:00+00:00, run_after=2026-03-26 00:00:00+00:00
[2026-03-26T04:47:11.893+0000] {processor.py:183} INFO - Processing /opt/airflow/dags/new_dags.py took 0.116 seconds
[2026-03-26T04:47:42.568+0000] {processor.py:161} INFO - Started process (PID=5041) to work on /opt/airflow/dags/new_dags.py
[2026-03-26T04:47:42.570+0000] {processor.py:830} INFO - Processing file /opt/airflow/dags/new_dags.py for tasks to queue
[2026-03-26T04:47:42.573+0000] {logging_mixin.py:188} INFO - [2026-03-26T04:47:42.573+0000] {dagbag.py:545} INFO - Filling up the DagBag from /opt/airflow/dags/new_dags.py
[2026-03-26T04:47:42.603+0000] {processor.py:840} INFO - DAG(s) 'example_dag' retrieved from /opt/airflow/dags/new_dags.py
[2026-03-26T04:47:42.630+0000] {logging_mixin.py:188} INFO - [2026-03-26T04:47:42.630+0000] {dag.py:3096} INFO - Sync 1 DAGs
[2026-03-26T04:47:42.650+0000] {logging_mixin.py:188} INFO - [2026-03-26T04:47:42.650+0000] {dag.py:3954} INFO - Setting next_dagrun for example_dag to 2026-03-25 00:00:00+00:00, run_after=2026-03-26 00:00:00+00:00
[2026-03-26T04:47:42.673+0000] {processor.py:183} INFO - Processing /opt/airflow/dags/new_dags.py took 0.112 seconds
[2026-03-26T04:48:13.263+0000] {processor.py:161} INFO - Started process (PID=5067) to work on /opt/airflow/dags/new_dags.py
[2026-03-26T04:48:13.264+0000] {processor.py:830} INFO - Processing file /opt/airflow/dags/new_dags.py for tasks to queue
[2026-03-26T04:48:13.267+0000] {logging_mixin.py:188} INFO - [2026-03-26T04:48:13.267+0000] {dagbag.py:545} INFO - Filling up the DagBag from /opt/airflow/dags/new_dags.py
[2026-03-26T04:48:13.296+0000] {processor.py:840} INFO - DAG(s) 'example_dag' retrieved from /opt/airflow/dags/new_dags.py
[2026-03-26T04:48:13.328+0000] {logging_mixin.py:188} INFO - [2026-03-26T04:48:13.328+0000] {dag.py:3096} INFO - Sync 1 DAGs
[2026-03-26T04:48:13.354+0000] {logging_mixin.py:188} INFO - [2026-03-26T04:48:13.353+0000] {dag.py:3954} INFO - Setting next_dagrun for example_dag to 2026-03-25 00:00:00+00:00, run_after=2026-03-26 00:00:00+00:00
[2026-03-26T04:48:13.379+0000] {processor.py:183} INFO - Processing /opt/airflow/dags/new_dags.py took 0.124 seconds
