[2026-03-31T08:15:57.636+0000] {processor.py:161} INFO - Started process (PID=190) to work on /opt/airflow/dags/e_commerce_dw_dag.py
[2026-03-31T08:15:57.642+0000] {processor.py:830} INFO - Processing file /opt/airflow/dags/e_commerce_dw_dag.py for tasks to queue
[2026-03-31T08:15:57.649+0000] {logging_mixin.py:188} INFO - [2026-03-31T08:15:57.648+0000] {dagbag.py:545} INFO - Filling up the DagBag from /opt/airflow/dags/e_commerce_dw_dag.py
[2026-03-31T08:15:58.271+0000] {processor.py:840} INFO - DAG(s) 'e_commerce_dw_etl' retrieved from /opt/airflow/dags/e_commerce_dw_dag.py
[2026-03-31T08:15:59.071+0000] {logging_mixin.py:188} INFO - [2026-03-31T08:15:59.070+0000] {dag.py:3096} INFO - Sync 1 DAGs
[2026-03-31T08:15:59.160+0000] {logging_mixin.py:188} INFO - [2026-03-31T08:15:59.159+0000] {dag.py:3954} INFO - Setting next_dagrun for e_commerce_dw_etl to 2026-03-26 00:00:00+00:00, run_after=2026-03-27 00:00:00+00:00
[2026-03-31T08:15:59.233+0000] {processor.py:183} INFO - Processing /opt/airflow/dags/e_commerce_dw_dag.py took 1.639 seconds
[2026-03-31T08:16:29.773+0000] {processor.py:161} INFO - Started process (PID=237) to work on /opt/airflow/dags/e_commerce_dw_dag.py
[2026-03-31T08:16:29.774+0000] {processor.py:830} INFO - Processing file /opt/airflow/dags/e_commerce_dw_dag.py for tasks to queue
[2026-03-31T08:16:29.778+0000] {logging_mixin.py:188} INFO - [2026-03-31T08:16:29.778+0000] {dagbag.py:545} INFO - Filling up the DagBag from /opt/airflow/dags/e_commerce_dw_dag.py
[2026-03-31T08:16:29.871+0000] {processor.py:840} INFO - DAG(s) 'e_commerce_dw_etl' retrieved from /opt/airflow/dags/e_commerce_dw_dag.py
[2026-03-31T08:16:29.903+0000] {logging_mixin.py:188} INFO - [2026-03-31T08:16:29.902+0000] {dag.py:3096} INFO - Sync 1 DAGs
[2026-03-31T08:16:29.930+0000] {logging_mixin.py:188} INFO - [2026-03-31T08:16:29.929+0000] {dag.py:3954} INFO - Setting next_dagrun for e_commerce_dw_etl to 2026-03-31 00:00:00+00:00, run_after=2026-04-01 00:00:00+00:00
[2026-03-31T08:16:29.952+0000] {processor.py:183} INFO - Processing /opt/airflow/dags/e_commerce_dw_dag.py took 0.190 seconds
[2026-03-31T08:17:00.507+0000] {processor.py:161} INFO - Started process (PID=277) to work on /opt/airflow/dags/e_commerce_dw_dag.py
[2026-03-31T08:17:00.509+0000] {processor.py:830} INFO - Processing file /opt/airflow/dags/e_commerce_dw_dag.py for tasks to queue
[2026-03-31T08:17:00.511+0000] {logging_mixin.py:188} INFO - [2026-03-31T08:17:00.511+0000] {dagbag.py:545} INFO - Filling up the DagBag from /opt/airflow/dags/e_commerce_dw_dag.py
[2026-03-31T08:17:00.583+0000] {processor.py:840} INFO - DAG(s) 'e_commerce_dw_etl' retrieved from /opt/airflow/dags/e_commerce_dw_dag.py
[2026-03-31T08:17:00.616+0000] {logging_mixin.py:188} INFO - [2026-03-31T08:17:00.616+0000] {dag.py:3096} INFO - Sync 1 DAGs
[2026-03-31T08:17:00.640+0000] {logging_mixin.py:188} INFO - [2026-03-31T08:17:00.639+0000] {dag.py:3954} INFO - Setting next_dagrun for e_commerce_dw_etl to 2026-03-31 00:00:00+00:00, run_after=2026-04-01 00:00:00+00:00
[2026-03-31T08:17:00.669+0000] {processor.py:183} INFO - Processing /opt/airflow/dags/e_commerce_dw_dag.py took 0.170 seconds
[2026-03-31T08:17:31.205+0000] {processor.py:161} INFO - Started process (PID=304) to work on /opt/airflow/dags/e_commerce_dw_dag.py
[2026-03-31T08:17:31.206+0000] {processor.py:830} INFO - Processing file /opt/airflow/dags/e_commerce_dw_dag.py for tasks to queue
[2026-03-31T08:17:31.211+0000] {logging_mixin.py:188} INFO - [2026-03-31T08:17:31.210+0000] {dagbag.py:545} INFO - Filling up the DagBag from /opt/airflow/dags/e_commerce_dw_dag.py
[2026-03-31T08:17:31.320+0000] {processor.py:840} INFO - DAG(s) 'e_commerce_dw_etl' retrieved from /opt/airflow/dags/e_commerce_dw_dag.py
[2026-03-31T08:17:31.369+0000] {logging_mixin.py:188} INFO - [2026-03-31T08:17:31.369+0000] {dag.py:3096} INFO - Sync 1 DAGs
[2026-03-31T08:17:31.393+0000] {logging_mixin.py:188} INFO - [2026-03-31T08:17:31.392+0000] {dag.py:3954} INFO - Setting next_dagrun for e_commerce_dw_etl to 2026-03-31 00:00:00+00:00, run_after=2026-04-01 00:00:00+00:00
[2026-03-31T08:17:31.411+0000] {processor.py:183} INFO - Processing /opt/airflow/dags/e_commerce_dw_dag.py took 0.225 seconds
[2026-03-31T08:18:01.917+0000] {processor.py:161} INFO - Started process (PID=330) to work on /opt/airflow/dags/e_commerce_dw_dag.py
[2026-03-31T08:18:01.919+0000] {processor.py:830} INFO - Processing file /opt/airflow/dags/e_commerce_dw_dag.py for tasks to queue
[2026-03-31T08:18:01.921+0000] {logging_mixin.py:188} INFO - [2026-03-31T08:18:01.921+0000] {dagbag.py:545} INFO - Filling up the DagBag from /opt/airflow/dags/e_commerce_dw_dag.py
[2026-03-31T08:18:02.003+0000] {processor.py:840} INFO - DAG(s) 'e_commerce_dw_etl' retrieved from /opt/airflow/dags/e_commerce_dw_dag.py
[2026-03-31T08:18:02.045+0000] {logging_mixin.py:188} INFO - [2026-03-31T08:18:02.044+0000] {dag.py:3096} INFO - Sync 1 DAGs
[2026-03-31T08:18:02.072+0000] {logging_mixin.py:188} INFO - [2026-03-31T08:18:02.071+0000] {dag.py:3954} INFO - Setting next_dagrun for e_commerce_dw_etl to 2026-03-31 00:00:00+00:00, run_after=2026-04-01 00:00:00+00:00
[2026-03-31T08:18:02.094+0000] {processor.py:183} INFO - Processing /opt/airflow/dags/e_commerce_dw_dag.py took 0.185 seconds
[2026-03-31T08:18:32.595+0000] {processor.py:161} INFO - Started process (PID=356) to work on /opt/airflow/dags/e_commerce_dw_dag.py
[2026-03-31T08:18:32.596+0000] {processor.py:830} INFO - Processing file /opt/airflow/dags/e_commerce_dw_dag.py for tasks to queue
[2026-03-31T08:18:32.598+0000] {logging_mixin.py:188} INFO - [2026-03-31T08:18:32.597+0000] {dagbag.py:545} INFO - Filling up the DagBag from /opt/airflow/dags/e_commerce_dw_dag.py
[2026-03-31T08:18:32.658+0000] {processor.py:840} INFO - DAG(s) 'e_commerce_dw_etl' retrieved from /opt/airflow/dags/e_commerce_dw_dag.py
[2026-03-31T08:18:32.692+0000] {logging_mixin.py:188} INFO - [2026-03-31T08:18:32.692+0000] {dag.py:3096} INFO - Sync 1 DAGs
[2026-03-31T08:18:32.714+0000] {logging_mixin.py:188} INFO - [2026-03-31T08:18:32.714+0000] {dag.py:3954} INFO - Setting next_dagrun for e_commerce_dw_etl to 2026-03-31 00:00:00+00:00, run_after=2026-04-01 00:00:00+00:00
[2026-03-31T08:18:32.736+0000] {processor.py:183} INFO - Processing /opt/airflow/dags/e_commerce_dw_dag.py took 0.147 seconds
[2026-03-31T08:19:03.250+0000] {processor.py:161} INFO - Started process (PID=383) to work on /opt/airflow/dags/e_commerce_dw_dag.py
[2026-03-31T08:19:03.253+0000] {processor.py:830} INFO - Processing file /opt/airflow/dags/e_commerce_dw_dag.py for tasks to queue
[2026-03-31T08:19:03.256+0000] {logging_mixin.py:188} INFO - [2026-03-31T08:19:03.255+0000] {dagbag.py:545} INFO - Filling up the DagBag from /opt/airflow/dags/e_commerce_dw_dag.py
[2026-03-31T08:19:03.350+0000] {processor.py:840} INFO - DAG(s) 'e_commerce_dw_etl' retrieved from /opt/airflow/dags/e_commerce_dw_dag.py
[2026-03-31T08:19:03.387+0000] {logging_mixin.py:188} INFO - [2026-03-31T08:19:03.386+0000] {dag.py:3096} INFO - Sync 1 DAGs
[2026-03-31T08:19:03.408+0000] {logging_mixin.py:188} INFO - [2026-03-31T08:19:03.408+0000] {dag.py:3954} INFO - Setting next_dagrun for e_commerce_dw_etl to 2026-03-31 00:00:00+00:00, run_after=2026-04-01 00:00:00+00:00
[2026-03-31T08:19:03.431+0000] {processor.py:183} INFO - Processing /opt/airflow/dags/e_commerce_dw_dag.py took 0.187 seconds
[2026-03-31T08:19:33.975+0000] {processor.py:161} INFO - Started process (PID=409) to work on /opt/airflow/dags/e_commerce_dw_dag.py
[2026-03-31T08:19:33.977+0000] {processor.py:830} INFO - Processing file /opt/airflow/dags/e_commerce_dw_dag.py for tasks to queue
[2026-03-31T08:19:33.981+0000] {logging_mixin.py:188} INFO - [2026-03-31T08:19:33.980+0000] {dagbag.py:545} INFO - Filling up the DagBag from /opt/airflow/dags/e_commerce_dw_dag.py
[2026-03-31T08:19:34.066+0000] {processor.py:840} INFO - DAG(s) 'e_commerce_dw_etl' retrieved from /opt/airflow/dags/e_commerce_dw_dag.py
[2026-03-31T08:19:34.103+0000] {logging_mixin.py:188} INFO - [2026-03-31T08:19:34.102+0000] {dag.py:3096} INFO - Sync 1 DAGs
[2026-03-31T08:19:34.125+0000] {logging_mixin.py:188} INFO - [2026-03-31T08:19:34.125+0000] {dag.py:3954} INFO - Setting next_dagrun for e_commerce_dw_etl to 2026-03-31 00:00:00+00:00, run_after=2026-04-01 00:00:00+00:00
[2026-03-31T08:19:34.149+0000] {processor.py:183} INFO - Processing /opt/airflow/dags/e_commerce_dw_dag.py took 0.181 seconds
[2026-03-31T08:20:04.658+0000] {processor.py:161} INFO - Started process (PID=435) to work on /opt/airflow/dags/e_commerce_dw_dag.py
[2026-03-31T08:20:04.659+0000] {processor.py:830} INFO - Processing file /opt/airflow/dags/e_commerce_dw_dag.py for tasks to queue
[2026-03-31T08:20:04.661+0000] {logging_mixin.py:188} INFO - [2026-03-31T08:20:04.661+0000] {dagbag.py:545} INFO - Filling up the DagBag from /opt/airflow/dags/e_commerce_dw_dag.py
[2026-03-31T08:20:04.740+0000] {processor.py:840} INFO - DAG(s) 'e_commerce_dw_etl' retrieved from /opt/airflow/dags/e_commerce_dw_dag.py
[2026-03-31T08:20:04.777+0000] {logging_mixin.py:188} INFO - [2026-03-31T08:20:04.777+0000] {dag.py:3096} INFO - Sync 1 DAGs
[2026-03-31T08:20:04.806+0000] {logging_mixin.py:188} INFO - [2026-03-31T08:20:04.806+0000] {dag.py:3954} INFO - Setting next_dagrun for e_commerce_dw_etl to 2026-03-31 00:00:00+00:00, run_after=2026-04-01 00:00:00+00:00
[2026-03-31T08:20:04.826+0000] {processor.py:183} INFO - Processing /opt/airflow/dags/e_commerce_dw_dag.py took 0.175 seconds
[2026-03-31T08:20:35.366+0000] {processor.py:161} INFO - Started process (PID=461) to work on /opt/airflow/dags/e_commerce_dw_dag.py
[2026-03-31T08:20:35.368+0000] {processor.py:830} INFO - Processing file /opt/airflow/dags/e_commerce_dw_dag.py for tasks to queue
[2026-03-31T08:20:35.371+0000] {logging_mixin.py:188} INFO - [2026-03-31T08:20:35.370+0000] {dagbag.py:545} INFO - Filling up the DagBag from /opt/airflow/dags/e_commerce_dw_dag.py
[2026-03-31T08:20:35.476+0000] {processor.py:840} INFO - DAG(s) 'e_commerce_dw_etl' retrieved from /opt/airflow/dags/e_commerce_dw_dag.py
[2026-03-31T08:20:35.515+0000] {logging_mixin.py:188} INFO - [2026-03-31T08:20:35.514+0000] {dag.py:3096} INFO - Sync 1 DAGs
[2026-03-31T08:20:35.540+0000] {logging_mixin.py:188} INFO - [2026-03-31T08:20:35.540+0000] {dag.py:3954} INFO - Setting next_dagrun for e_commerce_dw_etl to 2026-03-31 00:00:00+00:00, run_after=2026-04-01 00:00:00+00:00
[2026-03-31T08:20:35.564+0000] {processor.py:183} INFO - Processing /opt/airflow/dags/e_commerce_dw_dag.py took 0.207 seconds
[2026-03-31T08:21:06.204+0000] {processor.py:161} INFO - Started process (PID=487) to work on /opt/airflow/dags/e_commerce_dw_dag.py
[2026-03-31T08:21:06.205+0000] {processor.py:830} INFO - Processing file /opt/airflow/dags/e_commerce_dw_dag.py for tasks to queue
[2026-03-31T08:21:06.207+0000] {logging_mixin.py:188} INFO - [2026-03-31T08:21:06.207+0000] {dagbag.py:545} INFO - Filling up the DagBag from /opt/airflow/dags/e_commerce_dw_dag.py
[2026-03-31T08:21:06.282+0000] {processor.py:840} INFO - DAG(s) 'e_commerce_dw_etl' retrieved from /opt/airflow/dags/e_commerce_dw_dag.py
[2026-03-31T08:21:06.318+0000] {logging_mixin.py:188} INFO - [2026-03-31T08:21:06.318+0000] {dag.py:3096} INFO - Sync 1 DAGs
[2026-03-31T08:21:06.345+0000] {logging_mixin.py:188} INFO - [2026-03-31T08:21:06.345+0000] {dag.py:3954} INFO - Setting next_dagrun for e_commerce_dw_etl to 2026-03-31 00:00:00+00:00, run_after=2026-04-01 00:00:00+00:00
[2026-03-31T08:21:06.367+0000] {processor.py:183} INFO - Processing /opt/airflow/dags/e_commerce_dw_dag.py took 0.170 seconds
[2026-03-31T08:31:49.483+0000] {processor.py:161} INFO - Started process (PID=184) to work on /opt/airflow/dags/e_commerce_dw_dag.py
[2026-03-31T08:31:49.486+0000] {processor.py:830} INFO - Processing file /opt/airflow/dags/e_commerce_dw_dag.py for tasks to queue
[2026-03-31T08:31:49.491+0000] {logging_mixin.py:188} INFO - [2026-03-31T08:31:49.490+0000] {dagbag.py:545} INFO - Filling up the DagBag from /opt/airflow/dags/e_commerce_dw_dag.py
[2026-03-31T08:31:49.646+0000] {processor.py:840} INFO - DAG(s) 'e_commerce_dw_etl' retrieved from /opt/airflow/dags/e_commerce_dw_dag.py
[2026-03-31T08:31:50.267+0000] {logging_mixin.py:188} INFO - [2026-03-31T08:31:50.267+0000] {dag.py:3096} INFO - Sync 1 DAGs
[2026-03-31T08:31:50.303+0000] {logging_mixin.py:188} INFO - [2026-03-31T08:31:50.302+0000] {dag.py:3954} INFO - Setting next_dagrun for e_commerce_dw_etl to 2026-03-31 00:00:00+00:00, run_after=2026-04-01 00:00:00+00:00
[2026-03-31T08:31:50.373+0000] {processor.py:183} INFO - Processing /opt/airflow/dags/e_commerce_dw_dag.py took 0.913 seconds
[2026-03-31T08:32:21.198+0000] {processor.py:161} INFO - Started process (PID=215) to work on /opt/airflow/dags/e_commerce_dw_dag.py
[2026-03-31T08:32:21.200+0000] {processor.py:830} INFO - Processing file /opt/airflow/dags/e_commerce_dw_dag.py for tasks to queue
[2026-03-31T08:32:21.204+0000] {logging_mixin.py:188} INFO - [2026-03-31T08:32:21.203+0000] {dagbag.py:545} INFO - Filling up the DagBag from /opt/airflow/dags/e_commerce_dw_dag.py
[2026-03-31T08:32:21.311+0000] {processor.py:840} INFO - DAG(s) 'e_commerce_dw_etl' retrieved from /opt/airflow/dags/e_commerce_dw_dag.py
[2026-03-31T08:32:21.375+0000] {logging_mixin.py:188} INFO - [2026-03-31T08:32:21.375+0000] {dag.py:3096} INFO - Sync 1 DAGs
[2026-03-31T08:32:21.417+0000] {logging_mixin.py:188} INFO - [2026-03-31T08:32:21.417+0000] {dag.py:3954} INFO - Setting next_dagrun for e_commerce_dw_etl to 2026-03-31 00:00:00+00:00, run_after=2026-04-01 00:00:00+00:00
[2026-03-31T08:32:21.448+0000] {processor.py:183} INFO - Processing /opt/airflow/dags/e_commerce_dw_dag.py took 0.263 seconds
[2026-03-31T08:32:52.014+0000] {processor.py:161} INFO - Started process (PID=247) to work on /opt/airflow/dags/e_commerce_dw_dag.py
[2026-03-31T08:32:52.015+0000] {processor.py:830} INFO - Processing file /opt/airflow/dags/e_commerce_dw_dag.py for tasks to queue
[2026-03-31T08:32:52.017+0000] {logging_mixin.py:188} INFO - [2026-03-31T08:32:52.017+0000] {dagbag.py:545} INFO - Filling up the DagBag from /opt/airflow/dags/e_commerce_dw_dag.py
[2026-03-31T08:32:52.108+0000] {processor.py:840} INFO - DAG(s) 'e_commerce_dw_etl' retrieved from /opt/airflow/dags/e_commerce_dw_dag.py
[2026-03-31T08:32:52.169+0000] {logging_mixin.py:188} INFO - [2026-03-31T08:32:52.169+0000] {dag.py:3096} INFO - Sync 1 DAGs
[2026-03-31T08:32:52.201+0000] {logging_mixin.py:188} INFO - [2026-03-31T08:32:52.201+0000] {dag.py:3954} INFO - Setting next_dagrun for e_commerce_dw_etl to 2026-03-31 00:00:00+00:00, run_after=2026-04-01 00:00:00+00:00
[2026-03-31T08:32:52.225+0000] {processor.py:183} INFO - Processing /opt/airflow/dags/e_commerce_dw_dag.py took 0.218 seconds
[2026-03-31T08:33:22.752+0000] {processor.py:161} INFO - Started process (PID=273) to work on /opt/airflow/dags/e_commerce_dw_dag.py
[2026-03-31T08:33:22.754+0000] {processor.py:830} INFO - Processing file /opt/airflow/dags/e_commerce_dw_dag.py for tasks to queue
[2026-03-31T08:33:22.757+0000] {logging_mixin.py:188} INFO - [2026-03-31T08:33:22.756+0000] {dagbag.py:545} INFO - Filling up the DagBag from /opt/airflow/dags/e_commerce_dw_dag.py
[2026-03-31T08:33:22.821+0000] {processor.py:840} INFO - DAG(s) 'e_commerce_dw_etl' retrieved from /opt/airflow/dags/e_commerce_dw_dag.py
[2026-03-31T08:33:22.856+0000] {logging_mixin.py:188} INFO - [2026-03-31T08:33:22.856+0000] {dag.py:3096} INFO - Sync 1 DAGs
[2026-03-31T08:33:22.880+0000] {logging_mixin.py:188} INFO - [2026-03-31T08:33:22.880+0000] {dag.py:3954} INFO - Setting next_dagrun for e_commerce_dw_etl to 2026-03-31 00:00:00+00:00, run_after=2026-04-01 00:00:00+00:00
[2026-03-31T08:33:22.904+0000] {processor.py:183} INFO - Processing /opt/airflow/dags/e_commerce_dw_dag.py took 0.161 seconds
[2026-03-31T08:33:53.516+0000] {processor.py:161} INFO - Started process (PID=299) to work on /opt/airflow/dags/e_commerce_dw_dag.py
[2026-03-31T08:33:53.517+0000] {processor.py:830} INFO - Processing file /opt/airflow/dags/e_commerce_dw_dag.py for tasks to queue
[2026-03-31T08:33:53.520+0000] {logging_mixin.py:188} INFO - [2026-03-31T08:33:53.519+0000] {dagbag.py:545} INFO - Filling up the DagBag from /opt/airflow/dags/e_commerce_dw_dag.py
[2026-03-31T08:33:53.583+0000] {processor.py:840} INFO - DAG(s) 'e_commerce_dw_etl' retrieved from /opt/airflow/dags/e_commerce_dw_dag.py
[2026-03-31T08:33:53.618+0000] {logging_mixin.py:188} INFO - [2026-03-31T08:33:53.617+0000] {dag.py:3096} INFO - Sync 1 DAGs
[2026-03-31T08:33:53.642+0000] {logging_mixin.py:188} INFO - [2026-03-31T08:33:53.642+0000] {dag.py:3954} INFO - Setting next_dagrun for e_commerce_dw_etl to 2026-03-31 00:00:00+00:00, run_after=2026-04-01 00:00:00+00:00
[2026-03-31T08:33:53.663+0000] {processor.py:183} INFO - Processing /opt/airflow/dags/e_commerce_dw_dag.py took 0.154 seconds
[2026-03-31T08:34:24.254+0000] {processor.py:161} INFO - Started process (PID=325) to work on /opt/airflow/dags/e_commerce_dw_dag.py
[2026-03-31T08:34:24.256+0000] {processor.py:830} INFO - Processing file /opt/airflow/dags/e_commerce_dw_dag.py for tasks to queue
[2026-03-31T08:34:24.260+0000] {logging_mixin.py:188} INFO - [2026-03-31T08:34:24.259+0000] {dagbag.py:545} INFO - Filling up the DagBag from /opt/airflow/dags/e_commerce_dw_dag.py
[2026-03-31T08:34:24.362+0000] {processor.py:840} INFO - DAG(s) 'e_commerce_dw_etl' retrieved from /opt/airflow/dags/e_commerce_dw_dag.py
[2026-03-31T08:34:24.402+0000] {logging_mixin.py:188} INFO - [2026-03-31T08:34:24.402+0000] {dag.py:3096} INFO - Sync 1 DAGs
[2026-03-31T08:34:24.427+0000] {logging_mixin.py:188} INFO - [2026-03-31T08:34:24.427+0000] {dag.py:3954} INFO - Setting next_dagrun for e_commerce_dw_etl to 2026-03-31 00:00:00+00:00, run_after=2026-04-01 00:00:00+00:00
[2026-03-31T08:34:24.454+0000] {processor.py:183} INFO - Processing /opt/airflow/dags/e_commerce_dw_dag.py took 0.208 seconds
[2026-03-31T08:34:54.966+0000] {processor.py:161} INFO - Started process (PID=353) to work on /opt/airflow/dags/e_commerce_dw_dag.py
[2026-03-31T08:34:54.968+0000] {processor.py:830} INFO - Processing file /opt/airflow/dags/e_commerce_dw_dag.py for tasks to queue
[2026-03-31T08:34:54.972+0000] {logging_mixin.py:188} INFO - [2026-03-31T08:34:54.972+0000] {dagbag.py:545} INFO - Filling up the DagBag from /opt/airflow/dags/e_commerce_dw_dag.py
[2026-03-31T08:34:55.090+0000] {processor.py:840} INFO - DAG(s) 'e_commerce_dw_etl' retrieved from /opt/airflow/dags/e_commerce_dw_dag.py
[2026-03-31T08:34:55.149+0000] {logging_mixin.py:188} INFO - [2026-03-31T08:34:55.148+0000] {dag.py:3096} INFO - Sync 1 DAGs
[2026-03-31T08:34:55.182+0000] {logging_mixin.py:188} INFO - [2026-03-31T08:34:55.182+0000] {dag.py:3954} INFO - Setting next_dagrun for e_commerce_dw_etl to 2026-03-31 00:00:00+00:00, run_after=2026-04-01 00:00:00+00:00
[2026-03-31T08:34:55.213+0000] {processor.py:183} INFO - Processing /opt/airflow/dags/e_commerce_dw_dag.py took 0.259 seconds
[2026-03-31T08:35:25.459+0000] {processor.py:161} INFO - Started process (PID=393) to work on /opt/airflow/dags/e_commerce_dw_dag.py
[2026-03-31T08:35:25.460+0000] {processor.py:830} INFO - Processing file /opt/airflow/dags/e_commerce_dw_dag.py for tasks to queue
[2026-03-31T08:35:25.462+0000] {logging_mixin.py:188} INFO - [2026-03-31T08:35:25.462+0000] {dagbag.py:545} INFO - Filling up the DagBag from /opt/airflow/dags/e_commerce_dw_dag.py
[2026-03-31T08:35:25.532+0000] {processor.py:840} INFO - DAG(s) 'e_commerce_dw_etl' retrieved from /opt/airflow/dags/e_commerce_dw_dag.py
[2026-03-31T08:35:25.568+0000] {logging_mixin.py:188} INFO - [2026-03-31T08:35:25.568+0000] {dag.py:3096} INFO - Sync 1 DAGs
[2026-03-31T08:35:25.594+0000] {logging_mixin.py:188} INFO - [2026-03-31T08:35:25.593+0000] {dag.py:3954} INFO - Setting next_dagrun for e_commerce_dw_etl to 2026-03-31 00:00:00+00:00, run_after=2026-04-01 00:00:00+00:00
[2026-03-31T08:35:25.618+0000] {processor.py:183} INFO - Processing /opt/airflow/dags/e_commerce_dw_dag.py took 0.165 seconds
[2026-03-31T08:35:56.163+0000] {processor.py:161} INFO - Started process (PID=419) to work on /opt/airflow/dags/e_commerce_dw_dag.py
[2026-03-31T08:35:56.164+0000] {processor.py:830} INFO - Processing file /opt/airflow/dags/e_commerce_dw_dag.py for tasks to queue
[2026-03-31T08:35:56.166+0000] {logging_mixin.py:188} INFO - [2026-03-31T08:35:56.166+0000] {dagbag.py:545} INFO - Filling up the DagBag from /opt/airflow/dags/e_commerce_dw_dag.py
[2026-03-31T08:35:56.239+0000] {processor.py:840} INFO - DAG(s) 'e_commerce_dw_etl' retrieved from /opt/airflow/dags/e_commerce_dw_dag.py
[2026-03-31T08:35:56.282+0000] {logging_mixin.py:188} INFO - [2026-03-31T08:35:56.282+0000] {dag.py:3096} INFO - Sync 1 DAGs
[2026-03-31T08:35:56.304+0000] {logging_mixin.py:188} INFO - [2026-03-31T08:35:56.304+0000] {dag.py:3954} INFO - Setting next_dagrun for e_commerce_dw_etl to 2026-03-31 00:00:00+00:00, run_after=2026-04-01 00:00:00+00:00
[2026-03-31T08:35:56.331+0000] {processor.py:183} INFO - Processing /opt/airflow/dags/e_commerce_dw_dag.py took 0.175 seconds
[2026-03-31T08:36:26.922+0000] {processor.py:161} INFO - Started process (PID=445) to work on /opt/airflow/dags/e_commerce_dw_dag.py
[2026-03-31T08:36:26.923+0000] {processor.py:830} INFO - Processing file /opt/airflow/dags/e_commerce_dw_dag.py for tasks to queue
[2026-03-31T08:36:26.925+0000] {logging_mixin.py:188} INFO - [2026-03-31T08:36:26.925+0000] {dagbag.py:545} INFO - Filling up the DagBag from /opt/airflow/dags/e_commerce_dw_dag.py
[2026-03-31T08:36:26.994+0000] {processor.py:840} INFO - DAG(s) 'e_commerce_dw_etl' retrieved from /opt/airflow/dags/e_commerce_dw_dag.py
[2026-03-31T08:36:27.027+0000] {logging_mixin.py:188} INFO - [2026-03-31T08:36:27.026+0000] {dag.py:3096} INFO - Sync 1 DAGs
[2026-03-31T08:36:27.048+0000] {logging_mixin.py:188} INFO - [2026-03-31T08:36:27.048+0000] {dag.py:3954} INFO - Setting next_dagrun for e_commerce_dw_etl to 2026-03-31 00:00:00+00:00, run_after=2026-04-01 00:00:00+00:00
[2026-03-31T08:36:27.075+0000] {processor.py:183} INFO - Processing /opt/airflow/dags/e_commerce_dw_dag.py took 0.161 seconds
[2026-03-31T08:36:57.813+0000] {processor.py:161} INFO - Started process (PID=471) to work on /opt/airflow/dags/e_commerce_dw_dag.py
[2026-03-31T08:36:57.815+0000] {processor.py:830} INFO - Processing file /opt/airflow/dags/e_commerce_dw_dag.py for tasks to queue
[2026-03-31T08:36:57.818+0000] {logging_mixin.py:188} INFO - [2026-03-31T08:36:57.817+0000] {dagbag.py:545} INFO - Filling up the DagBag from /opt/airflow/dags/e_commerce_dw_dag.py
[2026-03-31T08:36:57.880+0000] {processor.py:840} INFO - DAG(s) 'e_commerce_dw_etl' retrieved from /opt/airflow/dags/e_commerce_dw_dag.py
[2026-03-31T08:36:57.913+0000] {logging_mixin.py:188} INFO - [2026-03-31T08:36:57.912+0000] {dag.py:3096} INFO - Sync 1 DAGs
[2026-03-31T08:36:57.933+0000] {logging_mixin.py:188} INFO - [2026-03-31T08:36:57.933+0000] {dag.py:3954} INFO - Setting next_dagrun for e_commerce_dw_etl to 2026-03-31 00:00:00+00:00, run_after=2026-04-01 00:00:00+00:00
[2026-03-31T08:36:57.959+0000] {processor.py:183} INFO - Processing /opt/airflow/dags/e_commerce_dw_dag.py took 0.152 seconds
[2026-03-31T08:37:28.477+0000] {processor.py:161} INFO - Started process (PID=497) to work on /opt/airflow/dags/e_commerce_dw_dag.py
[2026-03-31T08:37:28.479+0000] {processor.py:830} INFO - Processing file /opt/airflow/dags/e_commerce_dw_dag.py for tasks to queue
[2026-03-31T08:37:28.481+0000] {logging_mixin.py:188} INFO - [2026-03-31T08:37:28.480+0000] {dagbag.py:545} INFO - Filling up the DagBag from /opt/airflow/dags/e_commerce_dw_dag.py
[2026-03-31T08:37:28.553+0000] {processor.py:840} INFO - DAG(s) 'e_commerce_dw_etl' retrieved from /opt/airflow/dags/e_commerce_dw_dag.py
[2026-03-31T08:37:28.585+0000] {logging_mixin.py:188} INFO - [2026-03-31T08:37:28.585+0000] {dag.py:3096} INFO - Sync 1 DAGs
[2026-03-31T08:37:28.610+0000] {logging_mixin.py:188} INFO - [2026-03-31T08:37:28.610+0000] {dag.py:3954} INFO - Setting next_dagrun for e_commerce_dw_etl to 2026-03-31 00:00:00+00:00, run_after=2026-04-01 00:00:00+00:00
[2026-03-31T08:37:28.634+0000] {processor.py:183} INFO - Processing /opt/airflow/dags/e_commerce_dw_dag.py took 0.164 seconds
[2026-03-31T08:53:27.236+0000] {processor.py:161} INFO - Started process (PID=179) to work on /opt/airflow/dags/e_commerce_dw_dag.py
[2026-03-31T08:53:27.248+0000] {processor.py:830} INFO - Processing file /opt/airflow/dags/e_commerce_dw_dag.py for tasks to queue
[2026-03-31T08:53:27.253+0000] {logging_mixin.py:188} INFO - [2026-03-31T08:53:27.252+0000] {dagbag.py:545} INFO - Filling up the DagBag from /opt/airflow/dags/e_commerce_dw_dag.py
[2026-03-31T08:53:27.446+0000] {processor.py:840} INFO - DAG(s) 'e_commerce_dw_etl' retrieved from /opt/airflow/dags/e_commerce_dw_dag.py
[2026-03-31T08:53:27.894+0000] {logging_mixin.py:188} INFO - [2026-03-31T08:53:27.893+0000] {dag.py:3096} INFO - Sync 1 DAGs
[2026-03-31T08:53:27.935+0000] {logging_mixin.py:188} INFO - [2026-03-31T08:53:27.935+0000] {dag.py:3954} INFO - Setting next_dagrun for e_commerce_dw_etl to 2026-03-31 00:00:00+00:00, run_after=2026-04-01 00:00:00+00:00
[2026-03-31T08:53:27.972+0000] {processor.py:183} INFO - Processing /opt/airflow/dags/e_commerce_dw_dag.py took 0.752 seconds
[2026-03-31T08:53:58.968+0000] {processor.py:161} INFO - Started process (PID=216) to work on /opt/airflow/dags/e_commerce_dw_dag.py
[2026-03-31T08:53:58.970+0000] {processor.py:830} INFO - Processing file /opt/airflow/dags/e_commerce_dw_dag.py for tasks to queue
[2026-03-31T08:53:58.972+0000] {logging_mixin.py:188} INFO - [2026-03-31T08:53:58.971+0000] {dagbag.py:545} INFO - Filling up the DagBag from /opt/airflow/dags/e_commerce_dw_dag.py
[2026-03-31T08:53:59.034+0000] {processor.py:840} INFO - DAG(s) 'e_commerce_dw_etl' retrieved from /opt/airflow/dags/e_commerce_dw_dag.py
[2026-03-31T08:53:59.067+0000] {logging_mixin.py:188} INFO - [2026-03-31T08:53:59.067+0000] {dag.py:3096} INFO - Sync 1 DAGs
[2026-03-31T08:53:59.093+0000] {logging_mixin.py:188} INFO - [2026-03-31T08:53:59.093+0000] {dag.py:3954} INFO - Setting next_dagrun for e_commerce_dw_etl to 2026-03-31 00:00:00+00:00, run_after=2026-04-01 00:00:00+00:00
[2026-03-31T08:53:59.118+0000] {processor.py:183} INFO - Processing /opt/airflow/dags/e_commerce_dw_dag.py took 0.156 seconds
[2026-03-31T08:54:29.735+0000] {processor.py:161} INFO - Started process (PID=242) to work on /opt/airflow/dags/e_commerce_dw_dag.py
[2026-03-31T08:54:29.737+0000] {processor.py:830} INFO - Processing file /opt/airflow/dags/e_commerce_dw_dag.py for tasks to queue
[2026-03-31T08:54:29.739+0000] {logging_mixin.py:188} INFO - [2026-03-31T08:54:29.739+0000] {dagbag.py:545} INFO - Filling up the DagBag from /opt/airflow/dags/e_commerce_dw_dag.py
[2026-03-31T08:54:29.811+0000] {processor.py:840} INFO - DAG(s) 'e_commerce_dw_etl' retrieved from /opt/airflow/dags/e_commerce_dw_dag.py
[2026-03-31T08:54:29.845+0000] {logging_mixin.py:188} INFO - [2026-03-31T08:54:29.845+0000] {dag.py:3096} INFO - Sync 1 DAGs
[2026-03-31T08:54:29.879+0000] {logging_mixin.py:188} INFO - [2026-03-31T08:54:29.879+0000] {dag.py:3954} INFO - Setting next_dagrun for e_commerce_dw_etl to 2026-03-31 00:00:00+00:00, run_after=2026-04-01 00:00:00+00:00
[2026-03-31T08:54:29.900+0000] {processor.py:183} INFO - Processing /opt/airflow/dags/e_commerce_dw_dag.py took 0.171 seconds
[2026-03-31T08:55:00.463+0000] {processor.py:161} INFO - Started process (PID=268) to work on /opt/airflow/dags/e_commerce_dw_dag.py
[2026-03-31T08:55:00.465+0000] {processor.py:830} INFO - Processing file /opt/airflow/dags/e_commerce_dw_dag.py for tasks to queue
[2026-03-31T08:55:00.468+0000] {logging_mixin.py:188} INFO - [2026-03-31T08:55:00.468+0000] {dagbag.py:545} INFO - Filling up the DagBag from /opt/airflow/dags/e_commerce_dw_dag.py
[2026-03-31T08:55:00.571+0000] {processor.py:840} INFO - DAG(s) 'e_commerce_dw_etl' retrieved from /opt/airflow/dags/e_commerce_dw_dag.py
[2026-03-31T08:55:00.618+0000] {logging_mixin.py:188} INFO - [2026-03-31T08:55:00.618+0000] {dag.py:3096} INFO - Sync 1 DAGs
[2026-03-31T08:55:00.659+0000] {logging_mixin.py:188} INFO - [2026-03-31T08:55:00.658+0000] {dag.py:3954} INFO - Setting next_dagrun for e_commerce_dw_etl to 2026-03-31 00:00:00+00:00, run_after=2026-04-01 00:00:00+00:00
[2026-03-31T08:55:00.682+0000] {processor.py:183} INFO - Processing /opt/airflow/dags/e_commerce_dw_dag.py took 0.231 seconds
[2026-03-31T08:55:31.248+0000] {processor.py:161} INFO - Started process (PID=294) to work on /opt/airflow/dags/e_commerce_dw_dag.py
[2026-03-31T08:55:31.250+0000] {processor.py:830} INFO - Processing file /opt/airflow/dags/e_commerce_dw_dag.py for tasks to queue
[2026-03-31T08:55:31.252+0000] {logging_mixin.py:188} INFO - [2026-03-31T08:55:31.252+0000] {dagbag.py:545} INFO - Filling up the DagBag from /opt/airflow/dags/e_commerce_dw_dag.py
[2026-03-31T08:55:31.330+0000] {processor.py:840} INFO - DAG(s) 'e_commerce_dw_etl' retrieved from /opt/airflow/dags/e_commerce_dw_dag.py
[2026-03-31T08:55:31.370+0000] {logging_mixin.py:188} INFO - [2026-03-31T08:55:31.370+0000] {dag.py:3096} INFO - Sync 1 DAGs
[2026-03-31T08:55:31.394+0000] {logging_mixin.py:188} INFO - [2026-03-31T08:55:31.393+0000] {dag.py:3954} INFO - Setting next_dagrun for e_commerce_dw_etl to 2026-03-31 00:00:00+00:00, run_after=2026-04-01 00:00:00+00:00
[2026-03-31T08:55:31.415+0000] {processor.py:183} INFO - Processing /opt/airflow/dags/e_commerce_dw_dag.py took 0.173 seconds
[2026-03-31T08:56:02.095+0000] {processor.py:161} INFO - Started process (PID=320) to work on /opt/airflow/dags/e_commerce_dw_dag.py
[2026-03-31T08:56:02.096+0000] {processor.py:830} INFO - Processing file /opt/airflow/dags/e_commerce_dw_dag.py for tasks to queue
[2026-03-31T08:56:02.099+0000] {logging_mixin.py:188} INFO - [2026-03-31T08:56:02.099+0000] {dagbag.py:545} INFO - Filling up the DagBag from /opt/airflow/dags/e_commerce_dw_dag.py
[2026-03-31T08:56:02.158+0000] {processor.py:840} INFO - DAG(s) 'e_commerce_dw_etl' retrieved from /opt/airflow/dags/e_commerce_dw_dag.py
[2026-03-31T08:56:02.189+0000] {logging_mixin.py:188} INFO - [2026-03-31T08:56:02.189+0000] {dag.py:3096} INFO - Sync 1 DAGs
[2026-03-31T08:56:02.211+0000] {logging_mixin.py:188} INFO - [2026-03-31T08:56:02.211+0000] {dag.py:3954} INFO - Setting next_dagrun for e_commerce_dw_etl to 2026-03-31 00:00:00+00:00, run_after=2026-04-01 00:00:00+00:00
[2026-03-31T08:56:02.234+0000] {processor.py:183} INFO - Processing /opt/airflow/dags/e_commerce_dw_dag.py took 0.145 seconds
[2026-03-31T08:56:32.794+0000] {processor.py:161} INFO - Started process (PID=346) to work on /opt/airflow/dags/e_commerce_dw_dag.py
[2026-03-31T08:56:32.796+0000] {processor.py:830} INFO - Processing file /opt/airflow/dags/e_commerce_dw_dag.py for tasks to queue
[2026-03-31T08:56:32.799+0000] {logging_mixin.py:188} INFO - [2026-03-31T08:56:32.798+0000] {dagbag.py:545} INFO - Filling up the DagBag from /opt/airflow/dags/e_commerce_dw_dag.py
[2026-03-31T08:56:32.881+0000] {processor.py:840} INFO - DAG(s) 'e_commerce_dw_etl' retrieved from /opt/airflow/dags/e_commerce_dw_dag.py
[2026-03-31T08:56:32.913+0000] {logging_mixin.py:188} INFO - [2026-03-31T08:56:32.913+0000] {dag.py:3096} INFO - Sync 1 DAGs
[2026-03-31T08:56:32.935+0000] {logging_mixin.py:188} INFO - [2026-03-31T08:56:32.935+0000] {dag.py:3954} INFO - Setting next_dagrun for e_commerce_dw_etl to 2026-03-31 00:00:00+00:00, run_after=2026-04-01 00:00:00+00:00
[2026-03-31T08:56:32.956+0000] {processor.py:183} INFO - Processing /opt/airflow/dags/e_commerce_dw_dag.py took 0.170 seconds
[2026-03-31T08:57:03.489+0000] {processor.py:161} INFO - Started process (PID=372) to work on /opt/airflow/dags/e_commerce_dw_dag.py
[2026-03-31T08:57:03.490+0000] {processor.py:830} INFO - Processing file /opt/airflow/dags/e_commerce_dw_dag.py for tasks to queue
[2026-03-31T08:57:03.493+0000] {logging_mixin.py:188} INFO - [2026-03-31T08:57:03.492+0000] {dagbag.py:545} INFO - Filling up the DagBag from /opt/airflow/dags/e_commerce_dw_dag.py
[2026-03-31T08:57:03.562+0000] {processor.py:840} INFO - DAG(s) 'e_commerce_dw_etl' retrieved from /opt/airflow/dags/e_commerce_dw_dag.py
[2026-03-31T08:57:03.597+0000] {logging_mixin.py:188} INFO - [2026-03-31T08:57:03.596+0000] {dag.py:3096} INFO - Sync 1 DAGs
[2026-03-31T08:57:03.621+0000] {logging_mixin.py:188} INFO - [2026-03-31T08:57:03.621+0000] {dag.py:3954} INFO - Setting next_dagrun for e_commerce_dw_etl to 2026-03-31 00:00:00+00:00, run_after=2026-04-01 00:00:00+00:00
[2026-03-31T08:57:03.645+0000] {processor.py:183} INFO - Processing /opt/airflow/dags/e_commerce_dw_dag.py took 0.162 seconds
[2026-03-31T08:57:34.259+0000] {processor.py:161} INFO - Started process (PID=412) to work on /opt/airflow/dags/e_commerce_dw_dag.py
[2026-03-31T08:57:34.261+0000] {processor.py:830} INFO - Processing file /opt/airflow/dags/e_commerce_dw_dag.py for tasks to queue
[2026-03-31T08:57:34.264+0000] {logging_mixin.py:188} INFO - [2026-03-31T08:57:34.263+0000] {dagbag.py:545} INFO - Filling up the DagBag from /opt/airflow/dags/e_commerce_dw_dag.py
[2026-03-31T08:57:34.352+0000] {processor.py:840} INFO - DAG(s) 'e_commerce_dw_etl' retrieved from /opt/airflow/dags/e_commerce_dw_dag.py
[2026-03-31T08:57:34.386+0000] {logging_mixin.py:188} INFO - [2026-03-31T08:57:34.385+0000] {dag.py:3096} INFO - Sync 1 DAGs
[2026-03-31T08:57:34.415+0000] {logging_mixin.py:188} INFO - [2026-03-31T08:57:34.414+0000] {dag.py:3954} INFO - Setting next_dagrun for e_commerce_dw_etl to 2026-03-31 00:00:00+00:00, run_after=2026-04-01 00:00:00+00:00
[2026-03-31T08:57:34.441+0000] {processor.py:183} INFO - Processing /opt/airflow/dags/e_commerce_dw_dag.py took 0.189 seconds
[2026-03-31T08:58:04.985+0000] {processor.py:161} INFO - Started process (PID=441) to work on /opt/airflow/dags/e_commerce_dw_dag.py
[2026-03-31T08:58:04.986+0000] {processor.py:830} INFO - Processing file /opt/airflow/dags/e_commerce_dw_dag.py for tasks to queue
[2026-03-31T08:58:04.988+0000] {logging_mixin.py:188} INFO - [2026-03-31T08:58:04.987+0000] {dagbag.py:545} INFO - Filling up the DagBag from /opt/airflow/dags/e_commerce_dw_dag.py
[2026-03-31T08:58:05.076+0000] {processor.py:840} INFO - DAG(s) 'e_commerce_dw_etl' retrieved from /opt/airflow/dags/e_commerce_dw_dag.py
[2026-03-31T08:58:05.113+0000] {logging_mixin.py:188} INFO - [2026-03-31T08:58:05.113+0000] {dag.py:3096} INFO - Sync 1 DAGs
[2026-03-31T08:58:05.138+0000] {logging_mixin.py:188} INFO - [2026-03-31T08:58:05.138+0000] {dag.py:3954} INFO - Setting next_dagrun for e_commerce_dw_etl to 2026-03-31 00:00:00+00:00, run_after=2026-04-01 00:00:00+00:00
[2026-03-31T08:58:05.164+0000] {processor.py:183} INFO - Processing /opt/airflow/dags/e_commerce_dw_dag.py took 0.186 seconds
[2026-03-31T08:58:35.858+0000] {processor.py:161} INFO - Started process (PID=467) to work on /opt/airflow/dags/e_commerce_dw_dag.py
[2026-03-31T08:58:35.859+0000] {processor.py:830} INFO - Processing file /opt/airflow/dags/e_commerce_dw_dag.py for tasks to queue
[2026-03-31T08:58:35.861+0000] {logging_mixin.py:188} INFO - [2026-03-31T08:58:35.861+0000] {dagbag.py:545} INFO - Filling up the DagBag from /opt/airflow/dags/e_commerce_dw_dag.py
[2026-03-31T08:58:35.920+0000] {processor.py:840} INFO - DAG(s) 'e_commerce_dw_etl' retrieved from /opt/airflow/dags/e_commerce_dw_dag.py
[2026-03-31T08:58:35.949+0000] {logging_mixin.py:188} INFO - [2026-03-31T08:58:35.949+0000] {dag.py:3096} INFO - Sync 1 DAGs
[2026-03-31T08:58:35.971+0000] {logging_mixin.py:188} INFO - [2026-03-31T08:58:35.971+0000] {dag.py:3954} INFO - Setting next_dagrun for e_commerce_dw_etl to 2026-03-31 00:00:00+00:00, run_after=2026-04-01 00:00:00+00:00
[2026-03-31T08:58:35.994+0000] {processor.py:183} INFO - Processing /opt/airflow/dags/e_commerce_dw_dag.py took 0.144 seconds
[2026-03-31T08:59:06.563+0000] {processor.py:161} INFO - Started process (PID=493) to work on /opt/airflow/dags/e_commerce_dw_dag.py
[2026-03-31T08:59:06.564+0000] {processor.py:830} INFO - Processing file /opt/airflow/dags/e_commerce_dw_dag.py for tasks to queue
[2026-03-31T08:59:06.567+0000] {logging_mixin.py:188} INFO - [2026-03-31T08:59:06.566+0000] {dagbag.py:545} INFO - Filling up the DagBag from /opt/airflow/dags/e_commerce_dw_dag.py
[2026-03-31T08:59:06.650+0000] {processor.py:840} INFO - DAG(s) 'e_commerce_dw_etl' retrieved from /opt/airflow/dags/e_commerce_dw_dag.py
[2026-03-31T08:59:06.682+0000] {logging_mixin.py:188} INFO - [2026-03-31T08:59:06.682+0000] {dag.py:3096} INFO - Sync 1 DAGs
[2026-03-31T08:59:06.707+0000] {logging_mixin.py:188} INFO - [2026-03-31T08:59:06.707+0000] {dag.py:3954} INFO - Setting next_dagrun for e_commerce_dw_etl to 2026-03-31 00:00:00+00:00, run_after=2026-04-01 00:00:00+00:00
[2026-03-31T08:59:06.727+0000] {processor.py:183} INFO - Processing /opt/airflow/dags/e_commerce_dw_dag.py took 0.173 seconds
[2026-03-31T08:59:37.304+0000] {processor.py:161} INFO - Started process (PID=519) to work on /opt/airflow/dags/e_commerce_dw_dag.py
[2026-03-31T08:59:37.309+0000] {processor.py:830} INFO - Processing file /opt/airflow/dags/e_commerce_dw_dag.py for tasks to queue
[2026-03-31T08:59:37.312+0000] {logging_mixin.py:188} INFO - [2026-03-31T08:59:37.312+0000] {dagbag.py:545} INFO - Filling up the DagBag from /opt/airflow/dags/e_commerce_dw_dag.py
[2026-03-31T08:59:37.407+0000] {processor.py:840} INFO - DAG(s) 'e_commerce_dw_etl' retrieved from /opt/airflow/dags/e_commerce_dw_dag.py
[2026-03-31T08:59:37.455+0000] {logging_mixin.py:188} INFO - [2026-03-31T08:59:37.455+0000] {dag.py:3096} INFO - Sync 1 DAGs
[2026-03-31T08:59:37.487+0000] {logging_mixin.py:188} INFO - [2026-03-31T08:59:37.486+0000] {dag.py:3954} INFO - Setting next_dagrun for e_commerce_dw_etl to 2026-03-31 00:00:00+00:00, run_after=2026-04-01 00:00:00+00:00
[2026-03-31T08:59:37.512+0000] {processor.py:183} INFO - Processing /opt/airflow/dags/e_commerce_dw_dag.py took 0.218 seconds
[2026-03-31T09:00:08.026+0000] {processor.py:161} INFO - Started process (PID=545) to work on /opt/airflow/dags/e_commerce_dw_dag.py
[2026-03-31T09:00:08.028+0000] {processor.py:830} INFO - Processing file /opt/airflow/dags/e_commerce_dw_dag.py for tasks to queue
[2026-03-31T09:00:08.030+0000] {logging_mixin.py:188} INFO - [2026-03-31T09:00:08.029+0000] {dagbag.py:545} INFO - Filling up the DagBag from /opt/airflow/dags/e_commerce_dw_dag.py
[2026-03-31T09:00:08.098+0000] {processor.py:840} INFO - DAG(s) 'e_commerce_dw_etl' retrieved from /opt/airflow/dags/e_commerce_dw_dag.py
[2026-03-31T09:00:08.131+0000] {logging_mixin.py:188} INFO - [2026-03-31T09:00:08.131+0000] {dag.py:3096} INFO - Sync 1 DAGs
[2026-03-31T09:00:08.153+0000] {logging_mixin.py:188} INFO - [2026-03-31T09:00:08.152+0000] {dag.py:3954} INFO - Setting next_dagrun for e_commerce_dw_etl to 2026-03-31 00:00:00+00:00, run_after=2026-04-01 00:00:00+00:00
[2026-03-31T09:00:08.175+0000] {processor.py:183} INFO - Processing /opt/airflow/dags/e_commerce_dw_dag.py took 0.159 seconds
[2026-03-31T09:00:38.934+0000] {processor.py:161} INFO - Started process (PID=571) to work on /opt/airflow/dags/e_commerce_dw_dag.py
[2026-03-31T09:00:38.936+0000] {processor.py:830} INFO - Processing file /opt/airflow/dags/e_commerce_dw_dag.py for tasks to queue
[2026-03-31T09:00:38.938+0000] {logging_mixin.py:188} INFO - [2026-03-31T09:00:38.938+0000] {dagbag.py:545} INFO - Filling up the DagBag from /opt/airflow/dags/e_commerce_dw_dag.py
[2026-03-31T09:00:38.994+0000] {processor.py:840} INFO - DAG(s) 'e_commerce_dw_etl' retrieved from /opt/airflow/dags/e_commerce_dw_dag.py
[2026-03-31T09:00:39.026+0000] {logging_mixin.py:188} INFO - [2026-03-31T09:00:39.025+0000] {dag.py:3096} INFO - Sync 1 DAGs
[2026-03-31T09:00:39.048+0000] {logging_mixin.py:188} INFO - [2026-03-31T09:00:39.048+0000] {dag.py:3954} INFO - Setting next_dagrun for e_commerce_dw_etl to 2026-03-31 00:00:00+00:00, run_after=2026-04-01 00:00:00+00:00
[2026-03-31T09:00:39.072+0000] {processor.py:183} INFO - Processing /opt/airflow/dags/e_commerce_dw_dag.py took 0.144 seconds
[2026-03-31T09:01:09.753+0000] {processor.py:161} INFO - Started process (PID=597) to work on /opt/airflow/dags/e_commerce_dw_dag.py
[2026-03-31T09:01:09.755+0000] {processor.py:830} INFO - Processing file /opt/airflow/dags/e_commerce_dw_dag.py for tasks to queue
[2026-03-31T09:01:09.757+0000] {logging_mixin.py:188} INFO - [2026-03-31T09:01:09.757+0000] {dagbag.py:545} INFO - Filling up the DagBag from /opt/airflow/dags/e_commerce_dw_dag.py
[2026-03-31T09:01:09.829+0000] {processor.py:840} INFO - DAG(s) 'e_commerce_dw_etl' retrieved from /opt/airflow/dags/e_commerce_dw_dag.py
[2026-03-31T09:01:09.864+0000] {logging_mixin.py:188} INFO - [2026-03-31T09:01:09.864+0000] {dag.py:3096} INFO - Sync 1 DAGs
[2026-03-31T09:01:09.888+0000] {logging_mixin.py:188} INFO - [2026-03-31T09:01:09.888+0000] {dag.py:3954} INFO - Setting next_dagrun for e_commerce_dw_etl to 2026-03-31 00:00:00+00:00, run_after=2026-04-01 00:00:00+00:00
[2026-03-31T09:01:09.912+0000] {processor.py:183} INFO - Processing /opt/airflow/dags/e_commerce_dw_dag.py took 0.166 seconds
[2026-03-31T09:01:40.536+0000] {processor.py:161} INFO - Started process (PID=623) to work on /opt/airflow/dags/e_commerce_dw_dag.py
[2026-03-31T09:01:40.538+0000] {processor.py:830} INFO - Processing file /opt/airflow/dags/e_commerce_dw_dag.py for tasks to queue
[2026-03-31T09:01:40.540+0000] {logging_mixin.py:188} INFO - [2026-03-31T09:01:40.540+0000] {dagbag.py:545} INFO - Filling up the DagBag from /opt/airflow/dags/e_commerce_dw_dag.py
[2026-03-31T09:01:40.617+0000] {processor.py:840} INFO - DAG(s) 'e_commerce_dw_etl' retrieved from /opt/airflow/dags/e_commerce_dw_dag.py
[2026-03-31T09:01:40.670+0000] {logging_mixin.py:188} INFO - [2026-03-31T09:01:40.669+0000] {dag.py:3096} INFO - Sync 1 DAGs
[2026-03-31T09:01:40.703+0000] {logging_mixin.py:188} INFO - [2026-03-31T09:01:40.702+0000] {dag.py:3954} INFO - Setting next_dagrun for e_commerce_dw_etl to 2026-03-31 00:00:00+00:00, run_after=2026-04-01 00:00:00+00:00
[2026-03-31T09:01:40.725+0000] {processor.py:183} INFO - Processing /opt/airflow/dags/e_commerce_dw_dag.py took 0.197 seconds
[2026-03-31T09:02:11.325+0000] {processor.py:161} INFO - Started process (PID=649) to work on /opt/airflow/dags/e_commerce_dw_dag.py
[2026-03-31T09:02:11.327+0000] {processor.py:830} INFO - Processing file /opt/airflow/dags/e_commerce_dw_dag.py for tasks to queue
[2026-03-31T09:02:11.328+0000] {logging_mixin.py:188} INFO - [2026-03-31T09:02:11.328+0000] {dagbag.py:545} INFO - Filling up the DagBag from /opt/airflow/dags/e_commerce_dw_dag.py
[2026-03-31T09:02:11.391+0000] {processor.py:840} INFO - DAG(s) 'e_commerce_dw_etl' retrieved from /opt/airflow/dags/e_commerce_dw_dag.py
[2026-03-31T09:02:11.423+0000] {logging_mixin.py:188} INFO - [2026-03-31T09:02:11.423+0000] {dag.py:3096} INFO - Sync 1 DAGs
[2026-03-31T09:02:11.446+0000] {logging_mixin.py:188} INFO - [2026-03-31T09:02:11.446+0000] {dag.py:3954} INFO - Setting next_dagrun for e_commerce_dw_etl to 2026-03-31 00:00:00+00:00, run_after=2026-04-01 00:00:00+00:00
[2026-03-31T09:02:11.469+0000] {processor.py:183} INFO - Processing /opt/airflow/dags/e_commerce_dw_dag.py took 0.149 seconds
[2026-03-31T09:02:41.976+0000] {processor.py:161} INFO - Started process (PID=675) to work on /opt/airflow/dags/e_commerce_dw_dag.py
[2026-03-31T09:02:41.977+0000] {processor.py:830} INFO - Processing file /opt/airflow/dags/e_commerce_dw_dag.py for tasks to queue
[2026-03-31T09:02:41.980+0000] {logging_mixin.py:188} INFO - [2026-03-31T09:02:41.979+0000] {dagbag.py:545} INFO - Filling up the DagBag from /opt/airflow/dags/e_commerce_dw_dag.py
[2026-03-31T09:02:42.048+0000] {processor.py:840} INFO - DAG(s) 'e_commerce_dw_etl' retrieved from /opt/airflow/dags/e_commerce_dw_dag.py
[2026-03-31T09:02:42.086+0000] {logging_mixin.py:188} INFO - [2026-03-31T09:02:42.086+0000] {dag.py:3096} INFO - Sync 1 DAGs
[2026-03-31T09:02:42.113+0000] {logging_mixin.py:188} INFO - [2026-03-31T09:02:42.112+0000] {dag.py:3954} INFO - Setting next_dagrun for e_commerce_dw_etl to 2026-03-31 00:00:00+00:00, run_after=2026-04-01 00:00:00+00:00
[2026-03-31T09:02:42.139+0000] {processor.py:183} INFO - Processing /opt/airflow/dags/e_commerce_dw_dag.py took 0.170 seconds
[2026-03-31T09:03:12.714+0000] {processor.py:161} INFO - Started process (PID=701) to work on /opt/airflow/dags/e_commerce_dw_dag.py
[2026-03-31T09:03:12.715+0000] {processor.py:830} INFO - Processing file /opt/airflow/dags/e_commerce_dw_dag.py for tasks to queue
[2026-03-31T09:03:12.718+0000] {logging_mixin.py:188} INFO - [2026-03-31T09:03:12.718+0000] {dagbag.py:545} INFO - Filling up the DagBag from /opt/airflow/dags/e_commerce_dw_dag.py
[2026-03-31T09:03:12.804+0000] {processor.py:840} INFO - DAG(s) 'e_commerce_dw_etl' retrieved from /opt/airflow/dags/e_commerce_dw_dag.py
[2026-03-31T09:03:12.842+0000] {logging_mixin.py:188} INFO - [2026-03-31T09:03:12.842+0000] {dag.py:3096} INFO - Sync 1 DAGs
[2026-03-31T09:03:12.869+0000] {logging_mixin.py:188} INFO - [2026-03-31T09:03:12.869+0000] {dag.py:3954} INFO - Setting next_dagrun for e_commerce_dw_etl to 2026-03-31 00:00:00+00:00, run_after=2026-04-01 00:00:00+00:00
[2026-03-31T09:03:12.889+0000] {processor.py:183} INFO - Processing /opt/airflow/dags/e_commerce_dw_dag.py took 0.184 seconds
[2026-03-31T09:03:43.549+0000] {processor.py:161} INFO - Started process (PID=727) to work on /opt/airflow/dags/e_commerce_dw_dag.py
[2026-03-31T09:03:43.550+0000] {processor.py:830} INFO - Processing file /opt/airflow/dags/e_commerce_dw_dag.py for tasks to queue
[2026-03-31T09:03:43.552+0000] {logging_mixin.py:188} INFO - [2026-03-31T09:03:43.552+0000] {dagbag.py:545} INFO - Filling up the DagBag from /opt/airflow/dags/e_commerce_dw_dag.py
[2026-03-31T09:03:43.621+0000] {processor.py:840} INFO - DAG(s) 'e_commerce_dw_etl' retrieved from /opt/airflow/dags/e_commerce_dw_dag.py
[2026-03-31T09:03:43.656+0000] {logging_mixin.py:188} INFO - [2026-03-31T09:03:43.655+0000] {dag.py:3096} INFO - Sync 1 DAGs
[2026-03-31T09:03:43.681+0000] {logging_mixin.py:188} INFO - [2026-03-31T09:03:43.680+0000] {dag.py:3954} INFO - Setting next_dagrun for e_commerce_dw_etl to 2026-03-31 00:00:00+00:00, run_after=2026-04-01 00:00:00+00:00
[2026-03-31T09:03:43.704+0000] {processor.py:183} INFO - Processing /opt/airflow/dags/e_commerce_dw_dag.py took 0.162 seconds
[2026-03-31T09:04:14.205+0000] {processor.py:161} INFO - Started process (PID=753) to work on /opt/airflow/dags/e_commerce_dw_dag.py
[2026-03-31T09:04:14.206+0000] {processor.py:830} INFO - Processing file /opt/airflow/dags/e_commerce_dw_dag.py for tasks to queue
[2026-03-31T09:04:14.209+0000] {logging_mixin.py:188} INFO - [2026-03-31T09:04:14.209+0000] {dagbag.py:545} INFO - Filling up the DagBag from /opt/airflow/dags/e_commerce_dw_dag.py
[2026-03-31T09:04:14.286+0000] {processor.py:840} INFO - DAG(s) 'e_commerce_dw_etl' retrieved from /opt/airflow/dags/e_commerce_dw_dag.py
[2026-03-31T09:04:14.318+0000] {logging_mixin.py:188} INFO - [2026-03-31T09:04:14.318+0000] {dag.py:3096} INFO - Sync 1 DAGs
[2026-03-31T09:04:14.340+0000] {logging_mixin.py:188} INFO - [2026-03-31T09:04:14.340+0000] {dag.py:3954} INFO - Setting next_dagrun for e_commerce_dw_etl to 2026-03-31 00:00:00+00:00, run_after=2026-04-01 00:00:00+00:00
[2026-03-31T09:04:14.364+0000] {processor.py:183} INFO - Processing /opt/airflow/dags/e_commerce_dw_dag.py took 0.165 seconds
[2026-03-31T09:04:44.982+0000] {processor.py:161} INFO - Started process (PID=779) to work on /opt/airflow/dags/e_commerce_dw_dag.py
[2026-03-31T09:04:44.983+0000] {processor.py:830} INFO - Processing file /opt/airflow/dags/e_commerce_dw_dag.py for tasks to queue
[2026-03-31T09:04:44.986+0000] {logging_mixin.py:188} INFO - [2026-03-31T09:04:44.985+0000] {dagbag.py:545} INFO - Filling up the DagBag from /opt/airflow/dags/e_commerce_dw_dag.py
[2026-03-31T09:04:45.040+0000] {processor.py:840} INFO - DAG(s) 'e_commerce_dw_etl' retrieved from /opt/airflow/dags/e_commerce_dw_dag.py
[2026-03-31T09:04:45.070+0000] {logging_mixin.py:188} INFO - [2026-03-31T09:04:45.070+0000] {dag.py:3096} INFO - Sync 1 DAGs
[2026-03-31T09:04:45.094+0000] {logging_mixin.py:188} INFO - [2026-03-31T09:04:45.094+0000] {dag.py:3954} INFO - Setting next_dagrun for e_commerce_dw_etl to 2026-03-31 00:00:00+00:00, run_after=2026-04-01 00:00:00+00:00
[2026-03-31T09:04:45.114+0000] {processor.py:183} INFO - Processing /opt/airflow/dags/e_commerce_dw_dag.py took 0.138 seconds
[2026-03-31T09:05:15.582+0000] {processor.py:161} INFO - Started process (PID=805) to work on /opt/airflow/dags/e_commerce_dw_dag.py
[2026-03-31T09:05:15.584+0000] {processor.py:830} INFO - Processing file /opt/airflow/dags/e_commerce_dw_dag.py for tasks to queue
[2026-03-31T09:05:15.587+0000] {logging_mixin.py:188} INFO - [2026-03-31T09:05:15.586+0000] {dagbag.py:545} INFO - Filling up the DagBag from /opt/airflow/dags/e_commerce_dw_dag.py
[2026-03-31T09:05:15.654+0000] {processor.py:840} INFO - DAG(s) 'e_commerce_dw_etl' retrieved from /opt/airflow/dags/e_commerce_dw_dag.py
[2026-03-31T09:05:15.690+0000] {logging_mixin.py:188} INFO - [2026-03-31T09:05:15.690+0000] {dag.py:3096} INFO - Sync 1 DAGs
[2026-03-31T09:05:15.717+0000] {logging_mixin.py:188} INFO - [2026-03-31T09:05:15.716+0000] {dag.py:3954} INFO - Setting next_dagrun for e_commerce_dw_etl to 2026-03-31 00:00:00+00:00, run_after=2026-04-01 00:00:00+00:00
[2026-03-31T09:05:15.745+0000] {processor.py:183} INFO - Processing /opt/airflow/dags/e_commerce_dw_dag.py took 0.169 seconds
[2026-03-31T09:05:46.237+0000] {processor.py:161} INFO - Started process (PID=831) to work on /opt/airflow/dags/e_commerce_dw_dag.py
[2026-03-31T09:05:46.238+0000] {processor.py:830} INFO - Processing file /opt/airflow/dags/e_commerce_dw_dag.py for tasks to queue
[2026-03-31T09:05:46.240+0000] {logging_mixin.py:188} INFO - [2026-03-31T09:05:46.240+0000] {dagbag.py:545} INFO - Filling up the DagBag from /opt/airflow/dags/e_commerce_dw_dag.py
[2026-03-31T09:05:46.306+0000] {processor.py:840} INFO - DAG(s) 'e_commerce_dw_etl' retrieved from /opt/airflow/dags/e_commerce_dw_dag.py
[2026-03-31T09:05:46.339+0000] {logging_mixin.py:188} INFO - [2026-03-31T09:05:46.338+0000] {dag.py:3096} INFO - Sync 1 DAGs
[2026-03-31T09:05:46.362+0000] {logging_mixin.py:188} INFO - [2026-03-31T09:05:46.362+0000] {dag.py:3954} INFO - Setting next_dagrun for e_commerce_dw_etl to 2026-03-31 00:00:00+00:00, run_after=2026-04-01 00:00:00+00:00
[2026-03-31T09:05:46.384+0000] {processor.py:183} INFO - Processing /opt/airflow/dags/e_commerce_dw_dag.py took 0.154 seconds
[2026-03-31T09:06:16.861+0000] {processor.py:161} INFO - Started process (PID=857) to work on /opt/airflow/dags/e_commerce_dw_dag.py
[2026-03-31T09:06:16.862+0000] {processor.py:830} INFO - Processing file /opt/airflow/dags/e_commerce_dw_dag.py for tasks to queue
[2026-03-31T09:06:16.866+0000] {logging_mixin.py:188} INFO - [2026-03-31T09:06:16.865+0000] {dagbag.py:545} INFO - Filling up the DagBag from /opt/airflow/dags/e_commerce_dw_dag.py
[2026-03-31T09:06:16.940+0000] {processor.py:840} INFO - DAG(s) 'e_commerce_dw_etl' retrieved from /opt/airflow/dags/e_commerce_dw_dag.py
[2026-03-31T09:06:16.997+0000] {logging_mixin.py:188} INFO - [2026-03-31T09:06:16.996+0000] {dag.py:3096} INFO - Sync 1 DAGs
[2026-03-31T09:06:17.026+0000] {logging_mixin.py:188} INFO - [2026-03-31T09:06:17.025+0000] {dag.py:3954} INFO - Setting next_dagrun for e_commerce_dw_etl to 2026-03-31 00:00:00+00:00, run_after=2026-04-01 00:00:00+00:00
[2026-03-31T09:06:17.049+0000] {processor.py:183} INFO - Processing /opt/airflow/dags/e_commerce_dw_dag.py took 0.198 seconds
[2026-03-31T09:06:47.697+0000] {processor.py:161} INFO - Started process (PID=883) to work on /opt/airflow/dags/e_commerce_dw_dag.py
[2026-03-31T09:06:47.698+0000] {processor.py:830} INFO - Processing file /opt/airflow/dags/e_commerce_dw_dag.py for tasks to queue
[2026-03-31T09:06:47.701+0000] {logging_mixin.py:188} INFO - [2026-03-31T09:06:47.700+0000] {dagbag.py:545} INFO - Filling up the DagBag from /opt/airflow/dags/e_commerce_dw_dag.py
[2026-03-31T09:06:47.778+0000] {processor.py:840} INFO - DAG(s) 'e_commerce_dw_etl' retrieved from /opt/airflow/dags/e_commerce_dw_dag.py
[2026-03-31T09:06:47.813+0000] {logging_mixin.py:188} INFO - [2026-03-31T09:06:47.813+0000] {dag.py:3096} INFO - Sync 1 DAGs
[2026-03-31T09:06:47.835+0000] {logging_mixin.py:188} INFO - [2026-03-31T09:06:47.835+0000] {dag.py:3954} INFO - Setting next_dagrun for e_commerce_dw_etl to 2026-03-31 00:00:00+00:00, run_after=2026-04-01 00:00:00+00:00
[2026-03-31T09:06:47.858+0000] {processor.py:183} INFO - Processing /opt/airflow/dags/e_commerce_dw_dag.py took 0.168 seconds
[2026-03-31T09:07:18.346+0000] {processor.py:161} INFO - Started process (PID=909) to work on /opt/airflow/dags/e_commerce_dw_dag.py
[2026-03-31T09:07:18.347+0000] {processor.py:830} INFO - Processing file /opt/airflow/dags/e_commerce_dw_dag.py for tasks to queue
[2026-03-31T09:07:18.350+0000] {logging_mixin.py:188} INFO - [2026-03-31T09:07:18.349+0000] {dagbag.py:545} INFO - Filling up the DagBag from /opt/airflow/dags/e_commerce_dw_dag.py
[2026-03-31T09:07:18.425+0000] {processor.py:840} INFO - DAG(s) 'e_commerce_dw_etl' retrieved from /opt/airflow/dags/e_commerce_dw_dag.py
[2026-03-31T09:07:18.460+0000] {logging_mixin.py:188} INFO - [2026-03-31T09:07:18.460+0000] {dag.py:3096} INFO - Sync 1 DAGs
[2026-03-31T09:07:18.483+0000] {logging_mixin.py:188} INFO - [2026-03-31T09:07:18.483+0000] {dag.py:3954} INFO - Setting next_dagrun for e_commerce_dw_etl to 2026-03-31 00:00:00+00:00, run_after=2026-04-01 00:00:00+00:00
[2026-03-31T09:07:18.505+0000] {processor.py:183} INFO - Processing /opt/airflow/dags/e_commerce_dw_dag.py took 0.165 seconds
[2026-03-31T09:07:49.102+0000] {processor.py:161} INFO - Started process (PID=935) to work on /opt/airflow/dags/e_commerce_dw_dag.py
[2026-03-31T09:07:49.103+0000] {processor.py:830} INFO - Processing file /opt/airflow/dags/e_commerce_dw_dag.py for tasks to queue
[2026-03-31T09:07:49.105+0000] {logging_mixin.py:188} INFO - [2026-03-31T09:07:49.105+0000] {dagbag.py:545} INFO - Filling up the DagBag from /opt/airflow/dags/e_commerce_dw_dag.py
[2026-03-31T09:07:49.159+0000] {processor.py:840} INFO - DAG(s) 'e_commerce_dw_etl' retrieved from /opt/airflow/dags/e_commerce_dw_dag.py
[2026-03-31T09:07:49.189+0000] {logging_mixin.py:188} INFO - [2026-03-31T09:07:49.189+0000] {dag.py:3096} INFO - Sync 1 DAGs
[2026-03-31T09:07:49.212+0000] {logging_mixin.py:188} INFO - [2026-03-31T09:07:49.212+0000] {dag.py:3954} INFO - Setting next_dagrun for e_commerce_dw_etl to 2026-03-31 00:00:00+00:00, run_after=2026-04-01 00:00:00+00:00
[2026-03-31T09:07:49.239+0000] {processor.py:183} INFO - Processing /opt/airflow/dags/e_commerce_dw_dag.py took 0.142 seconds
[2026-03-31T09:08:19.884+0000] {processor.py:161} INFO - Started process (PID=961) to work on /opt/airflow/dags/e_commerce_dw_dag.py
[2026-03-31T09:08:19.886+0000] {processor.py:830} INFO - Processing file /opt/airflow/dags/e_commerce_dw_dag.py for tasks to queue
[2026-03-31T09:08:19.889+0000] {logging_mixin.py:188} INFO - [2026-03-31T09:08:19.888+0000] {dagbag.py:545} INFO - Filling up the DagBag from /opt/airflow/dags/e_commerce_dw_dag.py
[2026-03-31T09:08:19.989+0000] {processor.py:840} INFO - DAG(s) 'e_commerce_dw_etl' retrieved from /opt/airflow/dags/e_commerce_dw_dag.py
[2026-03-31T09:08:20.025+0000] {logging_mixin.py:188} INFO - [2026-03-31T09:08:20.025+0000] {dag.py:3096} INFO - Sync 1 DAGs
[2026-03-31T09:08:20.047+0000] {logging_mixin.py:188} INFO - [2026-03-31T09:08:20.047+0000] {dag.py:3954} INFO - Setting next_dagrun for e_commerce_dw_etl to 2026-03-31 00:00:00+00:00, run_after=2026-04-01 00:00:00+00:00
[2026-03-31T09:08:20.066+0000] {processor.py:183} INFO - Processing /opt/airflow/dags/e_commerce_dw_dag.py took 0.189 seconds
[2026-03-31T09:08:50.733+0000] {processor.py:161} INFO - Started process (PID=986) to work on /opt/airflow/dags/e_commerce_dw_dag.py
[2026-03-31T09:08:50.734+0000] {processor.py:830} INFO - Processing file /opt/airflow/dags/e_commerce_dw_dag.py for tasks to queue
[2026-03-31T09:08:50.735+0000] {logging_mixin.py:188} INFO - [2026-03-31T09:08:50.735+0000] {dagbag.py:545} INFO - Filling up the DagBag from /opt/airflow/dags/e_commerce_dw_dag.py
[2026-03-31T09:08:50.809+0000] {processor.py:840} INFO - DAG(s) 'e_commerce_dw_etl' retrieved from /opt/airflow/dags/e_commerce_dw_dag.py
[2026-03-31T09:08:50.842+0000] {logging_mixin.py:188} INFO - [2026-03-31T09:08:50.842+0000] {dag.py:3096} INFO - Sync 1 DAGs
[2026-03-31T09:08:50.881+0000] {logging_mixin.py:188} INFO - [2026-03-31T09:08:50.880+0000] {dag.py:3954} INFO - Setting next_dagrun for e_commerce_dw_etl to 2026-03-31 00:00:00+00:00, run_after=2026-04-01 00:00:00+00:00
[2026-03-31T09:08:50.906+0000] {processor.py:183} INFO - Processing /opt/airflow/dags/e_commerce_dw_dag.py took 0.179 seconds
[2026-03-31T09:09:21.511+0000] {processor.py:161} INFO - Started process (PID=1012) to work on /opt/airflow/dags/e_commerce_dw_dag.py
[2026-03-31T09:09:21.514+0000] {processor.py:830} INFO - Processing file /opt/airflow/dags/e_commerce_dw_dag.py for tasks to queue
[2026-03-31T09:09:21.517+0000] {logging_mixin.py:188} INFO - [2026-03-31T09:09:21.516+0000] {dagbag.py:545} INFO - Filling up the DagBag from /opt/airflow/dags/e_commerce_dw_dag.py
[2026-03-31T09:09:21.630+0000] {processor.py:840} INFO - DAG(s) 'e_commerce_dw_etl' retrieved from /opt/airflow/dags/e_commerce_dw_dag.py
[2026-03-31T09:09:21.704+0000] {logging_mixin.py:188} INFO - [2026-03-31T09:09:21.704+0000] {dag.py:3096} INFO - Sync 1 DAGs
[2026-03-31T09:09:21.735+0000] {logging_mixin.py:188} INFO - [2026-03-31T09:09:21.735+0000] {dag.py:3954} INFO - Setting next_dagrun for e_commerce_dw_etl to 2026-03-31 00:00:00+00:00, run_after=2026-04-01 00:00:00+00:00
[2026-03-31T09:09:21.768+0000] {processor.py:183} INFO - Processing /opt/airflow/dags/e_commerce_dw_dag.py took 0.271 seconds
[2026-03-31T09:09:52.317+0000] {processor.py:161} INFO - Started process (PID=1038) to work on /opt/airflow/dags/e_commerce_dw_dag.py
[2026-03-31T09:09:52.318+0000] {processor.py:830} INFO - Processing file /opt/airflow/dags/e_commerce_dw_dag.py for tasks to queue
[2026-03-31T09:09:52.320+0000] {logging_mixin.py:188} INFO - [2026-03-31T09:09:52.320+0000] {dagbag.py:545} INFO - Filling up the DagBag from /opt/airflow/dags/e_commerce_dw_dag.py
[2026-03-31T09:09:52.386+0000] {processor.py:840} INFO - DAG(s) 'e_commerce_dw_etl' retrieved from /opt/airflow/dags/e_commerce_dw_dag.py
[2026-03-31T09:09:52.420+0000] {logging_mixin.py:188} INFO - [2026-03-31T09:09:52.419+0000] {dag.py:3096} INFO - Sync 1 DAGs
[2026-03-31T09:09:52.444+0000] {logging_mixin.py:188} INFO - [2026-03-31T09:09:52.444+0000] {dag.py:3954} INFO - Setting next_dagrun for e_commerce_dw_etl to 2026-03-31 00:00:00+00:00, run_after=2026-04-01 00:00:00+00:00
[2026-03-31T09:09:52.469+0000] {processor.py:183} INFO - Processing /opt/airflow/dags/e_commerce_dw_dag.py took 0.158 seconds
[2026-03-31T09:10:23.003+0000] {processor.py:161} INFO - Started process (PID=1064) to work on /opt/airflow/dags/e_commerce_dw_dag.py
[2026-03-31T09:10:23.004+0000] {processor.py:830} INFO - Processing file /opt/airflow/dags/e_commerce_dw_dag.py for tasks to queue
[2026-03-31T09:10:23.007+0000] {logging_mixin.py:188} INFO - [2026-03-31T09:10:23.006+0000] {dagbag.py:545} INFO - Filling up the DagBag from /opt/airflow/dags/e_commerce_dw_dag.py
[2026-03-31T09:10:23.076+0000] {processor.py:840} INFO - DAG(s) 'e_commerce_dw_etl' retrieved from /opt/airflow/dags/e_commerce_dw_dag.py
[2026-03-31T09:10:23.107+0000] {logging_mixin.py:188} INFO - [2026-03-31T09:10:23.106+0000] {dag.py:3096} INFO - Sync 1 DAGs
[2026-03-31T09:10:23.129+0000] {logging_mixin.py:188} INFO - [2026-03-31T09:10:23.129+0000] {dag.py:3954} INFO - Setting next_dagrun for e_commerce_dw_etl to 2026-03-31 00:00:00+00:00, run_after=2026-04-01 00:00:00+00:00
[2026-03-31T09:10:23.153+0000] {processor.py:183} INFO - Processing /opt/airflow/dags/e_commerce_dw_dag.py took 0.155 seconds
[2026-03-31T09:10:53.793+0000] {processor.py:161} INFO - Started process (PID=1090) to work on /opt/airflow/dags/e_commerce_dw_dag.py
[2026-03-31T09:10:53.794+0000] {processor.py:830} INFO - Processing file /opt/airflow/dags/e_commerce_dw_dag.py for tasks to queue
[2026-03-31T09:10:53.796+0000] {logging_mixin.py:188} INFO - [2026-03-31T09:10:53.796+0000] {dagbag.py:545} INFO - Filling up the DagBag from /opt/airflow/dags/e_commerce_dw_dag.py
[2026-03-31T09:10:53.871+0000] {processor.py:840} INFO - DAG(s) 'e_commerce_dw_etl' retrieved from /opt/airflow/dags/e_commerce_dw_dag.py
[2026-03-31T09:10:53.911+0000] {logging_mixin.py:188} INFO - [2026-03-31T09:10:53.911+0000] {dag.py:3096} INFO - Sync 1 DAGs
[2026-03-31T09:10:53.939+0000] {logging_mixin.py:188} INFO - [2026-03-31T09:10:53.939+0000] {dag.py:3954} INFO - Setting next_dagrun for e_commerce_dw_etl to 2026-03-31 00:00:00+00:00, run_after=2026-04-01 00:00:00+00:00
[2026-03-31T09:10:53.961+0000] {processor.py:183} INFO - Processing /opt/airflow/dags/e_commerce_dw_dag.py took 0.177 seconds
[2026-03-31T09:11:24.464+0000] {processor.py:161} INFO - Started process (PID=1116) to work on /opt/airflow/dags/e_commerce_dw_dag.py
[2026-03-31T09:11:24.466+0000] {processor.py:830} INFO - Processing file /opt/airflow/dags/e_commerce_dw_dag.py for tasks to queue
[2026-03-31T09:11:24.469+0000] {logging_mixin.py:188} INFO - [2026-03-31T09:11:24.468+0000] {dagbag.py:545} INFO - Filling up the DagBag from /opt/airflow/dags/e_commerce_dw_dag.py
[2026-03-31T09:11:24.560+0000] {processor.py:840} INFO - DAG(s) 'e_commerce_dw_etl' retrieved from /opt/airflow/dags/e_commerce_dw_dag.py
[2026-03-31T09:11:24.594+0000] {logging_mixin.py:188} INFO - [2026-03-31T09:11:24.593+0000] {dag.py:3096} INFO - Sync 1 DAGs
[2026-03-31T09:11:24.613+0000] {logging_mixin.py:188} INFO - [2026-03-31T09:11:24.612+0000] {dag.py:3954} INFO - Setting next_dagrun for e_commerce_dw_etl to 2026-03-31 00:00:00+00:00, run_after=2026-04-01 00:00:00+00:00
[2026-03-31T09:11:24.636+0000] {processor.py:183} INFO - Processing /opt/airflow/dags/e_commerce_dw_dag.py took 0.180 seconds
[2026-03-31T09:11:55.194+0000] {processor.py:161} INFO - Started process (PID=1142) to work on /opt/airflow/dags/e_commerce_dw_dag.py
[2026-03-31T09:11:55.196+0000] {processor.py:830} INFO - Processing file /opt/airflow/dags/e_commerce_dw_dag.py for tasks to queue
[2026-03-31T09:11:55.199+0000] {logging_mixin.py:188} INFO - [2026-03-31T09:11:55.198+0000] {dagbag.py:545} INFO - Filling up the DagBag from /opt/airflow/dags/e_commerce_dw_dag.py
[2026-03-31T09:11:55.278+0000] {processor.py:840} INFO - DAG(s) 'e_commerce_dw_etl' retrieved from /opt/airflow/dags/e_commerce_dw_dag.py
[2026-03-31T09:11:55.318+0000] {logging_mixin.py:188} INFO - [2026-03-31T09:11:55.318+0000] {dag.py:3096} INFO - Sync 1 DAGs
[2026-03-31T09:11:55.343+0000] {logging_mixin.py:188} INFO - [2026-03-31T09:11:55.343+0000] {dag.py:3954} INFO - Setting next_dagrun for e_commerce_dw_etl to 2026-03-31 00:00:00+00:00, run_after=2026-04-01 00:00:00+00:00
[2026-03-31T09:11:55.362+0000] {processor.py:183} INFO - Processing /opt/airflow/dags/e_commerce_dw_dag.py took 0.177 seconds
[2026-03-31T09:12:25.891+0000] {processor.py:161} INFO - Started process (PID=1168) to work on /opt/airflow/dags/e_commerce_dw_dag.py
[2026-03-31T09:12:25.892+0000] {processor.py:830} INFO - Processing file /opt/airflow/dags/e_commerce_dw_dag.py for tasks to queue
[2026-03-31T09:12:25.895+0000] {logging_mixin.py:188} INFO - [2026-03-31T09:12:25.894+0000] {dagbag.py:545} INFO - Filling up the DagBag from /opt/airflow/dags/e_commerce_dw_dag.py
[2026-03-31T09:12:25.970+0000] {processor.py:840} INFO - DAG(s) 'e_commerce_dw_etl' retrieved from /opt/airflow/dags/e_commerce_dw_dag.py
[2026-03-31T09:12:26.007+0000] {logging_mixin.py:188} INFO - [2026-03-31T09:12:26.007+0000] {dag.py:3096} INFO - Sync 1 DAGs
[2026-03-31T09:12:26.032+0000] {logging_mixin.py:188} INFO - [2026-03-31T09:12:26.032+0000] {dag.py:3954} INFO - Setting next_dagrun for e_commerce_dw_etl to 2026-03-31 00:00:00+00:00, run_after=2026-04-01 00:00:00+00:00
[2026-03-31T09:12:26.056+0000] {processor.py:183} INFO - Processing /opt/airflow/dags/e_commerce_dw_dag.py took 0.174 seconds
[2026-03-31T09:12:56.189+0000] {processor.py:161} INFO - Started process (PID=1194) to work on /opt/airflow/dags/e_commerce_dw_dag.py
[2026-03-31T09:12:56.190+0000] {processor.py:830} INFO - Processing file /opt/airflow/dags/e_commerce_dw_dag.py for tasks to queue
[2026-03-31T09:12:56.193+0000] {logging_mixin.py:188} INFO - [2026-03-31T09:12:56.192+0000] {dagbag.py:545} INFO - Filling up the DagBag from /opt/airflow/dags/e_commerce_dw_dag.py
[2026-03-31T09:12:56.267+0000] {processor.py:840} INFO - DAG(s) 'e_commerce_dw_etl' retrieved from /opt/airflow/dags/e_commerce_dw_dag.py
[2026-03-31T09:12:56.307+0000] {logging_mixin.py:188} INFO - [2026-03-31T09:12:56.306+0000] {dag.py:3096} INFO - Sync 1 DAGs
[2026-03-31T09:12:56.332+0000] {logging_mixin.py:188} INFO - [2026-03-31T09:12:56.331+0000] {dag.py:3954} INFO - Setting next_dagrun for e_commerce_dw_etl to 2026-03-31 00:00:00+00:00, run_after=2026-04-01 00:00:00+00:00
[2026-03-31T09:12:56.356+0000] {processor.py:183} INFO - Processing /opt/airflow/dags/e_commerce_dw_dag.py took 0.174 seconds
[2026-03-31T09:13:26.845+0000] {processor.py:161} INFO - Started process (PID=1220) to work on /opt/airflow/dags/e_commerce_dw_dag.py
[2026-03-31T09:13:26.846+0000] {processor.py:830} INFO - Processing file /opt/airflow/dags/e_commerce_dw_dag.py for tasks to queue
[2026-03-31T09:13:26.848+0000] {logging_mixin.py:188} INFO - [2026-03-31T09:13:26.848+0000] {dagbag.py:545} INFO - Filling up the DagBag from /opt/airflow/dags/e_commerce_dw_dag.py
[2026-03-31T09:13:26.924+0000] {processor.py:840} INFO - DAG(s) 'e_commerce_dw_etl' retrieved from /opt/airflow/dags/e_commerce_dw_dag.py
[2026-03-31T09:13:26.958+0000] {logging_mixin.py:188} INFO - [2026-03-31T09:13:26.958+0000] {dag.py:3096} INFO - Sync 1 DAGs
[2026-03-31T09:13:26.983+0000] {logging_mixin.py:188} INFO - [2026-03-31T09:13:26.983+0000] {dag.py:3954} INFO - Setting next_dagrun for e_commerce_dw_etl to 2026-03-31 00:00:00+00:00, run_after=2026-04-01 00:00:00+00:00
[2026-03-31T09:13:27.007+0000] {processor.py:183} INFO - Processing /opt/airflow/dags/e_commerce_dw_dag.py took 0.169 seconds
[2026-03-31T09:13:57.757+0000] {processor.py:161} INFO - Started process (PID=1247) to work on /opt/airflow/dags/e_commerce_dw_dag.py
[2026-03-31T09:13:57.759+0000] {processor.py:830} INFO - Processing file /opt/airflow/dags/e_commerce_dw_dag.py for tasks to queue
[2026-03-31T09:13:57.761+0000] {logging_mixin.py:188} INFO - [2026-03-31T09:13:57.761+0000] {dagbag.py:545} INFO - Filling up the DagBag from /opt/airflow/dags/e_commerce_dw_dag.py
[2026-03-31T09:13:57.823+0000] {processor.py:840} INFO - DAG(s) 'e_commerce_dw_etl' retrieved from /opt/airflow/dags/e_commerce_dw_dag.py
[2026-03-31T09:13:57.855+0000] {logging_mixin.py:188} INFO - [2026-03-31T09:13:57.855+0000] {dag.py:3096} INFO - Sync 1 DAGs
[2026-03-31T09:13:57.881+0000] {logging_mixin.py:188} INFO - [2026-03-31T09:13:57.881+0000] {dag.py:3954} INFO - Setting next_dagrun for e_commerce_dw_etl to 2026-03-31 00:00:00+00:00, run_after=2026-04-01 00:00:00+00:00
[2026-03-31T09:13:57.904+0000] {processor.py:183} INFO - Processing /opt/airflow/dags/e_commerce_dw_dag.py took 0.153 seconds
[2026-03-31T09:14:28.368+0000] {processor.py:161} INFO - Started process (PID=1273) to work on /opt/airflow/dags/e_commerce_dw_dag.py
[2026-03-31T09:14:28.369+0000] {processor.py:830} INFO - Processing file /opt/airflow/dags/e_commerce_dw_dag.py for tasks to queue
[2026-03-31T09:14:28.372+0000] {logging_mixin.py:188} INFO - [2026-03-31T09:14:28.372+0000] {dagbag.py:545} INFO - Filling up the DagBag from /opt/airflow/dags/e_commerce_dw_dag.py
[2026-03-31T09:14:28.437+0000] {processor.py:840} INFO - DAG(s) 'e_commerce_dw_etl' retrieved from /opt/airflow/dags/e_commerce_dw_dag.py
[2026-03-31T09:14:28.478+0000] {logging_mixin.py:188} INFO - [2026-03-31T09:14:28.478+0000] {dag.py:3096} INFO - Sync 1 DAGs
[2026-03-31T09:14:28.503+0000] {logging_mixin.py:188} INFO - [2026-03-31T09:14:28.502+0000] {dag.py:3954} INFO - Setting next_dagrun for e_commerce_dw_etl to 2026-03-31 00:00:00+00:00, run_after=2026-04-01 00:00:00+00:00
[2026-03-31T09:14:28.522+0000] {processor.py:183} INFO - Processing /opt/airflow/dags/e_commerce_dw_dag.py took 0.160 seconds
[2026-03-31T09:14:59.042+0000] {processor.py:161} INFO - Started process (PID=1299) to work on /opt/airflow/dags/e_commerce_dw_dag.py
[2026-03-31T09:14:59.043+0000] {processor.py:830} INFO - Processing file /opt/airflow/dags/e_commerce_dw_dag.py for tasks to queue
[2026-03-31T09:14:59.046+0000] {logging_mixin.py:188} INFO - [2026-03-31T09:14:59.045+0000] {dagbag.py:545} INFO - Filling up the DagBag from /opt/airflow/dags/e_commerce_dw_dag.py
[2026-03-31T09:14:59.147+0000] {processor.py:840} INFO - DAG(s) 'e_commerce_dw_etl' retrieved from /opt/airflow/dags/e_commerce_dw_dag.py
[2026-03-31T09:14:59.208+0000] {logging_mixin.py:188} INFO - [2026-03-31T09:14:59.208+0000] {dag.py:3096} INFO - Sync 1 DAGs
[2026-03-31T09:14:59.255+0000] {logging_mixin.py:188} INFO - [2026-03-31T09:14:59.255+0000] {dag.py:3954} INFO - Setting next_dagrun for e_commerce_dw_etl to 2026-03-31 00:00:00+00:00, run_after=2026-04-01 00:00:00+00:00
[2026-03-31T09:14:59.290+0000] {processor.py:183} INFO - Processing /opt/airflow/dags/e_commerce_dw_dag.py took 0.257 seconds
[2026-03-31T09:15:29.831+0000] {processor.py:161} INFO - Started process (PID=1325) to work on /opt/airflow/dags/e_commerce_dw_dag.py
[2026-03-31T09:15:29.833+0000] {processor.py:830} INFO - Processing file /opt/airflow/dags/e_commerce_dw_dag.py for tasks to queue
[2026-03-31T09:15:29.837+0000] {logging_mixin.py:188} INFO - [2026-03-31T09:15:29.836+0000] {dagbag.py:545} INFO - Filling up the DagBag from /opt/airflow/dags/e_commerce_dw_dag.py
[2026-03-31T09:15:29.947+0000] {processor.py:840} INFO - DAG(s) 'e_commerce_dw_etl' retrieved from /opt/airflow/dags/e_commerce_dw_dag.py
[2026-03-31T09:15:29.983+0000] {logging_mixin.py:188} INFO - [2026-03-31T09:15:29.982+0000] {dag.py:3096} INFO - Sync 1 DAGs
[2026-03-31T09:15:30.010+0000] {logging_mixin.py:188} INFO - [2026-03-31T09:15:30.010+0000] {dag.py:3954} INFO - Setting next_dagrun for e_commerce_dw_etl to 2026-03-31 00:00:00+00:00, run_after=2026-04-01 00:00:00+00:00
[2026-03-31T09:15:30.030+0000] {processor.py:183} INFO - Processing /opt/airflow/dags/e_commerce_dw_dag.py took 0.219 seconds
[2026-03-31T09:16:00.556+0000] {processor.py:161} INFO - Started process (PID=1351) to work on /opt/airflow/dags/e_commerce_dw_dag.py
[2026-03-31T09:16:00.558+0000] {processor.py:830} INFO - Processing file /opt/airflow/dags/e_commerce_dw_dag.py for tasks to queue
[2026-03-31T09:16:00.563+0000] {logging_mixin.py:188} INFO - [2026-03-31T09:16:00.562+0000] {dagbag.py:545} INFO - Filling up the DagBag from /opt/airflow/dags/e_commerce_dw_dag.py
[2026-03-31T09:16:00.651+0000] {processor.py:840} INFO - DAG(s) 'e_commerce_dw_etl' retrieved from /opt/airflow/dags/e_commerce_dw_dag.py
[2026-03-31T09:16:00.691+0000] {logging_mixin.py:188} INFO - [2026-03-31T09:16:00.691+0000] {dag.py:3096} INFO - Sync 1 DAGs
[2026-03-31T09:16:00.718+0000] {logging_mixin.py:188} INFO - [2026-03-31T09:16:00.718+0000] {dag.py:3954} INFO - Setting next_dagrun for e_commerce_dw_etl to 2026-03-31 00:00:00+00:00, run_after=2026-04-01 00:00:00+00:00
[2026-03-31T09:16:00.742+0000] {processor.py:183} INFO - Processing /opt/airflow/dags/e_commerce_dw_dag.py took 0.196 seconds
[2026-03-31T09:16:31.243+0000] {processor.py:161} INFO - Started process (PID=1377) to work on /opt/airflow/dags/e_commerce_dw_dag.py
[2026-03-31T09:16:31.245+0000] {processor.py:830} INFO - Processing file /opt/airflow/dags/e_commerce_dw_dag.py for tasks to queue
[2026-03-31T09:16:31.248+0000] {logging_mixin.py:188} INFO - [2026-03-31T09:16:31.248+0000] {dagbag.py:545} INFO - Filling up the DagBag from /opt/airflow/dags/e_commerce_dw_dag.py
[2026-03-31T09:16:31.337+0000] {processor.py:840} INFO - DAG(s) 'e_commerce_dw_etl' retrieved from /opt/airflow/dags/e_commerce_dw_dag.py
[2026-03-31T09:16:31.387+0000] {logging_mixin.py:188} INFO - [2026-03-31T09:16:31.386+0000] {dag.py:3096} INFO - Sync 1 DAGs
[2026-03-31T09:16:31.417+0000] {logging_mixin.py:188} INFO - [2026-03-31T09:16:31.417+0000] {dag.py:3954} INFO - Setting next_dagrun for e_commerce_dw_etl to 2026-03-31 00:00:00+00:00, run_after=2026-04-01 00:00:00+00:00
[2026-03-31T09:16:31.442+0000] {processor.py:183} INFO - Processing /opt/airflow/dags/e_commerce_dw_dag.py took 0.208 seconds
[2026-03-31T09:17:01.991+0000] {processor.py:161} INFO - Started process (PID=1403) to work on /opt/airflow/dags/e_commerce_dw_dag.py
[2026-03-31T09:17:01.992+0000] {processor.py:830} INFO - Processing file /opt/airflow/dags/e_commerce_dw_dag.py for tasks to queue
[2026-03-31T09:17:01.996+0000] {logging_mixin.py:188} INFO - [2026-03-31T09:17:01.996+0000] {dagbag.py:545} INFO - Filling up the DagBag from /opt/airflow/dags/e_commerce_dw_dag.py
[2026-03-31T09:17:02.141+0000] {processor.py:840} INFO - DAG(s) 'e_commerce_dw_etl' retrieved from /opt/airflow/dags/e_commerce_dw_dag.py
[2026-03-31T09:17:02.209+0000] {logging_mixin.py:188} INFO - [2026-03-31T09:17:02.208+0000] {dag.py:3096} INFO - Sync 1 DAGs
[2026-03-31T09:17:02.245+0000] {logging_mixin.py:188} INFO - [2026-03-31T09:17:02.245+0000] {dag.py:3954} INFO - Setting next_dagrun for e_commerce_dw_etl to 2026-03-31 00:00:00+00:00, run_after=2026-04-01 00:00:00+00:00
[2026-03-31T09:17:02.271+0000] {processor.py:183} INFO - Processing /opt/airflow/dags/e_commerce_dw_dag.py took 0.289 seconds
[2026-03-31T09:18:43.945+0000] {processor.py:161} INFO - Started process (PID=193) to work on /opt/airflow/dags/e_commerce_dw_dag.py
[2026-03-31T09:18:43.952+0000] {processor.py:830} INFO - Processing file /opt/airflow/dags/e_commerce_dw_dag.py for tasks to queue
[2026-03-31T09:18:43.960+0000] {logging_mixin.py:188} INFO - [2026-03-31T09:18:43.960+0000] {dagbag.py:545} INFO - Filling up the DagBag from /opt/airflow/dags/e_commerce_dw_dag.py
[2026-03-31T09:18:44.330+0000] {processor.py:840} INFO - DAG(s) 'e_commerce_dw_etl' retrieved from /opt/airflow/dags/e_commerce_dw_dag.py
[2026-03-31T09:18:45.105+0000] {logging_mixin.py:188} INFO - [2026-03-31T09:18:45.105+0000] {dag.py:3096} INFO - Sync 1 DAGs
[2026-03-31T09:18:45.180+0000] {logging_mixin.py:188} INFO - [2026-03-31T09:18:45.179+0000] {dag.py:3954} INFO - Setting next_dagrun for e_commerce_dw_etl to 2026-03-31 00:00:00+00:00, run_after=2026-04-01 00:00:00+00:00
[2026-03-31T09:18:45.259+0000] {processor.py:183} INFO - Processing /opt/airflow/dags/e_commerce_dw_dag.py took 1.363 seconds
[2026-03-31T09:19:15.480+0000] {processor.py:161} INFO - Started process (PID=227) to work on /opt/airflow/dags/e_commerce_dw_dag.py
[2026-03-31T09:19:15.482+0000] {processor.py:830} INFO - Processing file /opt/airflow/dags/e_commerce_dw_dag.py for tasks to queue
[2026-03-31T09:19:15.484+0000] {logging_mixin.py:188} INFO - [2026-03-31T09:19:15.484+0000] {dagbag.py:545} INFO - Filling up the DagBag from /opt/airflow/dags/e_commerce_dw_dag.py
[2026-03-31T09:19:15.566+0000] {processor.py:840} INFO - DAG(s) 'e_commerce_dw_etl' retrieved from /opt/airflow/dags/e_commerce_dw_dag.py
[2026-03-31T09:19:15.598+0000] {logging_mixin.py:188} INFO - [2026-03-31T09:19:15.598+0000] {dag.py:3096} INFO - Sync 1 DAGs
[2026-03-31T09:19:15.619+0000] {logging_mixin.py:188} INFO - [2026-03-31T09:19:15.619+0000] {dag.py:3954} INFO - Setting next_dagrun for e_commerce_dw_etl to 2026-03-31 00:00:00+00:00, run_after=2026-04-01 00:00:00+00:00
[2026-03-31T09:19:15.648+0000] {processor.py:183} INFO - Processing /opt/airflow/dags/e_commerce_dw_dag.py took 0.178 seconds
[2026-03-31T09:19:46.154+0000] {processor.py:161} INFO - Started process (PID=250) to work on /opt/airflow/dags/e_commerce_dw_dag.py
[2026-03-31T09:19:46.155+0000] {processor.py:830} INFO - Processing file /opt/airflow/dags/e_commerce_dw_dag.py for tasks to queue
[2026-03-31T09:19:46.159+0000] {logging_mixin.py:188} INFO - [2026-03-31T09:19:46.158+0000] {dagbag.py:545} INFO - Filling up the DagBag from /opt/airflow/dags/e_commerce_dw_dag.py
[2026-03-31T09:19:46.313+0000] {processor.py:840} INFO - DAG(s) 'e_commerce_dw_etl' retrieved from /opt/airflow/dags/e_commerce_dw_dag.py
[2026-03-31T09:19:46.385+0000] {logging_mixin.py:188} INFO - [2026-03-31T09:19:46.385+0000] {dag.py:3096} INFO - Sync 1 DAGs
[2026-03-31T09:19:46.469+0000] {logging_mixin.py:188} INFO - [2026-03-31T09:19:46.469+0000] {dag.py:3954} INFO - Setting next_dagrun for e_commerce_dw_etl to 2026-03-31 00:00:00+00:00, run_after=2026-04-01 00:00:00+00:00
[2026-03-31T09:19:46.543+0000] {processor.py:183} INFO - Processing /opt/airflow/dags/e_commerce_dw_dag.py took 0.398 seconds
[2026-03-31T09:20:17.032+0000] {processor.py:161} INFO - Started process (PID=276) to work on /opt/airflow/dags/e_commerce_dw_dag.py
[2026-03-31T09:20:17.034+0000] {processor.py:830} INFO - Processing file /opt/airflow/dags/e_commerce_dw_dag.py for tasks to queue
[2026-03-31T09:20:17.039+0000] {logging_mixin.py:188} INFO - [2026-03-31T09:20:17.038+0000] {dagbag.py:545} INFO - Filling up the DagBag from /opt/airflow/dags/e_commerce_dw_dag.py
[2026-03-31T09:20:17.140+0000] {processor.py:840} INFO - DAG(s) 'e_commerce_dw_etl' retrieved from /opt/airflow/dags/e_commerce_dw_dag.py
[2026-03-31T09:20:17.201+0000] {logging_mixin.py:188} INFO - [2026-03-31T09:20:17.200+0000] {dag.py:3096} INFO - Sync 1 DAGs
[2026-03-31T09:20:17.236+0000] {logging_mixin.py:188} INFO - [2026-03-31T09:20:17.236+0000] {dag.py:3954} INFO - Setting next_dagrun for e_commerce_dw_etl to 2026-03-31 00:00:00+00:00, run_after=2026-04-01 00:00:00+00:00
[2026-03-31T09:20:17.268+0000] {processor.py:183} INFO - Processing /opt/airflow/dags/e_commerce_dw_dag.py took 0.248 seconds
[2026-03-31T09:20:47.776+0000] {processor.py:161} INFO - Started process (PID=302) to work on /opt/airflow/dags/e_commerce_dw_dag.py
[2026-03-31T09:20:47.778+0000] {processor.py:830} INFO - Processing file /opt/airflow/dags/e_commerce_dw_dag.py for tasks to queue
[2026-03-31T09:20:47.780+0000] {logging_mixin.py:188} INFO - [2026-03-31T09:20:47.780+0000] {dagbag.py:545} INFO - Filling up the DagBag from /opt/airflow/dags/e_commerce_dw_dag.py
[2026-03-31T09:20:47.910+0000] {processor.py:840} INFO - DAG(s) 'e_commerce_dw_etl' retrieved from /opt/airflow/dags/e_commerce_dw_dag.py
[2026-03-31T09:20:47.971+0000] {logging_mixin.py:188} INFO - [2026-03-31T09:20:47.971+0000] {dag.py:3096} INFO - Sync 1 DAGs
[2026-03-31T09:20:48.012+0000] {logging_mixin.py:188} INFO - [2026-03-31T09:20:48.012+0000] {dag.py:3954} INFO - Setting next_dagrun for e_commerce_dw_etl to 2026-03-31 00:00:00+00:00, run_after=2026-04-01 00:00:00+00:00
[2026-03-31T09:20:48.043+0000] {processor.py:183} INFO - Processing /opt/airflow/dags/e_commerce_dw_dag.py took 0.280 seconds
[2026-03-31T09:21:18.594+0000] {processor.py:161} INFO - Started process (PID=328) to work on /opt/airflow/dags/e_commerce_dw_dag.py
[2026-03-31T09:21:18.595+0000] {processor.py:830} INFO - Processing file /opt/airflow/dags/e_commerce_dw_dag.py for tasks to queue
[2026-03-31T09:21:18.598+0000] {logging_mixin.py:188} INFO - [2026-03-31T09:21:18.597+0000] {dagbag.py:545} INFO - Filling up the DagBag from /opt/airflow/dags/e_commerce_dw_dag.py
[2026-03-31T09:21:18.692+0000] {processor.py:840} INFO - DAG(s) 'e_commerce_dw_etl' retrieved from /opt/airflow/dags/e_commerce_dw_dag.py
[2026-03-31T09:21:18.727+0000] {logging_mixin.py:188} INFO - [2026-03-31T09:21:18.727+0000] {dag.py:3096} INFO - Sync 1 DAGs
[2026-03-31T09:21:18.752+0000] {logging_mixin.py:188} INFO - [2026-03-31T09:21:18.752+0000] {dag.py:3954} INFO - Setting next_dagrun for e_commerce_dw_etl to 2026-03-31 00:00:00+00:00, run_after=2026-04-01 00:00:00+00:00
[2026-03-31T09:21:18.776+0000] {processor.py:183} INFO - Processing /opt/airflow/dags/e_commerce_dw_dag.py took 0.188 seconds
[2026-03-31T09:21:49.245+0000] {processor.py:161} INFO - Started process (PID=355) to work on /opt/airflow/dags/e_commerce_dw_dag.py
[2026-03-31T09:21:49.250+0000] {processor.py:830} INFO - Processing file /opt/airflow/dags/e_commerce_dw_dag.py for tasks to queue
[2026-03-31T09:21:49.255+0000] {logging_mixin.py:188} INFO - [2026-03-31T09:21:49.254+0000] {dagbag.py:545} INFO - Filling up the DagBag from /opt/airflow/dags/e_commerce_dw_dag.py
[2026-03-31T09:21:49.384+0000] {processor.py:840} INFO - DAG(s) 'e_commerce_dw_etl' retrieved from /opt/airflow/dags/e_commerce_dw_dag.py
[2026-03-31T09:21:49.456+0000] {logging_mixin.py:188} INFO - [2026-03-31T09:21:49.456+0000] {dag.py:3096} INFO - Sync 1 DAGs
[2026-03-31T09:21:49.492+0000] {logging_mixin.py:188} INFO - [2026-03-31T09:21:49.492+0000] {dag.py:3954} INFO - Setting next_dagrun for e_commerce_dw_etl to 2026-03-31 00:00:00+00:00, run_after=2026-04-01 00:00:00+00:00
[2026-03-31T09:21:49.522+0000] {processor.py:183} INFO - Processing /opt/airflow/dags/e_commerce_dw_dag.py took 0.287 seconds
[2026-03-31T09:22:20.718+0000] {processor.py:161} INFO - Started process (PID=381) to work on /opt/airflow/dags/e_commerce_dw_dag.py
[2026-03-31T09:22:20.829+0000] {processor.py:830} INFO - Processing file /opt/airflow/dags/e_commerce_dw_dag.py for tasks to queue
[2026-03-31T09:22:20.834+0000] {logging_mixin.py:188} INFO - [2026-03-31T09:22:20.834+0000] {dagbag.py:545} INFO - Filling up the DagBag from /opt/airflow/dags/e_commerce_dw_dag.py
[2026-03-31T09:22:21.389+0000] {processor.py:840} INFO - DAG(s) 'e_commerce_dw_etl' retrieved from /opt/airflow/dags/e_commerce_dw_dag.py
[2026-03-31T09:22:21.465+0000] {logging_mixin.py:188} INFO - [2026-03-31T09:22:21.463+0000] {dag.py:3096} INFO - Sync 1 DAGs
[2026-03-31T09:22:21.554+0000] {logging_mixin.py:188} INFO - [2026-03-31T09:22:21.553+0000] {dag.py:3954} INFO - Setting next_dagrun for e_commerce_dw_etl to 2026-03-31 00:00:00+00:00, run_after=2026-04-01 00:00:00+00:00
[2026-03-31T09:22:21.599+0000] {processor.py:183} INFO - Processing /opt/airflow/dags/e_commerce_dw_dag.py took 0.891 seconds
[2026-03-31T09:22:52.105+0000] {processor.py:161} INFO - Started process (PID=407) to work on /opt/airflow/dags/e_commerce_dw_dag.py
[2026-03-31T09:22:52.106+0000] {processor.py:830} INFO - Processing file /opt/airflow/dags/e_commerce_dw_dag.py for tasks to queue
[2026-03-31T09:22:52.108+0000] {logging_mixin.py:188} INFO - [2026-03-31T09:22:52.108+0000] {dagbag.py:545} INFO - Filling up the DagBag from /opt/airflow/dags/e_commerce_dw_dag.py
[2026-03-31T09:22:52.176+0000] {processor.py:840} INFO - DAG(s) 'e_commerce_dw_etl' retrieved from /opt/airflow/dags/e_commerce_dw_dag.py
[2026-03-31T09:22:52.208+0000] {logging_mixin.py:188} INFO - [2026-03-31T09:22:52.208+0000] {dag.py:3096} INFO - Sync 1 DAGs
[2026-03-31T09:22:52.230+0000] {logging_mixin.py:188} INFO - [2026-03-31T09:22:52.230+0000] {dag.py:3954} INFO - Setting next_dagrun for e_commerce_dw_etl to 2026-03-31 00:00:00+00:00, run_after=2026-04-01 00:00:00+00:00
[2026-03-31T09:22:52.251+0000] {processor.py:183} INFO - Processing /opt/airflow/dags/e_commerce_dw_dag.py took 0.153 seconds
[2026-03-31T09:23:22.842+0000] {processor.py:161} INFO - Started process (PID=433) to work on /opt/airflow/dags/e_commerce_dw_dag.py
[2026-03-31T09:23:22.844+0000] {processor.py:830} INFO - Processing file /opt/airflow/dags/e_commerce_dw_dag.py for tasks to queue
[2026-03-31T09:23:22.847+0000] {logging_mixin.py:188} INFO - [2026-03-31T09:23:22.846+0000] {dagbag.py:545} INFO - Filling up the DagBag from /opt/airflow/dags/e_commerce_dw_dag.py
[2026-03-31T09:23:22.930+0000] {processor.py:840} INFO - DAG(s) 'e_commerce_dw_etl' retrieved from /opt/airflow/dags/e_commerce_dw_dag.py
[2026-03-31T09:23:22.971+0000] {logging_mixin.py:188} INFO - [2026-03-31T09:23:22.971+0000] {dag.py:3096} INFO - Sync 1 DAGs
[2026-03-31T09:23:22.999+0000] {logging_mixin.py:188} INFO - [2026-03-31T09:23:22.999+0000] {dag.py:3954} INFO - Setting next_dagrun for e_commerce_dw_etl to 2026-03-31 00:00:00+00:00, run_after=2026-04-01 00:00:00+00:00
[2026-03-31T09:23:23.025+0000] {processor.py:183} INFO - Processing /opt/airflow/dags/e_commerce_dw_dag.py took 0.190 seconds
[2026-03-31T09:23:53.716+0000] {processor.py:161} INFO - Started process (PID=459) to work on /opt/airflow/dags/e_commerce_dw_dag.py
[2026-03-31T09:23:53.720+0000] {processor.py:830} INFO - Processing file /opt/airflow/dags/e_commerce_dw_dag.py for tasks to queue
[2026-03-31T09:23:53.725+0000] {logging_mixin.py:188} INFO - [2026-03-31T09:23:53.724+0000] {dagbag.py:545} INFO - Filling up the DagBag from /opt/airflow/dags/e_commerce_dw_dag.py
[2026-03-31T09:23:53.810+0000] {processor.py:840} INFO - DAG(s) 'e_commerce_dw_etl' retrieved from /opt/airflow/dags/e_commerce_dw_dag.py
[2026-03-31T09:23:53.848+0000] {logging_mixin.py:188} INFO - [2026-03-31T09:23:53.847+0000] {dag.py:3096} INFO - Sync 1 DAGs
[2026-03-31T09:23:53.873+0000] {logging_mixin.py:188} INFO - [2026-03-31T09:23:53.873+0000] {dag.py:3954} INFO - Setting next_dagrun for e_commerce_dw_etl to 2026-03-31 00:00:00+00:00, run_after=2026-04-01 00:00:00+00:00
[2026-03-31T09:23:53.898+0000] {processor.py:183} INFO - Processing /opt/airflow/dags/e_commerce_dw_dag.py took 0.192 seconds
[2026-03-31T09:24:24.423+0000] {processor.py:161} INFO - Started process (PID=486) to work on /opt/airflow/dags/e_commerce_dw_dag.py
[2026-03-31T09:24:24.425+0000] {processor.py:830} INFO - Processing file /opt/airflow/dags/e_commerce_dw_dag.py for tasks to queue
[2026-03-31T09:24:24.428+0000] {logging_mixin.py:188} INFO - [2026-03-31T09:24:24.427+0000] {dagbag.py:545} INFO - Filling up the DagBag from /opt/airflow/dags/e_commerce_dw_dag.py
[2026-03-31T09:24:24.508+0000] {processor.py:840} INFO - DAG(s) 'e_commerce_dw_etl' retrieved from /opt/airflow/dags/e_commerce_dw_dag.py
[2026-03-31T09:24:24.545+0000] {logging_mixin.py:188} INFO - [2026-03-31T09:24:24.545+0000] {dag.py:3096} INFO - Sync 1 DAGs
[2026-03-31T09:24:24.574+0000] {logging_mixin.py:188} INFO - [2026-03-31T09:24:24.574+0000] {dag.py:3954} INFO - Setting next_dagrun for e_commerce_dw_etl to 2026-03-31 00:00:00+00:00, run_after=2026-04-01 00:00:00+00:00
[2026-03-31T09:24:24.595+0000] {processor.py:183} INFO - Processing /opt/airflow/dags/e_commerce_dw_dag.py took 0.179 seconds
[2026-03-31T09:24:55.117+0000] {processor.py:161} INFO - Started process (PID=512) to work on /opt/airflow/dags/e_commerce_dw_dag.py
[2026-03-31T09:24:55.118+0000] {processor.py:830} INFO - Processing file /opt/airflow/dags/e_commerce_dw_dag.py for tasks to queue
[2026-03-31T09:24:55.121+0000] {logging_mixin.py:188} INFO - [2026-03-31T09:24:55.120+0000] {dagbag.py:545} INFO - Filling up the DagBag from /opt/airflow/dags/e_commerce_dw_dag.py
[2026-03-31T09:24:55.193+0000] {processor.py:840} INFO - DAG(s) 'e_commerce_dw_etl' retrieved from /opt/airflow/dags/e_commerce_dw_dag.py
[2026-03-31T09:24:55.224+0000] {logging_mixin.py:188} INFO - [2026-03-31T09:24:55.224+0000] {dag.py:3096} INFO - Sync 1 DAGs
[2026-03-31T09:24:55.246+0000] {logging_mixin.py:188} INFO - [2026-03-31T09:24:55.246+0000] {dag.py:3954} INFO - Setting next_dagrun for e_commerce_dw_etl to 2026-03-31 00:00:00+00:00, run_after=2026-04-01 00:00:00+00:00
[2026-03-31T09:24:55.266+0000] {processor.py:183} INFO - Processing /opt/airflow/dags/e_commerce_dw_dag.py took 0.157 seconds
[2026-03-31T09:25:25.916+0000] {processor.py:161} INFO - Started process (PID=538) to work on /opt/airflow/dags/e_commerce_dw_dag.py
[2026-03-31T09:25:25.917+0000] {processor.py:830} INFO - Processing file /opt/airflow/dags/e_commerce_dw_dag.py for tasks to queue
[2026-03-31T09:25:25.919+0000] {logging_mixin.py:188} INFO - [2026-03-31T09:25:25.919+0000] {dagbag.py:545} INFO - Filling up the DagBag from /opt/airflow/dags/e_commerce_dw_dag.py
[2026-03-31T09:25:25.981+0000] {processor.py:840} INFO - DAG(s) 'e_commerce_dw_etl' retrieved from /opt/airflow/dags/e_commerce_dw_dag.py
[2026-03-31T09:25:26.017+0000] {logging_mixin.py:188} INFO - [2026-03-31T09:25:26.016+0000] {dag.py:3096} INFO - Sync 1 DAGs
[2026-03-31T09:25:26.040+0000] {logging_mixin.py:188} INFO - [2026-03-31T09:25:26.040+0000] {dag.py:3954} INFO - Setting next_dagrun for e_commerce_dw_etl to 2026-03-31 00:00:00+00:00, run_after=2026-04-01 00:00:00+00:00
[2026-03-31T09:25:26.064+0000] {processor.py:183} INFO - Processing /opt/airflow/dags/e_commerce_dw_dag.py took 0.155 seconds
[2026-03-31T09:25:56.747+0000] {processor.py:161} INFO - Started process (PID=564) to work on /opt/airflow/dags/e_commerce_dw_dag.py
[2026-03-31T09:25:56.749+0000] {processor.py:830} INFO - Processing file /opt/airflow/dags/e_commerce_dw_dag.py for tasks to queue
[2026-03-31T09:25:56.750+0000] {logging_mixin.py:188} INFO - [2026-03-31T09:25:56.750+0000] {dagbag.py:545} INFO - Filling up the DagBag from /opt/airflow/dags/e_commerce_dw_dag.py
[2026-03-31T09:25:56.808+0000] {processor.py:840} INFO - DAG(s) 'e_commerce_dw_etl' retrieved from /opt/airflow/dags/e_commerce_dw_dag.py
[2026-03-31T09:25:56.840+0000] {logging_mixin.py:188} INFO - [2026-03-31T09:25:56.840+0000] {dag.py:3096} INFO - Sync 1 DAGs
[2026-03-31T09:25:56.862+0000] {logging_mixin.py:188} INFO - [2026-03-31T09:25:56.862+0000] {dag.py:3954} INFO - Setting next_dagrun for e_commerce_dw_etl to 2026-03-31 00:00:00+00:00, run_after=2026-04-01 00:00:00+00:00
[2026-03-31T09:25:56.885+0000] {processor.py:183} INFO - Processing /opt/airflow/dags/e_commerce_dw_dag.py took 0.143 seconds
[2026-03-31T09:28:09.278+0000] {processor.py:161} INFO - Started process (PID=186) to work on /opt/airflow/dags/e_commerce_dw_dag.py
[2026-03-31T09:28:09.282+0000] {processor.py:830} INFO - Processing file /opt/airflow/dags/e_commerce_dw_dag.py for tasks to queue
[2026-03-31T09:28:09.285+0000] {logging_mixin.py:188} INFO - [2026-03-31T09:28:09.284+0000] {dagbag.py:545} INFO - Filling up the DagBag from /opt/airflow/dags/e_commerce_dw_dag.py
[2026-03-31T09:28:09.442+0000] {processor.py:840} INFO - DAG(s) 'e_commerce_dw_etl' retrieved from /opt/airflow/dags/e_commerce_dw_dag.py
[2026-03-31T09:28:10.042+0000] {logging_mixin.py:188} INFO - [2026-03-31T09:28:10.042+0000] {dag.py:3096} INFO - Sync 1 DAGs
[2026-03-31T09:28:10.093+0000] {logging_mixin.py:188} INFO - [2026-03-31T09:28:10.093+0000] {dag.py:3954} INFO - Setting next_dagrun for e_commerce_dw_etl to 2026-03-31 00:00:00+00:00, run_after=2026-04-01 00:00:00+00:00
[2026-03-31T09:28:10.139+0000] {processor.py:183} INFO - Processing /opt/airflow/dags/e_commerce_dw_dag.py took 0.873 seconds
[2026-03-31T09:28:40.956+0000] {processor.py:161} INFO - Started process (PID=219) to work on /opt/airflow/dags/e_commerce_dw_dag.py
[2026-03-31T09:28:40.958+0000] {processor.py:830} INFO - Processing file /opt/airflow/dags/e_commerce_dw_dag.py for tasks to queue
[2026-03-31T09:28:40.961+0000] {logging_mixin.py:188} INFO - [2026-03-31T09:28:40.961+0000] {dagbag.py:545} INFO - Filling up the DagBag from /opt/airflow/dags/e_commerce_dw_dag.py
[2026-03-31T09:28:41.074+0000] {processor.py:840} INFO - DAG(s) 'e_commerce_dw_etl' retrieved from /opt/airflow/dags/e_commerce_dw_dag.py
[2026-03-31T09:28:41.114+0000] {logging_mixin.py:188} INFO - [2026-03-31T09:28:41.114+0000] {dag.py:3096} INFO - Sync 1 DAGs
[2026-03-31T09:28:41.141+0000] {logging_mixin.py:188} INFO - [2026-03-31T09:28:41.141+0000] {dag.py:3954} INFO - Setting next_dagrun for e_commerce_dw_etl to 2026-03-31 00:00:00+00:00, run_after=2026-04-01 00:00:00+00:00
[2026-03-31T09:28:41.167+0000] {processor.py:183} INFO - Processing /opt/airflow/dags/e_commerce_dw_dag.py took 0.224 seconds
[2026-03-31T09:29:11.802+0000] {processor.py:161} INFO - Started process (PID=259) to work on /opt/airflow/dags/e_commerce_dw_dag.py
[2026-03-31T09:29:11.803+0000] {processor.py:830} INFO - Processing file /opt/airflow/dags/e_commerce_dw_dag.py for tasks to queue
[2026-03-31T09:29:11.806+0000] {logging_mixin.py:188} INFO - [2026-03-31T09:29:11.806+0000] {dagbag.py:545} INFO - Filling up the DagBag from /opt/airflow/dags/e_commerce_dw_dag.py
[2026-03-31T09:29:11.898+0000] {processor.py:840} INFO - DAG(s) 'e_commerce_dw_etl' retrieved from /opt/airflow/dags/e_commerce_dw_dag.py
[2026-03-31T09:29:11.934+0000] {logging_mixin.py:188} INFO - [2026-03-31T09:29:11.933+0000] {dag.py:3096} INFO - Sync 1 DAGs
[2026-03-31T09:29:11.959+0000] {logging_mixin.py:188} INFO - [2026-03-31T09:29:11.959+0000] {dag.py:3954} INFO - Setting next_dagrun for e_commerce_dw_etl to 2026-03-31 00:00:00+00:00, run_after=2026-04-01 00:00:00+00:00
[2026-03-31T09:29:11.985+0000] {processor.py:183} INFO - Processing /opt/airflow/dags/e_commerce_dw_dag.py took 0.189 seconds
[2026-03-31T09:29:42.650+0000] {processor.py:161} INFO - Started process (PID=286) to work on /opt/airflow/dags/e_commerce_dw_dag.py
[2026-03-31T09:29:42.651+0000] {processor.py:830} INFO - Processing file /opt/airflow/dags/e_commerce_dw_dag.py for tasks to queue
[2026-03-31T09:29:42.660+0000] {logging_mixin.py:188} INFO - [2026-03-31T09:29:42.659+0000] {dagbag.py:545} INFO - Filling up the DagBag from /opt/airflow/dags/e_commerce_dw_dag.py
[2026-03-31T09:29:42.790+0000] {processor.py:840} INFO - DAG(s) 'e_commerce_dw_etl' retrieved from /opt/airflow/dags/e_commerce_dw_dag.py
[2026-03-31T09:29:42.831+0000] {logging_mixin.py:188} INFO - [2026-03-31T09:29:42.831+0000] {dag.py:3096} INFO - Sync 1 DAGs
[2026-03-31T09:29:42.852+0000] {logging_mixin.py:188} INFO - [2026-03-31T09:29:42.852+0000] {dag.py:3954} INFO - Setting next_dagrun for e_commerce_dw_etl to 2026-03-31 00:00:00+00:00, run_after=2026-04-01 00:00:00+00:00
[2026-03-31T09:29:42.871+0000] {processor.py:183} INFO - Processing /opt/airflow/dags/e_commerce_dw_dag.py took 0.231 seconds
[2026-03-31T09:30:13.481+0000] {processor.py:161} INFO - Started process (PID=313) to work on /opt/airflow/dags/e_commerce_dw_dag.py
[2026-03-31T09:30:13.488+0000] {processor.py:830} INFO - Processing file /opt/airflow/dags/e_commerce_dw_dag.py for tasks to queue
[2026-03-31T09:30:13.491+0000] {logging_mixin.py:188} INFO - [2026-03-31T09:30:13.491+0000] {dagbag.py:545} INFO - Filling up the DagBag from /opt/airflow/dags/e_commerce_dw_dag.py
[2026-03-31T09:30:13.576+0000] {processor.py:840} INFO - DAG(s) 'e_commerce_dw_etl' retrieved from /opt/airflow/dags/e_commerce_dw_dag.py
[2026-03-31T09:30:13.614+0000] {logging_mixin.py:188} INFO - [2026-03-31T09:30:13.613+0000] {dag.py:3096} INFO - Sync 1 DAGs
[2026-03-31T09:30:13.641+0000] {logging_mixin.py:188} INFO - [2026-03-31T09:30:13.641+0000] {dag.py:3954} INFO - Setting next_dagrun for e_commerce_dw_etl to 2026-03-31 00:00:00+00:00, run_after=2026-04-01 00:00:00+00:00
[2026-03-31T09:30:13.670+0000] {processor.py:183} INFO - Processing /opt/airflow/dags/e_commerce_dw_dag.py took 0.196 seconds
[2026-03-31T09:30:44.158+0000] {processor.py:161} INFO - Started process (PID=339) to work on /opt/airflow/dags/e_commerce_dw_dag.py
[2026-03-31T09:30:44.159+0000] {processor.py:830} INFO - Processing file /opt/airflow/dags/e_commerce_dw_dag.py for tasks to queue
[2026-03-31T09:30:44.162+0000] {logging_mixin.py:188} INFO - [2026-03-31T09:30:44.162+0000] {dagbag.py:545} INFO - Filling up the DagBag from /opt/airflow/dags/e_commerce_dw_dag.py
[2026-03-31T09:30:44.237+0000] {processor.py:840} INFO - DAG(s) 'e_commerce_dw_etl' retrieved from /opt/airflow/dags/e_commerce_dw_dag.py
[2026-03-31T09:30:44.271+0000] {logging_mixin.py:188} INFO - [2026-03-31T09:30:44.271+0000] {dag.py:3096} INFO - Sync 1 DAGs
[2026-03-31T09:30:44.294+0000] {logging_mixin.py:188} INFO - [2026-03-31T09:30:44.294+0000] {dag.py:3954} INFO - Setting next_dagrun for e_commerce_dw_etl to 2026-03-31 00:00:00+00:00, run_after=2026-04-01 00:00:00+00:00
[2026-03-31T09:30:44.317+0000] {processor.py:183} INFO - Processing /opt/airflow/dags/e_commerce_dw_dag.py took 0.166 seconds
[2026-03-31T09:31:14.971+0000] {processor.py:161} INFO - Started process (PID=366) to work on /opt/airflow/dags/e_commerce_dw_dag.py
[2026-03-31T09:31:14.973+0000] {processor.py:830} INFO - Processing file /opt/airflow/dags/e_commerce_dw_dag.py for tasks to queue
[2026-03-31T09:31:14.976+0000] {logging_mixin.py:188} INFO - [2026-03-31T09:31:14.975+0000] {dagbag.py:545} INFO - Filling up the DagBag from /opt/airflow/dags/e_commerce_dw_dag.py
[2026-03-31T09:31:15.070+0000] {processor.py:840} INFO - DAG(s) 'e_commerce_dw_etl' retrieved from /opt/airflow/dags/e_commerce_dw_dag.py
[2026-03-31T09:31:15.112+0000] {logging_mixin.py:188} INFO - [2026-03-31T09:31:15.111+0000] {dag.py:3096} INFO - Sync 1 DAGs
[2026-03-31T09:31:15.142+0000] {logging_mixin.py:188} INFO - [2026-03-31T09:31:15.142+0000] {dag.py:3954} INFO - Setting next_dagrun for e_commerce_dw_etl to 2026-03-31 00:00:00+00:00, run_after=2026-04-01 00:00:00+00:00
[2026-03-31T09:31:15.168+0000] {processor.py:183} INFO - Processing /opt/airflow/dags/e_commerce_dw_dag.py took 0.205 seconds
[2026-03-31T09:31:45.728+0000] {processor.py:161} INFO - Started process (PID=393) to work on /opt/airflow/dags/e_commerce_dw_dag.py
[2026-03-31T09:31:45.729+0000] {processor.py:830} INFO - Processing file /opt/airflow/dags/e_commerce_dw_dag.py for tasks to queue
[2026-03-31T09:31:45.732+0000] {logging_mixin.py:188} INFO - [2026-03-31T09:31:45.732+0000] {dagbag.py:545} INFO - Filling up the DagBag from /opt/airflow/dags/e_commerce_dw_dag.py
[2026-03-31T09:31:45.812+0000] {processor.py:840} INFO - DAG(s) 'e_commerce_dw_etl' retrieved from /opt/airflow/dags/e_commerce_dw_dag.py
[2026-03-31T09:31:45.853+0000] {logging_mixin.py:188} INFO - [2026-03-31T09:31:45.853+0000] {dag.py:3096} INFO - Sync 1 DAGs
[2026-03-31T09:31:45.882+0000] {logging_mixin.py:188} INFO - [2026-03-31T09:31:45.882+0000] {dag.py:3954} INFO - Setting next_dagrun for e_commerce_dw_etl to 2026-03-31 00:00:00+00:00, run_after=2026-04-01 00:00:00+00:00
[2026-03-31T09:31:45.908+0000] {processor.py:183} INFO - Processing /opt/airflow/dags/e_commerce_dw_dag.py took 0.187 seconds
[2026-03-31T09:32:16.458+0000] {processor.py:161} INFO - Started process (PID=419) to work on /opt/airflow/dags/e_commerce_dw_dag.py
[2026-03-31T09:32:16.459+0000] {processor.py:830} INFO - Processing file /opt/airflow/dags/e_commerce_dw_dag.py for tasks to queue
[2026-03-31T09:32:16.462+0000] {logging_mixin.py:188} INFO - [2026-03-31T09:32:16.462+0000] {dagbag.py:545} INFO - Filling up the DagBag from /opt/airflow/dags/e_commerce_dw_dag.py
[2026-03-31T09:32:16.533+0000] {processor.py:840} INFO - DAG(s) 'e_commerce_dw_etl' retrieved from /opt/airflow/dags/e_commerce_dw_dag.py
[2026-03-31T09:32:16.570+0000] {logging_mixin.py:188} INFO - [2026-03-31T09:32:16.570+0000] {dag.py:3096} INFO - Sync 1 DAGs
[2026-03-31T09:32:16.598+0000] {logging_mixin.py:188} INFO - [2026-03-31T09:32:16.598+0000] {dag.py:3954} INFO - Setting next_dagrun for e_commerce_dw_etl to 2026-03-31 00:00:00+00:00, run_after=2026-04-01 00:00:00+00:00
[2026-03-31T09:32:16.627+0000] {processor.py:183} INFO - Processing /opt/airflow/dags/e_commerce_dw_dag.py took 0.176 seconds
[2026-03-31T09:32:47.138+0000] {processor.py:161} INFO - Started process (PID=445) to work on /opt/airflow/dags/e_commerce_dw_dag.py
[2026-03-31T09:32:47.139+0000] {processor.py:830} INFO - Processing file /opt/airflow/dags/e_commerce_dw_dag.py for tasks to queue
[2026-03-31T09:32:47.143+0000] {logging_mixin.py:188} INFO - [2026-03-31T09:32:47.142+0000] {dagbag.py:545} INFO - Filling up the DagBag from /opt/airflow/dags/e_commerce_dw_dag.py
[2026-03-31T09:32:47.220+0000] {processor.py:840} INFO - DAG(s) 'e_commerce_dw_etl' retrieved from /opt/airflow/dags/e_commerce_dw_dag.py
[2026-03-31T09:32:47.258+0000] {logging_mixin.py:188} INFO - [2026-03-31T09:32:47.258+0000] {dag.py:3096} INFO - Sync 1 DAGs
[2026-03-31T09:32:47.283+0000] {logging_mixin.py:188} INFO - [2026-03-31T09:32:47.283+0000] {dag.py:3954} INFO - Setting next_dagrun for e_commerce_dw_etl to 2026-03-31 00:00:00+00:00, run_after=2026-04-01 00:00:00+00:00
[2026-03-31T09:32:47.306+0000] {processor.py:183} INFO - Processing /opt/airflow/dags/e_commerce_dw_dag.py took 0.178 seconds
[2026-03-31T09:33:18.083+0000] {processor.py:161} INFO - Started process (PID=471) to work on /opt/airflow/dags/e_commerce_dw_dag.py
[2026-03-31T09:33:18.085+0000] {processor.py:830} INFO - Processing file /opt/airflow/dags/e_commerce_dw_dag.py for tasks to queue
[2026-03-31T09:33:18.087+0000] {logging_mixin.py:188} INFO - [2026-03-31T09:33:18.087+0000] {dagbag.py:545} INFO - Filling up the DagBag from /opt/airflow/dags/e_commerce_dw_dag.py
[2026-03-31T09:33:18.158+0000] {processor.py:840} INFO - DAG(s) 'e_commerce_dw_etl' retrieved from /opt/airflow/dags/e_commerce_dw_dag.py
[2026-03-31T09:33:18.190+0000] {logging_mixin.py:188} INFO - [2026-03-31T09:33:18.190+0000] {dag.py:3096} INFO - Sync 1 DAGs
[2026-03-31T09:33:18.215+0000] {logging_mixin.py:188} INFO - [2026-03-31T09:33:18.214+0000] {dag.py:3954} INFO - Setting next_dagrun for e_commerce_dw_etl to 2026-03-31 00:00:00+00:00, run_after=2026-04-01 00:00:00+00:00
[2026-03-31T09:33:18.239+0000] {processor.py:183} INFO - Processing /opt/airflow/dags/e_commerce_dw_dag.py took 0.163 seconds
[2026-03-31T09:33:48.745+0000] {processor.py:161} INFO - Started process (PID=497) to work on /opt/airflow/dags/e_commerce_dw_dag.py
[2026-03-31T09:33:48.746+0000] {processor.py:830} INFO - Processing file /opt/airflow/dags/e_commerce_dw_dag.py for tasks to queue
[2026-03-31T09:33:48.749+0000] {logging_mixin.py:188} INFO - [2026-03-31T09:33:48.749+0000] {dagbag.py:545} INFO - Filling up the DagBag from /opt/airflow/dags/e_commerce_dw_dag.py
[2026-03-31T09:33:48.895+0000] {processor.py:840} INFO - DAG(s) 'e_commerce_dw_etl' retrieved from /opt/airflow/dags/e_commerce_dw_dag.py
[2026-03-31T09:33:48.931+0000] {logging_mixin.py:188} INFO - [2026-03-31T09:33:48.930+0000] {dag.py:3096} INFO - Sync 1 DAGs
[2026-03-31T09:33:48.970+0000] {logging_mixin.py:188} INFO - [2026-03-31T09:33:48.970+0000] {dag.py:3954} INFO - Setting next_dagrun for e_commerce_dw_etl to 2026-03-31 00:00:00+00:00, run_after=2026-04-01 00:00:00+00:00
[2026-03-31T09:33:48.998+0000] {processor.py:183} INFO - Processing /opt/airflow/dags/e_commerce_dw_dag.py took 0.271 seconds
[2026-03-31T09:34:19.646+0000] {processor.py:161} INFO - Started process (PID=523) to work on /opt/airflow/dags/e_commerce_dw_dag.py
[2026-03-31T09:34:19.647+0000] {processor.py:830} INFO - Processing file /opt/airflow/dags/e_commerce_dw_dag.py for tasks to queue
[2026-03-31T09:34:19.649+0000] {logging_mixin.py:188} INFO - [2026-03-31T09:34:19.649+0000] {dagbag.py:545} INFO - Filling up the DagBag from /opt/airflow/dags/e_commerce_dw_dag.py
[2026-03-31T09:34:19.707+0000] {processor.py:840} INFO - DAG(s) 'e_commerce_dw_etl' retrieved from /opt/airflow/dags/e_commerce_dw_dag.py
[2026-03-31T09:34:19.740+0000] {logging_mixin.py:188} INFO - [2026-03-31T09:34:19.740+0000] {dag.py:3096} INFO - Sync 1 DAGs
[2026-03-31T09:34:19.763+0000] {logging_mixin.py:188} INFO - [2026-03-31T09:34:19.763+0000] {dag.py:3954} INFO - Setting next_dagrun for e_commerce_dw_etl to 2026-03-31 00:00:00+00:00, run_after=2026-04-01 00:00:00+00:00
[2026-03-31T09:34:19.827+0000] {processor.py:183} INFO - Processing /opt/airflow/dags/e_commerce_dw_dag.py took 0.187 seconds
[2026-03-31T09:34:50.393+0000] {processor.py:161} INFO - Started process (PID=549) to work on /opt/airflow/dags/e_commerce_dw_dag.py
[2026-03-31T09:34:50.394+0000] {processor.py:830} INFO - Processing file /opt/airflow/dags/e_commerce_dw_dag.py for tasks to queue
[2026-03-31T09:34:50.397+0000] {logging_mixin.py:188} INFO - [2026-03-31T09:34:50.396+0000] {dagbag.py:545} INFO - Filling up the DagBag from /opt/airflow/dags/e_commerce_dw_dag.py
[2026-03-31T09:34:50.480+0000] {processor.py:840} INFO - DAG(s) 'e_commerce_dw_etl' retrieved from /opt/airflow/dags/e_commerce_dw_dag.py
[2026-03-31T09:34:50.518+0000] {logging_mixin.py:188} INFO - [2026-03-31T09:34:50.518+0000] {dag.py:3096} INFO - Sync 1 DAGs
[2026-03-31T09:34:50.544+0000] {logging_mixin.py:188} INFO - [2026-03-31T09:34:50.543+0000] {dag.py:3954} INFO - Setting next_dagrun for e_commerce_dw_etl to 2026-03-31 00:00:00+00:00, run_after=2026-04-01 00:00:00+00:00
[2026-03-31T09:34:50.564+0000] {processor.py:183} INFO - Processing /opt/airflow/dags/e_commerce_dw_dag.py took 0.178 seconds
[2026-03-31T09:35:21.126+0000] {processor.py:161} INFO - Started process (PID=575) to work on /opt/airflow/dags/e_commerce_dw_dag.py
[2026-03-31T09:35:21.127+0000] {processor.py:830} INFO - Processing file /opt/airflow/dags/e_commerce_dw_dag.py for tasks to queue
[2026-03-31T09:35:21.130+0000] {logging_mixin.py:188} INFO - [2026-03-31T09:35:21.130+0000] {dagbag.py:545} INFO - Filling up the DagBag from /opt/airflow/dags/e_commerce_dw_dag.py
[2026-03-31T09:35:21.210+0000] {processor.py:840} INFO - DAG(s) 'e_commerce_dw_etl' retrieved from /opt/airflow/dags/e_commerce_dw_dag.py
[2026-03-31T09:35:21.244+0000] {logging_mixin.py:188} INFO - [2026-03-31T09:35:21.243+0000] {dag.py:3096} INFO - Sync 1 DAGs
[2026-03-31T09:35:21.268+0000] {logging_mixin.py:188} INFO - [2026-03-31T09:35:21.268+0000] {dag.py:3954} INFO - Setting next_dagrun for e_commerce_dw_etl to 2026-03-31 00:00:00+00:00, run_after=2026-04-01 00:00:00+00:00
[2026-03-31T09:35:21.293+0000] {processor.py:183} INFO - Processing /opt/airflow/dags/e_commerce_dw_dag.py took 0.173 seconds
[2026-03-31T09:35:51.798+0000] {processor.py:161} INFO - Started process (PID=601) to work on /opt/airflow/dags/e_commerce_dw_dag.py
[2026-03-31T09:35:51.799+0000] {processor.py:830} INFO - Processing file /opt/airflow/dags/e_commerce_dw_dag.py for tasks to queue
[2026-03-31T09:35:51.802+0000] {logging_mixin.py:188} INFO - [2026-03-31T09:35:51.801+0000] {dagbag.py:545} INFO - Filling up the DagBag from /opt/airflow/dags/e_commerce_dw_dag.py
[2026-03-31T09:35:51.890+0000] {processor.py:840} INFO - DAG(s) 'e_commerce_dw_etl' retrieved from /opt/airflow/dags/e_commerce_dw_dag.py
[2026-03-31T09:35:51.928+0000] {logging_mixin.py:188} INFO - [2026-03-31T09:35:51.928+0000] {dag.py:3096} INFO - Sync 1 DAGs
[2026-03-31T09:35:51.953+0000] {logging_mixin.py:188} INFO - [2026-03-31T09:35:51.952+0000] {dag.py:3954} INFO - Setting next_dagrun for e_commerce_dw_etl to 2026-03-31 00:00:00+00:00, run_after=2026-04-01 00:00:00+00:00
[2026-03-31T09:35:51.981+0000] {processor.py:183} INFO - Processing /opt/airflow/dags/e_commerce_dw_dag.py took 0.190 seconds
[2026-03-31T09:36:22.557+0000] {processor.py:161} INFO - Started process (PID=627) to work on /opt/airflow/dags/e_commerce_dw_dag.py
[2026-03-31T09:36:22.558+0000] {processor.py:830} INFO - Processing file /opt/airflow/dags/e_commerce_dw_dag.py for tasks to queue
[2026-03-31T09:36:22.560+0000] {logging_mixin.py:188} INFO - [2026-03-31T09:36:22.560+0000] {dagbag.py:545} INFO - Filling up the DagBag from /opt/airflow/dags/e_commerce_dw_dag.py
[2026-03-31T09:36:22.680+0000] {processor.py:840} INFO - DAG(s) 'e_commerce_dw_etl' retrieved from /opt/airflow/dags/e_commerce_dw_dag.py
[2026-03-31T09:36:22.713+0000] {logging_mixin.py:188} INFO - [2026-03-31T09:36:22.713+0000] {dag.py:3096} INFO - Sync 1 DAGs
[2026-03-31T09:36:22.735+0000] {logging_mixin.py:188} INFO - [2026-03-31T09:36:22.735+0000] {dag.py:3954} INFO - Setting next_dagrun for e_commerce_dw_etl to 2026-03-31 00:00:00+00:00, run_after=2026-04-01 00:00:00+00:00
[2026-03-31T09:36:22.792+0000] {processor.py:183} INFO - Processing /opt/airflow/dags/e_commerce_dw_dag.py took 0.242 seconds
[2026-03-31T09:36:53.418+0000] {processor.py:161} INFO - Started process (PID=653) to work on /opt/airflow/dags/e_commerce_dw_dag.py
[2026-03-31T09:36:53.419+0000] {processor.py:830} INFO - Processing file /opt/airflow/dags/e_commerce_dw_dag.py for tasks to queue
[2026-03-31T09:36:53.424+0000] {logging_mixin.py:188} INFO - [2026-03-31T09:36:53.423+0000] {dagbag.py:545} INFO - Filling up the DagBag from /opt/airflow/dags/e_commerce_dw_dag.py
[2026-03-31T09:36:53.529+0000] {processor.py:840} INFO - DAG(s) 'e_commerce_dw_etl' retrieved from /opt/airflow/dags/e_commerce_dw_dag.py
[2026-03-31T09:36:53.606+0000] {logging_mixin.py:188} INFO - [2026-03-31T09:36:53.606+0000] {dag.py:3096} INFO - Sync 1 DAGs
[2026-03-31T09:36:53.649+0000] {logging_mixin.py:188} INFO - [2026-03-31T09:36:53.648+0000] {dag.py:3954} INFO - Setting next_dagrun for e_commerce_dw_etl to 2026-03-31 00:00:00+00:00, run_after=2026-04-01 00:00:00+00:00
[2026-03-31T09:36:53.681+0000] {processor.py:183} INFO - Processing /opt/airflow/dags/e_commerce_dw_dag.py took 0.272 seconds
[2026-03-31T09:37:24.293+0000] {processor.py:161} INFO - Started process (PID=679) to work on /opt/airflow/dags/e_commerce_dw_dag.py
[2026-03-31T09:37:24.294+0000] {processor.py:830} INFO - Processing file /opt/airflow/dags/e_commerce_dw_dag.py for tasks to queue
[2026-03-31T09:37:24.297+0000] {logging_mixin.py:188} INFO - [2026-03-31T09:37:24.296+0000] {dagbag.py:545} INFO - Filling up the DagBag from /opt/airflow/dags/e_commerce_dw_dag.py
[2026-03-31T09:37:24.386+0000] {processor.py:840} INFO - DAG(s) 'e_commerce_dw_etl' retrieved from /opt/airflow/dags/e_commerce_dw_dag.py
[2026-03-31T09:37:24.423+0000] {logging_mixin.py:188} INFO - [2026-03-31T09:37:24.423+0000] {dag.py:3096} INFO - Sync 1 DAGs
[2026-03-31T09:37:24.450+0000] {logging_mixin.py:188} INFO - [2026-03-31T09:37:24.450+0000] {dag.py:3954} INFO - Setting next_dagrun for e_commerce_dw_etl to 2026-03-31 00:00:00+00:00, run_after=2026-04-01 00:00:00+00:00
[2026-03-31T09:37:24.495+0000] {processor.py:183} INFO - Processing /opt/airflow/dags/e_commerce_dw_dag.py took 0.212 seconds
[2026-03-31T09:37:55.084+0000] {processor.py:161} INFO - Started process (PID=705) to work on /opt/airflow/dags/e_commerce_dw_dag.py
[2026-03-31T09:37:55.085+0000] {processor.py:830} INFO - Processing file /opt/airflow/dags/e_commerce_dw_dag.py for tasks to queue
[2026-03-31T09:37:55.088+0000] {logging_mixin.py:188} INFO - [2026-03-31T09:37:55.087+0000] {dagbag.py:545} INFO - Filling up the DagBag from /opt/airflow/dags/e_commerce_dw_dag.py
[2026-03-31T09:37:55.164+0000] {processor.py:840} INFO - DAG(s) 'e_commerce_dw_etl' retrieved from /opt/airflow/dags/e_commerce_dw_dag.py
[2026-03-31T09:37:55.218+0000] {logging_mixin.py:188} INFO - [2026-03-31T09:37:55.217+0000] {dag.py:3096} INFO - Sync 1 DAGs
[2026-03-31T09:37:55.243+0000] {logging_mixin.py:188} INFO - [2026-03-31T09:37:55.243+0000] {dag.py:3954} INFO - Setting next_dagrun for e_commerce_dw_etl to 2026-03-31 00:00:00+00:00, run_after=2026-04-01 00:00:00+00:00
[2026-03-31T09:37:55.266+0000] {processor.py:183} INFO - Processing /opt/airflow/dags/e_commerce_dw_dag.py took 0.189 seconds
[2026-03-31T09:38:26.094+0000] {processor.py:161} INFO - Started process (PID=731) to work on /opt/airflow/dags/e_commerce_dw_dag.py
[2026-03-31T09:38:26.095+0000] {processor.py:830} INFO - Processing file /opt/airflow/dags/e_commerce_dw_dag.py for tasks to queue
[2026-03-31T09:38:26.097+0000] {logging_mixin.py:188} INFO - [2026-03-31T09:38:26.097+0000] {dagbag.py:545} INFO - Filling up the DagBag from /opt/airflow/dags/e_commerce_dw_dag.py
[2026-03-31T09:38:26.179+0000] {processor.py:840} INFO - DAG(s) 'e_commerce_dw_etl' retrieved from /opt/airflow/dags/e_commerce_dw_dag.py
[2026-03-31T09:38:26.216+0000] {logging_mixin.py:188} INFO - [2026-03-31T09:38:26.216+0000] {dag.py:3096} INFO - Sync 1 DAGs
[2026-03-31T09:38:26.242+0000] {logging_mixin.py:188} INFO - [2026-03-31T09:38:26.242+0000] {dag.py:3954} INFO - Setting next_dagrun for e_commerce_dw_etl to 2026-03-31 00:00:00+00:00, run_after=2026-04-01 00:00:00+00:00
[2026-03-31T09:38:26.265+0000] {processor.py:183} INFO - Processing /opt/airflow/dags/e_commerce_dw_dag.py took 0.179 seconds
[2026-03-31T09:38:56.860+0000] {processor.py:161} INFO - Started process (PID=757) to work on /opt/airflow/dags/e_commerce_dw_dag.py
[2026-03-31T09:38:56.862+0000] {processor.py:830} INFO - Processing file /opt/airflow/dags/e_commerce_dw_dag.py for tasks to queue
[2026-03-31T09:38:56.867+0000] {logging_mixin.py:188} INFO - [2026-03-31T09:38:56.866+0000] {dagbag.py:545} INFO - Filling up the DagBag from /opt/airflow/dags/e_commerce_dw_dag.py
[2026-03-31T09:38:56.951+0000] {processor.py:840} INFO - DAG(s) 'e_commerce_dw_etl' retrieved from /opt/airflow/dags/e_commerce_dw_dag.py
[2026-03-31T09:38:56.987+0000] {logging_mixin.py:188} INFO - [2026-03-31T09:38:56.987+0000] {dag.py:3096} INFO - Sync 1 DAGs
[2026-03-31T09:38:57.019+0000] {logging_mixin.py:188} INFO - [2026-03-31T09:38:57.019+0000] {dag.py:3954} INFO - Setting next_dagrun for e_commerce_dw_etl to 2026-03-31 00:00:00+00:00, run_after=2026-04-01 00:00:00+00:00
[2026-03-31T09:38:57.039+0000] {processor.py:183} INFO - Processing /opt/airflow/dags/e_commerce_dw_dag.py took 0.187 seconds
[2026-03-31T09:39:27.657+0000] {processor.py:161} INFO - Started process (PID=783) to work on /opt/airflow/dags/e_commerce_dw_dag.py
[2026-03-31T09:39:27.658+0000] {processor.py:830} INFO - Processing file /opt/airflow/dags/e_commerce_dw_dag.py for tasks to queue
[2026-03-31T09:39:27.660+0000] {logging_mixin.py:188} INFO - [2026-03-31T09:39:27.660+0000] {dagbag.py:545} INFO - Filling up the DagBag from /opt/airflow/dags/e_commerce_dw_dag.py
[2026-03-31T09:39:27.722+0000] {processor.py:840} INFO - DAG(s) 'e_commerce_dw_etl' retrieved from /opt/airflow/dags/e_commerce_dw_dag.py
[2026-03-31T09:39:27.754+0000] {logging_mixin.py:188} INFO - [2026-03-31T09:39:27.754+0000] {dag.py:3096} INFO - Sync 1 DAGs
[2026-03-31T09:39:27.777+0000] {logging_mixin.py:188} INFO - [2026-03-31T09:39:27.776+0000] {dag.py:3954} INFO - Setting next_dagrun for e_commerce_dw_etl to 2026-03-31 00:00:00+00:00, run_after=2026-04-01 00:00:00+00:00
[2026-03-31T09:39:27.796+0000] {processor.py:183} INFO - Processing /opt/airflow/dags/e_commerce_dw_dag.py took 0.146 seconds
[2026-03-31T09:39:58.372+0000] {processor.py:161} INFO - Started process (PID=809) to work on /opt/airflow/dags/e_commerce_dw_dag.py
[2026-03-31T09:39:58.374+0000] {processor.py:830} INFO - Processing file /opt/airflow/dags/e_commerce_dw_dag.py for tasks to queue
[2026-03-31T09:39:58.376+0000] {logging_mixin.py:188} INFO - [2026-03-31T09:39:58.375+0000] {dagbag.py:545} INFO - Filling up the DagBag from /opt/airflow/dags/e_commerce_dw_dag.py
[2026-03-31T09:39:58.440+0000] {processor.py:840} INFO - DAG(s) 'e_commerce_dw_etl' retrieved from /opt/airflow/dags/e_commerce_dw_dag.py
[2026-03-31T09:39:58.473+0000] {logging_mixin.py:188} INFO - [2026-03-31T09:39:58.473+0000] {dag.py:3096} INFO - Sync 1 DAGs
[2026-03-31T09:39:58.496+0000] {logging_mixin.py:188} INFO - [2026-03-31T09:39:58.496+0000] {dag.py:3954} INFO - Setting next_dagrun for e_commerce_dw_etl to 2026-03-31 00:00:00+00:00, run_after=2026-04-01 00:00:00+00:00
[2026-03-31T09:39:58.520+0000] {processor.py:183} INFO - Processing /opt/airflow/dags/e_commerce_dw_dag.py took 0.153 seconds
[2026-03-31T09:40:28.914+0000] {processor.py:161} INFO - Started process (PID=835) to work on /opt/airflow/dags/e_commerce_dw_dag.py
[2026-03-31T09:40:28.915+0000] {processor.py:830} INFO - Processing file /opt/airflow/dags/e_commerce_dw_dag.py for tasks to queue
[2026-03-31T09:40:28.918+0000] {logging_mixin.py:188} INFO - [2026-03-31T09:40:28.917+0000] {dagbag.py:545} INFO - Filling up the DagBag from /opt/airflow/dags/e_commerce_dw_dag.py
[2026-03-31T09:40:28.990+0000] {processor.py:840} INFO - DAG(s) 'e_commerce_dw_etl' retrieved from /opt/airflow/dags/e_commerce_dw_dag.py
[2026-03-31T09:40:29.028+0000] {logging_mixin.py:188} INFO - [2026-03-31T09:40:29.028+0000] {dag.py:3096} INFO - Sync 1 DAGs
[2026-03-31T09:40:29.054+0000] {logging_mixin.py:188} INFO - [2026-03-31T09:40:29.053+0000] {dag.py:3954} INFO - Setting next_dagrun for e_commerce_dw_etl to 2026-03-31 00:00:00+00:00, run_after=2026-04-01 00:00:00+00:00
[2026-03-31T09:40:29.077+0000] {processor.py:183} INFO - Processing /opt/airflow/dags/e_commerce_dw_dag.py took 0.170 seconds
[2026-03-31T09:40:59.621+0000] {processor.py:161} INFO - Started process (PID=861) to work on /opt/airflow/dags/e_commerce_dw_dag.py
[2026-03-31T09:40:59.622+0000] {processor.py:830} INFO - Processing file /opt/airflow/dags/e_commerce_dw_dag.py for tasks to queue
[2026-03-31T09:40:59.625+0000] {logging_mixin.py:188} INFO - [2026-03-31T09:40:59.624+0000] {dagbag.py:545} INFO - Filling up the DagBag from /opt/airflow/dags/e_commerce_dw_dag.py
[2026-03-31T09:40:59.695+0000] {processor.py:840} INFO - DAG(s) 'e_commerce_dw_etl' retrieved from /opt/airflow/dags/e_commerce_dw_dag.py
[2026-03-31T09:40:59.731+0000] {logging_mixin.py:188} INFO - [2026-03-31T09:40:59.731+0000] {dag.py:3096} INFO - Sync 1 DAGs
[2026-03-31T09:40:59.755+0000] {logging_mixin.py:188} INFO - [2026-03-31T09:40:59.755+0000] {dag.py:3954} INFO - Setting next_dagrun for e_commerce_dw_etl to 2026-03-31 00:00:00+00:00, run_after=2026-04-01 00:00:00+00:00
[2026-03-31T09:40:59.777+0000] {processor.py:183} INFO - Processing /opt/airflow/dags/e_commerce_dw_dag.py took 0.163 seconds
[2026-03-31T09:41:30.374+0000] {processor.py:161} INFO - Started process (PID=887) to work on /opt/airflow/dags/e_commerce_dw_dag.py
[2026-03-31T09:41:30.375+0000] {processor.py:830} INFO - Processing file /opt/airflow/dags/e_commerce_dw_dag.py for tasks to queue
[2026-03-31T09:41:30.378+0000] {logging_mixin.py:188} INFO - [2026-03-31T09:41:30.377+0000] {dagbag.py:545} INFO - Filling up the DagBag from /opt/airflow/dags/e_commerce_dw_dag.py
[2026-03-31T09:41:30.436+0000] {processor.py:840} INFO - DAG(s) 'e_commerce_dw_etl' retrieved from /opt/airflow/dags/e_commerce_dw_dag.py
[2026-03-31T09:41:30.472+0000] {logging_mixin.py:188} INFO - [2026-03-31T09:41:30.472+0000] {dag.py:3096} INFO - Sync 1 DAGs
[2026-03-31T09:41:30.500+0000] {logging_mixin.py:188} INFO - [2026-03-31T09:41:30.500+0000] {dag.py:3954} INFO - Setting next_dagrun for e_commerce_dw_etl to 2026-03-31 00:00:00+00:00, run_after=2026-04-01 00:00:00+00:00
[2026-03-31T09:41:30.523+0000] {processor.py:183} INFO - Processing /opt/airflow/dags/e_commerce_dw_dag.py took 0.155 seconds
[2026-03-31T09:42:01.138+0000] {processor.py:161} INFO - Started process (PID=913) to work on /opt/airflow/dags/e_commerce_dw_dag.py
[2026-03-31T09:42:01.139+0000] {processor.py:830} INFO - Processing file /opt/airflow/dags/e_commerce_dw_dag.py for tasks to queue
[2026-03-31T09:42:01.142+0000] {logging_mixin.py:188} INFO - [2026-03-31T09:42:01.142+0000] {dagbag.py:545} INFO - Filling up the DagBag from /opt/airflow/dags/e_commerce_dw_dag.py
[2026-03-31T09:42:01.207+0000] {processor.py:840} INFO - DAG(s) 'e_commerce_dw_etl' retrieved from /opt/airflow/dags/e_commerce_dw_dag.py
[2026-03-31T09:42:01.243+0000] {logging_mixin.py:188} INFO - [2026-03-31T09:42:01.243+0000] {dag.py:3096} INFO - Sync 1 DAGs
[2026-03-31T09:42:01.270+0000] {logging_mixin.py:188} INFO - [2026-03-31T09:42:01.270+0000] {dag.py:3954} INFO - Setting next_dagrun for e_commerce_dw_etl to 2026-03-31 00:00:00+00:00, run_after=2026-04-01 00:00:00+00:00
[2026-03-31T09:42:01.292+0000] {processor.py:183} INFO - Processing /opt/airflow/dags/e_commerce_dw_dag.py took 0.160 seconds
[2026-03-31T09:42:31.973+0000] {processor.py:161} INFO - Started process (PID=940) to work on /opt/airflow/dags/e_commerce_dw_dag.py
[2026-03-31T09:42:31.975+0000] {processor.py:830} INFO - Processing file /opt/airflow/dags/e_commerce_dw_dag.py for tasks to queue
[2026-03-31T09:42:31.977+0000] {logging_mixin.py:188} INFO - [2026-03-31T09:42:31.976+0000] {dagbag.py:545} INFO - Filling up the DagBag from /opt/airflow/dags/e_commerce_dw_dag.py
[2026-03-31T09:42:32.049+0000] {processor.py:840} INFO - DAG(s) 'e_commerce_dw_etl' retrieved from /opt/airflow/dags/e_commerce_dw_dag.py
[2026-03-31T09:42:32.082+0000] {logging_mixin.py:188} INFO - [2026-03-31T09:42:32.082+0000] {dag.py:3096} INFO - Sync 1 DAGs
[2026-03-31T09:42:32.106+0000] {logging_mixin.py:188} INFO - [2026-03-31T09:42:32.106+0000] {dag.py:3954} INFO - Setting next_dagrun for e_commerce_dw_etl to 2026-03-31 00:00:00+00:00, run_after=2026-04-01 00:00:00+00:00
[2026-03-31T09:42:32.127+0000] {processor.py:183} INFO - Processing /opt/airflow/dags/e_commerce_dw_dag.py took 0.159 seconds
[2026-03-31T09:43:02.700+0000] {processor.py:161} INFO - Started process (PID=966) to work on /opt/airflow/dags/e_commerce_dw_dag.py
[2026-03-31T09:43:02.701+0000] {processor.py:830} INFO - Processing file /opt/airflow/dags/e_commerce_dw_dag.py for tasks to queue
[2026-03-31T09:43:02.703+0000] {logging_mixin.py:188} INFO - [2026-03-31T09:43:02.703+0000] {dagbag.py:545} INFO - Filling up the DagBag from /opt/airflow/dags/e_commerce_dw_dag.py
[2026-03-31T09:43:02.758+0000] {processor.py:840} INFO - DAG(s) 'e_commerce_dw_etl' retrieved from /opt/airflow/dags/e_commerce_dw_dag.py
[2026-03-31T09:43:02.792+0000] {logging_mixin.py:188} INFO - [2026-03-31T09:43:02.792+0000] {dag.py:3096} INFO - Sync 1 DAGs
[2026-03-31T09:43:02.815+0000] {logging_mixin.py:188} INFO - [2026-03-31T09:43:02.815+0000] {dag.py:3954} INFO - Setting next_dagrun for e_commerce_dw_etl to 2026-03-31 00:00:00+00:00, run_after=2026-04-01 00:00:00+00:00
[2026-03-31T09:43:02.839+0000] {processor.py:183} INFO - Processing /opt/airflow/dags/e_commerce_dw_dag.py took 0.145 seconds
[2026-03-31T09:43:33.762+0000] {processor.py:161} INFO - Started process (PID=992) to work on /opt/airflow/dags/e_commerce_dw_dag.py
[2026-03-31T09:43:33.763+0000] {processor.py:830} INFO - Processing file /opt/airflow/dags/e_commerce_dw_dag.py for tasks to queue
[2026-03-31T09:43:33.765+0000] {logging_mixin.py:188} INFO - [2026-03-31T09:43:33.764+0000] {dagbag.py:545} INFO - Filling up the DagBag from /opt/airflow/dags/e_commerce_dw_dag.py
[2026-03-31T09:43:33.819+0000] {processor.py:840} INFO - DAG(s) 'e_commerce_dw_etl' retrieved from /opt/airflow/dags/e_commerce_dw_dag.py
[2026-03-31T09:43:33.852+0000] {logging_mixin.py:188} INFO - [2026-03-31T09:43:33.852+0000] {dag.py:3096} INFO - Sync 1 DAGs
[2026-03-31T09:43:33.874+0000] {logging_mixin.py:188} INFO - [2026-03-31T09:43:33.874+0000] {dag.py:3954} INFO - Setting next_dagrun for e_commerce_dw_etl to 2026-03-31 00:00:00+00:00, run_after=2026-04-01 00:00:00+00:00
[2026-03-31T09:43:33.895+0000] {processor.py:183} INFO - Processing /opt/airflow/dags/e_commerce_dw_dag.py took 0.139 seconds
[2026-03-31T09:44:04.447+0000] {processor.py:161} INFO - Started process (PID=1018) to work on /opt/airflow/dags/e_commerce_dw_dag.py
[2026-03-31T09:44:04.448+0000] {processor.py:830} INFO - Processing file /opt/airflow/dags/e_commerce_dw_dag.py for tasks to queue
[2026-03-31T09:44:04.450+0000] {logging_mixin.py:188} INFO - [2026-03-31T09:44:04.450+0000] {dagbag.py:545} INFO - Filling up the DagBag from /opt/airflow/dags/e_commerce_dw_dag.py
[2026-03-31T09:44:04.510+0000] {processor.py:840} INFO - DAG(s) 'e_commerce_dw_etl' retrieved from /opt/airflow/dags/e_commerce_dw_dag.py
[2026-03-31T09:44:04.542+0000] {logging_mixin.py:188} INFO - [2026-03-31T09:44:04.542+0000] {dag.py:3096} INFO - Sync 1 DAGs
[2026-03-31T09:44:04.565+0000] {logging_mixin.py:188} INFO - [2026-03-31T09:44:04.565+0000] {dag.py:3954} INFO - Setting next_dagrun for e_commerce_dw_etl to 2026-03-31 00:00:00+00:00, run_after=2026-04-01 00:00:00+00:00
[2026-03-31T09:44:04.588+0000] {processor.py:183} INFO - Processing /opt/airflow/dags/e_commerce_dw_dag.py took 0.147 seconds
[2026-03-31T09:44:35.200+0000] {processor.py:161} INFO - Started process (PID=1044) to work on /opt/airflow/dags/e_commerce_dw_dag.py
[2026-03-31T09:44:35.201+0000] {processor.py:830} INFO - Processing file /opt/airflow/dags/e_commerce_dw_dag.py for tasks to queue
[2026-03-31T09:44:35.204+0000] {logging_mixin.py:188} INFO - [2026-03-31T09:44:35.203+0000] {dagbag.py:545} INFO - Filling up the DagBag from /opt/airflow/dags/e_commerce_dw_dag.py
[2026-03-31T09:44:35.282+0000] {processor.py:840} INFO - DAG(s) 'e_commerce_dw_etl' retrieved from /opt/airflow/dags/e_commerce_dw_dag.py
[2026-03-31T09:44:35.313+0000] {logging_mixin.py:188} INFO - [2026-03-31T09:44:35.313+0000] {dag.py:3096} INFO - Sync 1 DAGs
[2026-03-31T09:44:35.337+0000] {logging_mixin.py:188} INFO - [2026-03-31T09:44:35.337+0000] {dag.py:3954} INFO - Setting next_dagrun for e_commerce_dw_etl to 2026-03-31 00:00:00+00:00, run_after=2026-04-01 00:00:00+00:00
[2026-03-31T09:44:35.358+0000] {processor.py:183} INFO - Processing /opt/airflow/dags/e_commerce_dw_dag.py took 0.165 seconds
[2026-03-31T09:45:05.887+0000] {processor.py:161} INFO - Started process (PID=1070) to work on /opt/airflow/dags/e_commerce_dw_dag.py
[2026-03-31T09:45:05.888+0000] {processor.py:830} INFO - Processing file /opt/airflow/dags/e_commerce_dw_dag.py for tasks to queue
[2026-03-31T09:45:05.890+0000] {logging_mixin.py:188} INFO - [2026-03-31T09:45:05.890+0000] {dagbag.py:545} INFO - Filling up the DagBag from /opt/airflow/dags/e_commerce_dw_dag.py
[2026-03-31T09:45:05.964+0000] {processor.py:840} INFO - DAG(s) 'e_commerce_dw_etl' retrieved from /opt/airflow/dags/e_commerce_dw_dag.py
[2026-03-31T09:45:06.002+0000] {logging_mixin.py:188} INFO - [2026-03-31T09:45:06.002+0000] {dag.py:3096} INFO - Sync 1 DAGs
[2026-03-31T09:45:06.031+0000] {logging_mixin.py:188} INFO - [2026-03-31T09:45:06.030+0000] {dag.py:3954} INFO - Setting next_dagrun for e_commerce_dw_etl to 2026-03-31 00:00:00+00:00, run_after=2026-04-01 00:00:00+00:00
[2026-03-31T09:45:06.054+0000] {processor.py:183} INFO - Processing /opt/airflow/dags/e_commerce_dw_dag.py took 0.174 seconds
[2026-03-31T09:45:36.632+0000] {processor.py:161} INFO - Started process (PID=1096) to work on /opt/airflow/dags/e_commerce_dw_dag.py
[2026-03-31T09:45:36.633+0000] {processor.py:830} INFO - Processing file /opt/airflow/dags/e_commerce_dw_dag.py for tasks to queue
[2026-03-31T09:45:36.635+0000] {logging_mixin.py:188} INFO - [2026-03-31T09:45:36.634+0000] {dagbag.py:545} INFO - Filling up the DagBag from /opt/airflow/dags/e_commerce_dw_dag.py
[2026-03-31T09:45:36.692+0000] {processor.py:840} INFO - DAG(s) 'e_commerce_dw_etl' retrieved from /opt/airflow/dags/e_commerce_dw_dag.py
[2026-03-31T09:45:36.723+0000] {logging_mixin.py:188} INFO - [2026-03-31T09:45:36.723+0000] {dag.py:3096} INFO - Sync 1 DAGs
[2026-03-31T09:45:36.745+0000] {logging_mixin.py:188} INFO - [2026-03-31T09:45:36.744+0000] {dag.py:3954} INFO - Setting next_dagrun for e_commerce_dw_etl to 2026-03-31 00:00:00+00:00, run_after=2026-04-01 00:00:00+00:00
[2026-03-31T09:45:36.765+0000] {processor.py:183} INFO - Processing /opt/airflow/dags/e_commerce_dw_dag.py took 0.140 seconds
[2026-03-31T09:46:07.443+0000] {processor.py:161} INFO - Started process (PID=1122) to work on /opt/airflow/dags/e_commerce_dw_dag.py
[2026-03-31T09:46:07.445+0000] {processor.py:830} INFO - Processing file /opt/airflow/dags/e_commerce_dw_dag.py for tasks to queue
[2026-03-31T09:46:07.446+0000] {logging_mixin.py:188} INFO - [2026-03-31T09:46:07.446+0000] {dagbag.py:545} INFO - Filling up the DagBag from /opt/airflow/dags/e_commerce_dw_dag.py
[2026-03-31T09:46:07.553+0000] {processor.py:840} INFO - DAG(s) 'e_commerce_dw_etl' retrieved from /opt/airflow/dags/e_commerce_dw_dag.py
[2026-03-31T09:46:07.583+0000] {logging_mixin.py:188} INFO - [2026-03-31T09:46:07.583+0000] {dag.py:3096} INFO - Sync 1 DAGs
[2026-03-31T09:46:07.602+0000] {logging_mixin.py:188} INFO - [2026-03-31T09:46:07.601+0000] {dag.py:3954} INFO - Setting next_dagrun for e_commerce_dw_etl to 2026-03-31 00:00:00+00:00, run_after=2026-04-01 00:00:00+00:00
[2026-03-31T09:46:07.623+0000] {processor.py:183} INFO - Processing /opt/airflow/dags/e_commerce_dw_dag.py took 0.186 seconds
[2026-03-31T09:46:38.338+0000] {processor.py:161} INFO - Started process (PID=1148) to work on /opt/airflow/dags/e_commerce_dw_dag.py
[2026-03-31T09:46:38.340+0000] {processor.py:830} INFO - Processing file /opt/airflow/dags/e_commerce_dw_dag.py for tasks to queue
[2026-03-31T09:46:38.342+0000] {logging_mixin.py:188} INFO - [2026-03-31T09:46:38.341+0000] {dagbag.py:545} INFO - Filling up the DagBag from /opt/airflow/dags/e_commerce_dw_dag.py
[2026-03-31T09:46:38.403+0000] {processor.py:840} INFO - DAG(s) 'e_commerce_dw_etl' retrieved from /opt/airflow/dags/e_commerce_dw_dag.py
[2026-03-31T09:46:38.435+0000] {logging_mixin.py:188} INFO - [2026-03-31T09:46:38.435+0000] {dag.py:3096} INFO - Sync 1 DAGs
[2026-03-31T09:46:38.457+0000] {logging_mixin.py:188} INFO - [2026-03-31T09:46:38.457+0000] {dag.py:3954} INFO - Setting next_dagrun for e_commerce_dw_etl to 2026-03-31 00:00:00+00:00, run_after=2026-04-01 00:00:00+00:00
[2026-03-31T09:46:38.480+0000] {processor.py:183} INFO - Processing /opt/airflow/dags/e_commerce_dw_dag.py took 0.148 seconds
[2026-03-31T09:47:09.174+0000] {processor.py:161} INFO - Started process (PID=1174) to work on /opt/airflow/dags/e_commerce_dw_dag.py
[2026-03-31T09:47:09.175+0000] {processor.py:830} INFO - Processing file /opt/airflow/dags/e_commerce_dw_dag.py for tasks to queue
[2026-03-31T09:47:09.177+0000] {logging_mixin.py:188} INFO - [2026-03-31T09:47:09.176+0000] {dagbag.py:545} INFO - Filling up the DagBag from /opt/airflow/dags/e_commerce_dw_dag.py
[2026-03-31T09:47:09.234+0000] {processor.py:840} INFO - DAG(s) 'e_commerce_dw_etl' retrieved from /opt/airflow/dags/e_commerce_dw_dag.py
[2026-03-31T09:47:09.265+0000] {logging_mixin.py:188} INFO - [2026-03-31T09:47:09.265+0000] {dag.py:3096} INFO - Sync 1 DAGs
[2026-03-31T09:47:09.287+0000] {logging_mixin.py:188} INFO - [2026-03-31T09:47:09.287+0000] {dag.py:3954} INFO - Setting next_dagrun for e_commerce_dw_etl to 2026-03-31 00:00:00+00:00, run_after=2026-04-01 00:00:00+00:00
[2026-03-31T09:47:09.309+0000] {processor.py:183} INFO - Processing /opt/airflow/dags/e_commerce_dw_dag.py took 0.143 seconds
[2026-03-31T09:47:40.026+0000] {processor.py:161} INFO - Started process (PID=1200) to work on /opt/airflow/dags/e_commerce_dw_dag.py
[2026-03-31T09:47:40.027+0000] {processor.py:830} INFO - Processing file /opt/airflow/dags/e_commerce_dw_dag.py for tasks to queue
[2026-03-31T09:47:40.030+0000] {logging_mixin.py:188} INFO - [2026-03-31T09:47:40.030+0000] {dagbag.py:545} INFO - Filling up the DagBag from /opt/airflow/dags/e_commerce_dw_dag.py
[2026-03-31T09:47:40.085+0000] {processor.py:840} INFO - DAG(s) 'e_commerce_dw_etl' retrieved from /opt/airflow/dags/e_commerce_dw_dag.py
[2026-03-31T09:47:40.117+0000] {logging_mixin.py:188} INFO - [2026-03-31T09:47:40.116+0000] {dag.py:3096} INFO - Sync 1 DAGs
[2026-03-31T09:47:40.139+0000] {logging_mixin.py:188} INFO - [2026-03-31T09:47:40.139+0000] {dag.py:3954} INFO - Setting next_dagrun for e_commerce_dw_etl to 2026-03-31 00:00:00+00:00, run_after=2026-04-01 00:00:00+00:00
[2026-03-31T09:47:40.160+0000] {processor.py:183} INFO - Processing /opt/airflow/dags/e_commerce_dw_dag.py took 0.140 seconds
[2026-03-31T09:48:10.820+0000] {processor.py:161} INFO - Started process (PID=1226) to work on /opt/airflow/dags/e_commerce_dw_dag.py
[2026-03-31T09:48:10.821+0000] {processor.py:830} INFO - Processing file /opt/airflow/dags/e_commerce_dw_dag.py for tasks to queue
[2026-03-31T09:48:10.823+0000] {logging_mixin.py:188} INFO - [2026-03-31T09:48:10.823+0000] {dagbag.py:545} INFO - Filling up the DagBag from /opt/airflow/dags/e_commerce_dw_dag.py
[2026-03-31T09:48:10.897+0000] {processor.py:840} INFO - DAG(s) 'e_commerce_dw_etl' retrieved from /opt/airflow/dags/e_commerce_dw_dag.py
[2026-03-31T09:48:10.936+0000] {logging_mixin.py:188} INFO - [2026-03-31T09:48:10.936+0000] {dag.py:3096} INFO - Sync 1 DAGs
[2026-03-31T09:48:10.964+0000] {logging_mixin.py:188} INFO - [2026-03-31T09:48:10.964+0000] {dag.py:3954} INFO - Setting next_dagrun for e_commerce_dw_etl to 2026-03-31 00:00:00+00:00, run_after=2026-04-01 00:00:00+00:00
[2026-03-31T09:48:10.984+0000] {processor.py:183} INFO - Processing /opt/airflow/dags/e_commerce_dw_dag.py took 0.172 seconds
[2026-03-31T09:48:41.586+0000] {processor.py:161} INFO - Started process (PID=1258) to work on /opt/airflow/dags/e_commerce_dw_dag.py
[2026-03-31T09:48:41.587+0000] {processor.py:830} INFO - Processing file /opt/airflow/dags/e_commerce_dw_dag.py for tasks to queue
[2026-03-31T09:48:41.589+0000] {logging_mixin.py:188} INFO - [2026-03-31T09:48:41.589+0000] {dagbag.py:545} INFO - Filling up the DagBag from /opt/airflow/dags/e_commerce_dw_dag.py
[2026-03-31T09:48:41.682+0000] {processor.py:840} INFO - DAG(s) 'e_commerce_dw_etl' retrieved from /opt/airflow/dags/e_commerce_dw_dag.py
[2026-03-31T09:48:41.731+0000] {logging_mixin.py:188} INFO - [2026-03-31T09:48:41.731+0000] {dag.py:3096} INFO - Sync 1 DAGs
[2026-03-31T09:48:41.765+0000] {logging_mixin.py:188} INFO - [2026-03-31T09:48:41.764+0000] {dag.py:3954} INFO - Setting next_dagrun for e_commerce_dw_etl to 2026-03-31 00:00:00+00:00, run_after=2026-04-01 00:00:00+00:00
[2026-03-31T09:48:41.793+0000] {processor.py:183} INFO - Processing /opt/airflow/dags/e_commerce_dw_dag.py took 0.213 seconds
[2026-03-31T09:49:12.437+0000] {processor.py:161} INFO - Started process (PID=1284) to work on /opt/airflow/dags/e_commerce_dw_dag.py
[2026-03-31T09:49:12.439+0000] {processor.py:830} INFO - Processing file /opt/airflow/dags/e_commerce_dw_dag.py for tasks to queue
[2026-03-31T09:49:12.442+0000] {logging_mixin.py:188} INFO - [2026-03-31T09:49:12.441+0000] {dagbag.py:545} INFO - Filling up the DagBag from /opt/airflow/dags/e_commerce_dw_dag.py
[2026-03-31T09:49:12.503+0000] {processor.py:840} INFO - DAG(s) 'e_commerce_dw_etl' retrieved from /opt/airflow/dags/e_commerce_dw_dag.py
[2026-03-31T09:49:12.535+0000] {logging_mixin.py:188} INFO - [2026-03-31T09:49:12.535+0000] {dag.py:3096} INFO - Sync 1 DAGs
[2026-03-31T09:49:12.557+0000] {logging_mixin.py:188} INFO - [2026-03-31T09:49:12.556+0000] {dag.py:3954} INFO - Setting next_dagrun for e_commerce_dw_etl to 2026-03-31 00:00:00+00:00, run_after=2026-04-01 00:00:00+00:00
[2026-03-31T09:49:12.577+0000] {processor.py:183} INFO - Processing /opt/airflow/dags/e_commerce_dw_dag.py took 0.147 seconds
[2026-03-31T09:49:43.299+0000] {processor.py:161} INFO - Started process (PID=1310) to work on /opt/airflow/dags/e_commerce_dw_dag.py
[2026-03-31T09:49:43.300+0000] {processor.py:830} INFO - Processing file /opt/airflow/dags/e_commerce_dw_dag.py for tasks to queue
[2026-03-31T09:49:43.302+0000] {logging_mixin.py:188} INFO - [2026-03-31T09:49:43.302+0000] {dagbag.py:545} INFO - Filling up the DagBag from /opt/airflow/dags/e_commerce_dw_dag.py
[2026-03-31T09:49:43.361+0000] {processor.py:840} INFO - DAG(s) 'e_commerce_dw_etl' retrieved from /opt/airflow/dags/e_commerce_dw_dag.py
[2026-03-31T09:49:43.392+0000] {logging_mixin.py:188} INFO - [2026-03-31T09:49:43.392+0000] {dag.py:3096} INFO - Sync 1 DAGs
[2026-03-31T09:49:43.414+0000] {logging_mixin.py:188} INFO - [2026-03-31T09:49:43.414+0000] {dag.py:3954} INFO - Setting next_dagrun for e_commerce_dw_etl to 2026-03-31 00:00:00+00:00, run_after=2026-04-01 00:00:00+00:00
[2026-03-31T09:49:43.438+0000] {processor.py:183} INFO - Processing /opt/airflow/dags/e_commerce_dw_dag.py took 0.146 seconds
[2026-03-31T09:50:14.168+0000] {processor.py:161} INFO - Started process (PID=1336) to work on /opt/airflow/dags/e_commerce_dw_dag.py
[2026-03-31T09:50:14.170+0000] {processor.py:830} INFO - Processing file /opt/airflow/dags/e_commerce_dw_dag.py for tasks to queue
[2026-03-31T09:50:14.172+0000] {logging_mixin.py:188} INFO - [2026-03-31T09:50:14.172+0000] {dagbag.py:545} INFO - Filling up the DagBag from /opt/airflow/dags/e_commerce_dw_dag.py
[2026-03-31T09:50:14.258+0000] {processor.py:840} INFO - DAG(s) 'e_commerce_dw_etl' retrieved from /opt/airflow/dags/e_commerce_dw_dag.py
[2026-03-31T09:50:14.292+0000] {logging_mixin.py:188} INFO - [2026-03-31T09:50:14.292+0000] {dag.py:3096} INFO - Sync 1 DAGs
[2026-03-31T09:50:14.313+0000] {logging_mixin.py:188} INFO - [2026-03-31T09:50:14.313+0000] {dag.py:3954} INFO - Setting next_dagrun for e_commerce_dw_etl to 2026-03-31 00:00:00+00:00, run_after=2026-04-01 00:00:00+00:00
[2026-03-31T09:50:14.335+0000] {processor.py:183} INFO - Processing /opt/airflow/dags/e_commerce_dw_dag.py took 0.175 seconds
[2026-03-31T09:50:44.997+0000] {processor.py:161} INFO - Started process (PID=1362) to work on /opt/airflow/dags/e_commerce_dw_dag.py
[2026-03-31T09:50:44.998+0000] {processor.py:830} INFO - Processing file /opt/airflow/dags/e_commerce_dw_dag.py for tasks to queue
[2026-03-31T09:50:45.000+0000] {logging_mixin.py:188} INFO - [2026-03-31T09:50:45.000+0000] {dagbag.py:545} INFO - Filling up the DagBag from /opt/airflow/dags/e_commerce_dw_dag.py
[2026-03-31T09:50:45.053+0000] {processor.py:840} INFO - DAG(s) 'e_commerce_dw_etl' retrieved from /opt/airflow/dags/e_commerce_dw_dag.py
[2026-03-31T09:50:45.084+0000] {logging_mixin.py:188} INFO - [2026-03-31T09:50:45.084+0000] {dag.py:3096} INFO - Sync 1 DAGs
[2026-03-31T09:50:45.107+0000] {logging_mixin.py:188} INFO - [2026-03-31T09:50:45.106+0000] {dag.py:3954} INFO - Setting next_dagrun for e_commerce_dw_etl to 2026-03-31 00:00:00+00:00, run_after=2026-04-01 00:00:00+00:00
[2026-03-31T09:50:45.128+0000] {processor.py:183} INFO - Processing /opt/airflow/dags/e_commerce_dw_dag.py took 0.137 seconds
[2026-03-31T09:51:15.851+0000] {processor.py:161} INFO - Started process (PID=1388) to work on /opt/airflow/dags/e_commerce_dw_dag.py
[2026-03-31T09:51:15.852+0000] {processor.py:830} INFO - Processing file /opt/airflow/dags/e_commerce_dw_dag.py for tasks to queue
[2026-03-31T09:51:15.854+0000] {logging_mixin.py:188} INFO - [2026-03-31T09:51:15.854+0000] {dagbag.py:545} INFO - Filling up the DagBag from /opt/airflow/dags/e_commerce_dw_dag.py
[2026-03-31T09:51:15.938+0000] {processor.py:840} INFO - DAG(s) 'e_commerce_dw_etl' retrieved from /opt/airflow/dags/e_commerce_dw_dag.py
[2026-03-31T09:51:15.973+0000] {logging_mixin.py:188} INFO - [2026-03-31T09:51:15.972+0000] {dag.py:3096} INFO - Sync 1 DAGs
[2026-03-31T09:51:16.006+0000] {logging_mixin.py:188} INFO - [2026-03-31T09:51:16.005+0000] {dag.py:3954} INFO - Setting next_dagrun for e_commerce_dw_etl to 2026-03-31 00:00:00+00:00, run_after=2026-04-01 00:00:00+00:00
[2026-03-31T09:51:16.027+0000] {processor.py:183} INFO - Processing /opt/airflow/dags/e_commerce_dw_dag.py took 0.184 seconds
[2026-03-31T09:51:46.708+0000] {processor.py:161} INFO - Started process (PID=1414) to work on /opt/airflow/dags/e_commerce_dw_dag.py
[2026-03-31T09:51:46.710+0000] {processor.py:830} INFO - Processing file /opt/airflow/dags/e_commerce_dw_dag.py for tasks to queue
[2026-03-31T09:51:46.712+0000] {logging_mixin.py:188} INFO - [2026-03-31T09:51:46.712+0000] {dagbag.py:545} INFO - Filling up the DagBag from /opt/airflow/dags/e_commerce_dw_dag.py
[2026-03-31T09:51:46.764+0000] {processor.py:840} INFO - DAG(s) 'e_commerce_dw_etl' retrieved from /opt/airflow/dags/e_commerce_dw_dag.py
[2026-03-31T09:51:46.794+0000] {logging_mixin.py:188} INFO - [2026-03-31T09:51:46.794+0000] {dag.py:3096} INFO - Sync 1 DAGs
[2026-03-31T09:51:46.816+0000] {logging_mixin.py:188} INFO - [2026-03-31T09:51:46.815+0000] {dag.py:3954} INFO - Setting next_dagrun for e_commerce_dw_etl to 2026-03-31 00:00:00+00:00, run_after=2026-04-01 00:00:00+00:00
[2026-03-31T09:51:46.836+0000] {processor.py:183} INFO - Processing /opt/airflow/dags/e_commerce_dw_dag.py took 0.134 seconds
[2026-03-31T09:52:17.556+0000] {processor.py:161} INFO - Started process (PID=1440) to work on /opt/airflow/dags/e_commerce_dw_dag.py
[2026-03-31T09:52:17.557+0000] {processor.py:830} INFO - Processing file /opt/airflow/dags/e_commerce_dw_dag.py for tasks to queue
[2026-03-31T09:52:17.559+0000] {logging_mixin.py:188} INFO - [2026-03-31T09:52:17.559+0000] {dagbag.py:545} INFO - Filling up the DagBag from /opt/airflow/dags/e_commerce_dw_dag.py
[2026-03-31T09:52:17.635+0000] {processor.py:840} INFO - DAG(s) 'e_commerce_dw_etl' retrieved from /opt/airflow/dags/e_commerce_dw_dag.py
[2026-03-31T09:52:17.668+0000] {logging_mixin.py:188} INFO - [2026-03-31T09:52:17.668+0000] {dag.py:3096} INFO - Sync 1 DAGs
[2026-03-31T09:52:17.702+0000] {logging_mixin.py:188} INFO - [2026-03-31T09:52:17.702+0000] {dag.py:3954} INFO - Setting next_dagrun for e_commerce_dw_etl to 2026-03-31 00:00:00+00:00, run_after=2026-04-01 00:00:00+00:00
[2026-03-31T09:52:17.725+0000] {processor.py:183} INFO - Processing /opt/airflow/dags/e_commerce_dw_dag.py took 0.175 seconds
[2026-03-31T09:52:48.165+0000] {processor.py:161} INFO - Started process (PID=1466) to work on /opt/airflow/dags/e_commerce_dw_dag.py
[2026-03-31T09:52:48.166+0000] {processor.py:830} INFO - Processing file /opt/airflow/dags/e_commerce_dw_dag.py for tasks to queue
[2026-03-31T09:52:48.168+0000] {logging_mixin.py:188} INFO - [2026-03-31T09:52:48.167+0000] {dagbag.py:545} INFO - Filling up the DagBag from /opt/airflow/dags/e_commerce_dw_dag.py
[2026-03-31T09:52:48.232+0000] {processor.py:840} INFO - DAG(s) 'e_commerce_dw_etl' retrieved from /opt/airflow/dags/e_commerce_dw_dag.py
[2026-03-31T09:52:48.265+0000] {logging_mixin.py:188} INFO - [2026-03-31T09:52:48.265+0000] {dag.py:3096} INFO - Sync 1 DAGs
[2026-03-31T09:52:48.289+0000] {logging_mixin.py:188} INFO - [2026-03-31T09:52:48.289+0000] {dag.py:3954} INFO - Setting next_dagrun for e_commerce_dw_etl to 2026-03-31 00:00:00+00:00, run_after=2026-04-01 00:00:00+00:00
[2026-03-31T09:52:48.313+0000] {processor.py:183} INFO - Processing /opt/airflow/dags/e_commerce_dw_dag.py took 0.155 seconds
[2026-03-31T09:53:18.973+0000] {processor.py:161} INFO - Started process (PID=1492) to work on /opt/airflow/dags/e_commerce_dw_dag.py
[2026-03-31T09:53:18.974+0000] {processor.py:830} INFO - Processing file /opt/airflow/dags/e_commerce_dw_dag.py for tasks to queue
[2026-03-31T09:53:18.977+0000] {logging_mixin.py:188} INFO - [2026-03-31T09:53:18.977+0000] {dagbag.py:545} INFO - Filling up the DagBag from /opt/airflow/dags/e_commerce_dw_dag.py
[2026-03-31T09:53:19.060+0000] {processor.py:840} INFO - DAG(s) 'e_commerce_dw_etl' retrieved from /opt/airflow/dags/e_commerce_dw_dag.py
[2026-03-31T09:53:19.094+0000] {logging_mixin.py:188} INFO - [2026-03-31T09:53:19.093+0000] {dag.py:3096} INFO - Sync 1 DAGs
[2026-03-31T09:53:19.123+0000] {logging_mixin.py:188} INFO - [2026-03-31T09:53:19.122+0000] {dag.py:3954} INFO - Setting next_dagrun for e_commerce_dw_etl to 2026-03-31 00:00:00+00:00, run_after=2026-04-01 00:00:00+00:00
[2026-03-31T09:53:19.146+0000] {processor.py:183} INFO - Processing /opt/airflow/dags/e_commerce_dw_dag.py took 0.182 seconds
[2026-03-31T09:53:49.734+0000] {processor.py:161} INFO - Started process (PID=1518) to work on /opt/airflow/dags/e_commerce_dw_dag.py
[2026-03-31T09:53:49.735+0000] {processor.py:830} INFO - Processing file /opt/airflow/dags/e_commerce_dw_dag.py for tasks to queue
[2026-03-31T09:53:49.737+0000] {logging_mixin.py:188} INFO - [2026-03-31T09:53:49.737+0000] {dagbag.py:545} INFO - Filling up the DagBag from /opt/airflow/dags/e_commerce_dw_dag.py
[2026-03-31T09:53:49.806+0000] {processor.py:840} INFO - DAG(s) 'e_commerce_dw_etl' retrieved from /opt/airflow/dags/e_commerce_dw_dag.py
[2026-03-31T09:53:49.843+0000] {logging_mixin.py:188} INFO - [2026-03-31T09:53:49.843+0000] {dag.py:3096} INFO - Sync 1 DAGs
[2026-03-31T09:53:49.866+0000] {logging_mixin.py:188} INFO - [2026-03-31T09:53:49.866+0000] {dag.py:3954} INFO - Setting next_dagrun for e_commerce_dw_etl to 2026-03-31 00:00:00+00:00, run_after=2026-04-01 00:00:00+00:00
[2026-03-31T09:53:49.886+0000] {processor.py:183} INFO - Processing /opt/airflow/dags/e_commerce_dw_dag.py took 0.157 seconds
[2026-03-31T09:54:20.420+0000] {processor.py:161} INFO - Started process (PID=1544) to work on /opt/airflow/dags/e_commerce_dw_dag.py
[2026-03-31T09:54:20.422+0000] {processor.py:830} INFO - Processing file /opt/airflow/dags/e_commerce_dw_dag.py for tasks to queue
[2026-03-31T09:54:20.424+0000] {logging_mixin.py:188} INFO - [2026-03-31T09:54:20.423+0000] {dagbag.py:545} INFO - Filling up the DagBag from /opt/airflow/dags/e_commerce_dw_dag.py
[2026-03-31T09:54:20.485+0000] {processor.py:840} INFO - DAG(s) 'e_commerce_dw_etl' retrieved from /opt/airflow/dags/e_commerce_dw_dag.py
[2026-03-31T09:54:20.522+0000] {logging_mixin.py:188} INFO - [2026-03-31T09:54:20.522+0000] {dag.py:3096} INFO - Sync 1 DAGs
[2026-03-31T09:54:20.545+0000] {logging_mixin.py:188} INFO - [2026-03-31T09:54:20.545+0000] {dag.py:3954} INFO - Setting next_dagrun for e_commerce_dw_etl to 2026-03-31 00:00:00+00:00, run_after=2026-04-01 00:00:00+00:00
[2026-03-31T09:54:20.569+0000] {processor.py:183} INFO - Processing /opt/airflow/dags/e_commerce_dw_dag.py took 0.156 seconds
[2026-03-31T09:54:51.176+0000] {processor.py:161} INFO - Started process (PID=1570) to work on /opt/airflow/dags/e_commerce_dw_dag.py
[2026-03-31T09:54:51.177+0000] {processor.py:830} INFO - Processing file /opt/airflow/dags/e_commerce_dw_dag.py for tasks to queue
[2026-03-31T09:54:51.179+0000] {logging_mixin.py:188} INFO - [2026-03-31T09:54:51.178+0000] {dagbag.py:545} INFO - Filling up the DagBag from /opt/airflow/dags/e_commerce_dw_dag.py
[2026-03-31T09:54:51.247+0000] {processor.py:840} INFO - DAG(s) 'e_commerce_dw_etl' retrieved from /opt/airflow/dags/e_commerce_dw_dag.py
[2026-03-31T09:54:51.279+0000] {logging_mixin.py:188} INFO - [2026-03-31T09:54:51.279+0000] {dag.py:3096} INFO - Sync 1 DAGs
[2026-03-31T09:54:51.300+0000] {logging_mixin.py:188} INFO - [2026-03-31T09:54:51.300+0000] {dag.py:3954} INFO - Setting next_dagrun for e_commerce_dw_etl to 2026-03-31 00:00:00+00:00, run_after=2026-04-01 00:00:00+00:00
[2026-03-31T09:54:51.323+0000] {processor.py:183} INFO - Processing /opt/airflow/dags/e_commerce_dw_dag.py took 0.153 seconds
[2026-03-31T09:55:21.862+0000] {processor.py:161} INFO - Started process (PID=1596) to work on /opt/airflow/dags/e_commerce_dw_dag.py
[2026-03-31T09:55:21.863+0000] {processor.py:830} INFO - Processing file /opt/airflow/dags/e_commerce_dw_dag.py for tasks to queue
[2026-03-31T09:55:21.866+0000] {logging_mixin.py:188} INFO - [2026-03-31T09:55:21.866+0000] {dagbag.py:545} INFO - Filling up the DagBag from /opt/airflow/dags/e_commerce_dw_dag.py
[2026-03-31T09:55:21.969+0000] {processor.py:840} INFO - DAG(s) 'e_commerce_dw_etl' retrieved from /opt/airflow/dags/e_commerce_dw_dag.py
[2026-03-31T09:55:22.005+0000] {logging_mixin.py:188} INFO - [2026-03-31T09:55:22.004+0000] {dag.py:3096} INFO - Sync 1 DAGs
[2026-03-31T09:55:22.033+0000] {logging_mixin.py:188} INFO - [2026-03-31T09:55:22.032+0000] {dag.py:3954} INFO - Setting next_dagrun for e_commerce_dw_etl to 2026-03-31 00:00:00+00:00, run_after=2026-04-01 00:00:00+00:00
[2026-03-31T09:55:22.060+0000] {processor.py:183} INFO - Processing /opt/airflow/dags/e_commerce_dw_dag.py took 0.206 seconds
[2026-03-31T09:55:52.548+0000] {processor.py:161} INFO - Started process (PID=1622) to work on /opt/airflow/dags/e_commerce_dw_dag.py
[2026-03-31T09:55:52.549+0000] {processor.py:830} INFO - Processing file /opt/airflow/dags/e_commerce_dw_dag.py for tasks to queue
[2026-03-31T09:55:52.551+0000] {logging_mixin.py:188} INFO - [2026-03-31T09:55:52.551+0000] {dagbag.py:545} INFO - Filling up the DagBag from /opt/airflow/dags/e_commerce_dw_dag.py
[2026-03-31T09:55:52.607+0000] {processor.py:840} INFO - DAG(s) 'e_commerce_dw_etl' retrieved from /opt/airflow/dags/e_commerce_dw_dag.py
[2026-03-31T09:55:52.639+0000] {logging_mixin.py:188} INFO - [2026-03-31T09:55:52.639+0000] {dag.py:3096} INFO - Sync 1 DAGs
[2026-03-31T09:55:52.663+0000] {logging_mixin.py:188} INFO - [2026-03-31T09:55:52.662+0000] {dag.py:3954} INFO - Setting next_dagrun for e_commerce_dw_etl to 2026-03-31 00:00:00+00:00, run_after=2026-04-01 00:00:00+00:00
[2026-03-31T09:55:52.685+0000] {processor.py:183} INFO - Processing /opt/airflow/dags/e_commerce_dw_dag.py took 0.143 seconds
[2026-03-31T09:56:23.222+0000] {processor.py:161} INFO - Started process (PID=1648) to work on /opt/airflow/dags/e_commerce_dw_dag.py
[2026-03-31T09:56:23.223+0000] {processor.py:830} INFO - Processing file /opt/airflow/dags/e_commerce_dw_dag.py for tasks to queue
[2026-03-31T09:56:23.225+0000] {logging_mixin.py:188} INFO - [2026-03-31T09:56:23.225+0000] {dagbag.py:545} INFO - Filling up the DagBag from /opt/airflow/dags/e_commerce_dw_dag.py
[2026-03-31T09:56:23.282+0000] {processor.py:840} INFO - DAG(s) 'e_commerce_dw_etl' retrieved from /opt/airflow/dags/e_commerce_dw_dag.py
[2026-03-31T09:56:23.313+0000] {logging_mixin.py:188} INFO - [2026-03-31T09:56:23.312+0000] {dag.py:3096} INFO - Sync 1 DAGs
[2026-03-31T09:56:23.337+0000] {logging_mixin.py:188} INFO - [2026-03-31T09:56:23.337+0000] {dag.py:3954} INFO - Setting next_dagrun for e_commerce_dw_etl to 2026-03-31 00:00:00+00:00, run_after=2026-04-01 00:00:00+00:00
[2026-03-31T09:56:23.358+0000] {processor.py:183} INFO - Processing /opt/airflow/dags/e_commerce_dw_dag.py took 0.142 seconds
[2026-03-31T09:56:53.874+0000] {processor.py:161} INFO - Started process (PID=1674) to work on /opt/airflow/dags/e_commerce_dw_dag.py
[2026-03-31T09:56:53.876+0000] {processor.py:830} INFO - Processing file /opt/airflow/dags/e_commerce_dw_dag.py for tasks to queue
[2026-03-31T09:56:53.879+0000] {logging_mixin.py:188} INFO - [2026-03-31T09:56:53.878+0000] {dagbag.py:545} INFO - Filling up the DagBag from /opt/airflow/dags/e_commerce_dw_dag.py
[2026-03-31T09:56:53.978+0000] {processor.py:840} INFO - DAG(s) 'e_commerce_dw_etl' retrieved from /opt/airflow/dags/e_commerce_dw_dag.py
[2026-03-31T09:56:54.047+0000] {logging_mixin.py:188} INFO - [2026-03-31T09:56:54.047+0000] {dag.py:3096} INFO - Sync 1 DAGs
[2026-03-31T09:56:54.097+0000] {logging_mixin.py:188} INFO - [2026-03-31T09:56:54.096+0000] {dag.py:3954} INFO - Setting next_dagrun for e_commerce_dw_etl to 2026-03-31 00:00:00+00:00, run_after=2026-04-01 00:00:00+00:00
[2026-03-31T09:56:54.166+0000] {processor.py:183} INFO - Processing /opt/airflow/dags/e_commerce_dw_dag.py took 0.300 seconds
[2026-03-31T09:57:24.698+0000] {processor.py:161} INFO - Started process (PID=1700) to work on /opt/airflow/dags/e_commerce_dw_dag.py
[2026-03-31T09:57:24.699+0000] {processor.py:830} INFO - Processing file /opt/airflow/dags/e_commerce_dw_dag.py for tasks to queue
[2026-03-31T09:57:24.702+0000] {logging_mixin.py:188} INFO - [2026-03-31T09:57:24.701+0000] {dagbag.py:545} INFO - Filling up the DagBag from /opt/airflow/dags/e_commerce_dw_dag.py
[2026-03-31T09:57:24.757+0000] {processor.py:840} INFO - DAG(s) 'e_commerce_dw_etl' retrieved from /opt/airflow/dags/e_commerce_dw_dag.py
[2026-03-31T09:57:24.789+0000] {logging_mixin.py:188} INFO - [2026-03-31T09:57:24.788+0000] {dag.py:3096} INFO - Sync 1 DAGs
[2026-03-31T09:57:24.812+0000] {logging_mixin.py:188} INFO - [2026-03-31T09:57:24.811+0000] {dag.py:3954} INFO - Setting next_dagrun for e_commerce_dw_etl to 2026-03-31 00:00:00+00:00, run_after=2026-04-01 00:00:00+00:00
[2026-03-31T09:57:24.836+0000] {processor.py:183} INFO - Processing /opt/airflow/dags/e_commerce_dw_dag.py took 0.143 seconds
[2026-03-31T09:57:55.367+0000] {processor.py:161} INFO - Started process (PID=1726) to work on /opt/airflow/dags/e_commerce_dw_dag.py
[2026-03-31T09:57:55.369+0000] {processor.py:830} INFO - Processing file /opt/airflow/dags/e_commerce_dw_dag.py for tasks to queue
[2026-03-31T09:57:55.372+0000] {logging_mixin.py:188} INFO - [2026-03-31T09:57:55.371+0000] {dagbag.py:545} INFO - Filling up the DagBag from /opt/airflow/dags/e_commerce_dw_dag.py
[2026-03-31T09:57:55.449+0000] {processor.py:840} INFO - DAG(s) 'e_commerce_dw_etl' retrieved from /opt/airflow/dags/e_commerce_dw_dag.py
[2026-03-31T09:57:55.508+0000] {logging_mixin.py:188} INFO - [2026-03-31T09:57:55.507+0000] {dag.py:3096} INFO - Sync 1 DAGs
[2026-03-31T09:57:55.560+0000] {logging_mixin.py:188} INFO - [2026-03-31T09:57:55.559+0000] {dag.py:3954} INFO - Setting next_dagrun for e_commerce_dw_etl to 2026-03-31 00:00:00+00:00, run_after=2026-04-01 00:00:00+00:00
[2026-03-31T09:57:55.587+0000] {processor.py:183} INFO - Processing /opt/airflow/dags/e_commerce_dw_dag.py took 0.230 seconds
[2026-03-31T09:58:26.474+0000] {processor.py:161} INFO - Started process (PID=1752) to work on /opt/airflow/dags/e_commerce_dw_dag.py
[2026-03-31T09:58:26.476+0000] {processor.py:830} INFO - Processing file /opt/airflow/dags/e_commerce_dw_dag.py for tasks to queue
[2026-03-31T09:58:26.478+0000] {logging_mixin.py:188} INFO - [2026-03-31T09:58:26.478+0000] {dagbag.py:545} INFO - Filling up the DagBag from /opt/airflow/dags/e_commerce_dw_dag.py
[2026-03-31T09:58:26.576+0000] {processor.py:840} INFO - DAG(s) 'e_commerce_dw_etl' retrieved from /opt/airflow/dags/e_commerce_dw_dag.py
[2026-03-31T09:58:26.617+0000] {logging_mixin.py:188} INFO - [2026-03-31T09:58:26.616+0000] {dag.py:3096} INFO - Sync 1 DAGs
[2026-03-31T09:58:26.649+0000] {logging_mixin.py:188} INFO - [2026-03-31T09:58:26.649+0000] {dag.py:3954} INFO - Setting next_dagrun for e_commerce_dw_etl to 2026-03-31 00:00:00+00:00, run_after=2026-04-01 00:00:00+00:00
[2026-03-31T09:58:26.687+0000] {processor.py:183} INFO - Processing /opt/airflow/dags/e_commerce_dw_dag.py took 0.219 seconds
[2026-03-31T09:58:57.326+0000] {processor.py:161} INFO - Started process (PID=1778) to work on /opt/airflow/dags/e_commerce_dw_dag.py
[2026-03-31T09:58:57.328+0000] {processor.py:830} INFO - Processing file /opt/airflow/dags/e_commerce_dw_dag.py for tasks to queue
[2026-03-31T09:58:57.333+0000] {logging_mixin.py:188} INFO - [2026-03-31T09:58:57.332+0000] {dagbag.py:545} INFO - Filling up the DagBag from /opt/airflow/dags/e_commerce_dw_dag.py
[2026-03-31T09:58:57.588+0000] {processor.py:840} INFO - DAG(s) 'e_commerce_dw_etl' retrieved from /opt/airflow/dags/e_commerce_dw_dag.py
[2026-03-31T09:58:57.638+0000] {logging_mixin.py:188} INFO - [2026-03-31T09:58:57.638+0000] {dag.py:3096} INFO - Sync 1 DAGs
[2026-03-31T09:58:57.680+0000] {logging_mixin.py:188} INFO - [2026-03-31T09:58:57.679+0000] {dag.py:3954} INFO - Setting next_dagrun for e_commerce_dw_etl to 2026-03-31 00:00:00+00:00, run_after=2026-04-01 00:00:00+00:00
[2026-03-31T09:58:57.713+0000] {processor.py:183} INFO - Processing /opt/airflow/dags/e_commerce_dw_dag.py took 0.399 seconds
[2026-03-31T09:59:28.172+0000] {processor.py:161} INFO - Started process (PID=1804) to work on /opt/airflow/dags/e_commerce_dw_dag.py
[2026-03-31T09:59:28.173+0000] {processor.py:830} INFO - Processing file /opt/airflow/dags/e_commerce_dw_dag.py for tasks to queue
[2026-03-31T09:59:28.175+0000] {logging_mixin.py:188} INFO - [2026-03-31T09:59:28.175+0000] {dagbag.py:545} INFO - Filling up the DagBag from /opt/airflow/dags/e_commerce_dw_dag.py
[2026-03-31T09:59:28.236+0000] {processor.py:840} INFO - DAG(s) 'e_commerce_dw_etl' retrieved from /opt/airflow/dags/e_commerce_dw_dag.py
[2026-03-31T09:59:28.268+0000] {logging_mixin.py:188} INFO - [2026-03-31T09:59:28.268+0000] {dag.py:3096} INFO - Sync 1 DAGs
[2026-03-31T09:59:28.290+0000] {logging_mixin.py:188} INFO - [2026-03-31T09:59:28.289+0000] {dag.py:3954} INFO - Setting next_dagrun for e_commerce_dw_etl to 2026-03-31 00:00:00+00:00, run_after=2026-04-01 00:00:00+00:00
[2026-03-31T09:59:28.314+0000] {processor.py:183} INFO - Processing /opt/airflow/dags/e_commerce_dw_dag.py took 0.149 seconds
[2026-03-31T09:59:58.833+0000] {processor.py:161} INFO - Started process (PID=1830) to work on /opt/airflow/dags/e_commerce_dw_dag.py
[2026-03-31T09:59:58.834+0000] {processor.py:830} INFO - Processing file /opt/airflow/dags/e_commerce_dw_dag.py for tasks to queue
[2026-03-31T09:59:58.836+0000] {logging_mixin.py:188} INFO - [2026-03-31T09:59:58.836+0000] {dagbag.py:545} INFO - Filling up the DagBag from /opt/airflow/dags/e_commerce_dw_dag.py
[2026-03-31T09:59:58.927+0000] {processor.py:840} INFO - DAG(s) 'e_commerce_dw_etl' retrieved from /opt/airflow/dags/e_commerce_dw_dag.py
[2026-03-31T09:59:58.963+0000] {logging_mixin.py:188} INFO - [2026-03-31T09:59:58.963+0000] {dag.py:3096} INFO - Sync 1 DAGs
[2026-03-31T09:59:58.986+0000] {logging_mixin.py:188} INFO - [2026-03-31T09:59:58.986+0000] {dag.py:3954} INFO - Setting next_dagrun for e_commerce_dw_etl to 2026-03-31 00:00:00+00:00, run_after=2026-04-01 00:00:00+00:00
[2026-03-31T09:59:59.005+0000] {processor.py:183} INFO - Processing /opt/airflow/dags/e_commerce_dw_dag.py took 0.180 seconds
[2026-03-31T10:00:29.602+0000] {processor.py:161} INFO - Started process (PID=1856) to work on /opt/airflow/dags/e_commerce_dw_dag.py
[2026-03-31T10:00:29.603+0000] {processor.py:830} INFO - Processing file /opt/airflow/dags/e_commerce_dw_dag.py for tasks to queue
[2026-03-31T10:00:29.606+0000] {logging_mixin.py:188} INFO - [2026-03-31T10:00:29.605+0000] {dagbag.py:545} INFO - Filling up the DagBag from /opt/airflow/dags/e_commerce_dw_dag.py
[2026-03-31T10:00:29.677+0000] {processor.py:840} INFO - DAG(s) 'e_commerce_dw_etl' retrieved from /opt/airflow/dags/e_commerce_dw_dag.py
[2026-03-31T10:00:29.714+0000] {logging_mixin.py:188} INFO - [2026-03-31T10:00:29.714+0000] {dag.py:3096} INFO - Sync 1 DAGs
[2026-03-31T10:00:29.740+0000] {logging_mixin.py:188} INFO - [2026-03-31T10:00:29.739+0000] {dag.py:3954} INFO - Setting next_dagrun for e_commerce_dw_etl to 2026-03-31 00:00:00+00:00, run_after=2026-04-01 00:00:00+00:00
[2026-03-31T10:00:29.765+0000] {processor.py:183} INFO - Processing /opt/airflow/dags/e_commerce_dw_dag.py took 0.171 seconds
[2026-03-31T10:01:00.286+0000] {processor.py:161} INFO - Started process (PID=1882) to work on /opt/airflow/dags/e_commerce_dw_dag.py
[2026-03-31T10:01:00.288+0000] {processor.py:830} INFO - Processing file /opt/airflow/dags/e_commerce_dw_dag.py for tasks to queue
[2026-03-31T10:01:00.290+0000] {logging_mixin.py:188} INFO - [2026-03-31T10:01:00.290+0000] {dagbag.py:545} INFO - Filling up the DagBag from /opt/airflow/dags/e_commerce_dw_dag.py
[2026-03-31T10:01:00.380+0000] {processor.py:840} INFO - DAG(s) 'e_commerce_dw_etl' retrieved from /opt/airflow/dags/e_commerce_dw_dag.py
[2026-03-31T10:01:00.420+0000] {logging_mixin.py:188} INFO - [2026-03-31T10:01:00.419+0000] {dag.py:3096} INFO - Sync 1 DAGs
[2026-03-31T10:01:00.443+0000] {logging_mixin.py:188} INFO - [2026-03-31T10:01:00.443+0000] {dag.py:3954} INFO - Setting next_dagrun for e_commerce_dw_etl to 2026-03-31 00:00:00+00:00, run_after=2026-04-01 00:00:00+00:00
[2026-03-31T10:01:00.465+0000] {processor.py:183} INFO - Processing /opt/airflow/dags/e_commerce_dw_dag.py took 0.186 seconds
[2026-03-31T10:01:30.886+0000] {processor.py:161} INFO - Started process (PID=1908) to work on /opt/airflow/dags/e_commerce_dw_dag.py
[2026-03-31T10:01:30.887+0000] {processor.py:830} INFO - Processing file /opt/airflow/dags/e_commerce_dw_dag.py for tasks to queue
[2026-03-31T10:01:30.889+0000] {logging_mixin.py:188} INFO - [2026-03-31T10:01:30.889+0000] {dagbag.py:545} INFO - Filling up the DagBag from /opt/airflow/dags/e_commerce_dw_dag.py
[2026-03-31T10:01:30.971+0000] {processor.py:840} INFO - DAG(s) 'e_commerce_dw_etl' retrieved from /opt/airflow/dags/e_commerce_dw_dag.py
[2026-03-31T10:01:31.013+0000] {logging_mixin.py:188} INFO - [2026-03-31T10:01:31.012+0000] {dag.py:3096} INFO - Sync 1 DAGs
[2026-03-31T10:01:31.040+0000] {logging_mixin.py:188} INFO - [2026-03-31T10:01:31.040+0000] {dag.py:3954} INFO - Setting next_dagrun for e_commerce_dw_etl to 2026-03-31 00:00:00+00:00, run_after=2026-04-01 00:00:00+00:00
[2026-03-31T10:01:31.066+0000] {processor.py:183} INFO - Processing /opt/airflow/dags/e_commerce_dw_dag.py took 0.189 seconds
[2026-03-31T10:02:01.522+0000] {processor.py:161} INFO - Started process (PID=1935) to work on /opt/airflow/dags/e_commerce_dw_dag.py
[2026-03-31T10:02:01.523+0000] {processor.py:830} INFO - Processing file /opt/airflow/dags/e_commerce_dw_dag.py for tasks to queue
[2026-03-31T10:02:01.525+0000] {logging_mixin.py:188} INFO - [2026-03-31T10:02:01.524+0000] {dagbag.py:545} INFO - Filling up the DagBag from /opt/airflow/dags/e_commerce_dw_dag.py
[2026-03-31T10:02:01.590+0000] {processor.py:840} INFO - DAG(s) 'e_commerce_dw_etl' retrieved from /opt/airflow/dags/e_commerce_dw_dag.py
[2026-03-31T10:02:01.625+0000] {logging_mixin.py:188} INFO - [2026-03-31T10:02:01.624+0000] {dag.py:3096} INFO - Sync 1 DAGs
[2026-03-31T10:02:01.650+0000] {logging_mixin.py:188} INFO - [2026-03-31T10:02:01.650+0000] {dag.py:3954} INFO - Setting next_dagrun for e_commerce_dw_etl to 2026-03-31 00:00:00+00:00, run_after=2026-04-01 00:00:00+00:00
[2026-03-31T10:02:01.674+0000] {processor.py:183} INFO - Processing /opt/airflow/dags/e_commerce_dw_dag.py took 0.159 seconds
[2026-03-31T10:02:32.134+0000] {processor.py:161} INFO - Started process (PID=1962) to work on /opt/airflow/dags/e_commerce_dw_dag.py
[2026-03-31T10:02:32.136+0000] {processor.py:830} INFO - Processing file /opt/airflow/dags/e_commerce_dw_dag.py for tasks to queue
[2026-03-31T10:02:32.138+0000] {logging_mixin.py:188} INFO - [2026-03-31T10:02:32.138+0000] {dagbag.py:545} INFO - Filling up the DagBag from /opt/airflow/dags/e_commerce_dw_dag.py
[2026-03-31T10:02:32.217+0000] {processor.py:840} INFO - DAG(s) 'e_commerce_dw_etl' retrieved from /opt/airflow/dags/e_commerce_dw_dag.py
[2026-03-31T10:02:32.253+0000] {logging_mixin.py:188} INFO - [2026-03-31T10:02:32.253+0000] {dag.py:3096} INFO - Sync 1 DAGs
[2026-03-31T10:02:32.277+0000] {logging_mixin.py:188} INFO - [2026-03-31T10:02:32.276+0000] {dag.py:3954} INFO - Setting next_dagrun for e_commerce_dw_etl to 2026-03-31 00:00:00+00:00, run_after=2026-04-01 00:00:00+00:00
[2026-03-31T10:02:32.295+0000] {processor.py:183} INFO - Processing /opt/airflow/dags/e_commerce_dw_dag.py took 0.168 seconds
[2026-03-31T10:03:02.910+0000] {processor.py:161} INFO - Started process (PID=1988) to work on /opt/airflow/dags/e_commerce_dw_dag.py
[2026-03-31T10:03:02.911+0000] {processor.py:830} INFO - Processing file /opt/airflow/dags/e_commerce_dw_dag.py for tasks to queue
[2026-03-31T10:03:02.913+0000] {logging_mixin.py:188} INFO - [2026-03-31T10:03:02.912+0000] {dagbag.py:545} INFO - Filling up the DagBag from /opt/airflow/dags/e_commerce_dw_dag.py
[2026-03-31T10:03:02.969+0000] {processor.py:840} INFO - DAG(s) 'e_commerce_dw_etl' retrieved from /opt/airflow/dags/e_commerce_dw_dag.py
[2026-03-31T10:03:03.000+0000] {logging_mixin.py:188} INFO - [2026-03-31T10:03:03.000+0000] {dag.py:3096} INFO - Sync 1 DAGs
[2026-03-31T10:03:03.025+0000] {logging_mixin.py:188} INFO - [2026-03-31T10:03:03.024+0000] {dag.py:3954} INFO - Setting next_dagrun for e_commerce_dw_etl to 2026-03-31 00:00:00+00:00, run_after=2026-04-01 00:00:00+00:00
[2026-03-31T10:03:03.047+0000] {processor.py:183} INFO - Processing /opt/airflow/dags/e_commerce_dw_dag.py took 0.144 seconds
[2026-03-31T10:03:33.781+0000] {processor.py:161} INFO - Started process (PID=2014) to work on /opt/airflow/dags/e_commerce_dw_dag.py
[2026-03-31T10:03:33.782+0000] {processor.py:830} INFO - Processing file /opt/airflow/dags/e_commerce_dw_dag.py for tasks to queue
[2026-03-31T10:03:33.784+0000] {logging_mixin.py:188} INFO - [2026-03-31T10:03:33.784+0000] {dagbag.py:545} INFO - Filling up the DagBag from /opt/airflow/dags/e_commerce_dw_dag.py
[2026-03-31T10:03:33.840+0000] {processor.py:840} INFO - DAG(s) 'e_commerce_dw_etl' retrieved from /opt/airflow/dags/e_commerce_dw_dag.py
[2026-03-31T10:03:33.870+0000] {logging_mixin.py:188} INFO - [2026-03-31T10:03:33.870+0000] {dag.py:3096} INFO - Sync 1 DAGs
[2026-03-31T10:03:33.892+0000] {logging_mixin.py:188} INFO - [2026-03-31T10:03:33.892+0000] {dag.py:3954} INFO - Setting next_dagrun for e_commerce_dw_etl to 2026-03-31 00:00:00+00:00, run_after=2026-04-01 00:00:00+00:00
[2026-03-31T10:03:33.917+0000] {processor.py:183} INFO - Processing /opt/airflow/dags/e_commerce_dw_dag.py took 0.142 seconds
[2026-03-31T10:04:04.624+0000] {processor.py:161} INFO - Started process (PID=2040) to work on /opt/airflow/dags/e_commerce_dw_dag.py
[2026-03-31T10:04:04.625+0000] {processor.py:830} INFO - Processing file /opt/airflow/dags/e_commerce_dw_dag.py for tasks to queue
[2026-03-31T10:04:04.628+0000] {logging_mixin.py:188} INFO - [2026-03-31T10:04:04.628+0000] {dagbag.py:545} INFO - Filling up the DagBag from /opt/airflow/dags/e_commerce_dw_dag.py
[2026-03-31T10:04:04.697+0000] {processor.py:840} INFO - DAG(s) 'e_commerce_dw_etl' retrieved from /opt/airflow/dags/e_commerce_dw_dag.py
[2026-03-31T10:04:04.731+0000] {logging_mixin.py:188} INFO - [2026-03-31T10:04:04.731+0000] {dag.py:3096} INFO - Sync 1 DAGs
[2026-03-31T10:04:04.754+0000] {logging_mixin.py:188} INFO - [2026-03-31T10:04:04.754+0000] {dag.py:3954} INFO - Setting next_dagrun for e_commerce_dw_etl to 2026-03-31 00:00:00+00:00, run_after=2026-04-01 00:00:00+00:00
[2026-03-31T10:04:04.775+0000] {processor.py:183} INFO - Processing /opt/airflow/dags/e_commerce_dw_dag.py took 0.157 seconds
[2026-03-31T10:04:35.429+0000] {processor.py:161} INFO - Started process (PID=2066) to work on /opt/airflow/dags/e_commerce_dw_dag.py
[2026-03-31T10:04:35.430+0000] {processor.py:830} INFO - Processing file /opt/airflow/dags/e_commerce_dw_dag.py for tasks to queue
[2026-03-31T10:04:35.432+0000] {logging_mixin.py:188} INFO - [2026-03-31T10:04:35.432+0000] {dagbag.py:545} INFO - Filling up the DagBag from /opt/airflow/dags/e_commerce_dw_dag.py
[2026-03-31T10:04:35.501+0000] {processor.py:840} INFO - DAG(s) 'e_commerce_dw_etl' retrieved from /opt/airflow/dags/e_commerce_dw_dag.py
[2026-03-31T10:04:35.532+0000] {logging_mixin.py:188} INFO - [2026-03-31T10:04:35.531+0000] {dag.py:3096} INFO - Sync 1 DAGs
[2026-03-31T10:04:35.556+0000] {logging_mixin.py:188} INFO - [2026-03-31T10:04:35.555+0000] {dag.py:3954} INFO - Setting next_dagrun for e_commerce_dw_etl to 2026-03-31 00:00:00+00:00, run_after=2026-04-01 00:00:00+00:00
[2026-03-31T10:04:35.579+0000] {processor.py:183} INFO - Processing /opt/airflow/dags/e_commerce_dw_dag.py took 0.156 seconds
[2026-03-31T10:05:06.217+0000] {processor.py:161} INFO - Started process (PID=2092) to work on /opt/airflow/dags/e_commerce_dw_dag.py
[2026-03-31T10:05:06.219+0000] {processor.py:830} INFO - Processing file /opt/airflow/dags/e_commerce_dw_dag.py for tasks to queue
[2026-03-31T10:05:06.222+0000] {logging_mixin.py:188} INFO - [2026-03-31T10:05:06.222+0000] {dagbag.py:545} INFO - Filling up the DagBag from /opt/airflow/dags/e_commerce_dw_dag.py
[2026-03-31T10:05:06.306+0000] {processor.py:840} INFO - DAG(s) 'e_commerce_dw_etl' retrieved from /opt/airflow/dags/e_commerce_dw_dag.py
[2026-03-31T10:05:06.339+0000] {logging_mixin.py:188} INFO - [2026-03-31T10:05:06.339+0000] {dag.py:3096} INFO - Sync 1 DAGs
[2026-03-31T10:05:06.362+0000] {logging_mixin.py:188} INFO - [2026-03-31T10:05:06.362+0000] {dag.py:3954} INFO - Setting next_dagrun for e_commerce_dw_etl to 2026-03-31 00:00:00+00:00, run_after=2026-04-01 00:00:00+00:00
[2026-03-31T10:05:06.381+0000] {processor.py:183} INFO - Processing /opt/airflow/dags/e_commerce_dw_dag.py took 0.173 seconds
[2026-03-31T10:05:37.021+0000] {processor.py:161} INFO - Started process (PID=2118) to work on /opt/airflow/dags/e_commerce_dw_dag.py
[2026-03-31T10:05:37.022+0000] {processor.py:830} INFO - Processing file /opt/airflow/dags/e_commerce_dw_dag.py for tasks to queue
[2026-03-31T10:05:37.024+0000] {logging_mixin.py:188} INFO - [2026-03-31T10:05:37.024+0000] {dagbag.py:545} INFO - Filling up the DagBag from /opt/airflow/dags/e_commerce_dw_dag.py
[2026-03-31T10:05:37.091+0000] {processor.py:840} INFO - DAG(s) 'e_commerce_dw_etl' retrieved from /opt/airflow/dags/e_commerce_dw_dag.py
[2026-03-31T10:05:37.126+0000] {logging_mixin.py:188} INFO - [2026-03-31T10:05:37.125+0000] {dag.py:3096} INFO - Sync 1 DAGs
[2026-03-31T10:05:37.154+0000] {logging_mixin.py:188} INFO - [2026-03-31T10:05:37.153+0000] {dag.py:3954} INFO - Setting next_dagrun for e_commerce_dw_etl to 2026-03-31 00:00:00+00:00, run_after=2026-04-01 00:00:00+00:00
[2026-03-31T10:05:37.180+0000] {processor.py:183} INFO - Processing /opt/airflow/dags/e_commerce_dw_dag.py took 0.166 seconds
[2026-03-31T10:06:07.804+0000] {processor.py:161} INFO - Started process (PID=2144) to work on /opt/airflow/dags/e_commerce_dw_dag.py
[2026-03-31T10:06:07.805+0000] {processor.py:830} INFO - Processing file /opt/airflow/dags/e_commerce_dw_dag.py for tasks to queue
[2026-03-31T10:06:07.808+0000] {logging_mixin.py:188} INFO - [2026-03-31T10:06:07.807+0000] {dagbag.py:545} INFO - Filling up the DagBag from /opt/airflow/dags/e_commerce_dw_dag.py
[2026-03-31T10:06:07.887+0000] {processor.py:840} INFO - DAG(s) 'e_commerce_dw_etl' retrieved from /opt/airflow/dags/e_commerce_dw_dag.py
[2026-03-31T10:06:07.920+0000] {logging_mixin.py:188} INFO - [2026-03-31T10:06:07.920+0000] {dag.py:3096} INFO - Sync 1 DAGs
[2026-03-31T10:06:07.945+0000] {logging_mixin.py:188} INFO - [2026-03-31T10:06:07.944+0000] {dag.py:3954} INFO - Setting next_dagrun for e_commerce_dw_etl to 2026-03-31 00:00:00+00:00, run_after=2026-04-01 00:00:00+00:00
[2026-03-31T10:06:07.966+0000] {processor.py:183} INFO - Processing /opt/airflow/dags/e_commerce_dw_dag.py took 0.170 seconds
[2026-03-31T10:06:38.583+0000] {processor.py:161} INFO - Started process (PID=2170) to work on /opt/airflow/dags/e_commerce_dw_dag.py
[2026-03-31T10:06:38.584+0000] {processor.py:830} INFO - Processing file /opt/airflow/dags/e_commerce_dw_dag.py for tasks to queue
[2026-03-31T10:06:38.586+0000] {logging_mixin.py:188} INFO - [2026-03-31T10:06:38.586+0000] {dagbag.py:545} INFO - Filling up the DagBag from /opt/airflow/dags/e_commerce_dw_dag.py
[2026-03-31T10:06:38.641+0000] {processor.py:840} INFO - DAG(s) 'e_commerce_dw_etl' retrieved from /opt/airflow/dags/e_commerce_dw_dag.py
[2026-03-31T10:06:38.674+0000] {logging_mixin.py:188} INFO - [2026-03-31T10:06:38.674+0000] {dag.py:3096} INFO - Sync 1 DAGs
[2026-03-31T10:06:38.698+0000] {logging_mixin.py:188} INFO - [2026-03-31T10:06:38.697+0000] {dag.py:3954} INFO - Setting next_dagrun for e_commerce_dw_etl to 2026-03-31 00:00:00+00:00, run_after=2026-04-01 00:00:00+00:00
[2026-03-31T10:06:38.719+0000] {processor.py:183} INFO - Processing /opt/airflow/dags/e_commerce_dw_dag.py took 0.142 seconds
[2026-03-31T10:07:09.335+0000] {processor.py:161} INFO - Started process (PID=2196) to work on /opt/airflow/dags/e_commerce_dw_dag.py
[2026-03-31T10:07:09.336+0000] {processor.py:830} INFO - Processing file /opt/airflow/dags/e_commerce_dw_dag.py for tasks to queue
[2026-03-31T10:07:09.338+0000] {logging_mixin.py:188} INFO - [2026-03-31T10:07:09.338+0000] {dagbag.py:545} INFO - Filling up the DagBag from /opt/airflow/dags/e_commerce_dw_dag.py
[2026-03-31T10:07:09.408+0000] {processor.py:840} INFO - DAG(s) 'e_commerce_dw_etl' retrieved from /opt/airflow/dags/e_commerce_dw_dag.py
[2026-03-31T10:07:09.443+0000] {logging_mixin.py:188} INFO - [2026-03-31T10:07:09.443+0000] {dag.py:3096} INFO - Sync 1 DAGs
[2026-03-31T10:07:09.468+0000] {logging_mixin.py:188} INFO - [2026-03-31T10:07:09.467+0000] {dag.py:3954} INFO - Setting next_dagrun for e_commerce_dw_etl to 2026-03-31 00:00:00+00:00, run_after=2026-04-01 00:00:00+00:00
[2026-03-31T10:07:09.492+0000] {processor.py:183} INFO - Processing /opt/airflow/dags/e_commerce_dw_dag.py took 0.165 seconds
[2026-03-31T10:07:40.114+0000] {processor.py:161} INFO - Started process (PID=2222) to work on /opt/airflow/dags/e_commerce_dw_dag.py
[2026-03-31T10:07:40.115+0000] {processor.py:830} INFO - Processing file /opt/airflow/dags/e_commerce_dw_dag.py for tasks to queue
[2026-03-31T10:07:40.117+0000] {logging_mixin.py:188} INFO - [2026-03-31T10:07:40.117+0000] {dagbag.py:545} INFO - Filling up the DagBag from /opt/airflow/dags/e_commerce_dw_dag.py
[2026-03-31T10:07:40.197+0000] {processor.py:840} INFO - DAG(s) 'e_commerce_dw_etl' retrieved from /opt/airflow/dags/e_commerce_dw_dag.py
[2026-03-31T10:07:40.229+0000] {logging_mixin.py:188} INFO - [2026-03-31T10:07:40.228+0000] {dag.py:3096} INFO - Sync 1 DAGs
[2026-03-31T10:07:40.250+0000] {logging_mixin.py:188} INFO - [2026-03-31T10:07:40.250+0000] {dag.py:3954} INFO - Setting next_dagrun for e_commerce_dw_etl to 2026-03-31 00:00:00+00:00, run_after=2026-04-01 00:00:00+00:00
[2026-03-31T10:07:40.271+0000] {processor.py:183} INFO - Processing /opt/airflow/dags/e_commerce_dw_dag.py took 0.163 seconds
[2026-03-31T10:08:10.905+0000] {processor.py:161} INFO - Started process (PID=2248) to work on /opt/airflow/dags/e_commerce_dw_dag.py
[2026-03-31T10:08:10.906+0000] {processor.py:830} INFO - Processing file /opt/airflow/dags/e_commerce_dw_dag.py for tasks to queue
[2026-03-31T10:08:10.909+0000] {logging_mixin.py:188} INFO - [2026-03-31T10:08:10.908+0000] {dagbag.py:545} INFO - Filling up the DagBag from /opt/airflow/dags/e_commerce_dw_dag.py
[2026-03-31T10:08:10.970+0000] {processor.py:840} INFO - DAG(s) 'e_commerce_dw_etl' retrieved from /opt/airflow/dags/e_commerce_dw_dag.py
[2026-03-31T10:08:11.003+0000] {logging_mixin.py:188} INFO - [2026-03-31T10:08:11.003+0000] {dag.py:3096} INFO - Sync 1 DAGs
[2026-03-31T10:08:11.026+0000] {logging_mixin.py:188} INFO - [2026-03-31T10:08:11.026+0000] {dag.py:3954} INFO - Setting next_dagrun for e_commerce_dw_etl to 2026-03-31 00:00:00+00:00, run_after=2026-04-01 00:00:00+00:00
[2026-03-31T10:08:11.048+0000] {processor.py:183} INFO - Processing /opt/airflow/dags/e_commerce_dw_dag.py took 0.149 seconds
[2026-03-31T10:08:41.667+0000] {processor.py:161} INFO - Started process (PID=2275) to work on /opt/airflow/dags/e_commerce_dw_dag.py
[2026-03-31T10:08:41.668+0000] {processor.py:830} INFO - Processing file /opt/airflow/dags/e_commerce_dw_dag.py for tasks to queue
[2026-03-31T10:08:41.671+0000] {logging_mixin.py:188} INFO - [2026-03-31T10:08:41.670+0000] {dagbag.py:545} INFO - Filling up the DagBag from /opt/airflow/dags/e_commerce_dw_dag.py
[2026-03-31T10:08:41.734+0000] {processor.py:840} INFO - DAG(s) 'e_commerce_dw_etl' retrieved from /opt/airflow/dags/e_commerce_dw_dag.py
[2026-03-31T10:08:41.765+0000] {logging_mixin.py:188} INFO - [2026-03-31T10:08:41.764+0000] {dag.py:3096} INFO - Sync 1 DAGs
[2026-03-31T10:08:41.786+0000] {logging_mixin.py:188} INFO - [2026-03-31T10:08:41.786+0000] {dag.py:3954} INFO - Setting next_dagrun for e_commerce_dw_etl to 2026-03-31 00:00:00+00:00, run_after=2026-04-01 00:00:00+00:00
[2026-03-31T10:08:41.808+0000] {processor.py:183} INFO - Processing /opt/airflow/dags/e_commerce_dw_dag.py took 0.148 seconds
[2026-03-31T10:09:12.361+0000] {processor.py:161} INFO - Started process (PID=2301) to work on /opt/airflow/dags/e_commerce_dw_dag.py
[2026-03-31T10:09:12.362+0000] {processor.py:830} INFO - Processing file /opt/airflow/dags/e_commerce_dw_dag.py for tasks to queue
[2026-03-31T10:09:12.364+0000] {logging_mixin.py:188} INFO - [2026-03-31T10:09:12.364+0000] {dagbag.py:545} INFO - Filling up the DagBag from /opt/airflow/dags/e_commerce_dw_dag.py
[2026-03-31T10:09:12.421+0000] {processor.py:840} INFO - DAG(s) 'e_commerce_dw_etl' retrieved from /opt/airflow/dags/e_commerce_dw_dag.py
[2026-03-31T10:09:12.453+0000] {logging_mixin.py:188} INFO - [2026-03-31T10:09:12.453+0000] {dag.py:3096} INFO - Sync 1 DAGs
[2026-03-31T10:09:12.477+0000] {logging_mixin.py:188} INFO - [2026-03-31T10:09:12.477+0000] {dag.py:3954} INFO - Setting next_dagrun for e_commerce_dw_etl to 2026-03-31 00:00:00+00:00, run_after=2026-04-01 00:00:00+00:00
[2026-03-31T10:09:12.499+0000] {processor.py:183} INFO - Processing /opt/airflow/dags/e_commerce_dw_dag.py took 0.144 seconds
[2026-03-31T10:09:43.088+0000] {processor.py:161} INFO - Started process (PID=2327) to work on /opt/airflow/dags/e_commerce_dw_dag.py
[2026-03-31T10:09:43.089+0000] {processor.py:830} INFO - Processing file /opt/airflow/dags/e_commerce_dw_dag.py for tasks to queue
[2026-03-31T10:09:43.090+0000] {logging_mixin.py:188} INFO - [2026-03-31T10:09:43.090+0000] {dagbag.py:545} INFO - Filling up the DagBag from /opt/airflow/dags/e_commerce_dw_dag.py
[2026-03-31T10:09:43.149+0000] {processor.py:840} INFO - DAG(s) 'e_commerce_dw_etl' retrieved from /opt/airflow/dags/e_commerce_dw_dag.py
[2026-03-31T10:09:43.181+0000] {logging_mixin.py:188} INFO - [2026-03-31T10:09:43.181+0000] {dag.py:3096} INFO - Sync 1 DAGs
[2026-03-31T10:09:43.205+0000] {logging_mixin.py:188} INFO - [2026-03-31T10:09:43.205+0000] {dag.py:3954} INFO - Setting next_dagrun for e_commerce_dw_etl to 2026-03-31 00:00:00+00:00, run_after=2026-04-01 00:00:00+00:00
[2026-03-31T10:09:43.228+0000] {processor.py:183} INFO - Processing /opt/airflow/dags/e_commerce_dw_dag.py took 0.146 seconds
[2026-03-31T10:10:13.829+0000] {processor.py:161} INFO - Started process (PID=2353) to work on /opt/airflow/dags/e_commerce_dw_dag.py
[2026-03-31T10:10:13.830+0000] {processor.py:830} INFO - Processing file /opt/airflow/dags/e_commerce_dw_dag.py for tasks to queue
[2026-03-31T10:10:13.832+0000] {logging_mixin.py:188} INFO - [2026-03-31T10:10:13.832+0000] {dagbag.py:545} INFO - Filling up the DagBag from /opt/airflow/dags/e_commerce_dw_dag.py
[2026-03-31T10:10:13.890+0000] {processor.py:840} INFO - DAG(s) 'e_commerce_dw_etl' retrieved from /opt/airflow/dags/e_commerce_dw_dag.py
[2026-03-31T10:10:13.923+0000] {logging_mixin.py:188} INFO - [2026-03-31T10:10:13.922+0000] {dag.py:3096} INFO - Sync 1 DAGs
[2026-03-31T10:10:13.950+0000] {logging_mixin.py:188} INFO - [2026-03-31T10:10:13.949+0000] {dag.py:3954} INFO - Setting next_dagrun for e_commerce_dw_etl to 2026-03-31 00:00:00+00:00, run_after=2026-04-01 00:00:00+00:00
[2026-03-31T10:10:13.969+0000] {processor.py:183} INFO - Processing /opt/airflow/dags/e_commerce_dw_dag.py took 0.148 seconds
[2026-03-31T10:10:44.638+0000] {processor.py:161} INFO - Started process (PID=2385) to work on /opt/airflow/dags/e_commerce_dw_dag.py
[2026-03-31T10:10:44.640+0000] {processor.py:830} INFO - Processing file /opt/airflow/dags/e_commerce_dw_dag.py for tasks to queue
[2026-03-31T10:10:44.644+0000] {logging_mixin.py:188} INFO - [2026-03-31T10:10:44.643+0000] {dagbag.py:545} INFO - Filling up the DagBag from /opt/airflow/dags/e_commerce_dw_dag.py
[2026-03-31T10:10:44.763+0000] {processor.py:840} INFO - DAG(s) 'e_commerce_dw_etl' retrieved from /opt/airflow/dags/e_commerce_dw_dag.py
[2026-03-31T10:10:44.801+0000] {logging_mixin.py:188} INFO - [2026-03-31T10:10:44.801+0000] {dag.py:3096} INFO - Sync 1 DAGs
[2026-03-31T10:10:44.824+0000] {logging_mixin.py:188} INFO - [2026-03-31T10:10:44.824+0000] {dag.py:3954} INFO - Setting next_dagrun for e_commerce_dw_etl to 2026-03-31 00:00:00+00:00, run_after=2026-04-01 00:00:00+00:00
[2026-03-31T10:10:44.844+0000] {processor.py:183} INFO - Processing /opt/airflow/dags/e_commerce_dw_dag.py took 0.219 seconds
[2026-03-31T10:11:15.470+0000] {processor.py:161} INFO - Started process (PID=2411) to work on /opt/airflow/dags/e_commerce_dw_dag.py
[2026-03-31T10:11:15.471+0000] {processor.py:830} INFO - Processing file /opt/airflow/dags/e_commerce_dw_dag.py for tasks to queue
[2026-03-31T10:11:15.473+0000] {logging_mixin.py:188} INFO - [2026-03-31T10:11:15.473+0000] {dagbag.py:545} INFO - Filling up the DagBag from /opt/airflow/dags/e_commerce_dw_dag.py
[2026-03-31T10:11:15.545+0000] {processor.py:840} INFO - DAG(s) 'e_commerce_dw_etl' retrieved from /opt/airflow/dags/e_commerce_dw_dag.py
[2026-03-31T10:11:15.580+0000] {logging_mixin.py:188} INFO - [2026-03-31T10:11:15.579+0000] {dag.py:3096} INFO - Sync 1 DAGs
[2026-03-31T10:11:15.602+0000] {logging_mixin.py:188} INFO - [2026-03-31T10:11:15.602+0000] {dag.py:3954} INFO - Setting next_dagrun for e_commerce_dw_etl to 2026-03-31 00:00:00+00:00, run_after=2026-04-01 00:00:00+00:00
[2026-03-31T10:11:15.624+0000] {processor.py:183} INFO - Processing /opt/airflow/dags/e_commerce_dw_dag.py took 0.162 seconds
[2026-03-31T10:11:46.220+0000] {processor.py:161} INFO - Started process (PID=2437) to work on /opt/airflow/dags/e_commerce_dw_dag.py
[2026-03-31T10:11:46.221+0000] {processor.py:830} INFO - Processing file /opt/airflow/dags/e_commerce_dw_dag.py for tasks to queue
[2026-03-31T10:11:46.223+0000] {logging_mixin.py:188} INFO - [2026-03-31T10:11:46.223+0000] {dagbag.py:545} INFO - Filling up the DagBag from /opt/airflow/dags/e_commerce_dw_dag.py
[2026-03-31T10:11:46.281+0000] {processor.py:840} INFO - DAG(s) 'e_commerce_dw_etl' retrieved from /opt/airflow/dags/e_commerce_dw_dag.py
[2026-03-31T10:11:46.314+0000] {logging_mixin.py:188} INFO - [2026-03-31T10:11:46.314+0000] {dag.py:3096} INFO - Sync 1 DAGs
[2026-03-31T10:11:46.339+0000] {logging_mixin.py:188} INFO - [2026-03-31T10:11:46.339+0000] {dag.py:3954} INFO - Setting next_dagrun for e_commerce_dw_etl to 2026-03-31 00:00:00+00:00, run_after=2026-04-01 00:00:00+00:00
[2026-03-31T10:11:46.365+0000] {processor.py:183} INFO - Processing /opt/airflow/dags/e_commerce_dw_dag.py took 0.151 seconds
[2026-03-31T10:12:16.994+0000] {processor.py:161} INFO - Started process (PID=2463) to work on /opt/airflow/dags/e_commerce_dw_dag.py
[2026-03-31T10:12:16.997+0000] {processor.py:830} INFO - Processing file /opt/airflow/dags/e_commerce_dw_dag.py for tasks to queue
[2026-03-31T10:12:17.003+0000] {logging_mixin.py:188} INFO - [2026-03-31T10:12:17.002+0000] {dagbag.py:545} INFO - Filling up the DagBag from /opt/airflow/dags/e_commerce_dw_dag.py
[2026-03-31T10:12:17.093+0000] {processor.py:840} INFO - DAG(s) 'e_commerce_dw_etl' retrieved from /opt/airflow/dags/e_commerce_dw_dag.py
[2026-03-31T10:12:17.137+0000] {logging_mixin.py:188} INFO - [2026-03-31T10:12:17.137+0000] {dag.py:3096} INFO - Sync 1 DAGs
[2026-03-31T10:12:17.161+0000] {logging_mixin.py:188} INFO - [2026-03-31T10:12:17.160+0000] {dag.py:3954} INFO - Setting next_dagrun for e_commerce_dw_etl to 2026-03-31 00:00:00+00:00, run_after=2026-04-01 00:00:00+00:00
[2026-03-31T10:12:17.182+0000] {processor.py:183} INFO - Processing /opt/airflow/dags/e_commerce_dw_dag.py took 0.197 seconds
[2026-03-31T10:12:47.828+0000] {processor.py:161} INFO - Started process (PID=2489) to work on /opt/airflow/dags/e_commerce_dw_dag.py
[2026-03-31T10:12:47.829+0000] {processor.py:830} INFO - Processing file /opt/airflow/dags/e_commerce_dw_dag.py for tasks to queue
[2026-03-31T10:12:47.831+0000] {logging_mixin.py:188} INFO - [2026-03-31T10:12:47.830+0000] {dagbag.py:545} INFO - Filling up the DagBag from /opt/airflow/dags/e_commerce_dw_dag.py
[2026-03-31T10:12:47.889+0000] {processor.py:840} INFO - DAG(s) 'e_commerce_dw_etl' retrieved from /opt/airflow/dags/e_commerce_dw_dag.py
[2026-03-31T10:12:47.922+0000] {logging_mixin.py:188} INFO - [2026-03-31T10:12:47.922+0000] {dag.py:3096} INFO - Sync 1 DAGs
[2026-03-31T10:12:47.945+0000] {logging_mixin.py:188} INFO - [2026-03-31T10:12:47.945+0000] {dag.py:3954} INFO - Setting next_dagrun for e_commerce_dw_etl to 2026-03-31 00:00:00+00:00, run_after=2026-04-01 00:00:00+00:00
[2026-03-31T10:12:47.966+0000] {processor.py:183} INFO - Processing /opt/airflow/dags/e_commerce_dw_dag.py took 0.144 seconds
[2026-03-31T10:13:18.803+0000] {processor.py:161} INFO - Started process (PID=2515) to work on /opt/airflow/dags/e_commerce_dw_dag.py
[2026-03-31T10:13:18.804+0000] {processor.py:830} INFO - Processing file /opt/airflow/dags/e_commerce_dw_dag.py for tasks to queue
[2026-03-31T10:13:18.806+0000] {logging_mixin.py:188} INFO - [2026-03-31T10:13:18.806+0000] {dagbag.py:545} INFO - Filling up the DagBag from /opt/airflow/dags/e_commerce_dw_dag.py
[2026-03-31T10:13:18.864+0000] {processor.py:840} INFO - DAG(s) 'e_commerce_dw_etl' retrieved from /opt/airflow/dags/e_commerce_dw_dag.py
[2026-03-31T10:13:18.898+0000] {logging_mixin.py:188} INFO - [2026-03-31T10:13:18.898+0000] {dag.py:3096} INFO - Sync 1 DAGs
[2026-03-31T10:13:18.921+0000] {logging_mixin.py:188} INFO - [2026-03-31T10:13:18.921+0000] {dag.py:3954} INFO - Setting next_dagrun for e_commerce_dw_etl to 2026-03-31 00:00:00+00:00, run_after=2026-04-01 00:00:00+00:00
[2026-03-31T10:13:18.943+0000] {processor.py:183} INFO - Processing /opt/airflow/dags/e_commerce_dw_dag.py took 0.146 seconds
[2026-03-31T10:13:49.519+0000] {processor.py:161} INFO - Started process (PID=2541) to work on /opt/airflow/dags/e_commerce_dw_dag.py
[2026-03-31T10:13:49.520+0000] {processor.py:830} INFO - Processing file /opt/airflow/dags/e_commerce_dw_dag.py for tasks to queue
[2026-03-31T10:13:49.523+0000] {logging_mixin.py:188} INFO - [2026-03-31T10:13:49.522+0000] {dagbag.py:545} INFO - Filling up the DagBag from /opt/airflow/dags/e_commerce_dw_dag.py
[2026-03-31T10:13:49.581+0000] {processor.py:840} INFO - DAG(s) 'e_commerce_dw_etl' retrieved from /opt/airflow/dags/e_commerce_dw_dag.py
[2026-03-31T10:13:49.614+0000] {logging_mixin.py:188} INFO - [2026-03-31T10:13:49.613+0000] {dag.py:3096} INFO - Sync 1 DAGs
[2026-03-31T10:13:49.636+0000] {logging_mixin.py:188} INFO - [2026-03-31T10:13:49.636+0000] {dag.py:3954} INFO - Setting next_dagrun for e_commerce_dw_etl to 2026-03-31 00:00:00+00:00, run_after=2026-04-01 00:00:00+00:00
[2026-03-31T10:13:49.658+0000] {processor.py:183} INFO - Processing /opt/airflow/dags/e_commerce_dw_dag.py took 0.145 seconds
[2026-03-31T10:14:20.314+0000] {processor.py:161} INFO - Started process (PID=2567) to work on /opt/airflow/dags/e_commerce_dw_dag.py
[2026-03-31T10:14:20.315+0000] {processor.py:830} INFO - Processing file /opt/airflow/dags/e_commerce_dw_dag.py for tasks to queue
[2026-03-31T10:14:20.318+0000] {logging_mixin.py:188} INFO - [2026-03-31T10:14:20.317+0000] {dagbag.py:545} INFO - Filling up the DagBag from /opt/airflow/dags/e_commerce_dw_dag.py
[2026-03-31T10:14:20.382+0000] {processor.py:840} INFO - DAG(s) 'e_commerce_dw_etl' retrieved from /opt/airflow/dags/e_commerce_dw_dag.py
[2026-03-31T10:14:20.415+0000] {logging_mixin.py:188} INFO - [2026-03-31T10:14:20.414+0000] {dag.py:3096} INFO - Sync 1 DAGs
[2026-03-31T10:14:20.437+0000] {logging_mixin.py:188} INFO - [2026-03-31T10:14:20.437+0000] {dag.py:3954} INFO - Setting next_dagrun for e_commerce_dw_etl to 2026-03-31 00:00:00+00:00, run_after=2026-04-01 00:00:00+00:00
[2026-03-31T10:14:20.460+0000] {processor.py:183} INFO - Processing /opt/airflow/dags/e_commerce_dw_dag.py took 0.153 seconds
[2026-03-31T10:14:51.051+0000] {processor.py:161} INFO - Started process (PID=2593) to work on /opt/airflow/dags/e_commerce_dw_dag.py
[2026-03-31T10:14:51.052+0000] {processor.py:830} INFO - Processing file /opt/airflow/dags/e_commerce_dw_dag.py for tasks to queue
[2026-03-31T10:14:51.054+0000] {logging_mixin.py:188} INFO - [2026-03-31T10:14:51.054+0000] {dagbag.py:545} INFO - Filling up the DagBag from /opt/airflow/dags/e_commerce_dw_dag.py
[2026-03-31T10:14:51.124+0000] {processor.py:840} INFO - DAG(s) 'e_commerce_dw_etl' retrieved from /opt/airflow/dags/e_commerce_dw_dag.py
[2026-03-31T10:14:51.159+0000] {logging_mixin.py:188} INFO - [2026-03-31T10:14:51.158+0000] {dag.py:3096} INFO - Sync 1 DAGs
[2026-03-31T10:14:51.184+0000] {logging_mixin.py:188} INFO - [2026-03-31T10:14:51.183+0000] {dag.py:3954} INFO - Setting next_dagrun for e_commerce_dw_etl to 2026-03-31 00:00:00+00:00, run_after=2026-04-01 00:00:00+00:00
[2026-03-31T10:14:51.208+0000] {processor.py:183} INFO - Processing /opt/airflow/dags/e_commerce_dw_dag.py took 0.164 seconds
[2026-03-31T10:15:21.799+0000] {processor.py:161} INFO - Started process (PID=2619) to work on /opt/airflow/dags/e_commerce_dw_dag.py
[2026-03-31T10:15:21.800+0000] {processor.py:830} INFO - Processing file /opt/airflow/dags/e_commerce_dw_dag.py for tasks to queue
[2026-03-31T10:15:21.802+0000] {logging_mixin.py:188} INFO - [2026-03-31T10:15:21.801+0000] {dagbag.py:545} INFO - Filling up the DagBag from /opt/airflow/dags/e_commerce_dw_dag.py
[2026-03-31T10:15:21.871+0000] {processor.py:840} INFO - DAG(s) 'e_commerce_dw_etl' retrieved from /opt/airflow/dags/e_commerce_dw_dag.py
[2026-03-31T10:15:21.906+0000] {logging_mixin.py:188} INFO - [2026-03-31T10:15:21.905+0000] {dag.py:3096} INFO - Sync 1 DAGs
[2026-03-31T10:15:21.929+0000] {logging_mixin.py:188} INFO - [2026-03-31T10:15:21.929+0000] {dag.py:3954} INFO - Setting next_dagrun for e_commerce_dw_etl to 2026-03-31 00:00:00+00:00, run_after=2026-04-01 00:00:00+00:00
[2026-03-31T10:15:21.952+0000] {processor.py:183} INFO - Processing /opt/airflow/dags/e_commerce_dw_dag.py took 0.161 seconds
[2026-03-31T10:15:52.731+0000] {processor.py:161} INFO - Started process (PID=2645) to work on /opt/airflow/dags/e_commerce_dw_dag.py
[2026-03-31T10:15:52.733+0000] {processor.py:830} INFO - Processing file /opt/airflow/dags/e_commerce_dw_dag.py for tasks to queue
[2026-03-31T10:15:52.737+0000] {logging_mixin.py:188} INFO - [2026-03-31T10:15:52.737+0000] {dagbag.py:545} INFO - Filling up the DagBag from /opt/airflow/dags/e_commerce_dw_dag.py
[2026-03-31T10:15:53.148+0000] {processor.py:840} INFO - DAG(s) 'e_commerce_dw_etl' retrieved from /opt/airflow/dags/e_commerce_dw_dag.py
[2026-03-31T10:15:53.224+0000] {logging_mixin.py:188} INFO - [2026-03-31T10:15:53.224+0000] {dag.py:3096} INFO - Sync 1 DAGs
[2026-03-31T10:15:53.297+0000] {logging_mixin.py:188} INFO - [2026-03-31T10:15:53.295+0000] {dag.py:3954} INFO - Setting next_dagrun for e_commerce_dw_etl to 2026-03-31 00:00:00+00:00, run_after=2026-04-01 00:00:00+00:00
[2026-03-31T10:15:53.354+0000] {processor.py:183} INFO - Processing /opt/airflow/dags/e_commerce_dw_dag.py took 0.642 seconds
[2026-03-31T10:16:12.637+0000] {processor.py:161} INFO - Started process (PID=2665) to work on /opt/airflow/dags/e_commerce_dw_dag.py
[2026-03-31T10:16:12.640+0000] {processor.py:830} INFO - Processing file /opt/airflow/dags/e_commerce_dw_dag.py for tasks to queue
[2026-03-31T10:16:12.643+0000] {logging_mixin.py:188} INFO - [2026-03-31T10:16:12.642+0000] {dagbag.py:545} INFO - Filling up the DagBag from /opt/airflow/dags/e_commerce_dw_dag.py
[2026-03-31T10:16:12.736+0000] {processor.py:840} INFO - DAG(s) 'e_commerce_dw_etl' retrieved from /opt/airflow/dags/e_commerce_dw_dag.py
[2026-03-31T10:16:12.801+0000] {logging_mixin.py:188} INFO - [2026-03-31T10:16:12.801+0000] {dag.py:3096} INFO - Sync 1 DAGs
[2026-03-31T10:16:12.878+0000] {logging_mixin.py:188} INFO - [2026-03-31T10:16:12.878+0000] {dag.py:3954} INFO - Setting next_dagrun for e_commerce_dw_etl to 2026-03-31 00:00:00+00:00, run_after=2026-04-01 00:00:00+00:00
[2026-03-31T10:16:12.931+0000] {processor.py:183} INFO - Processing /opt/airflow/dags/e_commerce_dw_dag.py took 0.310 seconds
[2026-03-31T10:16:43.436+0000] {processor.py:161} INFO - Started process (PID=2691) to work on /opt/airflow/dags/e_commerce_dw_dag.py
[2026-03-31T10:16:43.438+0000] {processor.py:830} INFO - Processing file /opt/airflow/dags/e_commerce_dw_dag.py for tasks to queue
[2026-03-31T10:16:43.440+0000] {logging_mixin.py:188} INFO - [2026-03-31T10:16:43.440+0000] {dagbag.py:545} INFO - Filling up the DagBag from /opt/airflow/dags/e_commerce_dw_dag.py
[2026-03-31T10:16:43.508+0000] {processor.py:840} INFO - DAG(s) 'e_commerce_dw_etl' retrieved from /opt/airflow/dags/e_commerce_dw_dag.py
[2026-03-31T10:16:44.563+0000] {logging_mixin.py:188} INFO - [2026-03-31T10:16:44.563+0000] {dag.py:3096} INFO - Sync 1 DAGs
[2026-03-31T10:16:44.586+0000] {logging_mixin.py:188} INFO - [2026-03-31T10:16:44.585+0000] {dag.py:3954} INFO - Setting next_dagrun for e_commerce_dw_etl to 2026-03-31 00:00:00+00:00, run_after=2026-04-01 00:00:00+00:00
[2026-03-31T10:16:45.626+0000] {processor.py:183} INFO - Processing /opt/airflow/dags/e_commerce_dw_dag.py took 2.211 seconds
