[2026-03-31T08:15:58.311+0000] {processor.py:161} INFO - Started process (PID=204) to work on /opt/airflow/dags/example.py
[2026-03-31T08:15:58.336+0000] {processor.py:830} INFO - Processing file /opt/airflow/dags/example.py for tasks to queue
[2026-03-31T08:15:58.347+0000] {logging_mixin.py:188} INFO - [2026-03-31T08:15:58.346+0000] {dagbag.py:545} INFO - Filling up the DagBag from /opt/airflow/dags/example.py
[2026-03-31T08:15:58.441+0000] {processor.py:840} INFO - DAG(s) 'hello_airflow' retrieved from /opt/airflow/dags/example.py
[2026-03-31T08:15:59.057+0000] {logging_mixin.py:188} INFO - [2026-03-31T08:15:59.055+0000] {dag.py:3096} INFO - Sync 1 DAGs
[2026-03-31T08:15:59.142+0000] {logging_mixin.py:188} INFO - [2026-03-31T08:15:59.141+0000] {dag.py:3954} INFO - Setting next_dagrun for hello_airflow to 2024-03-23 00:00:00+00:00, run_after=2024-03-24 00:00:00+00:00
[2026-03-31T08:15:59.209+0000] {processor.py:183} INFO - Processing /opt/airflow/dags/example.py took 0.920 seconds
[2026-03-31T08:16:29.790+0000] {processor.py:161} INFO - Started process (PID=240) to work on /opt/airflow/dags/example.py
[2026-03-31T08:16:29.792+0000] {processor.py:830} INFO - Processing file /opt/airflow/dags/example.py for tasks to queue
[2026-03-31T08:16:29.794+0000] {logging_mixin.py:188} INFO - [2026-03-31T08:16:29.794+0000] {dagbag.py:545} INFO - Filling up the DagBag from /opt/airflow/dags/example.py
[2026-03-31T08:16:29.831+0000] {processor.py:840} INFO - DAG(s) 'hello_airflow' retrieved from /opt/airflow/dags/example.py
[2026-03-31T08:16:29.873+0000] {logging_mixin.py:188} INFO - [2026-03-31T08:16:29.872+0000] {dag.py:3096} INFO - Sync 1 DAGs
[2026-03-31T08:16:29.899+0000] {logging_mixin.py:188} INFO - [2026-03-31T08:16:29.899+0000] {dag.py:3954} INFO - Setting next_dagrun for hello_airflow to 2024-03-23 00:00:00+00:00, run_after=2024-03-24 00:00:00+00:00
[2026-03-31T08:16:29.922+0000] {processor.py:183} INFO - Processing /opt/airflow/dags/example.py took 0.141 seconds
[2026-03-31T08:17:00.516+0000] {processor.py:161} INFO - Started process (PID=280) to work on /opt/airflow/dags/example.py
[2026-03-31T08:17:00.517+0000] {processor.py:830} INFO - Processing file /opt/airflow/dags/example.py for tasks to queue
[2026-03-31T08:17:00.519+0000] {logging_mixin.py:188} INFO - [2026-03-31T08:17:00.519+0000] {dagbag.py:545} INFO - Filling up the DagBag from /opt/airflow/dags/example.py
[2026-03-31T08:17:00.543+0000] {processor.py:840} INFO - DAG(s) 'hello_airflow' retrieved from /opt/airflow/dags/example.py
[2026-03-31T08:17:00.574+0000] {logging_mixin.py:188} INFO - [2026-03-31T08:17:00.574+0000] {dag.py:3096} INFO - Sync 1 DAGs
[2026-03-31T08:17:00.598+0000] {logging_mixin.py:188} INFO - [2026-03-31T08:17:00.598+0000] {dag.py:3954} INFO - Setting next_dagrun for hello_airflow to 2024-03-23 00:00:00+00:00, run_after=2024-03-24 00:00:00+00:00
[2026-03-31T08:17:00.621+0000] {processor.py:183} INFO - Processing /opt/airflow/dags/example.py took 0.113 seconds
[2026-03-31T08:17:31.219+0000] {processor.py:161} INFO - Started process (PID=307) to work on /opt/airflow/dags/example.py
[2026-03-31T08:17:31.221+0000] {processor.py:830} INFO - Processing file /opt/airflow/dags/example.py for tasks to queue
[2026-03-31T08:17:31.229+0000] {logging_mixin.py:188} INFO - [2026-03-31T08:17:31.228+0000] {dagbag.py:545} INFO - Filling up the DagBag from /opt/airflow/dags/example.py
[2026-03-31T08:17:31.267+0000] {processor.py:840} INFO - DAG(s) 'hello_airflow' retrieved from /opt/airflow/dags/example.py
[2026-03-31T08:17:31.322+0000] {logging_mixin.py:188} INFO - [2026-03-31T08:17:31.321+0000] {dag.py:3096} INFO - Sync 1 DAGs
[2026-03-31T08:17:31.359+0000] {logging_mixin.py:188} INFO - [2026-03-31T08:17:31.359+0000] {dag.py:3954} INFO - Setting next_dagrun for hello_airflow to 2024-03-23 00:00:00+00:00, run_after=2024-03-24 00:00:00+00:00
[2026-03-31T08:17:31.382+0000] {processor.py:183} INFO - Processing /opt/airflow/dags/example.py took 0.175 seconds
[2026-03-31T08:18:01.930+0000] {processor.py:161} INFO - Started process (PID=333) to work on /opt/airflow/dags/example.py
[2026-03-31T08:18:01.933+0000] {processor.py:830} INFO - Processing file /opt/airflow/dags/example.py for tasks to queue
[2026-03-31T08:18:01.937+0000] {logging_mixin.py:188} INFO - [2026-03-31T08:18:01.936+0000] {dagbag.py:545} INFO - Filling up the DagBag from /opt/airflow/dags/example.py
[2026-03-31T08:18:01.964+0000] {processor.py:840} INFO - DAG(s) 'hello_airflow' retrieved from /opt/airflow/dags/example.py
[2026-03-31T08:18:02.002+0000] {logging_mixin.py:188} INFO - [2026-03-31T08:18:02.002+0000] {dag.py:3096} INFO - Sync 1 DAGs
[2026-03-31T08:18:02.026+0000] {logging_mixin.py:188} INFO - [2026-03-31T08:18:02.026+0000] {dag.py:3954} INFO - Setting next_dagrun for hello_airflow to 2024-03-23 00:00:00+00:00, run_after=2024-03-24 00:00:00+00:00
[2026-03-31T08:18:02.049+0000] {processor.py:183} INFO - Processing /opt/airflow/dags/example.py took 0.129 seconds
[2026-03-31T08:18:32.603+0000] {processor.py:161} INFO - Started process (PID=359) to work on /opt/airflow/dags/example.py
[2026-03-31T08:18:32.604+0000] {processor.py:830} INFO - Processing file /opt/airflow/dags/example.py for tasks to queue
[2026-03-31T08:18:32.606+0000] {logging_mixin.py:188} INFO - [2026-03-31T08:18:32.606+0000] {dagbag.py:545} INFO - Filling up the DagBag from /opt/airflow/dags/example.py
[2026-03-31T08:18:32.627+0000] {processor.py:840} INFO - DAG(s) 'hello_airflow' retrieved from /opt/airflow/dags/example.py
[2026-03-31T08:18:32.661+0000] {logging_mixin.py:188} INFO - [2026-03-31T08:18:32.661+0000] {dag.py:3096} INFO - Sync 1 DAGs
[2026-03-31T08:18:32.686+0000] {logging_mixin.py:188} INFO - [2026-03-31T08:18:32.685+0000] {dag.py:3954} INFO - Setting next_dagrun for hello_airflow to 2024-03-23 00:00:00+00:00, run_after=2024-03-24 00:00:00+00:00
[2026-03-31T08:18:32.713+0000] {processor.py:183} INFO - Processing /opt/airflow/dags/example.py took 0.117 seconds
[2026-03-31T08:19:03.267+0000] {processor.py:161} INFO - Started process (PID=386) to work on /opt/airflow/dags/example.py
[2026-03-31T08:19:03.269+0000] {processor.py:830} INFO - Processing file /opt/airflow/dags/example.py for tasks to queue
[2026-03-31T08:19:03.272+0000] {logging_mixin.py:188} INFO - [2026-03-31T08:19:03.271+0000] {dagbag.py:545} INFO - Filling up the DagBag from /opt/airflow/dags/example.py
[2026-03-31T08:19:03.301+0000] {processor.py:840} INFO - DAG(s) 'hello_airflow' retrieved from /opt/airflow/dags/example.py
[2026-03-31T08:19:03.333+0000] {logging_mixin.py:188} INFO - [2026-03-31T08:19:03.333+0000] {dag.py:3096} INFO - Sync 1 DAGs
[2026-03-31T08:19:03.355+0000] {logging_mixin.py:188} INFO - [2026-03-31T08:19:03.355+0000] {dag.py:3954} INFO - Setting next_dagrun for hello_airflow to 2024-03-23 00:00:00+00:00, run_after=2024-03-24 00:00:00+00:00
[2026-03-31T08:19:03.380+0000] {processor.py:183} INFO - Processing /opt/airflow/dags/example.py took 0.121 seconds
[2026-03-31T08:19:33.985+0000] {processor.py:161} INFO - Started process (PID=412) to work on /opt/airflow/dags/example.py
[2026-03-31T08:19:33.987+0000] {processor.py:830} INFO - Processing file /opt/airflow/dags/example.py for tasks to queue
[2026-03-31T08:19:33.990+0000] {logging_mixin.py:188} INFO - [2026-03-31T08:19:33.989+0000] {dagbag.py:545} INFO - Filling up the DagBag from /opt/airflow/dags/example.py
[2026-03-31T08:19:34.015+0000] {processor.py:840} INFO - DAG(s) 'hello_airflow' retrieved from /opt/airflow/dags/example.py
[2026-03-31T08:19:34.047+0000] {logging_mixin.py:188} INFO - [2026-03-31T08:19:34.046+0000] {dag.py:3096} INFO - Sync 1 DAGs
[2026-03-31T08:19:34.071+0000] {logging_mixin.py:188} INFO - [2026-03-31T08:19:34.071+0000] {dag.py:3954} INFO - Setting next_dagrun for hello_airflow to 2024-03-23 00:00:00+00:00, run_after=2024-03-24 00:00:00+00:00
[2026-03-31T08:19:34.097+0000] {processor.py:183} INFO - Processing /opt/airflow/dags/example.py took 0.122 seconds
[2026-03-31T08:20:04.669+0000] {processor.py:161} INFO - Started process (PID=438) to work on /opt/airflow/dags/example.py
[2026-03-31T08:20:04.670+0000] {processor.py:830} INFO - Processing file /opt/airflow/dags/example.py for tasks to queue
[2026-03-31T08:20:04.673+0000] {logging_mixin.py:188} INFO - [2026-03-31T08:20:04.673+0000] {dagbag.py:545} INFO - Filling up the DagBag from /opt/airflow/dags/example.py
[2026-03-31T08:20:04.699+0000] {processor.py:840} INFO - DAG(s) 'hello_airflow' retrieved from /opt/airflow/dags/example.py
[2026-03-31T08:20:04.742+0000] {logging_mixin.py:188} INFO - [2026-03-31T08:20:04.742+0000] {dag.py:3096} INFO - Sync 1 DAGs
[2026-03-31T08:20:04.769+0000] {logging_mixin.py:188} INFO - [2026-03-31T08:20:04.768+0000] {dag.py:3954} INFO - Setting next_dagrun for hello_airflow to 2024-03-23 00:00:00+00:00, run_after=2024-03-24 00:00:00+00:00
[2026-03-31T08:20:04.793+0000] {processor.py:183} INFO - Processing /opt/airflow/dags/example.py took 0.130 seconds
[2026-03-31T08:20:35.377+0000] {processor.py:161} INFO - Started process (PID=464) to work on /opt/airflow/dags/example.py
[2026-03-31T08:20:35.379+0000] {processor.py:830} INFO - Processing file /opt/airflow/dags/example.py for tasks to queue
[2026-03-31T08:20:35.382+0000] {logging_mixin.py:188} INFO - [2026-03-31T08:20:35.382+0000] {dagbag.py:545} INFO - Filling up the DagBag from /opt/airflow/dags/example.py
[2026-03-31T08:20:35.414+0000] {processor.py:840} INFO - DAG(s) 'hello_airflow' retrieved from /opt/airflow/dags/example.py
[2026-03-31T08:20:35.461+0000] {logging_mixin.py:188} INFO - [2026-03-31T08:20:35.461+0000] {dag.py:3096} INFO - Sync 1 DAGs
[2026-03-31T08:20:35.495+0000] {logging_mixin.py:188} INFO - [2026-03-31T08:20:35.494+0000] {dag.py:3954} INFO - Setting next_dagrun for hello_airflow to 2024-03-23 00:00:00+00:00, run_after=2024-03-24 00:00:00+00:00
[2026-03-31T08:20:35.519+0000] {processor.py:183} INFO - Processing /opt/airflow/dags/example.py took 0.151 seconds
[2026-03-31T08:21:06.214+0000] {processor.py:161} INFO - Started process (PID=490) to work on /opt/airflow/dags/example.py
[2026-03-31T08:21:06.215+0000] {processor.py:830} INFO - Processing file /opt/airflow/dags/example.py for tasks to queue
[2026-03-31T08:21:06.217+0000] {logging_mixin.py:188} INFO - [2026-03-31T08:21:06.217+0000] {dagbag.py:545} INFO - Filling up the DagBag from /opt/airflow/dags/example.py
[2026-03-31T08:21:06.244+0000] {processor.py:840} INFO - DAG(s) 'hello_airflow' retrieved from /opt/airflow/dags/example.py
[2026-03-31T08:21:06.280+0000] {logging_mixin.py:188} INFO - [2026-03-31T08:21:06.280+0000] {dag.py:3096} INFO - Sync 1 DAGs
[2026-03-31T08:21:06.304+0000] {logging_mixin.py:188} INFO - [2026-03-31T08:21:06.304+0000] {dag.py:3954} INFO - Setting next_dagrun for hello_airflow to 2024-03-23 00:00:00+00:00, run_after=2024-03-24 00:00:00+00:00
[2026-03-31T08:21:06.329+0000] {processor.py:183} INFO - Processing /opt/airflow/dags/example.py took 0.121 seconds
[2026-03-31T08:31:49.684+0000] {processor.py:161} INFO - Started process (PID=192) to work on /opt/airflow/dags/example.py
[2026-03-31T08:31:49.687+0000] {processor.py:830} INFO - Processing file /opt/airflow/dags/example.py for tasks to queue
[2026-03-31T08:31:49.690+0000] {logging_mixin.py:188} INFO - [2026-03-31T08:31:49.690+0000] {dagbag.py:545} INFO - Filling up the DagBag from /opt/airflow/dags/example.py
[2026-03-31T08:31:49.731+0000] {processor.py:840} INFO - DAG(s) 'hello_airflow' retrieved from /opt/airflow/dags/example.py
[2026-03-31T08:31:50.268+0000] {logging_mixin.py:188} INFO - [2026-03-31T08:31:50.267+0000] {dag.py:3096} INFO - Sync 1 DAGs
[2026-03-31T08:31:50.296+0000] {logging_mixin.py:188} INFO - [2026-03-31T08:31:50.296+0000] {dag.py:3954} INFO - Setting next_dagrun for hello_airflow to 2024-03-23 00:00:00+00:00, run_after=2024-03-24 00:00:00+00:00
[2026-03-31T08:31:50.345+0000] {processor.py:183} INFO - Processing /opt/airflow/dags/example.py took 0.678 seconds
[2026-03-31T08:32:21.221+0000] {processor.py:161} INFO - Started process (PID=218) to work on /opt/airflow/dags/example.py
[2026-03-31T08:32:21.223+0000] {processor.py:830} INFO - Processing file /opt/airflow/dags/example.py for tasks to queue
[2026-03-31T08:32:21.227+0000] {logging_mixin.py:188} INFO - [2026-03-31T08:32:21.226+0000] {dagbag.py:545} INFO - Filling up the DagBag from /opt/airflow/dags/example.py
[2026-03-31T08:32:21.263+0000] {processor.py:840} INFO - DAG(s) 'hello_airflow' retrieved from /opt/airflow/dags/example.py
[2026-03-31T08:32:21.319+0000] {logging_mixin.py:188} INFO - [2026-03-31T08:32:21.319+0000] {dag.py:3096} INFO - Sync 1 DAGs
[2026-03-31T08:32:21.370+0000] {logging_mixin.py:188} INFO - [2026-03-31T08:32:21.370+0000] {dag.py:3954} INFO - Setting next_dagrun for hello_airflow to 2024-03-23 00:00:00+00:00, run_after=2024-03-24 00:00:00+00:00
[2026-03-31T08:32:21.404+0000] {processor.py:183} INFO - Processing /opt/airflow/dags/example.py took 0.199 seconds
[2026-03-31T08:32:52.022+0000] {processor.py:161} INFO - Started process (PID=250) to work on /opt/airflow/dags/example.py
[2026-03-31T08:32:52.024+0000] {processor.py:830} INFO - Processing file /opt/airflow/dags/example.py for tasks to queue
[2026-03-31T08:32:52.027+0000] {logging_mixin.py:188} INFO - [2026-03-31T08:32:52.027+0000] {dagbag.py:545} INFO - Filling up the DagBag from /opt/airflow/dags/example.py
[2026-03-31T08:32:52.059+0000] {processor.py:840} INFO - DAG(s) 'hello_airflow' retrieved from /opt/airflow/dags/example.py
[2026-03-31T08:32:52.106+0000] {logging_mixin.py:188} INFO - [2026-03-31T08:32:52.106+0000] {dag.py:3096} INFO - Sync 1 DAGs
[2026-03-31T08:32:52.146+0000] {logging_mixin.py:188} INFO - [2026-03-31T08:32:52.146+0000] {dag.py:3954} INFO - Setting next_dagrun for hello_airflow to 2024-03-23 00:00:00+00:00, run_after=2024-03-24 00:00:00+00:00
[2026-03-31T08:32:52.178+0000] {processor.py:183} INFO - Processing /opt/airflow/dags/example.py took 0.164 seconds
[2026-03-31T08:33:22.763+0000] {processor.py:161} INFO - Started process (PID=276) to work on /opt/airflow/dags/example.py
[2026-03-31T08:33:22.765+0000] {processor.py:830} INFO - Processing file /opt/airflow/dags/example.py for tasks to queue
[2026-03-31T08:33:22.768+0000] {logging_mixin.py:188} INFO - [2026-03-31T08:33:22.767+0000] {dagbag.py:545} INFO - Filling up the DagBag from /opt/airflow/dags/example.py
[2026-03-31T08:33:22.792+0000] {processor.py:840} INFO - DAG(s) 'hello_airflow' retrieved from /opt/airflow/dags/example.py
[2026-03-31T08:33:22.827+0000] {logging_mixin.py:188} INFO - [2026-03-31T08:33:22.827+0000] {dag.py:3096} INFO - Sync 1 DAGs
[2026-03-31T08:33:22.850+0000] {logging_mixin.py:188} INFO - [2026-03-31T08:33:22.850+0000] {dag.py:3954} INFO - Setting next_dagrun for hello_airflow to 2024-03-23 00:00:00+00:00, run_after=2024-03-24 00:00:00+00:00
[2026-03-31T08:33:22.878+0000] {processor.py:183} INFO - Processing /opt/airflow/dags/example.py took 0.123 seconds
[2026-03-31T08:33:53.526+0000] {processor.py:161} INFO - Started process (PID=302) to work on /opt/airflow/dags/example.py
[2026-03-31T08:33:53.527+0000] {processor.py:830} INFO - Processing file /opt/airflow/dags/example.py for tasks to queue
[2026-03-31T08:33:53.529+0000] {logging_mixin.py:188} INFO - [2026-03-31T08:33:53.529+0000] {dagbag.py:545} INFO - Filling up the DagBag from /opt/airflow/dags/example.py
[2026-03-31T08:33:53.550+0000] {processor.py:840} INFO - DAG(s) 'hello_airflow' retrieved from /opt/airflow/dags/example.py
[2026-03-31T08:33:53.581+0000] {logging_mixin.py:188} INFO - [2026-03-31T08:33:53.581+0000] {dag.py:3096} INFO - Sync 1 DAGs
[2026-03-31T08:33:53.605+0000] {logging_mixin.py:188} INFO - [2026-03-31T08:33:53.605+0000] {dag.py:3954} INFO - Setting next_dagrun for hello_airflow to 2024-03-23 00:00:00+00:00, run_after=2024-03-24 00:00:00+00:00
[2026-03-31T08:33:53.632+0000] {processor.py:183} INFO - Processing /opt/airflow/dags/example.py took 0.114 seconds
[2026-03-31T08:34:24.269+0000] {processor.py:161} INFO - Started process (PID=328) to work on /opt/airflow/dags/example.py
[2026-03-31T08:34:24.273+0000] {processor.py:830} INFO - Processing file /opt/airflow/dags/example.py for tasks to queue
[2026-03-31T08:34:24.277+0000] {logging_mixin.py:188} INFO - [2026-03-31T08:34:24.277+0000] {dagbag.py:545} INFO - Filling up the DagBag from /opt/airflow/dags/example.py
[2026-03-31T08:34:24.308+0000] {processor.py:840} INFO - DAG(s) 'hello_airflow' retrieved from /opt/airflow/dags/example.py
[2026-03-31T08:34:24.343+0000] {logging_mixin.py:188} INFO - [2026-03-31T08:34:24.343+0000] {dag.py:3096} INFO - Sync 1 DAGs
[2026-03-31T08:34:24.371+0000] {logging_mixin.py:188} INFO - [2026-03-31T08:34:24.370+0000] {dag.py:3954} INFO - Setting next_dagrun for hello_airflow to 2024-03-23 00:00:00+00:00, run_after=2024-03-24 00:00:00+00:00
[2026-03-31T08:34:24.396+0000] {processor.py:183} INFO - Processing /opt/airflow/dags/example.py took 0.137 seconds
[2026-03-31T08:34:54.983+0000] {processor.py:161} INFO - Started process (PID=356) to work on /opt/airflow/dags/example.py
[2026-03-31T08:34:54.986+0000] {processor.py:830} INFO - Processing file /opt/airflow/dags/example.py for tasks to queue
[2026-03-31T08:34:54.991+0000] {logging_mixin.py:188} INFO - [2026-03-31T08:34:54.990+0000] {dagbag.py:545} INFO - Filling up the DagBag from /opt/airflow/dags/example.py
[2026-03-31T08:34:55.031+0000] {processor.py:840} INFO - DAG(s) 'hello_airflow' retrieved from /opt/airflow/dags/example.py
[2026-03-31T08:34:55.090+0000] {logging_mixin.py:188} INFO - [2026-03-31T08:34:55.090+0000] {dag.py:3096} INFO - Sync 1 DAGs
[2026-03-31T08:34:55.131+0000] {logging_mixin.py:188} INFO - [2026-03-31T08:34:55.130+0000] {dag.py:3954} INFO - Setting next_dagrun for hello_airflow to 2024-03-23 00:00:00+00:00, run_after=2024-03-24 00:00:00+00:00
[2026-03-31T08:34:55.162+0000] {processor.py:183} INFO - Processing /opt/airflow/dags/example.py took 0.192 seconds
[2026-03-31T08:35:25.468+0000] {processor.py:161} INFO - Started process (PID=396) to work on /opt/airflow/dags/example.py
[2026-03-31T08:35:25.470+0000] {processor.py:830} INFO - Processing file /opt/airflow/dags/example.py for tasks to queue
[2026-03-31T08:35:25.473+0000] {logging_mixin.py:188} INFO - [2026-03-31T08:35:25.472+0000] {dagbag.py:545} INFO - Filling up the DagBag from /opt/airflow/dags/example.py
[2026-03-31T08:35:25.497+0000] {processor.py:840} INFO - DAG(s) 'hello_airflow' retrieved from /opt/airflow/dags/example.py
[2026-03-31T08:35:25.534+0000] {logging_mixin.py:188} INFO - [2026-03-31T08:35:25.534+0000] {dag.py:3096} INFO - Sync 1 DAGs
[2026-03-31T08:35:25.560+0000] {logging_mixin.py:188} INFO - [2026-03-31T08:35:25.560+0000] {dag.py:3954} INFO - Setting next_dagrun for hello_airflow to 2024-03-23 00:00:00+00:00, run_after=2024-03-24 00:00:00+00:00
[2026-03-31T08:35:25.583+0000] {processor.py:183} INFO - Processing /opt/airflow/dags/example.py took 0.123 seconds
[2026-03-31T08:35:56.174+0000] {processor.py:161} INFO - Started process (PID=422) to work on /opt/airflow/dags/example.py
[2026-03-31T08:35:56.175+0000] {processor.py:830} INFO - Processing file /opt/airflow/dags/example.py for tasks to queue
[2026-03-31T08:35:56.177+0000] {logging_mixin.py:188} INFO - [2026-03-31T08:35:56.177+0000] {dagbag.py:545} INFO - Filling up the DagBag from /opt/airflow/dags/example.py
[2026-03-31T08:35:56.204+0000] {processor.py:840} INFO - DAG(s) 'hello_airflow' retrieved from /opt/airflow/dags/example.py
[2026-03-31T08:35:56.240+0000] {logging_mixin.py:188} INFO - [2026-03-31T08:35:56.239+0000] {dag.py:3096} INFO - Sync 1 DAGs
[2026-03-31T08:35:56.270+0000] {logging_mixin.py:188} INFO - [2026-03-31T08:35:56.269+0000] {dag.py:3954} INFO - Setting next_dagrun for hello_airflow to 2024-03-23 00:00:00+00:00, run_after=2024-03-24 00:00:00+00:00
[2026-03-31T08:35:56.304+0000] {processor.py:183} INFO - Processing /opt/airflow/dags/example.py took 0.139 seconds
[2026-03-31T08:36:26.930+0000] {processor.py:161} INFO - Started process (PID=448) to work on /opt/airflow/dags/example.py
[2026-03-31T08:36:26.931+0000] {processor.py:830} INFO - Processing file /opt/airflow/dags/example.py for tasks to queue
[2026-03-31T08:36:26.933+0000] {logging_mixin.py:188} INFO - [2026-03-31T08:36:26.932+0000] {dagbag.py:545} INFO - Filling up the DagBag from /opt/airflow/dags/example.py
[2026-03-31T08:36:26.953+0000] {processor.py:840} INFO - DAG(s) 'hello_airflow' retrieved from /opt/airflow/dags/example.py
[2026-03-31T08:36:26.986+0000] {logging_mixin.py:188} INFO - [2026-03-31T08:36:26.986+0000] {dag.py:3096} INFO - Sync 1 DAGs
[2026-03-31T08:36:27.010+0000] {logging_mixin.py:188} INFO - [2026-03-31T08:36:27.010+0000] {dag.py:3954} INFO - Setting next_dagrun for hello_airflow to 2024-03-23 00:00:00+00:00, run_after=2024-03-24 00:00:00+00:00
[2026-03-31T08:36:27.040+0000] {processor.py:183} INFO - Processing /opt/airflow/dags/example.py took 0.117 seconds
[2026-03-31T08:36:57.821+0000] {processor.py:161} INFO - Started process (PID=474) to work on /opt/airflow/dags/example.py
[2026-03-31T08:36:57.822+0000] {processor.py:830} INFO - Processing file /opt/airflow/dags/example.py for tasks to queue
[2026-03-31T08:36:57.825+0000] {logging_mixin.py:188} INFO - [2026-03-31T08:36:57.824+0000] {dagbag.py:545} INFO - Filling up the DagBag from /opt/airflow/dags/example.py
[2026-03-31T08:36:57.843+0000] {processor.py:840} INFO - DAG(s) 'hello_airflow' retrieved from /opt/airflow/dags/example.py
[2026-03-31T08:36:57.873+0000] {logging_mixin.py:188} INFO - [2026-03-31T08:36:57.873+0000] {dag.py:3096} INFO - Sync 1 DAGs
[2026-03-31T08:36:57.895+0000] {logging_mixin.py:188} INFO - [2026-03-31T08:36:57.894+0000] {dag.py:3954} INFO - Setting next_dagrun for hello_airflow to 2024-03-23 00:00:00+00:00, run_after=2024-03-24 00:00:00+00:00
[2026-03-31T08:36:57.919+0000] {processor.py:183} INFO - Processing /opt/airflow/dags/example.py took 0.104 seconds
[2026-03-31T08:37:28.486+0000] {processor.py:161} INFO - Started process (PID=500) to work on /opt/airflow/dags/example.py
[2026-03-31T08:37:28.488+0000] {processor.py:830} INFO - Processing file /opt/airflow/dags/example.py for tasks to queue
[2026-03-31T08:37:28.491+0000] {logging_mixin.py:188} INFO - [2026-03-31T08:37:28.490+0000] {dagbag.py:545} INFO - Filling up the DagBag from /opt/airflow/dags/example.py
[2026-03-31T08:37:28.513+0000] {processor.py:840} INFO - DAG(s) 'hello_airflow' retrieved from /opt/airflow/dags/example.py
[2026-03-31T08:37:28.551+0000] {logging_mixin.py:188} INFO - [2026-03-31T08:37:28.550+0000] {dag.py:3096} INFO - Sync 1 DAGs
[2026-03-31T08:37:28.573+0000] {logging_mixin.py:188} INFO - [2026-03-31T08:37:28.573+0000] {dag.py:3954} INFO - Setting next_dagrun for hello_airflow to 2024-03-23 00:00:00+00:00, run_after=2024-03-24 00:00:00+00:00
[2026-03-31T08:37:28.597+0000] {processor.py:183} INFO - Processing /opt/airflow/dags/example.py took 0.118 seconds
[2026-03-31T08:53:27.437+0000] {processor.py:161} INFO - Started process (PID=187) to work on /opt/airflow/dags/example.py
[2026-03-31T08:53:27.439+0000] {processor.py:830} INFO - Processing file /opt/airflow/dags/example.py for tasks to queue
[2026-03-31T08:53:27.442+0000] {logging_mixin.py:188} INFO - [2026-03-31T08:53:27.441+0000] {dagbag.py:545} INFO - Filling up the DagBag from /opt/airflow/dags/example.py
[2026-03-31T08:53:27.470+0000] {processor.py:840} INFO - DAG(s) 'hello_airflow' retrieved from /opt/airflow/dags/example.py
[2026-03-31T08:53:27.893+0000] {logging_mixin.py:188} INFO - [2026-03-31T08:53:27.892+0000] {dag.py:3096} INFO - Sync 1 DAGs
[2026-03-31T08:53:27.934+0000] {logging_mixin.py:188} INFO - [2026-03-31T08:53:27.934+0000] {dag.py:3954} INFO - Setting next_dagrun for hello_airflow to 2024-03-23 00:00:00+00:00, run_after=2024-03-24 00:00:00+00:00
[2026-03-31T08:53:27.969+0000] {processor.py:183} INFO - Processing /opt/airflow/dags/example.py took 0.543 seconds
[2026-03-31T08:53:58.974+0000] {processor.py:161} INFO - Started process (PID=219) to work on /opt/airflow/dags/example.py
[2026-03-31T08:53:58.978+0000] {processor.py:830} INFO - Processing file /opt/airflow/dags/example.py for tasks to queue
[2026-03-31T08:53:58.981+0000] {logging_mixin.py:188} INFO - [2026-03-31T08:53:58.980+0000] {dagbag.py:545} INFO - Filling up the DagBag from /opt/airflow/dags/example.py
[2026-03-31T08:53:59.001+0000] {processor.py:840} INFO - DAG(s) 'hello_airflow' retrieved from /opt/airflow/dags/example.py
[2026-03-31T08:53:59.034+0000] {logging_mixin.py:188} INFO - [2026-03-31T08:53:59.034+0000] {dag.py:3096} INFO - Sync 1 DAGs
[2026-03-31T08:53:59.058+0000] {logging_mixin.py:188} INFO - [2026-03-31T08:53:59.058+0000] {dag.py:3954} INFO - Setting next_dagrun for hello_airflow to 2024-03-23 00:00:00+00:00, run_after=2024-03-24 00:00:00+00:00
[2026-03-31T08:53:59.083+0000] {processor.py:183} INFO - Processing /opt/airflow/dags/example.py took 0.115 seconds
[2026-03-31T08:54:29.741+0000] {processor.py:161} INFO - Started process (PID=245) to work on /opt/airflow/dags/example.py
[2026-03-31T08:54:29.742+0000] {processor.py:830} INFO - Processing file /opt/airflow/dags/example.py for tasks to queue
[2026-03-31T08:54:29.745+0000] {logging_mixin.py:188} INFO - [2026-03-31T08:54:29.744+0000] {dagbag.py:545} INFO - Filling up the DagBag from /opt/airflow/dags/example.py
[2026-03-31T08:54:29.769+0000] {processor.py:840} INFO - DAG(s) 'hello_airflow' retrieved from /opt/airflow/dags/example.py
[2026-03-31T08:54:29.802+0000] {logging_mixin.py:188} INFO - [2026-03-31T08:54:29.802+0000] {dag.py:3096} INFO - Sync 1 DAGs
[2026-03-31T08:54:29.825+0000] {logging_mixin.py:188} INFO - [2026-03-31T08:54:29.824+0000] {dag.py:3954} INFO - Setting next_dagrun for hello_airflow to 2024-03-23 00:00:00+00:00, run_after=2024-03-24 00:00:00+00:00
[2026-03-31T08:54:29.851+0000] {processor.py:183} INFO - Processing /opt/airflow/dags/example.py took 0.118 seconds
[2026-03-31T08:55:00.476+0000] {processor.py:161} INFO - Started process (PID=271) to work on /opt/airflow/dags/example.py
[2026-03-31T08:55:00.478+0000] {processor.py:830} INFO - Processing file /opt/airflow/dags/example.py for tasks to queue
[2026-03-31T08:55:00.481+0000] {logging_mixin.py:188} INFO - [2026-03-31T08:55:00.481+0000] {dagbag.py:545} INFO - Filling up the DagBag from /opt/airflow/dags/example.py
[2026-03-31T08:55:00.516+0000] {processor.py:840} INFO - DAG(s) 'hello_airflow' retrieved from /opt/airflow/dags/example.py
[2026-03-31T08:55:00.569+0000] {logging_mixin.py:188} INFO - [2026-03-31T08:55:00.569+0000] {dag.py:3096} INFO - Sync 1 DAGs
[2026-03-31T08:55:00.601+0000] {logging_mixin.py:188} INFO - [2026-03-31T08:55:00.601+0000] {dag.py:3954} INFO - Setting next_dagrun for hello_airflow to 2024-03-23 00:00:00+00:00, run_after=2024-03-24 00:00:00+00:00
[2026-03-31T08:55:00.629+0000] {processor.py:183} INFO - Processing /opt/airflow/dags/example.py took 0.163 seconds
[2026-03-31T08:55:31.262+0000] {processor.py:161} INFO - Started process (PID=297) to work on /opt/airflow/dags/example.py
[2026-03-31T08:55:31.264+0000] {processor.py:830} INFO - Processing file /opt/airflow/dags/example.py for tasks to queue
[2026-03-31T08:55:31.267+0000] {logging_mixin.py:188} INFO - [2026-03-31T08:55:31.267+0000] {dagbag.py:545} INFO - Filling up the DagBag from /opt/airflow/dags/example.py
[2026-03-31T08:55:31.298+0000] {processor.py:840} INFO - DAG(s) 'hello_airflow' retrieved from /opt/airflow/dags/example.py
[2026-03-31T08:55:31.333+0000] {logging_mixin.py:188} INFO - [2026-03-31T08:55:31.333+0000] {dag.py:3096} INFO - Sync 1 DAGs
[2026-03-31T08:55:31.364+0000] {logging_mixin.py:188} INFO - [2026-03-31T08:55:31.364+0000] {dag.py:3954} INFO - Setting next_dagrun for hello_airflow to 2024-03-23 00:00:00+00:00, run_after=2024-03-24 00:00:00+00:00
[2026-03-31T08:55:31.389+0000] {processor.py:183} INFO - Processing /opt/airflow/dags/example.py took 0.137 seconds
[2026-03-31T08:56:02.096+0000] {processor.py:161} INFO - Started process (PID=323) to work on /opt/airflow/dags/example.py
[2026-03-31T08:56:02.097+0000] {processor.py:830} INFO - Processing file /opt/airflow/dags/example.py for tasks to queue
[2026-03-31T08:56:02.100+0000] {logging_mixin.py:188} INFO - [2026-03-31T08:56:02.099+0000] {dagbag.py:545} INFO - Filling up the DagBag from /opt/airflow/dags/example.py
[2026-03-31T08:56:02.122+0000] {processor.py:840} INFO - DAG(s) 'hello_airflow' retrieved from /opt/airflow/dags/example.py
[2026-03-31T08:56:02.155+0000] {logging_mixin.py:188} INFO - [2026-03-31T08:56:02.155+0000] {dag.py:3096} INFO - Sync 1 DAGs
[2026-03-31T08:56:02.177+0000] {logging_mixin.py:188} INFO - [2026-03-31T08:56:02.177+0000] {dag.py:3954} INFO - Setting next_dagrun for hello_airflow to 2024-03-23 00:00:00+00:00, run_after=2024-03-24 00:00:00+00:00
[2026-03-31T08:56:02.204+0000] {processor.py:183} INFO - Processing /opt/airflow/dags/example.py took 0.114 seconds
[2026-03-31T08:56:32.800+0000] {processor.py:161} INFO - Started process (PID=349) to work on /opt/airflow/dags/example.py
[2026-03-31T08:56:32.802+0000] {processor.py:830} INFO - Processing file /opt/airflow/dags/example.py for tasks to queue
[2026-03-31T08:56:32.806+0000] {logging_mixin.py:188} INFO - [2026-03-31T08:56:32.805+0000] {dagbag.py:545} INFO - Filling up the DagBag from /opt/airflow/dags/example.py
[2026-03-31T08:56:32.832+0000] {processor.py:840} INFO - DAG(s) 'hello_airflow' retrieved from /opt/airflow/dags/example.py
[2026-03-31T08:56:32.869+0000] {logging_mixin.py:188} INFO - [2026-03-31T08:56:32.869+0000] {dag.py:3096} INFO - Sync 1 DAGs
[2026-03-31T08:56:32.893+0000] {logging_mixin.py:188} INFO - [2026-03-31T08:56:32.892+0000] {dag.py:3954} INFO - Setting next_dagrun for hello_airflow to 2024-03-23 00:00:00+00:00, run_after=2024-03-24 00:00:00+00:00
[2026-03-31T08:56:32.914+0000] {processor.py:183} INFO - Processing /opt/airflow/dags/example.py took 0.121 seconds
[2026-03-31T08:57:03.496+0000] {processor.py:161} INFO - Started process (PID=375) to work on /opt/airflow/dags/example.py
[2026-03-31T08:57:03.497+0000] {processor.py:830} INFO - Processing file /opt/airflow/dags/example.py for tasks to queue
[2026-03-31T08:57:03.501+0000] {logging_mixin.py:188} INFO - [2026-03-31T08:57:03.500+0000] {dagbag.py:545} INFO - Filling up the DagBag from /opt/airflow/dags/example.py
[2026-03-31T08:57:03.527+0000] {processor.py:840} INFO - DAG(s) 'hello_airflow' retrieved from /opt/airflow/dags/example.py
[2026-03-31T08:57:03.562+0000] {logging_mixin.py:188} INFO - [2026-03-31T08:57:03.562+0000] {dag.py:3096} INFO - Sync 1 DAGs
[2026-03-31T08:57:03.587+0000] {logging_mixin.py:188} INFO - [2026-03-31T08:57:03.586+0000] {dag.py:3954} INFO - Setting next_dagrun for hello_airflow to 2024-03-23 00:00:00+00:00, run_after=2024-03-24 00:00:00+00:00
[2026-03-31T08:57:03.615+0000] {processor.py:183} INFO - Processing /opt/airflow/dags/example.py took 0.126 seconds
[2026-03-31T08:57:34.269+0000] {processor.py:161} INFO - Started process (PID=415) to work on /opt/airflow/dags/example.py
[2026-03-31T08:57:34.271+0000] {processor.py:830} INFO - Processing file /opt/airflow/dags/example.py for tasks to queue
[2026-03-31T08:57:34.273+0000] {logging_mixin.py:188} INFO - [2026-03-31T08:57:34.273+0000] {dagbag.py:545} INFO - Filling up the DagBag from /opt/airflow/dags/example.py
[2026-03-31T08:57:34.301+0000] {processor.py:840} INFO - DAG(s) 'hello_airflow' retrieved from /opt/airflow/dags/example.py
[2026-03-31T08:57:34.340+0000] {logging_mixin.py:188} INFO - [2026-03-31T08:57:34.339+0000] {dag.py:3096} INFO - Sync 1 DAGs
[2026-03-31T08:57:34.366+0000] {logging_mixin.py:188} INFO - [2026-03-31T08:57:34.366+0000] {dag.py:3954} INFO - Setting next_dagrun for hello_airflow to 2024-03-23 00:00:00+00:00, run_after=2024-03-24 00:00:00+00:00
[2026-03-31T08:57:34.390+0000] {processor.py:183} INFO - Processing /opt/airflow/dags/example.py took 0.131 seconds
[2026-03-31T08:58:04.993+0000] {processor.py:161} INFO - Started process (PID=444) to work on /opt/airflow/dags/example.py
[2026-03-31T08:58:04.995+0000] {processor.py:830} INFO - Processing file /opt/airflow/dags/example.py for tasks to queue
[2026-03-31T08:58:04.998+0000] {logging_mixin.py:188} INFO - [2026-03-31T08:58:04.998+0000] {dagbag.py:545} INFO - Filling up the DagBag from /opt/airflow/dags/example.py
[2026-03-31T08:58:05.031+0000] {processor.py:840} INFO - DAG(s) 'hello_airflow' retrieved from /opt/airflow/dags/example.py
[2026-03-31T08:58:05.068+0000] {logging_mixin.py:188} INFO - [2026-03-31T08:58:05.068+0000] {dag.py:3096} INFO - Sync 1 DAGs
[2026-03-31T08:58:05.097+0000] {logging_mixin.py:188} INFO - [2026-03-31T08:58:05.097+0000] {dag.py:3954} INFO - Setting next_dagrun for hello_airflow to 2024-03-23 00:00:00+00:00, run_after=2024-03-24 00:00:00+00:00
[2026-03-31T08:58:05.127+0000] {processor.py:183} INFO - Processing /opt/airflow/dags/example.py took 0.141 seconds
[2026-03-31T08:58:35.863+0000] {processor.py:161} INFO - Started process (PID=470) to work on /opt/airflow/dags/example.py
[2026-03-31T08:58:35.864+0000] {processor.py:830} INFO - Processing file /opt/airflow/dags/example.py for tasks to queue
[2026-03-31T08:58:35.867+0000] {logging_mixin.py:188} INFO - [2026-03-31T08:58:35.867+0000] {dagbag.py:545} INFO - Filling up the DagBag from /opt/airflow/dags/example.py
[2026-03-31T08:58:35.886+0000] {processor.py:840} INFO - DAG(s) 'hello_airflow' retrieved from /opt/airflow/dags/example.py
[2026-03-31T08:58:35.912+0000] {logging_mixin.py:188} INFO - [2026-03-31T08:58:35.912+0000] {dag.py:3096} INFO - Sync 1 DAGs
[2026-03-31T08:58:35.931+0000] {logging_mixin.py:188} INFO - [2026-03-31T08:58:35.931+0000] {dag.py:3954} INFO - Setting next_dagrun for hello_airflow to 2024-03-23 00:00:00+00:00, run_after=2024-03-24 00:00:00+00:00
[2026-03-31T08:58:35.956+0000] {processor.py:183} INFO - Processing /opt/airflow/dags/example.py took 0.099 seconds
[2026-03-31T08:59:06.572+0000] {processor.py:161} INFO - Started process (PID=496) to work on /opt/airflow/dags/example.py
[2026-03-31T08:59:06.573+0000] {processor.py:830} INFO - Processing file /opt/airflow/dags/example.py for tasks to queue
[2026-03-31T08:59:06.576+0000] {logging_mixin.py:188} INFO - [2026-03-31T08:59:06.575+0000] {dagbag.py:545} INFO - Filling up the DagBag from /opt/airflow/dags/example.py
[2026-03-31T08:59:06.606+0000] {processor.py:840} INFO - DAG(s) 'hello_airflow' retrieved from /opt/airflow/dags/example.py
[2026-03-31T08:59:06.645+0000] {logging_mixin.py:188} INFO - [2026-03-31T08:59:06.645+0000] {dag.py:3096} INFO - Sync 1 DAGs
[2026-03-31T08:59:06.670+0000] {logging_mixin.py:188} INFO - [2026-03-31T08:59:06.669+0000] {dag.py:3954} INFO - Setting next_dagrun for hello_airflow to 2024-03-23 00:00:00+00:00, run_after=2024-03-24 00:00:00+00:00
[2026-03-31T08:59:06.692+0000] {processor.py:183} INFO - Processing /opt/airflow/dags/example.py took 0.126 seconds
[2026-03-31T08:59:37.315+0000] {processor.py:161} INFO - Started process (PID=522) to work on /opt/airflow/dags/example.py
[2026-03-31T08:59:37.317+0000] {processor.py:830} INFO - Processing file /opt/airflow/dags/example.py for tasks to queue
[2026-03-31T08:59:37.319+0000] {logging_mixin.py:188} INFO - [2026-03-31T08:59:37.319+0000] {dagbag.py:545} INFO - Filling up the DagBag from /opt/airflow/dags/example.py
[2026-03-31T08:59:37.346+0000] {processor.py:840} INFO - DAG(s) 'hello_airflow' retrieved from /opt/airflow/dags/example.py
[2026-03-31T08:59:37.403+0000] {logging_mixin.py:188} INFO - [2026-03-31T08:59:37.402+0000] {dag.py:3096} INFO - Sync 1 DAGs
[2026-03-31T08:59:37.444+0000] {logging_mixin.py:188} INFO - [2026-03-31T08:59:37.444+0000] {dag.py:3954} INFO - Setting next_dagrun for hello_airflow to 2024-03-23 00:00:00+00:00, run_after=2024-03-24 00:00:00+00:00
[2026-03-31T08:59:37.470+0000] {processor.py:183} INFO - Processing /opt/airflow/dags/example.py took 0.167 seconds
[2026-03-31T09:00:08.033+0000] {processor.py:161} INFO - Started process (PID=548) to work on /opt/airflow/dags/example.py
[2026-03-31T09:00:08.034+0000] {processor.py:830} INFO - Processing file /opt/airflow/dags/example.py for tasks to queue
[2026-03-31T09:00:08.036+0000] {logging_mixin.py:188} INFO - [2026-03-31T09:00:08.035+0000] {dagbag.py:545} INFO - Filling up the DagBag from /opt/airflow/dags/example.py
[2026-03-31T09:00:08.055+0000] {processor.py:840} INFO - DAG(s) 'hello_airflow' retrieved from /opt/airflow/dags/example.py
[2026-03-31T09:00:08.086+0000] {logging_mixin.py:188} INFO - [2026-03-31T09:00:08.086+0000] {dag.py:3096} INFO - Sync 1 DAGs
[2026-03-31T09:00:08.113+0000] {logging_mixin.py:188} INFO - [2026-03-31T09:00:08.112+0000] {dag.py:3954} INFO - Setting next_dagrun for hello_airflow to 2024-03-23 00:00:00+00:00, run_after=2024-03-24 00:00:00+00:00
[2026-03-31T09:00:08.137+0000] {processor.py:183} INFO - Processing /opt/airflow/dags/example.py took 0.111 seconds
[2026-03-31T09:00:38.945+0000] {processor.py:161} INFO - Started process (PID=574) to work on /opt/airflow/dags/example.py
[2026-03-31T09:00:38.946+0000] {processor.py:830} INFO - Processing file /opt/airflow/dags/example.py for tasks to queue
[2026-03-31T09:00:38.948+0000] {logging_mixin.py:188} INFO - [2026-03-31T09:00:38.948+0000] {dagbag.py:545} INFO - Filling up the DagBag from /opt/airflow/dags/example.py
[2026-03-31T09:00:38.966+0000] {processor.py:840} INFO - DAG(s) 'hello_airflow' retrieved from /opt/airflow/dags/example.py
[2026-03-31T09:00:38.996+0000] {logging_mixin.py:188} INFO - [2026-03-31T09:00:38.996+0000] {dag.py:3096} INFO - Sync 1 DAGs
[2026-03-31T09:00:39.018+0000] {logging_mixin.py:188} INFO - [2026-03-31T09:00:39.018+0000] {dag.py:3954} INFO - Setting next_dagrun for hello_airflow to 2024-03-23 00:00:00+00:00, run_after=2024-03-24 00:00:00+00:00
[2026-03-31T09:00:39.043+0000] {processor.py:183} INFO - Processing /opt/airflow/dags/example.py took 0.104 seconds
[2026-03-31T09:01:09.761+0000] {processor.py:161} INFO - Started process (PID=600) to work on /opt/airflow/dags/example.py
[2026-03-31T09:01:09.763+0000] {processor.py:830} INFO - Processing file /opt/airflow/dags/example.py for tasks to queue
[2026-03-31T09:01:09.765+0000] {logging_mixin.py:188} INFO - [2026-03-31T09:01:09.765+0000] {dagbag.py:545} INFO - Filling up the DagBag from /opt/airflow/dags/example.py
[2026-03-31T09:01:09.789+0000] {processor.py:840} INFO - DAG(s) 'hello_airflow' retrieved from /opt/airflow/dags/example.py
[2026-03-31T09:01:09.824+0000] {logging_mixin.py:188} INFO - [2026-03-31T09:01:09.823+0000] {dag.py:3096} INFO - Sync 1 DAGs
[2026-03-31T09:01:09.847+0000] {logging_mixin.py:188} INFO - [2026-03-31T09:01:09.847+0000] {dag.py:3954} INFO - Setting next_dagrun for hello_airflow to 2024-03-23 00:00:00+00:00, run_after=2024-03-24 00:00:00+00:00
[2026-03-31T09:01:09.874+0000] {processor.py:183} INFO - Processing /opt/airflow/dags/example.py took 0.120 seconds
[2026-03-31T09:01:40.548+0000] {processor.py:161} INFO - Started process (PID=626) to work on /opt/airflow/dags/example.py
[2026-03-31T09:01:40.550+0000] {processor.py:830} INFO - Processing file /opt/airflow/dags/example.py for tasks to queue
[2026-03-31T09:01:40.553+0000] {logging_mixin.py:188} INFO - [2026-03-31T09:01:40.553+0000] {dagbag.py:545} INFO - Filling up the DagBag from /opt/airflow/dags/example.py
[2026-03-31T09:01:40.582+0000] {processor.py:840} INFO - DAG(s) 'hello_airflow' retrieved from /opt/airflow/dags/example.py
[2026-03-31T09:01:40.615+0000] {logging_mixin.py:188} INFO - [2026-03-31T09:01:40.615+0000] {dag.py:3096} INFO - Sync 1 DAGs
[2026-03-31T09:01:40.643+0000] {logging_mixin.py:188} INFO - [2026-03-31T09:01:40.642+0000] {dag.py:3954} INFO - Setting next_dagrun for hello_airflow to 2024-03-23 00:00:00+00:00, run_after=2024-03-24 00:00:00+00:00
[2026-03-31T09:01:40.678+0000] {processor.py:183} INFO - Processing /opt/airflow/dags/example.py took 0.138 seconds
[2026-03-31T09:02:11.331+0000] {processor.py:161} INFO - Started process (PID=652) to work on /opt/airflow/dags/example.py
[2026-03-31T09:02:11.332+0000] {processor.py:830} INFO - Processing file /opt/airflow/dags/example.py for tasks to queue
[2026-03-31T09:02:11.335+0000] {logging_mixin.py:188} INFO - [2026-03-31T09:02:11.334+0000] {dagbag.py:545} INFO - Filling up the DagBag from /opt/airflow/dags/example.py
[2026-03-31T09:02:11.357+0000] {processor.py:840} INFO - DAG(s) 'hello_airflow' retrieved from /opt/airflow/dags/example.py
[2026-03-31T09:02:11.387+0000] {logging_mixin.py:188} INFO - [2026-03-31T09:02:11.386+0000] {dag.py:3096} INFO - Sync 1 DAGs
[2026-03-31T09:02:11.408+0000] {logging_mixin.py:188} INFO - [2026-03-31T09:02:11.408+0000] {dag.py:3954} INFO - Setting next_dagrun for hello_airflow to 2024-03-23 00:00:00+00:00, run_after=2024-03-24 00:00:00+00:00
[2026-03-31T09:02:11.436+0000] {processor.py:183} INFO - Processing /opt/airflow/dags/example.py took 0.111 seconds
[2026-03-31T09:02:41.989+0000] {processor.py:161} INFO - Started process (PID=678) to work on /opt/airflow/dags/example.py
[2026-03-31T09:02:41.991+0000] {processor.py:830} INFO - Processing file /opt/airflow/dags/example.py for tasks to queue
[2026-03-31T09:02:41.994+0000] {logging_mixin.py:188} INFO - [2026-03-31T09:02:41.994+0000] {dagbag.py:545} INFO - Filling up the DagBag from /opt/airflow/dags/example.py
[2026-03-31T09:02:42.017+0000] {processor.py:840} INFO - DAG(s) 'hello_airflow' retrieved from /opt/airflow/dags/example.py
[2026-03-31T09:02:42.049+0000] {logging_mixin.py:188} INFO - [2026-03-31T09:02:42.049+0000] {dag.py:3096} INFO - Sync 1 DAGs
[2026-03-31T09:02:42.076+0000] {logging_mixin.py:188} INFO - [2026-03-31T09:02:42.076+0000] {dag.py:3954} INFO - Setting next_dagrun for hello_airflow to 2024-03-23 00:00:00+00:00, run_after=2024-03-24 00:00:00+00:00
[2026-03-31T09:02:42.103+0000] {processor.py:183} INFO - Processing /opt/airflow/dags/example.py took 0.126 seconds
[2026-03-31T09:03:12.724+0000] {processor.py:161} INFO - Started process (PID=704) to work on /opt/airflow/dags/example.py
[2026-03-31T09:03:12.726+0000] {processor.py:830} INFO - Processing file /opt/airflow/dags/example.py for tasks to queue
[2026-03-31T09:03:12.729+0000] {logging_mixin.py:188} INFO - [2026-03-31T09:03:12.728+0000] {dagbag.py:545} INFO - Filling up the DagBag from /opt/airflow/dags/example.py
[2026-03-31T09:03:12.759+0000] {processor.py:840} INFO - DAG(s) 'hello_airflow' retrieved from /opt/airflow/dags/example.py
[2026-03-31T09:03:12.794+0000] {logging_mixin.py:188} INFO - [2026-03-31T09:03:12.794+0000] {dag.py:3096} INFO - Sync 1 DAGs
[2026-03-31T09:03:12.817+0000] {logging_mixin.py:188} INFO - [2026-03-31T09:03:12.817+0000] {dag.py:3954} INFO - Setting next_dagrun for hello_airflow to 2024-03-23 00:00:00+00:00, run_after=2024-03-24 00:00:00+00:00
[2026-03-31T09:03:12.843+0000] {processor.py:183} INFO - Processing /opt/airflow/dags/example.py took 0.127 seconds
[2026-03-31T09:03:43.560+0000] {processor.py:161} INFO - Started process (PID=730) to work on /opt/airflow/dags/example.py
[2026-03-31T09:03:43.562+0000] {processor.py:830} INFO - Processing file /opt/airflow/dags/example.py for tasks to queue
[2026-03-31T09:03:43.564+0000] {logging_mixin.py:188} INFO - [2026-03-31T09:03:43.564+0000] {dagbag.py:545} INFO - Filling up the DagBag from /opt/airflow/dags/example.py
[2026-03-31T09:03:43.589+0000] {processor.py:840} INFO - DAG(s) 'hello_airflow' retrieved from /opt/airflow/dags/example.py
[2026-03-31T09:03:43.623+0000] {logging_mixin.py:188} INFO - [2026-03-31T09:03:43.622+0000] {dag.py:3096} INFO - Sync 1 DAGs
[2026-03-31T09:03:43.647+0000] {logging_mixin.py:188} INFO - [2026-03-31T09:03:43.647+0000] {dag.py:3954} INFO - Setting next_dagrun for hello_airflow to 2024-03-23 00:00:00+00:00, run_after=2024-03-24 00:00:00+00:00
[2026-03-31T09:03:43.671+0000] {processor.py:183} INFO - Processing /opt/airflow/dags/example.py took 0.120 seconds
[2026-03-31T09:04:14.216+0000] {processor.py:161} INFO - Started process (PID=756) to work on /opt/airflow/dags/example.py
[2026-03-31T09:04:14.217+0000] {processor.py:830} INFO - Processing file /opt/airflow/dags/example.py for tasks to queue
[2026-03-31T09:04:14.221+0000] {logging_mixin.py:188} INFO - [2026-03-31T09:04:14.220+0000] {dagbag.py:545} INFO - Filling up the DagBag from /opt/airflow/dags/example.py
[2026-03-31T09:04:14.245+0000] {processor.py:840} INFO - DAG(s) 'hello_airflow' retrieved from /opt/airflow/dags/example.py
[2026-03-31T09:04:14.276+0000] {logging_mixin.py:188} INFO - [2026-03-31T09:04:14.276+0000] {dag.py:3096} INFO - Sync 1 DAGs
[2026-03-31T09:04:14.296+0000] {logging_mixin.py:188} INFO - [2026-03-31T09:04:14.296+0000] {dag.py:3954} INFO - Setting next_dagrun for hello_airflow to 2024-03-23 00:00:00+00:00, run_after=2024-03-24 00:00:00+00:00
[2026-03-31T09:04:14.324+0000] {processor.py:183} INFO - Processing /opt/airflow/dags/example.py took 0.116 seconds
[2026-03-31T09:04:44.992+0000] {processor.py:161} INFO - Started process (PID=782) to work on /opt/airflow/dags/example.py
[2026-03-31T09:04:44.993+0000] {processor.py:830} INFO - Processing file /opt/airflow/dags/example.py for tasks to queue
[2026-03-31T09:04:44.995+0000] {logging_mixin.py:188} INFO - [2026-03-31T09:04:44.995+0000] {dagbag.py:545} INFO - Filling up the DagBag from /opt/airflow/dags/example.py
[2026-03-31T09:04:45.015+0000] {processor.py:840} INFO - DAG(s) 'hello_airflow' retrieved from /opt/airflow/dags/example.py
[2026-03-31T09:04:45.044+0000] {logging_mixin.py:188} INFO - [2026-03-31T09:04:45.044+0000] {dag.py:3096} INFO - Sync 1 DAGs
[2026-03-31T09:04:45.066+0000] {logging_mixin.py:188} INFO - [2026-03-31T09:04:45.065+0000] {dag.py:3954} INFO - Setting next_dagrun for hello_airflow to 2024-03-23 00:00:00+00:00, run_after=2024-03-24 00:00:00+00:00
[2026-03-31T09:04:45.091+0000] {processor.py:183} INFO - Processing /opt/airflow/dags/example.py took 0.106 seconds
[2026-03-31T09:05:15.591+0000] {processor.py:161} INFO - Started process (PID=808) to work on /opt/airflow/dags/example.py
[2026-03-31T09:05:15.592+0000] {processor.py:830} INFO - Processing file /opt/airflow/dags/example.py for tasks to queue
[2026-03-31T09:05:15.594+0000] {logging_mixin.py:188} INFO - [2026-03-31T09:05:15.594+0000] {dagbag.py:545} INFO - Filling up the DagBag from /opt/airflow/dags/example.py
[2026-03-31T09:05:15.618+0000] {processor.py:840} INFO - DAG(s) 'hello_airflow' retrieved from /opt/airflow/dags/example.py
[2026-03-31T09:05:15.655+0000] {logging_mixin.py:188} INFO - [2026-03-31T09:05:15.655+0000] {dag.py:3096} INFO - Sync 1 DAGs
[2026-03-31T09:05:15.680+0000] {logging_mixin.py:188} INFO - [2026-03-31T09:05:15.680+0000] {dag.py:3954} INFO - Setting next_dagrun for hello_airflow to 2024-03-23 00:00:00+00:00, run_after=2024-03-24 00:00:00+00:00
[2026-03-31T09:05:15.707+0000] {processor.py:183} INFO - Processing /opt/airflow/dags/example.py took 0.122 seconds
[2026-03-31T09:05:46.247+0000] {processor.py:161} INFO - Started process (PID=834) to work on /opt/airflow/dags/example.py
[2026-03-31T09:05:46.249+0000] {processor.py:830} INFO - Processing file /opt/airflow/dags/example.py for tasks to queue
[2026-03-31T09:05:46.251+0000] {logging_mixin.py:188} INFO - [2026-03-31T09:05:46.251+0000] {dagbag.py:545} INFO - Filling up the DagBag from /opt/airflow/dags/example.py
[2026-03-31T09:05:46.275+0000] {processor.py:840} INFO - DAG(s) 'hello_airflow' retrieved from /opt/airflow/dags/example.py
[2026-03-31T09:05:46.310+0000] {logging_mixin.py:188} INFO - [2026-03-31T09:05:46.310+0000] {dag.py:3096} INFO - Sync 1 DAGs
[2026-03-31T09:05:46.332+0000] {logging_mixin.py:188} INFO - [2026-03-31T09:05:46.332+0000] {dag.py:3954} INFO - Setting next_dagrun for hello_airflow to 2024-03-23 00:00:00+00:00, run_after=2024-03-24 00:00:00+00:00
[2026-03-31T09:05:46.355+0000] {processor.py:183} INFO - Processing /opt/airflow/dags/example.py took 0.116 seconds
[2026-03-31T09:06:16.873+0000] {processor.py:161} INFO - Started process (PID=860) to work on /opt/airflow/dags/example.py
[2026-03-31T09:06:16.874+0000] {processor.py:830} INFO - Processing file /opt/airflow/dags/example.py for tasks to queue
[2026-03-31T09:06:16.878+0000] {logging_mixin.py:188} INFO - [2026-03-31T09:06:16.878+0000] {dagbag.py:545} INFO - Filling up the DagBag from /opt/airflow/dags/example.py
[2026-03-31T09:06:16.901+0000] {processor.py:840} INFO - DAG(s) 'hello_airflow' retrieved from /opt/airflow/dags/example.py
[2026-03-31T09:06:16.939+0000] {logging_mixin.py:188} INFO - [2026-03-31T09:06:16.939+0000] {dag.py:3096} INFO - Sync 1 DAGs
[2026-03-31T09:06:16.977+0000] {logging_mixin.py:188} INFO - [2026-03-31T09:06:16.977+0000] {dag.py:3954} INFO - Setting next_dagrun for hello_airflow to 2024-03-23 00:00:00+00:00, run_after=2024-03-24 00:00:00+00:00
[2026-03-31T09:06:17.011+0000] {processor.py:183} INFO - Processing /opt/airflow/dags/example.py took 0.147 seconds
[2026-03-31T09:06:47.706+0000] {processor.py:161} INFO - Started process (PID=886) to work on /opt/airflow/dags/example.py
[2026-03-31T09:06:47.707+0000] {processor.py:830} INFO - Processing file /opt/airflow/dags/example.py for tasks to queue
[2026-03-31T09:06:47.709+0000] {logging_mixin.py:188} INFO - [2026-03-31T09:06:47.709+0000] {dagbag.py:545} INFO - Filling up the DagBag from /opt/airflow/dags/example.py
[2026-03-31T09:06:47.730+0000] {processor.py:840} INFO - DAG(s) 'hello_airflow' retrieved from /opt/airflow/dags/example.py
[2026-03-31T09:06:47.772+0000] {logging_mixin.py:188} INFO - [2026-03-31T09:06:47.772+0000] {dag.py:3096} INFO - Sync 1 DAGs
[2026-03-31T09:06:47.796+0000] {logging_mixin.py:188} INFO - [2026-03-31T09:06:47.795+0000] {dag.py:3954} INFO - Setting next_dagrun for hello_airflow to 2024-03-23 00:00:00+00:00, run_after=2024-03-24 00:00:00+00:00
[2026-03-31T09:06:47.821+0000] {processor.py:183} INFO - Processing /opt/airflow/dags/example.py took 0.122 seconds
[2026-03-31T09:07:18.358+0000] {processor.py:161} INFO - Started process (PID=912) to work on /opt/airflow/dags/example.py
[2026-03-31T09:07:18.359+0000] {processor.py:830} INFO - Processing file /opt/airflow/dags/example.py for tasks to queue
[2026-03-31T09:07:18.362+0000] {logging_mixin.py:188} INFO - [2026-03-31T09:07:18.361+0000] {dagbag.py:545} INFO - Filling up the DagBag from /opt/airflow/dags/example.py
[2026-03-31T09:07:18.384+0000] {processor.py:840} INFO - DAG(s) 'hello_airflow' retrieved from /opt/airflow/dags/example.py
[2026-03-31T09:07:18.421+0000] {logging_mixin.py:188} INFO - [2026-03-31T09:07:18.421+0000] {dag.py:3096} INFO - Sync 1 DAGs
[2026-03-31T09:07:18.446+0000] {logging_mixin.py:188} INFO - [2026-03-31T09:07:18.446+0000] {dag.py:3954} INFO - Setting next_dagrun for hello_airflow to 2024-03-23 00:00:00+00:00, run_after=2024-03-24 00:00:00+00:00
[2026-03-31T09:07:18.468+0000] {processor.py:183} INFO - Processing /opt/airflow/dags/example.py took 0.121 seconds
[2026-03-31T09:07:49.111+0000] {processor.py:161} INFO - Started process (PID=938) to work on /opt/airflow/dags/example.py
[2026-03-31T09:07:49.112+0000] {processor.py:830} INFO - Processing file /opt/airflow/dags/example.py for tasks to queue
[2026-03-31T09:07:49.115+0000] {logging_mixin.py:188} INFO - [2026-03-31T09:07:49.115+0000] {dagbag.py:545} INFO - Filling up the DagBag from /opt/airflow/dags/example.py
[2026-03-31T09:07:49.136+0000] {processor.py:840} INFO - DAG(s) 'hello_airflow' retrieved from /opt/airflow/dags/example.py
[2026-03-31T09:07:49.168+0000] {logging_mixin.py:188} INFO - [2026-03-31T09:07:49.167+0000] {dag.py:3096} INFO - Sync 1 DAGs
[2026-03-31T09:07:49.189+0000] {logging_mixin.py:188} INFO - [2026-03-31T09:07:49.189+0000] {dag.py:3954} INFO - Setting next_dagrun for hello_airflow to 2024-03-23 00:00:00+00:00, run_after=2024-03-24 00:00:00+00:00
[2026-03-31T09:07:49.214+0000] {processor.py:183} INFO - Processing /opt/airflow/dags/example.py took 0.109 seconds
[2026-03-31T09:08:19.895+0000] {processor.py:161} INFO - Started process (PID=964) to work on /opt/airflow/dags/example.py
[2026-03-31T09:08:19.899+0000] {processor.py:830} INFO - Processing file /opt/airflow/dags/example.py for tasks to queue
[2026-03-31T09:08:19.901+0000] {logging_mixin.py:188} INFO - [2026-03-31T09:08:19.901+0000] {dagbag.py:545} INFO - Filling up the DagBag from /opt/airflow/dags/example.py
[2026-03-31T09:08:19.925+0000] {processor.py:840} INFO - DAG(s) 'hello_airflow' retrieved from /opt/airflow/dags/example.py
[2026-03-31T09:08:19.970+0000] {logging_mixin.py:188} INFO - [2026-03-31T09:08:19.970+0000] {dag.py:3096} INFO - Sync 1 DAGs
[2026-03-31T09:08:19.994+0000] {logging_mixin.py:188} INFO - [2026-03-31T09:08:19.994+0000] {dag.py:3954} INFO - Setting next_dagrun for hello_airflow to 2024-03-23 00:00:00+00:00, run_after=2024-03-24 00:00:00+00:00
[2026-03-31T09:08:20.020+0000] {processor.py:183} INFO - Processing /opt/airflow/dags/example.py took 0.134 seconds
[2026-03-31T09:08:50.739+0000] {processor.py:161} INFO - Started process (PID=989) to work on /opt/airflow/dags/example.py
[2026-03-31T09:08:50.740+0000] {processor.py:830} INFO - Processing file /opt/airflow/dags/example.py for tasks to queue
[2026-03-31T09:08:50.742+0000] {logging_mixin.py:188} INFO - [2026-03-31T09:08:50.742+0000] {dagbag.py:545} INFO - Filling up the DagBag from /opt/airflow/dags/example.py
[2026-03-31T09:08:50.762+0000] {processor.py:840} INFO - DAG(s) 'hello_airflow' retrieved from /opt/airflow/dags/example.py
[2026-03-31T09:08:50.800+0000] {logging_mixin.py:188} INFO - [2026-03-31T09:08:50.800+0000] {dag.py:3096} INFO - Sync 1 DAGs
[2026-03-31T09:08:50.822+0000] {logging_mixin.py:188} INFO - [2026-03-31T09:08:50.821+0000] {dag.py:3954} INFO - Setting next_dagrun for hello_airflow to 2024-03-23 00:00:00+00:00, run_after=2024-03-24 00:00:00+00:00
[2026-03-31T09:08:50.846+0000] {processor.py:183} INFO - Processing /opt/airflow/dags/example.py took 0.112 seconds
[2026-03-31T09:09:21.518+0000] {processor.py:161} INFO - Started process (PID=1015) to work on /opt/airflow/dags/example.py
[2026-03-31T09:09:21.519+0000] {processor.py:830} INFO - Processing file /opt/airflow/dags/example.py for tasks to queue
[2026-03-31T09:09:21.528+0000] {logging_mixin.py:188} INFO - [2026-03-31T09:09:21.527+0000] {dagbag.py:545} INFO - Filling up the DagBag from /opt/airflow/dags/example.py
[2026-03-31T09:09:21.557+0000] {processor.py:840} INFO - DAG(s) 'hello_airflow' retrieved from /opt/airflow/dags/example.py
[2026-03-31T09:09:21.605+0000] {logging_mixin.py:188} INFO - [2026-03-31T09:09:21.604+0000] {dag.py:3096} INFO - Sync 1 DAGs
[2026-03-31T09:09:21.673+0000] {logging_mixin.py:188} INFO - [2026-03-31T09:09:21.672+0000] {dag.py:3954} INFO - Setting next_dagrun for hello_airflow to 2024-03-23 00:00:00+00:00, run_after=2024-03-24 00:00:00+00:00
[2026-03-31T09:09:21.710+0000] {processor.py:183} INFO - Processing /opt/airflow/dags/example.py took 0.201 seconds
[2026-03-31T09:09:52.326+0000] {processor.py:161} INFO - Started process (PID=1041) to work on /opt/airflow/dags/example.py
[2026-03-31T09:09:52.327+0000] {processor.py:830} INFO - Processing file /opt/airflow/dags/example.py for tasks to queue
[2026-03-31T09:09:52.330+0000] {logging_mixin.py:188} INFO - [2026-03-31T09:09:52.329+0000] {dagbag.py:545} INFO - Filling up the DagBag from /opt/airflow/dags/example.py
[2026-03-31T09:09:52.352+0000] {processor.py:840} INFO - DAG(s) 'hello_airflow' retrieved from /opt/airflow/dags/example.py
[2026-03-31T09:09:52.384+0000] {logging_mixin.py:188} INFO - [2026-03-31T09:09:52.384+0000] {dag.py:3096} INFO - Sync 1 DAGs
[2026-03-31T09:09:52.407+0000] {logging_mixin.py:188} INFO - [2026-03-31T09:09:52.406+0000] {dag.py:3954} INFO - Setting next_dagrun for hello_airflow to 2024-03-23 00:00:00+00:00, run_after=2024-03-24 00:00:00+00:00
[2026-03-31T09:09:52.434+0000] {processor.py:183} INFO - Processing /opt/airflow/dags/example.py took 0.114 seconds
[2026-03-31T09:10:23.011+0000] {processor.py:161} INFO - Started process (PID=1067) to work on /opt/airflow/dags/example.py
[2026-03-31T09:10:23.012+0000] {processor.py:830} INFO - Processing file /opt/airflow/dags/example.py for tasks to queue
[2026-03-31T09:10:23.014+0000] {logging_mixin.py:188} INFO - [2026-03-31T09:10:23.014+0000] {dagbag.py:545} INFO - Filling up the DagBag from /opt/airflow/dags/example.py
[2026-03-31T09:10:23.046+0000] {processor.py:840} INFO - DAG(s) 'hello_airflow' retrieved from /opt/airflow/dags/example.py
[2026-03-31T09:10:23.077+0000] {logging_mixin.py:188} INFO - [2026-03-31T09:10:23.076+0000] {dag.py:3096} INFO - Sync 1 DAGs
[2026-03-31T09:10:23.098+0000] {logging_mixin.py:188} INFO - [2026-03-31T09:10:23.098+0000] {dag.py:3954} INFO - Setting next_dagrun for hello_airflow to 2024-03-23 00:00:00+00:00, run_after=2024-03-24 00:00:00+00:00
[2026-03-31T09:10:23.124+0000] {processor.py:183} INFO - Processing /opt/airflow/dags/example.py took 0.119 seconds
[2026-03-31T09:10:53.802+0000] {processor.py:161} INFO - Started process (PID=1093) to work on /opt/airflow/dags/example.py
[2026-03-31T09:10:53.804+0000] {processor.py:830} INFO - Processing file /opt/airflow/dags/example.py for tasks to queue
[2026-03-31T09:10:53.806+0000] {logging_mixin.py:188} INFO - [2026-03-31T09:10:53.806+0000] {dagbag.py:545} INFO - Filling up the DagBag from /opt/airflow/dags/example.py
[2026-03-31T09:10:53.838+0000] {processor.py:840} INFO - DAG(s) 'hello_airflow' retrieved from /opt/airflow/dags/example.py
[2026-03-31T09:10:53.876+0000] {logging_mixin.py:188} INFO - [2026-03-31T09:10:53.876+0000] {dag.py:3096} INFO - Sync 1 DAGs
[2026-03-31T09:10:53.901+0000] {logging_mixin.py:188} INFO - [2026-03-31T09:10:53.900+0000] {dag.py:3954} INFO - Setting next_dagrun for hello_airflow to 2024-03-23 00:00:00+00:00, run_after=2024-03-24 00:00:00+00:00
[2026-03-31T09:10:53.932+0000] {processor.py:183} INFO - Processing /opt/airflow/dags/example.py took 0.138 seconds
[2026-03-31T09:11:24.471+0000] {processor.py:161} INFO - Started process (PID=1119) to work on /opt/airflow/dags/example.py
[2026-03-31T09:11:24.473+0000] {processor.py:830} INFO - Processing file /opt/airflow/dags/example.py for tasks to queue
[2026-03-31T09:11:24.475+0000] {logging_mixin.py:188} INFO - [2026-03-31T09:11:24.475+0000] {dagbag.py:545} INFO - Filling up the DagBag from /opt/airflow/dags/example.py
[2026-03-31T09:11:24.502+0000] {processor.py:840} INFO - DAG(s) 'hello_airflow' retrieved from /opt/airflow/dags/example.py
[2026-03-31T09:11:24.539+0000] {logging_mixin.py:188} INFO - [2026-03-31T09:11:24.538+0000] {dag.py:3096} INFO - Sync 1 DAGs
[2026-03-31T09:11:24.562+0000] {logging_mixin.py:188} INFO - [2026-03-31T09:11:24.562+0000] {dag.py:3954} INFO - Setting next_dagrun for hello_airflow to 2024-03-23 00:00:00+00:00, run_after=2024-03-24 00:00:00+00:00
[2026-03-31T09:11:24.586+0000] {processor.py:183} INFO - Processing /opt/airflow/dags/example.py took 0.123 seconds
[2026-03-31T09:11:55.203+0000] {processor.py:161} INFO - Started process (PID=1145) to work on /opt/airflow/dags/example.py
[2026-03-31T09:11:55.204+0000] {processor.py:830} INFO - Processing file /opt/airflow/dags/example.py for tasks to queue
[2026-03-31T09:11:55.207+0000] {logging_mixin.py:188} INFO - [2026-03-31T09:11:55.207+0000] {dagbag.py:545} INFO - Filling up the DagBag from /opt/airflow/dags/example.py
[2026-03-31T09:11:55.233+0000] {processor.py:840} INFO - DAG(s) 'hello_airflow' retrieved from /opt/airflow/dags/example.py
[2026-03-31T09:11:55.270+0000] {logging_mixin.py:188} INFO - [2026-03-31T09:11:55.270+0000] {dag.py:3096} INFO - Sync 1 DAGs
[2026-03-31T09:11:55.293+0000] {logging_mixin.py:188} INFO - [2026-03-31T09:11:55.292+0000] {dag.py:3954} INFO - Setting next_dagrun for hello_airflow to 2024-03-23 00:00:00+00:00, run_after=2024-03-24 00:00:00+00:00
[2026-03-31T09:11:55.314+0000] {processor.py:183} INFO - Processing /opt/airflow/dags/example.py took 0.118 seconds
[2026-03-31T09:12:25.903+0000] {processor.py:161} INFO - Started process (PID=1171) to work on /opt/airflow/dags/example.py
[2026-03-31T09:12:25.905+0000] {processor.py:830} INFO - Processing file /opt/airflow/dags/example.py for tasks to queue
[2026-03-31T09:12:25.908+0000] {logging_mixin.py:188} INFO - [2026-03-31T09:12:25.908+0000] {dagbag.py:545} INFO - Filling up the DagBag from /opt/airflow/dags/example.py
[2026-03-31T09:12:25.936+0000] {processor.py:840} INFO - DAG(s) 'hello_airflow' retrieved from /opt/airflow/dags/example.py
[2026-03-31T09:12:25.971+0000] {logging_mixin.py:188} INFO - [2026-03-31T09:12:25.971+0000] {dag.py:3096} INFO - Sync 1 DAGs
[2026-03-31T09:12:25.994+0000] {logging_mixin.py:188} INFO - [2026-03-31T09:12:25.994+0000] {dag.py:3954} INFO - Setting next_dagrun for hello_airflow to 2024-03-23 00:00:00+00:00, run_after=2024-03-24 00:00:00+00:00
[2026-03-31T09:12:26.019+0000] {processor.py:183} INFO - Processing /opt/airflow/dags/example.py took 0.126 seconds
[2026-03-31T09:12:56.203+0000] {processor.py:161} INFO - Started process (PID=1197) to work on /opt/airflow/dags/example.py
[2026-03-31T09:12:56.204+0000] {processor.py:830} INFO - Processing file /opt/airflow/dags/example.py for tasks to queue
[2026-03-31T09:12:56.208+0000] {logging_mixin.py:188} INFO - [2026-03-31T09:12:56.207+0000] {dagbag.py:545} INFO - Filling up the DagBag from /opt/airflow/dags/example.py
[2026-03-31T09:12:56.239+0000] {processor.py:840} INFO - DAG(s) 'hello_airflow' retrieved from /opt/airflow/dags/example.py
[2026-03-31T09:12:56.280+0000] {logging_mixin.py:188} INFO - [2026-03-31T09:12:56.280+0000] {dag.py:3096} INFO - Sync 1 DAGs
[2026-03-31T09:12:56.310+0000] {logging_mixin.py:188} INFO - [2026-03-31T09:12:56.309+0000] {dag.py:3954} INFO - Setting next_dagrun for hello_airflow to 2024-03-23 00:00:00+00:00, run_after=2024-03-24 00:00:00+00:00
[2026-03-31T09:12:56.336+0000] {processor.py:183} INFO - Processing /opt/airflow/dags/example.py took 0.143 seconds
[2026-03-31T09:13:26.855+0000] {processor.py:161} INFO - Started process (PID=1223) to work on /opt/airflow/dags/example.py
[2026-03-31T09:13:26.856+0000] {processor.py:830} INFO - Processing file /opt/airflow/dags/example.py for tasks to queue
[2026-03-31T09:13:26.859+0000] {logging_mixin.py:188} INFO - [2026-03-31T09:13:26.859+0000] {dagbag.py:545} INFO - Filling up the DagBag from /opt/airflow/dags/example.py
[2026-03-31T09:13:26.884+0000] {processor.py:840} INFO - DAG(s) 'hello_airflow' retrieved from /opt/airflow/dags/example.py
[2026-03-31T09:13:26.919+0000] {logging_mixin.py:188} INFO - [2026-03-31T09:13:26.919+0000] {dag.py:3096} INFO - Sync 1 DAGs
[2026-03-31T09:13:26.944+0000] {logging_mixin.py:188} INFO - [2026-03-31T09:13:26.943+0000] {dag.py:3954} INFO - Setting next_dagrun for hello_airflow to 2024-03-23 00:00:00+00:00, run_after=2024-03-24 00:00:00+00:00
[2026-03-31T09:13:26.968+0000] {processor.py:183} INFO - Processing /opt/airflow/dags/example.py took 0.120 seconds
[2026-03-31T09:13:57.763+0000] {processor.py:161} INFO - Started process (PID=1250) to work on /opt/airflow/dags/example.py
[2026-03-31T09:13:57.764+0000] {processor.py:830} INFO - Processing file /opt/airflow/dags/example.py for tasks to queue
[2026-03-31T09:13:57.766+0000] {logging_mixin.py:188} INFO - [2026-03-31T09:13:57.766+0000] {dagbag.py:545} INFO - Filling up the DagBag from /opt/airflow/dags/example.py
[2026-03-31T09:13:57.787+0000] {processor.py:840} INFO - DAG(s) 'hello_airflow' retrieved from /opt/airflow/dags/example.py
[2026-03-31T09:13:57.819+0000] {logging_mixin.py:188} INFO - [2026-03-31T09:13:57.818+0000] {dag.py:3096} INFO - Sync 1 DAGs
[2026-03-31T09:13:57.841+0000] {logging_mixin.py:188} INFO - [2026-03-31T09:13:57.841+0000] {dag.py:3954} INFO - Setting next_dagrun for hello_airflow to 2024-03-23 00:00:00+00:00, run_after=2024-03-24 00:00:00+00:00
[2026-03-31T09:13:57.866+0000] {processor.py:183} INFO - Processing /opt/airflow/dags/example.py took 0.109 seconds
[2026-03-31T09:14:28.378+0000] {processor.py:161} INFO - Started process (PID=1276) to work on /opt/airflow/dags/example.py
[2026-03-31T09:14:28.379+0000] {processor.py:830} INFO - Processing file /opt/airflow/dags/example.py for tasks to queue
[2026-03-31T09:14:28.382+0000] {logging_mixin.py:188} INFO - [2026-03-31T09:14:28.382+0000] {dagbag.py:545} INFO - Filling up the DagBag from /opt/airflow/dags/example.py
[2026-03-31T09:14:28.405+0000] {processor.py:840} INFO - DAG(s) 'hello_airflow' retrieved from /opt/airflow/dags/example.py
[2026-03-31T09:14:28.438+0000] {logging_mixin.py:188} INFO - [2026-03-31T09:14:28.437+0000] {dag.py:3096} INFO - Sync 1 DAGs
[2026-03-31T09:14:28.461+0000] {logging_mixin.py:188} INFO - [2026-03-31T09:14:28.461+0000] {dag.py:3954} INFO - Setting next_dagrun for hello_airflow to 2024-03-23 00:00:00+00:00, run_after=2024-03-24 00:00:00+00:00
[2026-03-31T09:14:28.481+0000] {processor.py:183} INFO - Processing /opt/airflow/dags/example.py took 0.111 seconds
[2026-03-31T09:14:59.048+0000] {processor.py:161} INFO - Started process (PID=1302) to work on /opt/airflow/dags/example.py
[2026-03-31T09:14:59.050+0000] {processor.py:830} INFO - Processing file /opt/airflow/dags/example.py for tasks to queue
[2026-03-31T09:14:59.054+0000] {logging_mixin.py:188} INFO - [2026-03-31T09:14:59.053+0000] {dagbag.py:545} INFO - Filling up the DagBag from /opt/airflow/dags/example.py
[2026-03-31T09:14:59.082+0000] {processor.py:840} INFO - DAG(s) 'hello_airflow' retrieved from /opt/airflow/dags/example.py
[2026-03-31T09:14:59.135+0000] {logging_mixin.py:188} INFO - [2026-03-31T09:14:59.135+0000] {dag.py:3096} INFO - Sync 1 DAGs
[2026-03-31T09:14:59.179+0000] {logging_mixin.py:188} INFO - [2026-03-31T09:14:59.179+0000] {dag.py:3954} INFO - Setting next_dagrun for hello_airflow to 2024-03-23 00:00:00+00:00, run_after=2024-03-24 00:00:00+00:00
[2026-03-31T09:14:59.218+0000] {processor.py:183} INFO - Processing /opt/airflow/dags/example.py took 0.179 seconds
[2026-03-31T09:15:29.852+0000] {processor.py:161} INFO - Started process (PID=1328) to work on /opt/airflow/dags/example.py
[2026-03-31T09:15:29.856+0000] {processor.py:830} INFO - Processing file /opt/airflow/dags/example.py for tasks to queue
[2026-03-31T09:15:29.860+0000] {logging_mixin.py:188} INFO - [2026-03-31T09:15:29.860+0000] {dagbag.py:545} INFO - Filling up the DagBag from /opt/airflow/dags/example.py
[2026-03-31T09:15:29.895+0000] {processor.py:840} INFO - DAG(s) 'hello_airflow' retrieved from /opt/airflow/dags/example.py
[2026-03-31T09:15:29.943+0000] {logging_mixin.py:188} INFO - [2026-03-31T09:15:29.943+0000] {dag.py:3096} INFO - Sync 1 DAGs
[2026-03-31T09:15:29.968+0000] {logging_mixin.py:188} INFO - [2026-03-31T09:15:29.968+0000] {dag.py:3954} INFO - Setting next_dagrun for hello_airflow to 2024-03-23 00:00:00+00:00, run_after=2024-03-24 00:00:00+00:00
[2026-03-31T09:15:29.992+0000] {processor.py:183} INFO - Processing /opt/airflow/dags/example.py took 0.158 seconds
[2026-03-31T09:16:00.570+0000] {processor.py:161} INFO - Started process (PID=1354) to work on /opt/airflow/dags/example.py
[2026-03-31T09:16:00.571+0000] {processor.py:830} INFO - Processing file /opt/airflow/dags/example.py for tasks to queue
[2026-03-31T09:16:00.574+0000] {logging_mixin.py:188} INFO - [2026-03-31T09:16:00.573+0000] {dagbag.py:545} INFO - Filling up the DagBag from /opt/airflow/dags/example.py
[2026-03-31T09:16:00.604+0000] {processor.py:840} INFO - DAG(s) 'hello_airflow' retrieved from /opt/airflow/dags/example.py
[2026-03-31T09:16:00.650+0000] {logging_mixin.py:188} INFO - [2026-03-31T09:16:00.650+0000] {dag.py:3096} INFO - Sync 1 DAGs
[2026-03-31T09:16:00.679+0000] {logging_mixin.py:188} INFO - [2026-03-31T09:16:00.679+0000] {dag.py:3954} INFO - Setting next_dagrun for hello_airflow to 2024-03-23 00:00:00+00:00, run_after=2024-03-24 00:00:00+00:00
[2026-03-31T09:16:00.711+0000] {processor.py:183} INFO - Processing /opt/airflow/dags/example.py took 0.154 seconds
[2026-03-31T09:16:31.252+0000] {processor.py:161} INFO - Started process (PID=1380) to work on /opt/airflow/dags/example.py
[2026-03-31T09:16:31.253+0000] {processor.py:830} INFO - Processing file /opt/airflow/dags/example.py for tasks to queue
[2026-03-31T09:16:31.255+0000] {logging_mixin.py:188} INFO - [2026-03-31T09:16:31.255+0000] {dagbag.py:545} INFO - Filling up the DagBag from /opt/airflow/dags/example.py
[2026-03-31T09:16:31.280+0000] {processor.py:840} INFO - DAG(s) 'hello_airflow' retrieved from /opt/airflow/dags/example.py
[2026-03-31T09:16:31.329+0000] {logging_mixin.py:188} INFO - [2026-03-31T09:16:31.328+0000] {dag.py:3096} INFO - Sync 1 DAGs
[2026-03-31T09:16:31.374+0000] {logging_mixin.py:188} INFO - [2026-03-31T09:16:31.374+0000] {dag.py:3954} INFO - Setting next_dagrun for hello_airflow to 2024-03-23 00:00:00+00:00, run_after=2024-03-24 00:00:00+00:00
[2026-03-31T09:16:31.397+0000] {processor.py:183} INFO - Processing /opt/airflow/dags/example.py took 0.153 seconds
[2026-03-31T09:17:02.002+0000] {processor.py:161} INFO - Started process (PID=1406) to work on /opt/airflow/dags/example.py
[2026-03-31T09:17:02.004+0000] {processor.py:830} INFO - Processing file /opt/airflow/dags/example.py for tasks to queue
[2026-03-31T09:17:02.007+0000] {logging_mixin.py:188} INFO - [2026-03-31T09:17:02.007+0000] {dagbag.py:545} INFO - Filling up the DagBag from /opt/airflow/dags/example.py
[2026-03-31T09:17:02.039+0000] {processor.py:840} INFO - DAG(s) 'hello_airflow' retrieved from /opt/airflow/dags/example.py
[2026-03-31T09:17:02.105+0000] {logging_mixin.py:188} INFO - [2026-03-31T09:17:02.103+0000] {dag.py:3096} INFO - Sync 1 DAGs
[2026-03-31T09:17:02.149+0000] {logging_mixin.py:188} INFO - [2026-03-31T09:17:02.149+0000] {dag.py:3954} INFO - Setting next_dagrun for hello_airflow to 2024-03-23 00:00:00+00:00, run_after=2024-03-24 00:00:00+00:00
[2026-03-31T09:17:02.192+0000] {processor.py:183} INFO - Processing /opt/airflow/dags/example.py took 0.199 seconds
[2026-03-31T09:18:44.280+0000] {processor.py:161} INFO - Started process (PID=201) to work on /opt/airflow/dags/example.py
[2026-03-31T09:18:44.282+0000] {processor.py:830} INFO - Processing file /opt/airflow/dags/example.py for tasks to queue
[2026-03-31T09:18:44.288+0000] {logging_mixin.py:188} INFO - [2026-03-31T09:18:44.287+0000] {dagbag.py:545} INFO - Filling up the DagBag from /opt/airflow/dags/example.py
[2026-03-31T09:18:44.368+0000] {processor.py:840} INFO - DAG(s) 'hello_airflow' retrieved from /opt/airflow/dags/example.py
[2026-03-31T09:18:45.118+0000] {logging_mixin.py:188} INFO - [2026-03-31T09:18:45.118+0000] {dag.py:3096} INFO - Sync 1 DAGs
[2026-03-31T09:18:45.193+0000] {logging_mixin.py:188} INFO - [2026-03-31T09:18:45.192+0000] {dag.py:3954} INFO - Setting next_dagrun for hello_airflow to 2024-03-23 00:00:00+00:00, run_after=2024-03-24 00:00:00+00:00
[2026-03-31T09:18:45.260+0000] {processor.py:183} INFO - Processing /opt/airflow/dags/example.py took 1.003 seconds
[2026-03-31T09:19:15.362+0000] {processor.py:161} INFO - Started process (PID=224) to work on /opt/airflow/dags/example.py
[2026-03-31T09:19:15.364+0000] {processor.py:830} INFO - Processing file /opt/airflow/dags/example.py for tasks to queue
[2026-03-31T09:19:15.367+0000] {logging_mixin.py:188} INFO - [2026-03-31T09:19:15.367+0000] {dagbag.py:545} INFO - Filling up the DagBag from /opt/airflow/dags/example.py
[2026-03-31T09:19:15.396+0000] {processor.py:840} INFO - DAG(s) 'hello_airflow' retrieved from /opt/airflow/dags/example.py
[2026-03-31T09:19:15.434+0000] {logging_mixin.py:188} INFO - [2026-03-31T09:19:15.433+0000] {dag.py:3096} INFO - Sync 1 DAGs
[2026-03-31T09:19:15.461+0000] {logging_mixin.py:188} INFO - [2026-03-31T09:19:15.461+0000] {dag.py:3954} INFO - Setting next_dagrun for hello_airflow to 2024-03-23 00:00:00+00:00, run_after=2024-03-24 00:00:00+00:00
[2026-03-31T09:19:15.490+0000] {processor.py:183} INFO - Processing /opt/airflow/dags/example.py took 0.134 seconds
[2026-03-31T09:19:46.165+0000] {processor.py:161} INFO - Started process (PID=253) to work on /opt/airflow/dags/example.py
[2026-03-31T09:19:46.167+0000] {processor.py:830} INFO - Processing file /opt/airflow/dags/example.py for tasks to queue
[2026-03-31T09:19:46.172+0000] {logging_mixin.py:188} INFO - [2026-03-31T09:19:46.171+0000] {dagbag.py:545} INFO - Filling up the DagBag from /opt/airflow/dags/example.py
[2026-03-31T09:19:46.220+0000] {processor.py:840} INFO - DAG(s) 'hello_airflow' retrieved from /opt/airflow/dags/example.py
[2026-03-31T09:19:46.286+0000] {logging_mixin.py:188} INFO - [2026-03-31T09:19:46.286+0000] {dag.py:3096} INFO - Sync 1 DAGs
[2026-03-31T09:19:46.341+0000] {logging_mixin.py:188} INFO - [2026-03-31T09:19:46.341+0000] {dag.py:3954} INFO - Setting next_dagrun for hello_airflow to 2024-03-23 00:00:00+00:00, run_after=2024-03-24 00:00:00+00:00
[2026-03-31T09:19:46.380+0000] {processor.py:183} INFO - Processing /opt/airflow/dags/example.py took 0.227 seconds
[2026-03-31T09:20:17.044+0000] {processor.py:161} INFO - Started process (PID=279) to work on /opt/airflow/dags/example.py
[2026-03-31T09:20:17.045+0000] {processor.py:830} INFO - Processing file /opt/airflow/dags/example.py for tasks to queue
[2026-03-31T09:20:17.051+0000] {logging_mixin.py:188} INFO - [2026-03-31T09:20:17.050+0000] {dagbag.py:545} INFO - Filling up the DagBag from /opt/airflow/dags/example.py
[2026-03-31T09:20:17.085+0000] {processor.py:840} INFO - DAG(s) 'hello_airflow' retrieved from /opt/airflow/dags/example.py
[2026-03-31T09:20:17.130+0000] {logging_mixin.py:188} INFO - [2026-03-31T09:20:17.130+0000] {dag.py:3096} INFO - Sync 1 DAGs
[2026-03-31T09:20:17.164+0000] {logging_mixin.py:188} INFO - [2026-03-31T09:20:17.164+0000] {dag.py:3954} INFO - Setting next_dagrun for hello_airflow to 2024-03-23 00:00:00+00:00, run_after=2024-03-24 00:00:00+00:00
[2026-03-31T09:20:17.199+0000] {processor.py:183} INFO - Processing /opt/airflow/dags/example.py took 0.167 seconds
[2026-03-31T09:20:47.796+0000] {processor.py:161} INFO - Started process (PID=305) to work on /opt/airflow/dags/example.py
[2026-03-31T09:20:47.799+0000] {processor.py:830} INFO - Processing file /opt/airflow/dags/example.py for tasks to queue
[2026-03-31T09:20:47.804+0000] {logging_mixin.py:188} INFO - [2026-03-31T09:20:47.803+0000] {dagbag.py:545} INFO - Filling up the DagBag from /opt/airflow/dags/example.py
[2026-03-31T09:20:47.846+0000] {processor.py:840} INFO - DAG(s) 'hello_airflow' retrieved from /opt/airflow/dags/example.py
[2026-03-31T09:20:47.913+0000] {logging_mixin.py:188} INFO - [2026-03-31T09:20:47.913+0000] {dag.py:3096} INFO - Sync 1 DAGs
[2026-03-31T09:20:47.957+0000] {logging_mixin.py:188} INFO - [2026-03-31T09:20:47.956+0000] {dag.py:3954} INFO - Setting next_dagrun for hello_airflow to 2024-03-23 00:00:00+00:00, run_after=2024-03-24 00:00:00+00:00
[2026-03-31T09:20:47.988+0000] {processor.py:183} INFO - Processing /opt/airflow/dags/example.py took 0.210 seconds
[2026-03-31T09:21:18.608+0000] {processor.py:161} INFO - Started process (PID=331) to work on /opt/airflow/dags/example.py
[2026-03-31T09:21:18.609+0000] {processor.py:830} INFO - Processing file /opt/airflow/dags/example.py for tasks to queue
[2026-03-31T09:21:18.612+0000] {logging_mixin.py:188} INFO - [2026-03-31T09:21:18.612+0000] {dagbag.py:545} INFO - Filling up the DagBag from /opt/airflow/dags/example.py
[2026-03-31T09:21:18.639+0000] {processor.py:840} INFO - DAG(s) 'hello_airflow' retrieved from /opt/airflow/dags/example.py
[2026-03-31T09:21:18.684+0000] {logging_mixin.py:188} INFO - [2026-03-31T09:21:18.684+0000] {dag.py:3096} INFO - Sync 1 DAGs
[2026-03-31T09:21:18.711+0000] {logging_mixin.py:188} INFO - [2026-03-31T09:21:18.711+0000] {dag.py:3954} INFO - Setting next_dagrun for hello_airflow to 2024-03-23 00:00:00+00:00, run_after=2024-03-24 00:00:00+00:00
[2026-03-31T09:21:18.739+0000] {processor.py:183} INFO - Processing /opt/airflow/dags/example.py took 0.141 seconds
[2026-03-31T09:21:49.266+0000] {processor.py:161} INFO - Started process (PID=358) to work on /opt/airflow/dags/example.py
[2026-03-31T09:21:49.269+0000] {processor.py:830} INFO - Processing file /opt/airflow/dags/example.py for tasks to queue
[2026-03-31T09:21:49.273+0000] {logging_mixin.py:188} INFO - [2026-03-31T09:21:49.272+0000] {dagbag.py:545} INFO - Filling up the DagBag from /opt/airflow/dags/example.py
[2026-03-31T09:21:49.340+0000] {processor.py:840} INFO - DAG(s) 'hello_airflow' retrieved from /opt/airflow/dags/example.py
[2026-03-31T09:21:49.421+0000] {logging_mixin.py:188} INFO - [2026-03-31T09:21:49.413+0000] {dag.py:3096} INFO - Sync 1 DAGs
[2026-03-31T09:21:49.473+0000] {logging_mixin.py:188} INFO - [2026-03-31T09:21:49.473+0000] {dag.py:3954} INFO - Setting next_dagrun for hello_airflow to 2024-03-23 00:00:00+00:00, run_after=2024-03-24 00:00:00+00:00
[2026-03-31T09:21:49.501+0000] {processor.py:183} INFO - Processing /opt/airflow/dags/example.py took 0.254 seconds
[2026-03-31T09:22:21.023+0000] {processor.py:161} INFO - Started process (PID=384) to work on /opt/airflow/dags/example.py
[2026-03-31T09:22:21.060+0000] {processor.py:830} INFO - Processing file /opt/airflow/dags/example.py for tasks to queue
[2026-03-31T09:22:21.090+0000] {logging_mixin.py:188} INFO - [2026-03-31T09:22:21.089+0000] {dagbag.py:545} INFO - Filling up the DagBag from /opt/airflow/dags/example.py
[2026-03-31T09:22:21.308+0000] {processor.py:840} INFO - DAG(s) 'hello_airflow' retrieved from /opt/airflow/dags/example.py
[2026-03-31T09:22:21.391+0000] {logging_mixin.py:188} INFO - [2026-03-31T09:22:21.391+0000] {dag.py:3096} INFO - Sync 1 DAGs
[2026-03-31T09:22:21.451+0000] {logging_mixin.py:188} INFO - [2026-03-31T09:22:21.450+0000] {dag.py:3954} INFO - Setting next_dagrun for hello_airflow to 2024-03-23 00:00:00+00:00, run_after=2024-03-24 00:00:00+00:00
[2026-03-31T09:22:21.519+0000] {processor.py:183} INFO - Processing /opt/airflow/dags/example.py took 0.588 seconds
[2026-03-31T09:22:52.113+0000] {processor.py:161} INFO - Started process (PID=410) to work on /opt/airflow/dags/example.py
[2026-03-31T09:22:52.115+0000] {processor.py:830} INFO - Processing file /opt/airflow/dags/example.py for tasks to queue
[2026-03-31T09:22:52.118+0000] {logging_mixin.py:188} INFO - [2026-03-31T09:22:52.118+0000] {dagbag.py:545} INFO - Filling up the DagBag from /opt/airflow/dags/example.py
[2026-03-31T09:22:52.142+0000] {processor.py:840} INFO - DAG(s) 'hello_airflow' retrieved from /opt/airflow/dags/example.py
[2026-03-31T09:22:52.176+0000] {logging_mixin.py:188} INFO - [2026-03-31T09:22:52.175+0000] {dag.py:3096} INFO - Sync 1 DAGs
[2026-03-31T09:22:52.198+0000] {logging_mixin.py:188} INFO - [2026-03-31T09:22:52.197+0000] {dag.py:3954} INFO - Setting next_dagrun for hello_airflow to 2024-03-23 00:00:00+00:00, run_after=2024-03-24 00:00:00+00:00
[2026-03-31T09:22:52.223+0000] {processor.py:183} INFO - Processing /opt/airflow/dags/example.py took 0.116 seconds
[2026-03-31T09:23:22.845+0000] {processor.py:161} INFO - Started process (PID=436) to work on /opt/airflow/dags/example.py
[2026-03-31T09:23:22.846+0000] {processor.py:830} INFO - Processing file /opt/airflow/dags/example.py for tasks to queue
[2026-03-31T09:23:22.849+0000] {logging_mixin.py:188} INFO - [2026-03-31T09:23:22.849+0000] {dagbag.py:545} INFO - Filling up the DagBag from /opt/airflow/dags/example.py
[2026-03-31T09:23:22.883+0000] {processor.py:840} INFO - DAG(s) 'hello_airflow' retrieved from /opt/airflow/dags/example.py
[2026-03-31T09:23:22.922+0000] {logging_mixin.py:188} INFO - [2026-03-31T09:23:22.922+0000] {dag.py:3096} INFO - Sync 1 DAGs
[2026-03-31T09:23:22.952+0000] {logging_mixin.py:188} INFO - [2026-03-31T09:23:22.952+0000] {dag.py:3954} INFO - Setting next_dagrun for hello_airflow to 2024-03-23 00:00:00+00:00, run_after=2024-03-24 00:00:00+00:00
[2026-03-31T09:23:22.979+0000] {processor.py:183} INFO - Processing /opt/airflow/dags/example.py took 0.143 seconds
[2026-03-31T09:23:53.728+0000] {processor.py:161} INFO - Started process (PID=462) to work on /opt/airflow/dags/example.py
[2026-03-31T09:23:53.730+0000] {processor.py:830} INFO - Processing file /opt/airflow/dags/example.py for tasks to queue
[2026-03-31T09:23:53.733+0000] {logging_mixin.py:188} INFO - [2026-03-31T09:23:53.733+0000] {dagbag.py:545} INFO - Filling up the DagBag from /opt/airflow/dags/example.py
[2026-03-31T09:23:53.767+0000] {processor.py:840} INFO - DAG(s) 'hello_airflow' retrieved from /opt/airflow/dags/example.py
[2026-03-31T09:23:53.805+0000] {logging_mixin.py:188} INFO - [2026-03-31T09:23:53.805+0000] {dag.py:3096} INFO - Sync 1 DAGs
[2026-03-31T09:23:53.829+0000] {logging_mixin.py:188} INFO - [2026-03-31T09:23:53.829+0000] {dag.py:3954} INFO - Setting next_dagrun for hello_airflow to 2024-03-23 00:00:00+00:00, run_after=2024-03-24 00:00:00+00:00
[2026-03-31T09:23:53.855+0000] {processor.py:183} INFO - Processing /opt/airflow/dags/example.py took 0.141 seconds
[2026-03-31T09:24:24.430+0000] {processor.py:161} INFO - Started process (PID=489) to work on /opt/airflow/dags/example.py
[2026-03-31T09:24:24.431+0000] {processor.py:830} INFO - Processing file /opt/airflow/dags/example.py for tasks to queue
[2026-03-31T09:24:24.435+0000] {logging_mixin.py:188} INFO - [2026-03-31T09:24:24.434+0000] {dagbag.py:545} INFO - Filling up the DagBag from /opt/airflow/dags/example.py
[2026-03-31T09:24:24.461+0000] {processor.py:840} INFO - DAG(s) 'hello_airflow' retrieved from /opt/airflow/dags/example.py
[2026-03-31T09:24:24.497+0000] {logging_mixin.py:188} INFO - [2026-03-31T09:24:24.497+0000] {dag.py:3096} INFO - Sync 1 DAGs
[2026-03-31T09:24:24.522+0000] {logging_mixin.py:188} INFO - [2026-03-31T09:24:24.521+0000] {dag.py:3954} INFO - Setting next_dagrun for hello_airflow to 2024-03-23 00:00:00+00:00, run_after=2024-03-24 00:00:00+00:00
[2026-03-31T09:24:24.548+0000] {processor.py:183} INFO - Processing /opt/airflow/dags/example.py took 0.124 seconds
[2026-03-31T09:24:55.127+0000] {processor.py:161} INFO - Started process (PID=515) to work on /opt/airflow/dags/example.py
[2026-03-31T09:24:55.128+0000] {processor.py:830} INFO - Processing file /opt/airflow/dags/example.py for tasks to queue
[2026-03-31T09:24:55.130+0000] {logging_mixin.py:188} INFO - [2026-03-31T09:24:55.130+0000] {dagbag.py:545} INFO - Filling up the DagBag from /opt/airflow/dags/example.py
[2026-03-31T09:24:55.154+0000] {processor.py:840} INFO - DAG(s) 'hello_airflow' retrieved from /opt/airflow/dags/example.py
[2026-03-31T09:24:55.191+0000] {logging_mixin.py:188} INFO - [2026-03-31T09:24:55.191+0000] {dag.py:3096} INFO - Sync 1 DAGs
[2026-03-31T09:24:55.213+0000] {logging_mixin.py:188} INFO - [2026-03-31T09:24:55.213+0000] {dag.py:3954} INFO - Setting next_dagrun for hello_airflow to 2024-03-23 00:00:00+00:00, run_after=2024-03-24 00:00:00+00:00
[2026-03-31T09:24:55.241+0000] {processor.py:183} INFO - Processing /opt/airflow/dags/example.py took 0.121 seconds
[2026-03-31T09:25:25.924+0000] {processor.py:161} INFO - Started process (PID=541) to work on /opt/airflow/dags/example.py
[2026-03-31T09:25:25.925+0000] {processor.py:830} INFO - Processing file /opt/airflow/dags/example.py for tasks to queue
[2026-03-31T09:25:25.927+0000] {logging_mixin.py:188} INFO - [2026-03-31T09:25:25.927+0000] {dagbag.py:545} INFO - Filling up the DagBag from /opt/airflow/dags/example.py
[2026-03-31T09:25:25.948+0000] {processor.py:840} INFO - DAG(s) 'hello_airflow' retrieved from /opt/airflow/dags/example.py
[2026-03-31T09:25:25.982+0000] {logging_mixin.py:188} INFO - [2026-03-31T09:25:25.981+0000] {dag.py:3096} INFO - Sync 1 DAGs
[2026-03-31T09:25:26.002+0000] {logging_mixin.py:188} INFO - [2026-03-31T09:25:26.002+0000] {dag.py:3954} INFO - Setting next_dagrun for hello_airflow to 2024-03-23 00:00:00+00:00, run_after=2024-03-24 00:00:00+00:00
[2026-03-31T09:25:26.026+0000] {processor.py:183} INFO - Processing /opt/airflow/dags/example.py took 0.109 seconds
[2026-03-31T09:25:56.752+0000] {processor.py:161} INFO - Started process (PID=567) to work on /opt/airflow/dags/example.py
[2026-03-31T09:25:56.753+0000] {processor.py:830} INFO - Processing file /opt/airflow/dags/example.py for tasks to queue
[2026-03-31T09:25:56.754+0000] {logging_mixin.py:188} INFO - [2026-03-31T09:25:56.754+0000] {dagbag.py:545} INFO - Filling up the DagBag from /opt/airflow/dags/example.py
[2026-03-31T09:25:56.773+0000] {processor.py:840} INFO - DAG(s) 'hello_airflow' retrieved from /opt/airflow/dags/example.py
[2026-03-31T09:25:56.806+0000] {logging_mixin.py:188} INFO - [2026-03-31T09:25:56.806+0000] {dag.py:3096} INFO - Sync 1 DAGs
[2026-03-31T09:25:56.828+0000] {logging_mixin.py:188} INFO - [2026-03-31T09:25:56.828+0000] {dag.py:3954} INFO - Setting next_dagrun for hello_airflow to 2024-03-23 00:00:00+00:00, run_after=2024-03-24 00:00:00+00:00
[2026-03-31T09:25:56.858+0000] {processor.py:183} INFO - Processing /opt/airflow/dags/example.py took 0.112 seconds
[2026-03-31T09:28:09.421+0000] {processor.py:161} INFO - Started process (PID=194) to work on /opt/airflow/dags/example.py
[2026-03-31T09:28:09.423+0000] {processor.py:830} INFO - Processing file /opt/airflow/dags/example.py for tasks to queue
[2026-03-31T09:28:09.426+0000] {logging_mixin.py:188} INFO - [2026-03-31T09:28:09.426+0000] {dagbag.py:545} INFO - Filling up the DagBag from /opt/airflow/dags/example.py
[2026-03-31T09:28:09.461+0000] {processor.py:840} INFO - DAG(s) 'hello_airflow' retrieved from /opt/airflow/dags/example.py
[2026-03-31T09:28:10.042+0000] {logging_mixin.py:188} INFO - [2026-03-31T09:28:10.042+0000] {dag.py:3096} INFO - Sync 1 DAGs
[2026-03-31T09:28:10.090+0000] {logging_mixin.py:188} INFO - [2026-03-31T09:28:10.089+0000] {dag.py:3954} INFO - Setting next_dagrun for hello_airflow to 2024-03-23 00:00:00+00:00, run_after=2024-03-24 00:00:00+00:00
[2026-03-31T09:28:10.140+0000] {processor.py:183} INFO - Processing /opt/airflow/dags/example.py took 0.726 seconds
[2026-03-31T09:28:40.971+0000] {processor.py:161} INFO - Started process (PID=222) to work on /opt/airflow/dags/example.py
[2026-03-31T09:28:40.973+0000] {processor.py:830} INFO - Processing file /opt/airflow/dags/example.py for tasks to queue
[2026-03-31T09:28:40.976+0000] {logging_mixin.py:188} INFO - [2026-03-31T09:28:40.976+0000] {dagbag.py:545} INFO - Filling up the DagBag from /opt/airflow/dags/example.py
[2026-03-31T09:28:41.014+0000] {processor.py:840} INFO - DAG(s) 'hello_airflow' retrieved from /opt/airflow/dags/example.py
[2026-03-31T09:28:41.064+0000] {logging_mixin.py:188} INFO - [2026-03-31T09:28:41.063+0000] {dag.py:3096} INFO - Sync 1 DAGs
[2026-03-31T09:28:41.096+0000] {logging_mixin.py:188} INFO - [2026-03-31T09:28:41.096+0000] {dag.py:3954} INFO - Setting next_dagrun for hello_airflow to 2024-03-23 00:00:00+00:00, run_after=2024-03-24 00:00:00+00:00
[2026-03-31T09:28:41.124+0000] {processor.py:183} INFO - Processing /opt/airflow/dags/example.py took 0.163 seconds
[2026-03-31T09:29:11.813+0000] {processor.py:161} INFO - Started process (PID=262) to work on /opt/airflow/dags/example.py
[2026-03-31T09:29:11.815+0000] {processor.py:830} INFO - Processing file /opt/airflow/dags/example.py for tasks to queue
[2026-03-31T09:29:11.817+0000] {logging_mixin.py:188} INFO - [2026-03-31T09:29:11.817+0000] {dagbag.py:545} INFO - Filling up the DagBag from /opt/airflow/dags/example.py
[2026-03-31T09:29:11.847+0000] {processor.py:840} INFO - DAG(s) 'hello_airflow' retrieved from /opt/airflow/dags/example.py
[2026-03-31T09:29:11.883+0000] {logging_mixin.py:188} INFO - [2026-03-31T09:29:11.883+0000] {dag.py:3096} INFO - Sync 1 DAGs
[2026-03-31T09:29:11.913+0000] {logging_mixin.py:188} INFO - [2026-03-31T09:29:11.913+0000] {dag.py:3954} INFO - Setting next_dagrun for hello_airflow to 2024-03-23 00:00:00+00:00, run_after=2024-03-24 00:00:00+00:00
[2026-03-31T09:29:11.940+0000] {processor.py:183} INFO - Processing /opt/airflow/dags/example.py took 0.134 seconds
[2026-03-31T09:29:42.663+0000] {processor.py:161} INFO - Started process (PID=289) to work on /opt/airflow/dags/example.py
[2026-03-31T09:29:42.665+0000] {processor.py:830} INFO - Processing file /opt/airflow/dags/example.py for tasks to queue
[2026-03-31T09:29:42.673+0000] {logging_mixin.py:188} INFO - [2026-03-31T09:29:42.671+0000] {dagbag.py:545} INFO - Filling up the DagBag from /opt/airflow/dags/example.py
[2026-03-31T09:29:42.717+0000] {processor.py:840} INFO - DAG(s) 'hello_airflow' retrieved from /opt/airflow/dags/example.py
[2026-03-31T09:29:42.768+0000] {logging_mixin.py:188} INFO - [2026-03-31T09:29:42.767+0000] {dag.py:3096} INFO - Sync 1 DAGs
[2026-03-31T09:29:42.807+0000] {logging_mixin.py:188} INFO - [2026-03-31T09:29:42.807+0000] {dag.py:3954} INFO - Setting next_dagrun for hello_airflow to 2024-03-23 00:00:00+00:00, run_after=2024-03-24 00:00:00+00:00
[2026-03-31T09:29:42.832+0000] {processor.py:183} INFO - Processing /opt/airflow/dags/example.py took 0.182 seconds
[2026-03-31T09:30:13.489+0000] {processor.py:161} INFO - Started process (PID=316) to work on /opt/airflow/dags/example.py
[2026-03-31T09:30:13.491+0000] {processor.py:830} INFO - Processing file /opt/airflow/dags/example.py for tasks to queue
[2026-03-31T09:30:13.493+0000] {logging_mixin.py:188} INFO - [2026-03-31T09:30:13.493+0000] {dagbag.py:545} INFO - Filling up the DagBag from /opt/airflow/dags/example.py
[2026-03-31T09:30:13.521+0000] {processor.py:840} INFO - DAG(s) 'hello_airflow' retrieved from /opt/airflow/dags/example.py
[2026-03-31T09:30:13.563+0000] {logging_mixin.py:188} INFO - [2026-03-31T09:30:13.563+0000] {dag.py:3096} INFO - Sync 1 DAGs
[2026-03-31T09:30:13.592+0000] {logging_mixin.py:188} INFO - [2026-03-31T09:30:13.591+0000] {dag.py:3954} INFO - Setting next_dagrun for hello_airflow to 2024-03-23 00:00:00+00:00, run_after=2024-03-24 00:00:00+00:00
[2026-03-31T09:30:13.619+0000] {processor.py:183} INFO - Processing /opt/airflow/dags/example.py took 0.137 seconds
[2026-03-31T09:30:44.171+0000] {processor.py:161} INFO - Started process (PID=342) to work on /opt/airflow/dags/example.py
[2026-03-31T09:30:44.172+0000] {processor.py:830} INFO - Processing file /opt/airflow/dags/example.py for tasks to queue
[2026-03-31T09:30:44.175+0000] {logging_mixin.py:188} INFO - [2026-03-31T09:30:44.175+0000] {dagbag.py:545} INFO - Filling up the DagBag from /opt/airflow/dags/example.py
[2026-03-31T09:30:44.200+0000] {processor.py:840} INFO - DAG(s) 'hello_airflow' retrieved from /opt/airflow/dags/example.py
[2026-03-31T09:30:44.232+0000] {logging_mixin.py:188} INFO - [2026-03-31T09:30:44.232+0000] {dag.py:3096} INFO - Sync 1 DAGs
[2026-03-31T09:30:44.256+0000] {logging_mixin.py:188} INFO - [2026-03-31T09:30:44.255+0000] {dag.py:3954} INFO - Setting next_dagrun for hello_airflow to 2024-03-23 00:00:00+00:00, run_after=2024-03-24 00:00:00+00:00
[2026-03-31T09:30:44.283+0000] {processor.py:183} INFO - Processing /opt/airflow/dags/example.py took 0.122 seconds
[2026-03-31T09:31:14.985+0000] {processor.py:161} INFO - Started process (PID=369) to work on /opt/airflow/dags/example.py
[2026-03-31T09:31:14.986+0000] {processor.py:830} INFO - Processing file /opt/airflow/dags/example.py for tasks to queue
[2026-03-31T09:31:14.989+0000] {logging_mixin.py:188} INFO - [2026-03-31T09:31:14.989+0000] {dagbag.py:545} INFO - Filling up the DagBag from /opt/airflow/dags/example.py
[2026-03-31T09:31:15.020+0000] {processor.py:840} INFO - DAG(s) 'hello_airflow' retrieved from /opt/airflow/dags/example.py
[2026-03-31T09:31:15.062+0000] {logging_mixin.py:188} INFO - [2026-03-31T09:31:15.061+0000] {dag.py:3096} INFO - Sync 1 DAGs
[2026-03-31T09:31:15.090+0000] {logging_mixin.py:188} INFO - [2026-03-31T09:31:15.089+0000] {dag.py:3954} INFO - Setting next_dagrun for hello_airflow to 2024-03-23 00:00:00+00:00, run_after=2024-03-24 00:00:00+00:00
[2026-03-31T09:31:15.120+0000] {processor.py:183} INFO - Processing /opt/airflow/dags/example.py took 0.144 seconds
[2026-03-31T09:31:45.739+0000] {processor.py:161} INFO - Started process (PID=396) to work on /opt/airflow/dags/example.py
[2026-03-31T09:31:45.740+0000] {processor.py:830} INFO - Processing file /opt/airflow/dags/example.py for tasks to queue
[2026-03-31T09:31:45.744+0000] {logging_mixin.py:188} INFO - [2026-03-31T09:31:45.744+0000] {dagbag.py:545} INFO - Filling up the DagBag from /opt/airflow/dags/example.py
[2026-03-31T09:31:45.774+0000] {processor.py:840} INFO - DAG(s) 'hello_airflow' retrieved from /opt/airflow/dags/example.py
[2026-03-31T09:31:45.816+0000] {logging_mixin.py:188} INFO - [2026-03-31T09:31:45.815+0000] {dag.py:3096} INFO - Sync 1 DAGs
[2026-03-31T09:31:45.848+0000] {logging_mixin.py:188} INFO - [2026-03-31T09:31:45.847+0000] {dag.py:3954} INFO - Setting next_dagrun for hello_airflow to 2024-03-23 00:00:00+00:00, run_after=2024-03-24 00:00:00+00:00
[2026-03-31T09:31:45.881+0000] {processor.py:183} INFO - Processing /opt/airflow/dags/example.py took 0.149 seconds
[2026-03-31T09:32:16.469+0000] {processor.py:161} INFO - Started process (PID=422) to work on /opt/airflow/dags/example.py
[2026-03-31T09:32:16.470+0000] {processor.py:830} INFO - Processing file /opt/airflow/dags/example.py for tasks to queue
[2026-03-31T09:32:16.472+0000] {logging_mixin.py:188} INFO - [2026-03-31T09:32:16.472+0000] {dagbag.py:545} INFO - Filling up the DagBag from /opt/airflow/dags/example.py
[2026-03-31T09:32:16.495+0000] {processor.py:840} INFO - DAG(s) 'hello_airflow' retrieved from /opt/airflow/dags/example.py
[2026-03-31T09:32:16.535+0000] {logging_mixin.py:188} INFO - [2026-03-31T09:32:16.535+0000] {dag.py:3096} INFO - Sync 1 DAGs
[2026-03-31T09:32:16.560+0000] {logging_mixin.py:188} INFO - [2026-03-31T09:32:16.559+0000] {dag.py:3954} INFO - Setting next_dagrun for hello_airflow to 2024-03-23 00:00:00+00:00, run_after=2024-03-24 00:00:00+00:00
[2026-03-31T09:32:16.588+0000] {processor.py:183} INFO - Processing /opt/airflow/dags/example.py took 0.126 seconds
[2026-03-31T09:32:47.148+0000] {processor.py:161} INFO - Started process (PID=448) to work on /opt/airflow/dags/example.py
[2026-03-31T09:32:47.149+0000] {processor.py:830} INFO - Processing file /opt/airflow/dags/example.py for tasks to queue
[2026-03-31T09:32:47.152+0000] {logging_mixin.py:188} INFO - [2026-03-31T09:32:47.151+0000] {dagbag.py:545} INFO - Filling up the DagBag from /opt/airflow/dags/example.py
[2026-03-31T09:32:47.181+0000] {processor.py:840} INFO - DAG(s) 'hello_airflow' retrieved from /opt/airflow/dags/example.py
[2026-03-31T09:32:47.221+0000] {logging_mixin.py:188} INFO - [2026-03-31T09:32:47.220+0000] {dag.py:3096} INFO - Sync 1 DAGs
[2026-03-31T09:32:47.246+0000] {logging_mixin.py:188} INFO - [2026-03-31T09:32:47.246+0000] {dag.py:3954} INFO - Setting next_dagrun for hello_airflow to 2024-03-23 00:00:00+00:00, run_after=2024-03-24 00:00:00+00:00
[2026-03-31T09:32:47.272+0000] {processor.py:183} INFO - Processing /opt/airflow/dags/example.py took 0.132 seconds
[2026-03-31T09:33:18.095+0000] {processor.py:161} INFO - Started process (PID=474) to work on /opt/airflow/dags/example.py
[2026-03-31T09:33:18.097+0000] {processor.py:830} INFO - Processing file /opt/airflow/dags/example.py for tasks to queue
[2026-03-31T09:33:18.099+0000] {logging_mixin.py:188} INFO - [2026-03-31T09:33:18.099+0000] {dagbag.py:545} INFO - Filling up the DagBag from /opt/airflow/dags/example.py
[2026-03-31T09:33:18.122+0000] {processor.py:840} INFO - DAG(s) 'hello_airflow' retrieved from /opt/airflow/dags/example.py
[2026-03-31T09:33:18.155+0000] {logging_mixin.py:188} INFO - [2026-03-31T09:33:18.155+0000] {dag.py:3096} INFO - Sync 1 DAGs
[2026-03-31T09:33:18.177+0000] {logging_mixin.py:188} INFO - [2026-03-31T09:33:18.177+0000] {dag.py:3954} INFO - Setting next_dagrun for hello_airflow to 2024-03-23 00:00:00+00:00, run_after=2024-03-24 00:00:00+00:00
[2026-03-31T09:33:18.199+0000] {processor.py:183} INFO - Processing /opt/airflow/dags/example.py took 0.112 seconds
[2026-03-31T09:33:48.770+0000] {processor.py:161} INFO - Started process (PID=500) to work on /opt/airflow/dags/example.py
[2026-03-31T09:33:48.773+0000] {processor.py:830} INFO - Processing file /opt/airflow/dags/example.py for tasks to queue
[2026-03-31T09:33:48.776+0000] {logging_mixin.py:188} INFO - [2026-03-31T09:33:48.776+0000] {dagbag.py:545} INFO - Filling up the DagBag from /opt/airflow/dags/example.py
[2026-03-31T09:33:48.836+0000] {processor.py:840} INFO - DAG(s) 'hello_airflow' retrieved from /opt/airflow/dags/example.py
[2026-03-31T09:33:48.891+0000] {logging_mixin.py:188} INFO - [2026-03-31T09:33:48.891+0000] {dag.py:3096} INFO - Sync 1 DAGs
[2026-03-31T09:33:48.916+0000] {logging_mixin.py:188} INFO - [2026-03-31T09:33:48.916+0000] {dag.py:3954} INFO - Setting next_dagrun for hello_airflow to 2024-03-23 00:00:00+00:00, run_after=2024-03-24 00:00:00+00:00
[2026-03-31T09:33:48.956+0000] {processor.py:183} INFO - Processing /opt/airflow/dags/example.py took 0.209 seconds
[2026-03-31T09:34:19.649+0000] {processor.py:161} INFO - Started process (PID=526) to work on /opt/airflow/dags/example.py
[2026-03-31T09:34:19.650+0000] {processor.py:830} INFO - Processing file /opt/airflow/dags/example.py for tasks to queue
[2026-03-31T09:34:19.652+0000] {logging_mixin.py:188} INFO - [2026-03-31T09:34:19.652+0000] {dagbag.py:545} INFO - Filling up the DagBag from /opt/airflow/dags/example.py
[2026-03-31T09:34:19.672+0000] {processor.py:840} INFO - DAG(s) 'hello_airflow' retrieved from /opt/airflow/dags/example.py
[2026-03-31T09:34:19.704+0000] {logging_mixin.py:188} INFO - [2026-03-31T09:34:19.704+0000] {dag.py:3096} INFO - Sync 1 DAGs
[2026-03-31T09:34:19.726+0000] {logging_mixin.py:188} INFO - [2026-03-31T09:34:19.726+0000] {dag.py:3954} INFO - Setting next_dagrun for hello_airflow to 2024-03-23 00:00:00+00:00, run_after=2024-03-24 00:00:00+00:00
[2026-03-31T09:34:19.750+0000] {processor.py:183} INFO - Processing /opt/airflow/dags/example.py took 0.107 seconds
[2026-03-31T09:34:50.406+0000] {processor.py:161} INFO - Started process (PID=552) to work on /opt/airflow/dags/example.py
[2026-03-31T09:34:50.408+0000] {processor.py:830} INFO - Processing file /opt/airflow/dags/example.py for tasks to queue
[2026-03-31T09:34:50.410+0000] {logging_mixin.py:188} INFO - [2026-03-31T09:34:50.410+0000] {dagbag.py:545} INFO - Filling up the DagBag from /opt/airflow/dags/example.py
[2026-03-31T09:34:50.440+0000] {processor.py:840} INFO - DAG(s) 'hello_airflow' retrieved from /opt/airflow/dags/example.py
[2026-03-31T09:34:50.476+0000] {logging_mixin.py:188} INFO - [2026-03-31T09:34:50.476+0000] {dag.py:3096} INFO - Sync 1 DAGs
[2026-03-31T09:34:50.502+0000] {logging_mixin.py:188} INFO - [2026-03-31T09:34:50.501+0000] {dag.py:3954} INFO - Setting next_dagrun for hello_airflow to 2024-03-23 00:00:00+00:00, run_after=2024-03-24 00:00:00+00:00
[2026-03-31T09:34:50.533+0000] {processor.py:183} INFO - Processing /opt/airflow/dags/example.py took 0.135 seconds
[2026-03-31T09:35:21.135+0000] {processor.py:161} INFO - Started process (PID=578) to work on /opt/airflow/dags/example.py
[2026-03-31T09:35:21.136+0000] {processor.py:830} INFO - Processing file /opt/airflow/dags/example.py for tasks to queue
[2026-03-31T09:35:21.139+0000] {logging_mixin.py:188} INFO - [2026-03-31T09:35:21.139+0000] {dagbag.py:545} INFO - Filling up the DagBag from /opt/airflow/dags/example.py
[2026-03-31T09:35:21.165+0000] {processor.py:840} INFO - DAG(s) 'hello_airflow' retrieved from /opt/airflow/dags/example.py
[2026-03-31T09:35:21.198+0000] {logging_mixin.py:188} INFO - [2026-03-31T09:35:21.198+0000] {dag.py:3096} INFO - Sync 1 DAGs
[2026-03-31T09:35:21.222+0000] {logging_mixin.py:188} INFO - [2026-03-31T09:35:21.222+0000] {dag.py:3954} INFO - Setting next_dagrun for hello_airflow to 2024-03-23 00:00:00+00:00, run_after=2024-03-24 00:00:00+00:00
[2026-03-31T09:35:21.255+0000] {processor.py:183} INFO - Processing /opt/airflow/dags/example.py took 0.127 seconds
[2026-03-31T09:35:51.810+0000] {processor.py:161} INFO - Started process (PID=604) to work on /opt/airflow/dags/example.py
[2026-03-31T09:35:51.812+0000] {processor.py:830} INFO - Processing file /opt/airflow/dags/example.py for tasks to queue
[2026-03-31T09:35:51.815+0000] {logging_mixin.py:188} INFO - [2026-03-31T09:35:51.814+0000] {dagbag.py:545} INFO - Filling up the DagBag from /opt/airflow/dags/example.py
[2026-03-31T09:35:51.847+0000] {processor.py:840} INFO - DAG(s) 'hello_airflow' retrieved from /opt/airflow/dags/example.py
[2026-03-31T09:35:51.894+0000] {logging_mixin.py:188} INFO - [2026-03-31T09:35:51.894+0000] {dag.py:3096} INFO - Sync 1 DAGs
[2026-03-31T09:35:51.920+0000] {logging_mixin.py:188} INFO - [2026-03-31T09:35:51.920+0000] {dag.py:3954} INFO - Setting next_dagrun for hello_airflow to 2024-03-23 00:00:00+00:00, run_after=2024-03-24 00:00:00+00:00
[2026-03-31T09:35:51.944+0000] {processor.py:183} INFO - Processing /opt/airflow/dags/example.py took 0.142 seconds
[2026-03-31T09:36:22.565+0000] {processor.py:161} INFO - Started process (PID=630) to work on /opt/airflow/dags/example.py
[2026-03-31T09:36:22.567+0000] {processor.py:830} INFO - Processing file /opt/airflow/dags/example.py for tasks to queue
[2026-03-31T09:36:22.569+0000] {logging_mixin.py:188} INFO - [2026-03-31T09:36:22.569+0000] {dagbag.py:545} INFO - Filling up the DagBag from /opt/airflow/dags/example.py
[2026-03-31T09:36:22.596+0000] {processor.py:840} INFO - DAG(s) 'hello_airflow' retrieved from /opt/airflow/dags/example.py
[2026-03-31T09:36:22.627+0000] {logging_mixin.py:188} INFO - [2026-03-31T09:36:22.627+0000] {dag.py:3096} INFO - Sync 1 DAGs
[2026-03-31T09:36:22.653+0000] {logging_mixin.py:188} INFO - [2026-03-31T09:36:22.653+0000] {dag.py:3954} INFO - Setting next_dagrun for hello_airflow to 2024-03-23 00:00:00+00:00, run_after=2024-03-24 00:00:00+00:00
[2026-03-31T09:36:22.677+0000] {processor.py:183} INFO - Processing /opt/airflow/dags/example.py took 0.118 seconds
[2026-03-31T09:36:53.434+0000] {processor.py:161} INFO - Started process (PID=656) to work on /opt/airflow/dags/example.py
[2026-03-31T09:36:53.439+0000] {processor.py:830} INFO - Processing file /opt/airflow/dags/example.py for tasks to queue
[2026-03-31T09:36:53.448+0000] {logging_mixin.py:188} INFO - [2026-03-31T09:36:53.447+0000] {dagbag.py:545} INFO - Filling up the DagBag from /opt/airflow/dags/example.py
[2026-03-31T09:36:53.504+0000] {processor.py:840} INFO - DAG(s) 'hello_airflow' retrieved from /opt/airflow/dags/example.py
[2026-03-31T09:36:53.578+0000] {logging_mixin.py:188} INFO - [2026-03-31T09:36:53.578+0000] {dag.py:3096} INFO - Sync 1 DAGs
[2026-03-31T09:36:53.626+0000] {logging_mixin.py:188} INFO - [2026-03-31T09:36:53.626+0000] {dag.py:3954} INFO - Setting next_dagrun for hello_airflow to 2024-03-23 00:00:00+00:00, run_after=2024-03-24 00:00:00+00:00
[2026-03-31T09:36:53.661+0000] {processor.py:183} INFO - Processing /opt/airflow/dags/example.py took 0.244 seconds
[2026-03-31T09:37:24.305+0000] {processor.py:161} INFO - Started process (PID=682) to work on /opt/airflow/dags/example.py
[2026-03-31T09:37:24.307+0000] {processor.py:830} INFO - Processing file /opt/airflow/dags/example.py for tasks to queue
[2026-03-31T09:37:24.316+0000] {logging_mixin.py:188} INFO - [2026-03-31T09:37:24.315+0000] {dagbag.py:545} INFO - Filling up the DagBag from /opt/airflow/dags/example.py
[2026-03-31T09:37:24.351+0000] {processor.py:840} INFO - DAG(s) 'hello_airflow' retrieved from /opt/airflow/dags/example.py
[2026-03-31T09:37:24.388+0000] {logging_mixin.py:188} INFO - [2026-03-31T09:37:24.388+0000] {dag.py:3096} INFO - Sync 1 DAGs
[2026-03-31T09:37:24.413+0000] {logging_mixin.py:188} INFO - [2026-03-31T09:37:24.413+0000] {dag.py:3954} INFO - Setting next_dagrun for hello_airflow to 2024-03-23 00:00:00+00:00, run_after=2024-03-24 00:00:00+00:00
[2026-03-31T09:37:24.437+0000] {processor.py:183} INFO - Processing /opt/airflow/dags/example.py took 0.143 seconds
[2026-03-31T09:37:55.090+0000] {processor.py:161} INFO - Started process (PID=708) to work on /opt/airflow/dags/example.py
[2026-03-31T09:37:55.092+0000] {processor.py:830} INFO - Processing file /opt/airflow/dags/example.py for tasks to queue
[2026-03-31T09:37:55.094+0000] {logging_mixin.py:188} INFO - [2026-03-31T09:37:55.094+0000] {dagbag.py:545} INFO - Filling up the DagBag from /opt/airflow/dags/example.py
[2026-03-31T09:37:55.121+0000] {processor.py:840} INFO - DAG(s) 'hello_airflow' retrieved from /opt/airflow/dags/example.py
[2026-03-31T09:37:55.158+0000] {logging_mixin.py:188} INFO - [2026-03-31T09:37:55.158+0000] {dag.py:3096} INFO - Sync 1 DAGs
[2026-03-31T09:37:55.181+0000] {logging_mixin.py:188} INFO - [2026-03-31T09:37:55.181+0000] {dag.py:3954} INFO - Setting next_dagrun for hello_airflow to 2024-03-23 00:00:00+00:00, run_after=2024-03-24 00:00:00+00:00
[2026-03-31T09:37:55.219+0000] {processor.py:183} INFO - Processing /opt/airflow/dags/example.py took 0.135 seconds
[2026-03-31T09:38:26.102+0000] {processor.py:161} INFO - Started process (PID=734) to work on /opt/airflow/dags/example.py
[2026-03-31T09:38:26.103+0000] {processor.py:830} INFO - Processing file /opt/airflow/dags/example.py for tasks to queue
[2026-03-31T09:38:26.106+0000] {logging_mixin.py:188} INFO - [2026-03-31T09:38:26.105+0000] {dagbag.py:545} INFO - Filling up the DagBag from /opt/airflow/dags/example.py
[2026-03-31T09:38:26.132+0000] {processor.py:840} INFO - DAG(s) 'hello_airflow' retrieved from /opt/airflow/dags/example.py
[2026-03-31T09:38:26.166+0000] {logging_mixin.py:188} INFO - [2026-03-31T09:38:26.165+0000] {dag.py:3096} INFO - Sync 1 DAGs
[2026-03-31T09:38:26.189+0000] {logging_mixin.py:188} INFO - [2026-03-31T09:38:26.189+0000] {dag.py:3954} INFO - Setting next_dagrun for hello_airflow to 2024-03-23 00:00:00+00:00, run_after=2024-03-24 00:00:00+00:00
[2026-03-31T09:38:26.212+0000] {processor.py:183} INFO - Processing /opt/airflow/dags/example.py took 0.118 seconds
[2026-03-31T09:38:56.873+0000] {processor.py:161} INFO - Started process (PID=760) to work on /opt/airflow/dags/example.py
[2026-03-31T09:38:56.874+0000] {processor.py:830} INFO - Processing file /opt/airflow/dags/example.py for tasks to queue
[2026-03-31T09:38:56.877+0000] {logging_mixin.py:188} INFO - [2026-03-31T09:38:56.877+0000] {dagbag.py:545} INFO - Filling up the DagBag from /opt/airflow/dags/example.py
[2026-03-31T09:38:56.902+0000] {processor.py:840} INFO - DAG(s) 'hello_airflow' retrieved from /opt/airflow/dags/example.py
[2026-03-31T09:38:56.947+0000] {logging_mixin.py:188} INFO - [2026-03-31T09:38:56.946+0000] {dag.py:3096} INFO - Sync 1 DAGs
[2026-03-31T09:38:56.974+0000] {logging_mixin.py:188} INFO - [2026-03-31T09:38:56.974+0000] {dag.py:3954} INFO - Setting next_dagrun for hello_airflow to 2024-03-23 00:00:00+00:00, run_after=2024-03-24 00:00:00+00:00
[2026-03-31T09:38:56.999+0000] {processor.py:183} INFO - Processing /opt/airflow/dags/example.py took 0.135 seconds
[2026-03-31T09:39:27.664+0000] {processor.py:161} INFO - Started process (PID=786) to work on /opt/airflow/dags/example.py
[2026-03-31T09:39:27.666+0000] {processor.py:830} INFO - Processing file /opt/airflow/dags/example.py for tasks to queue
[2026-03-31T09:39:27.668+0000] {logging_mixin.py:188} INFO - [2026-03-31T09:39:27.668+0000] {dagbag.py:545} INFO - Filling up the DagBag from /opt/airflow/dags/example.py
[2026-03-31T09:39:27.689+0000] {processor.py:840} INFO - DAG(s) 'hello_airflow' retrieved from /opt/airflow/dags/example.py
[2026-03-31T09:39:27.722+0000] {logging_mixin.py:188} INFO - [2026-03-31T09:39:27.722+0000] {dag.py:3096} INFO - Sync 1 DAGs
[2026-03-31T09:39:27.744+0000] {logging_mixin.py:188} INFO - [2026-03-31T09:39:27.744+0000] {dag.py:3954} INFO - Setting next_dagrun for hello_airflow to 2024-03-23 00:00:00+00:00, run_after=2024-03-24 00:00:00+00:00
[2026-03-31T09:39:27.768+0000] {processor.py:183} INFO - Processing /opt/airflow/dags/example.py took 0.111 seconds
[2026-03-31T09:39:58.372+0000] {processor.py:161} INFO - Started process (PID=812) to work on /opt/airflow/dags/example.py
[2026-03-31T09:39:58.374+0000] {processor.py:830} INFO - Processing file /opt/airflow/dags/example.py for tasks to queue
[2026-03-31T09:39:58.376+0000] {logging_mixin.py:188} INFO - [2026-03-31T09:39:58.375+0000] {dagbag.py:545} INFO - Filling up the DagBag from /opt/airflow/dags/example.py
[2026-03-31T09:39:58.398+0000] {processor.py:840} INFO - DAG(s) 'hello_airflow' retrieved from /opt/airflow/dags/example.py
[2026-03-31T09:39:58.429+0000] {logging_mixin.py:188} INFO - [2026-03-31T09:39:58.429+0000] {dag.py:3096} INFO - Sync 1 DAGs
[2026-03-31T09:39:58.452+0000] {logging_mixin.py:188} INFO - [2026-03-31T09:39:58.452+0000] {dag.py:3954} INFO - Setting next_dagrun for hello_airflow to 2024-03-23 00:00:00+00:00, run_after=2024-03-24 00:00:00+00:00
[2026-03-31T09:39:58.482+0000] {processor.py:183} INFO - Processing /opt/airflow/dags/example.py took 0.115 seconds
[2026-03-31T09:40:28.924+0000] {processor.py:161} INFO - Started process (PID=838) to work on /opt/airflow/dags/example.py
[2026-03-31T09:40:28.925+0000] {processor.py:830} INFO - Processing file /opt/airflow/dags/example.py for tasks to queue
[2026-03-31T09:40:28.927+0000] {logging_mixin.py:188} INFO - [2026-03-31T09:40:28.926+0000] {dagbag.py:545} INFO - Filling up the DagBag from /opt/airflow/dags/example.py
[2026-03-31T09:40:28.947+0000] {processor.py:840} INFO - DAG(s) 'hello_airflow' retrieved from /opt/airflow/dags/example.py
[2026-03-31T09:40:28.986+0000] {logging_mixin.py:188} INFO - [2026-03-31T09:40:28.986+0000] {dag.py:3096} INFO - Sync 1 DAGs
[2026-03-31T09:40:29.014+0000] {logging_mixin.py:188} INFO - [2026-03-31T09:40:29.013+0000] {dag.py:3954} INFO - Setting next_dagrun for hello_airflow to 2024-03-23 00:00:00+00:00, run_after=2024-03-24 00:00:00+00:00
[2026-03-31T09:40:29.036+0000] {processor.py:183} INFO - Processing /opt/airflow/dags/example.py took 0.119 seconds
[2026-03-31T09:40:59.629+0000] {processor.py:161} INFO - Started process (PID=864) to work on /opt/airflow/dags/example.py
[2026-03-31T09:40:59.630+0000] {processor.py:830} INFO - Processing file /opt/airflow/dags/example.py for tasks to queue
[2026-03-31T09:40:59.633+0000] {logging_mixin.py:188} INFO - [2026-03-31T09:40:59.633+0000] {dagbag.py:545} INFO - Filling up the DagBag from /opt/airflow/dags/example.py
[2026-03-31T09:40:59.655+0000] {processor.py:840} INFO - DAG(s) 'hello_airflow' retrieved from /opt/airflow/dags/example.py
[2026-03-31T09:40:59.686+0000] {logging_mixin.py:188} INFO - [2026-03-31T09:40:59.686+0000] {dag.py:3096} INFO - Sync 1 DAGs
[2026-03-31T09:40:59.708+0000] {logging_mixin.py:188} INFO - [2026-03-31T09:40:59.708+0000] {dag.py:3954} INFO - Setting next_dagrun for hello_airflow to 2024-03-23 00:00:00+00:00, run_after=2024-03-24 00:00:00+00:00
[2026-03-31T09:40:59.731+0000] {processor.py:183} INFO - Processing /opt/airflow/dags/example.py took 0.108 seconds
[2026-03-31T09:41:30.379+0000] {processor.py:161} INFO - Started process (PID=890) to work on /opt/airflow/dags/example.py
[2026-03-31T09:41:30.380+0000] {processor.py:830} INFO - Processing file /opt/airflow/dags/example.py for tasks to queue
[2026-03-31T09:41:30.382+0000] {logging_mixin.py:188} INFO - [2026-03-31T09:41:30.382+0000] {dagbag.py:545} INFO - Filling up the DagBag from /opt/airflow/dags/example.py
[2026-03-31T09:41:30.400+0000] {processor.py:840} INFO - DAG(s) 'hello_airflow' retrieved from /opt/airflow/dags/example.py
[2026-03-31T09:41:30.427+0000] {logging_mixin.py:188} INFO - [2026-03-31T09:41:30.427+0000] {dag.py:3096} INFO - Sync 1 DAGs
[2026-03-31T09:41:30.449+0000] {logging_mixin.py:188} INFO - [2026-03-31T09:41:30.449+0000] {dag.py:3954} INFO - Setting next_dagrun for hello_airflow to 2024-03-23 00:00:00+00:00, run_after=2024-03-24 00:00:00+00:00
[2026-03-31T09:41:30.475+0000] {processor.py:183} INFO - Processing /opt/airflow/dags/example.py took 0.101 seconds
[2026-03-31T09:42:01.146+0000] {processor.py:161} INFO - Started process (PID=916) to work on /opt/airflow/dags/example.py
[2026-03-31T09:42:01.147+0000] {processor.py:830} INFO - Processing file /opt/airflow/dags/example.py for tasks to queue
[2026-03-31T09:42:01.150+0000] {logging_mixin.py:188} INFO - [2026-03-31T09:42:01.149+0000] {dagbag.py:545} INFO - Filling up the DagBag from /opt/airflow/dags/example.py
[2026-03-31T09:42:01.169+0000] {processor.py:840} INFO - DAG(s) 'hello_airflow' retrieved from /opt/airflow/dags/example.py
[2026-03-31T09:42:01.202+0000] {logging_mixin.py:188} INFO - [2026-03-31T09:42:01.202+0000] {dag.py:3096} INFO - Sync 1 DAGs
[2026-03-31T09:42:01.229+0000] {logging_mixin.py:188} INFO - [2026-03-31T09:42:01.228+0000] {dag.py:3954} INFO - Setting next_dagrun for hello_airflow to 2024-03-23 00:00:00+00:00, run_after=2024-03-24 00:00:00+00:00
[2026-03-31T09:42:01.253+0000] {processor.py:183} INFO - Processing /opt/airflow/dags/example.py took 0.113 seconds
[2026-03-31T09:42:31.980+0000] {processor.py:161} INFO - Started process (PID=943) to work on /opt/airflow/dags/example.py
[2026-03-31T09:42:31.981+0000] {processor.py:830} INFO - Processing file /opt/airflow/dags/example.py for tasks to queue
[2026-03-31T09:42:31.984+0000] {logging_mixin.py:188} INFO - [2026-03-31T09:42:31.983+0000] {dagbag.py:545} INFO - Filling up the DagBag from /opt/airflow/dags/example.py
[2026-03-31T09:42:32.005+0000] {processor.py:840} INFO - DAG(s) 'hello_airflow' retrieved from /opt/airflow/dags/example.py
[2026-03-31T09:42:32.041+0000] {logging_mixin.py:188} INFO - [2026-03-31T09:42:32.040+0000] {dag.py:3096} INFO - Sync 1 DAGs
[2026-03-31T09:42:32.063+0000] {logging_mixin.py:188} INFO - [2026-03-31T09:42:32.063+0000] {dag.py:3954} INFO - Setting next_dagrun for hello_airflow to 2024-03-23 00:00:00+00:00, run_after=2024-03-24 00:00:00+00:00
[2026-03-31T09:42:32.085+0000] {processor.py:183} INFO - Processing /opt/airflow/dags/example.py took 0.111 seconds
[2026-03-31T09:43:02.707+0000] {processor.py:161} INFO - Started process (PID=969) to work on /opt/airflow/dags/example.py
[2026-03-31T09:43:02.708+0000] {processor.py:830} INFO - Processing file /opt/airflow/dags/example.py for tasks to queue
[2026-03-31T09:43:02.710+0000] {logging_mixin.py:188} INFO - [2026-03-31T09:43:02.710+0000] {dagbag.py:545} INFO - Filling up the DagBag from /opt/airflow/dags/example.py
[2026-03-31T09:43:02.728+0000] {processor.py:840} INFO - DAG(s) 'hello_airflow' retrieved from /opt/airflow/dags/example.py
[2026-03-31T09:43:02.753+0000] {logging_mixin.py:188} INFO - [2026-03-31T09:43:02.753+0000] {dag.py:3096} INFO - Sync 1 DAGs
[2026-03-31T09:43:02.774+0000] {logging_mixin.py:188} INFO - [2026-03-31T09:43:02.774+0000] {dag.py:3954} INFO - Setting next_dagrun for hello_airflow to 2024-03-23 00:00:00+00:00, run_after=2024-03-24 00:00:00+00:00
[2026-03-31T09:43:02.795+0000] {processor.py:183} INFO - Processing /opt/airflow/dags/example.py took 0.094 seconds
[2026-03-31T09:43:33.770+0000] {processor.py:161} INFO - Started process (PID=995) to work on /opt/airflow/dags/example.py
[2026-03-31T09:43:33.771+0000] {processor.py:830} INFO - Processing file /opt/airflow/dags/example.py for tasks to queue
[2026-03-31T09:43:33.773+0000] {logging_mixin.py:188} INFO - [2026-03-31T09:43:33.772+0000] {dagbag.py:545} INFO - Filling up the DagBag from /opt/airflow/dags/example.py
[2026-03-31T09:43:33.791+0000] {processor.py:840} INFO - DAG(s) 'hello_airflow' retrieved from /opt/airflow/dags/example.py
[2026-03-31T09:43:33.821+0000] {logging_mixin.py:188} INFO - [2026-03-31T09:43:33.821+0000] {dag.py:3096} INFO - Sync 1 DAGs
[2026-03-31T09:43:33.843+0000] {logging_mixin.py:188} INFO - [2026-03-31T09:43:33.843+0000] {dag.py:3954} INFO - Setting next_dagrun for hello_airflow to 2024-03-23 00:00:00+00:00, run_after=2024-03-24 00:00:00+00:00
[2026-03-31T09:43:33.869+0000] {processor.py:183} INFO - Processing /opt/airflow/dags/example.py took 0.104 seconds
[2026-03-31T09:44:04.459+0000] {processor.py:161} INFO - Started process (PID=1021) to work on /opt/airflow/dags/example.py
[2026-03-31T09:44:04.460+0000] {processor.py:830} INFO - Processing file /opt/airflow/dags/example.py for tasks to queue
[2026-03-31T09:44:04.462+0000] {logging_mixin.py:188} INFO - [2026-03-31T09:44:04.461+0000] {dagbag.py:545} INFO - Filling up the DagBag from /opt/airflow/dags/example.py
[2026-03-31T09:44:04.481+0000] {processor.py:840} INFO - DAG(s) 'hello_airflow' retrieved from /opt/airflow/dags/example.py
[2026-03-31T09:44:04.508+0000] {logging_mixin.py:188} INFO - [2026-03-31T09:44:04.508+0000] {dag.py:3096} INFO - Sync 1 DAGs
[2026-03-31T09:44:04.532+0000] {logging_mixin.py:188} INFO - [2026-03-31T09:44:04.531+0000] {dag.py:3954} INFO - Setting next_dagrun for hello_airflow to 2024-03-23 00:00:00+00:00, run_after=2024-03-24 00:00:00+00:00
[2026-03-31T09:44:04.553+0000] {processor.py:183} INFO - Processing /opt/airflow/dags/example.py took 0.104 seconds
[2026-03-31T09:44:35.209+0000] {processor.py:161} INFO - Started process (PID=1047) to work on /opt/airflow/dags/example.py
[2026-03-31T09:44:35.210+0000] {processor.py:830} INFO - Processing file /opt/airflow/dags/example.py for tasks to queue
[2026-03-31T09:44:35.212+0000] {logging_mixin.py:188} INFO - [2026-03-31T09:44:35.212+0000] {dagbag.py:545} INFO - Filling up the DagBag from /opt/airflow/dags/example.py
[2026-03-31T09:44:35.240+0000] {processor.py:840} INFO - DAG(s) 'hello_airflow' retrieved from /opt/airflow/dags/example.py
[2026-03-31T09:44:35.275+0000] {logging_mixin.py:188} INFO - [2026-03-31T09:44:35.275+0000] {dag.py:3096} INFO - Sync 1 DAGs
[2026-03-31T09:44:35.297+0000] {logging_mixin.py:188} INFO - [2026-03-31T09:44:35.297+0000] {dag.py:3954} INFO - Setting next_dagrun for hello_airflow to 2024-03-23 00:00:00+00:00, run_after=2024-03-24 00:00:00+00:00
[2026-03-31T09:44:35.321+0000] {processor.py:183} INFO - Processing /opt/airflow/dags/example.py took 0.120 seconds
[2026-03-31T09:45:05.894+0000] {processor.py:161} INFO - Started process (PID=1073) to work on /opt/airflow/dags/example.py
[2026-03-31T09:45:05.896+0000] {processor.py:830} INFO - Processing file /opt/airflow/dags/example.py for tasks to queue
[2026-03-31T09:45:05.898+0000] {logging_mixin.py:188} INFO - [2026-03-31T09:45:05.897+0000] {dagbag.py:545} INFO - Filling up the DagBag from /opt/airflow/dags/example.py
[2026-03-31T09:45:05.922+0000] {processor.py:840} INFO - DAG(s) 'hello_airflow' retrieved from /opt/airflow/dags/example.py
[2026-03-31T09:45:05.958+0000] {logging_mixin.py:188} INFO - [2026-03-31T09:45:05.957+0000] {dag.py:3096} INFO - Sync 1 DAGs
[2026-03-31T09:45:05.979+0000] {logging_mixin.py:188} INFO - [2026-03-31T09:45:05.979+0000] {dag.py:3954} INFO - Setting next_dagrun for hello_airflow to 2024-03-23 00:00:00+00:00, run_after=2024-03-24 00:00:00+00:00
[2026-03-31T09:45:06.007+0000] {processor.py:183} INFO - Processing /opt/airflow/dags/example.py took 0.119 seconds
[2026-03-31T09:45:36.641+0000] {processor.py:161} INFO - Started process (PID=1099) to work on /opt/airflow/dags/example.py
[2026-03-31T09:45:36.642+0000] {processor.py:830} INFO - Processing file /opt/airflow/dags/example.py for tasks to queue
[2026-03-31T09:45:36.644+0000] {logging_mixin.py:188} INFO - [2026-03-31T09:45:36.643+0000] {dagbag.py:545} INFO - Filling up the DagBag from /opt/airflow/dags/example.py
[2026-03-31T09:45:36.662+0000] {processor.py:840} INFO - DAG(s) 'hello_airflow' retrieved from /opt/airflow/dags/example.py
[2026-03-31T09:45:36.690+0000] {logging_mixin.py:188} INFO - [2026-03-31T09:45:36.690+0000] {dag.py:3096} INFO - Sync 1 DAGs
[2026-03-31T09:45:36.710+0000] {logging_mixin.py:188} INFO - [2026-03-31T09:45:36.710+0000] {dag.py:3954} INFO - Setting next_dagrun for hello_airflow to 2024-03-23 00:00:00+00:00, run_after=2024-03-24 00:00:00+00:00
[2026-03-31T09:45:36.736+0000] {processor.py:183} INFO - Processing /opt/airflow/dags/example.py took 0.101 seconds
[2026-03-31T09:46:07.453+0000] {processor.py:161} INFO - Started process (PID=1125) to work on /opt/airflow/dags/example.py
[2026-03-31T09:46:07.454+0000] {processor.py:830} INFO - Processing file /opt/airflow/dags/example.py for tasks to queue
[2026-03-31T09:46:07.457+0000] {logging_mixin.py:188} INFO - [2026-03-31T09:46:07.456+0000] {dagbag.py:545} INFO - Filling up the DagBag from /opt/airflow/dags/example.py
[2026-03-31T09:46:07.482+0000] {processor.py:840} INFO - DAG(s) 'hello_airflow' retrieved from /opt/airflow/dags/example.py
[2026-03-31T09:46:07.512+0000] {logging_mixin.py:188} INFO - [2026-03-31T09:46:07.512+0000] {dag.py:3096} INFO - Sync 1 DAGs
[2026-03-31T09:46:07.544+0000] {logging_mixin.py:188} INFO - [2026-03-31T09:46:07.543+0000] {dag.py:3954} INFO - Setting next_dagrun for hello_airflow to 2024-03-23 00:00:00+00:00, run_after=2024-03-24 00:00:00+00:00
[2026-03-31T09:46:07.565+0000] {processor.py:183} INFO - Processing /opt/airflow/dags/example.py took 0.119 seconds
[2026-03-31T09:46:38.351+0000] {processor.py:161} INFO - Started process (PID=1151) to work on /opt/airflow/dags/example.py
[2026-03-31T09:46:38.352+0000] {processor.py:830} INFO - Processing file /opt/airflow/dags/example.py for tasks to queue
[2026-03-31T09:46:38.355+0000] {logging_mixin.py:188} INFO - [2026-03-31T09:46:38.354+0000] {dagbag.py:545} INFO - Filling up the DagBag from /opt/airflow/dags/example.py
[2026-03-31T09:46:38.374+0000] {processor.py:840} INFO - DAG(s) 'hello_airflow' retrieved from /opt/airflow/dags/example.py
[2026-03-31T09:46:38.409+0000] {logging_mixin.py:188} INFO - [2026-03-31T09:46:38.409+0000] {dag.py:3096} INFO - Sync 1 DAGs
[2026-03-31T09:46:38.431+0000] {logging_mixin.py:188} INFO - [2026-03-31T09:46:38.431+0000] {dag.py:3954} INFO - Setting next_dagrun for hello_airflow to 2024-03-23 00:00:00+00:00, run_after=2024-03-24 00:00:00+00:00
[2026-03-31T09:46:38.454+0000] {processor.py:183} INFO - Processing /opt/airflow/dags/example.py took 0.108 seconds
[2026-03-31T09:47:09.185+0000] {processor.py:161} INFO - Started process (PID=1177) to work on /opt/airflow/dags/example.py
[2026-03-31T09:47:09.186+0000] {processor.py:830} INFO - Processing file /opt/airflow/dags/example.py for tasks to queue
[2026-03-31T09:47:09.188+0000] {logging_mixin.py:188} INFO - [2026-03-31T09:47:09.187+0000] {dagbag.py:545} INFO - Filling up the DagBag from /opt/airflow/dags/example.py
[2026-03-31T09:47:09.206+0000] {processor.py:840} INFO - DAG(s) 'hello_airflow' retrieved from /opt/airflow/dags/example.py
[2026-03-31T09:47:09.233+0000] {logging_mixin.py:188} INFO - [2026-03-31T09:47:09.233+0000] {dag.py:3096} INFO - Sync 1 DAGs
[2026-03-31T09:47:09.253+0000] {logging_mixin.py:188} INFO - [2026-03-31T09:47:09.253+0000] {dag.py:3954} INFO - Setting next_dagrun for hello_airflow to 2024-03-23 00:00:00+00:00, run_after=2024-03-24 00:00:00+00:00
[2026-03-31T09:47:09.280+0000] {processor.py:183} INFO - Processing /opt/airflow/dags/example.py took 0.100 seconds
[2026-03-31T09:47:40.030+0000] {processor.py:161} INFO - Started process (PID=1203) to work on /opt/airflow/dags/example.py
[2026-03-31T09:47:40.031+0000] {processor.py:830} INFO - Processing file /opt/airflow/dags/example.py for tasks to queue
[2026-03-31T09:47:40.033+0000] {logging_mixin.py:188} INFO - [2026-03-31T09:47:40.033+0000] {dagbag.py:545} INFO - Filling up the DagBag from /opt/airflow/dags/example.py
[2026-03-31T09:47:40.053+0000] {processor.py:840} INFO - DAG(s) 'hello_airflow' retrieved from /opt/airflow/dags/example.py
[2026-03-31T09:47:40.079+0000] {logging_mixin.py:188} INFO - [2026-03-31T09:47:40.079+0000] {dag.py:3096} INFO - Sync 1 DAGs
[2026-03-31T09:47:40.102+0000] {logging_mixin.py:188} INFO - [2026-03-31T09:47:40.101+0000] {dag.py:3954} INFO - Setting next_dagrun for hello_airflow to 2024-03-23 00:00:00+00:00, run_after=2024-03-24 00:00:00+00:00
[2026-03-31T09:47:40.127+0000] {processor.py:183} INFO - Processing /opt/airflow/dags/example.py took 0.103 seconds
[2026-03-31T09:48:10.826+0000] {processor.py:161} INFO - Started process (PID=1229) to work on /opt/airflow/dags/example.py
[2026-03-31T09:48:10.827+0000] {processor.py:830} INFO - Processing file /opt/airflow/dags/example.py for tasks to queue
[2026-03-31T09:48:10.829+0000] {logging_mixin.py:188} INFO - [2026-03-31T09:48:10.829+0000] {dagbag.py:545} INFO - Filling up the DagBag from /opt/airflow/dags/example.py
[2026-03-31T09:48:10.851+0000] {processor.py:840} INFO - DAG(s) 'hello_airflow' retrieved from /opt/airflow/dags/example.py
[2026-03-31T09:48:10.881+0000] {logging_mixin.py:188} INFO - [2026-03-31T09:48:10.881+0000] {dag.py:3096} INFO - Sync 1 DAGs
[2026-03-31T09:48:10.904+0000] {logging_mixin.py:188} INFO - [2026-03-31T09:48:10.904+0000] {dag.py:3954} INFO - Setting next_dagrun for hello_airflow to 2024-03-23 00:00:00+00:00, run_after=2024-03-24 00:00:00+00:00
[2026-03-31T09:48:10.937+0000] {processor.py:183} INFO - Processing /opt/airflow/dags/example.py took 0.118 seconds
[2026-03-31T09:48:41.597+0000] {processor.py:161} INFO - Started process (PID=1261) to work on /opt/airflow/dags/example.py
[2026-03-31T09:48:41.598+0000] {processor.py:830} INFO - Processing file /opt/airflow/dags/example.py for tasks to queue
[2026-03-31T09:48:41.600+0000] {logging_mixin.py:188} INFO - [2026-03-31T09:48:41.600+0000] {dagbag.py:545} INFO - Filling up the DagBag from /opt/airflow/dags/example.py
[2026-03-31T09:48:41.622+0000] {processor.py:840} INFO - DAG(s) 'hello_airflow' retrieved from /opt/airflow/dags/example.py
[2026-03-31T09:48:41.663+0000] {logging_mixin.py:188} INFO - [2026-03-31T09:48:41.662+0000] {dag.py:3096} INFO - Sync 1 DAGs
[2026-03-31T09:48:41.693+0000] {logging_mixin.py:188} INFO - [2026-03-31T09:48:41.693+0000] {dag.py:3954} INFO - Setting next_dagrun for hello_airflow to 2024-03-23 00:00:00+00:00, run_after=2024-03-24 00:00:00+00:00
[2026-03-31T09:48:41.726+0000] {processor.py:183} INFO - Processing /opt/airflow/dags/example.py took 0.137 seconds
[2026-03-31T09:49:12.445+0000] {processor.py:161} INFO - Started process (PID=1287) to work on /opt/airflow/dags/example.py
[2026-03-31T09:49:12.446+0000] {processor.py:830} INFO - Processing file /opt/airflow/dags/example.py for tasks to queue
[2026-03-31T09:49:12.449+0000] {logging_mixin.py:188} INFO - [2026-03-31T09:49:12.448+0000] {dagbag.py:545} INFO - Filling up the DagBag from /opt/airflow/dags/example.py
[2026-03-31T09:49:12.470+0000] {processor.py:840} INFO - DAG(s) 'hello_airflow' retrieved from /opt/airflow/dags/example.py
[2026-03-31T09:49:12.496+0000] {logging_mixin.py:188} INFO - [2026-03-31T09:49:12.495+0000] {dag.py:3096} INFO - Sync 1 DAGs
[2026-03-31T09:49:12.517+0000] {logging_mixin.py:188} INFO - [2026-03-31T09:49:12.517+0000] {dag.py:3954} INFO - Setting next_dagrun for hello_airflow to 2024-03-23 00:00:00+00:00, run_after=2024-03-24 00:00:00+00:00
[2026-03-31T09:49:12.542+0000] {processor.py:183} INFO - Processing /opt/airflow/dags/example.py took 0.104 seconds
[2026-03-31T09:49:43.306+0000] {processor.py:161} INFO - Started process (PID=1313) to work on /opt/airflow/dags/example.py
[2026-03-31T09:49:43.307+0000] {processor.py:830} INFO - Processing file /opt/airflow/dags/example.py for tasks to queue
[2026-03-31T09:49:43.310+0000] {logging_mixin.py:188} INFO - [2026-03-31T09:49:43.309+0000] {dagbag.py:545} INFO - Filling up the DagBag from /opt/airflow/dags/example.py
[2026-03-31T09:49:43.328+0000] {processor.py:840} INFO - DAG(s) 'hello_airflow' retrieved from /opt/airflow/dags/example.py
[2026-03-31T09:49:43.355+0000] {logging_mixin.py:188} INFO - [2026-03-31T09:49:43.354+0000] {dag.py:3096} INFO - Sync 1 DAGs
[2026-03-31T09:49:43.375+0000] {logging_mixin.py:188} INFO - [2026-03-31T09:49:43.374+0000] {dag.py:3954} INFO - Setting next_dagrun for hello_airflow to 2024-03-23 00:00:00+00:00, run_after=2024-03-24 00:00:00+00:00
[2026-03-31T09:49:43.399+0000] {processor.py:183} INFO - Processing /opt/airflow/dags/example.py took 0.099 seconds
[2026-03-31T09:50:14.174+0000] {processor.py:161} INFO - Started process (PID=1339) to work on /opt/airflow/dags/example.py
[2026-03-31T09:50:14.175+0000] {processor.py:830} INFO - Processing file /opt/airflow/dags/example.py for tasks to queue
[2026-03-31T09:50:14.177+0000] {logging_mixin.py:188} INFO - [2026-03-31T09:50:14.177+0000] {dagbag.py:545} INFO - Filling up the DagBag from /opt/airflow/dags/example.py
[2026-03-31T09:50:14.200+0000] {processor.py:840} INFO - DAG(s) 'hello_airflow' retrieved from /opt/airflow/dags/example.py
[2026-03-31T09:50:14.230+0000] {logging_mixin.py:188} INFO - [2026-03-31T09:50:14.230+0000] {dag.py:3096} INFO - Sync 1 DAGs
[2026-03-31T09:50:14.257+0000] {logging_mixin.py:188} INFO - [2026-03-31T09:50:14.257+0000] {dag.py:3954} INFO - Setting next_dagrun for hello_airflow to 2024-03-23 00:00:00+00:00, run_after=2024-03-24 00:00:00+00:00
[2026-03-31T09:50:14.279+0000] {processor.py:183} INFO - Processing /opt/airflow/dags/example.py took 0.112 seconds
[2026-03-31T09:50:45.005+0000] {processor.py:161} INFO - Started process (PID=1365) to work on /opt/airflow/dags/example.py
[2026-03-31T09:50:45.006+0000] {processor.py:830} INFO - Processing file /opt/airflow/dags/example.py for tasks to queue
[2026-03-31T09:50:45.008+0000] {logging_mixin.py:188} INFO - [2026-03-31T09:50:45.008+0000] {dagbag.py:545} INFO - Filling up the DagBag from /opt/airflow/dags/example.py
[2026-03-31T09:50:45.026+0000] {processor.py:840} INFO - DAG(s) 'hello_airflow' retrieved from /opt/airflow/dags/example.py
[2026-03-31T09:50:45.055+0000] {logging_mixin.py:188} INFO - [2026-03-31T09:50:45.055+0000] {dag.py:3096} INFO - Sync 1 DAGs
[2026-03-31T09:50:45.076+0000] {logging_mixin.py:188} INFO - [2026-03-31T09:50:45.076+0000] {dag.py:3954} INFO - Setting next_dagrun for hello_airflow to 2024-03-23 00:00:00+00:00, run_after=2024-03-24 00:00:00+00:00
[2026-03-31T09:50:45.101+0000] {processor.py:183} INFO - Processing /opt/airflow/dags/example.py took 0.101 seconds
[2026-03-31T09:51:15.866+0000] {processor.py:161} INFO - Started process (PID=1391) to work on /opt/airflow/dags/example.py
[2026-03-31T09:51:15.868+0000] {processor.py:830} INFO - Processing file /opt/airflow/dags/example.py for tasks to queue
[2026-03-31T09:51:15.870+0000] {logging_mixin.py:188} INFO - [2026-03-31T09:51:15.869+0000] {dagbag.py:545} INFO - Filling up the DagBag from /opt/airflow/dags/example.py
[2026-03-31T09:51:15.896+0000] {processor.py:840} INFO - DAG(s) 'hello_airflow' retrieved from /opt/airflow/dags/example.py
[2026-03-31T09:51:15.929+0000] {logging_mixin.py:188} INFO - [2026-03-31T09:51:15.929+0000] {dag.py:3096} INFO - Sync 1 DAGs
[2026-03-31T09:51:15.951+0000] {logging_mixin.py:188} INFO - [2026-03-31T09:51:15.950+0000] {dag.py:3954} INFO - Setting next_dagrun for hello_airflow to 2024-03-23 00:00:00+00:00, run_after=2024-03-24 00:00:00+00:00
[2026-03-31T09:51:15.974+0000] {processor.py:183} INFO - Processing /opt/airflow/dags/example.py took 0.114 seconds
[2026-03-31T09:51:46.721+0000] {processor.py:161} INFO - Started process (PID=1417) to work on /opt/airflow/dags/example.py
[2026-03-31T09:51:46.722+0000] {processor.py:830} INFO - Processing file /opt/airflow/dags/example.py for tasks to queue
[2026-03-31T09:51:46.724+0000] {logging_mixin.py:188} INFO - [2026-03-31T09:51:46.724+0000] {dagbag.py:545} INFO - Filling up the DagBag from /opt/airflow/dags/example.py
[2026-03-31T09:51:46.743+0000] {processor.py:840} INFO - DAG(s) 'hello_airflow' retrieved from /opt/airflow/dags/example.py
[2026-03-31T09:51:46.770+0000] {logging_mixin.py:188} INFO - [2026-03-31T09:51:46.770+0000] {dag.py:3096} INFO - Sync 1 DAGs
[2026-03-31T09:51:46.792+0000] {logging_mixin.py:188} INFO - [2026-03-31T09:51:46.792+0000] {dag.py:3954} INFO - Setting next_dagrun for hello_airflow to 2024-03-23 00:00:00+00:00, run_after=2024-03-24 00:00:00+00:00
[2026-03-31T09:51:46.817+0000] {processor.py:183} INFO - Processing /opt/airflow/dags/example.py took 0.101 seconds
[2026-03-31T09:52:17.564+0000] {processor.py:161} INFO - Started process (PID=1443) to work on /opt/airflow/dags/example.py
[2026-03-31T09:52:17.565+0000] {processor.py:830} INFO - Processing file /opt/airflow/dags/example.py for tasks to queue
[2026-03-31T09:52:17.567+0000] {logging_mixin.py:188} INFO - [2026-03-31T09:52:17.566+0000] {dagbag.py:545} INFO - Filling up the DagBag from /opt/airflow/dags/example.py
[2026-03-31T09:52:17.589+0000] {processor.py:840} INFO - DAG(s) 'hello_airflow' retrieved from /opt/airflow/dags/example.py
[2026-03-31T09:52:17.616+0000] {logging_mixin.py:188} INFO - [2026-03-31T09:52:17.616+0000] {dag.py:3096} INFO - Sync 1 DAGs
[2026-03-31T09:52:17.637+0000] {logging_mixin.py:188} INFO - [2026-03-31T09:52:17.636+0000] {dag.py:3954} INFO - Setting next_dagrun for hello_airflow to 2024-03-23 00:00:00+00:00, run_after=2024-03-24 00:00:00+00:00
[2026-03-31T09:52:17.659+0000] {processor.py:183} INFO - Processing /opt/airflow/dags/example.py took 0.101 seconds
[2026-03-31T09:52:48.172+0000] {processor.py:161} INFO - Started process (PID=1469) to work on /opt/airflow/dags/example.py
[2026-03-31T09:52:48.174+0000] {processor.py:830} INFO - Processing file /opt/airflow/dags/example.py for tasks to queue
[2026-03-31T09:52:48.176+0000] {logging_mixin.py:188} INFO - [2026-03-31T09:52:48.175+0000] {dagbag.py:545} INFO - Filling up the DagBag from /opt/airflow/dags/example.py
[2026-03-31T09:52:48.196+0000] {processor.py:840} INFO - DAG(s) 'hello_airflow' retrieved from /opt/airflow/dags/example.py
[2026-03-31T09:52:48.225+0000] {logging_mixin.py:188} INFO - [2026-03-31T09:52:48.225+0000] {dag.py:3096} INFO - Sync 1 DAGs
[2026-03-31T09:52:48.248+0000] {logging_mixin.py:188} INFO - [2026-03-31T09:52:48.248+0000] {dag.py:3954} INFO - Setting next_dagrun for hello_airflow to 2024-03-23 00:00:00+00:00, run_after=2024-03-24 00:00:00+00:00
[2026-03-31T09:52:48.271+0000] {processor.py:183} INFO - Processing /opt/airflow/dags/example.py took 0.106 seconds
[2026-03-31T09:53:18.990+0000] {processor.py:161} INFO - Started process (PID=1495) to work on /opt/airflow/dags/example.py
[2026-03-31T09:53:18.991+0000] {processor.py:830} INFO - Processing file /opt/airflow/dags/example.py for tasks to queue
[2026-03-31T09:53:18.994+0000] {logging_mixin.py:188} INFO - [2026-03-31T09:53:18.993+0000] {dagbag.py:545} INFO - Filling up the DagBag from /opt/airflow/dags/example.py
[2026-03-31T09:53:19.020+0000] {processor.py:840} INFO - DAG(s) 'hello_airflow' retrieved from /opt/airflow/dags/example.py
[2026-03-31T09:53:19.050+0000] {logging_mixin.py:188} INFO - [2026-03-31T09:53:19.050+0000] {dag.py:3096} INFO - Sync 1 DAGs
[2026-03-31T09:53:19.074+0000] {logging_mixin.py:188} INFO - [2026-03-31T09:53:19.073+0000] {dag.py:3954} INFO - Setting next_dagrun for hello_airflow to 2024-03-23 00:00:00+00:00, run_after=2024-03-24 00:00:00+00:00
[2026-03-31T09:53:19.098+0000] {processor.py:183} INFO - Processing /opt/airflow/dags/example.py took 0.115 seconds
[2026-03-31T09:53:49.737+0000] {processor.py:161} INFO - Started process (PID=1521) to work on /opt/airflow/dags/example.py
[2026-03-31T09:53:49.738+0000] {processor.py:830} INFO - Processing file /opt/airflow/dags/example.py for tasks to queue
[2026-03-31T09:53:49.739+0000] {logging_mixin.py:188} INFO - [2026-03-31T09:53:49.739+0000] {dagbag.py:545} INFO - Filling up the DagBag from /opt/airflow/dags/example.py
[2026-03-31T09:53:49.760+0000] {processor.py:840} INFO - DAG(s) 'hello_airflow' retrieved from /opt/airflow/dags/example.py
[2026-03-31T09:53:49.791+0000] {logging_mixin.py:188} INFO - [2026-03-31T09:53:49.790+0000] {dag.py:3096} INFO - Sync 1 DAGs
[2026-03-31T09:53:49.816+0000] {logging_mixin.py:188} INFO - [2026-03-31T09:53:49.816+0000] {dag.py:3954} INFO - Setting next_dagrun for hello_airflow to 2024-03-23 00:00:00+00:00, run_after=2024-03-24 00:00:00+00:00
[2026-03-31T09:53:49.838+0000] {processor.py:183} INFO - Processing /opt/airflow/dags/example.py took 0.107 seconds
[2026-03-31T09:54:20.425+0000] {processor.py:161} INFO - Started process (PID=1547) to work on /opt/airflow/dags/example.py
[2026-03-31T09:54:20.427+0000] {processor.py:830} INFO - Processing file /opt/airflow/dags/example.py for tasks to queue
[2026-03-31T09:54:20.429+0000] {logging_mixin.py:188} INFO - [2026-03-31T09:54:20.428+0000] {dagbag.py:545} INFO - Filling up the DagBag from /opt/airflow/dags/example.py
[2026-03-31T09:54:20.448+0000] {processor.py:840} INFO - DAG(s) 'hello_airflow' retrieved from /opt/airflow/dags/example.py
[2026-03-31T09:54:20.480+0000] {logging_mixin.py:188} INFO - [2026-03-31T09:54:20.480+0000] {dag.py:3096} INFO - Sync 1 DAGs
[2026-03-31T09:54:20.502+0000] {logging_mixin.py:188} INFO - [2026-03-31T09:54:20.502+0000] {dag.py:3954} INFO - Setting next_dagrun for hello_airflow to 2024-03-23 00:00:00+00:00, run_after=2024-03-24 00:00:00+00:00
[2026-03-31T09:54:20.529+0000] {processor.py:183} INFO - Processing /opt/airflow/dags/example.py took 0.110 seconds
[2026-03-31T09:54:51.181+0000] {processor.py:161} INFO - Started process (PID=1573) to work on /opt/airflow/dags/example.py
[2026-03-31T09:54:51.183+0000] {processor.py:830} INFO - Processing file /opt/airflow/dags/example.py for tasks to queue
[2026-03-31T09:54:51.185+0000] {logging_mixin.py:188} INFO - [2026-03-31T09:54:51.184+0000] {dagbag.py:545} INFO - Filling up the DagBag from /opt/airflow/dags/example.py
[2026-03-31T09:54:51.205+0000] {processor.py:840} INFO - DAG(s) 'hello_airflow' retrieved from /opt/airflow/dags/example.py
[2026-03-31T09:54:51.233+0000] {logging_mixin.py:188} INFO - [2026-03-31T09:54:51.233+0000] {dag.py:3096} INFO - Sync 1 DAGs
[2026-03-31T09:54:51.254+0000] {logging_mixin.py:188} INFO - [2026-03-31T09:54:51.254+0000] {dag.py:3954} INFO - Setting next_dagrun for hello_airflow to 2024-03-23 00:00:00+00:00, run_after=2024-03-24 00:00:00+00:00
[2026-03-31T09:54:51.279+0000] {processor.py:183} INFO - Processing /opt/airflow/dags/example.py took 0.103 seconds
[2026-03-31T09:55:21.870+0000] {processor.py:161} INFO - Started process (PID=1599) to work on /opt/airflow/dags/example.py
[2026-03-31T09:55:21.872+0000] {processor.py:830} INFO - Processing file /opt/airflow/dags/example.py for tasks to queue
[2026-03-31T09:55:21.875+0000] {logging_mixin.py:188} INFO - [2026-03-31T09:55:21.874+0000] {dagbag.py:545} INFO - Filling up the DagBag from /opt/airflow/dags/example.py
[2026-03-31T09:55:21.902+0000] {processor.py:840} INFO - DAG(s) 'hello_airflow' retrieved from /opt/airflow/dags/example.py
[2026-03-31T09:55:21.956+0000] {logging_mixin.py:188} INFO - [2026-03-31T09:55:21.956+0000] {dag.py:3096} INFO - Sync 1 DAGs
[2026-03-31T09:55:21.979+0000] {logging_mixin.py:188} INFO - [2026-03-31T09:55:21.978+0000] {dag.py:3954} INFO - Setting next_dagrun for hello_airflow to 2024-03-23 00:00:00+00:00, run_after=2024-03-24 00:00:00+00:00
[2026-03-31T09:55:22.006+0000] {processor.py:183} INFO - Processing /opt/airflow/dags/example.py took 0.142 seconds
[2026-03-31T09:55:52.557+0000] {processor.py:161} INFO - Started process (PID=1625) to work on /opt/airflow/dags/example.py
[2026-03-31T09:55:52.558+0000] {processor.py:830} INFO - Processing file /opt/airflow/dags/example.py for tasks to queue
[2026-03-31T09:55:52.560+0000] {logging_mixin.py:188} INFO - [2026-03-31T09:55:52.560+0000] {dagbag.py:545} INFO - Filling up the DagBag from /opt/airflow/dags/example.py
[2026-03-31T09:55:52.579+0000] {processor.py:840} INFO - DAG(s) 'hello_airflow' retrieved from /opt/airflow/dags/example.py
[2026-03-31T09:55:52.610+0000] {logging_mixin.py:188} INFO - [2026-03-31T09:55:52.610+0000] {dag.py:3096} INFO - Sync 1 DAGs
[2026-03-31T09:55:52.633+0000] {logging_mixin.py:188} INFO - [2026-03-31T09:55:52.633+0000] {dag.py:3954} INFO - Setting next_dagrun for hello_airflow to 2024-03-23 00:00:00+00:00, run_after=2024-03-24 00:00:00+00:00
[2026-03-31T09:55:52.658+0000] {processor.py:183} INFO - Processing /opt/airflow/dags/example.py took 0.107 seconds
[2026-03-31T09:56:23.231+0000] {processor.py:161} INFO - Started process (PID=1651) to work on /opt/airflow/dags/example.py
[2026-03-31T09:56:23.232+0000] {processor.py:830} INFO - Processing file /opt/airflow/dags/example.py for tasks to queue
[2026-03-31T09:56:23.234+0000] {logging_mixin.py:188} INFO - [2026-03-31T09:56:23.234+0000] {dagbag.py:545} INFO - Filling up the DagBag from /opt/airflow/dags/example.py
[2026-03-31T09:56:23.254+0000] {processor.py:840} INFO - DAG(s) 'hello_airflow' retrieved from /opt/airflow/dags/example.py
[2026-03-31T09:56:23.281+0000] {logging_mixin.py:188} INFO - [2026-03-31T09:56:23.281+0000] {dag.py:3096} INFO - Sync 1 DAGs
[2026-03-31T09:56:23.301+0000] {logging_mixin.py:188} INFO - [2026-03-31T09:56:23.300+0000] {dag.py:3954} INFO - Setting next_dagrun for hello_airflow to 2024-03-23 00:00:00+00:00, run_after=2024-03-24 00:00:00+00:00
[2026-03-31T09:56:23.328+0000] {processor.py:183} INFO - Processing /opt/airflow/dags/example.py took 0.103 seconds
[2026-03-31T09:56:53.882+0000] {processor.py:161} INFO - Started process (PID=1677) to work on /opt/airflow/dags/example.py
[2026-03-31T09:56:53.883+0000] {processor.py:830} INFO - Processing file /opt/airflow/dags/example.py for tasks to queue
[2026-03-31T09:56:53.886+0000] {logging_mixin.py:188} INFO - [2026-03-31T09:56:53.885+0000] {dagbag.py:545} INFO - Filling up the DagBag from /opt/airflow/dags/example.py
[2026-03-31T09:56:53.917+0000] {processor.py:840} INFO - DAG(s) 'hello_airflow' retrieved from /opt/airflow/dags/example.py
[2026-03-31T09:56:53.966+0000] {logging_mixin.py:188} INFO - [2026-03-31T09:56:53.965+0000] {dag.py:3096} INFO - Sync 1 DAGs
[2026-03-31T09:56:54.012+0000] {logging_mixin.py:188} INFO - [2026-03-31T09:56:54.011+0000] {dag.py:3954} INFO - Setting next_dagrun for hello_airflow to 2024-03-23 00:00:00+00:00, run_after=2024-03-24 00:00:00+00:00
[2026-03-31T09:56:54.071+0000] {processor.py:183} INFO - Processing /opt/airflow/dags/example.py took 0.197 seconds
[2026-03-31T09:57:24.704+0000] {processor.py:161} INFO - Started process (PID=1703) to work on /opt/airflow/dags/example.py
[2026-03-31T09:57:24.705+0000] {processor.py:830} INFO - Processing file /opt/airflow/dags/example.py for tasks to queue
[2026-03-31T09:57:24.708+0000] {logging_mixin.py:188} INFO - [2026-03-31T09:57:24.708+0000] {dagbag.py:545} INFO - Filling up the DagBag from /opt/airflow/dags/example.py
[2026-03-31T09:57:24.726+0000] {processor.py:840} INFO - DAG(s) 'hello_airflow' retrieved from /opt/airflow/dags/example.py
[2026-03-31T09:57:24.754+0000] {logging_mixin.py:188} INFO - [2026-03-31T09:57:24.753+0000] {dag.py:3096} INFO - Sync 1 DAGs
[2026-03-31T09:57:24.774+0000] {logging_mixin.py:188} INFO - [2026-03-31T09:57:24.774+0000] {dag.py:3954} INFO - Setting next_dagrun for hello_airflow to 2024-03-23 00:00:00+00:00, run_after=2024-03-24 00:00:00+00:00
[2026-03-31T09:57:24.799+0000] {processor.py:183} INFO - Processing /opt/airflow/dags/example.py took 0.102 seconds
[2026-03-31T09:57:55.374+0000] {processor.py:161} INFO - Started process (PID=1729) to work on /opt/airflow/dags/example.py
[2026-03-31T09:57:55.376+0000] {processor.py:830} INFO - Processing file /opt/airflow/dags/example.py for tasks to queue
[2026-03-31T09:57:55.380+0000] {logging_mixin.py:188} INFO - [2026-03-31T09:57:55.380+0000] {dagbag.py:545} INFO - Filling up the DagBag from /opt/airflow/dags/example.py
[2026-03-31T09:57:55.406+0000] {processor.py:840} INFO - DAG(s) 'hello_airflow' retrieved from /opt/airflow/dags/example.py
[2026-03-31T09:57:55.444+0000] {logging_mixin.py:188} INFO - [2026-03-31T09:57:55.444+0000] {dag.py:3096} INFO - Sync 1 DAGs
[2026-03-31T09:57:55.480+0000] {logging_mixin.py:188} INFO - [2026-03-31T09:57:55.479+0000] {dag.py:3954} INFO - Setting next_dagrun for hello_airflow to 2024-03-23 00:00:00+00:00, run_after=2024-03-24 00:00:00+00:00
[2026-03-31T09:57:55.520+0000] {processor.py:183} INFO - Processing /opt/airflow/dags/example.py took 0.153 seconds
[2026-03-31T09:58:26.485+0000] {processor.py:161} INFO - Started process (PID=1755) to work on /opt/airflow/dags/example.py
[2026-03-31T09:58:26.486+0000] {processor.py:830} INFO - Processing file /opt/airflow/dags/example.py for tasks to queue
[2026-03-31T09:58:26.489+0000] {logging_mixin.py:188} INFO - [2026-03-31T09:58:26.488+0000] {dagbag.py:545} INFO - Filling up the DagBag from /opt/airflow/dags/example.py
[2026-03-31T09:58:26.516+0000] {processor.py:840} INFO - DAG(s) 'hello_airflow' retrieved from /opt/airflow/dags/example.py
[2026-03-31T09:58:26.546+0000] {logging_mixin.py:188} INFO - [2026-03-31T09:58:26.546+0000] {dag.py:3096} INFO - Sync 1 DAGs
[2026-03-31T09:58:26.577+0000] {logging_mixin.py:188} INFO - [2026-03-31T09:58:26.577+0000] {dag.py:3954} INFO - Setting next_dagrun for hello_airflow to 2024-03-23 00:00:00+00:00, run_after=2024-03-24 00:00:00+00:00
[2026-03-31T09:58:26.605+0000] {processor.py:183} INFO - Processing /opt/airflow/dags/example.py took 0.129 seconds
[2026-03-31T09:58:57.358+0000] {processor.py:161} INFO - Started process (PID=1781) to work on /opt/airflow/dags/example.py
[2026-03-31T09:58:57.367+0000] {processor.py:830} INFO - Processing file /opt/airflow/dags/example.py for tasks to queue
[2026-03-31T09:58:57.370+0000] {logging_mixin.py:188} INFO - [2026-03-31T09:58:57.370+0000] {dagbag.py:545} INFO - Filling up the DagBag from /opt/airflow/dags/example.py
[2026-03-31T09:58:57.500+0000] {processor.py:840} INFO - DAG(s) 'hello_airflow' retrieved from /opt/airflow/dags/example.py
[2026-03-31T09:58:57.542+0000] {logging_mixin.py:188} INFO - [2026-03-31T09:58:57.541+0000] {dag.py:3096} INFO - Sync 1 DAGs
[2026-03-31T09:58:57.574+0000] {logging_mixin.py:188} INFO - [2026-03-31T09:58:57.574+0000] {dag.py:3954} INFO - Setting next_dagrun for hello_airflow to 2024-03-23 00:00:00+00:00, run_after=2024-03-24 00:00:00+00:00
[2026-03-31T09:58:57.613+0000] {processor.py:183} INFO - Processing /opt/airflow/dags/example.py took 0.266 seconds
[2026-03-31T09:59:28.182+0000] {processor.py:161} INFO - Started process (PID=1807) to work on /opt/airflow/dags/example.py
[2026-03-31T09:59:28.183+0000] {processor.py:830} INFO - Processing file /opt/airflow/dags/example.py for tasks to queue
[2026-03-31T09:59:28.185+0000] {logging_mixin.py:188} INFO - [2026-03-31T09:59:28.185+0000] {dagbag.py:545} INFO - Filling up the DagBag from /opt/airflow/dags/example.py
[2026-03-31T09:59:28.206+0000] {processor.py:840} INFO - DAG(s) 'hello_airflow' retrieved from /opt/airflow/dags/example.py
[2026-03-31T09:59:28.236+0000] {logging_mixin.py:188} INFO - [2026-03-31T09:59:28.236+0000] {dag.py:3096} INFO - Sync 1 DAGs
[2026-03-31T09:59:28.259+0000] {logging_mixin.py:188} INFO - [2026-03-31T09:59:28.259+0000] {dag.py:3954} INFO - Setting next_dagrun for hello_airflow to 2024-03-23 00:00:00+00:00, run_after=2024-03-24 00:00:00+00:00
[2026-03-31T09:59:28.296+0000] {processor.py:183} INFO - Processing /opt/airflow/dags/example.py took 0.120 seconds
[2026-03-31T09:59:58.839+0000] {processor.py:161} INFO - Started process (PID=1833) to work on /opt/airflow/dags/example.py
[2026-03-31T09:59:58.841+0000] {processor.py:830} INFO - Processing file /opt/airflow/dags/example.py for tasks to queue
[2026-03-31T09:59:58.843+0000] {logging_mixin.py:188} INFO - [2026-03-31T09:59:58.843+0000] {dagbag.py:545} INFO - Filling up the DagBag from /opt/airflow/dags/example.py
[2026-03-31T09:59:58.871+0000] {processor.py:840} INFO - DAG(s) 'hello_airflow' retrieved from /opt/airflow/dags/example.py
[2026-03-31T09:59:58.913+0000] {logging_mixin.py:188} INFO - [2026-03-31T09:59:58.912+0000] {dag.py:3096} INFO - Sync 1 DAGs
[2026-03-31T09:59:58.941+0000] {logging_mixin.py:188} INFO - [2026-03-31T09:59:58.941+0000] {dag.py:3954} INFO - Setting next_dagrun for hello_airflow to 2024-03-23 00:00:00+00:00, run_after=2024-03-24 00:00:00+00:00
[2026-03-31T09:59:58.964+0000] {processor.py:183} INFO - Processing /opt/airflow/dags/example.py took 0.133 seconds
[2026-03-31T10:00:29.611+0000] {processor.py:161} INFO - Started process (PID=1859) to work on /opt/airflow/dags/example.py
[2026-03-31T10:00:29.613+0000] {processor.py:830} INFO - Processing file /opt/airflow/dags/example.py for tasks to queue
[2026-03-31T10:00:29.615+0000] {logging_mixin.py:188} INFO - [2026-03-31T10:00:29.615+0000] {dagbag.py:545} INFO - Filling up the DagBag from /opt/airflow/dags/example.py
[2026-03-31T10:00:29.640+0000] {processor.py:840} INFO - DAG(s) 'hello_airflow' retrieved from /opt/airflow/dags/example.py
[2026-03-31T10:00:29.675+0000] {logging_mixin.py:188} INFO - [2026-03-31T10:00:29.675+0000] {dag.py:3096} INFO - Sync 1 DAGs
[2026-03-31T10:00:29.700+0000] {logging_mixin.py:188} INFO - [2026-03-31T10:00:29.700+0000] {dag.py:3954} INFO - Setting next_dagrun for hello_airflow to 2024-03-23 00:00:00+00:00, run_after=2024-03-24 00:00:00+00:00
[2026-03-31T10:00:29.723+0000] {processor.py:183} INFO - Processing /opt/airflow/dags/example.py took 0.119 seconds
[2026-03-31T10:01:00.295+0000] {processor.py:161} INFO - Started process (PID=1885) to work on /opt/airflow/dags/example.py
[2026-03-31T10:01:00.296+0000] {processor.py:830} INFO - Processing file /opt/airflow/dags/example.py for tasks to queue
[2026-03-31T10:01:00.299+0000] {logging_mixin.py:188} INFO - [2026-03-31T10:01:00.299+0000] {dagbag.py:545} INFO - Filling up the DagBag from /opt/airflow/dags/example.py
[2026-03-31T10:01:00.327+0000] {processor.py:840} INFO - DAG(s) 'hello_airflow' retrieved from /opt/airflow/dags/example.py
[2026-03-31T10:01:00.373+0000] {logging_mixin.py:188} INFO - [2026-03-31T10:01:00.373+0000] {dag.py:3096} INFO - Sync 1 DAGs
[2026-03-31T10:01:00.403+0000] {logging_mixin.py:188} INFO - [2026-03-31T10:01:00.403+0000] {dag.py:3954} INFO - Setting next_dagrun for hello_airflow to 2024-03-23 00:00:00+00:00, run_after=2024-03-24 00:00:00+00:00
[2026-03-31T10:01:00.425+0000] {processor.py:183} INFO - Processing /opt/airflow/dags/example.py took 0.137 seconds
[2026-03-31T10:01:30.893+0000] {processor.py:161} INFO - Started process (PID=1911) to work on /opt/airflow/dags/example.py
[2026-03-31T10:01:30.894+0000] {processor.py:830} INFO - Processing file /opt/airflow/dags/example.py for tasks to queue
[2026-03-31T10:01:30.896+0000] {logging_mixin.py:188} INFO - [2026-03-31T10:01:30.895+0000] {dagbag.py:545} INFO - Filling up the DagBag from /opt/airflow/dags/example.py
[2026-03-31T10:01:30.918+0000] {processor.py:840} INFO - DAG(s) 'hello_airflow' retrieved from /opt/airflow/dags/example.py
[2026-03-31T10:01:30.956+0000] {logging_mixin.py:188} INFO - [2026-03-31T10:01:30.956+0000] {dag.py:3096} INFO - Sync 1 DAGs
[2026-03-31T10:01:30.985+0000] {logging_mixin.py:188} INFO - [2026-03-31T10:01:30.984+0000] {dag.py:3954} INFO - Setting next_dagrun for hello_airflow to 2024-03-23 00:00:00+00:00, run_after=2024-03-24 00:00:00+00:00
[2026-03-31T10:01:31.013+0000] {processor.py:183} INFO - Processing /opt/airflow/dags/example.py took 0.126 seconds
[2026-03-31T10:02:01.528+0000] {processor.py:161} INFO - Started process (PID=1938) to work on /opt/airflow/dags/example.py
[2026-03-31T10:02:01.529+0000] {processor.py:830} INFO - Processing file /opt/airflow/dags/example.py for tasks to queue
[2026-03-31T10:02:01.531+0000] {logging_mixin.py:188} INFO - [2026-03-31T10:02:01.531+0000] {dagbag.py:545} INFO - Filling up the DagBag from /opt/airflow/dags/example.py
[2026-03-31T10:02:01.551+0000] {processor.py:840} INFO - DAG(s) 'hello_airflow' retrieved from /opt/airflow/dags/example.py
[2026-03-31T10:02:01.579+0000] {logging_mixin.py:188} INFO - [2026-03-31T10:02:01.579+0000] {dag.py:3096} INFO - Sync 1 DAGs
[2026-03-31T10:02:01.606+0000] {logging_mixin.py:188} INFO - [2026-03-31T10:02:01.606+0000] {dag.py:3954} INFO - Setting next_dagrun for hello_airflow to 2024-03-23 00:00:00+00:00, run_after=2024-03-24 00:00:00+00:00
[2026-03-31T10:02:01.632+0000] {processor.py:183} INFO - Processing /opt/airflow/dags/example.py took 0.110 seconds
[2026-03-31T10:02:32.144+0000] {processor.py:161} INFO - Started process (PID=1965) to work on /opt/airflow/dags/example.py
[2026-03-31T10:02:32.146+0000] {processor.py:830} INFO - Processing file /opt/airflow/dags/example.py for tasks to queue
[2026-03-31T10:02:32.148+0000] {logging_mixin.py:188} INFO - [2026-03-31T10:02:32.148+0000] {dagbag.py:545} INFO - Filling up the DagBag from /opt/airflow/dags/example.py
[2026-03-31T10:02:32.173+0000] {processor.py:840} INFO - DAG(s) 'hello_airflow' retrieved from /opt/airflow/dags/example.py
[2026-03-31T10:02:32.203+0000] {logging_mixin.py:188} INFO - [2026-03-31T10:02:32.203+0000] {dag.py:3096} INFO - Sync 1 DAGs
[2026-03-31T10:02:32.225+0000] {logging_mixin.py:188} INFO - [2026-03-31T10:02:32.225+0000] {dag.py:3954} INFO - Setting next_dagrun for hello_airflow to 2024-03-23 00:00:00+00:00, run_after=2024-03-24 00:00:00+00:00
[2026-03-31T10:02:32.249+0000] {processor.py:183} INFO - Processing /opt/airflow/dags/example.py took 0.113 seconds
[2026-03-31T10:03:02.917+0000] {processor.py:161} INFO - Started process (PID=1991) to work on /opt/airflow/dags/example.py
[2026-03-31T10:03:02.918+0000] {processor.py:830} INFO - Processing file /opt/airflow/dags/example.py for tasks to queue
[2026-03-31T10:03:02.920+0000] {logging_mixin.py:188} INFO - [2026-03-31T10:03:02.920+0000] {dagbag.py:545} INFO - Filling up the DagBag from /opt/airflow/dags/example.py
[2026-03-31T10:03:02.939+0000] {processor.py:840} INFO - DAG(s) 'hello_airflow' retrieved from /opt/airflow/dags/example.py
[2026-03-31T10:03:02.966+0000] {logging_mixin.py:188} INFO - [2026-03-31T10:03:02.966+0000] {dag.py:3096} INFO - Sync 1 DAGs
[2026-03-31T10:03:02.985+0000] {logging_mixin.py:188} INFO - [2026-03-31T10:03:02.985+0000] {dag.py:3954} INFO - Setting next_dagrun for hello_airflow to 2024-03-23 00:00:00+00:00, run_after=2024-03-24 00:00:00+00:00
[2026-03-31T10:03:03.010+0000] {processor.py:183} INFO - Processing /opt/airflow/dags/example.py took 0.098 seconds
[2026-03-31T10:03:33.790+0000] {processor.py:161} INFO - Started process (PID=2017) to work on /opt/airflow/dags/example.py
[2026-03-31T10:03:33.791+0000] {processor.py:830} INFO - Processing file /opt/airflow/dags/example.py for tasks to queue
[2026-03-31T10:03:33.793+0000] {logging_mixin.py:188} INFO - [2026-03-31T10:03:33.793+0000] {dagbag.py:545} INFO - Filling up the DagBag from /opt/airflow/dags/example.py
[2026-03-31T10:03:33.813+0000] {processor.py:840} INFO - DAG(s) 'hello_airflow' retrieved from /opt/airflow/dags/example.py
[2026-03-31T10:03:33.842+0000] {logging_mixin.py:188} INFO - [2026-03-31T10:03:33.842+0000] {dag.py:3096} INFO - Sync 1 DAGs
[2026-03-31T10:03:33.861+0000] {logging_mixin.py:188} INFO - [2026-03-31T10:03:33.861+0000] {dag.py:3954} INFO - Setting next_dagrun for hello_airflow to 2024-03-23 00:00:00+00:00, run_after=2024-03-24 00:00:00+00:00
[2026-03-31T10:03:33.888+0000] {processor.py:183} INFO - Processing /opt/airflow/dags/example.py took 0.104 seconds
[2026-03-31T10:04:04.630+0000] {processor.py:161} INFO - Started process (PID=2043) to work on /opt/airflow/dags/example.py
[2026-03-31T10:04:04.632+0000] {processor.py:830} INFO - Processing file /opt/airflow/dags/example.py for tasks to queue
[2026-03-31T10:04:04.635+0000] {logging_mixin.py:188} INFO - [2026-03-31T10:04:04.634+0000] {dagbag.py:545} INFO - Filling up the DagBag from /opt/airflow/dags/example.py
[2026-03-31T10:04:04.658+0000] {processor.py:840} INFO - DAG(s) 'hello_airflow' retrieved from /opt/airflow/dags/example.py
[2026-03-31T10:04:04.687+0000] {logging_mixin.py:188} INFO - [2026-03-31T10:04:04.687+0000] {dag.py:3096} INFO - Sync 1 DAGs
[2026-03-31T10:04:04.709+0000] {logging_mixin.py:188} INFO - [2026-03-31T10:04:04.709+0000] {dag.py:3954} INFO - Setting next_dagrun for hello_airflow to 2024-03-23 00:00:00+00:00, run_after=2024-03-24 00:00:00+00:00
[2026-03-31T10:04:04.736+0000] {processor.py:183} INFO - Processing /opt/airflow/dags/example.py took 0.111 seconds
[2026-03-31T10:04:35.441+0000] {processor.py:161} INFO - Started process (PID=2069) to work on /opt/airflow/dags/example.py
[2026-03-31T10:04:35.443+0000] {processor.py:830} INFO - Processing file /opt/airflow/dags/example.py for tasks to queue
[2026-03-31T10:04:35.446+0000] {logging_mixin.py:188} INFO - [2026-03-31T10:04:35.446+0000] {dagbag.py:545} INFO - Filling up the DagBag from /opt/airflow/dags/example.py
[2026-03-31T10:04:35.471+0000] {processor.py:840} INFO - DAG(s) 'hello_airflow' retrieved from /opt/airflow/dags/example.py
[2026-03-31T10:04:35.497+0000] {logging_mixin.py:188} INFO - [2026-03-31T10:04:35.497+0000] {dag.py:3096} INFO - Sync 1 DAGs
[2026-03-31T10:04:35.516+0000] {logging_mixin.py:188} INFO - [2026-03-31T10:04:35.516+0000] {dag.py:3954} INFO - Setting next_dagrun for hello_airflow to 2024-03-23 00:00:00+00:00, run_after=2024-03-24 00:00:00+00:00
[2026-03-31T10:04:35.542+0000] {processor.py:183} INFO - Processing /opt/airflow/dags/example.py took 0.110 seconds
[2026-03-31T10:05:06.228+0000] {processor.py:161} INFO - Started process (PID=2095) to work on /opt/airflow/dags/example.py
[2026-03-31T10:05:06.229+0000] {processor.py:830} INFO - Processing file /opt/airflow/dags/example.py for tasks to queue
[2026-03-31T10:05:06.232+0000] {logging_mixin.py:188} INFO - [2026-03-31T10:05:06.231+0000] {dagbag.py:545} INFO - Filling up the DagBag from /opt/airflow/dags/example.py
[2026-03-31T10:05:06.262+0000] {processor.py:840} INFO - DAG(s) 'hello_airflow' retrieved from /opt/airflow/dags/example.py
[2026-03-31T10:05:06.294+0000] {logging_mixin.py:188} INFO - [2026-03-31T10:05:06.294+0000] {dag.py:3096} INFO - Sync 1 DAGs
[2026-03-31T10:05:06.315+0000] {logging_mixin.py:188} INFO - [2026-03-31T10:05:06.315+0000] {dag.py:3954} INFO - Setting next_dagrun for hello_airflow to 2024-03-23 00:00:00+00:00, run_after=2024-03-24 00:00:00+00:00
[2026-03-31T10:05:06.338+0000] {processor.py:183} INFO - Processing /opt/airflow/dags/example.py took 0.117 seconds
[2026-03-31T10:05:37.033+0000] {processor.py:161} INFO - Started process (PID=2121) to work on /opt/airflow/dags/example.py
[2026-03-31T10:05:37.035+0000] {processor.py:830} INFO - Processing file /opt/airflow/dags/example.py for tasks to queue
[2026-03-31T10:05:37.037+0000] {logging_mixin.py:188} INFO - [2026-03-31T10:05:37.037+0000] {dagbag.py:545} INFO - Filling up the DagBag from /opt/airflow/dags/example.py
[2026-03-31T10:05:37.062+0000] {processor.py:840} INFO - DAG(s) 'hello_airflow' retrieved from /opt/airflow/dags/example.py
[2026-03-31T10:05:37.089+0000] {logging_mixin.py:188} INFO - [2026-03-31T10:05:37.089+0000] {dag.py:3096} INFO - Sync 1 DAGs
[2026-03-31T10:05:37.112+0000] {logging_mixin.py:188} INFO - [2026-03-31T10:05:37.112+0000] {dag.py:3954} INFO - Setting next_dagrun for hello_airflow to 2024-03-23 00:00:00+00:00, run_after=2024-03-24 00:00:00+00:00
[2026-03-31T10:05:37.137+0000] {processor.py:183} INFO - Processing /opt/airflow/dags/example.py took 0.115 seconds
[2026-03-31T10:06:07.817+0000] {processor.py:161} INFO - Started process (PID=2147) to work on /opt/airflow/dags/example.py
[2026-03-31T10:06:07.819+0000] {processor.py:830} INFO - Processing file /opt/airflow/dags/example.py for tasks to queue
[2026-03-31T10:06:07.822+0000] {logging_mixin.py:188} INFO - [2026-03-31T10:06:07.822+0000] {dagbag.py:545} INFO - Filling up the DagBag from /opt/airflow/dags/example.py
[2026-03-31T10:06:07.849+0000] {processor.py:840} INFO - DAG(s) 'hello_airflow' retrieved from /opt/airflow/dags/example.py
[2026-03-31T10:06:07.880+0000] {logging_mixin.py:188} INFO - [2026-03-31T10:06:07.880+0000] {dag.py:3096} INFO - Sync 1 DAGs
[2026-03-31T10:06:07.902+0000] {logging_mixin.py:188} INFO - [2026-03-31T10:06:07.902+0000] {dag.py:3954} INFO - Setting next_dagrun for hello_airflow to 2024-03-23 00:00:00+00:00, run_after=2024-03-24 00:00:00+00:00
[2026-03-31T10:06:07.924+0000] {processor.py:183} INFO - Processing /opt/airflow/dags/example.py took 0.116 seconds
[2026-03-31T10:06:38.589+0000] {processor.py:161} INFO - Started process (PID=2173) to work on /opt/airflow/dags/example.py
[2026-03-31T10:06:38.590+0000] {processor.py:830} INFO - Processing file /opt/airflow/dags/example.py for tasks to queue
[2026-03-31T10:06:38.591+0000] {logging_mixin.py:188} INFO - [2026-03-31T10:06:38.591+0000] {dagbag.py:545} INFO - Filling up the DagBag from /opt/airflow/dags/example.py
[2026-03-31T10:06:38.611+0000] {processor.py:840} INFO - DAG(s) 'hello_airflow' retrieved from /opt/airflow/dags/example.py
[2026-03-31T10:06:38.638+0000] {logging_mixin.py:188} INFO - [2026-03-31T10:06:38.637+0000] {dag.py:3096} INFO - Sync 1 DAGs
[2026-03-31T10:06:38.659+0000] {logging_mixin.py:188} INFO - [2026-03-31T10:06:38.659+0000] {dag.py:3954} INFO - Setting next_dagrun for hello_airflow to 2024-03-23 00:00:00+00:00, run_after=2024-03-24 00:00:00+00:00
[2026-03-31T10:06:38.685+0000] {processor.py:183} INFO - Processing /opt/airflow/dags/example.py took 0.102 seconds
[2026-03-31T10:07:09.342+0000] {processor.py:161} INFO - Started process (PID=2199) to work on /opt/airflow/dags/example.py
[2026-03-31T10:07:09.343+0000] {processor.py:830} INFO - Processing file /opt/airflow/dags/example.py for tasks to queue
[2026-03-31T10:07:09.345+0000] {logging_mixin.py:188} INFO - [2026-03-31T10:07:09.345+0000] {dagbag.py:545} INFO - Filling up the DagBag from /opt/airflow/dags/example.py
[2026-03-31T10:07:09.368+0000] {processor.py:840} INFO - DAG(s) 'hello_airflow' retrieved from /opt/airflow/dags/example.py
[2026-03-31T10:07:09.397+0000] {logging_mixin.py:188} INFO - [2026-03-31T10:07:09.397+0000] {dag.py:3096} INFO - Sync 1 DAGs
[2026-03-31T10:07:09.419+0000] {logging_mixin.py:188} INFO - [2026-03-31T10:07:09.418+0000] {dag.py:3954} INFO - Setting next_dagrun for hello_airflow to 2024-03-23 00:00:00+00:00, run_after=2024-03-24 00:00:00+00:00
[2026-03-31T10:07:09.445+0000] {processor.py:183} INFO - Processing /opt/airflow/dags/example.py took 0.110 seconds
[2026-03-31T10:07:40.115+0000] {processor.py:161} INFO - Started process (PID=2225) to work on /opt/airflow/dags/example.py
[2026-03-31T10:07:40.116+0000] {processor.py:830} INFO - Processing file /opt/airflow/dags/example.py for tasks to queue
[2026-03-31T10:07:40.118+0000] {logging_mixin.py:188} INFO - [2026-03-31T10:07:40.118+0000] {dagbag.py:545} INFO - Filling up the DagBag from /opt/airflow/dags/example.py
[2026-03-31T10:07:40.138+0000] {processor.py:840} INFO - DAG(s) 'hello_airflow' retrieved from /opt/airflow/dags/example.py
[2026-03-31T10:07:40.165+0000] {logging_mixin.py:188} INFO - [2026-03-31T10:07:40.165+0000] {dag.py:3096} INFO - Sync 1 DAGs
[2026-03-31T10:07:40.185+0000] {logging_mixin.py:188} INFO - [2026-03-31T10:07:40.185+0000] {dag.py:3954} INFO - Setting next_dagrun for hello_airflow to 2024-03-23 00:00:00+00:00, run_after=2024-03-24 00:00:00+00:00
[2026-03-31T10:07:40.207+0000] {processor.py:183} INFO - Processing /opt/airflow/dags/example.py took 0.097 seconds
[2026-03-31T10:08:10.914+0000] {processor.py:161} INFO - Started process (PID=2251) to work on /opt/airflow/dags/example.py
[2026-03-31T10:08:10.916+0000] {processor.py:830} INFO - Processing file /opt/airflow/dags/example.py for tasks to queue
[2026-03-31T10:08:10.918+0000] {logging_mixin.py:188} INFO - [2026-03-31T10:08:10.918+0000] {dagbag.py:545} INFO - Filling up the DagBag from /opt/airflow/dags/example.py
[2026-03-31T10:08:10.939+0000] {processor.py:840} INFO - DAG(s) 'hello_airflow' retrieved from /opt/airflow/dags/example.py
[2026-03-31T10:08:10.965+0000] {logging_mixin.py:188} INFO - [2026-03-31T10:08:10.965+0000] {dag.py:3096} INFO - Sync 1 DAGs
[2026-03-31T10:08:10.988+0000] {logging_mixin.py:188} INFO - [2026-03-31T10:08:10.988+0000] {dag.py:3954} INFO - Setting next_dagrun for hello_airflow to 2024-03-23 00:00:00+00:00, run_after=2024-03-24 00:00:00+00:00
[2026-03-31T10:08:11.013+0000] {processor.py:183} INFO - Processing /opt/airflow/dags/example.py took 0.105 seconds
[2026-03-31T10:08:41.674+0000] {processor.py:161} INFO - Started process (PID=2278) to work on /opt/airflow/dags/example.py
[2026-03-31T10:08:41.675+0000] {processor.py:830} INFO - Processing file /opt/airflow/dags/example.py for tasks to queue
[2026-03-31T10:08:41.677+0000] {logging_mixin.py:188} INFO - [2026-03-31T10:08:41.677+0000] {dagbag.py:545} INFO - Filling up the DagBag from /opt/airflow/dags/example.py
[2026-03-31T10:08:41.696+0000] {processor.py:840} INFO - DAG(s) 'hello_airflow' retrieved from /opt/airflow/dags/example.py
[2026-03-31T10:08:41.722+0000] {logging_mixin.py:188} INFO - [2026-03-31T10:08:41.722+0000] {dag.py:3096} INFO - Sync 1 DAGs
[2026-03-31T10:08:41.741+0000] {logging_mixin.py:188} INFO - [2026-03-31T10:08:41.741+0000] {dag.py:3954} INFO - Setting next_dagrun for hello_airflow to 2024-03-23 00:00:00+00:00, run_after=2024-03-24 00:00:00+00:00
[2026-03-31T10:08:41.763+0000] {processor.py:183} INFO - Processing /opt/airflow/dags/example.py took 0.095 seconds
[2026-03-31T10:09:12.370+0000] {processor.py:161} INFO - Started process (PID=2304) to work on /opt/airflow/dags/example.py
[2026-03-31T10:09:12.371+0000] {processor.py:830} INFO - Processing file /opt/airflow/dags/example.py for tasks to queue
[2026-03-31T10:09:12.373+0000] {logging_mixin.py:188} INFO - [2026-03-31T10:09:12.373+0000] {dagbag.py:545} INFO - Filling up the DagBag from /opt/airflow/dags/example.py
[2026-03-31T10:09:12.392+0000] {processor.py:840} INFO - DAG(s) 'hello_airflow' retrieved from /opt/airflow/dags/example.py
[2026-03-31T10:09:12.420+0000] {logging_mixin.py:188} INFO - [2026-03-31T10:09:12.420+0000] {dag.py:3096} INFO - Sync 1 DAGs
[2026-03-31T10:09:12.441+0000] {logging_mixin.py:188} INFO - [2026-03-31T10:09:12.441+0000] {dag.py:3954} INFO - Setting next_dagrun for hello_airflow to 2024-03-23 00:00:00+00:00, run_after=2024-03-24 00:00:00+00:00
[2026-03-31T10:09:12.469+0000] {processor.py:183} INFO - Processing /opt/airflow/dags/example.py took 0.106 seconds
[2026-03-31T10:09:43.096+0000] {processor.py:161} INFO - Started process (PID=2330) to work on /opt/airflow/dags/example.py
[2026-03-31T10:09:43.097+0000] {processor.py:830} INFO - Processing file /opt/airflow/dags/example.py for tasks to queue
[2026-03-31T10:09:43.099+0000] {logging_mixin.py:188} INFO - [2026-03-31T10:09:43.099+0000] {dagbag.py:545} INFO - Filling up the DagBag from /opt/airflow/dags/example.py
[2026-03-31T10:09:43.118+0000] {processor.py:840} INFO - DAG(s) 'hello_airflow' retrieved from /opt/airflow/dags/example.py
[2026-03-31T10:09:43.146+0000] {logging_mixin.py:188} INFO - [2026-03-31T10:09:43.146+0000] {dag.py:3096} INFO - Sync 1 DAGs
[2026-03-31T10:09:43.168+0000] {logging_mixin.py:188} INFO - [2026-03-31T10:09:43.167+0000] {dag.py:3954} INFO - Setting next_dagrun for hello_airflow to 2024-03-23 00:00:00+00:00, run_after=2024-03-24 00:00:00+00:00
[2026-03-31T10:09:43.195+0000] {processor.py:183} INFO - Processing /opt/airflow/dags/example.py took 0.105 seconds
[2026-03-31T10:10:13.837+0000] {processor.py:161} INFO - Started process (PID=2356) to work on /opt/airflow/dags/example.py
[2026-03-31T10:10:13.838+0000] {processor.py:830} INFO - Processing file /opt/airflow/dags/example.py for tasks to queue
[2026-03-31T10:10:13.840+0000] {logging_mixin.py:188} INFO - [2026-03-31T10:10:13.839+0000] {dagbag.py:545} INFO - Filling up the DagBag from /opt/airflow/dags/example.py
[2026-03-31T10:10:13.858+0000] {processor.py:840} INFO - DAG(s) 'hello_airflow' retrieved from /opt/airflow/dags/example.py
[2026-03-31T10:10:13.887+0000] {logging_mixin.py:188} INFO - [2026-03-31T10:10:13.887+0000] {dag.py:3096} INFO - Sync 1 DAGs
[2026-03-31T10:10:13.908+0000] {logging_mixin.py:188} INFO - [2026-03-31T10:10:13.908+0000] {dag.py:3954} INFO - Setting next_dagrun for hello_airflow to 2024-03-23 00:00:00+00:00, run_after=2024-03-24 00:00:00+00:00
[2026-03-31T10:10:13.935+0000] {processor.py:183} INFO - Processing /opt/airflow/dags/example.py took 0.104 seconds
[2026-03-31T10:10:44.651+0000] {processor.py:161} INFO - Started process (PID=2388) to work on /opt/airflow/dags/example.py
[2026-03-31T10:10:44.653+0000] {processor.py:830} INFO - Processing file /opt/airflow/dags/example.py for tasks to queue
[2026-03-31T10:10:44.656+0000] {logging_mixin.py:188} INFO - [2026-03-31T10:10:44.655+0000] {dagbag.py:545} INFO - Filling up the DagBag from /opt/airflow/dags/example.py
[2026-03-31T10:10:44.694+0000] {processor.py:840} INFO - DAG(s) 'hello_airflow' retrieved from /opt/airflow/dags/example.py
[2026-03-31T10:10:44.752+0000] {logging_mixin.py:188} INFO - [2026-03-31T10:10:44.752+0000] {dag.py:3096} INFO - Sync 1 DAGs
[2026-03-31T10:10:44.779+0000] {logging_mixin.py:188} INFO - [2026-03-31T10:10:44.779+0000] {dag.py:3954} INFO - Setting next_dagrun for hello_airflow to 2024-03-23 00:00:00+00:00, run_after=2024-03-24 00:00:00+00:00
[2026-03-31T10:10:44.803+0000] {processor.py:183} INFO - Processing /opt/airflow/dags/example.py took 0.166 seconds
[2026-03-31T10:11:15.479+0000] {processor.py:161} INFO - Started process (PID=2414) to work on /opt/airflow/dags/example.py
[2026-03-31T10:11:15.480+0000] {processor.py:830} INFO - Processing file /opt/airflow/dags/example.py for tasks to queue
[2026-03-31T10:11:15.483+0000] {logging_mixin.py:188} INFO - [2026-03-31T10:11:15.483+0000] {dagbag.py:545} INFO - Filling up the DagBag from /opt/airflow/dags/example.py
[2026-03-31T10:11:15.507+0000] {processor.py:840} INFO - DAG(s) 'hello_airflow' retrieved from /opt/airflow/dags/example.py
[2026-03-31T10:11:15.543+0000] {logging_mixin.py:188} INFO - [2026-03-31T10:11:15.543+0000] {dag.py:3096} INFO - Sync 1 DAGs
[2026-03-31T10:11:15.566+0000] {logging_mixin.py:188} INFO - [2026-03-31T10:11:15.565+0000] {dag.py:3954} INFO - Setting next_dagrun for hello_airflow to 2024-03-23 00:00:00+00:00, run_after=2024-03-24 00:00:00+00:00
[2026-03-31T10:11:15.592+0000] {processor.py:183} INFO - Processing /opt/airflow/dags/example.py took 0.121 seconds
[2026-03-31T10:11:46.226+0000] {processor.py:161} INFO - Started process (PID=2440) to work on /opt/airflow/dags/example.py
[2026-03-31T10:11:46.227+0000] {processor.py:830} INFO - Processing file /opt/airflow/dags/example.py for tasks to queue
[2026-03-31T10:11:46.229+0000] {logging_mixin.py:188} INFO - [2026-03-31T10:11:46.229+0000] {dagbag.py:545} INFO - Filling up the DagBag from /opt/airflow/dags/example.py
[2026-03-31T10:11:46.247+0000] {processor.py:840} INFO - DAG(s) 'hello_airflow' retrieved from /opt/airflow/dags/example.py
[2026-03-31T10:11:46.276+0000] {logging_mixin.py:188} INFO - [2026-03-31T10:11:46.276+0000] {dag.py:3096} INFO - Sync 1 DAGs
[2026-03-31T10:11:46.297+0000] {logging_mixin.py:188} INFO - [2026-03-31T10:11:46.297+0000] {dag.py:3954} INFO - Setting next_dagrun for hello_airflow to 2024-03-23 00:00:00+00:00, run_after=2024-03-24 00:00:00+00:00
[2026-03-31T10:11:46.325+0000] {processor.py:183} INFO - Processing /opt/airflow/dags/example.py took 0.105 seconds
[2026-03-31T10:12:17.004+0000] {processor.py:161} INFO - Started process (PID=2466) to work on /opt/airflow/dags/example.py
[2026-03-31T10:12:17.005+0000] {processor.py:830} INFO - Processing file /opt/airflow/dags/example.py for tasks to queue
[2026-03-31T10:12:17.008+0000] {logging_mixin.py:188} INFO - [2026-03-31T10:12:17.008+0000] {dagbag.py:545} INFO - Filling up the DagBag from /opt/airflow/dags/example.py
[2026-03-31T10:12:17.038+0000] {processor.py:840} INFO - DAG(s) 'hello_airflow' retrieved from /opt/airflow/dags/example.py
[2026-03-31T10:12:17.087+0000] {logging_mixin.py:188} INFO - [2026-03-31T10:12:17.087+0000] {dag.py:3096} INFO - Sync 1 DAGs
[2026-03-31T10:12:17.122+0000] {logging_mixin.py:188} INFO - [2026-03-31T10:12:17.122+0000] {dag.py:3954} INFO - Setting next_dagrun for hello_airflow to 2024-03-23 00:00:00+00:00, run_after=2024-03-24 00:00:00+00:00
[2026-03-31T10:12:17.150+0000] {processor.py:183} INFO - Processing /opt/airflow/dags/example.py took 0.155 seconds
[2026-03-31T10:12:47.836+0000] {processor.py:161} INFO - Started process (PID=2492) to work on /opt/airflow/dags/example.py
[2026-03-31T10:12:47.837+0000] {processor.py:830} INFO - Processing file /opt/airflow/dags/example.py for tasks to queue
[2026-03-31T10:12:47.838+0000] {logging_mixin.py:188} INFO - [2026-03-31T10:12:47.838+0000] {dagbag.py:545} INFO - Filling up the DagBag from /opt/airflow/dags/example.py
[2026-03-31T10:12:47.857+0000] {processor.py:840} INFO - DAG(s) 'hello_airflow' retrieved from /opt/airflow/dags/example.py
[2026-03-31T10:12:47.883+0000] {logging_mixin.py:188} INFO - [2026-03-31T10:12:47.883+0000] {dag.py:3096} INFO - Sync 1 DAGs
[2026-03-31T10:12:47.904+0000] {logging_mixin.py:188} INFO - [2026-03-31T10:12:47.904+0000] {dag.py:3954} INFO - Setting next_dagrun for hello_airflow to 2024-03-23 00:00:00+00:00, run_after=2024-03-24 00:00:00+00:00
[2026-03-31T10:12:47.929+0000] {processor.py:183} INFO - Processing /opt/airflow/dags/example.py took 0.099 seconds
[2026-03-31T10:13:18.809+0000] {processor.py:161} INFO - Started process (PID=2518) to work on /opt/airflow/dags/example.py
[2026-03-31T10:13:18.810+0000] {processor.py:830} INFO - Processing file /opt/airflow/dags/example.py for tasks to queue
[2026-03-31T10:13:18.812+0000] {logging_mixin.py:188} INFO - [2026-03-31T10:13:18.812+0000] {dagbag.py:545} INFO - Filling up the DagBag from /opt/airflow/dags/example.py
[2026-03-31T10:13:18.832+0000] {processor.py:840} INFO - DAG(s) 'hello_airflow' retrieved from /opt/airflow/dags/example.py
[2026-03-31T10:13:18.858+0000] {logging_mixin.py:188} INFO - [2026-03-31T10:13:18.858+0000] {dag.py:3096} INFO - Sync 1 DAGs
[2026-03-31T10:13:18.879+0000] {logging_mixin.py:188} INFO - [2026-03-31T10:13:18.879+0000] {dag.py:3954} INFO - Setting next_dagrun for hello_airflow to 2024-03-23 00:00:00+00:00, run_after=2024-03-24 00:00:00+00:00
[2026-03-31T10:13:18.905+0000] {processor.py:183} INFO - Processing /opt/airflow/dags/example.py took 0.102 seconds
[2026-03-31T10:13:49.527+0000] {processor.py:161} INFO - Started process (PID=2544) to work on /opt/airflow/dags/example.py
[2026-03-31T10:13:49.528+0000] {processor.py:830} INFO - Processing file /opt/airflow/dags/example.py for tasks to queue
[2026-03-31T10:13:49.531+0000] {logging_mixin.py:188} INFO - [2026-03-31T10:13:49.530+0000] {dagbag.py:545} INFO - Filling up the DagBag from /opt/airflow/dags/example.py
[2026-03-31T10:13:49.548+0000] {processor.py:840} INFO - DAG(s) 'hello_airflow' retrieved from /opt/airflow/dags/example.py
[2026-03-31T10:13:49.577+0000] {logging_mixin.py:188} INFO - [2026-03-31T10:13:49.577+0000] {dag.py:3096} INFO - Sync 1 DAGs
[2026-03-31T10:13:49.599+0000] {logging_mixin.py:188} INFO - [2026-03-31T10:13:49.599+0000] {dag.py:3954} INFO - Setting next_dagrun for hello_airflow to 2024-03-23 00:00:00+00:00, run_after=2024-03-24 00:00:00+00:00
[2026-03-31T10:13:49.624+0000] {processor.py:183} INFO - Processing /opt/airflow/dags/example.py took 0.103 seconds
[2026-03-31T10:14:20.321+0000] {processor.py:161} INFO - Started process (PID=2570) to work on /opt/airflow/dags/example.py
[2026-03-31T10:14:20.322+0000] {processor.py:830} INFO - Processing file /opt/airflow/dags/example.py for tasks to queue
[2026-03-31T10:14:20.323+0000] {logging_mixin.py:188} INFO - [2026-03-31T10:14:20.323+0000] {dagbag.py:545} INFO - Filling up the DagBag from /opt/airflow/dags/example.py
[2026-03-31T10:14:20.345+0000] {processor.py:840} INFO - DAG(s) 'hello_airflow' retrieved from /opt/airflow/dags/example.py
[2026-03-31T10:14:20.372+0000] {logging_mixin.py:188} INFO - [2026-03-31T10:14:20.371+0000] {dag.py:3096} INFO - Sync 1 DAGs
[2026-03-31T10:14:20.392+0000] {logging_mixin.py:188} INFO - [2026-03-31T10:14:20.392+0000] {dag.py:3954} INFO - Setting next_dagrun for hello_airflow to 2024-03-23 00:00:00+00:00, run_after=2024-03-24 00:00:00+00:00
[2026-03-31T10:14:20.416+0000] {processor.py:183} INFO - Processing /opt/airflow/dags/example.py took 0.101 seconds
[2026-03-31T10:14:51.058+0000] {processor.py:161} INFO - Started process (PID=2596) to work on /opt/airflow/dags/example.py
[2026-03-31T10:14:51.059+0000] {processor.py:830} INFO - Processing file /opt/airflow/dags/example.py for tasks to queue
[2026-03-31T10:14:51.060+0000] {logging_mixin.py:188} INFO - [2026-03-31T10:14:51.060+0000] {dagbag.py:545} INFO - Filling up the DagBag from /opt/airflow/dags/example.py
[2026-03-31T10:14:51.083+0000] {processor.py:840} INFO - DAG(s) 'hello_airflow' retrieved from /opt/airflow/dags/example.py
[2026-03-31T10:14:51.114+0000] {logging_mixin.py:188} INFO - [2026-03-31T10:14:51.114+0000] {dag.py:3096} INFO - Sync 1 DAGs
[2026-03-31T10:14:51.139+0000] {logging_mixin.py:188} INFO - [2026-03-31T10:14:51.139+0000] {dag.py:3954} INFO - Setting next_dagrun for hello_airflow to 2024-03-23 00:00:00+00:00, run_after=2024-03-24 00:00:00+00:00
[2026-03-31T10:14:51.164+0000] {processor.py:183} INFO - Processing /opt/airflow/dags/example.py took 0.112 seconds
[2026-03-31T10:15:21.807+0000] {processor.py:161} INFO - Started process (PID=2622) to work on /opt/airflow/dags/example.py
[2026-03-31T10:15:21.808+0000] {processor.py:830} INFO - Processing file /opt/airflow/dags/example.py for tasks to queue
[2026-03-31T10:15:21.810+0000] {logging_mixin.py:188} INFO - [2026-03-31T10:15:21.810+0000] {dagbag.py:545} INFO - Filling up the DagBag from /opt/airflow/dags/example.py
[2026-03-31T10:15:21.834+0000] {processor.py:840} INFO - DAG(s) 'hello_airflow' retrieved from /opt/airflow/dags/example.py
[2026-03-31T10:15:21.867+0000] {logging_mixin.py:188} INFO - [2026-03-31T10:15:21.866+0000] {dag.py:3096} INFO - Sync 1 DAGs
[2026-03-31T10:15:21.890+0000] {logging_mixin.py:188} INFO - [2026-03-31T10:15:21.890+0000] {dag.py:3954} INFO - Setting next_dagrun for hello_airflow to 2024-03-23 00:00:00+00:00, run_after=2024-03-24 00:00:00+00:00
[2026-03-31T10:15:21.915+0000] {processor.py:183} INFO - Processing /opt/airflow/dags/example.py took 0.114 seconds
[2026-03-31T10:15:52.743+0000] {processor.py:161} INFO - Started process (PID=2648) to work on /opt/airflow/dags/example.py
[2026-03-31T10:15:52.745+0000] {processor.py:830} INFO - Processing file /opt/airflow/dags/example.py for tasks to queue
[2026-03-31T10:15:52.758+0000] {logging_mixin.py:188} INFO - [2026-03-31T10:15:52.748+0000] {dagbag.py:545} INFO - Filling up the DagBag from /opt/airflow/dags/example.py
[2026-03-31T10:15:52.935+0000] {processor.py:840} INFO - DAG(s) 'hello_airflow' retrieved from /opt/airflow/dags/example.py
[2026-03-31T10:15:53.054+0000] {logging_mixin.py:188} INFO - [2026-03-31T10:15:53.054+0000] {dag.py:3096} INFO - Sync 1 DAGs
[2026-03-31T10:15:53.146+0000] {logging_mixin.py:188} INFO - [2026-03-31T10:15:53.145+0000] {dag.py:3954} INFO - Setting next_dagrun for hello_airflow to 2024-03-23 00:00:00+00:00, run_after=2024-03-24 00:00:00+00:00
[2026-03-31T10:15:53.242+0000] {processor.py:183} INFO - Processing /opt/airflow/dags/example.py took 0.521 seconds
[2026-03-31T10:16:12.754+0000] {processor.py:161} INFO - Started process (PID=2673) to work on /opt/airflow/dags/example.py
[2026-03-31T10:16:12.759+0000] {processor.py:830} INFO - Processing file /opt/airflow/dags/example.py for tasks to queue
[2026-03-31T10:16:12.760+0000] {logging_mixin.py:188} INFO - [2026-03-31T10:16:12.760+0000] {dagbag.py:545} INFO - Filling up the DagBag from /opt/airflow/dags/example.py
[2026-03-31T10:16:12.780+0000] {processor.py:840} INFO - DAG(s) 'hello_airflow' retrieved from /opt/airflow/dags/example.py
[2026-03-31T10:16:12.877+0000] {logging_mixin.py:188} INFO - [2026-03-31T10:16:12.875+0000] {dag.py:3096} INFO - Sync 1 DAGs
[2026-03-31T10:16:12.933+0000] {logging_mixin.py:188} INFO - [2026-03-31T10:16:12.932+0000] {dag.py:3954} INFO - Setting next_dagrun for hello_airflow to 2024-03-23 00:00:00+00:00, run_after=2024-03-24 00:00:00+00:00
[2026-03-31T10:16:12.971+0000] {processor.py:183} INFO - Processing /opt/airflow/dags/example.py took 0.225 seconds
[2026-03-31T10:16:44.541+0000] {processor.py:161} INFO - Started process (PID=2699) to work on /opt/airflow/dags/example.py
[2026-03-31T10:16:44.549+0000] {processor.py:830} INFO - Processing file /opt/airflow/dags/example.py for tasks to queue
[2026-03-31T10:16:44.550+0000] {logging_mixin.py:188} INFO - [2026-03-31T10:16:44.550+0000] {dagbag.py:545} INFO - Filling up the DagBag from /opt/airflow/dags/example.py
[2026-03-31T10:16:44.574+0000] {processor.py:840} INFO - DAG(s) 'hello_airflow' retrieved from /opt/airflow/dags/example.py
[2026-03-31T10:16:45.624+0000] {logging_mixin.py:188} INFO - [2026-03-31T10:16:45.624+0000] {dag.py:3096} INFO - Sync 1 DAGs
[2026-03-31T10:16:45.649+0000] {logging_mixin.py:188} INFO - [2026-03-31T10:16:45.649+0000] {dag.py:3954} INFO - Setting next_dagrun for hello_airflow to 2024-03-23 00:00:00+00:00, run_after=2024-03-24 00:00:00+00:00
[2026-03-31T10:16:45.676+0000] {processor.py:183} INFO - Processing /opt/airflow/dags/example.py took 1.143 seconds
