[2026-03-31T08:15:57.889+0000] {processor.py:161} INFO - Started process (PID=193) to work on /opt/airflow/dags/extract_data.py
[2026-03-31T08:15:57.894+0000] {processor.py:830} INFO - Processing file /opt/airflow/dags/extract_data.py for tasks to queue
[2026-03-31T08:15:57.900+0000] {logging_mixin.py:188} INFO - [2026-03-31T08:15:57.900+0000] {dagbag.py:545} INFO - Filling up the DagBag from /opt/airflow/dags/extract_data.py
[2026-03-31T08:15:58.116+0000] {processor.py:842} WARNING - No viable dags retrieved from /opt/airflow/dags/extract_data.py
[2026-03-31T08:15:58.155+0000] {processor.py:183} INFO - Processing /opt/airflow/dags/extract_data.py took 0.327 seconds
[2026-03-31T08:16:28.658+0000] {processor.py:161} INFO - Started process (PID=232) to work on /opt/airflow/dags/extract_data.py
[2026-03-31T08:16:28.663+0000] {processor.py:830} INFO - Processing file /opt/airflow/dags/extract_data.py for tasks to queue
[2026-03-31T08:16:28.667+0000] {logging_mixin.py:188} INFO - [2026-03-31T08:16:28.667+0000] {dagbag.py:545} INFO - Filling up the DagBag from /opt/airflow/dags/extract_data.py
[2026-03-31T08:16:28.694+0000] {processor.py:842} WARNING - No viable dags retrieved from /opt/airflow/dags/extract_data.py
[2026-03-31T08:16:28.718+0000] {processor.py:183} INFO - Processing /opt/airflow/dags/extract_data.py took 0.072 seconds
[2026-03-31T08:16:59.485+0000] {processor.py:161} INFO - Started process (PID=272) to work on /opt/airflow/dags/extract_data.py
[2026-03-31T08:16:59.487+0000] {processor.py:830} INFO - Processing file /opt/airflow/dags/extract_data.py for tasks to queue
[2026-03-31T08:16:59.489+0000] {logging_mixin.py:188} INFO - [2026-03-31T08:16:59.489+0000] {dagbag.py:545} INFO - Filling up the DagBag from /opt/airflow/dags/extract_data.py
[2026-03-31T08:16:59.517+0000] {processor.py:842} WARNING - No viable dags retrieved from /opt/airflow/dags/extract_data.py
[2026-03-31T08:16:59.531+0000] {processor.py:183} INFO - Processing /opt/airflow/dags/extract_data.py took 0.052 seconds
[2026-03-31T08:17:30.138+0000] {processor.py:161} INFO - Started process (PID=299) to work on /opt/airflow/dags/extract_data.py
[2026-03-31T08:17:30.139+0000] {processor.py:830} INFO - Processing file /opt/airflow/dags/extract_data.py for tasks to queue
[2026-03-31T08:17:30.142+0000] {logging_mixin.py:188} INFO - [2026-03-31T08:17:30.142+0000] {dagbag.py:545} INFO - Filling up the DagBag from /opt/airflow/dags/extract_data.py
[2026-03-31T08:17:30.160+0000] {processor.py:842} WARNING - No viable dags retrieved from /opt/airflow/dags/extract_data.py
[2026-03-31T08:17:30.178+0000] {processor.py:183} INFO - Processing /opt/airflow/dags/extract_data.py took 0.048 seconds
[2026-03-31T08:18:00.889+0000] {processor.py:161} INFO - Started process (PID=325) to work on /opt/airflow/dags/extract_data.py
[2026-03-31T08:18:00.890+0000] {processor.py:830} INFO - Processing file /opt/airflow/dags/extract_data.py for tasks to queue
[2026-03-31T08:18:00.893+0000] {logging_mixin.py:188} INFO - [2026-03-31T08:18:00.893+0000] {dagbag.py:545} INFO - Filling up the DagBag from /opt/airflow/dags/extract_data.py
[2026-03-31T08:18:00.918+0000] {processor.py:842} WARNING - No viable dags retrieved from /opt/airflow/dags/extract_data.py
[2026-03-31T08:18:00.932+0000] {processor.py:183} INFO - Processing /opt/airflow/dags/extract_data.py took 0.049 seconds
[2026-03-31T08:18:31.575+0000] {processor.py:161} INFO - Started process (PID=351) to work on /opt/airflow/dags/extract_data.py
[2026-03-31T08:18:31.577+0000] {processor.py:830} INFO - Processing file /opt/airflow/dags/extract_data.py for tasks to queue
[2026-03-31T08:18:31.581+0000] {logging_mixin.py:188} INFO - [2026-03-31T08:18:31.580+0000] {dagbag.py:545} INFO - Filling up the DagBag from /opt/airflow/dags/extract_data.py
[2026-03-31T08:18:31.606+0000] {processor.py:842} WARNING - No viable dags retrieved from /opt/airflow/dags/extract_data.py
[2026-03-31T08:18:31.626+0000] {processor.py:183} INFO - Processing /opt/airflow/dags/extract_data.py took 0.061 seconds
[2026-03-31T08:19:02.196+0000] {processor.py:161} INFO - Started process (PID=378) to work on /opt/airflow/dags/extract_data.py
[2026-03-31T08:19:02.198+0000] {processor.py:830} INFO - Processing file /opt/airflow/dags/extract_data.py for tasks to queue
[2026-03-31T08:19:02.201+0000] {logging_mixin.py:188} INFO - [2026-03-31T08:19:02.201+0000] {dagbag.py:545} INFO - Filling up the DagBag from /opt/airflow/dags/extract_data.py
[2026-03-31T08:19:02.213+0000] {processor.py:842} WARNING - No viable dags retrieved from /opt/airflow/dags/extract_data.py
[2026-03-31T08:19:02.227+0000] {processor.py:183} INFO - Processing /opt/airflow/dags/extract_data.py took 0.037 seconds
[2026-03-31T08:19:32.877+0000] {processor.py:161} INFO - Started process (PID=404) to work on /opt/airflow/dags/extract_data.py
[2026-03-31T08:19:32.878+0000] {processor.py:830} INFO - Processing file /opt/airflow/dags/extract_data.py for tasks to queue
[2026-03-31T08:19:32.880+0000] {logging_mixin.py:188} INFO - [2026-03-31T08:19:32.880+0000] {dagbag.py:545} INFO - Filling up the DagBag from /opt/airflow/dags/extract_data.py
[2026-03-31T08:19:32.893+0000] {processor.py:842} WARNING - No viable dags retrieved from /opt/airflow/dags/extract_data.py
[2026-03-31T08:19:32.909+0000] {processor.py:183} INFO - Processing /opt/airflow/dags/extract_data.py took 0.038 seconds
[2026-03-31T08:20:03.627+0000] {processor.py:161} INFO - Started process (PID=430) to work on /opt/airflow/dags/extract_data.py
[2026-03-31T08:20:03.629+0000] {processor.py:830} INFO - Processing file /opt/airflow/dags/extract_data.py for tasks to queue
[2026-03-31T08:20:03.632+0000] {logging_mixin.py:188} INFO - [2026-03-31T08:20:03.631+0000] {dagbag.py:545} INFO - Filling up the DagBag from /opt/airflow/dags/extract_data.py
[2026-03-31T08:20:03.670+0000] {processor.py:842} WARNING - No viable dags retrieved from /opt/airflow/dags/extract_data.py
[2026-03-31T08:20:03.686+0000] {processor.py:183} INFO - Processing /opt/airflow/dags/extract_data.py took 0.066 seconds
[2026-03-31T08:20:34.327+0000] {processor.py:161} INFO - Started process (PID=456) to work on /opt/airflow/dags/extract_data.py
[2026-03-31T08:20:34.328+0000] {processor.py:830} INFO - Processing file /opt/airflow/dags/extract_data.py for tasks to queue
[2026-03-31T08:20:34.331+0000] {logging_mixin.py:188} INFO - [2026-03-31T08:20:34.331+0000] {dagbag.py:545} INFO - Filling up the DagBag from /opt/airflow/dags/extract_data.py
[2026-03-31T08:20:34.356+0000] {processor.py:842} WARNING - No viable dags retrieved from /opt/airflow/dags/extract_data.py
[2026-03-31T08:20:34.373+0000] {processor.py:183} INFO - Processing /opt/airflow/dags/extract_data.py took 0.053 seconds
[2026-03-31T08:21:05.172+0000] {processor.py:161} INFO - Started process (PID=482) to work on /opt/airflow/dags/extract_data.py
[2026-03-31T08:21:05.173+0000] {processor.py:830} INFO - Processing file /opt/airflow/dags/extract_data.py for tasks to queue
[2026-03-31T08:21:05.176+0000] {logging_mixin.py:188} INFO - [2026-03-31T08:21:05.175+0000] {dagbag.py:545} INFO - Filling up the DagBag from /opt/airflow/dags/extract_data.py
[2026-03-31T08:21:05.193+0000] {processor.py:842} WARNING - No viable dags retrieved from /opt/airflow/dags/extract_data.py
[2026-03-31T08:21:05.207+0000] {processor.py:183} INFO - Processing /opt/airflow/dags/extract_data.py took 0.042 seconds
[2026-03-31T08:31:49.511+0000] {processor.py:161} INFO - Started process (PID=187) to work on /opt/airflow/dags/extract_data.py
[2026-03-31T08:31:49.513+0000] {processor.py:830} INFO - Processing file /opt/airflow/dags/extract_data.py for tasks to queue
[2026-03-31T08:31:49.517+0000] {logging_mixin.py:188} INFO - [2026-03-31T08:31:49.516+0000] {dagbag.py:545} INFO - Filling up the DagBag from /opt/airflow/dags/extract_data.py
[2026-03-31T08:31:49.564+0000] {processor.py:842} WARNING - No viable dags retrieved from /opt/airflow/dags/extract_data.py
[2026-03-31T08:31:49.595+0000] {processor.py:183} INFO - Processing /opt/airflow/dags/extract_data.py took 0.105 seconds
[2026-03-31T08:32:20.109+0000] {processor.py:161} INFO - Started process (PID=210) to work on /opt/airflow/dags/extract_data.py
[2026-03-31T08:32:20.111+0000] {processor.py:830} INFO - Processing file /opt/airflow/dags/extract_data.py for tasks to queue
[2026-03-31T08:32:20.115+0000] {logging_mixin.py:188} INFO - [2026-03-31T08:32:20.114+0000] {dagbag.py:545} INFO - Filling up the DagBag from /opt/airflow/dags/extract_data.py
[2026-03-31T08:32:20.136+0000] {processor.py:842} WARNING - No viable dags retrieved from /opt/airflow/dags/extract_data.py
[2026-03-31T08:32:20.160+0000] {processor.py:183} INFO - Processing /opt/airflow/dags/extract_data.py took 0.064 seconds
[2026-03-31T08:32:50.926+0000] {processor.py:161} INFO - Started process (PID=236) to work on /opt/airflow/dags/extract_data.py
[2026-03-31T08:32:50.928+0000] {processor.py:830} INFO - Processing file /opt/airflow/dags/extract_data.py for tasks to queue
[2026-03-31T08:32:50.932+0000] {logging_mixin.py:188} INFO - [2026-03-31T08:32:50.932+0000] {dagbag.py:545} INFO - Filling up the DagBag from /opt/airflow/dags/extract_data.py
[2026-03-31T08:32:50.957+0000] {processor.py:842} WARNING - No viable dags retrieved from /opt/airflow/dags/extract_data.py
[2026-03-31T08:32:50.975+0000] {processor.py:183} INFO - Processing /opt/airflow/dags/extract_data.py took 0.058 seconds
[2026-03-31T08:33:21.682+0000] {processor.py:161} INFO - Started process (PID=262) to work on /opt/airflow/dags/extract_data.py
[2026-03-31T08:33:21.684+0000] {processor.py:830} INFO - Processing file /opt/airflow/dags/extract_data.py for tasks to queue
[2026-03-31T08:33:21.687+0000] {logging_mixin.py:188} INFO - [2026-03-31T08:33:21.687+0000] {dagbag.py:545} INFO - Filling up the DagBag from /opt/airflow/dags/extract_data.py
[2026-03-31T08:33:21.706+0000] {processor.py:842} WARNING - No viable dags retrieved from /opt/airflow/dags/extract_data.py
[2026-03-31T08:33:21.720+0000] {processor.py:183} INFO - Processing /opt/airflow/dags/extract_data.py took 0.044 seconds
[2026-03-31T08:33:52.441+0000] {processor.py:161} INFO - Started process (PID=294) to work on /opt/airflow/dags/extract_data.py
[2026-03-31T08:33:52.443+0000] {processor.py:830} INFO - Processing file /opt/airflow/dags/extract_data.py for tasks to queue
[2026-03-31T08:33:52.445+0000] {logging_mixin.py:188} INFO - [2026-03-31T08:33:52.445+0000] {dagbag.py:545} INFO - Filling up the DagBag from /opt/airflow/dags/extract_data.py
[2026-03-31T08:33:52.476+0000] {processor.py:842} WARNING - No viable dags retrieved from /opt/airflow/dags/extract_data.py
[2026-03-31T08:33:52.492+0000] {processor.py:183} INFO - Processing /opt/airflow/dags/extract_data.py took 0.059 seconds
[2026-03-31T08:34:23.205+0000] {processor.py:161} INFO - Started process (PID=320) to work on /opt/airflow/dags/extract_data.py
[2026-03-31T08:34:23.207+0000] {processor.py:830} INFO - Processing file /opt/airflow/dags/extract_data.py for tasks to queue
[2026-03-31T08:34:23.210+0000] {logging_mixin.py:188} INFO - [2026-03-31T08:34:23.210+0000] {dagbag.py:545} INFO - Filling up the DagBag from /opt/airflow/dags/extract_data.py
[2026-03-31T08:34:23.237+0000] {processor.py:842} WARNING - No viable dags retrieved from /opt/airflow/dags/extract_data.py
[2026-03-31T08:34:23.252+0000] {processor.py:183} INFO - Processing /opt/airflow/dags/extract_data.py took 0.054 seconds
[2026-03-31T08:34:53.910+0000] {processor.py:161} INFO - Started process (PID=348) to work on /opt/airflow/dags/extract_data.py
[2026-03-31T08:34:53.911+0000] {processor.py:830} INFO - Processing file /opt/airflow/dags/extract_data.py for tasks to queue
[2026-03-31T08:34:53.916+0000] {logging_mixin.py:188} INFO - [2026-03-31T08:34:53.915+0000] {dagbag.py:545} INFO - Filling up the DagBag from /opt/airflow/dags/extract_data.py
[2026-03-31T08:34:53.940+0000] {processor.py:842} WARNING - No viable dags retrieved from /opt/airflow/dags/extract_data.py
[2026-03-31T08:34:53.966+0000] {processor.py:183} INFO - Processing /opt/airflow/dags/extract_data.py took 0.066 seconds
[2026-03-31T08:35:24.439+0000] {processor.py:161} INFO - Started process (PID=388) to work on /opt/airflow/dags/extract_data.py
[2026-03-31T08:35:24.440+0000] {processor.py:830} INFO - Processing file /opt/airflow/dags/extract_data.py for tasks to queue
[2026-03-31T08:35:24.443+0000] {logging_mixin.py:188} INFO - [2026-03-31T08:35:24.442+0000] {dagbag.py:545} INFO - Filling up the DagBag from /opt/airflow/dags/extract_data.py
[2026-03-31T08:35:24.456+0000] {processor.py:842} WARNING - No viable dags retrieved from /opt/airflow/dags/extract_data.py
[2026-03-31T08:35:24.469+0000] {processor.py:183} INFO - Processing /opt/airflow/dags/extract_data.py took 0.038 seconds
[2026-03-31T08:35:55.118+0000] {processor.py:161} INFO - Started process (PID=414) to work on /opt/airflow/dags/extract_data.py
[2026-03-31T08:35:55.119+0000] {processor.py:830} INFO - Processing file /opt/airflow/dags/extract_data.py for tasks to queue
[2026-03-31T08:35:55.122+0000] {logging_mixin.py:188} INFO - [2026-03-31T08:35:55.121+0000] {dagbag.py:545} INFO - Filling up the DagBag from /opt/airflow/dags/extract_data.py
[2026-03-31T08:35:55.134+0000] {processor.py:842} WARNING - No viable dags retrieved from /opt/airflow/dags/extract_data.py
[2026-03-31T08:35:55.149+0000] {processor.py:183} INFO - Processing /opt/airflow/dags/extract_data.py took 0.040 seconds
[2026-03-31T08:36:25.837+0000] {processor.py:161} INFO - Started process (PID=440) to work on /opt/airflow/dags/extract_data.py
[2026-03-31T08:36:25.839+0000] {processor.py:830} INFO - Processing file /opt/airflow/dags/extract_data.py for tasks to queue
[2026-03-31T08:36:25.840+0000] {logging_mixin.py:188} INFO - [2026-03-31T08:36:25.840+0000] {dagbag.py:545} INFO - Filling up the DagBag from /opt/airflow/dags/extract_data.py
[2026-03-31T08:36:25.856+0000] {processor.py:842} WARNING - No viable dags retrieved from /opt/airflow/dags/extract_data.py
[2026-03-31T08:36:25.870+0000] {processor.py:183} INFO - Processing /opt/airflow/dags/extract_data.py took 0.039 seconds
[2026-03-31T08:36:56.757+0000] {processor.py:161} INFO - Started process (PID=466) to work on /opt/airflow/dags/extract_data.py
[2026-03-31T08:36:56.758+0000] {processor.py:830} INFO - Processing file /opt/airflow/dags/extract_data.py for tasks to queue
[2026-03-31T08:36:56.760+0000] {logging_mixin.py:188} INFO - [2026-03-31T08:36:56.759+0000] {dagbag.py:545} INFO - Filling up the DagBag from /opt/airflow/dags/extract_data.py
[2026-03-31T08:36:56.771+0000] {processor.py:842} WARNING - No viable dags retrieved from /opt/airflow/dags/extract_data.py
[2026-03-31T08:36:56.783+0000] {processor.py:183} INFO - Processing /opt/airflow/dags/extract_data.py took 0.032 seconds
[2026-03-31T08:37:27.439+0000] {processor.py:161} INFO - Started process (PID=492) to work on /opt/airflow/dags/extract_data.py
[2026-03-31T08:37:27.440+0000] {processor.py:830} INFO - Processing file /opt/airflow/dags/extract_data.py for tasks to queue
[2026-03-31T08:37:27.442+0000] {logging_mixin.py:188} INFO - [2026-03-31T08:37:27.442+0000] {dagbag.py:545} INFO - Filling up the DagBag from /opt/airflow/dags/extract_data.py
[2026-03-31T08:37:27.456+0000] {processor.py:842} WARNING - No viable dags retrieved from /opt/airflow/dags/extract_data.py
[2026-03-31T08:37:27.469+0000] {processor.py:183} INFO - Processing /opt/airflow/dags/extract_data.py took 0.036 seconds
[2026-03-31T08:53:27.247+0000] {processor.py:161} INFO - Started process (PID=182) to work on /opt/airflow/dags/extract_data.py
[2026-03-31T08:53:27.251+0000] {processor.py:830} INFO - Processing file /opt/airflow/dags/extract_data.py for tasks to queue
[2026-03-31T08:53:27.258+0000] {logging_mixin.py:188} INFO - [2026-03-31T08:53:27.258+0000] {dagbag.py:545} INFO - Filling up the DagBag from /opt/airflow/dags/extract_data.py
[2026-03-31T08:53:27.313+0000] {processor.py:842} WARNING - No viable dags retrieved from /opt/airflow/dags/extract_data.py
[2026-03-31T08:53:27.353+0000] {processor.py:183} INFO - Processing /opt/airflow/dags/extract_data.py took 0.120 seconds
[2026-03-31T08:53:57.929+0000] {processor.py:161} INFO - Started process (PID=205) to work on /opt/airflow/dags/extract_data.py
[2026-03-31T08:53:57.930+0000] {processor.py:830} INFO - Processing file /opt/airflow/dags/extract_data.py for tasks to queue
[2026-03-31T08:53:57.932+0000] {logging_mixin.py:188} INFO - [2026-03-31T08:53:57.932+0000] {dagbag.py:545} INFO - Filling up the DagBag from /opt/airflow/dags/extract_data.py
[2026-03-31T08:53:57.946+0000] {processor.py:842} WARNING - No viable dags retrieved from /opt/airflow/dags/extract_data.py
[2026-03-31T08:53:57.960+0000] {processor.py:183} INFO - Processing /opt/airflow/dags/extract_data.py took 0.037 seconds
[2026-03-31T08:54:28.663+0000] {processor.py:161} INFO - Started process (PID=231) to work on /opt/airflow/dags/extract_data.py
[2026-03-31T08:54:28.664+0000] {processor.py:830} INFO - Processing file /opt/airflow/dags/extract_data.py for tasks to queue
[2026-03-31T08:54:28.666+0000] {logging_mixin.py:188} INFO - [2026-03-31T08:54:28.665+0000] {dagbag.py:545} INFO - Filling up the DagBag from /opt/airflow/dags/extract_data.py
[2026-03-31T08:54:28.679+0000] {processor.py:842} WARNING - No viable dags retrieved from /opt/airflow/dags/extract_data.py
[2026-03-31T08:54:28.695+0000] {processor.py:183} INFO - Processing /opt/airflow/dags/extract_data.py took 0.039 seconds
[2026-03-31T08:54:59.418+0000] {processor.py:161} INFO - Started process (PID=263) to work on /opt/airflow/dags/extract_data.py
[2026-03-31T08:54:59.419+0000] {processor.py:830} INFO - Processing file /opt/airflow/dags/extract_data.py for tasks to queue
[2026-03-31T08:54:59.422+0000] {logging_mixin.py:188} INFO - [2026-03-31T08:54:59.422+0000] {dagbag.py:545} INFO - Filling up the DagBag from /opt/airflow/dags/extract_data.py
[2026-03-31T08:54:59.440+0000] {processor.py:842} WARNING - No viable dags retrieved from /opt/airflow/dags/extract_data.py
[2026-03-31T08:54:59.456+0000] {processor.py:183} INFO - Processing /opt/airflow/dags/extract_data.py took 0.046 seconds
[2026-03-31T08:55:30.161+0000] {processor.py:161} INFO - Started process (PID=289) to work on /opt/airflow/dags/extract_data.py
[2026-03-31T08:55:30.163+0000] {processor.py:830} INFO - Processing file /opt/airflow/dags/extract_data.py for tasks to queue
[2026-03-31T08:55:30.167+0000] {logging_mixin.py:188} INFO - [2026-03-31T08:55:30.166+0000] {dagbag.py:545} INFO - Filling up the DagBag from /opt/airflow/dags/extract_data.py
[2026-03-31T08:55:30.192+0000] {processor.py:842} WARNING - No viable dags retrieved from /opt/airflow/dags/extract_data.py
[2026-03-31T08:55:30.208+0000] {processor.py:183} INFO - Processing /opt/airflow/dags/extract_data.py took 0.061 seconds
[2026-03-31T08:56:00.939+0000] {processor.py:161} INFO - Started process (PID=315) to work on /opt/airflow/dags/extract_data.py
[2026-03-31T08:56:00.940+0000] {processor.py:830} INFO - Processing file /opt/airflow/dags/extract_data.py for tasks to queue
[2026-03-31T08:56:00.942+0000] {logging_mixin.py:188} INFO - [2026-03-31T08:56:00.942+0000] {dagbag.py:545} INFO - Filling up the DagBag from /opt/airflow/dags/extract_data.py
[2026-03-31T08:56:00.963+0000] {processor.py:842} WARNING - No viable dags retrieved from /opt/airflow/dags/extract_data.py
[2026-03-31T08:56:00.979+0000] {processor.py:183} INFO - Processing /opt/airflow/dags/extract_data.py took 0.047 seconds
[2026-03-31T08:56:31.744+0000] {processor.py:161} INFO - Started process (PID=341) to work on /opt/airflow/dags/extract_data.py
[2026-03-31T08:56:31.745+0000] {processor.py:830} INFO - Processing file /opt/airflow/dags/extract_data.py for tasks to queue
[2026-03-31T08:56:31.748+0000] {logging_mixin.py:188} INFO - [2026-03-31T08:56:31.748+0000] {dagbag.py:545} INFO - Filling up the DagBag from /opt/airflow/dags/extract_data.py
[2026-03-31T08:56:31.764+0000] {processor.py:842} WARNING - No viable dags retrieved from /opt/airflow/dags/extract_data.py
[2026-03-31T08:56:31.779+0000] {processor.py:183} INFO - Processing /opt/airflow/dags/extract_data.py took 0.042 seconds
[2026-03-31T08:57:02.458+0000] {processor.py:161} INFO - Started process (PID=367) to work on /opt/airflow/dags/extract_data.py
[2026-03-31T08:57:02.460+0000] {processor.py:830} INFO - Processing file /opt/airflow/dags/extract_data.py for tasks to queue
[2026-03-31T08:57:02.462+0000] {logging_mixin.py:188} INFO - [2026-03-31T08:57:02.462+0000] {dagbag.py:545} INFO - Filling up the DagBag from /opt/airflow/dags/extract_data.py
[2026-03-31T08:57:02.477+0000] {processor.py:842} WARNING - No viable dags retrieved from /opt/airflow/dags/extract_data.py
[2026-03-31T08:57:02.494+0000] {processor.py:183} INFO - Processing /opt/airflow/dags/extract_data.py took 0.043 seconds
[2026-03-31T08:57:33.205+0000] {processor.py:161} INFO - Started process (PID=407) to work on /opt/airflow/dags/extract_data.py
[2026-03-31T08:57:33.206+0000] {processor.py:830} INFO - Processing file /opt/airflow/dags/extract_data.py for tasks to queue
[2026-03-31T08:57:33.210+0000] {logging_mixin.py:188} INFO - [2026-03-31T08:57:33.210+0000] {dagbag.py:545} INFO - Filling up the DagBag from /opt/airflow/dags/extract_data.py
[2026-03-31T08:57:33.237+0000] {processor.py:842} WARNING - No viable dags retrieved from /opt/airflow/dags/extract_data.py
[2026-03-31T08:57:33.259+0000] {processor.py:183} INFO - Processing /opt/airflow/dags/extract_data.py took 0.063 seconds
[2026-03-31T08:58:03.937+0000] {processor.py:161} INFO - Started process (PID=436) to work on /opt/airflow/dags/extract_data.py
[2026-03-31T08:58:03.938+0000] {processor.py:830} INFO - Processing file /opt/airflow/dags/extract_data.py for tasks to queue
[2026-03-31T08:58:03.940+0000] {logging_mixin.py:188} INFO - [2026-03-31T08:58:03.940+0000] {dagbag.py:545} INFO - Filling up the DagBag from /opt/airflow/dags/extract_data.py
[2026-03-31T08:58:03.955+0000] {processor.py:842} WARNING - No viable dags retrieved from /opt/airflow/dags/extract_data.py
[2026-03-31T08:58:03.969+0000] {processor.py:183} INFO - Processing /opt/airflow/dags/extract_data.py took 0.039 seconds
[2026-03-31T08:58:34.820+0000] {processor.py:161} INFO - Started process (PID=462) to work on /opt/airflow/dags/extract_data.py
[2026-03-31T08:58:34.821+0000] {processor.py:830} INFO - Processing file /opt/airflow/dags/extract_data.py for tasks to queue
[2026-03-31T08:58:34.824+0000] {logging_mixin.py:188} INFO - [2026-03-31T08:58:34.823+0000] {dagbag.py:545} INFO - Filling up the DagBag from /opt/airflow/dags/extract_data.py
[2026-03-31T08:58:34.852+0000] {processor.py:842} WARNING - No viable dags retrieved from /opt/airflow/dags/extract_data.py
[2026-03-31T08:58:34.866+0000] {processor.py:183} INFO - Processing /opt/airflow/dags/extract_data.py took 0.051 seconds
[2026-03-31T08:59:05.484+0000] {processor.py:161} INFO - Started process (PID=488) to work on /opt/airflow/dags/extract_data.py
[2026-03-31T08:59:05.485+0000] {processor.py:830} INFO - Processing file /opt/airflow/dags/extract_data.py for tasks to queue
[2026-03-31T08:59:05.487+0000] {logging_mixin.py:188} INFO - [2026-03-31T08:59:05.487+0000] {dagbag.py:545} INFO - Filling up the DagBag from /opt/airflow/dags/extract_data.py
[2026-03-31T08:59:05.502+0000] {processor.py:842} WARNING - No viable dags retrieved from /opt/airflow/dags/extract_data.py
[2026-03-31T08:59:05.517+0000] {processor.py:183} INFO - Processing /opt/airflow/dags/extract_data.py took 0.041 seconds
[2026-03-31T08:59:36.215+0000] {processor.py:161} INFO - Started process (PID=514) to work on /opt/airflow/dags/extract_data.py
[2026-03-31T08:59:36.217+0000] {processor.py:830} INFO - Processing file /opt/airflow/dags/extract_data.py for tasks to queue
[2026-03-31T08:59:36.219+0000] {logging_mixin.py:188} INFO - [2026-03-31T08:59:36.219+0000] {dagbag.py:545} INFO - Filling up the DagBag from /opt/airflow/dags/extract_data.py
[2026-03-31T08:59:36.245+0000] {processor.py:842} WARNING - No viable dags retrieved from /opt/airflow/dags/extract_data.py
[2026-03-31T08:59:36.266+0000] {processor.py:183} INFO - Processing /opt/airflow/dags/extract_data.py took 0.064 seconds
[2026-03-31T09:00:06.990+0000] {processor.py:161} INFO - Started process (PID=540) to work on /opt/airflow/dags/extract_data.py
[2026-03-31T09:00:06.992+0000] {processor.py:830} INFO - Processing file /opt/airflow/dags/extract_data.py for tasks to queue
[2026-03-31T09:00:06.994+0000] {logging_mixin.py:188} INFO - [2026-03-31T09:00:06.993+0000] {dagbag.py:545} INFO - Filling up the DagBag from /opt/airflow/dags/extract_data.py
[2026-03-31T09:00:07.017+0000] {processor.py:842} WARNING - No viable dags retrieved from /opt/airflow/dags/extract_data.py
[2026-03-31T09:00:07.032+0000] {processor.py:183} INFO - Processing /opt/airflow/dags/extract_data.py took 0.048 seconds
[2026-03-31T09:00:37.889+0000] {processor.py:161} INFO - Started process (PID=566) to work on /opt/airflow/dags/extract_data.py
[2026-03-31T09:00:37.890+0000] {processor.py:830} INFO - Processing file /opt/airflow/dags/extract_data.py for tasks to queue
[2026-03-31T09:00:37.892+0000] {logging_mixin.py:188} INFO - [2026-03-31T09:00:37.891+0000] {dagbag.py:545} INFO - Filling up the DagBag from /opt/airflow/dags/extract_data.py
[2026-03-31T09:00:37.907+0000] {processor.py:842} WARNING - No viable dags retrieved from /opt/airflow/dags/extract_data.py
[2026-03-31T09:00:37.918+0000] {processor.py:183} INFO - Processing /opt/airflow/dags/extract_data.py took 0.035 seconds
[2026-03-31T09:01:08.678+0000] {processor.py:161} INFO - Started process (PID=592) to work on /opt/airflow/dags/extract_data.py
[2026-03-31T09:01:08.679+0000] {processor.py:830} INFO - Processing file /opt/airflow/dags/extract_data.py for tasks to queue
[2026-03-31T09:01:08.681+0000] {logging_mixin.py:188} INFO - [2026-03-31T09:01:08.681+0000] {dagbag.py:545} INFO - Filling up the DagBag from /opt/airflow/dags/extract_data.py
[2026-03-31T09:01:08.703+0000] {processor.py:842} WARNING - No viable dags retrieved from /opt/airflow/dags/extract_data.py
[2026-03-31T09:01:08.719+0000] {processor.py:183} INFO - Processing /opt/airflow/dags/extract_data.py took 0.049 seconds
[2026-03-31T09:01:39.463+0000] {processor.py:161} INFO - Started process (PID=618) to work on /opt/airflow/dags/extract_data.py
[2026-03-31T09:01:39.464+0000] {processor.py:830} INFO - Processing file /opt/airflow/dags/extract_data.py for tasks to queue
[2026-03-31T09:01:39.466+0000] {logging_mixin.py:188} INFO - [2026-03-31T09:01:39.466+0000] {dagbag.py:545} INFO - Filling up the DagBag from /opt/airflow/dags/extract_data.py
[2026-03-31T09:01:39.477+0000] {processor.py:842} WARNING - No viable dags retrieved from /opt/airflow/dags/extract_data.py
[2026-03-31T09:01:39.490+0000] {processor.py:183} INFO - Processing /opt/airflow/dags/extract_data.py took 0.033 seconds
[2026-03-31T09:02:10.245+0000] {processor.py:161} INFO - Started process (PID=644) to work on /opt/airflow/dags/extract_data.py
[2026-03-31T09:02:10.246+0000] {processor.py:830} INFO - Processing file /opt/airflow/dags/extract_data.py for tasks to queue
[2026-03-31T09:02:10.249+0000] {logging_mixin.py:188} INFO - [2026-03-31T09:02:10.248+0000] {dagbag.py:545} INFO - Filling up the DagBag from /opt/airflow/dags/extract_data.py
[2026-03-31T09:02:10.262+0000] {processor.py:842} WARNING - No viable dags retrieved from /opt/airflow/dags/extract_data.py
[2026-03-31T09:02:10.275+0000] {processor.py:183} INFO - Processing /opt/airflow/dags/extract_data.py took 0.037 seconds
[2026-03-31T09:02:40.942+0000] {processor.py:161} INFO - Started process (PID=670) to work on /opt/airflow/dags/extract_data.py
[2026-03-31T09:02:40.943+0000] {processor.py:830} INFO - Processing file /opt/airflow/dags/extract_data.py for tasks to queue
[2026-03-31T09:02:40.946+0000] {logging_mixin.py:188} INFO - [2026-03-31T09:02:40.946+0000] {dagbag.py:545} INFO - Filling up the DagBag from /opt/airflow/dags/extract_data.py
[2026-03-31T09:02:40.984+0000] {processor.py:842} WARNING - No viable dags retrieved from /opt/airflow/dags/extract_data.py
[2026-03-31T09:02:41.001+0000] {processor.py:183} INFO - Processing /opt/airflow/dags/extract_data.py took 0.066 seconds
[2026-03-31T09:03:11.666+0000] {processor.py:161} INFO - Started process (PID=696) to work on /opt/airflow/dags/extract_data.py
[2026-03-31T09:03:11.667+0000] {processor.py:830} INFO - Processing file /opt/airflow/dags/extract_data.py for tasks to queue
[2026-03-31T09:03:11.669+0000] {logging_mixin.py:188} INFO - [2026-03-31T09:03:11.669+0000] {dagbag.py:545} INFO - Filling up the DagBag from /opt/airflow/dags/extract_data.py
[2026-03-31T09:03:11.685+0000] {processor.py:842} WARNING - No viable dags retrieved from /opt/airflow/dags/extract_data.py
[2026-03-31T09:03:11.698+0000] {processor.py:183} INFO - Processing /opt/airflow/dags/extract_data.py took 0.037 seconds
[2026-03-31T09:03:42.519+0000] {processor.py:161} INFO - Started process (PID=722) to work on /opt/airflow/dags/extract_data.py
[2026-03-31T09:03:42.520+0000] {processor.py:830} INFO - Processing file /opt/airflow/dags/extract_data.py for tasks to queue
[2026-03-31T09:03:42.522+0000] {logging_mixin.py:188} INFO - [2026-03-31T09:03:42.522+0000] {dagbag.py:545} INFO - Filling up the DagBag from /opt/airflow/dags/extract_data.py
[2026-03-31T09:03:42.537+0000] {processor.py:842} WARNING - No viable dags retrieved from /opt/airflow/dags/extract_data.py
[2026-03-31T09:03:42.551+0000] {processor.py:183} INFO - Processing /opt/airflow/dags/extract_data.py took 0.038 seconds
[2026-03-31T09:04:13.168+0000] {processor.py:161} INFO - Started process (PID=748) to work on /opt/airflow/dags/extract_data.py
[2026-03-31T09:04:13.169+0000] {processor.py:830} INFO - Processing file /opt/airflow/dags/extract_data.py for tasks to queue
[2026-03-31T09:04:13.170+0000] {logging_mixin.py:188} INFO - [2026-03-31T09:04:13.170+0000] {dagbag.py:545} INFO - Filling up the DagBag from /opt/airflow/dags/extract_data.py
[2026-03-31T09:04:13.183+0000] {processor.py:842} WARNING - No viable dags retrieved from /opt/airflow/dags/extract_data.py
[2026-03-31T09:04:13.197+0000] {processor.py:183} INFO - Processing /opt/airflow/dags/extract_data.py took 0.035 seconds
[2026-03-31T09:04:43.893+0000] {processor.py:161} INFO - Started process (PID=774) to work on /opt/airflow/dags/extract_data.py
[2026-03-31T09:04:43.894+0000] {processor.py:830} INFO - Processing file /opt/airflow/dags/extract_data.py for tasks to queue
[2026-03-31T09:04:43.896+0000] {logging_mixin.py:188} INFO - [2026-03-31T09:04:43.896+0000] {dagbag.py:545} INFO - Filling up the DagBag from /opt/airflow/dags/extract_data.py
[2026-03-31T09:04:43.919+0000] {processor.py:842} WARNING - No viable dags retrieved from /opt/airflow/dags/extract_data.py
[2026-03-31T09:04:43.933+0000] {processor.py:183} INFO - Processing /opt/airflow/dags/extract_data.py took 0.046 seconds
[2026-03-31T09:05:14.572+0000] {processor.py:161} INFO - Started process (PID=800) to work on /opt/airflow/dags/extract_data.py
[2026-03-31T09:05:14.573+0000] {processor.py:830} INFO - Processing file /opt/airflow/dags/extract_data.py for tasks to queue
[2026-03-31T09:05:14.576+0000] {logging_mixin.py:188} INFO - [2026-03-31T09:05:14.576+0000] {dagbag.py:545} INFO - Filling up the DagBag from /opt/airflow/dags/extract_data.py
[2026-03-31T09:05:14.600+0000] {processor.py:842} WARNING - No viable dags retrieved from /opt/airflow/dags/extract_data.py
[2026-03-31T09:05:14.615+0000] {processor.py:183} INFO - Processing /opt/airflow/dags/extract_data.py took 0.050 seconds
[2026-03-31T09:05:45.224+0000] {processor.py:161} INFO - Started process (PID=826) to work on /opt/airflow/dags/extract_data.py
[2026-03-31T09:05:45.225+0000] {processor.py:830} INFO - Processing file /opt/airflow/dags/extract_data.py for tasks to queue
[2026-03-31T09:05:45.228+0000] {logging_mixin.py:188} INFO - [2026-03-31T09:05:45.228+0000] {dagbag.py:545} INFO - Filling up the DagBag from /opt/airflow/dags/extract_data.py
[2026-03-31T09:05:45.256+0000] {processor.py:842} WARNING - No viable dags retrieved from /opt/airflow/dags/extract_data.py
[2026-03-31T09:05:45.274+0000] {processor.py:183} INFO - Processing /opt/airflow/dags/extract_data.py took 0.056 seconds
[2026-03-31T09:06:15.820+0000] {processor.py:161} INFO - Started process (PID=852) to work on /opt/airflow/dags/extract_data.py
[2026-03-31T09:06:15.821+0000] {processor.py:830} INFO - Processing file /opt/airflow/dags/extract_data.py for tasks to queue
[2026-03-31T09:06:15.823+0000] {logging_mixin.py:188} INFO - [2026-03-31T09:06:15.823+0000] {dagbag.py:545} INFO - Filling up the DagBag from /opt/airflow/dags/extract_data.py
[2026-03-31T09:06:15.839+0000] {processor.py:842} WARNING - No viable dags retrieved from /opt/airflow/dags/extract_data.py
[2026-03-31T09:06:15.855+0000] {processor.py:183} INFO - Processing /opt/airflow/dags/extract_data.py took 0.041 seconds
[2026-03-31T09:06:46.636+0000] {processor.py:161} INFO - Started process (PID=878) to work on /opt/airflow/dags/extract_data.py
[2026-03-31T09:06:46.637+0000] {processor.py:830} INFO - Processing file /opt/airflow/dags/extract_data.py for tasks to queue
[2026-03-31T09:06:46.640+0000] {logging_mixin.py:188} INFO - [2026-03-31T09:06:46.640+0000] {dagbag.py:545} INFO - Filling up the DagBag from /opt/airflow/dags/extract_data.py
[2026-03-31T09:06:46.660+0000] {processor.py:842} WARNING - No viable dags retrieved from /opt/airflow/dags/extract_data.py
[2026-03-31T09:06:46.674+0000] {processor.py:183} INFO - Processing /opt/airflow/dags/extract_data.py took 0.046 seconds
[2026-03-31T09:07:17.300+0000] {processor.py:161} INFO - Started process (PID=904) to work on /opt/airflow/dags/extract_data.py
[2026-03-31T09:07:17.301+0000] {processor.py:830} INFO - Processing file /opt/airflow/dags/extract_data.py for tasks to queue
[2026-03-31T09:07:17.303+0000] {logging_mixin.py:188} INFO - [2026-03-31T09:07:17.302+0000] {dagbag.py:545} INFO - Filling up the DagBag from /opt/airflow/dags/extract_data.py
[2026-03-31T09:07:17.315+0000] {processor.py:842} WARNING - No viable dags retrieved from /opt/airflow/dags/extract_data.py
[2026-03-31T09:07:17.328+0000] {processor.py:183} INFO - Processing /opt/airflow/dags/extract_data.py took 0.035 seconds
[2026-03-31T09:07:48.042+0000] {processor.py:161} INFO - Started process (PID=930) to work on /opt/airflow/dags/extract_data.py
[2026-03-31T09:07:48.043+0000] {processor.py:830} INFO - Processing file /opt/airflow/dags/extract_data.py for tasks to queue
[2026-03-31T09:07:48.045+0000] {logging_mixin.py:188} INFO - [2026-03-31T09:07:48.045+0000] {dagbag.py:545} INFO - Filling up the DagBag from /opt/airflow/dags/extract_data.py
[2026-03-31T09:07:48.061+0000] {processor.py:842} WARNING - No viable dags retrieved from /opt/airflow/dags/extract_data.py
[2026-03-31T09:07:48.074+0000] {processor.py:183} INFO - Processing /opt/airflow/dags/extract_data.py took 0.038 seconds
[2026-03-31T09:08:18.805+0000] {processor.py:161} INFO - Started process (PID=956) to work on /opt/airflow/dags/extract_data.py
[2026-03-31T09:08:18.806+0000] {processor.py:830} INFO - Processing file /opt/airflow/dags/extract_data.py for tasks to queue
[2026-03-31T09:08:18.809+0000] {logging_mixin.py:188} INFO - [2026-03-31T09:08:18.809+0000] {dagbag.py:545} INFO - Filling up the DagBag from /opt/airflow/dags/extract_data.py
[2026-03-31T09:08:18.833+0000] {processor.py:842} WARNING - No viable dags retrieved from /opt/airflow/dags/extract_data.py
[2026-03-31T09:08:18.854+0000] {processor.py:183} INFO - Processing /opt/airflow/dags/extract_data.py took 0.056 seconds
[2026-03-31T09:08:49.674+0000] {processor.py:161} INFO - Started process (PID=981) to work on /opt/airflow/dags/extract_data.py
[2026-03-31T09:08:49.675+0000] {processor.py:830} INFO - Processing file /opt/airflow/dags/extract_data.py for tasks to queue
[2026-03-31T09:08:49.677+0000] {logging_mixin.py:188} INFO - [2026-03-31T09:08:49.677+0000] {dagbag.py:545} INFO - Filling up the DagBag from /opt/airflow/dags/extract_data.py
[2026-03-31T09:08:49.694+0000] {processor.py:842} WARNING - No viable dags retrieved from /opt/airflow/dags/extract_data.py
[2026-03-31T09:08:49.706+0000] {processor.py:183} INFO - Processing /opt/airflow/dags/extract_data.py took 0.037 seconds
[2026-03-31T09:09:20.393+0000] {processor.py:161} INFO - Started process (PID=1007) to work on /opt/airflow/dags/extract_data.py
[2026-03-31T09:09:20.395+0000] {processor.py:830} INFO - Processing file /opt/airflow/dags/extract_data.py for tasks to queue
[2026-03-31T09:09:20.397+0000] {logging_mixin.py:188} INFO - [2026-03-31T09:09:20.397+0000] {dagbag.py:545} INFO - Filling up the DagBag from /opt/airflow/dags/extract_data.py
[2026-03-31T09:09:20.416+0000] {processor.py:842} WARNING - No viable dags retrieved from /opt/airflow/dags/extract_data.py
[2026-03-31T09:09:20.433+0000] {processor.py:183} INFO - Processing /opt/airflow/dags/extract_data.py took 0.047 seconds
[2026-03-31T09:09:51.224+0000] {processor.py:161} INFO - Started process (PID=1033) to work on /opt/airflow/dags/extract_data.py
[2026-03-31T09:09:51.226+0000] {processor.py:830} INFO - Processing file /opt/airflow/dags/extract_data.py for tasks to queue
[2026-03-31T09:09:51.228+0000] {logging_mixin.py:188} INFO - [2026-03-31T09:09:51.228+0000] {dagbag.py:545} INFO - Filling up the DagBag from /opt/airflow/dags/extract_data.py
[2026-03-31T09:09:51.252+0000] {processor.py:842} WARNING - No viable dags retrieved from /opt/airflow/dags/extract_data.py
[2026-03-31T09:09:51.270+0000] {processor.py:183} INFO - Processing /opt/airflow/dags/extract_data.py took 0.057 seconds
[2026-03-31T09:10:21.967+0000] {processor.py:161} INFO - Started process (PID=1059) to work on /opt/airflow/dags/extract_data.py
[2026-03-31T09:10:21.968+0000] {processor.py:830} INFO - Processing file /opt/airflow/dags/extract_data.py for tasks to queue
[2026-03-31T09:10:21.970+0000] {logging_mixin.py:188} INFO - [2026-03-31T09:10:21.970+0000] {dagbag.py:545} INFO - Filling up the DagBag from /opt/airflow/dags/extract_data.py
[2026-03-31T09:10:21.996+0000] {processor.py:842} WARNING - No viable dags retrieved from /opt/airflow/dags/extract_data.py
[2026-03-31T09:10:22.010+0000] {processor.py:183} INFO - Processing /opt/airflow/dags/extract_data.py took 0.049 seconds
[2026-03-31T09:10:52.699+0000] {processor.py:161} INFO - Started process (PID=1085) to work on /opt/airflow/dags/extract_data.py
[2026-03-31T09:10:52.700+0000] {processor.py:830} INFO - Processing file /opt/airflow/dags/extract_data.py for tasks to queue
[2026-03-31T09:10:52.702+0000] {logging_mixin.py:188} INFO - [2026-03-31T09:10:52.702+0000] {dagbag.py:545} INFO - Filling up the DagBag from /opt/airflow/dags/extract_data.py
[2026-03-31T09:10:52.733+0000] {processor.py:842} WARNING - No viable dags retrieved from /opt/airflow/dags/extract_data.py
[2026-03-31T09:10:52.750+0000] {processor.py:183} INFO - Processing /opt/airflow/dags/extract_data.py took 0.061 seconds
[2026-03-31T09:11:23.395+0000] {processor.py:161} INFO - Started process (PID=1111) to work on /opt/airflow/dags/extract_data.py
[2026-03-31T09:11:23.396+0000] {processor.py:830} INFO - Processing file /opt/airflow/dags/extract_data.py for tasks to queue
[2026-03-31T09:11:23.398+0000] {logging_mixin.py:188} INFO - [2026-03-31T09:11:23.398+0000] {dagbag.py:545} INFO - Filling up the DagBag from /opt/airflow/dags/extract_data.py
[2026-03-31T09:11:23.412+0000] {processor.py:842} WARNING - No viable dags retrieved from /opt/airflow/dags/extract_data.py
[2026-03-31T09:11:23.426+0000] {processor.py:183} INFO - Processing /opt/airflow/dags/extract_data.py took 0.037 seconds
[2026-03-31T09:11:54.119+0000] {processor.py:161} INFO - Started process (PID=1137) to work on /opt/airflow/dags/extract_data.py
[2026-03-31T09:11:54.121+0000] {processor.py:830} INFO - Processing file /opt/airflow/dags/extract_data.py for tasks to queue
[2026-03-31T09:11:54.123+0000] {logging_mixin.py:188} INFO - [2026-03-31T09:11:54.123+0000] {dagbag.py:545} INFO - Filling up the DagBag from /opt/airflow/dags/extract_data.py
[2026-03-31T09:11:54.144+0000] {processor.py:842} WARNING - No viable dags retrieved from /opt/airflow/dags/extract_data.py
[2026-03-31T09:11:54.162+0000] {processor.py:183} INFO - Processing /opt/airflow/dags/extract_data.py took 0.050 seconds
[2026-03-31T09:12:24.810+0000] {processor.py:161} INFO - Started process (PID=1163) to work on /opt/airflow/dags/extract_data.py
[2026-03-31T09:12:24.811+0000] {processor.py:830} INFO - Processing file /opt/airflow/dags/extract_data.py for tasks to queue
[2026-03-31T09:12:24.814+0000] {logging_mixin.py:188} INFO - [2026-03-31T09:12:24.813+0000] {dagbag.py:545} INFO - Filling up the DagBag from /opt/airflow/dags/extract_data.py
[2026-03-31T09:12:24.830+0000] {processor.py:842} WARNING - No viable dags retrieved from /opt/airflow/dags/extract_data.py
[2026-03-31T09:12:24.846+0000] {processor.py:183} INFO - Processing /opt/airflow/dags/extract_data.py took 0.043 seconds
[2026-03-31T09:12:55.219+0000] {processor.py:161} INFO - Started process (PID=1189) to work on /opt/airflow/dags/extract_data.py
[2026-03-31T09:12:55.221+0000] {processor.py:830} INFO - Processing file /opt/airflow/dags/extract_data.py for tasks to queue
[2026-03-31T09:12:55.225+0000] {logging_mixin.py:188} INFO - [2026-03-31T09:12:55.225+0000] {dagbag.py:545} INFO - Filling up the DagBag from /opt/airflow/dags/extract_data.py
[2026-03-31T09:12:55.249+0000] {processor.py:842} WARNING - No viable dags retrieved from /opt/airflow/dags/extract_data.py
[2026-03-31T09:12:55.285+0000] {processor.py:183} INFO - Processing /opt/airflow/dags/extract_data.py took 0.081 seconds
[2026-03-31T09:13:25.818+0000] {processor.py:161} INFO - Started process (PID=1215) to work on /opt/airflow/dags/extract_data.py
[2026-03-31T09:13:25.820+0000] {processor.py:830} INFO - Processing file /opt/airflow/dags/extract_data.py for tasks to queue
[2026-03-31T09:13:25.823+0000] {logging_mixin.py:188} INFO - [2026-03-31T09:13:25.822+0000] {dagbag.py:545} INFO - Filling up the DagBag from /opt/airflow/dags/extract_data.py
[2026-03-31T09:13:25.845+0000] {processor.py:842} WARNING - No viable dags retrieved from /opt/airflow/dags/extract_data.py
[2026-03-31T09:13:25.863+0000] {processor.py:183} INFO - Processing /opt/airflow/dags/extract_data.py took 0.053 seconds
[2026-03-31T09:13:56.728+0000] {processor.py:161} INFO - Started process (PID=1242) to work on /opt/airflow/dags/extract_data.py
[2026-03-31T09:13:56.729+0000] {processor.py:830} INFO - Processing file /opt/airflow/dags/extract_data.py for tasks to queue
[2026-03-31T09:13:56.732+0000] {logging_mixin.py:188} INFO - [2026-03-31T09:13:56.731+0000] {dagbag.py:545} INFO - Filling up the DagBag from /opt/airflow/dags/extract_data.py
[2026-03-31T09:13:56.759+0000] {processor.py:842} WARNING - No viable dags retrieved from /opt/airflow/dags/extract_data.py
[2026-03-31T09:13:56.776+0000] {processor.py:183} INFO - Processing /opt/airflow/dags/extract_data.py took 0.054 seconds
[2026-03-31T09:14:27.335+0000] {processor.py:161} INFO - Started process (PID=1268) to work on /opt/airflow/dags/extract_data.py
[2026-03-31T09:14:27.336+0000] {processor.py:830} INFO - Processing file /opt/airflow/dags/extract_data.py for tasks to queue
[2026-03-31T09:14:27.339+0000] {logging_mixin.py:188} INFO - [2026-03-31T09:14:27.338+0000] {dagbag.py:545} INFO - Filling up the DagBag from /opt/airflow/dags/extract_data.py
[2026-03-31T09:14:27.352+0000] {processor.py:842} WARNING - No viable dags retrieved from /opt/airflow/dags/extract_data.py
[2026-03-31T09:14:27.368+0000] {processor.py:183} INFO - Processing /opt/airflow/dags/extract_data.py took 0.041 seconds
[2026-03-31T09:14:57.997+0000] {processor.py:161} INFO - Started process (PID=1294) to work on /opt/airflow/dags/extract_data.py
[2026-03-31T09:14:57.999+0000] {processor.py:830} INFO - Processing file /opt/airflow/dags/extract_data.py for tasks to queue
[2026-03-31T09:14:58.001+0000] {logging_mixin.py:188} INFO - [2026-03-31T09:14:58.001+0000] {dagbag.py:545} INFO - Filling up the DagBag from /opt/airflow/dags/extract_data.py
[2026-03-31T09:14:58.022+0000] {processor.py:842} WARNING - No viable dags retrieved from /opt/airflow/dags/extract_data.py
[2026-03-31T09:14:58.039+0000] {processor.py:183} INFO - Processing /opt/airflow/dags/extract_data.py took 0.048 seconds
[2026-03-31T09:15:28.749+0000] {processor.py:161} INFO - Started process (PID=1320) to work on /opt/airflow/dags/extract_data.py
[2026-03-31T09:15:28.750+0000] {processor.py:830} INFO - Processing file /opt/airflow/dags/extract_data.py for tasks to queue
[2026-03-31T09:15:28.752+0000] {logging_mixin.py:188} INFO - [2026-03-31T09:15:28.752+0000] {dagbag.py:545} INFO - Filling up the DagBag from /opt/airflow/dags/extract_data.py
[2026-03-31T09:15:28.766+0000] {processor.py:842} WARNING - No viable dags retrieved from /opt/airflow/dags/extract_data.py
[2026-03-31T09:15:28.779+0000] {processor.py:183} INFO - Processing /opt/airflow/dags/extract_data.py took 0.037 seconds
[2026-03-31T09:15:59.485+0000] {processor.py:161} INFO - Started process (PID=1346) to work on /opt/airflow/dags/extract_data.py
[2026-03-31T09:15:59.486+0000] {processor.py:830} INFO - Processing file /opt/airflow/dags/extract_data.py for tasks to queue
[2026-03-31T09:15:59.490+0000] {logging_mixin.py:188} INFO - [2026-03-31T09:15:59.489+0000] {dagbag.py:545} INFO - Filling up the DagBag from /opt/airflow/dags/extract_data.py
[2026-03-31T09:15:59.516+0000] {processor.py:842} WARNING - No viable dags retrieved from /opt/airflow/dags/extract_data.py
[2026-03-31T09:15:59.531+0000] {processor.py:183} INFO - Processing /opt/airflow/dags/extract_data.py took 0.055 seconds
[2026-03-31T09:16:30.211+0000] {processor.py:161} INFO - Started process (PID=1372) to work on /opt/airflow/dags/extract_data.py
[2026-03-31T09:16:30.212+0000] {processor.py:830} INFO - Processing file /opt/airflow/dags/extract_data.py for tasks to queue
[2026-03-31T09:16:30.215+0000] {logging_mixin.py:188} INFO - [2026-03-31T09:16:30.214+0000] {dagbag.py:545} INFO - Filling up the DagBag from /opt/airflow/dags/extract_data.py
[2026-03-31T09:16:30.249+0000] {processor.py:842} WARNING - No viable dags retrieved from /opt/airflow/dags/extract_data.py
[2026-03-31T09:16:30.265+0000] {processor.py:183} INFO - Processing /opt/airflow/dags/extract_data.py took 0.061 seconds
[2026-03-31T09:17:00.898+0000] {processor.py:161} INFO - Started process (PID=1398) to work on /opt/airflow/dags/extract_data.py
[2026-03-31T09:17:00.899+0000] {processor.py:830} INFO - Processing file /opt/airflow/dags/extract_data.py for tasks to queue
[2026-03-31T09:17:00.919+0000] {logging_mixin.py:188} INFO - [2026-03-31T09:17:00.918+0000] {dagbag.py:545} INFO - Filling up the DagBag from /opt/airflow/dags/extract_data.py
[2026-03-31T09:17:00.956+0000] {processor.py:842} WARNING - No viable dags retrieved from /opt/airflow/dags/extract_data.py
[2026-03-31T09:17:00.977+0000] {processor.py:183} INFO - Processing /opt/airflow/dags/extract_data.py took 0.088 seconds
[2026-03-31T09:18:43.943+0000] {processor.py:161} INFO - Started process (PID=196) to work on /opt/airflow/dags/extract_data.py
[2026-03-31T09:18:43.953+0000] {processor.py:830} INFO - Processing file /opt/airflow/dags/extract_data.py for tasks to queue
[2026-03-31T09:18:43.961+0000] {logging_mixin.py:188} INFO - [2026-03-31T09:18:43.960+0000] {dagbag.py:545} INFO - Filling up the DagBag from /opt/airflow/dags/extract_data.py
[2026-03-31T09:18:44.064+0000] {processor.py:842} WARNING - No viable dags retrieved from /opt/airflow/dags/extract_data.py
[2026-03-31T09:18:44.157+0000] {processor.py:183} INFO - Processing /opt/airflow/dags/extract_data.py took 0.246 seconds
[2026-03-31T09:19:14.337+0000] {processor.py:161} INFO - Started process (PID=219) to work on /opt/airflow/dags/extract_data.py
[2026-03-31T09:19:14.339+0000] {processor.py:830} INFO - Processing file /opt/airflow/dags/extract_data.py for tasks to queue
[2026-03-31T09:19:14.343+0000] {logging_mixin.py:188} INFO - [2026-03-31T09:19:14.342+0000] {dagbag.py:545} INFO - Filling up the DagBag from /opt/airflow/dags/extract_data.py
[2026-03-31T09:19:14.378+0000] {processor.py:842} WARNING - No viable dags retrieved from /opt/airflow/dags/extract_data.py
[2026-03-31T09:19:14.401+0000] {processor.py:183} INFO - Processing /opt/airflow/dags/extract_data.py took 0.074 seconds
[2026-03-31T09:19:45.114+0000] {processor.py:161} INFO - Started process (PID=245) to work on /opt/airflow/dags/extract_data.py
[2026-03-31T09:19:45.115+0000] {processor.py:830} INFO - Processing file /opt/airflow/dags/extract_data.py for tasks to queue
[2026-03-31T09:19:45.118+0000] {logging_mixin.py:188} INFO - [2026-03-31T09:19:45.118+0000] {dagbag.py:545} INFO - Filling up the DagBag from /opt/airflow/dags/extract_data.py
[2026-03-31T09:19:45.153+0000] {processor.py:842} WARNING - No viable dags retrieved from /opt/airflow/dags/extract_data.py
[2026-03-31T09:19:45.172+0000] {processor.py:183} INFO - Processing /opt/airflow/dags/extract_data.py took 0.067 seconds
[2026-03-31T09:20:16.005+0000] {processor.py:161} INFO - Started process (PID=271) to work on /opt/airflow/dags/extract_data.py
[2026-03-31T09:20:16.008+0000] {processor.py:830} INFO - Processing file /opt/airflow/dags/extract_data.py for tasks to queue
[2026-03-31T09:20:16.011+0000] {logging_mixin.py:188} INFO - [2026-03-31T09:20:16.011+0000] {dagbag.py:545} INFO - Filling up the DagBag from /opt/airflow/dags/extract_data.py
[2026-03-31T09:20:16.030+0000] {processor.py:842} WARNING - No viable dags retrieved from /opt/airflow/dags/extract_data.py
[2026-03-31T09:20:16.053+0000] {processor.py:183} INFO - Processing /opt/airflow/dags/extract_data.py took 0.059 seconds
[2026-03-31T09:20:46.747+0000] {processor.py:161} INFO - Started process (PID=297) to work on /opt/airflow/dags/extract_data.py
[2026-03-31T09:20:46.750+0000] {processor.py:830} INFO - Processing file /opt/airflow/dags/extract_data.py for tasks to queue
[2026-03-31T09:20:46.758+0000] {logging_mixin.py:188} INFO - [2026-03-31T09:20:46.757+0000] {dagbag.py:545} INFO - Filling up the DagBag from /opt/airflow/dags/extract_data.py
[2026-03-31T09:20:46.789+0000] {processor.py:842} WARNING - No viable dags retrieved from /opt/airflow/dags/extract_data.py
[2026-03-31T09:20:46.815+0000] {processor.py:183} INFO - Processing /opt/airflow/dags/extract_data.py took 0.080 seconds
[2026-03-31T09:21:17.559+0000] {processor.py:161} INFO - Started process (PID=323) to work on /opt/airflow/dags/extract_data.py
[2026-03-31T09:21:17.560+0000] {processor.py:830} INFO - Processing file /opt/airflow/dags/extract_data.py for tasks to queue
[2026-03-31T09:21:17.562+0000] {logging_mixin.py:188} INFO - [2026-03-31T09:21:17.562+0000] {dagbag.py:545} INFO - Filling up the DagBag from /opt/airflow/dags/extract_data.py
[2026-03-31T09:21:17.575+0000] {processor.py:842} WARNING - No viable dags retrieved from /opt/airflow/dags/extract_data.py
[2026-03-31T09:21:17.588+0000] {processor.py:183} INFO - Processing /opt/airflow/dags/extract_data.py took 0.036 seconds
[2026-03-31T09:21:48.219+0000] {processor.py:161} INFO - Started process (PID=350) to work on /opt/airflow/dags/extract_data.py
[2026-03-31T09:21:48.221+0000] {processor.py:830} INFO - Processing file /opt/airflow/dags/extract_data.py for tasks to queue
[2026-03-31T09:21:48.223+0000] {logging_mixin.py:188} INFO - [2026-03-31T09:21:48.223+0000] {dagbag.py:545} INFO - Filling up the DagBag from /opt/airflow/dags/extract_data.py
[2026-03-31T09:21:48.242+0000] {processor.py:842} WARNING - No viable dags retrieved from /opt/airflow/dags/extract_data.py
[2026-03-31T09:21:48.259+0000] {processor.py:183} INFO - Processing /opt/airflow/dags/extract_data.py took 0.050 seconds
[2026-03-31T09:22:19.147+0000] {processor.py:161} INFO - Started process (PID=376) to work on /opt/airflow/dags/extract_data.py
[2026-03-31T09:22:19.150+0000] {processor.py:830} INFO - Processing file /opt/airflow/dags/extract_data.py for tasks to queue
[2026-03-31T09:22:19.155+0000] {logging_mixin.py:188} INFO - [2026-03-31T09:22:19.154+0000] {dagbag.py:545} INFO - Filling up the DagBag from /opt/airflow/dags/extract_data.py
[2026-03-31T09:22:19.196+0000] {processor.py:842} WARNING - No viable dags retrieved from /opt/airflow/dags/extract_data.py
[2026-03-31T09:22:19.218+0000] {processor.py:183} INFO - Processing /opt/airflow/dags/extract_data.py took 0.083 seconds
[2026-03-31T09:22:50.059+0000] {processor.py:161} INFO - Started process (PID=402) to work on /opt/airflow/dags/extract_data.py
[2026-03-31T09:22:50.061+0000] {processor.py:830} INFO - Processing file /opt/airflow/dags/extract_data.py for tasks to queue
[2026-03-31T09:22:50.064+0000] {logging_mixin.py:188} INFO - [2026-03-31T09:22:50.063+0000] {dagbag.py:545} INFO - Filling up the DagBag from /opt/airflow/dags/extract_data.py
[2026-03-31T09:22:50.079+0000] {processor.py:842} WARNING - No viable dags retrieved from /opt/airflow/dags/extract_data.py
[2026-03-31T09:22:50.097+0000] {processor.py:183} INFO - Processing /opt/airflow/dags/extract_data.py took 0.044 seconds
[2026-03-31T09:23:20.770+0000] {processor.py:161} INFO - Started process (PID=428) to work on /opt/airflow/dags/extract_data.py
[2026-03-31T09:23:20.771+0000] {processor.py:830} INFO - Processing file /opt/airflow/dags/extract_data.py for tasks to queue
[2026-03-31T09:23:20.774+0000] {logging_mixin.py:188} INFO - [2026-03-31T09:23:20.773+0000] {dagbag.py:545} INFO - Filling up the DagBag from /opt/airflow/dags/extract_data.py
[2026-03-31T09:23:20.787+0000] {processor.py:842} WARNING - No viable dags retrieved from /opt/airflow/dags/extract_data.py
[2026-03-31T09:23:20.800+0000] {processor.py:183} INFO - Processing /opt/airflow/dags/extract_data.py took 0.036 seconds
[2026-03-31T09:23:51.666+0000] {processor.py:161} INFO - Started process (PID=454) to work on /opt/airflow/dags/extract_data.py
[2026-03-31T09:23:51.668+0000] {processor.py:830} INFO - Processing file /opt/airflow/dags/extract_data.py for tasks to queue
[2026-03-31T09:23:51.670+0000] {logging_mixin.py:188} INFO - [2026-03-31T09:23:51.670+0000] {dagbag.py:545} INFO - Filling up the DagBag from /opt/airflow/dags/extract_data.py
[2026-03-31T09:23:51.684+0000] {processor.py:842} WARNING - No viable dags retrieved from /opt/airflow/dags/extract_data.py
[2026-03-31T09:23:51.698+0000] {processor.py:183} INFO - Processing /opt/airflow/dags/extract_data.py took 0.040 seconds
[2026-03-31T09:24:22.339+0000] {processor.py:161} INFO - Started process (PID=481) to work on /opt/airflow/dags/extract_data.py
[2026-03-31T09:24:22.340+0000] {processor.py:830} INFO - Processing file /opt/airflow/dags/extract_data.py for tasks to queue
[2026-03-31T09:24:22.343+0000] {logging_mixin.py:188} INFO - [2026-03-31T09:24:22.342+0000] {dagbag.py:545} INFO - Filling up the DagBag from /opt/airflow/dags/extract_data.py
[2026-03-31T09:24:22.360+0000] {processor.py:842} WARNING - No viable dags retrieved from /opt/airflow/dags/extract_data.py
[2026-03-31T09:24:22.375+0000] {processor.py:183} INFO - Processing /opt/airflow/dags/extract_data.py took 0.044 seconds
[2026-03-31T09:24:53.037+0000] {processor.py:161} INFO - Started process (PID=507) to work on /opt/airflow/dags/extract_data.py
[2026-03-31T09:24:53.038+0000] {processor.py:830} INFO - Processing file /opt/airflow/dags/extract_data.py for tasks to queue
[2026-03-31T09:24:53.041+0000] {logging_mixin.py:188} INFO - [2026-03-31T09:24:53.040+0000] {dagbag.py:545} INFO - Filling up the DagBag from /opt/airflow/dags/extract_data.py
[2026-03-31T09:24:53.059+0000] {processor.py:842} WARNING - No viable dags retrieved from /opt/airflow/dags/extract_data.py
[2026-03-31T09:24:53.073+0000] {processor.py:183} INFO - Processing /opt/airflow/dags/extract_data.py took 0.043 seconds
[2026-03-31T09:25:23.822+0000] {processor.py:161} INFO - Started process (PID=533) to work on /opt/airflow/dags/extract_data.py
[2026-03-31T09:25:23.823+0000] {processor.py:830} INFO - Processing file /opt/airflow/dags/extract_data.py for tasks to queue
[2026-03-31T09:25:23.825+0000] {logging_mixin.py:188} INFO - [2026-03-31T09:25:23.825+0000] {dagbag.py:545} INFO - Filling up the DagBag from /opt/airflow/dags/extract_data.py
[2026-03-31T09:25:23.840+0000] {processor.py:842} WARNING - No viable dags retrieved from /opt/airflow/dags/extract_data.py
[2026-03-31T09:25:23.854+0000] {processor.py:183} INFO - Processing /opt/airflow/dags/extract_data.py took 0.038 seconds
[2026-03-31T09:25:54.600+0000] {processor.py:161} INFO - Started process (PID=559) to work on /opt/airflow/dags/extract_data.py
[2026-03-31T09:25:54.601+0000] {processor.py:830} INFO - Processing file /opt/airflow/dags/extract_data.py for tasks to queue
[2026-03-31T09:25:54.604+0000] {logging_mixin.py:188} INFO - [2026-03-31T09:25:54.603+0000] {dagbag.py:545} INFO - Filling up the DagBag from /opt/airflow/dags/extract_data.py
[2026-03-31T09:25:54.619+0000] {processor.py:842} WARNING - No viable dags retrieved from /opt/airflow/dags/extract_data.py
[2026-03-31T09:25:54.632+0000] {processor.py:183} INFO - Processing /opt/airflow/dags/extract_data.py took 0.039 seconds
[2026-03-31T09:28:09.285+0000] {processor.py:161} INFO - Started process (PID=189) to work on /opt/airflow/dags/extract_data.py
[2026-03-31T09:28:09.287+0000] {processor.py:830} INFO - Processing file /opt/airflow/dags/extract_data.py for tasks to queue
[2026-03-31T09:28:09.292+0000] {logging_mixin.py:188} INFO - [2026-03-31T09:28:09.291+0000] {dagbag.py:545} INFO - Filling up the DagBag from /opt/airflow/dags/extract_data.py
[2026-03-31T09:28:09.333+0000] {processor.py:842} WARNING - No viable dags retrieved from /opt/airflow/dags/extract_data.py
[2026-03-31T09:28:09.358+0000] {processor.py:183} INFO - Processing /opt/airflow/dags/extract_data.py took 0.082 seconds
[2026-03-31T09:28:39.895+0000] {processor.py:161} INFO - Started process (PID=214) to work on /opt/airflow/dags/extract_data.py
[2026-03-31T09:28:39.896+0000] {processor.py:830} INFO - Processing file /opt/airflow/dags/extract_data.py for tasks to queue
[2026-03-31T09:28:39.901+0000] {logging_mixin.py:188} INFO - [2026-03-31T09:28:39.900+0000] {dagbag.py:545} INFO - Filling up the DagBag from /opt/airflow/dags/extract_data.py
[2026-03-31T09:28:39.940+0000] {processor.py:842} WARNING - No viable dags retrieved from /opt/airflow/dags/extract_data.py
[2026-03-31T09:28:39.962+0000] {processor.py:183} INFO - Processing /opt/airflow/dags/extract_data.py took 0.077 seconds
[2026-03-31T09:29:10.754+0000] {processor.py:161} INFO - Started process (PID=254) to work on /opt/airflow/dags/extract_data.py
[2026-03-31T09:29:10.755+0000] {processor.py:830} INFO - Processing file /opt/airflow/dags/extract_data.py for tasks to queue
[2026-03-31T09:29:10.758+0000] {logging_mixin.py:188} INFO - [2026-03-31T09:29:10.757+0000] {dagbag.py:545} INFO - Filling up the DagBag from /opt/airflow/dags/extract_data.py
[2026-03-31T09:29:10.780+0000] {processor.py:842} WARNING - No viable dags retrieved from /opt/airflow/dags/extract_data.py
[2026-03-31T09:29:10.794+0000] {processor.py:183} INFO - Processing /opt/airflow/dags/extract_data.py took 0.046 seconds
[2026-03-31T09:29:41.547+0000] {processor.py:161} INFO - Started process (PID=281) to work on /opt/airflow/dags/extract_data.py
[2026-03-31T09:29:41.549+0000] {processor.py:830} INFO - Processing file /opt/airflow/dags/extract_data.py for tasks to queue
[2026-03-31T09:29:41.554+0000] {logging_mixin.py:188} INFO - [2026-03-31T09:29:41.553+0000] {dagbag.py:545} INFO - Filling up the DagBag from /opt/airflow/dags/extract_data.py
[2026-03-31T09:29:41.584+0000] {processor.py:842} WARNING - No viable dags retrieved from /opt/airflow/dags/extract_data.py
[2026-03-31T09:29:41.605+0000] {processor.py:183} INFO - Processing /opt/airflow/dags/extract_data.py took 0.070 seconds
[2026-03-31T09:30:12.442+0000] {processor.py:161} INFO - Started process (PID=308) to work on /opt/airflow/dags/extract_data.py
[2026-03-31T09:30:12.443+0000] {processor.py:830} INFO - Processing file /opt/airflow/dags/extract_data.py for tasks to queue
[2026-03-31T09:30:12.445+0000] {logging_mixin.py:188} INFO - [2026-03-31T09:30:12.445+0000] {dagbag.py:545} INFO - Filling up the DagBag from /opt/airflow/dags/extract_data.py
[2026-03-31T09:30:12.467+0000] {processor.py:842} WARNING - No viable dags retrieved from /opt/airflow/dags/extract_data.py
[2026-03-31T09:30:12.481+0000] {processor.py:183} INFO - Processing /opt/airflow/dags/extract_data.py took 0.047 seconds
[2026-03-31T09:30:43.128+0000] {processor.py:161} INFO - Started process (PID=334) to work on /opt/airflow/dags/extract_data.py
[2026-03-31T09:30:43.129+0000] {processor.py:830} INFO - Processing file /opt/airflow/dags/extract_data.py for tasks to queue
[2026-03-31T09:30:43.130+0000] {logging_mixin.py:188} INFO - [2026-03-31T09:30:43.130+0000] {dagbag.py:545} INFO - Filling up the DagBag from /opt/airflow/dags/extract_data.py
[2026-03-31T09:30:43.145+0000] {processor.py:842} WARNING - No viable dags retrieved from /opt/airflow/dags/extract_data.py
[2026-03-31T09:30:43.162+0000] {processor.py:183} INFO - Processing /opt/airflow/dags/extract_data.py took 0.041 seconds
[2026-03-31T09:31:13.927+0000] {processor.py:161} INFO - Started process (PID=361) to work on /opt/airflow/dags/extract_data.py
[2026-03-31T09:31:13.929+0000] {processor.py:830} INFO - Processing file /opt/airflow/dags/extract_data.py for tasks to queue
[2026-03-31T09:31:13.931+0000] {logging_mixin.py:188} INFO - [2026-03-31T09:31:13.931+0000] {dagbag.py:545} INFO - Filling up the DagBag from /opt/airflow/dags/extract_data.py
[2026-03-31T09:31:13.963+0000] {processor.py:842} WARNING - No viable dags retrieved from /opt/airflow/dags/extract_data.py
[2026-03-31T09:31:13.980+0000] {processor.py:183} INFO - Processing /opt/airflow/dags/extract_data.py took 0.062 seconds
[2026-03-31T09:31:44.648+0000] {processor.py:161} INFO - Started process (PID=388) to work on /opt/airflow/dags/extract_data.py
[2026-03-31T09:31:44.649+0000] {processor.py:830} INFO - Processing file /opt/airflow/dags/extract_data.py for tasks to queue
[2026-03-31T09:31:44.652+0000] {logging_mixin.py:188} INFO - [2026-03-31T09:31:44.651+0000] {dagbag.py:545} INFO - Filling up the DagBag from /opt/airflow/dags/extract_data.py
[2026-03-31T09:31:44.669+0000] {processor.py:842} WARNING - No viable dags retrieved from /opt/airflow/dags/extract_data.py
[2026-03-31T09:31:44.686+0000] {processor.py:183} INFO - Processing /opt/airflow/dags/extract_data.py took 0.045 seconds
[2026-03-31T09:32:15.366+0000] {processor.py:161} INFO - Started process (PID=414) to work on /opt/airflow/dags/extract_data.py
[2026-03-31T09:32:15.368+0000] {processor.py:830} INFO - Processing file /opt/airflow/dags/extract_data.py for tasks to queue
[2026-03-31T09:32:15.370+0000] {logging_mixin.py:188} INFO - [2026-03-31T09:32:15.370+0000] {dagbag.py:545} INFO - Filling up the DagBag from /opt/airflow/dags/extract_data.py
[2026-03-31T09:32:15.394+0000] {processor.py:842} WARNING - No viable dags retrieved from /opt/airflow/dags/extract_data.py
[2026-03-31T09:32:15.408+0000] {processor.py:183} INFO - Processing /opt/airflow/dags/extract_data.py took 0.049 seconds
[2026-03-31T09:32:46.112+0000] {processor.py:161} INFO - Started process (PID=440) to work on /opt/airflow/dags/extract_data.py
[2026-03-31T09:32:46.113+0000] {processor.py:830} INFO - Processing file /opt/airflow/dags/extract_data.py for tasks to queue
[2026-03-31T09:32:46.115+0000] {logging_mixin.py:188} INFO - [2026-03-31T09:32:46.115+0000] {dagbag.py:545} INFO - Filling up the DagBag from /opt/airflow/dags/extract_data.py
[2026-03-31T09:32:46.126+0000] {processor.py:842} WARNING - No viable dags retrieved from /opt/airflow/dags/extract_data.py
[2026-03-31T09:32:46.139+0000] {processor.py:183} INFO - Processing /opt/airflow/dags/extract_data.py took 0.033 seconds
[2026-03-31T09:33:17.052+0000] {processor.py:161} INFO - Started process (PID=466) to work on /opt/airflow/dags/extract_data.py
[2026-03-31T09:33:17.054+0000] {processor.py:830} INFO - Processing file /opt/airflow/dags/extract_data.py for tasks to queue
[2026-03-31T09:33:17.056+0000] {logging_mixin.py:188} INFO - [2026-03-31T09:33:17.056+0000] {dagbag.py:545} INFO - Filling up the DagBag from /opt/airflow/dags/extract_data.py
[2026-03-31T09:33:17.089+0000] {processor.py:842} WARNING - No viable dags retrieved from /opt/airflow/dags/extract_data.py
[2026-03-31T09:33:17.106+0000] {processor.py:183} INFO - Processing /opt/airflow/dags/extract_data.py took 0.060 seconds
[2026-03-31T09:33:47.714+0000] {processor.py:161} INFO - Started process (PID=492) to work on /opt/airflow/dags/extract_data.py
[2026-03-31T09:33:47.715+0000] {processor.py:830} INFO - Processing file /opt/airflow/dags/extract_data.py for tasks to queue
[2026-03-31T09:33:47.718+0000] {logging_mixin.py:188} INFO - [2026-03-31T09:33:47.717+0000] {dagbag.py:545} INFO - Filling up the DagBag from /opt/airflow/dags/extract_data.py
[2026-03-31T09:33:47.731+0000] {processor.py:842} WARNING - No viable dags retrieved from /opt/airflow/dags/extract_data.py
[2026-03-31T09:33:47.745+0000] {processor.py:183} INFO - Processing /opt/airflow/dags/extract_data.py took 0.037 seconds
[2026-03-31T09:34:18.578+0000] {processor.py:161} INFO - Started process (PID=518) to work on /opt/airflow/dags/extract_data.py
[2026-03-31T09:34:18.579+0000] {processor.py:830} INFO - Processing file /opt/airflow/dags/extract_data.py for tasks to queue
[2026-03-31T09:34:18.581+0000] {logging_mixin.py:188} INFO - [2026-03-31T09:34:18.581+0000] {dagbag.py:545} INFO - Filling up the DagBag from /opt/airflow/dags/extract_data.py
[2026-03-31T09:34:18.592+0000] {processor.py:842} WARNING - No viable dags retrieved from /opt/airflow/dags/extract_data.py
[2026-03-31T09:34:18.604+0000] {processor.py:183} INFO - Processing /opt/airflow/dags/extract_data.py took 0.031 seconds
[2026-03-31T09:34:49.312+0000] {processor.py:161} INFO - Started process (PID=544) to work on /opt/airflow/dags/extract_data.py
[2026-03-31T09:34:49.313+0000] {processor.py:830} INFO - Processing file /opt/airflow/dags/extract_data.py for tasks to queue
[2026-03-31T09:34:49.315+0000] {logging_mixin.py:188} INFO - [2026-03-31T09:34:49.315+0000] {dagbag.py:545} INFO - Filling up the DagBag from /opt/airflow/dags/extract_data.py
[2026-03-31T09:34:49.329+0000] {processor.py:842} WARNING - No viable dags retrieved from /opt/airflow/dags/extract_data.py
[2026-03-31T09:34:49.347+0000] {processor.py:183} INFO - Processing /opt/airflow/dags/extract_data.py took 0.042 seconds
[2026-03-31T09:35:20.038+0000] {processor.py:161} INFO - Started process (PID=570) to work on /opt/airflow/dags/extract_data.py
[2026-03-31T09:35:20.039+0000] {processor.py:830} INFO - Processing file /opt/airflow/dags/extract_data.py for tasks to queue
[2026-03-31T09:35:20.041+0000] {logging_mixin.py:188} INFO - [2026-03-31T09:35:20.041+0000] {dagbag.py:545} INFO - Filling up the DagBag from /opt/airflow/dags/extract_data.py
[2026-03-31T09:35:20.059+0000] {processor.py:842} WARNING - No viable dags retrieved from /opt/airflow/dags/extract_data.py
[2026-03-31T09:35:20.075+0000] {processor.py:183} INFO - Processing /opt/airflow/dags/extract_data.py took 0.045 seconds
[2026-03-31T09:35:50.767+0000] {processor.py:161} INFO - Started process (PID=596) to work on /opt/airflow/dags/extract_data.py
[2026-03-31T09:35:50.769+0000] {processor.py:830} INFO - Processing file /opt/airflow/dags/extract_data.py for tasks to queue
[2026-03-31T09:35:50.772+0000] {logging_mixin.py:188} INFO - [2026-03-31T09:35:50.771+0000] {dagbag.py:545} INFO - Filling up the DagBag from /opt/airflow/dags/extract_data.py
[2026-03-31T09:35:50.794+0000] {processor.py:842} WARNING - No viable dags retrieved from /opt/airflow/dags/extract_data.py
[2026-03-31T09:35:50.813+0000] {processor.py:183} INFO - Processing /opt/airflow/dags/extract_data.py took 0.055 seconds
[2026-03-31T09:36:21.482+0000] {processor.py:161} INFO - Started process (PID=622) to work on /opt/airflow/dags/extract_data.py
[2026-03-31T09:36:21.483+0000] {processor.py:830} INFO - Processing file /opt/airflow/dags/extract_data.py for tasks to queue
[2026-03-31T09:36:21.486+0000] {logging_mixin.py:188} INFO - [2026-03-31T09:36:21.485+0000] {dagbag.py:545} INFO - Filling up the DagBag from /opt/airflow/dags/extract_data.py
[2026-03-31T09:36:21.509+0000] {processor.py:842} WARNING - No viable dags retrieved from /opt/airflow/dags/extract_data.py
[2026-03-31T09:36:21.522+0000] {processor.py:183} INFO - Processing /opt/airflow/dags/extract_data.py took 0.047 seconds
[2026-03-31T09:36:52.382+0000] {processor.py:161} INFO - Started process (PID=648) to work on /opt/airflow/dags/extract_data.py
[2026-03-31T09:36:52.386+0000] {processor.py:830} INFO - Processing file /opt/airflow/dags/extract_data.py for tasks to queue
[2026-03-31T09:36:52.394+0000] {logging_mixin.py:188} INFO - [2026-03-31T09:36:52.394+0000] {dagbag.py:545} INFO - Filling up the DagBag from /opt/airflow/dags/extract_data.py
[2026-03-31T09:36:52.439+0000] {processor.py:842} WARNING - No viable dags retrieved from /opt/airflow/dags/extract_data.py
[2026-03-31T09:36:52.479+0000] {processor.py:183} INFO - Processing /opt/airflow/dags/extract_data.py took 0.125 seconds
[2026-03-31T09:37:23.206+0000] {processor.py:161} INFO - Started process (PID=674) to work on /opt/airflow/dags/extract_data.py
[2026-03-31T09:37:23.209+0000] {processor.py:830} INFO - Processing file /opt/airflow/dags/extract_data.py for tasks to queue
[2026-03-31T09:37:23.212+0000] {logging_mixin.py:188} INFO - [2026-03-31T09:37:23.211+0000] {dagbag.py:545} INFO - Filling up the DagBag from /opt/airflow/dags/extract_data.py
[2026-03-31T09:37:23.231+0000] {processor.py:842} WARNING - No viable dags retrieved from /opt/airflow/dags/extract_data.py
[2026-03-31T09:37:23.263+0000] {processor.py:183} INFO - Processing /opt/airflow/dags/extract_data.py took 0.064 seconds
[2026-03-31T09:37:54.002+0000] {processor.py:161} INFO - Started process (PID=700) to work on /opt/airflow/dags/extract_data.py
[2026-03-31T09:37:54.003+0000] {processor.py:830} INFO - Processing file /opt/airflow/dags/extract_data.py for tasks to queue
[2026-03-31T09:37:54.006+0000] {logging_mixin.py:188} INFO - [2026-03-31T09:37:54.005+0000] {dagbag.py:545} INFO - Filling up the DagBag from /opt/airflow/dags/extract_data.py
[2026-03-31T09:37:54.027+0000] {processor.py:842} WARNING - No viable dags retrieved from /opt/airflow/dags/extract_data.py
[2026-03-31T09:37:54.042+0000] {processor.py:183} INFO - Processing /opt/airflow/dags/extract_data.py took 0.048 seconds
[2026-03-31T09:38:25.056+0000] {processor.py:161} INFO - Started process (PID=726) to work on /opt/airflow/dags/extract_data.py
[2026-03-31T09:38:25.057+0000] {processor.py:830} INFO - Processing file /opt/airflow/dags/extract_data.py for tasks to queue
[2026-03-31T09:38:25.059+0000] {logging_mixin.py:188} INFO - [2026-03-31T09:38:25.059+0000] {dagbag.py:545} INFO - Filling up the DagBag from /opt/airflow/dags/extract_data.py
[2026-03-31T09:38:25.079+0000] {processor.py:842} WARNING - No viable dags retrieved from /opt/airflow/dags/extract_data.py
[2026-03-31T09:38:25.092+0000] {processor.py:183} INFO - Processing /opt/airflow/dags/extract_data.py took 0.042 seconds
[2026-03-31T09:38:55.824+0000] {processor.py:161} INFO - Started process (PID=752) to work on /opt/airflow/dags/extract_data.py
[2026-03-31T09:38:55.825+0000] {processor.py:830} INFO - Processing file /opt/airflow/dags/extract_data.py for tasks to queue
[2026-03-31T09:38:55.828+0000] {logging_mixin.py:188} INFO - [2026-03-31T09:38:55.827+0000] {dagbag.py:545} INFO - Filling up the DagBag from /opt/airflow/dags/extract_data.py
[2026-03-31T09:38:55.844+0000] {processor.py:842} WARNING - No viable dags retrieved from /opt/airflow/dags/extract_data.py
[2026-03-31T09:38:55.859+0000] {processor.py:183} INFO - Processing /opt/airflow/dags/extract_data.py took 0.042 seconds
[2026-03-31T09:39:26.576+0000] {processor.py:161} INFO - Started process (PID=778) to work on /opt/airflow/dags/extract_data.py
[2026-03-31T09:39:26.578+0000] {processor.py:830} INFO - Processing file /opt/airflow/dags/extract_data.py for tasks to queue
[2026-03-31T09:39:26.580+0000] {logging_mixin.py:188} INFO - [2026-03-31T09:39:26.579+0000] {dagbag.py:545} INFO - Filling up the DagBag from /opt/airflow/dags/extract_data.py
[2026-03-31T09:39:26.596+0000] {processor.py:842} WARNING - No viable dags retrieved from /opt/airflow/dags/extract_data.py
[2026-03-31T09:39:26.609+0000] {processor.py:183} INFO - Processing /opt/airflow/dags/extract_data.py took 0.040 seconds
[2026-03-31T09:39:57.304+0000] {processor.py:161} INFO - Started process (PID=804) to work on /opt/airflow/dags/extract_data.py
[2026-03-31T09:39:57.305+0000] {processor.py:830} INFO - Processing file /opt/airflow/dags/extract_data.py for tasks to queue
[2026-03-31T09:39:57.308+0000] {logging_mixin.py:188} INFO - [2026-03-31T09:39:57.307+0000] {dagbag.py:545} INFO - Filling up the DagBag from /opt/airflow/dags/extract_data.py
[2026-03-31T09:39:57.327+0000] {processor.py:842} WARNING - No viable dags retrieved from /opt/airflow/dags/extract_data.py
[2026-03-31T09:39:57.340+0000] {processor.py:183} INFO - Processing /opt/airflow/dags/extract_data.py took 0.042 seconds
[2026-03-31T09:40:27.888+0000] {processor.py:161} INFO - Started process (PID=830) to work on /opt/airflow/dags/extract_data.py
[2026-03-31T09:40:27.889+0000] {processor.py:830} INFO - Processing file /opt/airflow/dags/extract_data.py for tasks to queue
[2026-03-31T09:40:27.892+0000] {logging_mixin.py:188} INFO - [2026-03-31T09:40:27.891+0000] {dagbag.py:545} INFO - Filling up the DagBag from /opt/airflow/dags/extract_data.py
[2026-03-31T09:40:27.917+0000] {processor.py:842} WARNING - No viable dags retrieved from /opt/airflow/dags/extract_data.py
[2026-03-31T09:40:27.933+0000] {processor.py:183} INFO - Processing /opt/airflow/dags/extract_data.py took 0.051 seconds
[2026-03-31T09:40:58.570+0000] {processor.py:161} INFO - Started process (PID=856) to work on /opt/airflow/dags/extract_data.py
[2026-03-31T09:40:58.571+0000] {processor.py:830} INFO - Processing file /opt/airflow/dags/extract_data.py for tasks to queue
[2026-03-31T09:40:58.573+0000] {logging_mixin.py:188} INFO - [2026-03-31T09:40:58.573+0000] {dagbag.py:545} INFO - Filling up the DagBag from /opt/airflow/dags/extract_data.py
[2026-03-31T09:40:58.587+0000] {processor.py:842} WARNING - No viable dags retrieved from /opt/airflow/dags/extract_data.py
[2026-03-31T09:40:58.600+0000] {processor.py:183} INFO - Processing /opt/airflow/dags/extract_data.py took 0.035 seconds
[2026-03-31T09:41:29.293+0000] {processor.py:161} INFO - Started process (PID=882) to work on /opt/airflow/dags/extract_data.py
[2026-03-31T09:41:29.294+0000] {processor.py:830} INFO - Processing file /opt/airflow/dags/extract_data.py for tasks to queue
[2026-03-31T09:41:29.296+0000] {logging_mixin.py:188} INFO - [2026-03-31T09:41:29.296+0000] {dagbag.py:545} INFO - Filling up the DagBag from /opt/airflow/dags/extract_data.py
[2026-03-31T09:41:29.312+0000] {processor.py:842} WARNING - No viable dags retrieved from /opt/airflow/dags/extract_data.py
[2026-03-31T09:41:29.329+0000] {processor.py:183} INFO - Processing /opt/airflow/dags/extract_data.py took 0.042 seconds
[2026-03-31T09:42:00.076+0000] {processor.py:161} INFO - Started process (PID=908) to work on /opt/airflow/dags/extract_data.py
[2026-03-31T09:42:00.078+0000] {processor.py:830} INFO - Processing file /opt/airflow/dags/extract_data.py for tasks to queue
[2026-03-31T09:42:00.080+0000] {logging_mixin.py:188} INFO - [2026-03-31T09:42:00.080+0000] {dagbag.py:545} INFO - Filling up the DagBag from /opt/airflow/dags/extract_data.py
[2026-03-31T09:42:00.100+0000] {processor.py:842} WARNING - No viable dags retrieved from /opt/airflow/dags/extract_data.py
[2026-03-31T09:42:00.112+0000] {processor.py:183} INFO - Processing /opt/airflow/dags/extract_data.py took 0.042 seconds
[2026-03-31T09:42:30.855+0000] {processor.py:161} INFO - Started process (PID=935) to work on /opt/airflow/dags/extract_data.py
[2026-03-31T09:42:30.857+0000] {processor.py:830} INFO - Processing file /opt/airflow/dags/extract_data.py for tasks to queue
[2026-03-31T09:42:30.859+0000] {logging_mixin.py:188} INFO - [2026-03-31T09:42:30.859+0000] {dagbag.py:545} INFO - Filling up the DagBag from /opt/airflow/dags/extract_data.py
[2026-03-31T09:42:30.883+0000] {processor.py:842} WARNING - No viable dags retrieved from /opt/airflow/dags/extract_data.py
[2026-03-31T09:42:30.897+0000] {processor.py:183} INFO - Processing /opt/airflow/dags/extract_data.py took 0.048 seconds
[2026-03-31T09:43:01.657+0000] {processor.py:161} INFO - Started process (PID=961) to work on /opt/airflow/dags/extract_data.py
[2026-03-31T09:43:01.658+0000] {processor.py:830} INFO - Processing file /opt/airflow/dags/extract_data.py for tasks to queue
[2026-03-31T09:43:01.660+0000] {logging_mixin.py:188} INFO - [2026-03-31T09:43:01.659+0000] {dagbag.py:545} INFO - Filling up the DagBag from /opt/airflow/dags/extract_data.py
[2026-03-31T09:43:01.681+0000] {processor.py:842} WARNING - No viable dags retrieved from /opt/airflow/dags/extract_data.py
[2026-03-31T09:43:01.695+0000] {processor.py:183} INFO - Processing /opt/airflow/dags/extract_data.py took 0.044 seconds
[2026-03-31T09:43:32.708+0000] {processor.py:161} INFO - Started process (PID=987) to work on /opt/airflow/dags/extract_data.py
[2026-03-31T09:43:32.709+0000] {processor.py:830} INFO - Processing file /opt/airflow/dags/extract_data.py for tasks to queue
[2026-03-31T09:43:32.711+0000] {logging_mixin.py:188} INFO - [2026-03-31T09:43:32.711+0000] {dagbag.py:545} INFO - Filling up the DagBag from /opt/airflow/dags/extract_data.py
[2026-03-31T09:43:32.729+0000] {processor.py:842} WARNING - No viable dags retrieved from /opt/airflow/dags/extract_data.py
[2026-03-31T09:43:32.741+0000] {processor.py:183} INFO - Processing /opt/airflow/dags/extract_data.py took 0.039 seconds
[2026-03-31T09:44:03.433+0000] {processor.py:161} INFO - Started process (PID=1013) to work on /opt/airflow/dags/extract_data.py
[2026-03-31T09:44:03.434+0000] {processor.py:830} INFO - Processing file /opt/airflow/dags/extract_data.py for tasks to queue
[2026-03-31T09:44:03.436+0000] {logging_mixin.py:188} INFO - [2026-03-31T09:44:03.435+0000] {dagbag.py:545} INFO - Filling up the DagBag from /opt/airflow/dags/extract_data.py
[2026-03-31T09:44:03.449+0000] {processor.py:842} WARNING - No viable dags retrieved from /opt/airflow/dags/extract_data.py
[2026-03-31T09:44:03.463+0000] {processor.py:183} INFO - Processing /opt/airflow/dags/extract_data.py took 0.037 seconds
[2026-03-31T09:44:34.167+0000] {processor.py:161} INFO - Started process (PID=1039) to work on /opt/airflow/dags/extract_data.py
[2026-03-31T09:44:34.169+0000] {processor.py:830} INFO - Processing file /opt/airflow/dags/extract_data.py for tasks to queue
[2026-03-31T09:44:34.170+0000] {logging_mixin.py:188} INFO - [2026-03-31T09:44:34.170+0000] {dagbag.py:545} INFO - Filling up the DagBag from /opt/airflow/dags/extract_data.py
[2026-03-31T09:44:34.187+0000] {processor.py:842} WARNING - No viable dags retrieved from /opt/airflow/dags/extract_data.py
[2026-03-31T09:44:34.199+0000] {processor.py:183} INFO - Processing /opt/airflow/dags/extract_data.py took 0.037 seconds
[2026-03-31T09:45:04.854+0000] {processor.py:161} INFO - Started process (PID=1065) to work on /opt/airflow/dags/extract_data.py
[2026-03-31T09:45:04.856+0000] {processor.py:830} INFO - Processing file /opt/airflow/dags/extract_data.py for tasks to queue
[2026-03-31T09:45:04.858+0000] {logging_mixin.py:188} INFO - [2026-03-31T09:45:04.858+0000] {dagbag.py:545} INFO - Filling up the DagBag from /opt/airflow/dags/extract_data.py
[2026-03-31T09:45:04.877+0000] {processor.py:842} WARNING - No viable dags retrieved from /opt/airflow/dags/extract_data.py
[2026-03-31T09:45:04.898+0000] {processor.py:183} INFO - Processing /opt/airflow/dags/extract_data.py took 0.051 seconds
[2026-03-31T09:45:35.577+0000] {processor.py:161} INFO - Started process (PID=1091) to work on /opt/airflow/dags/extract_data.py
[2026-03-31T09:45:35.578+0000] {processor.py:830} INFO - Processing file /opt/airflow/dags/extract_data.py for tasks to queue
[2026-03-31T09:45:35.580+0000] {logging_mixin.py:188} INFO - [2026-03-31T09:45:35.580+0000] {dagbag.py:545} INFO - Filling up the DagBag from /opt/airflow/dags/extract_data.py
[2026-03-31T09:45:35.595+0000] {processor.py:842} WARNING - No viable dags retrieved from /opt/airflow/dags/extract_data.py
[2026-03-31T09:45:35.608+0000] {processor.py:183} INFO - Processing /opt/airflow/dags/extract_data.py took 0.037 seconds
[2026-03-31T09:46:06.331+0000] {processor.py:161} INFO - Started process (PID=1117) to work on /opt/airflow/dags/extract_data.py
[2026-03-31T09:46:06.333+0000] {processor.py:830} INFO - Processing file /opt/airflow/dags/extract_data.py for tasks to queue
[2026-03-31T09:46:06.335+0000] {logging_mixin.py:188} INFO - [2026-03-31T09:46:06.334+0000] {dagbag.py:545} INFO - Filling up the DagBag from /opt/airflow/dags/extract_data.py
[2026-03-31T09:46:06.353+0000] {processor.py:842} WARNING - No viable dags retrieved from /opt/airflow/dags/extract_data.py
[2026-03-31T09:46:06.369+0000] {processor.py:183} INFO - Processing /opt/airflow/dags/extract_data.py took 0.046 seconds
[2026-03-31T09:46:37.249+0000] {processor.py:161} INFO - Started process (PID=1143) to work on /opt/airflow/dags/extract_data.py
[2026-03-31T09:46:37.251+0000] {processor.py:830} INFO - Processing file /opt/airflow/dags/extract_data.py for tasks to queue
[2026-03-31T09:46:37.253+0000] {logging_mixin.py:188} INFO - [2026-03-31T09:46:37.253+0000] {dagbag.py:545} INFO - Filling up the DagBag from /opt/airflow/dags/extract_data.py
[2026-03-31T09:46:37.284+0000] {processor.py:842} WARNING - No viable dags retrieved from /opt/airflow/dags/extract_data.py
[2026-03-31T09:46:37.301+0000] {processor.py:183} INFO - Processing /opt/airflow/dags/extract_data.py took 0.059 seconds
[2026-03-31T09:47:08.089+0000] {processor.py:161} INFO - Started process (PID=1169) to work on /opt/airflow/dags/extract_data.py
[2026-03-31T09:47:08.090+0000] {processor.py:830} INFO - Processing file /opt/airflow/dags/extract_data.py for tasks to queue
[2026-03-31T09:47:08.092+0000] {logging_mixin.py:188} INFO - [2026-03-31T09:47:08.091+0000] {dagbag.py:545} INFO - Filling up the DagBag from /opt/airflow/dags/extract_data.py
[2026-03-31T09:47:08.103+0000] {processor.py:842} WARNING - No viable dags retrieved from /opt/airflow/dags/extract_data.py
[2026-03-31T09:47:08.116+0000] {processor.py:183} INFO - Processing /opt/airflow/dags/extract_data.py took 0.034 seconds
[2026-03-31T09:47:38.940+0000] {processor.py:161} INFO - Started process (PID=1195) to work on /opt/airflow/dags/extract_data.py
[2026-03-31T09:47:38.941+0000] {processor.py:830} INFO - Processing file /opt/airflow/dags/extract_data.py for tasks to queue
[2026-03-31T09:47:38.943+0000] {logging_mixin.py:188} INFO - [2026-03-31T09:47:38.943+0000] {dagbag.py:545} INFO - Filling up the DagBag from /opt/airflow/dags/extract_data.py
[2026-03-31T09:47:38.962+0000] {processor.py:842} WARNING - No viable dags retrieved from /opt/airflow/dags/extract_data.py
[2026-03-31T09:47:38.976+0000] {processor.py:183} INFO - Processing /opt/airflow/dags/extract_data.py took 0.042 seconds
[2026-03-31T09:48:09.760+0000] {processor.py:161} INFO - Started process (PID=1221) to work on /opt/airflow/dags/extract_data.py
[2026-03-31T09:48:09.761+0000] {processor.py:830} INFO - Processing file /opt/airflow/dags/extract_data.py for tasks to queue
[2026-03-31T09:48:09.764+0000] {logging_mixin.py:188} INFO - [2026-03-31T09:48:09.764+0000] {dagbag.py:545} INFO - Filling up the DagBag from /opt/airflow/dags/extract_data.py
[2026-03-31T09:48:09.795+0000] {processor.py:842} WARNING - No viable dags retrieved from /opt/airflow/dags/extract_data.py
[2026-03-31T09:48:09.810+0000] {processor.py:183} INFO - Processing /opt/airflow/dags/extract_data.py took 0.056 seconds
[2026-03-31T09:48:40.551+0000] {processor.py:161} INFO - Started process (PID=1247) to work on /opt/airflow/dags/extract_data.py
[2026-03-31T09:48:40.552+0000] {processor.py:830} INFO - Processing file /opt/airflow/dags/extract_data.py for tasks to queue
[2026-03-31T09:48:40.554+0000] {logging_mixin.py:188} INFO - [2026-03-31T09:48:40.554+0000] {dagbag.py:545} INFO - Filling up the DagBag from /opt/airflow/dags/extract_data.py
[2026-03-31T09:48:40.573+0000] {processor.py:842} WARNING - No viable dags retrieved from /opt/airflow/dags/extract_data.py
[2026-03-31T09:48:40.586+0000] {processor.py:183} INFO - Processing /opt/airflow/dags/extract_data.py took 0.042 seconds
[2026-03-31T09:49:11.365+0000] {processor.py:161} INFO - Started process (PID=1273) to work on /opt/airflow/dags/extract_data.py
[2026-03-31T09:49:11.366+0000] {processor.py:830} INFO - Processing file /opt/airflow/dags/extract_data.py for tasks to queue
[2026-03-31T09:49:11.368+0000] {logging_mixin.py:188} INFO - [2026-03-31T09:49:11.368+0000] {dagbag.py:545} INFO - Filling up the DagBag from /opt/airflow/dags/extract_data.py
[2026-03-31T09:49:11.382+0000] {processor.py:842} WARNING - No viable dags retrieved from /opt/airflow/dags/extract_data.py
[2026-03-31T09:49:11.396+0000] {processor.py:183} INFO - Processing /opt/airflow/dags/extract_data.py took 0.037 seconds
[2026-03-31T09:49:42.253+0000] {processor.py:161} INFO - Started process (PID=1305) to work on /opt/airflow/dags/extract_data.py
[2026-03-31T09:49:42.255+0000] {processor.py:830} INFO - Processing file /opt/airflow/dags/extract_data.py for tasks to queue
[2026-03-31T09:49:42.257+0000] {logging_mixin.py:188} INFO - [2026-03-31T09:49:42.257+0000] {dagbag.py:545} INFO - Filling up the DagBag from /opt/airflow/dags/extract_data.py
[2026-03-31T09:49:42.280+0000] {processor.py:842} WARNING - No viable dags retrieved from /opt/airflow/dags/extract_data.py
[2026-03-31T09:49:42.294+0000] {processor.py:183} INFO - Processing /opt/airflow/dags/extract_data.py took 0.046 seconds
[2026-03-31T09:50:13.117+0000] {processor.py:161} INFO - Started process (PID=1331) to work on /opt/airflow/dags/extract_data.py
[2026-03-31T09:50:13.118+0000] {processor.py:830} INFO - Processing file /opt/airflow/dags/extract_data.py for tasks to queue
[2026-03-31T09:50:13.120+0000] {logging_mixin.py:188} INFO - [2026-03-31T09:50:13.119+0000] {dagbag.py:545} INFO - Filling up the DagBag from /opt/airflow/dags/extract_data.py
[2026-03-31T09:50:13.151+0000] {processor.py:842} WARNING - No viable dags retrieved from /opt/airflow/dags/extract_data.py
[2026-03-31T09:50:13.164+0000] {processor.py:183} INFO - Processing /opt/airflow/dags/extract_data.py took 0.053 seconds
[2026-03-31T09:50:43.937+0000] {processor.py:161} INFO - Started process (PID=1357) to work on /opt/airflow/dags/extract_data.py
[2026-03-31T09:50:43.938+0000] {processor.py:830} INFO - Processing file /opt/airflow/dags/extract_data.py for tasks to queue
[2026-03-31T09:50:43.940+0000] {logging_mixin.py:188} INFO - [2026-03-31T09:50:43.940+0000] {dagbag.py:545} INFO - Filling up the DagBag from /opt/airflow/dags/extract_data.py
[2026-03-31T09:50:43.956+0000] {processor.py:842} WARNING - No viable dags retrieved from /opt/airflow/dags/extract_data.py
[2026-03-31T09:50:43.967+0000] {processor.py:183} INFO - Processing /opt/airflow/dags/extract_data.py took 0.036 seconds
[2026-03-31T09:51:14.737+0000] {processor.py:161} INFO - Started process (PID=1383) to work on /opt/airflow/dags/extract_data.py
[2026-03-31T09:51:14.738+0000] {processor.py:830} INFO - Processing file /opt/airflow/dags/extract_data.py for tasks to queue
[2026-03-31T09:51:14.741+0000] {logging_mixin.py:188} INFO - [2026-03-31T09:51:14.740+0000] {dagbag.py:545} INFO - Filling up the DagBag from /opt/airflow/dags/extract_data.py
[2026-03-31T09:51:14.769+0000] {processor.py:842} WARNING - No viable dags retrieved from /opt/airflow/dags/extract_data.py
[2026-03-31T09:51:14.781+0000] {processor.py:183} INFO - Processing /opt/airflow/dags/extract_data.py took 0.052 seconds
[2026-03-31T09:51:45.651+0000] {processor.py:161} INFO - Started process (PID=1409) to work on /opt/airflow/dags/extract_data.py
[2026-03-31T09:51:45.652+0000] {processor.py:830} INFO - Processing file /opt/airflow/dags/extract_data.py for tasks to queue
[2026-03-31T09:51:45.654+0000] {logging_mixin.py:188} INFO - [2026-03-31T09:51:45.654+0000] {dagbag.py:545} INFO - Filling up the DagBag from /opt/airflow/dags/extract_data.py
[2026-03-31T09:51:45.673+0000] {processor.py:842} WARNING - No viable dags retrieved from /opt/airflow/dags/extract_data.py
[2026-03-31T09:51:45.685+0000] {processor.py:183} INFO - Processing /opt/airflow/dags/extract_data.py took 0.040 seconds
[2026-03-31T09:52:16.441+0000] {processor.py:161} INFO - Started process (PID=1435) to work on /opt/airflow/dags/extract_data.py
[2026-03-31T09:52:16.443+0000] {processor.py:830} INFO - Processing file /opt/airflow/dags/extract_data.py for tasks to queue
[2026-03-31T09:52:16.445+0000] {logging_mixin.py:188} INFO - [2026-03-31T09:52:16.445+0000] {dagbag.py:545} INFO - Filling up the DagBag from /opt/airflow/dags/extract_data.py
[2026-03-31T09:52:16.472+0000] {processor.py:842} WARNING - No viable dags retrieved from /opt/airflow/dags/extract_data.py
[2026-03-31T09:52:16.489+0000] {processor.py:183} INFO - Processing /opt/airflow/dags/extract_data.py took 0.056 seconds
[2026-03-31T09:52:47.143+0000] {processor.py:161} INFO - Started process (PID=1461) to work on /opt/airflow/dags/extract_data.py
[2026-03-31T09:52:47.144+0000] {processor.py:830} INFO - Processing file /opt/airflow/dags/extract_data.py for tasks to queue
[2026-03-31T09:52:47.146+0000] {logging_mixin.py:188} INFO - [2026-03-31T09:52:47.146+0000] {dagbag.py:545} INFO - Filling up the DagBag from /opt/airflow/dags/extract_data.py
[2026-03-31T09:52:47.158+0000] {processor.py:842} WARNING - No viable dags retrieved from /opt/airflow/dags/extract_data.py
[2026-03-31T09:52:47.171+0000] {processor.py:183} INFO - Processing /opt/airflow/dags/extract_data.py took 0.034 seconds
[2026-03-31T09:53:17.920+0000] {processor.py:161} INFO - Started process (PID=1487) to work on /opt/airflow/dags/extract_data.py
[2026-03-31T09:53:17.921+0000] {processor.py:830} INFO - Processing file /opt/airflow/dags/extract_data.py for tasks to queue
[2026-03-31T09:53:17.924+0000] {logging_mixin.py:188} INFO - [2026-03-31T09:53:17.923+0000] {dagbag.py:545} INFO - Filling up the DagBag from /opt/airflow/dags/extract_data.py
[2026-03-31T09:53:17.946+0000] {processor.py:842} WARNING - No viable dags retrieved from /opt/airflow/dags/extract_data.py
[2026-03-31T09:53:17.961+0000] {processor.py:183} INFO - Processing /opt/airflow/dags/extract_data.py took 0.047 seconds
[2026-03-31T09:53:48.676+0000] {processor.py:161} INFO - Started process (PID=1513) to work on /opt/airflow/dags/extract_data.py
[2026-03-31T09:53:48.677+0000] {processor.py:830} INFO - Processing file /opt/airflow/dags/extract_data.py for tasks to queue
[2026-03-31T09:53:48.679+0000] {logging_mixin.py:188} INFO - [2026-03-31T09:53:48.679+0000] {dagbag.py:545} INFO - Filling up the DagBag from /opt/airflow/dags/extract_data.py
[2026-03-31T09:53:48.692+0000] {processor.py:842} WARNING - No viable dags retrieved from /opt/airflow/dags/extract_data.py
[2026-03-31T09:53:48.704+0000] {processor.py:183} INFO - Processing /opt/airflow/dags/extract_data.py took 0.033 seconds
[2026-03-31T09:54:19.376+0000] {processor.py:161} INFO - Started process (PID=1539) to work on /opt/airflow/dags/extract_data.py
[2026-03-31T09:54:19.377+0000] {processor.py:830} INFO - Processing file /opt/airflow/dags/extract_data.py for tasks to queue
[2026-03-31T09:54:19.379+0000] {logging_mixin.py:188} INFO - [2026-03-31T09:54:19.379+0000] {dagbag.py:545} INFO - Filling up the DagBag from /opt/airflow/dags/extract_data.py
[2026-03-31T09:54:19.393+0000] {processor.py:842} WARNING - No viable dags retrieved from /opt/airflow/dags/extract_data.py
[2026-03-31T09:54:19.406+0000] {processor.py:183} INFO - Processing /opt/airflow/dags/extract_data.py took 0.036 seconds
[2026-03-31T09:54:50.072+0000] {processor.py:161} INFO - Started process (PID=1565) to work on /opt/airflow/dags/extract_data.py
[2026-03-31T09:54:50.073+0000] {processor.py:830} INFO - Processing file /opt/airflow/dags/extract_data.py for tasks to queue
[2026-03-31T09:54:50.075+0000] {logging_mixin.py:188} INFO - [2026-03-31T09:54:50.075+0000] {dagbag.py:545} INFO - Filling up the DagBag from /opt/airflow/dags/extract_data.py
[2026-03-31T09:54:50.093+0000] {processor.py:842} WARNING - No viable dags retrieved from /opt/airflow/dags/extract_data.py
[2026-03-31T09:54:50.112+0000] {processor.py:183} INFO - Processing /opt/airflow/dags/extract_data.py took 0.048 seconds
[2026-03-31T09:55:20.776+0000] {processor.py:161} INFO - Started process (PID=1591) to work on /opt/airflow/dags/extract_data.py
[2026-03-31T09:55:20.778+0000] {processor.py:830} INFO - Processing file /opt/airflow/dags/extract_data.py for tasks to queue
[2026-03-31T09:55:20.780+0000] {logging_mixin.py:188} INFO - [2026-03-31T09:55:20.780+0000] {dagbag.py:545} INFO - Filling up the DagBag from /opt/airflow/dags/extract_data.py
[2026-03-31T09:55:20.792+0000] {processor.py:842} WARNING - No viable dags retrieved from /opt/airflow/dags/extract_data.py
[2026-03-31T09:55:20.810+0000] {processor.py:183} INFO - Processing /opt/airflow/dags/extract_data.py took 0.041 seconds
[2026-03-31T09:55:51.517+0000] {processor.py:161} INFO - Started process (PID=1617) to work on /opt/airflow/dags/extract_data.py
[2026-03-31T09:55:51.518+0000] {processor.py:830} INFO - Processing file /opt/airflow/dags/extract_data.py for tasks to queue
[2026-03-31T09:55:51.520+0000] {logging_mixin.py:188} INFO - [2026-03-31T09:55:51.520+0000] {dagbag.py:545} INFO - Filling up the DagBag from /opt/airflow/dags/extract_data.py
[2026-03-31T09:55:51.536+0000] {processor.py:842} WARNING - No viable dags retrieved from /opt/airflow/dags/extract_data.py
[2026-03-31T09:55:51.548+0000] {processor.py:183} INFO - Processing /opt/airflow/dags/extract_data.py took 0.038 seconds
[2026-03-31T09:56:22.193+0000] {processor.py:161} INFO - Started process (PID=1643) to work on /opt/airflow/dags/extract_data.py
[2026-03-31T09:56:22.195+0000] {processor.py:830} INFO - Processing file /opt/airflow/dags/extract_data.py for tasks to queue
[2026-03-31T09:56:22.197+0000] {logging_mixin.py:188} INFO - [2026-03-31T09:56:22.197+0000] {dagbag.py:545} INFO - Filling up the DagBag from /opt/airflow/dags/extract_data.py
[2026-03-31T09:56:22.209+0000] {processor.py:842} WARNING - No viable dags retrieved from /opt/airflow/dags/extract_data.py
[2026-03-31T09:56:22.222+0000] {processor.py:183} INFO - Processing /opt/airflow/dags/extract_data.py took 0.035 seconds
[2026-03-31T09:56:52.835+0000] {processor.py:161} INFO - Started process (PID=1669) to work on /opt/airflow/dags/extract_data.py
[2026-03-31T09:56:52.836+0000] {processor.py:830} INFO - Processing file /opt/airflow/dags/extract_data.py for tasks to queue
[2026-03-31T09:56:52.839+0000] {logging_mixin.py:188} INFO - [2026-03-31T09:56:52.839+0000] {dagbag.py:545} INFO - Filling up the DagBag from /opt/airflow/dags/extract_data.py
[2026-03-31T09:56:52.856+0000] {processor.py:842} WARNING - No viable dags retrieved from /opt/airflow/dags/extract_data.py
[2026-03-31T09:56:52.870+0000] {processor.py:183} INFO - Processing /opt/airflow/dags/extract_data.py took 0.040 seconds
[2026-03-31T09:57:23.656+0000] {processor.py:161} INFO - Started process (PID=1695) to work on /opt/airflow/dags/extract_data.py
[2026-03-31T09:57:23.658+0000] {processor.py:830} INFO - Processing file /opt/airflow/dags/extract_data.py for tasks to queue
[2026-03-31T09:57:23.660+0000] {logging_mixin.py:188} INFO - [2026-03-31T09:57:23.660+0000] {dagbag.py:545} INFO - Filling up the DagBag from /opt/airflow/dags/extract_data.py
[2026-03-31T09:57:23.679+0000] {processor.py:842} WARNING - No viable dags retrieved from /opt/airflow/dags/extract_data.py
[2026-03-31T09:57:23.693+0000] {processor.py:183} INFO - Processing /opt/airflow/dags/extract_data.py took 0.044 seconds
[2026-03-31T09:57:54.254+0000] {processor.py:161} INFO - Started process (PID=1721) to work on /opt/airflow/dags/extract_data.py
[2026-03-31T09:57:54.255+0000] {processor.py:830} INFO - Processing file /opt/airflow/dags/extract_data.py for tasks to queue
[2026-03-31T09:57:54.259+0000] {logging_mixin.py:188} INFO - [2026-03-31T09:57:54.258+0000] {dagbag.py:545} INFO - Filling up the DagBag from /opt/airflow/dags/extract_data.py
[2026-03-31T09:57:54.278+0000] {processor.py:842} WARNING - No viable dags retrieved from /opt/airflow/dags/extract_data.py
[2026-03-31T09:57:54.294+0000] {processor.py:183} INFO - Processing /opt/airflow/dags/extract_data.py took 0.046 seconds
[2026-03-31T09:58:24.406+0000] {processor.py:161} INFO - Started process (PID=1747) to work on /opt/airflow/dags/extract_data.py
[2026-03-31T09:58:24.407+0000] {processor.py:830} INFO - Processing file /opt/airflow/dags/extract_data.py for tasks to queue
[2026-03-31T09:58:24.409+0000] {logging_mixin.py:188} INFO - [2026-03-31T09:58:24.409+0000] {dagbag.py:545} INFO - Filling up the DagBag from /opt/airflow/dags/extract_data.py
[2026-03-31T09:58:24.442+0000] {processor.py:842} WARNING - No viable dags retrieved from /opt/airflow/dags/extract_data.py
[2026-03-31T09:58:24.455+0000] {processor.py:183} INFO - Processing /opt/airflow/dags/extract_data.py took 0.055 seconds
[2026-03-31T09:58:55.263+0000] {processor.py:161} INFO - Started process (PID=1773) to work on /opt/airflow/dags/extract_data.py
[2026-03-31T09:58:55.437+0000] {processor.py:830} INFO - Processing file /opt/airflow/dags/extract_data.py for tasks to queue
[2026-03-31T09:58:55.440+0000] {logging_mixin.py:188} INFO - [2026-03-31T09:58:55.439+0000] {dagbag.py:545} INFO - Filling up the DagBag from /opt/airflow/dags/extract_data.py
[2026-03-31T09:58:55.485+0000] {processor.py:842} WARNING - No viable dags retrieved from /opt/airflow/dags/extract_data.py
[2026-03-31T09:58:55.506+0000] {processor.py:183} INFO - Processing /opt/airflow/dags/extract_data.py took 0.252 seconds
[2026-03-31T09:59:26.138+0000] {processor.py:161} INFO - Started process (PID=1799) to work on /opt/airflow/dags/extract_data.py
[2026-03-31T09:59:26.140+0000] {processor.py:830} INFO - Processing file /opt/airflow/dags/extract_data.py for tasks to queue
[2026-03-31T09:59:26.142+0000] {logging_mixin.py:188} INFO - [2026-03-31T09:59:26.142+0000] {dagbag.py:545} INFO - Filling up the DagBag from /opt/airflow/dags/extract_data.py
[2026-03-31T09:59:26.160+0000] {processor.py:842} WARNING - No viable dags retrieved from /opt/airflow/dags/extract_data.py
[2026-03-31T09:59:26.177+0000] {processor.py:183} INFO - Processing /opt/airflow/dags/extract_data.py took 0.058 seconds
[2026-03-31T09:59:56.786+0000] {processor.py:161} INFO - Started process (PID=1825) to work on /opt/airflow/dags/extract_data.py
[2026-03-31T09:59:56.788+0000] {processor.py:830} INFO - Processing file /opt/airflow/dags/extract_data.py for tasks to queue
[2026-03-31T09:59:56.790+0000] {logging_mixin.py:188} INFO - [2026-03-31T09:59:56.790+0000] {dagbag.py:545} INFO - Filling up the DagBag from /opt/airflow/dags/extract_data.py
[2026-03-31T09:59:56.814+0000] {processor.py:842} WARNING - No viable dags retrieved from /opt/airflow/dags/extract_data.py
[2026-03-31T09:59:56.829+0000] {processor.py:183} INFO - Processing /opt/airflow/dags/extract_data.py took 0.049 seconds
[2026-03-31T10:00:27.522+0000] {processor.py:161} INFO - Started process (PID=1851) to work on /opt/airflow/dags/extract_data.py
[2026-03-31T10:00:27.523+0000] {processor.py:830} INFO - Processing file /opt/airflow/dags/extract_data.py for tasks to queue
[2026-03-31T10:00:27.525+0000] {logging_mixin.py:188} INFO - [2026-03-31T10:00:27.525+0000] {dagbag.py:545} INFO - Filling up the DagBag from /opt/airflow/dags/extract_data.py
[2026-03-31T10:00:27.543+0000] {processor.py:842} WARNING - No viable dags retrieved from /opt/airflow/dags/extract_data.py
[2026-03-31T10:00:27.555+0000] {processor.py:183} INFO - Processing /opt/airflow/dags/extract_data.py took 0.040 seconds
[2026-03-31T10:00:58.192+0000] {processor.py:161} INFO - Started process (PID=1877) to work on /opt/airflow/dags/extract_data.py
[2026-03-31T10:00:58.193+0000] {processor.py:830} INFO - Processing file /opt/airflow/dags/extract_data.py for tasks to queue
[2026-03-31T10:00:58.195+0000] {logging_mixin.py:188} INFO - [2026-03-31T10:00:58.195+0000] {dagbag.py:545} INFO - Filling up the DagBag from /opt/airflow/dags/extract_data.py
[2026-03-31T10:00:58.210+0000] {processor.py:842} WARNING - No viable dags retrieved from /opt/airflow/dags/extract_data.py
[2026-03-31T10:00:58.226+0000] {processor.py:183} INFO - Processing /opt/airflow/dags/extract_data.py took 0.041 seconds
[2026-03-31T10:01:28.852+0000] {processor.py:161} INFO - Started process (PID=1903) to work on /opt/airflow/dags/extract_data.py
[2026-03-31T10:01:28.854+0000] {processor.py:830} INFO - Processing file /opt/airflow/dags/extract_data.py for tasks to queue
[2026-03-31T10:01:28.856+0000] {logging_mixin.py:188} INFO - [2026-03-31T10:01:28.856+0000] {dagbag.py:545} INFO - Filling up the DagBag from /opt/airflow/dags/extract_data.py
[2026-03-31T10:01:28.882+0000] {processor.py:842} WARNING - No viable dags retrieved from /opt/airflow/dags/extract_data.py
[2026-03-31T10:01:28.898+0000] {processor.py:183} INFO - Processing /opt/airflow/dags/extract_data.py took 0.054 seconds
[2026-03-31T10:01:59.490+0000] {processor.py:161} INFO - Started process (PID=1930) to work on /opt/airflow/dags/extract_data.py
[2026-03-31T10:01:59.491+0000] {processor.py:830} INFO - Processing file /opt/airflow/dags/extract_data.py for tasks to queue
[2026-03-31T10:01:59.493+0000] {logging_mixin.py:188} INFO - [2026-03-31T10:01:59.493+0000] {dagbag.py:545} INFO - Filling up the DagBag from /opt/airflow/dags/extract_data.py
[2026-03-31T10:01:59.510+0000] {processor.py:842} WARNING - No viable dags retrieved from /opt/airflow/dags/extract_data.py
[2026-03-31T10:01:59.524+0000] {processor.py:183} INFO - Processing /opt/airflow/dags/extract_data.py took 0.041 seconds
[2026-03-31T10:02:30.084+0000] {processor.py:161} INFO - Started process (PID=1957) to work on /opt/airflow/dags/extract_data.py
[2026-03-31T10:02:30.085+0000] {processor.py:830} INFO - Processing file /opt/airflow/dags/extract_data.py for tasks to queue
[2026-03-31T10:02:30.087+0000] {logging_mixin.py:188} INFO - [2026-03-31T10:02:30.087+0000] {dagbag.py:545} INFO - Filling up the DagBag from /opt/airflow/dags/extract_data.py
[2026-03-31T10:02:30.101+0000] {processor.py:842} WARNING - No viable dags retrieved from /opt/airflow/dags/extract_data.py
[2026-03-31T10:02:30.115+0000] {processor.py:183} INFO - Processing /opt/airflow/dags/extract_data.py took 0.037 seconds
[2026-03-31T10:03:00.814+0000] {processor.py:161} INFO - Started process (PID=1983) to work on /opt/airflow/dags/extract_data.py
[2026-03-31T10:03:00.815+0000] {processor.py:830} INFO - Processing file /opt/airflow/dags/extract_data.py for tasks to queue
[2026-03-31T10:03:00.817+0000] {logging_mixin.py:188} INFO - [2026-03-31T10:03:00.817+0000] {dagbag.py:545} INFO - Filling up the DagBag from /opt/airflow/dags/extract_data.py
[2026-03-31T10:03:00.837+0000] {processor.py:842} WARNING - No viable dags retrieved from /opt/airflow/dags/extract_data.py
[2026-03-31T10:03:00.850+0000] {processor.py:183} INFO - Processing /opt/airflow/dags/extract_data.py took 0.043 seconds
[2026-03-31T10:03:31.703+0000] {processor.py:161} INFO - Started process (PID=2009) to work on /opt/airflow/dags/extract_data.py
[2026-03-31T10:03:31.704+0000] {processor.py:830} INFO - Processing file /opt/airflow/dags/extract_data.py for tasks to queue
[2026-03-31T10:03:31.705+0000] {logging_mixin.py:188} INFO - [2026-03-31T10:03:31.705+0000] {dagbag.py:545} INFO - Filling up the DagBag from /opt/airflow/dags/extract_data.py
[2026-03-31T10:03:31.716+0000] {processor.py:842} WARNING - No viable dags retrieved from /opt/airflow/dags/extract_data.py
[2026-03-31T10:03:31.729+0000] {processor.py:183} INFO - Processing /opt/airflow/dags/extract_data.py took 0.031 seconds
[2026-03-31T10:04:02.497+0000] {processor.py:161} INFO - Started process (PID=2035) to work on /opt/airflow/dags/extract_data.py
[2026-03-31T10:04:02.498+0000] {processor.py:830} INFO - Processing file /opt/airflow/dags/extract_data.py for tasks to queue
[2026-03-31T10:04:02.500+0000] {logging_mixin.py:188} INFO - [2026-03-31T10:04:02.500+0000] {dagbag.py:545} INFO - Filling up the DagBag from /opt/airflow/dags/extract_data.py
[2026-03-31T10:04:02.514+0000] {processor.py:842} WARNING - No viable dags retrieved from /opt/airflow/dags/extract_data.py
[2026-03-31T10:04:02.526+0000] {processor.py:183} INFO - Processing /opt/airflow/dags/extract_data.py took 0.035 seconds
[2026-03-31T10:04:33.330+0000] {processor.py:161} INFO - Started process (PID=2061) to work on /opt/airflow/dags/extract_data.py
[2026-03-31T10:04:33.331+0000] {processor.py:830} INFO - Processing file /opt/airflow/dags/extract_data.py for tasks to queue
[2026-03-31T10:04:33.334+0000] {logging_mixin.py:188} INFO - [2026-03-31T10:04:33.333+0000] {dagbag.py:545} INFO - Filling up the DagBag from /opt/airflow/dags/extract_data.py
[2026-03-31T10:04:33.349+0000] {processor.py:842} WARNING - No viable dags retrieved from /opt/airflow/dags/extract_data.py
[2026-03-31T10:04:33.363+0000] {processor.py:183} INFO - Processing /opt/airflow/dags/extract_data.py took 0.039 seconds
[2026-03-31T10:05:04.130+0000] {processor.py:161} INFO - Started process (PID=2087) to work on /opt/airflow/dags/extract_data.py
[2026-03-31T10:05:04.131+0000] {processor.py:830} INFO - Processing file /opt/airflow/dags/extract_data.py for tasks to queue
[2026-03-31T10:05:04.133+0000] {logging_mixin.py:188} INFO - [2026-03-31T10:05:04.133+0000] {dagbag.py:545} INFO - Filling up the DagBag from /opt/airflow/dags/extract_data.py
[2026-03-31T10:05:04.150+0000] {processor.py:842} WARNING - No viable dags retrieved from /opt/airflow/dags/extract_data.py
[2026-03-31T10:05:04.165+0000] {processor.py:183} INFO - Processing /opt/airflow/dags/extract_data.py took 0.042 seconds
[2026-03-31T10:05:34.961+0000] {processor.py:161} INFO - Started process (PID=2113) to work on /opt/airflow/dags/extract_data.py
[2026-03-31T10:05:34.962+0000] {processor.py:830} INFO - Processing file /opt/airflow/dags/extract_data.py for tasks to queue
[2026-03-31T10:05:34.965+0000] {logging_mixin.py:188} INFO - [2026-03-31T10:05:34.964+0000] {dagbag.py:545} INFO - Filling up the DagBag from /opt/airflow/dags/extract_data.py
[2026-03-31T10:05:34.982+0000] {processor.py:842} WARNING - No viable dags retrieved from /opt/airflow/dags/extract_data.py
[2026-03-31T10:05:35.002+0000] {processor.py:183} INFO - Processing /opt/airflow/dags/extract_data.py took 0.048 seconds
[2026-03-31T10:06:05.749+0000] {processor.py:161} INFO - Started process (PID=2139) to work on /opt/airflow/dags/extract_data.py
[2026-03-31T10:06:05.751+0000] {processor.py:830} INFO - Processing file /opt/airflow/dags/extract_data.py for tasks to queue
[2026-03-31T10:06:05.753+0000] {logging_mixin.py:188} INFO - [2026-03-31T10:06:05.753+0000] {dagbag.py:545} INFO - Filling up the DagBag from /opt/airflow/dags/extract_data.py
[2026-03-31T10:06:05.779+0000] {processor.py:842} WARNING - No viable dags retrieved from /opt/airflow/dags/extract_data.py
[2026-03-31T10:06:05.795+0000] {processor.py:183} INFO - Processing /opt/airflow/dags/extract_data.py took 0.052 seconds
[2026-03-31T10:06:36.477+0000] {processor.py:161} INFO - Started process (PID=2165) to work on /opt/airflow/dags/extract_data.py
[2026-03-31T10:06:36.478+0000] {processor.py:830} INFO - Processing file /opt/airflow/dags/extract_data.py for tasks to queue
[2026-03-31T10:06:36.481+0000] {logging_mixin.py:188} INFO - [2026-03-31T10:06:36.481+0000] {dagbag.py:545} INFO - Filling up the DagBag from /opt/airflow/dags/extract_data.py
[2026-03-31T10:06:36.499+0000] {processor.py:842} WARNING - No viable dags retrieved from /opt/airflow/dags/extract_data.py
[2026-03-31T10:06:36.511+0000] {processor.py:183} INFO - Processing /opt/airflow/dags/extract_data.py took 0.041 seconds
[2026-03-31T10:07:07.241+0000] {processor.py:161} INFO - Started process (PID=2191) to work on /opt/airflow/dags/extract_data.py
[2026-03-31T10:07:07.242+0000] {processor.py:830} INFO - Processing file /opt/airflow/dags/extract_data.py for tasks to queue
[2026-03-31T10:07:07.244+0000] {logging_mixin.py:188} INFO - [2026-03-31T10:07:07.244+0000] {dagbag.py:545} INFO - Filling up the DagBag from /opt/airflow/dags/extract_data.py
[2026-03-31T10:07:07.264+0000] {processor.py:842} WARNING - No viable dags retrieved from /opt/airflow/dags/extract_data.py
[2026-03-31T10:07:07.284+0000] {processor.py:183} INFO - Processing /opt/airflow/dags/extract_data.py took 0.050 seconds
[2026-03-31T10:07:38.033+0000] {processor.py:161} INFO - Started process (PID=2217) to work on /opt/airflow/dags/extract_data.py
[2026-03-31T10:07:38.035+0000] {processor.py:830} INFO - Processing file /opt/airflow/dags/extract_data.py for tasks to queue
[2026-03-31T10:07:38.036+0000] {logging_mixin.py:188} INFO - [2026-03-31T10:07:38.036+0000] {dagbag.py:545} INFO - Filling up the DagBag from /opt/airflow/dags/extract_data.py
[2026-03-31T10:07:38.053+0000] {processor.py:842} WARNING - No viable dags retrieved from /opt/airflow/dags/extract_data.py
[2026-03-31T10:07:38.067+0000] {processor.py:183} INFO - Processing /opt/airflow/dags/extract_data.py took 0.040 seconds
[2026-03-31T10:08:08.841+0000] {processor.py:161} INFO - Started process (PID=2243) to work on /opt/airflow/dags/extract_data.py
[2026-03-31T10:08:08.842+0000] {processor.py:830} INFO - Processing file /opt/airflow/dags/extract_data.py for tasks to queue
[2026-03-31T10:08:08.844+0000] {logging_mixin.py:188} INFO - [2026-03-31T10:08:08.844+0000] {dagbag.py:545} INFO - Filling up the DagBag from /opt/airflow/dags/extract_data.py
[2026-03-31T10:08:08.872+0000] {processor.py:842} WARNING - No viable dags retrieved from /opt/airflow/dags/extract_data.py
[2026-03-31T10:08:08.886+0000] {processor.py:183} INFO - Processing /opt/airflow/dags/extract_data.py took 0.052 seconds
[2026-03-31T10:08:39.611+0000] {processor.py:161} INFO - Started process (PID=2270) to work on /opt/airflow/dags/extract_data.py
[2026-03-31T10:08:39.612+0000] {processor.py:830} INFO - Processing file /opt/airflow/dags/extract_data.py for tasks to queue
[2026-03-31T10:08:39.614+0000] {logging_mixin.py:188} INFO - [2026-03-31T10:08:39.614+0000] {dagbag.py:545} INFO - Filling up the DagBag from /opt/airflow/dags/extract_data.py
[2026-03-31T10:08:39.628+0000] {processor.py:842} WARNING - No viable dags retrieved from /opt/airflow/dags/extract_data.py
[2026-03-31T10:08:39.642+0000] {processor.py:183} INFO - Processing /opt/airflow/dags/extract_data.py took 0.038 seconds
[2026-03-31T10:09:10.333+0000] {processor.py:161} INFO - Started process (PID=2296) to work on /opt/airflow/dags/extract_data.py
[2026-03-31T10:09:10.334+0000] {processor.py:830} INFO - Processing file /opt/airflow/dags/extract_data.py for tasks to queue
[2026-03-31T10:09:10.336+0000] {logging_mixin.py:188} INFO - [2026-03-31T10:09:10.336+0000] {dagbag.py:545} INFO - Filling up the DagBag from /opt/airflow/dags/extract_data.py
[2026-03-31T10:09:10.361+0000] {processor.py:842} WARNING - No viable dags retrieved from /opt/airflow/dags/extract_data.py
[2026-03-31T10:09:10.375+0000] {processor.py:183} INFO - Processing /opt/airflow/dags/extract_data.py took 0.048 seconds
[2026-03-31T10:09:41.047+0000] {processor.py:161} INFO - Started process (PID=2322) to work on /opt/airflow/dags/extract_data.py
[2026-03-31T10:09:41.049+0000] {processor.py:830} INFO - Processing file /opt/airflow/dags/extract_data.py for tasks to queue
[2026-03-31T10:09:41.051+0000] {logging_mixin.py:188} INFO - [2026-03-31T10:09:41.051+0000] {dagbag.py:545} INFO - Filling up the DagBag from /opt/airflow/dags/extract_data.py
[2026-03-31T10:09:41.076+0000] {processor.py:842} WARNING - No viable dags retrieved from /opt/airflow/dags/extract_data.py
[2026-03-31T10:09:41.089+0000] {processor.py:183} INFO - Processing /opt/airflow/dags/extract_data.py took 0.048 seconds
[2026-03-31T10:10:11.756+0000] {processor.py:161} INFO - Started process (PID=2348) to work on /opt/airflow/dags/extract_data.py
[2026-03-31T10:10:11.758+0000] {processor.py:830} INFO - Processing file /opt/airflow/dags/extract_data.py for tasks to queue
[2026-03-31T10:10:11.760+0000] {logging_mixin.py:188} INFO - [2026-03-31T10:10:11.760+0000] {dagbag.py:545} INFO - Filling up the DagBag from /opt/airflow/dags/extract_data.py
[2026-03-31T10:10:11.772+0000] {processor.py:842} WARNING - No viable dags retrieved from /opt/airflow/dags/extract_data.py
[2026-03-31T10:10:11.785+0000] {processor.py:183} INFO - Processing /opt/airflow/dags/extract_data.py took 0.035 seconds
[2026-03-31T10:10:42.543+0000] {processor.py:161} INFO - Started process (PID=2374) to work on /opt/airflow/dags/extract_data.py
[2026-03-31T10:10:42.545+0000] {processor.py:830} INFO - Processing file /opt/airflow/dags/extract_data.py for tasks to queue
[2026-03-31T10:10:42.547+0000] {logging_mixin.py:188} INFO - [2026-03-31T10:10:42.547+0000] {dagbag.py:545} INFO - Filling up the DagBag from /opt/airflow/dags/extract_data.py
[2026-03-31T10:10:42.560+0000] {processor.py:842} WARNING - No viable dags retrieved from /opt/airflow/dags/extract_data.py
[2026-03-31T10:10:42.572+0000] {processor.py:183} INFO - Processing /opt/airflow/dags/extract_data.py took 0.035 seconds
[2026-03-31T10:11:13.429+0000] {processor.py:161} INFO - Started process (PID=2400) to work on /opt/airflow/dags/extract_data.py
[2026-03-31T10:11:13.431+0000] {processor.py:830} INFO - Processing file /opt/airflow/dags/extract_data.py for tasks to queue
[2026-03-31T10:11:13.434+0000] {logging_mixin.py:188} INFO - [2026-03-31T10:11:13.433+0000] {dagbag.py:545} INFO - Filling up the DagBag from /opt/airflow/dags/extract_data.py
[2026-03-31T10:11:13.456+0000] {processor.py:842} WARNING - No viable dags retrieved from /opt/airflow/dags/extract_data.py
[2026-03-31T10:11:13.477+0000] {processor.py:183} INFO - Processing /opt/airflow/dags/extract_data.py took 0.056 seconds
[2026-03-31T10:11:44.177+0000] {processor.py:161} INFO - Started process (PID=2426) to work on /opt/airflow/dags/extract_data.py
[2026-03-31T10:11:44.179+0000] {processor.py:830} INFO - Processing file /opt/airflow/dags/extract_data.py for tasks to queue
[2026-03-31T10:11:44.181+0000] {logging_mixin.py:188} INFO - [2026-03-31T10:11:44.181+0000] {dagbag.py:545} INFO - Filling up the DagBag from /opt/airflow/dags/extract_data.py
[2026-03-31T10:11:44.206+0000] {processor.py:842} WARNING - No viable dags retrieved from /opt/airflow/dags/extract_data.py
[2026-03-31T10:11:44.219+0000] {processor.py:183} INFO - Processing /opt/airflow/dags/extract_data.py took 0.048 seconds
[2026-03-31T10:12:14.891+0000] {processor.py:161} INFO - Started process (PID=2458) to work on /opt/airflow/dags/extract_data.py
[2026-03-31T10:12:14.893+0000] {processor.py:830} INFO - Processing file /opt/airflow/dags/extract_data.py for tasks to queue
[2026-03-31T10:12:14.895+0000] {logging_mixin.py:188} INFO - [2026-03-31T10:12:14.894+0000] {dagbag.py:545} INFO - Filling up the DagBag from /opt/airflow/dags/extract_data.py
[2026-03-31T10:12:14.911+0000] {processor.py:842} WARNING - No viable dags retrieved from /opt/airflow/dags/extract_data.py
[2026-03-31T10:12:14.924+0000] {processor.py:183} INFO - Processing /opt/airflow/dags/extract_data.py took 0.039 seconds
[2026-03-31T10:12:45.725+0000] {processor.py:161} INFO - Started process (PID=2484) to work on /opt/airflow/dags/extract_data.py
[2026-03-31T10:12:45.726+0000] {processor.py:830} INFO - Processing file /opt/airflow/dags/extract_data.py for tasks to queue
[2026-03-31T10:12:45.729+0000] {logging_mixin.py:188} INFO - [2026-03-31T10:12:45.729+0000] {dagbag.py:545} INFO - Filling up the DagBag from /opt/airflow/dags/extract_data.py
[2026-03-31T10:12:45.745+0000] {processor.py:842} WARNING - No viable dags retrieved from /opt/airflow/dags/extract_data.py
[2026-03-31T10:12:45.758+0000] {processor.py:183} INFO - Processing /opt/airflow/dags/extract_data.py took 0.038 seconds
[2026-03-31T10:13:16.736+0000] {processor.py:161} INFO - Started process (PID=2510) to work on /opt/airflow/dags/extract_data.py
[2026-03-31T10:13:16.737+0000] {processor.py:830} INFO - Processing file /opt/airflow/dags/extract_data.py for tasks to queue
[2026-03-31T10:13:16.739+0000] {logging_mixin.py:188} INFO - [2026-03-31T10:13:16.739+0000] {dagbag.py:545} INFO - Filling up the DagBag from /opt/airflow/dags/extract_data.py
[2026-03-31T10:13:16.750+0000] {processor.py:842} WARNING - No viable dags retrieved from /opt/airflow/dags/extract_data.py
[2026-03-31T10:13:16.762+0000] {processor.py:183} INFO - Processing /opt/airflow/dags/extract_data.py took 0.032 seconds
[2026-03-31T10:13:47.463+0000] {processor.py:161} INFO - Started process (PID=2536) to work on /opt/airflow/dags/extract_data.py
[2026-03-31T10:13:47.464+0000] {processor.py:830} INFO - Processing file /opt/airflow/dags/extract_data.py for tasks to queue
[2026-03-31T10:13:47.466+0000] {logging_mixin.py:188} INFO - [2026-03-31T10:13:47.466+0000] {dagbag.py:545} INFO - Filling up the DagBag from /opt/airflow/dags/extract_data.py
[2026-03-31T10:13:47.477+0000] {processor.py:842} WARNING - No viable dags retrieved from /opt/airflow/dags/extract_data.py
[2026-03-31T10:13:47.490+0000] {processor.py:183} INFO - Processing /opt/airflow/dags/extract_data.py took 0.032 seconds
[2026-03-31T10:14:18.196+0000] {processor.py:161} INFO - Started process (PID=2562) to work on /opt/airflow/dags/extract_data.py
[2026-03-31T10:14:18.197+0000] {processor.py:830} INFO - Processing file /opt/airflow/dags/extract_data.py for tasks to queue
[2026-03-31T10:14:18.200+0000] {logging_mixin.py:188} INFO - [2026-03-31T10:14:18.199+0000] {dagbag.py:545} INFO - Filling up the DagBag from /opt/airflow/dags/extract_data.py
[2026-03-31T10:14:18.213+0000] {processor.py:842} WARNING - No viable dags retrieved from /opt/airflow/dags/extract_data.py
[2026-03-31T10:14:18.226+0000] {processor.py:183} INFO - Processing /opt/airflow/dags/extract_data.py took 0.036 seconds
[2026-03-31T10:14:48.981+0000] {processor.py:161} INFO - Started process (PID=2588) to work on /opt/airflow/dags/extract_data.py
[2026-03-31T10:14:48.982+0000] {processor.py:830} INFO - Processing file /opt/airflow/dags/extract_data.py for tasks to queue
[2026-03-31T10:14:48.985+0000] {logging_mixin.py:188} INFO - [2026-03-31T10:14:48.984+0000] {dagbag.py:545} INFO - Filling up the DagBag from /opt/airflow/dags/extract_data.py
[2026-03-31T10:14:49.003+0000] {processor.py:842} WARNING - No viable dags retrieved from /opt/airflow/dags/extract_data.py
[2026-03-31T10:14:49.016+0000] {processor.py:183} INFO - Processing /opt/airflow/dags/extract_data.py took 0.042 seconds
[2026-03-31T10:15:19.714+0000] {processor.py:161} INFO - Started process (PID=2614) to work on /opt/airflow/dags/extract_data.py
[2026-03-31T10:15:19.715+0000] {processor.py:830} INFO - Processing file /opt/airflow/dags/extract_data.py for tasks to queue
[2026-03-31T10:15:19.717+0000] {logging_mixin.py:188} INFO - [2026-03-31T10:15:19.717+0000] {dagbag.py:545} INFO - Filling up the DagBag from /opt/airflow/dags/extract_data.py
[2026-03-31T10:15:19.737+0000] {processor.py:842} WARNING - No viable dags retrieved from /opt/airflow/dags/extract_data.py
[2026-03-31T10:15:19.752+0000] {processor.py:183} INFO - Processing /opt/airflow/dags/extract_data.py took 0.045 seconds
[2026-03-31T10:15:50.649+0000] {processor.py:161} INFO - Started process (PID=2640) to work on /opt/airflow/dags/extract_data.py
[2026-03-31T10:15:50.651+0000] {processor.py:830} INFO - Processing file /opt/airflow/dags/extract_data.py for tasks to queue
[2026-03-31T10:15:50.653+0000] {logging_mixin.py:188} INFO - [2026-03-31T10:15:50.653+0000] {dagbag.py:545} INFO - Filling up the DagBag from /opt/airflow/dags/extract_data.py
[2026-03-31T10:15:50.684+0000] {processor.py:842} WARNING - No viable dags retrieved from /opt/airflow/dags/extract_data.py
[2026-03-31T10:15:50.701+0000] {processor.py:183} INFO - Processing /opt/airflow/dags/extract_data.py took 0.061 seconds
[2026-03-31T10:16:12.645+0000] {processor.py:161} INFO - Started process (PID=2668) to work on /opt/airflow/dags/extract_data.py
[2026-03-31T10:16:12.647+0000] {processor.py:830} INFO - Processing file /opt/airflow/dags/extract_data.py for tasks to queue
[2026-03-31T10:16:12.648+0000] {logging_mixin.py:188} INFO - [2026-03-31T10:16:12.648+0000] {dagbag.py:545} INFO - Filling up the DagBag from /opt/airflow/dags/extract_data.py
[2026-03-31T10:16:12.679+0000] {processor.py:842} WARNING - No viable dags retrieved from /opt/airflow/dags/extract_data.py
[2026-03-31T10:16:12.698+0000] {processor.py:183} INFO - Processing /opt/airflow/dags/extract_data.py took 0.062 seconds
[2026-03-31T10:16:43.442+0000] {processor.py:161} INFO - Started process (PID=2694) to work on /opt/airflow/dags/extract_data.py
[2026-03-31T10:16:43.443+0000] {processor.py:830} INFO - Processing file /opt/airflow/dags/extract_data.py for tasks to queue
[2026-03-31T10:16:43.444+0000] {logging_mixin.py:188} INFO - [2026-03-31T10:16:43.444+0000] {dagbag.py:545} INFO - Filling up the DagBag from /opt/airflow/dags/extract_data.py
[2026-03-31T10:16:43.457+0000] {processor.py:842} WARNING - No viable dags retrieved from /opt/airflow/dags/extract_data.py
[2026-03-31T10:16:43.477+0000] {processor.py:183} INFO - Processing /opt/airflow/dags/extract_data.py took 0.047 seconds
