[2026-03-31T08:15:59.435+0000] {processor.py:161} INFO - Started process (PID=211) to work on /opt/airflow/dags/new_dags.py
[2026-03-31T08:15:59.437+0000] {processor.py:830} INFO - Processing file /opt/airflow/dags/new_dags.py for tasks to queue
[2026-03-31T08:15:59.442+0000] {logging_mixin.py:188} INFO - [2026-03-31T08:15:59.441+0000] {dagbag.py:545} INFO - Filling up the DagBag from /opt/airflow/dags/new_dags.py
[2026-03-31T08:15:59.524+0000] {processor.py:840} INFO - DAG(s) 'example_dag' retrieved from /opt/airflow/dags/new_dags.py
[2026-03-31T08:15:59.915+0000] {logging_mixin.py:188} INFO - [2026-03-31T08:15:59.914+0000] {dag.py:3096} INFO - Sync 1 DAGs
[2026-03-31T08:16:00.018+0000] {logging_mixin.py:188} INFO - [2026-03-31T08:16:00.018+0000] {dag.py:3954} INFO - Setting next_dagrun for example_dag to 2026-03-30 00:00:00+00:00, run_after=2026-03-31 00:00:00+00:00
[2026-03-31T08:16:00.181+0000] {processor.py:183} INFO - Processing /opt/airflow/dags/new_dags.py took 0.761 seconds
[2026-03-31T08:16:31.024+0000] {processor.py:161} INFO - Started process (PID=247) to work on /opt/airflow/dags/new_dags.py
[2026-03-31T08:16:31.026+0000] {processor.py:830} INFO - Processing file /opt/airflow/dags/new_dags.py for tasks to queue
[2026-03-31T08:16:31.030+0000] {logging_mixin.py:188} INFO - [2026-03-31T08:16:31.029+0000] {dagbag.py:545} INFO - Filling up the DagBag from /opt/airflow/dags/new_dags.py
[2026-03-31T08:16:31.091+0000] {processor.py:840} INFO - DAG(s) 'example_dag' retrieved from /opt/airflow/dags/new_dags.py
[2026-03-31T08:16:31.156+0000] {logging_mixin.py:188} INFO - [2026-03-31T08:16:31.155+0000] {dag.py:3096} INFO - Sync 1 DAGs
[2026-03-31T08:16:31.199+0000] {logging_mixin.py:188} INFO - [2026-03-31T08:16:31.198+0000] {dag.py:3954} INFO - Setting next_dagrun for example_dag to 2026-03-30 00:00:00+00:00, run_after=2026-03-31 00:00:00+00:00
[2026-03-31T08:16:31.235+0000] {processor.py:183} INFO - Processing /opt/airflow/dags/new_dags.py took 0.223 seconds
[2026-03-31T08:17:01.696+0000] {processor.py:161} INFO - Started process (PID=287) to work on /opt/airflow/dags/new_dags.py
[2026-03-31T08:17:01.697+0000] {processor.py:830} INFO - Processing file /opt/airflow/dags/new_dags.py for tasks to queue
[2026-03-31T08:17:01.699+0000] {logging_mixin.py:188} INFO - [2026-03-31T08:17:01.699+0000] {dagbag.py:545} INFO - Filling up the DagBag from /opt/airflow/dags/new_dags.py
[2026-03-31T08:17:01.723+0000] {processor.py:840} INFO - DAG(s) 'example_dag' retrieved from /opt/airflow/dags/new_dags.py
[2026-03-31T08:17:01.748+0000] {logging_mixin.py:188} INFO - [2026-03-31T08:17:01.748+0000] {dag.py:3096} INFO - Sync 1 DAGs
[2026-03-31T08:17:01.769+0000] {logging_mixin.py:188} INFO - [2026-03-31T08:17:01.768+0000] {dag.py:3954} INFO - Setting next_dagrun for example_dag to 2026-03-30 00:00:00+00:00, run_after=2026-03-31 00:00:00+00:00
[2026-03-31T08:17:01.796+0000] {processor.py:183} INFO - Processing /opt/airflow/dags/new_dags.py took 0.105 seconds
[2026-03-31T08:17:32.455+0000] {processor.py:161} INFO - Started process (PID=314) to work on /opt/airflow/dags/new_dags.py
[2026-03-31T08:17:32.456+0000] {processor.py:830} INFO - Processing file /opt/airflow/dags/new_dags.py for tasks to queue
[2026-03-31T08:17:32.460+0000] {logging_mixin.py:188} INFO - [2026-03-31T08:17:32.460+0000] {dagbag.py:545} INFO - Filling up the DagBag from /opt/airflow/dags/new_dags.py
[2026-03-31T08:17:32.484+0000] {processor.py:840} INFO - DAG(s) 'example_dag' retrieved from /opt/airflow/dags/new_dags.py
[2026-03-31T08:17:32.511+0000] {logging_mixin.py:188} INFO - [2026-03-31T08:17:32.511+0000] {dag.py:3096} INFO - Sync 1 DAGs
[2026-03-31T08:17:32.531+0000] {logging_mixin.py:188} INFO - [2026-03-31T08:17:32.531+0000] {dag.py:3954} INFO - Setting next_dagrun for example_dag to 2026-03-30 00:00:00+00:00, run_after=2026-03-31 00:00:00+00:00
[2026-03-31T08:17:32.555+0000] {processor.py:183} INFO - Processing /opt/airflow/dags/new_dags.py took 0.107 seconds
[2026-03-31T08:18:03.142+0000] {processor.py:161} INFO - Started process (PID=340) to work on /opt/airflow/dags/new_dags.py
[2026-03-31T08:18:03.144+0000] {processor.py:830} INFO - Processing file /opt/airflow/dags/new_dags.py for tasks to queue
[2026-03-31T08:18:03.146+0000] {logging_mixin.py:188} INFO - [2026-03-31T08:18:03.146+0000] {dagbag.py:545} INFO - Filling up the DagBag from /opt/airflow/dags/new_dags.py
[2026-03-31T08:18:03.202+0000] {processor.py:840} INFO - DAG(s) 'example_dag' retrieved from /opt/airflow/dags/new_dags.py
[2026-03-31T08:18:03.240+0000] {logging_mixin.py:188} INFO - [2026-03-31T08:18:03.240+0000] {dag.py:3096} INFO - Sync 1 DAGs
[2026-03-31T08:18:03.264+0000] {logging_mixin.py:188} INFO - [2026-03-31T08:18:03.264+0000] {dag.py:3954} INFO - Setting next_dagrun for example_dag to 2026-03-30 00:00:00+00:00, run_after=2026-03-31 00:00:00+00:00
[2026-03-31T08:18:03.292+0000] {processor.py:183} INFO - Processing /opt/airflow/dags/new_dags.py took 0.158 seconds
[2026-03-31T08:18:33.777+0000] {processor.py:161} INFO - Started process (PID=366) to work on /opt/airflow/dags/new_dags.py
[2026-03-31T08:18:33.778+0000] {processor.py:830} INFO - Processing file /opt/airflow/dags/new_dags.py for tasks to queue
[2026-03-31T08:18:33.779+0000] {logging_mixin.py:188} INFO - [2026-03-31T08:18:33.779+0000] {dagbag.py:545} INFO - Filling up the DagBag from /opt/airflow/dags/new_dags.py
[2026-03-31T08:18:33.798+0000] {processor.py:840} INFO - DAG(s) 'example_dag' retrieved from /opt/airflow/dags/new_dags.py
[2026-03-31T08:18:33.825+0000] {logging_mixin.py:188} INFO - [2026-03-31T08:18:33.825+0000] {dag.py:3096} INFO - Sync 1 DAGs
[2026-03-31T08:18:33.846+0000] {logging_mixin.py:188} INFO - [2026-03-31T08:18:33.846+0000] {dag.py:3954} INFO - Setting next_dagrun for example_dag to 2026-03-30 00:00:00+00:00, run_after=2026-03-31 00:00:00+00:00
[2026-03-31T08:18:33.870+0000] {processor.py:183} INFO - Processing /opt/airflow/dags/new_dags.py took 0.098 seconds
[2026-03-31T08:19:04.465+0000] {processor.py:161} INFO - Started process (PID=393) to work on /opt/airflow/dags/new_dags.py
[2026-03-31T08:19:04.466+0000] {processor.py:830} INFO - Processing file /opt/airflow/dags/new_dags.py for tasks to queue
[2026-03-31T08:19:04.468+0000] {logging_mixin.py:188} INFO - [2026-03-31T08:19:04.468+0000] {dagbag.py:545} INFO - Filling up the DagBag from /opt/airflow/dags/new_dags.py
[2026-03-31T08:19:04.487+0000] {processor.py:840} INFO - DAG(s) 'example_dag' retrieved from /opt/airflow/dags/new_dags.py
[2026-03-31T08:19:04.510+0000] {logging_mixin.py:188} INFO - [2026-03-31T08:19:04.510+0000] {dag.py:3096} INFO - Sync 1 DAGs
[2026-03-31T08:19:04.529+0000] {logging_mixin.py:188} INFO - [2026-03-31T08:19:04.528+0000] {dag.py:3954} INFO - Setting next_dagrun for example_dag to 2026-03-30 00:00:00+00:00, run_after=2026-03-31 00:00:00+00:00
[2026-03-31T08:19:04.551+0000] {processor.py:183} INFO - Processing /opt/airflow/dags/new_dags.py took 0.092 seconds
[2026-03-31T08:19:35.165+0000] {processor.py:161} INFO - Started process (PID=419) to work on /opt/airflow/dags/new_dags.py
[2026-03-31T08:19:35.166+0000] {processor.py:830} INFO - Processing file /opt/airflow/dags/new_dags.py for tasks to queue
[2026-03-31T08:19:35.169+0000] {logging_mixin.py:188} INFO - [2026-03-31T08:19:35.169+0000] {dagbag.py:545} INFO - Filling up the DagBag from /opt/airflow/dags/new_dags.py
[2026-03-31T08:19:35.208+0000] {processor.py:840} INFO - DAG(s) 'example_dag' retrieved from /opt/airflow/dags/new_dags.py
[2026-03-31T08:19:35.285+0000] {logging_mixin.py:188} INFO - [2026-03-31T08:19:35.284+0000] {dag.py:3096} INFO - Sync 1 DAGs
[2026-03-31T08:19:35.356+0000] {logging_mixin.py:188} INFO - [2026-03-31T08:19:35.356+0000] {dag.py:3954} INFO - Setting next_dagrun for example_dag to 2026-03-30 00:00:00+00:00, run_after=2026-03-31 00:00:00+00:00
[2026-03-31T08:19:35.424+0000] {processor.py:183} INFO - Processing /opt/airflow/dags/new_dags.py took 0.267 seconds
[2026-03-31T08:20:05.872+0000] {processor.py:161} INFO - Started process (PID=445) to work on /opt/airflow/dags/new_dags.py
[2026-03-31T08:20:05.873+0000] {processor.py:830} INFO - Processing file /opt/airflow/dags/new_dags.py for tasks to queue
[2026-03-31T08:20:05.876+0000] {logging_mixin.py:188} INFO - [2026-03-31T08:20:05.875+0000] {dagbag.py:545} INFO - Filling up the DagBag from /opt/airflow/dags/new_dags.py
[2026-03-31T08:20:05.900+0000] {processor.py:840} INFO - DAG(s) 'example_dag' retrieved from /opt/airflow/dags/new_dags.py
[2026-03-31T08:20:05.929+0000] {logging_mixin.py:188} INFO - [2026-03-31T08:20:05.929+0000] {dag.py:3096} INFO - Sync 1 DAGs
[2026-03-31T08:20:05.951+0000] {logging_mixin.py:188} INFO - [2026-03-31T08:20:05.950+0000] {dag.py:3954} INFO - Setting next_dagrun for example_dag to 2026-03-30 00:00:00+00:00, run_after=2026-03-31 00:00:00+00:00
[2026-03-31T08:20:05.975+0000] {processor.py:183} INFO - Processing /opt/airflow/dags/new_dags.py took 0.111 seconds
[2026-03-31T08:20:36.582+0000] {processor.py:161} INFO - Started process (PID=471) to work on /opt/airflow/dags/new_dags.py
[2026-03-31T08:20:36.585+0000] {processor.py:830} INFO - Processing file /opt/airflow/dags/new_dags.py for tasks to queue
[2026-03-31T08:20:36.588+0000] {logging_mixin.py:188} INFO - [2026-03-31T08:20:36.588+0000] {dagbag.py:545} INFO - Filling up the DagBag from /opt/airflow/dags/new_dags.py
[2026-03-31T08:20:36.614+0000] {processor.py:840} INFO - DAG(s) 'example_dag' retrieved from /opt/airflow/dags/new_dags.py
[2026-03-31T08:20:36.644+0000] {logging_mixin.py:188} INFO - [2026-03-31T08:20:36.644+0000] {dag.py:3096} INFO - Sync 1 DAGs
[2026-03-31T08:20:36.670+0000] {logging_mixin.py:188} INFO - [2026-03-31T08:20:36.670+0000] {dag.py:3954} INFO - Setting next_dagrun for example_dag to 2026-03-30 00:00:00+00:00, run_after=2026-03-31 00:00:00+00:00
[2026-03-31T08:20:36.695+0000] {processor.py:183} INFO - Processing /opt/airflow/dags/new_dags.py took 0.121 seconds
[2026-03-31T08:21:07.396+0000] {processor.py:161} INFO - Started process (PID=497) to work on /opt/airflow/dags/new_dags.py
[2026-03-31T08:21:07.397+0000] {processor.py:830} INFO - Processing file /opt/airflow/dags/new_dags.py for tasks to queue
[2026-03-31T08:21:07.399+0000] {logging_mixin.py:188} INFO - [2026-03-31T08:21:07.399+0000] {dagbag.py:545} INFO - Filling up the DagBag from /opt/airflow/dags/new_dags.py
[2026-03-31T08:21:07.420+0000] {processor.py:840} INFO - DAG(s) 'example_dag' retrieved from /opt/airflow/dags/new_dags.py
[2026-03-31T08:21:07.447+0000] {logging_mixin.py:188} INFO - [2026-03-31T08:21:07.446+0000] {dag.py:3096} INFO - Sync 1 DAGs
[2026-03-31T08:21:07.471+0000] {logging_mixin.py:188} INFO - [2026-03-31T08:21:07.471+0000] {dag.py:3954} INFO - Setting next_dagrun for example_dag to 2026-03-30 00:00:00+00:00, run_after=2026-03-31 00:00:00+00:00
[2026-03-31T08:21:07.495+0000] {processor.py:183} INFO - Processing /opt/airflow/dags/new_dags.py took 0.105 seconds
[2026-03-31T08:31:50.445+0000] {processor.py:161} INFO - Started process (PID=199) to work on /opt/airflow/dags/new_dags.py
[2026-03-31T08:31:50.447+0000] {processor.py:830} INFO - Processing file /opt/airflow/dags/new_dags.py for tasks to queue
[2026-03-31T08:31:50.457+0000] {logging_mixin.py:188} INFO - [2026-03-31T08:31:50.456+0000] {dagbag.py:545} INFO - Filling up the DagBag from /opt/airflow/dags/new_dags.py
[2026-03-31T08:31:50.499+0000] {processor.py:840} INFO - DAG(s) 'example_dag' retrieved from /opt/airflow/dags/new_dags.py
[2026-03-31T08:31:50.663+0000] {logging_mixin.py:188} INFO - [2026-03-31T08:31:50.662+0000] {dag.py:3096} INFO - Sync 1 DAGs
[2026-03-31T08:31:50.695+0000] {logging_mixin.py:188} INFO - [2026-03-31T08:31:50.694+0000] {dag.py:3954} INFO - Setting next_dagrun for example_dag to 2026-03-30 00:00:00+00:00, run_after=2026-03-31 00:00:00+00:00
[2026-03-31T08:31:50.733+0000] {processor.py:183} INFO - Processing /opt/airflow/dags/new_dags.py took 0.301 seconds
[2026-03-31T08:32:21.469+0000] {processor.py:161} INFO - Started process (PID=223) to work on /opt/airflow/dags/new_dags.py
[2026-03-31T08:32:21.471+0000] {processor.py:830} INFO - Processing file /opt/airflow/dags/new_dags.py for tasks to queue
[2026-03-31T08:32:21.473+0000] {logging_mixin.py:188} INFO - [2026-03-31T08:32:21.473+0000] {dagbag.py:545} INFO - Filling up the DagBag from /opt/airflow/dags/new_dags.py
[2026-03-31T08:32:21.501+0000] {processor.py:840} INFO - DAG(s) 'example_dag' retrieved from /opt/airflow/dags/new_dags.py
[2026-03-31T08:32:21.537+0000] {logging_mixin.py:188} INFO - [2026-03-31T08:32:21.537+0000] {dag.py:3096} INFO - Sync 1 DAGs
[2026-03-31T08:32:21.566+0000] {logging_mixin.py:188} INFO - [2026-03-31T08:32:21.565+0000] {dag.py:3954} INFO - Setting next_dagrun for example_dag to 2026-03-30 00:00:00+00:00, run_after=2026-03-31 00:00:00+00:00
[2026-03-31T08:32:21.590+0000] {processor.py:183} INFO - Processing /opt/airflow/dags/new_dags.py took 0.132 seconds
[2026-03-31T08:32:52.227+0000] {processor.py:161} INFO - Started process (PID=255) to work on /opt/airflow/dags/new_dags.py
[2026-03-31T08:32:52.228+0000] {processor.py:830} INFO - Processing file /opt/airflow/dags/new_dags.py for tasks to queue
[2026-03-31T08:32:52.230+0000] {logging_mixin.py:188} INFO - [2026-03-31T08:32:52.230+0000] {dagbag.py:545} INFO - Filling up the DagBag from /opt/airflow/dags/new_dags.py
[2026-03-31T08:32:52.257+0000] {processor.py:840} INFO - DAG(s) 'example_dag' retrieved from /opt/airflow/dags/new_dags.py
[2026-03-31T08:32:52.286+0000] {logging_mixin.py:188} INFO - [2026-03-31T08:32:52.286+0000] {dag.py:3096} INFO - Sync 1 DAGs
[2026-03-31T08:32:52.311+0000] {logging_mixin.py:188} INFO - [2026-03-31T08:32:52.310+0000] {dag.py:3954} INFO - Setting next_dagrun for example_dag to 2026-03-30 00:00:00+00:00, run_after=2026-03-31 00:00:00+00:00
[2026-03-31T08:32:52.334+0000] {processor.py:183} INFO - Processing /opt/airflow/dags/new_dags.py took 0.115 seconds
[2026-03-31T08:33:22.926+0000] {processor.py:161} INFO - Started process (PID=281) to work on /opt/airflow/dags/new_dags.py
[2026-03-31T08:33:22.927+0000] {processor.py:830} INFO - Processing file /opt/airflow/dags/new_dags.py for tasks to queue
[2026-03-31T08:33:22.929+0000] {logging_mixin.py:188} INFO - [2026-03-31T08:33:22.929+0000] {dagbag.py:545} INFO - Filling up the DagBag from /opt/airflow/dags/new_dags.py
[2026-03-31T08:33:22.959+0000] {processor.py:840} INFO - DAG(s) 'example_dag' retrieved from /opt/airflow/dags/new_dags.py
[2026-03-31T08:33:22.984+0000] {logging_mixin.py:188} INFO - [2026-03-31T08:33:22.984+0000] {dag.py:3096} INFO - Sync 1 DAGs
[2026-03-31T08:33:23.004+0000] {logging_mixin.py:188} INFO - [2026-03-31T08:33:23.004+0000] {dag.py:3954} INFO - Setting next_dagrun for example_dag to 2026-03-30 00:00:00+00:00, run_after=2026-03-31 00:00:00+00:00
[2026-03-31T08:33:23.028+0000] {processor.py:183} INFO - Processing /opt/airflow/dags/new_dags.py took 0.108 seconds
[2026-03-31T08:33:53.682+0000] {processor.py:161} INFO - Started process (PID=307) to work on /opt/airflow/dags/new_dags.py
[2026-03-31T08:33:53.683+0000] {processor.py:830} INFO - Processing file /opt/airflow/dags/new_dags.py for tasks to queue
[2026-03-31T08:33:53.686+0000] {logging_mixin.py:188} INFO - [2026-03-31T08:33:53.685+0000] {dagbag.py:545} INFO - Filling up the DagBag from /opt/airflow/dags/new_dags.py
[2026-03-31T08:33:53.709+0000] {processor.py:840} INFO - DAG(s) 'example_dag' retrieved from /opt/airflow/dags/new_dags.py
[2026-03-31T08:33:53.733+0000] {logging_mixin.py:188} INFO - [2026-03-31T08:33:53.733+0000] {dag.py:3096} INFO - Sync 1 DAGs
[2026-03-31T08:33:53.752+0000] {logging_mixin.py:188} INFO - [2026-03-31T08:33:53.751+0000] {dag.py:3954} INFO - Setting next_dagrun for example_dag to 2026-03-30 00:00:00+00:00, run_after=2026-03-31 00:00:00+00:00
[2026-03-31T08:33:53.778+0000] {processor.py:183} INFO - Processing /opt/airflow/dags/new_dags.py took 0.104 seconds
[2026-03-31T08:34:24.445+0000] {processor.py:161} INFO - Started process (PID=333) to work on /opt/airflow/dags/new_dags.py
[2026-03-31T08:34:24.446+0000] {processor.py:830} INFO - Processing file /opt/airflow/dags/new_dags.py for tasks to queue
[2026-03-31T08:34:24.449+0000] {logging_mixin.py:188} INFO - [2026-03-31T08:34:24.449+0000] {dagbag.py:545} INFO - Filling up the DagBag from /opt/airflow/dags/new_dags.py
[2026-03-31T08:34:24.476+0000] {processor.py:840} INFO - DAG(s) 'example_dag' retrieved from /opt/airflow/dags/new_dags.py
[2026-03-31T08:34:24.502+0000] {logging_mixin.py:188} INFO - [2026-03-31T08:34:24.501+0000] {dag.py:3096} INFO - Sync 1 DAGs
[2026-03-31T08:34:24.523+0000] {logging_mixin.py:188} INFO - [2026-03-31T08:34:24.523+0000] {dag.py:3954} INFO - Setting next_dagrun for example_dag to 2026-03-30 00:00:00+00:00, run_after=2026-03-31 00:00:00+00:00
[2026-03-31T08:34:24.552+0000] {processor.py:183} INFO - Processing /opt/airflow/dags/new_dags.py took 0.114 seconds
[2026-03-31T08:34:55.233+0000] {processor.py:161} INFO - Started process (PID=361) to work on /opt/airflow/dags/new_dags.py
[2026-03-31T08:34:55.234+0000] {processor.py:830} INFO - Processing file /opt/airflow/dags/new_dags.py for tasks to queue
[2026-03-31T08:34:55.237+0000] {logging_mixin.py:188} INFO - [2026-03-31T08:34:55.237+0000] {dagbag.py:545} INFO - Filling up the DagBag from /opt/airflow/dags/new_dags.py
[2026-03-31T08:34:55.267+0000] {processor.py:840} INFO - DAG(s) 'example_dag' retrieved from /opt/airflow/dags/new_dags.py
[2026-03-31T08:34:55.301+0000] {logging_mixin.py:188} INFO - [2026-03-31T08:34:55.301+0000] {dag.py:3096} INFO - Sync 1 DAGs
[2026-03-31T08:34:55.327+0000] {logging_mixin.py:188} INFO - [2026-03-31T08:34:55.327+0000] {dag.py:3954} INFO - Setting next_dagrun for example_dag to 2026-03-30 00:00:00+00:00, run_after=2026-03-31 00:00:00+00:00
[2026-03-31T08:34:55.356+0000] {processor.py:183} INFO - Processing /opt/airflow/dags/new_dags.py took 0.133 seconds
[2026-03-31T08:35:25.632+0000] {processor.py:161} INFO - Started process (PID=401) to work on /opt/airflow/dags/new_dags.py
[2026-03-31T08:35:25.633+0000] {processor.py:830} INFO - Processing file /opt/airflow/dags/new_dags.py for tasks to queue
[2026-03-31T08:35:25.636+0000] {logging_mixin.py:188} INFO - [2026-03-31T08:35:25.635+0000] {dagbag.py:545} INFO - Filling up the DagBag from /opt/airflow/dags/new_dags.py
[2026-03-31T08:35:25.658+0000] {processor.py:840} INFO - DAG(s) 'example_dag' retrieved from /opt/airflow/dags/new_dags.py
[2026-03-31T08:35:25.682+0000] {logging_mixin.py:188} INFO - [2026-03-31T08:35:25.682+0000] {dag.py:3096} INFO - Sync 1 DAGs
[2026-03-31T08:35:25.705+0000] {logging_mixin.py:188} INFO - [2026-03-31T08:35:25.704+0000] {dag.py:3954} INFO - Setting next_dagrun for example_dag to 2026-03-30 00:00:00+00:00, run_after=2026-03-31 00:00:00+00:00
[2026-03-31T08:35:25.731+0000] {processor.py:183} INFO - Processing /opt/airflow/dags/new_dags.py took 0.106 seconds
[2026-03-31T08:35:56.358+0000] {processor.py:161} INFO - Started process (PID=428) to work on /opt/airflow/dags/new_dags.py
[2026-03-31T08:35:56.359+0000] {processor.py:830} INFO - Processing file /opt/airflow/dags/new_dags.py for tasks to queue
[2026-03-31T08:35:56.361+0000] {logging_mixin.py:188} INFO - [2026-03-31T08:35:56.361+0000] {dagbag.py:545} INFO - Filling up the DagBag from /opt/airflow/dags/new_dags.py
[2026-03-31T08:35:56.390+0000] {processor.py:840} INFO - DAG(s) 'example_dag' retrieved from /opt/airflow/dags/new_dags.py
[2026-03-31T08:35:56.416+0000] {logging_mixin.py:188} INFO - [2026-03-31T08:35:56.416+0000] {dag.py:3096} INFO - Sync 1 DAGs
[2026-03-31T08:35:56.436+0000] {logging_mixin.py:188} INFO - [2026-03-31T08:35:56.436+0000] {dag.py:3954} INFO - Setting next_dagrun for example_dag to 2026-03-30 00:00:00+00:00, run_after=2026-03-31 00:00:00+00:00
[2026-03-31T08:35:56.469+0000] {processor.py:183} INFO - Processing /opt/airflow/dags/new_dags.py took 0.117 seconds
[2026-03-31T08:36:27.098+0000] {processor.py:161} INFO - Started process (PID=453) to work on /opt/airflow/dags/new_dags.py
[2026-03-31T08:36:27.099+0000] {processor.py:830} INFO - Processing file /opt/airflow/dags/new_dags.py for tasks to queue
[2026-03-31T08:36:27.101+0000] {logging_mixin.py:188} INFO - [2026-03-31T08:36:27.100+0000] {dagbag.py:545} INFO - Filling up the DagBag from /opt/airflow/dags/new_dags.py
[2026-03-31T08:36:27.126+0000] {processor.py:840} INFO - DAG(s) 'example_dag' retrieved from /opt/airflow/dags/new_dags.py
[2026-03-31T08:36:27.151+0000] {logging_mixin.py:188} INFO - [2026-03-31T08:36:27.150+0000] {dag.py:3096} INFO - Sync 1 DAGs
[2026-03-31T08:36:27.168+0000] {logging_mixin.py:188} INFO - [2026-03-31T08:36:27.168+0000] {dag.py:3954} INFO - Setting next_dagrun for example_dag to 2026-03-30 00:00:00+00:00, run_after=2026-03-31 00:00:00+00:00
[2026-03-31T08:36:27.191+0000] {processor.py:183} INFO - Processing /opt/airflow/dags/new_dags.py took 0.099 seconds
[2026-03-31T08:36:57.969+0000] {processor.py:161} INFO - Started process (PID=479) to work on /opt/airflow/dags/new_dags.py
[2026-03-31T08:36:57.971+0000] {processor.py:830} INFO - Processing file /opt/airflow/dags/new_dags.py for tasks to queue
[2026-03-31T08:36:57.973+0000] {logging_mixin.py:188} INFO - [2026-03-31T08:36:57.973+0000] {dagbag.py:545} INFO - Filling up the DagBag from /opt/airflow/dags/new_dags.py
[2026-03-31T08:36:57.995+0000] {processor.py:840} INFO - DAG(s) 'example_dag' retrieved from /opt/airflow/dags/new_dags.py
[2026-03-31T08:36:58.020+0000] {logging_mixin.py:188} INFO - [2026-03-31T08:36:58.020+0000] {dag.py:3096} INFO - Sync 1 DAGs
[2026-03-31T08:36:58.039+0000] {logging_mixin.py:188} INFO - [2026-03-31T08:36:58.039+0000] {dag.py:3954} INFO - Setting next_dagrun for example_dag to 2026-03-30 00:00:00+00:00, run_after=2026-03-31 00:00:00+00:00
[2026-03-31T08:36:58.063+0000] {processor.py:183} INFO - Processing /opt/airflow/dags/new_dags.py took 0.100 seconds
[2026-03-31T08:37:28.646+0000] {processor.py:161} INFO - Started process (PID=505) to work on /opt/airflow/dags/new_dags.py
[2026-03-31T08:37:28.647+0000] {processor.py:830} INFO - Processing file /opt/airflow/dags/new_dags.py for tasks to queue
[2026-03-31T08:37:28.649+0000] {logging_mixin.py:188} INFO - [2026-03-31T08:37:28.649+0000] {dagbag.py:545} INFO - Filling up the DagBag from /opt/airflow/dags/new_dags.py
[2026-03-31T08:37:28.671+0000] {processor.py:840} INFO - DAG(s) 'example_dag' retrieved from /opt/airflow/dags/new_dags.py
[2026-03-31T08:37:28.696+0000] {logging_mixin.py:188} INFO - [2026-03-31T08:37:28.696+0000] {dag.py:3096} INFO - Sync 1 DAGs
[2026-03-31T08:37:28.718+0000] {logging_mixin.py:188} INFO - [2026-03-31T08:37:28.718+0000] {dag.py:3954} INFO - Setting next_dagrun for example_dag to 2026-03-30 00:00:00+00:00, run_after=2026-03-31 00:00:00+00:00
[2026-03-31T08:37:28.742+0000] {processor.py:183} INFO - Processing /opt/airflow/dags/new_dags.py took 0.103 seconds
[2026-03-31T08:53:28.060+0000] {processor.py:161} INFO - Started process (PID=194) to work on /opt/airflow/dags/new_dags.py
[2026-03-31T08:53:28.063+0000] {processor.py:830} INFO - Processing file /opt/airflow/dags/new_dags.py for tasks to queue
[2026-03-31T08:53:28.067+0000] {logging_mixin.py:188} INFO - [2026-03-31T08:53:28.067+0000] {dagbag.py:545} INFO - Filling up the DagBag from /opt/airflow/dags/new_dags.py
[2026-03-31T08:53:28.121+0000] {processor.py:840} INFO - DAG(s) 'example_dag' retrieved from /opt/airflow/dags/new_dags.py
[2026-03-31T08:53:28.409+0000] {logging_mixin.py:188} INFO - [2026-03-31T08:53:28.408+0000] {dag.py:3096} INFO - Sync 1 DAGs
[2026-03-31T08:53:28.475+0000] {logging_mixin.py:188} INFO - [2026-03-31T08:53:28.475+0000] {dag.py:3954} INFO - Setting next_dagrun for example_dag to 2026-03-30 00:00:00+00:00, run_after=2026-03-31 00:00:00+00:00
[2026-03-31T08:53:29.464+0000] {processor.py:183} INFO - Processing /opt/airflow/dags/new_dags.py took 1.418 seconds
[2026-03-31T08:54:00.144+0000] {processor.py:161} INFO - Started process (PID=226) to work on /opt/airflow/dags/new_dags.py
[2026-03-31T08:54:00.145+0000] {processor.py:830} INFO - Processing file /opt/airflow/dags/new_dags.py for tasks to queue
[2026-03-31T08:54:00.146+0000] {logging_mixin.py:188} INFO - [2026-03-31T08:54:00.146+0000] {dagbag.py:545} INFO - Filling up the DagBag from /opt/airflow/dags/new_dags.py
[2026-03-31T08:54:00.167+0000] {processor.py:840} INFO - DAG(s) 'example_dag' retrieved from /opt/airflow/dags/new_dags.py
[2026-03-31T08:54:00.196+0000] {logging_mixin.py:188} INFO - [2026-03-31T08:54:00.195+0000] {dag.py:3096} INFO - Sync 1 DAGs
[2026-03-31T08:54:00.238+0000] {logging_mixin.py:188} INFO - [2026-03-31T08:54:00.237+0000] {dag.py:3954} INFO - Setting next_dagrun for example_dag to 2026-03-30 00:00:00+00:00, run_after=2026-03-31 00:00:00+00:00
[2026-03-31T08:54:02.183+0000] {processor.py:183} INFO - Processing /opt/airflow/dags/new_dags.py took 2.045 seconds
[2026-03-31T08:54:32.946+0000] {processor.py:161} INFO - Started process (PID=252) to work on /opt/airflow/dags/new_dags.py
[2026-03-31T08:54:32.947+0000] {processor.py:830} INFO - Processing file /opt/airflow/dags/new_dags.py for tasks to queue
[2026-03-31T08:54:32.950+0000] {logging_mixin.py:188} INFO - [2026-03-31T08:54:32.950+0000] {dagbag.py:545} INFO - Filling up the DagBag from /opt/airflow/dags/new_dags.py
[2026-03-31T08:54:32.974+0000] {processor.py:840} INFO - DAG(s) 'example_dag' retrieved from /opt/airflow/dags/new_dags.py
[2026-03-31T08:54:33.004+0000] {logging_mixin.py:188} INFO - [2026-03-31T08:54:33.004+0000] {dag.py:3096} INFO - Sync 1 DAGs
[2026-03-31T08:54:33.025+0000] {logging_mixin.py:188} INFO - [2026-03-31T08:54:33.025+0000] {dag.py:3954} INFO - Setting next_dagrun for example_dag to 2026-03-30 00:00:00+00:00, run_after=2026-03-31 00:00:00+00:00
[2026-03-31T08:54:33.049+0000] {processor.py:183} INFO - Processing /opt/airflow/dags/new_dags.py took 0.109 seconds
[2026-03-31T08:55:03.719+0000] {processor.py:161} INFO - Started process (PID=278) to work on /opt/airflow/dags/new_dags.py
[2026-03-31T08:55:03.720+0000] {processor.py:830} INFO - Processing file /opt/airflow/dags/new_dags.py for tasks to queue
[2026-03-31T08:55:03.722+0000] {logging_mixin.py:188} INFO - [2026-03-31T08:55:03.722+0000] {dagbag.py:545} INFO - Filling up the DagBag from /opt/airflow/dags/new_dags.py
[2026-03-31T08:55:03.748+0000] {processor.py:840} INFO - DAG(s) 'example_dag' retrieved from /opt/airflow/dags/new_dags.py
[2026-03-31T08:55:03.776+0000] {logging_mixin.py:188} INFO - [2026-03-31T08:55:03.776+0000] {dag.py:3096} INFO - Sync 1 DAGs
[2026-03-31T08:55:03.797+0000] {logging_mixin.py:188} INFO - [2026-03-31T08:55:03.797+0000] {dag.py:3954} INFO - Setting next_dagrun for example_dag to 2026-03-30 00:00:00+00:00, run_after=2026-03-31 00:00:00+00:00
[2026-03-31T08:55:03.821+0000] {processor.py:183} INFO - Processing /opt/airflow/dags/new_dags.py took 0.109 seconds
[2026-03-31T08:55:34.505+0000] {processor.py:161} INFO - Started process (PID=304) to work on /opt/airflow/dags/new_dags.py
[2026-03-31T08:55:34.507+0000] {processor.py:830} INFO - Processing file /opt/airflow/dags/new_dags.py for tasks to queue
[2026-03-31T08:55:34.509+0000] {logging_mixin.py:188} INFO - [2026-03-31T08:55:34.508+0000] {dagbag.py:545} INFO - Filling up the DagBag from /opt/airflow/dags/new_dags.py
[2026-03-31T08:55:34.529+0000] {processor.py:840} INFO - DAG(s) 'example_dag' retrieved from /opt/airflow/dags/new_dags.py
[2026-03-31T08:55:34.558+0000] {logging_mixin.py:188} INFO - [2026-03-31T08:55:34.558+0000] {dag.py:3096} INFO - Sync 1 DAGs
[2026-03-31T08:55:34.580+0000] {logging_mixin.py:188} INFO - [2026-03-31T08:55:34.580+0000] {dag.py:3954} INFO - Setting next_dagrun for example_dag to 2026-03-30 00:00:00+00:00, run_after=2026-03-31 00:00:00+00:00
[2026-03-31T08:55:34.604+0000] {processor.py:183} INFO - Processing /opt/airflow/dags/new_dags.py took 0.103 seconds
[2026-03-31T08:56:05.301+0000] {processor.py:161} INFO - Started process (PID=330) to work on /opt/airflow/dags/new_dags.py
[2026-03-31T08:56:05.302+0000] {processor.py:830} INFO - Processing file /opt/airflow/dags/new_dags.py for tasks to queue
[2026-03-31T08:56:05.304+0000] {logging_mixin.py:188} INFO - [2026-03-31T08:56:05.304+0000] {dagbag.py:545} INFO - Filling up the DagBag from /opt/airflow/dags/new_dags.py
[2026-03-31T08:56:05.331+0000] {processor.py:840} INFO - DAG(s) 'example_dag' retrieved from /opt/airflow/dags/new_dags.py
[2026-03-31T08:56:05.367+0000] {logging_mixin.py:188} INFO - [2026-03-31T08:56:05.367+0000] {dag.py:3096} INFO - Sync 1 DAGs
[2026-03-31T08:56:05.390+0000] {logging_mixin.py:188} INFO - [2026-03-31T08:56:05.390+0000] {dag.py:3954} INFO - Setting next_dagrun for example_dag to 2026-03-30 00:00:00+00:00, run_after=2026-03-31 00:00:00+00:00
[2026-03-31T08:56:05.417+0000] {processor.py:183} INFO - Processing /opt/airflow/dags/new_dags.py took 0.122 seconds
[2026-03-31T08:56:36.029+0000] {processor.py:161} INFO - Started process (PID=356) to work on /opt/airflow/dags/new_dags.py
[2026-03-31T08:56:36.030+0000] {processor.py:830} INFO - Processing file /opt/airflow/dags/new_dags.py for tasks to queue
[2026-03-31T08:56:36.033+0000] {logging_mixin.py:188} INFO - [2026-03-31T08:56:36.033+0000] {dagbag.py:545} INFO - Filling up the DagBag from /opt/airflow/dags/new_dags.py
[2026-03-31T08:56:36.056+0000] {processor.py:840} INFO - DAG(s) 'example_dag' retrieved from /opt/airflow/dags/new_dags.py
[2026-03-31T08:56:36.084+0000] {logging_mixin.py:188} INFO - [2026-03-31T08:56:36.084+0000] {dag.py:3096} INFO - Sync 1 DAGs
[2026-03-31T08:56:36.105+0000] {logging_mixin.py:188} INFO - [2026-03-31T08:56:36.105+0000] {dag.py:3954} INFO - Setting next_dagrun for example_dag to 2026-03-30 00:00:00+00:00, run_after=2026-03-31 00:00:00+00:00
[2026-03-31T08:56:36.131+0000] {processor.py:183} INFO - Processing /opt/airflow/dags/new_dags.py took 0.108 seconds
[2026-03-31T08:57:06.726+0000] {processor.py:161} INFO - Started process (PID=382) to work on /opt/airflow/dags/new_dags.py
[2026-03-31T08:57:06.727+0000] {processor.py:830} INFO - Processing file /opt/airflow/dags/new_dags.py for tasks to queue
[2026-03-31T08:57:06.728+0000] {logging_mixin.py:188} INFO - [2026-03-31T08:57:06.728+0000] {dagbag.py:545} INFO - Filling up the DagBag from /opt/airflow/dags/new_dags.py
[2026-03-31T08:57:06.751+0000] {processor.py:840} INFO - DAG(s) 'example_dag' retrieved from /opt/airflow/dags/new_dags.py
[2026-03-31T08:57:06.779+0000] {logging_mixin.py:188} INFO - [2026-03-31T08:57:06.779+0000] {dag.py:3096} INFO - Sync 1 DAGs
[2026-03-31T08:57:06.800+0000] {logging_mixin.py:188} INFO - [2026-03-31T08:57:06.800+0000] {dag.py:3954} INFO - Setting next_dagrun for example_dag to 2026-03-30 00:00:00+00:00, run_after=2026-03-31 00:00:00+00:00
[2026-03-31T08:57:06.824+0000] {processor.py:183} INFO - Processing /opt/airflow/dags/new_dags.py took 0.104 seconds
[2026-03-31T08:57:37.486+0000] {processor.py:161} INFO - Started process (PID=424) to work on /opt/airflow/dags/new_dags.py
[2026-03-31T08:57:37.487+0000] {processor.py:830} INFO - Processing file /opt/airflow/dags/new_dags.py for tasks to queue
[2026-03-31T08:57:37.489+0000] {logging_mixin.py:188} INFO - [2026-03-31T08:57:37.489+0000] {dagbag.py:545} INFO - Filling up the DagBag from /opt/airflow/dags/new_dags.py
[2026-03-31T08:57:37.511+0000] {processor.py:840} INFO - DAG(s) 'example_dag' retrieved from /opt/airflow/dags/new_dags.py
[2026-03-31T08:57:37.546+0000] {logging_mixin.py:188} INFO - [2026-03-31T08:57:37.546+0000] {dag.py:3096} INFO - Sync 1 DAGs
[2026-03-31T08:57:37.566+0000] {logging_mixin.py:188} INFO - [2026-03-31T08:57:37.566+0000] {dag.py:3954} INFO - Setting next_dagrun for example_dag to 2026-03-30 00:00:00+00:00, run_after=2026-03-31 00:00:00+00:00
[2026-03-31T08:57:37.597+0000] {processor.py:183} INFO - Processing /opt/airflow/dags/new_dags.py took 0.118 seconds
[2026-03-31T08:58:08.243+0000] {processor.py:161} INFO - Started process (PID=451) to work on /opt/airflow/dags/new_dags.py
[2026-03-31T08:58:08.244+0000] {processor.py:830} INFO - Processing file /opt/airflow/dags/new_dags.py for tasks to queue
[2026-03-31T08:58:08.246+0000] {logging_mixin.py:188} INFO - [2026-03-31T08:58:08.246+0000] {dagbag.py:545} INFO - Filling up the DagBag from /opt/airflow/dags/new_dags.py
[2026-03-31T08:58:08.272+0000] {processor.py:840} INFO - DAG(s) 'example_dag' retrieved from /opt/airflow/dags/new_dags.py
[2026-03-31T08:58:08.310+0000] {logging_mixin.py:188} INFO - [2026-03-31T08:58:08.309+0000] {dag.py:3096} INFO - Sync 1 DAGs
[2026-03-31T08:58:08.342+0000] {logging_mixin.py:188} INFO - [2026-03-31T08:58:08.341+0000] {dag.py:3954} INFO - Setting next_dagrun for example_dag to 2026-03-30 00:00:00+00:00, run_after=2026-03-31 00:00:00+00:00
[2026-03-31T08:58:08.372+0000] {processor.py:183} INFO - Processing /opt/airflow/dags/new_dags.py took 0.134 seconds
[2026-03-31T08:58:39.059+0000] {processor.py:161} INFO - Started process (PID=477) to work on /opt/airflow/dags/new_dags.py
[2026-03-31T08:58:39.060+0000] {processor.py:830} INFO - Processing file /opt/airflow/dags/new_dags.py for tasks to queue
[2026-03-31T08:58:39.062+0000] {logging_mixin.py:188} INFO - [2026-03-31T08:58:39.061+0000] {dagbag.py:545} INFO - Filling up the DagBag from /opt/airflow/dags/new_dags.py
[2026-03-31T08:58:39.081+0000] {processor.py:840} INFO - DAG(s) 'example_dag' retrieved from /opt/airflow/dags/new_dags.py
[2026-03-31T08:58:39.106+0000] {logging_mixin.py:188} INFO - [2026-03-31T08:58:39.106+0000] {dag.py:3096} INFO - Sync 1 DAGs
[2026-03-31T08:58:39.125+0000] {logging_mixin.py:188} INFO - [2026-03-31T08:58:39.125+0000] {dag.py:3954} INFO - Setting next_dagrun for example_dag to 2026-03-30 00:00:00+00:00, run_after=2026-03-31 00:00:00+00:00
[2026-03-31T08:58:39.148+0000] {processor.py:183} INFO - Processing /opt/airflow/dags/new_dags.py took 0.095 seconds
[2026-03-31T08:59:09.803+0000] {processor.py:161} INFO - Started process (PID=503) to work on /opt/airflow/dags/new_dags.py
[2026-03-31T08:59:09.805+0000] {processor.py:830} INFO - Processing file /opt/airflow/dags/new_dags.py for tasks to queue
[2026-03-31T08:59:09.807+0000] {logging_mixin.py:188} INFO - [2026-03-31T08:59:09.806+0000] {dagbag.py:545} INFO - Filling up the DagBag from /opt/airflow/dags/new_dags.py
[2026-03-31T08:59:09.832+0000] {processor.py:840} INFO - DAG(s) 'example_dag' retrieved from /opt/airflow/dags/new_dags.py
[2026-03-31T08:59:09.865+0000] {logging_mixin.py:188} INFO - [2026-03-31T08:59:09.865+0000] {dag.py:3096} INFO - Sync 1 DAGs
[2026-03-31T08:59:09.888+0000] {logging_mixin.py:188} INFO - [2026-03-31T08:59:09.888+0000] {dag.py:3954} INFO - Setting next_dagrun for example_dag to 2026-03-30 00:00:00+00:00, run_after=2026-03-31 00:00:00+00:00
[2026-03-31T08:59:09.911+0000] {processor.py:183} INFO - Processing /opt/airflow/dags/new_dags.py took 0.113 seconds
[2026-03-31T08:59:40.595+0000] {processor.py:161} INFO - Started process (PID=529) to work on /opt/airflow/dags/new_dags.py
[2026-03-31T08:59:40.596+0000] {processor.py:830} INFO - Processing file /opt/airflow/dags/new_dags.py for tasks to queue
[2026-03-31T08:59:40.599+0000] {logging_mixin.py:188} INFO - [2026-03-31T08:59:40.598+0000] {dagbag.py:545} INFO - Filling up the DagBag from /opt/airflow/dags/new_dags.py
[2026-03-31T08:59:40.630+0000] {processor.py:840} INFO - DAG(s) 'example_dag' retrieved from /opt/airflow/dags/new_dags.py
[2026-03-31T08:59:40.658+0000] {logging_mixin.py:188} INFO - [2026-03-31T08:59:40.657+0000] {dag.py:3096} INFO - Sync 1 DAGs
[2026-03-31T08:59:40.683+0000] {logging_mixin.py:188} INFO - [2026-03-31T08:59:40.683+0000] {dag.py:3954} INFO - Setting next_dagrun for example_dag to 2026-03-30 00:00:00+00:00, run_after=2026-03-31 00:00:00+00:00
[2026-03-31T08:59:40.711+0000] {processor.py:183} INFO - Processing /opt/airflow/dags/new_dags.py took 0.124 seconds
[2026-03-31T09:00:11.240+0000] {processor.py:161} INFO - Started process (PID=555) to work on /opt/airflow/dags/new_dags.py
[2026-03-31T09:00:11.241+0000] {processor.py:830} INFO - Processing file /opt/airflow/dags/new_dags.py for tasks to queue
[2026-03-31T09:00:11.244+0000] {logging_mixin.py:188} INFO - [2026-03-31T09:00:11.243+0000] {dagbag.py:545} INFO - Filling up the DagBag from /opt/airflow/dags/new_dags.py
[2026-03-31T09:00:11.276+0000] {processor.py:840} INFO - DAG(s) 'example_dag' retrieved from /opt/airflow/dags/new_dags.py
[2026-03-31T09:00:11.302+0000] {logging_mixin.py:188} INFO - [2026-03-31T09:00:11.302+0000] {dag.py:3096} INFO - Sync 1 DAGs
[2026-03-31T09:00:11.321+0000] {logging_mixin.py:188} INFO - [2026-03-31T09:00:11.320+0000] {dag.py:3954} INFO - Setting next_dagrun for example_dag to 2026-03-30 00:00:00+00:00, run_after=2026-03-31 00:00:00+00:00
[2026-03-31T09:00:11.345+0000] {processor.py:183} INFO - Processing /opt/airflow/dags/new_dags.py took 0.111 seconds
[2026-03-31T09:00:42.146+0000] {processor.py:161} INFO - Started process (PID=581) to work on /opt/airflow/dags/new_dags.py
[2026-03-31T09:00:42.147+0000] {processor.py:830} INFO - Processing file /opt/airflow/dags/new_dags.py for tasks to queue
[2026-03-31T09:00:42.149+0000] {logging_mixin.py:188} INFO - [2026-03-31T09:00:42.149+0000] {dagbag.py:545} INFO - Filling up the DagBag from /opt/airflow/dags/new_dags.py
[2026-03-31T09:00:42.178+0000] {processor.py:840} INFO - DAG(s) 'example_dag' retrieved from /opt/airflow/dags/new_dags.py
[2026-03-31T09:00:42.215+0000] {logging_mixin.py:188} INFO - [2026-03-31T09:00:42.214+0000] {dag.py:3096} INFO - Sync 1 DAGs
[2026-03-31T09:00:42.243+0000] {logging_mixin.py:188} INFO - [2026-03-31T09:00:42.243+0000] {dag.py:3954} INFO - Setting next_dagrun for example_dag to 2026-03-30 00:00:00+00:00, run_after=2026-03-31 00:00:00+00:00
[2026-03-31T09:00:42.270+0000] {processor.py:183} INFO - Processing /opt/airflow/dags/new_dags.py took 0.131 seconds
[2026-03-31T09:01:12.981+0000] {processor.py:161} INFO - Started process (PID=607) to work on /opt/airflow/dags/new_dags.py
[2026-03-31T09:01:12.982+0000] {processor.py:830} INFO - Processing file /opt/airflow/dags/new_dags.py for tasks to queue
[2026-03-31T09:01:12.984+0000] {logging_mixin.py:188} INFO - [2026-03-31T09:01:12.984+0000] {dagbag.py:545} INFO - Filling up the DagBag from /opt/airflow/dags/new_dags.py
[2026-03-31T09:01:13.007+0000] {processor.py:840} INFO - DAG(s) 'example_dag' retrieved from /opt/airflow/dags/new_dags.py
[2026-03-31T09:01:13.033+0000] {logging_mixin.py:188} INFO - [2026-03-31T09:01:13.033+0000] {dag.py:3096} INFO - Sync 1 DAGs
[2026-03-31T09:01:13.057+0000] {logging_mixin.py:188} INFO - [2026-03-31T09:01:13.057+0000] {dag.py:3954} INFO - Setting next_dagrun for example_dag to 2026-03-30 00:00:00+00:00, run_after=2026-03-31 00:00:00+00:00
[2026-03-31T09:01:13.080+0000] {processor.py:183} INFO - Processing /opt/airflow/dags/new_dags.py took 0.105 seconds
[2026-03-31T09:01:43.810+0000] {processor.py:161} INFO - Started process (PID=633) to work on /opt/airflow/dags/new_dags.py
[2026-03-31T09:01:43.811+0000] {processor.py:830} INFO - Processing file /opt/airflow/dags/new_dags.py for tasks to queue
[2026-03-31T09:01:43.813+0000] {logging_mixin.py:188} INFO - [2026-03-31T09:01:43.813+0000] {dagbag.py:545} INFO - Filling up the DagBag from /opt/airflow/dags/new_dags.py
[2026-03-31T09:01:43.839+0000] {processor.py:840} INFO - DAG(s) 'example_dag' retrieved from /opt/airflow/dags/new_dags.py
[2026-03-31T09:01:43.867+0000] {logging_mixin.py:188} INFO - [2026-03-31T09:01:43.866+0000] {dag.py:3096} INFO - Sync 1 DAGs
[2026-03-31T09:01:43.893+0000] {logging_mixin.py:188} INFO - [2026-03-31T09:01:43.893+0000] {dag.py:3954} INFO - Setting next_dagrun for example_dag to 2026-03-30 00:00:00+00:00, run_after=2026-03-31 00:00:00+00:00
[2026-03-31T09:01:43.922+0000] {processor.py:183} INFO - Processing /opt/airflow/dags/new_dags.py took 0.118 seconds
[2026-03-31T09:02:14.530+0000] {processor.py:161} INFO - Started process (PID=659) to work on /opt/airflow/dags/new_dags.py
[2026-03-31T09:02:14.532+0000] {processor.py:830} INFO - Processing file /opt/airflow/dags/new_dags.py for tasks to queue
[2026-03-31T09:02:14.535+0000] {logging_mixin.py:188} INFO - [2026-03-31T09:02:14.534+0000] {dagbag.py:545} INFO - Filling up the DagBag from /opt/airflow/dags/new_dags.py
[2026-03-31T09:02:14.563+0000] {processor.py:840} INFO - DAG(s) 'example_dag' retrieved from /opt/airflow/dags/new_dags.py
[2026-03-31T09:02:14.590+0000] {logging_mixin.py:188} INFO - [2026-03-31T09:02:14.590+0000] {dag.py:3096} INFO - Sync 1 DAGs
[2026-03-31T09:02:14.612+0000] {logging_mixin.py:188} INFO - [2026-03-31T09:02:14.612+0000] {dag.py:3954} INFO - Setting next_dagrun for example_dag to 2026-03-30 00:00:00+00:00, run_after=2026-03-31 00:00:00+00:00
[2026-03-31T09:02:14.638+0000] {processor.py:183} INFO - Processing /opt/airflow/dags/new_dags.py took 0.114 seconds
[2026-03-31T09:02:45.203+0000] {processor.py:161} INFO - Started process (PID=685) to work on /opt/airflow/dags/new_dags.py
[2026-03-31T09:02:45.204+0000] {processor.py:830} INFO - Processing file /opt/airflow/dags/new_dags.py for tasks to queue
[2026-03-31T09:02:45.206+0000] {logging_mixin.py:188} INFO - [2026-03-31T09:02:45.206+0000] {dagbag.py:545} INFO - Filling up the DagBag from /opt/airflow/dags/new_dags.py
[2026-03-31T09:02:45.228+0000] {processor.py:840} INFO - DAG(s) 'example_dag' retrieved from /opt/airflow/dags/new_dags.py
[2026-03-31T09:02:45.258+0000] {logging_mixin.py:188} INFO - [2026-03-31T09:02:45.258+0000] {dag.py:3096} INFO - Sync 1 DAGs
[2026-03-31T09:02:45.278+0000] {logging_mixin.py:188} INFO - [2026-03-31T09:02:45.278+0000] {dag.py:3954} INFO - Setting next_dagrun for example_dag to 2026-03-30 00:00:00+00:00, run_after=2026-03-31 00:00:00+00:00
[2026-03-31T09:02:45.304+0000] {processor.py:183} INFO - Processing /opt/airflow/dags/new_dags.py took 0.107 seconds
[2026-03-31T09:03:15.940+0000] {processor.py:161} INFO - Started process (PID=711) to work on /opt/airflow/dags/new_dags.py
[2026-03-31T09:03:15.941+0000] {processor.py:830} INFO - Processing file /opt/airflow/dags/new_dags.py for tasks to queue
[2026-03-31T09:03:15.943+0000] {logging_mixin.py:188} INFO - [2026-03-31T09:03:15.943+0000] {dagbag.py:545} INFO - Filling up the DagBag from /opt/airflow/dags/new_dags.py
[2026-03-31T09:03:15.968+0000] {processor.py:840} INFO - DAG(s) 'example_dag' retrieved from /opt/airflow/dags/new_dags.py
[2026-03-31T09:03:15.996+0000] {logging_mixin.py:188} INFO - [2026-03-31T09:03:15.996+0000] {dag.py:3096} INFO - Sync 1 DAGs
[2026-03-31T09:03:16.017+0000] {logging_mixin.py:188} INFO - [2026-03-31T09:03:16.017+0000] {dag.py:3954} INFO - Setting next_dagrun for example_dag to 2026-03-30 00:00:00+00:00, run_after=2026-03-31 00:00:00+00:00
[2026-03-31T09:03:16.042+0000] {processor.py:183} INFO - Processing /opt/airflow/dags/new_dags.py took 0.109 seconds
[2026-03-31T09:03:46.778+0000] {processor.py:161} INFO - Started process (PID=737) to work on /opt/airflow/dags/new_dags.py
[2026-03-31T09:03:46.779+0000] {processor.py:830} INFO - Processing file /opt/airflow/dags/new_dags.py for tasks to queue
[2026-03-31T09:03:46.782+0000] {logging_mixin.py:188} INFO - [2026-03-31T09:03:46.782+0000] {dagbag.py:545} INFO - Filling up the DagBag from /opt/airflow/dags/new_dags.py
[2026-03-31T09:03:46.812+0000] {processor.py:840} INFO - DAG(s) 'example_dag' retrieved from /opt/airflow/dags/new_dags.py
[2026-03-31T09:03:46.839+0000] {logging_mixin.py:188} INFO - [2026-03-31T09:03:46.839+0000] {dag.py:3096} INFO - Sync 1 DAGs
[2026-03-31T09:03:46.860+0000] {logging_mixin.py:188} INFO - [2026-03-31T09:03:46.860+0000] {dag.py:3954} INFO - Setting next_dagrun for example_dag to 2026-03-30 00:00:00+00:00, run_after=2026-03-31 00:00:00+00:00
[2026-03-31T09:03:46.884+0000] {processor.py:183} INFO - Processing /opt/airflow/dags/new_dags.py took 0.112 seconds
[2026-03-31T09:04:17.439+0000] {processor.py:161} INFO - Started process (PID=763) to work on /opt/airflow/dags/new_dags.py
[2026-03-31T09:04:17.440+0000] {processor.py:830} INFO - Processing file /opt/airflow/dags/new_dags.py for tasks to queue
[2026-03-31T09:04:17.443+0000] {logging_mixin.py:188} INFO - [2026-03-31T09:04:17.443+0000] {dagbag.py:545} INFO - Filling up the DagBag from /opt/airflow/dags/new_dags.py
[2026-03-31T09:04:17.471+0000] {processor.py:840} INFO - DAG(s) 'example_dag' retrieved from /opt/airflow/dags/new_dags.py
[2026-03-31T09:04:17.498+0000] {logging_mixin.py:188} INFO - [2026-03-31T09:04:17.497+0000] {dag.py:3096} INFO - Sync 1 DAGs
[2026-03-31T09:04:17.521+0000] {logging_mixin.py:188} INFO - [2026-03-31T09:04:17.521+0000] {dag.py:3954} INFO - Setting next_dagrun for example_dag to 2026-03-30 00:00:00+00:00, run_after=2026-03-31 00:00:00+00:00
[2026-03-31T09:04:17.550+0000] {processor.py:183} INFO - Processing /opt/airflow/dags/new_dags.py took 0.117 seconds
[2026-03-31T09:04:48.185+0000] {processor.py:161} INFO - Started process (PID=789) to work on /opt/airflow/dags/new_dags.py
[2026-03-31T09:04:48.187+0000] {processor.py:830} INFO - Processing file /opt/airflow/dags/new_dags.py for tasks to queue
[2026-03-31T09:04:48.189+0000] {logging_mixin.py:188} INFO - [2026-03-31T09:04:48.189+0000] {dagbag.py:545} INFO - Filling up the DagBag from /opt/airflow/dags/new_dags.py
[2026-03-31T09:04:48.212+0000] {processor.py:840} INFO - DAG(s) 'example_dag' retrieved from /opt/airflow/dags/new_dags.py
[2026-03-31T09:04:48.241+0000] {logging_mixin.py:188} INFO - [2026-03-31T09:04:48.241+0000] {dag.py:3096} INFO - Sync 1 DAGs
[2026-03-31T09:04:48.264+0000] {logging_mixin.py:188} INFO - [2026-03-31T09:04:48.263+0000] {dag.py:3954} INFO - Setting next_dagrun for example_dag to 2026-03-30 00:00:00+00:00, run_after=2026-03-31 00:00:00+00:00
[2026-03-31T09:04:48.286+0000] {processor.py:183} INFO - Processing /opt/airflow/dags/new_dags.py took 0.108 seconds
[2026-03-31T09:05:18.805+0000] {processor.py:161} INFO - Started process (PID=815) to work on /opt/airflow/dags/new_dags.py
[2026-03-31T09:05:18.807+0000] {processor.py:830} INFO - Processing file /opt/airflow/dags/new_dags.py for tasks to queue
[2026-03-31T09:05:18.809+0000] {logging_mixin.py:188} INFO - [2026-03-31T09:05:18.809+0000] {dagbag.py:545} INFO - Filling up the DagBag from /opt/airflow/dags/new_dags.py
[2026-03-31T09:05:18.830+0000] {processor.py:840} INFO - DAG(s) 'example_dag' retrieved from /opt/airflow/dags/new_dags.py
[2026-03-31T09:05:18.857+0000] {logging_mixin.py:188} INFO - [2026-03-31T09:05:18.856+0000] {dag.py:3096} INFO - Sync 1 DAGs
[2026-03-31T09:05:18.882+0000] {logging_mixin.py:188} INFO - [2026-03-31T09:05:18.882+0000] {dag.py:3954} INFO - Setting next_dagrun for example_dag to 2026-03-30 00:00:00+00:00, run_after=2026-03-31 00:00:00+00:00
[2026-03-31T09:05:18.908+0000] {processor.py:183} INFO - Processing /opt/airflow/dags/new_dags.py took 0.109 seconds
[2026-03-31T09:05:49.443+0000] {processor.py:161} INFO - Started process (PID=841) to work on /opt/airflow/dags/new_dags.py
[2026-03-31T09:05:49.444+0000] {processor.py:830} INFO - Processing file /opt/airflow/dags/new_dags.py for tasks to queue
[2026-03-31T09:05:49.446+0000] {logging_mixin.py:188} INFO - [2026-03-31T09:05:49.446+0000] {dagbag.py:545} INFO - Filling up the DagBag from /opt/airflow/dags/new_dags.py
[2026-03-31T09:05:49.466+0000] {processor.py:840} INFO - DAG(s) 'example_dag' retrieved from /opt/airflow/dags/new_dags.py
[2026-03-31T09:05:49.491+0000] {logging_mixin.py:188} INFO - [2026-03-31T09:05:49.491+0000] {dag.py:3096} INFO - Sync 1 DAGs
[2026-03-31T09:05:49.513+0000] {logging_mixin.py:188} INFO - [2026-03-31T09:05:49.513+0000] {dag.py:3954} INFO - Setting next_dagrun for example_dag to 2026-03-30 00:00:00+00:00, run_after=2026-03-31 00:00:00+00:00
[2026-03-31T09:05:49.535+0000] {processor.py:183} INFO - Processing /opt/airflow/dags/new_dags.py took 0.098 seconds
[2026-03-31T09:06:20.099+0000] {processor.py:161} INFO - Started process (PID=867) to work on /opt/airflow/dags/new_dags.py
[2026-03-31T09:06:20.100+0000] {processor.py:830} INFO - Processing file /opt/airflow/dags/new_dags.py for tasks to queue
[2026-03-31T09:06:20.102+0000] {logging_mixin.py:188} INFO - [2026-03-31T09:06:20.102+0000] {dagbag.py:545} INFO - Filling up the DagBag from /opt/airflow/dags/new_dags.py
[2026-03-31T09:06:20.124+0000] {processor.py:840} INFO - DAG(s) 'example_dag' retrieved from /opt/airflow/dags/new_dags.py
[2026-03-31T09:06:20.149+0000] {logging_mixin.py:188} INFO - [2026-03-31T09:06:20.148+0000] {dag.py:3096} INFO - Sync 1 DAGs
[2026-03-31T09:06:20.167+0000] {logging_mixin.py:188} INFO - [2026-03-31T09:06:20.167+0000] {dag.py:3954} INFO - Setting next_dagrun for example_dag to 2026-03-30 00:00:00+00:00, run_after=2026-03-31 00:00:00+00:00
[2026-03-31T09:06:20.190+0000] {processor.py:183} INFO - Processing /opt/airflow/dags/new_dags.py took 0.098 seconds
[2026-03-31T09:06:50.931+0000] {processor.py:161} INFO - Started process (PID=893) to work on /opt/airflow/dags/new_dags.py
[2026-03-31T09:06:50.932+0000] {processor.py:830} INFO - Processing file /opt/airflow/dags/new_dags.py for tasks to queue
[2026-03-31T09:06:50.934+0000] {logging_mixin.py:188} INFO - [2026-03-31T09:06:50.934+0000] {dagbag.py:545} INFO - Filling up the DagBag from /opt/airflow/dags/new_dags.py
[2026-03-31T09:06:50.973+0000] {processor.py:840} INFO - DAG(s) 'example_dag' retrieved from /opt/airflow/dags/new_dags.py
[2026-03-31T09:06:51.006+0000] {logging_mixin.py:188} INFO - [2026-03-31T09:06:51.005+0000] {dag.py:3096} INFO - Sync 1 DAGs
[2026-03-31T09:06:51.024+0000] {logging_mixin.py:188} INFO - [2026-03-31T09:06:51.024+0000] {dag.py:3954} INFO - Setting next_dagrun for example_dag to 2026-03-30 00:00:00+00:00, run_after=2026-03-31 00:00:00+00:00
[2026-03-31T09:06:51.052+0000] {processor.py:183} INFO - Processing /opt/airflow/dags/new_dags.py took 0.127 seconds
[2026-03-31T09:07:21.553+0000] {processor.py:161} INFO - Started process (PID=919) to work on /opt/airflow/dags/new_dags.py
[2026-03-31T09:07:21.554+0000] {processor.py:830} INFO - Processing file /opt/airflow/dags/new_dags.py for tasks to queue
[2026-03-31T09:07:21.556+0000] {logging_mixin.py:188} INFO - [2026-03-31T09:07:21.556+0000] {dagbag.py:545} INFO - Filling up the DagBag from /opt/airflow/dags/new_dags.py
[2026-03-31T09:07:21.585+0000] {processor.py:840} INFO - DAG(s) 'example_dag' retrieved from /opt/airflow/dags/new_dags.py
[2026-03-31T09:07:21.613+0000] {logging_mixin.py:188} INFO - [2026-03-31T09:07:21.612+0000] {dag.py:3096} INFO - Sync 1 DAGs
[2026-03-31T09:07:21.634+0000] {logging_mixin.py:188} INFO - [2026-03-31T09:07:21.634+0000] {dag.py:3954} INFO - Setting next_dagrun for example_dag to 2026-03-30 00:00:00+00:00, run_after=2026-03-31 00:00:00+00:00
[2026-03-31T09:07:21.657+0000] {processor.py:183} INFO - Processing /opt/airflow/dags/new_dags.py took 0.112 seconds
[2026-03-31T09:07:52.330+0000] {processor.py:161} INFO - Started process (PID=945) to work on /opt/airflow/dags/new_dags.py
[2026-03-31T09:07:52.331+0000] {processor.py:830} INFO - Processing file /opt/airflow/dags/new_dags.py for tasks to queue
[2026-03-31T09:07:52.333+0000] {logging_mixin.py:188} INFO - [2026-03-31T09:07:52.333+0000] {dagbag.py:545} INFO - Filling up the DagBag from /opt/airflow/dags/new_dags.py
[2026-03-31T09:07:52.354+0000] {processor.py:840} INFO - DAG(s) 'example_dag' retrieved from /opt/airflow/dags/new_dags.py
[2026-03-31T09:07:52.378+0000] {logging_mixin.py:188} INFO - [2026-03-31T09:07:52.378+0000] {dag.py:3096} INFO - Sync 1 DAGs
[2026-03-31T09:07:52.403+0000] {logging_mixin.py:188} INFO - [2026-03-31T09:07:52.402+0000] {dag.py:3954} INFO - Setting next_dagrun for example_dag to 2026-03-30 00:00:00+00:00, run_after=2026-03-31 00:00:00+00:00
[2026-03-31T09:07:52.426+0000] {processor.py:183} INFO - Processing /opt/airflow/dags/new_dags.py took 0.103 seconds
[2026-03-31T09:08:23.107+0000] {processor.py:161} INFO - Started process (PID=971) to work on /opt/airflow/dags/new_dags.py
[2026-03-31T09:08:23.109+0000] {processor.py:830} INFO - Processing file /opt/airflow/dags/new_dags.py for tasks to queue
[2026-03-31T09:08:23.111+0000] {logging_mixin.py:188} INFO - [2026-03-31T09:08:23.111+0000] {dagbag.py:545} INFO - Filling up the DagBag from /opt/airflow/dags/new_dags.py
[2026-03-31T09:08:23.142+0000] {processor.py:840} INFO - DAG(s) 'example_dag' retrieved from /opt/airflow/dags/new_dags.py
[2026-03-31T09:08:23.183+0000] {logging_mixin.py:188} INFO - [2026-03-31T09:08:23.183+0000] {dag.py:3096} INFO - Sync 1 DAGs
[2026-03-31T09:08:23.204+0000] {logging_mixin.py:188} INFO - [2026-03-31T09:08:23.203+0000] {dag.py:3954} INFO - Setting next_dagrun for example_dag to 2026-03-30 00:00:00+00:00, run_after=2026-03-31 00:00:00+00:00
[2026-03-31T09:08:23.225+0000] {processor.py:183} INFO - Processing /opt/airflow/dags/new_dags.py took 0.125 seconds
[2026-03-31T09:08:53.954+0000] {processor.py:161} INFO - Started process (PID=996) to work on /opt/airflow/dags/new_dags.py
[2026-03-31T09:08:53.955+0000] {processor.py:830} INFO - Processing file /opt/airflow/dags/new_dags.py for tasks to queue
[2026-03-31T09:08:53.957+0000] {logging_mixin.py:188} INFO - [2026-03-31T09:08:53.957+0000] {dagbag.py:545} INFO - Filling up the DagBag from /opt/airflow/dags/new_dags.py
[2026-03-31T09:08:53.979+0000] {processor.py:840} INFO - DAG(s) 'example_dag' retrieved from /opt/airflow/dags/new_dags.py
[2026-03-31T09:08:54.008+0000] {logging_mixin.py:188} INFO - [2026-03-31T09:08:54.007+0000] {dag.py:3096} INFO - Sync 1 DAGs
[2026-03-31T09:08:54.027+0000] {logging_mixin.py:188} INFO - [2026-03-31T09:08:54.026+0000] {dag.py:3954} INFO - Setting next_dagrun for example_dag to 2026-03-30 00:00:00+00:00, run_after=2026-03-31 00:00:00+00:00
[2026-03-31T09:08:54.049+0000] {processor.py:183} INFO - Processing /opt/airflow/dags/new_dags.py took 0.101 seconds
[2026-03-31T09:09:24.803+0000] {processor.py:161} INFO - Started process (PID=1022) to work on /opt/airflow/dags/new_dags.py
[2026-03-31T09:09:24.804+0000] {processor.py:830} INFO - Processing file /opt/airflow/dags/new_dags.py for tasks to queue
[2026-03-31T09:09:24.806+0000] {logging_mixin.py:188} INFO - [2026-03-31T09:09:24.806+0000] {dagbag.py:545} INFO - Filling up the DagBag from /opt/airflow/dags/new_dags.py
[2026-03-31T09:09:24.833+0000] {processor.py:840} INFO - DAG(s) 'example_dag' retrieved from /opt/airflow/dags/new_dags.py
[2026-03-31T09:09:24.860+0000] {logging_mixin.py:188} INFO - [2026-03-31T09:09:24.860+0000] {dag.py:3096} INFO - Sync 1 DAGs
[2026-03-31T09:09:24.879+0000] {logging_mixin.py:188} INFO - [2026-03-31T09:09:24.879+0000] {dag.py:3954} INFO - Setting next_dagrun for example_dag to 2026-03-30 00:00:00+00:00, run_after=2026-03-31 00:00:00+00:00
[2026-03-31T09:09:24.902+0000] {processor.py:183} INFO - Processing /opt/airflow/dags/new_dags.py took 0.106 seconds
[2026-03-31T09:09:55.536+0000] {processor.py:161} INFO - Started process (PID=1048) to work on /opt/airflow/dags/new_dags.py
[2026-03-31T09:09:55.538+0000] {processor.py:830} INFO - Processing file /opt/airflow/dags/new_dags.py for tasks to queue
[2026-03-31T09:09:55.542+0000] {logging_mixin.py:188} INFO - [2026-03-31T09:09:55.542+0000] {dagbag.py:545} INFO - Filling up the DagBag from /opt/airflow/dags/new_dags.py
[2026-03-31T09:09:55.570+0000] {processor.py:840} INFO - DAG(s) 'example_dag' retrieved from /opt/airflow/dags/new_dags.py
[2026-03-31T09:09:55.603+0000] {logging_mixin.py:188} INFO - [2026-03-31T09:09:55.603+0000] {dag.py:3096} INFO - Sync 1 DAGs
[2026-03-31T09:09:55.624+0000] {logging_mixin.py:188} INFO - [2026-03-31T09:09:55.623+0000] {dag.py:3954} INFO - Setting next_dagrun for example_dag to 2026-03-30 00:00:00+00:00, run_after=2026-03-31 00:00:00+00:00
[2026-03-31T09:09:55.650+0000] {processor.py:183} INFO - Processing /opt/airflow/dags/new_dags.py took 0.120 seconds
[2026-03-31T09:10:26.251+0000] {processor.py:161} INFO - Started process (PID=1074) to work on /opt/airflow/dags/new_dags.py
[2026-03-31T09:10:26.253+0000] {processor.py:830} INFO - Processing file /opt/airflow/dags/new_dags.py for tasks to queue
[2026-03-31T09:10:26.255+0000] {logging_mixin.py:188} INFO - [2026-03-31T09:10:26.254+0000] {dagbag.py:545} INFO - Filling up the DagBag from /opt/airflow/dags/new_dags.py
[2026-03-31T09:10:26.279+0000] {processor.py:840} INFO - DAG(s) 'example_dag' retrieved from /opt/airflow/dags/new_dags.py
[2026-03-31T09:10:26.304+0000] {logging_mixin.py:188} INFO - [2026-03-31T09:10:26.303+0000] {dag.py:3096} INFO - Sync 1 DAGs
[2026-03-31T09:10:26.322+0000] {logging_mixin.py:188} INFO - [2026-03-31T09:10:26.322+0000] {dag.py:3954} INFO - Setting next_dagrun for example_dag to 2026-03-30 00:00:00+00:00, run_after=2026-03-31 00:00:00+00:00
[2026-03-31T09:10:26.345+0000] {processor.py:183} INFO - Processing /opt/airflow/dags/new_dags.py took 0.100 seconds
[2026-03-31T09:10:57.040+0000] {processor.py:161} INFO - Started process (PID=1100) to work on /opt/airflow/dags/new_dags.py
[2026-03-31T09:10:57.041+0000] {processor.py:830} INFO - Processing file /opt/airflow/dags/new_dags.py for tasks to queue
[2026-03-31T09:10:57.044+0000] {logging_mixin.py:188} INFO - [2026-03-31T09:10:57.043+0000] {dagbag.py:545} INFO - Filling up the DagBag from /opt/airflow/dags/new_dags.py
[2026-03-31T09:10:57.070+0000] {processor.py:840} INFO - DAG(s) 'example_dag' retrieved from /opt/airflow/dags/new_dags.py
[2026-03-31T09:10:57.096+0000] {logging_mixin.py:188} INFO - [2026-03-31T09:10:57.095+0000] {dag.py:3096} INFO - Sync 1 DAGs
[2026-03-31T09:10:57.114+0000] {logging_mixin.py:188} INFO - [2026-03-31T09:10:57.114+0000] {dag.py:3954} INFO - Setting next_dagrun for example_dag to 2026-03-30 00:00:00+00:00, run_after=2026-03-31 00:00:00+00:00
[2026-03-31T09:10:57.141+0000] {processor.py:183} INFO - Processing /opt/airflow/dags/new_dags.py took 0.109 seconds
[2026-03-31T09:11:27.684+0000] {processor.py:161} INFO - Started process (PID=1126) to work on /opt/airflow/dags/new_dags.py
[2026-03-31T09:11:27.685+0000] {processor.py:830} INFO - Processing file /opt/airflow/dags/new_dags.py for tasks to queue
[2026-03-31T09:11:27.687+0000] {logging_mixin.py:188} INFO - [2026-03-31T09:11:27.687+0000] {dagbag.py:545} INFO - Filling up the DagBag from /opt/airflow/dags/new_dags.py
[2026-03-31T09:11:27.708+0000] {processor.py:840} INFO - DAG(s) 'example_dag' retrieved from /opt/airflow/dags/new_dags.py
[2026-03-31T09:11:27.737+0000] {logging_mixin.py:188} INFO - [2026-03-31T09:11:27.737+0000] {dag.py:3096} INFO - Sync 1 DAGs
[2026-03-31T09:11:27.757+0000] {logging_mixin.py:188} INFO - [2026-03-31T09:11:27.757+0000] {dag.py:3954} INFO - Setting next_dagrun for example_dag to 2026-03-30 00:00:00+00:00, run_after=2026-03-31 00:00:00+00:00
[2026-03-31T09:11:27.783+0000] {processor.py:183} INFO - Processing /opt/airflow/dags/new_dags.py took 0.105 seconds
[2026-03-31T09:11:58.400+0000] {processor.py:161} INFO - Started process (PID=1152) to work on /opt/airflow/dags/new_dags.py
[2026-03-31T09:11:58.401+0000] {processor.py:830} INFO - Processing file /opt/airflow/dags/new_dags.py for tasks to queue
[2026-03-31T09:11:58.405+0000] {logging_mixin.py:188} INFO - [2026-03-31T09:11:58.405+0000] {dagbag.py:545} INFO - Filling up the DagBag from /opt/airflow/dags/new_dags.py
[2026-03-31T09:11:58.432+0000] {processor.py:840} INFO - DAG(s) 'example_dag' retrieved from /opt/airflow/dags/new_dags.py
[2026-03-31T09:11:58.457+0000] {logging_mixin.py:188} INFO - [2026-03-31T09:11:58.457+0000] {dag.py:3096} INFO - Sync 1 DAGs
[2026-03-31T09:11:58.477+0000] {logging_mixin.py:188} INFO - [2026-03-31T09:11:58.477+0000] {dag.py:3954} INFO - Setting next_dagrun for example_dag to 2026-03-30 00:00:00+00:00, run_after=2026-03-31 00:00:00+00:00
[2026-03-31T09:11:58.503+0000] {processor.py:183} INFO - Processing /opt/airflow/dags/new_dags.py took 0.110 seconds
[2026-03-31T09:12:29.157+0000] {processor.py:161} INFO - Started process (PID=1178) to work on /opt/airflow/dags/new_dags.py
[2026-03-31T09:12:29.161+0000] {processor.py:830} INFO - Processing file /opt/airflow/dags/new_dags.py for tasks to queue
[2026-03-31T09:12:29.164+0000] {logging_mixin.py:188} INFO - [2026-03-31T09:12:29.164+0000] {dagbag.py:545} INFO - Filling up the DagBag from /opt/airflow/dags/new_dags.py
[2026-03-31T09:12:29.225+0000] {processor.py:840} INFO - DAG(s) 'example_dag' retrieved from /opt/airflow/dags/new_dags.py
[2026-03-31T09:12:29.287+0000] {logging_mixin.py:188} INFO - [2026-03-31T09:12:29.287+0000] {dag.py:3096} INFO - Sync 1 DAGs
[2026-03-31T09:12:29.330+0000] {logging_mixin.py:188} INFO - [2026-03-31T09:12:29.330+0000] {dag.py:3954} INFO - Setting next_dagrun for example_dag to 2026-03-30 00:00:00+00:00, run_after=2026-03-31 00:00:00+00:00
[2026-03-31T09:12:29.360+0000] {processor.py:183} INFO - Processing /opt/airflow/dags/new_dags.py took 0.214 seconds
[2026-03-31T09:12:59.434+0000] {processor.py:161} INFO - Started process (PID=1204) to work on /opt/airflow/dags/new_dags.py
[2026-03-31T09:12:59.435+0000] {processor.py:830} INFO - Processing file /opt/airflow/dags/new_dags.py for tasks to queue
[2026-03-31T09:12:59.437+0000] {logging_mixin.py:188} INFO - [2026-03-31T09:12:59.437+0000] {dagbag.py:545} INFO - Filling up the DagBag from /opt/airflow/dags/new_dags.py
[2026-03-31T09:12:59.459+0000] {processor.py:840} INFO - DAG(s) 'example_dag' retrieved from /opt/airflow/dags/new_dags.py
[2026-03-31T09:12:59.488+0000] {logging_mixin.py:188} INFO - [2026-03-31T09:12:59.488+0000] {dag.py:3096} INFO - Sync 1 DAGs
[2026-03-31T09:12:59.511+0000] {logging_mixin.py:188} INFO - [2026-03-31T09:12:59.511+0000] {dag.py:3954} INFO - Setting next_dagrun for example_dag to 2026-03-30 00:00:00+00:00, run_after=2026-03-31 00:00:00+00:00
[2026-03-31T09:12:59.539+0000] {processor.py:183} INFO - Processing /opt/airflow/dags/new_dags.py took 0.112 seconds
[2026-03-31T09:13:30.336+0000] {processor.py:161} INFO - Started process (PID=1230) to work on /opt/airflow/dags/new_dags.py
[2026-03-31T09:13:30.338+0000] {processor.py:830} INFO - Processing file /opt/airflow/dags/new_dags.py for tasks to queue
[2026-03-31T09:13:30.340+0000] {logging_mixin.py:188} INFO - [2026-03-31T09:13:30.339+0000] {dagbag.py:545} INFO - Filling up the DagBag from /opt/airflow/dags/new_dags.py
[2026-03-31T09:13:30.368+0000] {processor.py:840} INFO - DAG(s) 'example_dag' retrieved from /opt/airflow/dags/new_dags.py
[2026-03-31T09:13:30.397+0000] {logging_mixin.py:188} INFO - [2026-03-31T09:13:30.397+0000] {dag.py:3096} INFO - Sync 1 DAGs
[2026-03-31T09:13:30.421+0000] {logging_mixin.py:188} INFO - [2026-03-31T09:13:30.420+0000] {dag.py:3954} INFO - Setting next_dagrun for example_dag to 2026-03-30 00:00:00+00:00, run_after=2026-03-31 00:00:00+00:00
[2026-03-31T09:13:30.448+0000] {processor.py:183} INFO - Processing /opt/airflow/dags/new_dags.py took 0.118 seconds
[2026-03-31T09:14:00.973+0000] {processor.py:161} INFO - Started process (PID=1257) to work on /opt/airflow/dags/new_dags.py
[2026-03-31T09:14:00.974+0000] {processor.py:830} INFO - Processing file /opt/airflow/dags/new_dags.py for tasks to queue
[2026-03-31T09:14:00.976+0000] {logging_mixin.py:188} INFO - [2026-03-31T09:14:00.976+0000] {dagbag.py:545} INFO - Filling up the DagBag from /opt/airflow/dags/new_dags.py
[2026-03-31T09:14:01.003+0000] {processor.py:840} INFO - DAG(s) 'example_dag' retrieved from /opt/airflow/dags/new_dags.py
[2026-03-31T09:14:01.027+0000] {logging_mixin.py:188} INFO - [2026-03-31T09:14:01.027+0000] {dag.py:3096} INFO - Sync 1 DAGs
[2026-03-31T09:14:01.048+0000] {logging_mixin.py:188} INFO - [2026-03-31T09:14:01.048+0000] {dag.py:3954} INFO - Setting next_dagrun for example_dag to 2026-03-30 00:00:00+00:00, run_after=2026-03-31 00:00:00+00:00
[2026-03-31T09:14:01.069+0000] {processor.py:183} INFO - Processing /opt/airflow/dags/new_dags.py took 0.102 seconds
[2026-03-31T09:14:31.615+0000] {processor.py:161} INFO - Started process (PID=1283) to work on /opt/airflow/dags/new_dags.py
[2026-03-31T09:14:31.616+0000] {processor.py:830} INFO - Processing file /opt/airflow/dags/new_dags.py for tasks to queue
[2026-03-31T09:14:31.618+0000] {logging_mixin.py:188} INFO - [2026-03-31T09:14:31.618+0000] {dagbag.py:545} INFO - Filling up the DagBag from /opt/airflow/dags/new_dags.py
[2026-03-31T09:14:31.651+0000] {processor.py:840} INFO - DAG(s) 'example_dag' retrieved from /opt/airflow/dags/new_dags.py
[2026-03-31T09:14:31.679+0000] {logging_mixin.py:188} INFO - [2026-03-31T09:14:31.679+0000] {dag.py:3096} INFO - Sync 1 DAGs
[2026-03-31T09:14:31.700+0000] {logging_mixin.py:188} INFO - [2026-03-31T09:14:31.700+0000] {dag.py:3954} INFO - Setting next_dagrun for example_dag to 2026-03-30 00:00:00+00:00, run_after=2026-03-31 00:00:00+00:00
[2026-03-31T09:14:31.726+0000] {processor.py:183} INFO - Processing /opt/airflow/dags/new_dags.py took 0.118 seconds
[2026-03-31T09:15:02.311+0000] {processor.py:161} INFO - Started process (PID=1315) to work on /opt/airflow/dags/new_dags.py
[2026-03-31T09:15:02.312+0000] {processor.py:830} INFO - Processing file /opt/airflow/dags/new_dags.py for tasks to queue
[2026-03-31T09:15:02.313+0000] {logging_mixin.py:188} INFO - [2026-03-31T09:15:02.313+0000] {dagbag.py:545} INFO - Filling up the DagBag from /opt/airflow/dags/new_dags.py
[2026-03-31T09:15:02.336+0000] {processor.py:840} INFO - DAG(s) 'example_dag' retrieved from /opt/airflow/dags/new_dags.py
[2026-03-31T09:15:02.361+0000] {logging_mixin.py:188} INFO - [2026-03-31T09:15:02.361+0000] {dag.py:3096} INFO - Sync 1 DAGs
[2026-03-31T09:15:02.379+0000] {logging_mixin.py:188} INFO - [2026-03-31T09:15:02.379+0000] {dag.py:3954} INFO - Setting next_dagrun for example_dag to 2026-03-30 00:00:00+00:00, run_after=2026-03-31 00:00:00+00:00
[2026-03-31T09:15:02.402+0000] {processor.py:183} INFO - Processing /opt/airflow/dags/new_dags.py took 0.097 seconds
[2026-03-31T09:15:33.088+0000] {processor.py:161} INFO - Started process (PID=1341) to work on /opt/airflow/dags/new_dags.py
[2026-03-31T09:15:33.089+0000] {processor.py:830} INFO - Processing file /opt/airflow/dags/new_dags.py for tasks to queue
[2026-03-31T09:15:33.091+0000] {logging_mixin.py:188} INFO - [2026-03-31T09:15:33.090+0000] {dagbag.py:545} INFO - Filling up the DagBag from /opt/airflow/dags/new_dags.py
[2026-03-31T09:15:33.109+0000] {processor.py:840} INFO - DAG(s) 'example_dag' retrieved from /opt/airflow/dags/new_dags.py
[2026-03-31T09:15:33.136+0000] {logging_mixin.py:188} INFO - [2026-03-31T09:15:33.136+0000] {dag.py:3096} INFO - Sync 1 DAGs
[2026-03-31T09:15:33.155+0000] {logging_mixin.py:188} INFO - [2026-03-31T09:15:33.155+0000] {dag.py:3954} INFO - Setting next_dagrun for example_dag to 2026-03-30 00:00:00+00:00, run_after=2026-03-31 00:00:00+00:00
[2026-03-31T09:15:33.177+0000] {processor.py:183} INFO - Processing /opt/airflow/dags/new_dags.py took 0.097 seconds
[2026-03-31T09:16:03.816+0000] {processor.py:161} INFO - Started process (PID=1367) to work on /opt/airflow/dags/new_dags.py
[2026-03-31T09:16:03.817+0000] {processor.py:830} INFO - Processing file /opt/airflow/dags/new_dags.py for tasks to queue
[2026-03-31T09:16:03.820+0000] {logging_mixin.py:188} INFO - [2026-03-31T09:16:03.820+0000] {dagbag.py:545} INFO - Filling up the DagBag from /opt/airflow/dags/new_dags.py
[2026-03-31T09:16:03.849+0000] {processor.py:840} INFO - DAG(s) 'example_dag' retrieved from /opt/airflow/dags/new_dags.py
[2026-03-31T09:16:03.877+0000] {logging_mixin.py:188} INFO - [2026-03-31T09:16:03.876+0000] {dag.py:3096} INFO - Sync 1 DAGs
[2026-03-31T09:16:03.899+0000] {logging_mixin.py:188} INFO - [2026-03-31T09:16:03.899+0000] {dag.py:3954} INFO - Setting next_dagrun for example_dag to 2026-03-30 00:00:00+00:00, run_after=2026-03-31 00:00:00+00:00
[2026-03-31T09:16:03.928+0000] {processor.py:183} INFO - Processing /opt/airflow/dags/new_dags.py took 0.118 seconds
[2026-03-31T09:16:34.479+0000] {processor.py:161} INFO - Started process (PID=1393) to work on /opt/airflow/dags/new_dags.py
[2026-03-31T09:16:34.480+0000] {processor.py:830} INFO - Processing file /opt/airflow/dags/new_dags.py for tasks to queue
[2026-03-31T09:16:34.482+0000] {logging_mixin.py:188} INFO - [2026-03-31T09:16:34.482+0000] {dagbag.py:545} INFO - Filling up the DagBag from /opt/airflow/dags/new_dags.py
[2026-03-31T09:16:34.504+0000] {processor.py:840} INFO - DAG(s) 'example_dag' retrieved from /opt/airflow/dags/new_dags.py
[2026-03-31T09:16:34.529+0000] {logging_mixin.py:188} INFO - [2026-03-31T09:16:34.528+0000] {dag.py:3096} INFO - Sync 1 DAGs
[2026-03-31T09:16:34.549+0000] {logging_mixin.py:188} INFO - [2026-03-31T09:16:34.549+0000] {dag.py:3954} INFO - Setting next_dagrun for example_dag to 2026-03-30 00:00:00+00:00, run_after=2026-03-31 00:00:00+00:00
[2026-03-31T09:16:34.573+0000] {processor.py:183} INFO - Processing /opt/airflow/dags/new_dags.py took 0.100 seconds
[2026-03-31T09:17:05.321+0000] {processor.py:161} INFO - Started process (PID=1419) to work on /opt/airflow/dags/new_dags.py
[2026-03-31T09:17:05.323+0000] {processor.py:830} INFO - Processing file /opt/airflow/dags/new_dags.py for tasks to queue
[2026-03-31T09:17:05.325+0000] {logging_mixin.py:188} INFO - [2026-03-31T09:17:05.325+0000] {dagbag.py:545} INFO - Filling up the DagBag from /opt/airflow/dags/new_dags.py
[2026-03-31T09:17:05.365+0000] {processor.py:840} INFO - DAG(s) 'example_dag' retrieved from /opt/airflow/dags/new_dags.py
[2026-03-31T09:17:05.414+0000] {logging_mixin.py:188} INFO - [2026-03-31T09:17:05.412+0000] {dag.py:3096} INFO - Sync 1 DAGs
[2026-03-31T09:17:05.448+0000] {logging_mixin.py:188} INFO - [2026-03-31T09:17:05.448+0000] {dag.py:3954} INFO - Setting next_dagrun for example_dag to 2026-03-30 00:00:00+00:00, run_after=2026-03-31 00:00:00+00:00
[2026-03-31T09:17:05.481+0000] {processor.py:183} INFO - Processing /opt/airflow/dags/new_dags.py took 0.167 seconds
[2026-03-31T09:18:45.376+0000] {processor.py:161} INFO - Started process (PID=208) to work on /opt/airflow/dags/new_dags.py
[2026-03-31T09:18:45.378+0000] {processor.py:830} INFO - Processing file /opt/airflow/dags/new_dags.py for tasks to queue
[2026-03-31T09:18:45.381+0000] {logging_mixin.py:188} INFO - [2026-03-31T09:18:45.380+0000] {dagbag.py:545} INFO - Filling up the DagBag from /opt/airflow/dags/new_dags.py
[2026-03-31T09:18:45.436+0000] {processor.py:840} INFO - DAG(s) 'example_dag' retrieved from /opt/airflow/dags/new_dags.py
[2026-03-31T09:18:45.673+0000] {logging_mixin.py:188} INFO - [2026-03-31T09:18:45.672+0000] {dag.py:3096} INFO - Sync 1 DAGs
[2026-03-31T09:18:45.714+0000] {logging_mixin.py:188} INFO - [2026-03-31T09:18:45.714+0000] {dag.py:3954} INFO - Setting next_dagrun for example_dag to 2026-03-30 00:00:00+00:00, run_after=2026-03-31 00:00:00+00:00
[2026-03-31T09:18:45.764+0000] {processor.py:183} INFO - Processing /opt/airflow/dags/new_dags.py took 0.400 seconds
[2026-03-31T09:19:16.582+0000] {processor.py:161} INFO - Started process (PID=234) to work on /opt/airflow/dags/new_dags.py
[2026-03-31T09:19:16.583+0000] {processor.py:830} INFO - Processing file /opt/airflow/dags/new_dags.py for tasks to queue
[2026-03-31T09:19:16.586+0000] {logging_mixin.py:188} INFO - [2026-03-31T09:19:16.586+0000] {dagbag.py:545} INFO - Filling up the DagBag from /opt/airflow/dags/new_dags.py
[2026-03-31T09:19:16.642+0000] {processor.py:840} INFO - DAG(s) 'example_dag' retrieved from /opt/airflow/dags/new_dags.py
[2026-03-31T09:19:16.673+0000] {logging_mixin.py:188} INFO - [2026-03-31T09:19:16.673+0000] {dag.py:3096} INFO - Sync 1 DAGs
[2026-03-31T09:19:16.697+0000] {logging_mixin.py:188} INFO - [2026-03-31T09:19:16.697+0000] {dag.py:3954} INFO - Setting next_dagrun for example_dag to 2026-03-30 00:00:00+00:00, run_after=2026-03-31 00:00:00+00:00
[2026-03-31T09:19:16.724+0000] {processor.py:183} INFO - Processing /opt/airflow/dags/new_dags.py took 0.150 seconds
[2026-03-31T09:19:47.498+0000] {processor.py:161} INFO - Started process (PID=260) to work on /opt/airflow/dags/new_dags.py
[2026-03-31T09:19:47.499+0000] {processor.py:830} INFO - Processing file /opt/airflow/dags/new_dags.py for tasks to queue
[2026-03-31T09:19:47.501+0000] {logging_mixin.py:188} INFO - [2026-03-31T09:19:47.501+0000] {dagbag.py:545} INFO - Filling up the DagBag from /opt/airflow/dags/new_dags.py
[2026-03-31T09:19:47.545+0000] {processor.py:840} INFO - DAG(s) 'example_dag' retrieved from /opt/airflow/dags/new_dags.py
[2026-03-31T09:19:47.576+0000] {logging_mixin.py:188} INFO - [2026-03-31T09:19:47.576+0000] {dag.py:3096} INFO - Sync 1 DAGs
[2026-03-31T09:19:47.602+0000] {logging_mixin.py:188} INFO - [2026-03-31T09:19:47.602+0000] {dag.py:3954} INFO - Setting next_dagrun for example_dag to 2026-03-30 00:00:00+00:00, run_after=2026-03-31 00:00:00+00:00
[2026-03-31T09:19:47.629+0000] {processor.py:183} INFO - Processing /opt/airflow/dags/new_dags.py took 0.137 seconds
[2026-03-31T09:20:18.293+0000] {processor.py:161} INFO - Started process (PID=286) to work on /opt/airflow/dags/new_dags.py
[2026-03-31T09:20:18.295+0000] {processor.py:830} INFO - Processing file /opt/airflow/dags/new_dags.py for tasks to queue
[2026-03-31T09:20:18.298+0000] {logging_mixin.py:188} INFO - [2026-03-31T09:20:18.298+0000] {dagbag.py:545} INFO - Filling up the DagBag from /opt/airflow/dags/new_dags.py
[2026-03-31T09:20:18.334+0000] {processor.py:840} INFO - DAG(s) 'example_dag' retrieved from /opt/airflow/dags/new_dags.py
[2026-03-31T09:20:18.402+0000] {logging_mixin.py:188} INFO - [2026-03-31T09:20:18.402+0000] {dag.py:3096} INFO - Sync 1 DAGs
[2026-03-31T09:20:18.441+0000] {logging_mixin.py:188} INFO - [2026-03-31T09:20:18.440+0000] {dag.py:3954} INFO - Setting next_dagrun for example_dag to 2026-03-30 00:00:00+00:00, run_after=2026-03-31 00:00:00+00:00
[2026-03-31T09:20:18.471+0000] {processor.py:183} INFO - Processing /opt/airflow/dags/new_dags.py took 0.187 seconds
[2026-03-31T09:20:49.109+0000] {processor.py:161} INFO - Started process (PID=312) to work on /opt/airflow/dags/new_dags.py
[2026-03-31T09:20:49.111+0000] {processor.py:830} INFO - Processing file /opt/airflow/dags/new_dags.py for tasks to queue
[2026-03-31T09:20:49.114+0000] {logging_mixin.py:188} INFO - [2026-03-31T09:20:49.113+0000] {dagbag.py:545} INFO - Filling up the DagBag from /opt/airflow/dags/new_dags.py
[2026-03-31T09:20:49.157+0000] {processor.py:840} INFO - DAG(s) 'example_dag' retrieved from /opt/airflow/dags/new_dags.py
[2026-03-31T09:20:49.210+0000] {logging_mixin.py:188} INFO - [2026-03-31T09:20:49.210+0000] {dag.py:3096} INFO - Sync 1 DAGs
[2026-03-31T09:20:49.242+0000] {logging_mixin.py:188} INFO - [2026-03-31T09:20:49.242+0000] {dag.py:3954} INFO - Setting next_dagrun for example_dag to 2026-03-30 00:00:00+00:00, run_after=2026-03-31 00:00:00+00:00
[2026-03-31T09:20:49.274+0000] {processor.py:183} INFO - Processing /opt/airflow/dags/new_dags.py took 0.177 seconds
[2026-03-31T09:21:19.809+0000] {processor.py:161} INFO - Started process (PID=338) to work on /opt/airflow/dags/new_dags.py
[2026-03-31T09:21:19.811+0000] {processor.py:830} INFO - Processing file /opt/airflow/dags/new_dags.py for tasks to queue
[2026-03-31T09:21:19.813+0000] {logging_mixin.py:188} INFO - [2026-03-31T09:21:19.813+0000] {dagbag.py:545} INFO - Filling up the DagBag from /opt/airflow/dags/new_dags.py
[2026-03-31T09:21:19.838+0000] {processor.py:840} INFO - DAG(s) 'example_dag' retrieved from /opt/airflow/dags/new_dags.py
[2026-03-31T09:21:19.866+0000] {logging_mixin.py:188} INFO - [2026-03-31T09:21:19.865+0000] {dag.py:3096} INFO - Sync 1 DAGs
[2026-03-31T09:21:19.890+0000] {logging_mixin.py:188} INFO - [2026-03-31T09:21:19.890+0000] {dag.py:3954} INFO - Setting next_dagrun for example_dag to 2026-03-30 00:00:00+00:00, run_after=2026-03-31 00:00:00+00:00
[2026-03-31T09:21:19.915+0000] {processor.py:183} INFO - Processing /opt/airflow/dags/new_dags.py took 0.113 seconds
[2026-03-31T09:21:50.581+0000] {processor.py:161} INFO - Started process (PID=365) to work on /opt/airflow/dags/new_dags.py
[2026-03-31T09:21:50.582+0000] {processor.py:830} INFO - Processing file /opt/airflow/dags/new_dags.py for tasks to queue
[2026-03-31T09:21:50.584+0000] {logging_mixin.py:188} INFO - [2026-03-31T09:21:50.583+0000] {dagbag.py:545} INFO - Filling up the DagBag from /opt/airflow/dags/new_dags.py
[2026-03-31T09:21:50.621+0000] {processor.py:840} INFO - DAG(s) 'example_dag' retrieved from /opt/airflow/dags/new_dags.py
[2026-03-31T09:21:50.657+0000] {logging_mixin.py:188} INFO - [2026-03-31T09:21:50.657+0000] {dag.py:3096} INFO - Sync 1 DAGs
[2026-03-31T09:21:50.681+0000] {logging_mixin.py:188} INFO - [2026-03-31T09:21:50.680+0000] {dag.py:3954} INFO - Setting next_dagrun for example_dag to 2026-03-30 00:00:00+00:00, run_after=2026-03-31 00:00:00+00:00
[2026-03-31T09:21:50.713+0000] {processor.py:183} INFO - Processing /opt/airflow/dags/new_dags.py took 0.139 seconds
[2026-03-31T09:22:21.630+0000] {processor.py:161} INFO - Started process (PID=389) to work on /opt/airflow/dags/new_dags.py
[2026-03-31T09:22:21.632+0000] {processor.py:830} INFO - Processing file /opt/airflow/dags/new_dags.py for tasks to queue
[2026-03-31T09:22:21.637+0000] {logging_mixin.py:188} INFO - [2026-03-31T09:22:21.637+0000] {dagbag.py:545} INFO - Filling up the DagBag from /opt/airflow/dags/new_dags.py
[2026-03-31T09:22:21.693+0000] {processor.py:840} INFO - DAG(s) 'example_dag' retrieved from /opt/airflow/dags/new_dags.py
[2026-03-31T09:22:21.747+0000] {logging_mixin.py:188} INFO - [2026-03-31T09:22:21.747+0000] {dag.py:3096} INFO - Sync 1 DAGs
[2026-03-31T09:22:21.792+0000] {logging_mixin.py:188} INFO - [2026-03-31T09:22:21.792+0000] {dag.py:3954} INFO - Setting next_dagrun for example_dag to 2026-03-30 00:00:00+00:00, run_after=2026-03-31 00:00:00+00:00
[2026-03-31T09:22:21.822+0000] {processor.py:183} INFO - Processing /opt/airflow/dags/new_dags.py took 0.205 seconds
[2026-03-31T09:22:52.268+0000] {processor.py:161} INFO - Started process (PID=415) to work on /opt/airflow/dags/new_dags.py
[2026-03-31T09:22:52.269+0000] {processor.py:830} INFO - Processing file /opt/airflow/dags/new_dags.py for tasks to queue
[2026-03-31T09:22:52.271+0000] {logging_mixin.py:188} INFO - [2026-03-31T09:22:52.271+0000] {dagbag.py:545} INFO - Filling up the DagBag from /opt/airflow/dags/new_dags.py
[2026-03-31T09:22:52.295+0000] {processor.py:840} INFO - DAG(s) 'example_dag' retrieved from /opt/airflow/dags/new_dags.py
[2026-03-31T09:22:52.321+0000] {logging_mixin.py:188} INFO - [2026-03-31T09:22:52.320+0000] {dag.py:3096} INFO - Sync 1 DAGs
[2026-03-31T09:22:52.339+0000] {logging_mixin.py:188} INFO - [2026-03-31T09:22:52.338+0000] {dag.py:3954} INFO - Setting next_dagrun for example_dag to 2026-03-30 00:00:00+00:00, run_after=2026-03-31 00:00:00+00:00
[2026-03-31T09:22:52.361+0000] {processor.py:183} INFO - Processing /opt/airflow/dags/new_dags.py took 0.099 seconds
[2026-03-31T09:23:23.030+0000] {processor.py:161} INFO - Started process (PID=441) to work on /opt/airflow/dags/new_dags.py
[2026-03-31T09:23:23.032+0000] {processor.py:830} INFO - Processing file /opt/airflow/dags/new_dags.py for tasks to queue
[2026-03-31T09:23:23.034+0000] {logging_mixin.py:188} INFO - [2026-03-31T09:23:23.034+0000] {dagbag.py:545} INFO - Filling up the DagBag from /opt/airflow/dags/new_dags.py
[2026-03-31T09:23:23.064+0000] {processor.py:840} INFO - DAG(s) 'example_dag' retrieved from /opt/airflow/dags/new_dags.py
[2026-03-31T09:23:23.097+0000] {logging_mixin.py:188} INFO - [2026-03-31T09:23:23.096+0000] {dag.py:3096} INFO - Sync 1 DAGs
[2026-03-31T09:23:23.117+0000] {logging_mixin.py:188} INFO - [2026-03-31T09:23:23.117+0000] {dag.py:3954} INFO - Setting next_dagrun for example_dag to 2026-03-30 00:00:00+00:00, run_after=2026-03-31 00:00:00+00:00
[2026-03-31T09:23:23.140+0000] {processor.py:183} INFO - Processing /opt/airflow/dags/new_dags.py took 0.118 seconds
[2026-03-31T09:23:53.903+0000] {processor.py:161} INFO - Started process (PID=467) to work on /opt/airflow/dags/new_dags.py
[2026-03-31T09:23:53.904+0000] {processor.py:830} INFO - Processing file /opt/airflow/dags/new_dags.py for tasks to queue
[2026-03-31T09:23:53.907+0000] {logging_mixin.py:188} INFO - [2026-03-31T09:23:53.907+0000] {dagbag.py:545} INFO - Filling up the DagBag from /opt/airflow/dags/new_dags.py
[2026-03-31T09:23:53.931+0000] {processor.py:840} INFO - DAG(s) 'example_dag' retrieved from /opt/airflow/dags/new_dags.py
[2026-03-31T09:23:53.955+0000] {logging_mixin.py:188} INFO - [2026-03-31T09:23:53.955+0000] {dag.py:3096} INFO - Sync 1 DAGs
[2026-03-31T09:23:53.975+0000] {logging_mixin.py:188} INFO - [2026-03-31T09:23:53.975+0000] {dag.py:3954} INFO - Setting next_dagrun for example_dag to 2026-03-30 00:00:00+00:00, run_after=2026-03-31 00:00:00+00:00
[2026-03-31T09:23:53.996+0000] {processor.py:183} INFO - Processing /opt/airflow/dags/new_dags.py took 0.099 seconds
[2026-03-31T09:24:24.599+0000] {processor.py:161} INFO - Started process (PID=494) to work on /opt/airflow/dags/new_dags.py
[2026-03-31T09:24:24.600+0000] {processor.py:830} INFO - Processing file /opt/airflow/dags/new_dags.py for tasks to queue
[2026-03-31T09:24:24.603+0000] {logging_mixin.py:188} INFO - [2026-03-31T09:24:24.602+0000] {dagbag.py:545} INFO - Filling up the DagBag from /opt/airflow/dags/new_dags.py
[2026-03-31T09:24:24.627+0000] {processor.py:840} INFO - DAG(s) 'example_dag' retrieved from /opt/airflow/dags/new_dags.py
[2026-03-31T09:24:24.652+0000] {logging_mixin.py:188} INFO - [2026-03-31T09:24:24.652+0000] {dag.py:3096} INFO - Sync 1 DAGs
[2026-03-31T09:24:24.672+0000] {logging_mixin.py:188} INFO - [2026-03-31T09:24:24.672+0000] {dag.py:3954} INFO - Setting next_dagrun for example_dag to 2026-03-30 00:00:00+00:00, run_after=2026-03-31 00:00:00+00:00
[2026-03-31T09:24:24.693+0000] {processor.py:183} INFO - Processing /opt/airflow/dags/new_dags.py took 0.101 seconds
[2026-03-31T09:24:55.288+0000] {processor.py:161} INFO - Started process (PID=520) to work on /opt/airflow/dags/new_dags.py
[2026-03-31T09:24:55.289+0000] {processor.py:830} INFO - Processing file /opt/airflow/dags/new_dags.py for tasks to queue
[2026-03-31T09:24:55.291+0000] {logging_mixin.py:188} INFO - [2026-03-31T09:24:55.291+0000] {dagbag.py:545} INFO - Filling up the DagBag from /opt/airflow/dags/new_dags.py
[2026-03-31T09:24:55.318+0000] {processor.py:840} INFO - DAG(s) 'example_dag' retrieved from /opt/airflow/dags/new_dags.py
[2026-03-31T09:24:55.343+0000] {logging_mixin.py:188} INFO - [2026-03-31T09:24:55.343+0000] {dag.py:3096} INFO - Sync 1 DAGs
[2026-03-31T09:24:55.361+0000] {logging_mixin.py:188} INFO - [2026-03-31T09:24:55.361+0000] {dag.py:3954} INFO - Setting next_dagrun for example_dag to 2026-03-30 00:00:00+00:00, run_after=2026-03-31 00:00:00+00:00
[2026-03-31T09:24:55.402+0000] {processor.py:183} INFO - Processing /opt/airflow/dags/new_dags.py took 0.119 seconds
[2026-03-31T09:25:26.082+0000] {processor.py:161} INFO - Started process (PID=546) to work on /opt/airflow/dags/new_dags.py
[2026-03-31T09:25:26.084+0000] {processor.py:830} INFO - Processing file /opt/airflow/dags/new_dags.py for tasks to queue
[2026-03-31T09:25:26.086+0000] {logging_mixin.py:188} INFO - [2026-03-31T09:25:26.086+0000] {dagbag.py:545} INFO - Filling up the DagBag from /opt/airflow/dags/new_dags.py
[2026-03-31T09:25:26.110+0000] {processor.py:840} INFO - DAG(s) 'example_dag' retrieved from /opt/airflow/dags/new_dags.py
[2026-03-31T09:25:26.134+0000] {logging_mixin.py:188} INFO - [2026-03-31T09:25:26.134+0000] {dag.py:3096} INFO - Sync 1 DAGs
[2026-03-31T09:25:26.152+0000] {logging_mixin.py:188} INFO - [2026-03-31T09:25:26.151+0000] {dag.py:3954} INFO - Setting next_dagrun for example_dag to 2026-03-30 00:00:00+00:00, run_after=2026-03-31 00:00:00+00:00
[2026-03-31T09:25:26.173+0000] {processor.py:183} INFO - Processing /opt/airflow/dags/new_dags.py took 0.098 seconds
[2026-03-31T09:25:56.911+0000] {processor.py:161} INFO - Started process (PID=572) to work on /opt/airflow/dags/new_dags.py
[2026-03-31T09:25:56.912+0000] {processor.py:830} INFO - Processing file /opt/airflow/dags/new_dags.py for tasks to queue
[2026-03-31T09:25:56.914+0000] {logging_mixin.py:188} INFO - [2026-03-31T09:25:56.914+0000] {dagbag.py:545} INFO - Filling up the DagBag from /opt/airflow/dags/new_dags.py
[2026-03-31T09:25:56.933+0000] {processor.py:840} INFO - DAG(s) 'example_dag' retrieved from /opt/airflow/dags/new_dags.py
[2026-03-31T09:25:56.957+0000] {logging_mixin.py:188} INFO - [2026-03-31T09:25:56.957+0000] {dag.py:3096} INFO - Sync 1 DAGs
[2026-03-31T09:25:56.977+0000] {logging_mixin.py:188} INFO - [2026-03-31T09:25:56.976+0000] {dag.py:3954} INFO - Setting next_dagrun for example_dag to 2026-03-30 00:00:00+00:00, run_after=2026-03-31 00:00:00+00:00
[2026-03-31T09:25:57.002+0000] {processor.py:183} INFO - Processing /opt/airflow/dags/new_dags.py took 0.096 seconds
[2026-03-31T09:28:10.232+0000] {processor.py:161} INFO - Started process (PID=201) to work on /opt/airflow/dags/new_dags.py
[2026-03-31T09:28:10.234+0000] {processor.py:830} INFO - Processing file /opt/airflow/dags/new_dags.py for tasks to queue
[2026-03-31T09:28:10.237+0000] {logging_mixin.py:188} INFO - [2026-03-31T09:28:10.237+0000] {dagbag.py:545} INFO - Filling up the DagBag from /opt/airflow/dags/new_dags.py
[2026-03-31T09:28:10.275+0000] {processor.py:840} INFO - DAG(s) 'example_dag' retrieved from /opt/airflow/dags/new_dags.py
[2026-03-31T09:28:10.416+0000] {logging_mixin.py:188} INFO - [2026-03-31T09:28:10.415+0000] {dag.py:3096} INFO - Sync 1 DAGs
[2026-03-31T09:28:10.444+0000] {logging_mixin.py:188} INFO - [2026-03-31T09:28:10.444+0000] {dag.py:3954} INFO - Setting next_dagrun for example_dag to 2026-03-30 00:00:00+00:00, run_after=2026-03-31 00:00:00+00:00
[2026-03-31T09:28:10.476+0000] {processor.py:183} INFO - Processing /opt/airflow/dags/new_dags.py took 0.252 seconds
[2026-03-31T09:28:41.181+0000] {processor.py:161} INFO - Started process (PID=227) to work on /opt/airflow/dags/new_dags.py
[2026-03-31T09:28:41.182+0000] {processor.py:830} INFO - Processing file /opt/airflow/dags/new_dags.py for tasks to queue
[2026-03-31T09:28:41.185+0000] {logging_mixin.py:188} INFO - [2026-03-31T09:28:41.184+0000] {dagbag.py:545} INFO - Filling up the DagBag from /opt/airflow/dags/new_dags.py
[2026-03-31T09:28:41.216+0000] {processor.py:840} INFO - DAG(s) 'example_dag' retrieved from /opt/airflow/dags/new_dags.py
[2026-03-31T09:28:41.250+0000] {logging_mixin.py:188} INFO - [2026-03-31T09:28:41.250+0000] {dag.py:3096} INFO - Sync 1 DAGs
[2026-03-31T09:28:41.282+0000] {logging_mixin.py:188} INFO - [2026-03-31T09:28:41.282+0000] {dag.py:3954} INFO - Setting next_dagrun for example_dag to 2026-03-30 00:00:00+00:00, run_after=2026-03-31 00:00:00+00:00
[2026-03-31T09:28:41.312+0000] {processor.py:183} INFO - Processing /opt/airflow/dags/new_dags.py took 0.141 seconds
[2026-03-31T09:29:11.995+0000] {processor.py:161} INFO - Started process (PID=267) to work on /opt/airflow/dags/new_dags.py
[2026-03-31T09:29:11.999+0000] {processor.py:830} INFO - Processing file /opt/airflow/dags/new_dags.py for tasks to queue
[2026-03-31T09:29:12.003+0000] {logging_mixin.py:188} INFO - [2026-03-31T09:29:12.002+0000] {dagbag.py:545} INFO - Filling up the DagBag from /opt/airflow/dags/new_dags.py
[2026-03-31T09:29:12.040+0000] {processor.py:840} INFO - DAG(s) 'example_dag' retrieved from /opt/airflow/dags/new_dags.py
[2026-03-31T09:29:12.072+0000] {logging_mixin.py:188} INFO - [2026-03-31T09:29:12.072+0000] {dag.py:3096} INFO - Sync 1 DAGs
[2026-03-31T09:29:12.096+0000] {logging_mixin.py:188} INFO - [2026-03-31T09:29:12.095+0000] {dag.py:3954} INFO - Setting next_dagrun for example_dag to 2026-03-30 00:00:00+00:00, run_after=2026-03-31 00:00:00+00:00
[2026-03-31T09:29:12.119+0000] {processor.py:183} INFO - Processing /opt/airflow/dags/new_dags.py took 0.131 seconds
[2026-03-31T09:29:42.872+0000] {processor.py:161} INFO - Started process (PID=294) to work on /opt/airflow/dags/new_dags.py
[2026-03-31T09:29:42.873+0000] {processor.py:830} INFO - Processing file /opt/airflow/dags/new_dags.py for tasks to queue
[2026-03-31T09:29:42.876+0000] {logging_mixin.py:188} INFO - [2026-03-31T09:29:42.875+0000] {dagbag.py:545} INFO - Filling up the DagBag from /opt/airflow/dags/new_dags.py
[2026-03-31T09:29:42.898+0000] {processor.py:840} INFO - DAG(s) 'example_dag' retrieved from /opt/airflow/dags/new_dags.py
[2026-03-31T09:29:42.925+0000] {logging_mixin.py:188} INFO - [2026-03-31T09:29:42.925+0000] {dag.py:3096} INFO - Sync 1 DAGs
[2026-03-31T09:29:42.945+0000] {logging_mixin.py:188} INFO - [2026-03-31T09:29:42.945+0000] {dag.py:3954} INFO - Setting next_dagrun for example_dag to 2026-03-30 00:00:00+00:00, run_after=2026-03-31 00:00:00+00:00
[2026-03-31T09:29:42.966+0000] {processor.py:183} INFO - Processing /opt/airflow/dags/new_dags.py took 0.101 seconds
[2026-03-31T09:30:13.673+0000] {processor.py:161} INFO - Started process (PID=321) to work on /opt/airflow/dags/new_dags.py
[2026-03-31T09:30:13.680+0000] {processor.py:830} INFO - Processing file /opt/airflow/dags/new_dags.py for tasks to queue
[2026-03-31T09:30:13.683+0000] {logging_mixin.py:188} INFO - [2026-03-31T09:30:13.682+0000] {dagbag.py:545} INFO - Filling up the DagBag from /opt/airflow/dags/new_dags.py
[2026-03-31T09:30:13.715+0000] {processor.py:840} INFO - DAG(s) 'example_dag' retrieved from /opt/airflow/dags/new_dags.py
[2026-03-31T09:30:13.772+0000] {logging_mixin.py:188} INFO - [2026-03-31T09:30:13.772+0000] {dag.py:3096} INFO - Sync 1 DAGs
[2026-03-31T09:30:13.822+0000] {logging_mixin.py:188} INFO - [2026-03-31T09:30:13.822+0000] {dag.py:3954} INFO - Setting next_dagrun for example_dag to 2026-03-30 00:00:00+00:00, run_after=2026-03-31 00:00:00+00:00
[2026-03-31T09:30:13.857+0000] {processor.py:183} INFO - Processing /opt/airflow/dags/new_dags.py took 0.191 seconds
[2026-03-31T09:30:44.329+0000] {processor.py:161} INFO - Started process (PID=347) to work on /opt/airflow/dags/new_dags.py
[2026-03-31T09:30:44.330+0000] {processor.py:830} INFO - Processing file /opt/airflow/dags/new_dags.py for tasks to queue
[2026-03-31T09:30:44.333+0000] {logging_mixin.py:188} INFO - [2026-03-31T09:30:44.332+0000] {dagbag.py:545} INFO - Filling up the DagBag from /opt/airflow/dags/new_dags.py
[2026-03-31T09:30:44.356+0000] {processor.py:840} INFO - DAG(s) 'example_dag' retrieved from /opt/airflow/dags/new_dags.py
[2026-03-31T09:30:44.380+0000] {logging_mixin.py:188} INFO - [2026-03-31T09:30:44.380+0000] {dag.py:3096} INFO - Sync 1 DAGs
[2026-03-31T09:30:44.399+0000] {logging_mixin.py:188} INFO - [2026-03-31T09:30:44.398+0000] {dag.py:3954} INFO - Setting next_dagrun for example_dag to 2026-03-30 00:00:00+00:00, run_after=2026-03-31 00:00:00+00:00
[2026-03-31T09:30:44.421+0000] {processor.py:183} INFO - Processing /opt/airflow/dags/new_dags.py took 0.100 seconds
[2026-03-31T09:31:15.174+0000] {processor.py:161} INFO - Started process (PID=374) to work on /opt/airflow/dags/new_dags.py
[2026-03-31T09:31:15.176+0000] {processor.py:830} INFO - Processing file /opt/airflow/dags/new_dags.py for tasks to queue
[2026-03-31T09:31:15.178+0000] {logging_mixin.py:188} INFO - [2026-03-31T09:31:15.178+0000] {dagbag.py:545} INFO - Filling up the DagBag from /opt/airflow/dags/new_dags.py
[2026-03-31T09:31:15.210+0000] {processor.py:840} INFO - DAG(s) 'example_dag' retrieved from /opt/airflow/dags/new_dags.py
[2026-03-31T09:31:15.238+0000] {logging_mixin.py:188} INFO - [2026-03-31T09:31:15.238+0000] {dag.py:3096} INFO - Sync 1 DAGs
[2026-03-31T09:31:15.258+0000] {logging_mixin.py:188} INFO - [2026-03-31T09:31:15.257+0000] {dag.py:3954} INFO - Setting next_dagrun for example_dag to 2026-03-30 00:00:00+00:00, run_after=2026-03-31 00:00:00+00:00
[2026-03-31T09:31:15.282+0000] {processor.py:183} INFO - Processing /opt/airflow/dags/new_dags.py took 0.117 seconds
[2026-03-31T09:31:45.934+0000] {processor.py:161} INFO - Started process (PID=401) to work on /opt/airflow/dags/new_dags.py
[2026-03-31T09:31:45.935+0000] {processor.py:830} INFO - Processing file /opt/airflow/dags/new_dags.py for tasks to queue
[2026-03-31T09:31:45.938+0000] {logging_mixin.py:188} INFO - [2026-03-31T09:31:45.938+0000] {dagbag.py:545} INFO - Filling up the DagBag from /opt/airflow/dags/new_dags.py
[2026-03-31T09:31:45.969+0000] {processor.py:840} INFO - DAG(s) 'example_dag' retrieved from /opt/airflow/dags/new_dags.py
[2026-03-31T09:31:45.998+0000] {logging_mixin.py:188} INFO - [2026-03-31T09:31:45.997+0000] {dag.py:3096} INFO - Sync 1 DAGs
[2026-03-31T09:31:46.021+0000] {logging_mixin.py:188} INFO - [2026-03-31T09:31:46.021+0000] {dag.py:3954} INFO - Setting next_dagrun for example_dag to 2026-03-30 00:00:00+00:00, run_after=2026-03-31 00:00:00+00:00
[2026-03-31T09:31:46.046+0000] {processor.py:183} INFO - Processing /opt/airflow/dags/new_dags.py took 0.120 seconds
[2026-03-31T09:32:16.648+0000] {processor.py:161} INFO - Started process (PID=427) to work on /opt/airflow/dags/new_dags.py
[2026-03-31T09:32:16.649+0000] {processor.py:830} INFO - Processing file /opt/airflow/dags/new_dags.py for tasks to queue
[2026-03-31T09:32:16.653+0000] {logging_mixin.py:188} INFO - [2026-03-31T09:32:16.652+0000] {dagbag.py:545} INFO - Filling up the DagBag from /opt/airflow/dags/new_dags.py
[2026-03-31T09:32:16.677+0000] {processor.py:840} INFO - DAG(s) 'example_dag' retrieved from /opt/airflow/dags/new_dags.py
[2026-03-31T09:32:16.711+0000] {logging_mixin.py:188} INFO - [2026-03-31T09:32:16.711+0000] {dag.py:3096} INFO - Sync 1 DAGs
[2026-03-31T09:32:16.731+0000] {logging_mixin.py:188} INFO - [2026-03-31T09:32:16.731+0000] {dag.py:3954} INFO - Setting next_dagrun for example_dag to 2026-03-30 00:00:00+00:00, run_after=2026-03-31 00:00:00+00:00
[2026-03-31T09:32:16.759+0000] {processor.py:183} INFO - Processing /opt/airflow/dags/new_dags.py took 0.121 seconds
[2026-03-31T09:32:47.333+0000] {processor.py:161} INFO - Started process (PID=453) to work on /opt/airflow/dags/new_dags.py
[2026-03-31T09:32:47.334+0000] {processor.py:830} INFO - Processing file /opt/airflow/dags/new_dags.py for tasks to queue
[2026-03-31T09:32:47.336+0000] {logging_mixin.py:188} INFO - [2026-03-31T09:32:47.336+0000] {dagbag.py:545} INFO - Filling up the DagBag from /opt/airflow/dags/new_dags.py
[2026-03-31T09:32:47.362+0000] {processor.py:840} INFO - DAG(s) 'example_dag' retrieved from /opt/airflow/dags/new_dags.py
[2026-03-31T09:32:47.387+0000] {logging_mixin.py:188} INFO - [2026-03-31T09:32:47.387+0000] {dag.py:3096} INFO - Sync 1 DAGs
[2026-03-31T09:32:47.405+0000] {logging_mixin.py:188} INFO - [2026-03-31T09:32:47.404+0000] {dag.py:3954} INFO - Setting next_dagrun for example_dag to 2026-03-30 00:00:00+00:00, run_after=2026-03-31 00:00:00+00:00
[2026-03-31T09:32:47.425+0000] {processor.py:183} INFO - Processing /opt/airflow/dags/new_dags.py took 0.099 seconds
[2026-03-31T09:33:18.248+0000] {processor.py:161} INFO - Started process (PID=479) to work on /opt/airflow/dags/new_dags.py
[2026-03-31T09:33:18.249+0000] {processor.py:830} INFO - Processing file /opt/airflow/dags/new_dags.py for tasks to queue
[2026-03-31T09:33:18.252+0000] {logging_mixin.py:188} INFO - [2026-03-31T09:33:18.251+0000] {dagbag.py:545} INFO - Filling up the DagBag from /opt/airflow/dags/new_dags.py
[2026-03-31T09:33:18.275+0000] {processor.py:840} INFO - DAG(s) 'example_dag' retrieved from /opt/airflow/dags/new_dags.py
[2026-03-31T09:33:18.303+0000] {logging_mixin.py:188} INFO - [2026-03-31T09:33:18.303+0000] {dag.py:3096} INFO - Sync 1 DAGs
[2026-03-31T09:33:18.329+0000] {logging_mixin.py:188} INFO - [2026-03-31T09:33:18.329+0000] {dag.py:3954} INFO - Setting next_dagrun for example_dag to 2026-03-30 00:00:00+00:00, run_after=2026-03-31 00:00:00+00:00
[2026-03-31T09:33:18.352+0000] {processor.py:183} INFO - Processing /opt/airflow/dags/new_dags.py took 0.113 seconds
[2026-03-31T09:33:49.022+0000] {processor.py:161} INFO - Started process (PID=505) to work on /opt/airflow/dags/new_dags.py
[2026-03-31T09:33:49.023+0000] {processor.py:830} INFO - Processing file /opt/airflow/dags/new_dags.py for tasks to queue
[2026-03-31T09:33:49.025+0000] {logging_mixin.py:188} INFO - [2026-03-31T09:33:49.025+0000] {dagbag.py:545} INFO - Filling up the DagBag from /opt/airflow/dags/new_dags.py
[2026-03-31T09:33:49.048+0000] {processor.py:840} INFO - DAG(s) 'example_dag' retrieved from /opt/airflow/dags/new_dags.py
[2026-03-31T09:33:49.078+0000] {logging_mixin.py:188} INFO - [2026-03-31T09:33:49.078+0000] {dag.py:3096} INFO - Sync 1 DAGs
[2026-03-31T09:33:49.103+0000] {logging_mixin.py:188} INFO - [2026-03-31T09:33:49.102+0000] {dag.py:3954} INFO - Setting next_dagrun for example_dag to 2026-03-30 00:00:00+00:00, run_after=2026-03-31 00:00:00+00:00
[2026-03-31T09:33:49.124+0000] {processor.py:183} INFO - Processing /opt/airflow/dags/new_dags.py took 0.111 seconds
[2026-03-31T09:34:19.800+0000] {processor.py:161} INFO - Started process (PID=531) to work on /opt/airflow/dags/new_dags.py
[2026-03-31T09:34:19.801+0000] {processor.py:830} INFO - Processing file /opt/airflow/dags/new_dags.py for tasks to queue
[2026-03-31T09:34:19.804+0000] {logging_mixin.py:188} INFO - [2026-03-31T09:34:19.803+0000] {dagbag.py:545} INFO - Filling up the DagBag from /opt/airflow/dags/new_dags.py
[2026-03-31T09:34:19.841+0000] {processor.py:840} INFO - DAG(s) 'example_dag' retrieved from /opt/airflow/dags/new_dags.py
[2026-03-31T09:34:19.869+0000] {logging_mixin.py:188} INFO - [2026-03-31T09:34:19.869+0000] {dag.py:3096} INFO - Sync 1 DAGs
[2026-03-31T09:34:19.890+0000] {logging_mixin.py:188} INFO - [2026-03-31T09:34:19.890+0000] {dag.py:3954} INFO - Setting next_dagrun for example_dag to 2026-03-30 00:00:00+00:00, run_after=2026-03-31 00:00:00+00:00
[2026-03-31T09:34:19.921+0000] {processor.py:183} INFO - Processing /opt/airflow/dags/new_dags.py took 0.128 seconds
[2026-03-31T09:34:50.589+0000] {processor.py:161} INFO - Started process (PID=557) to work on /opt/airflow/dags/new_dags.py
[2026-03-31T09:34:50.590+0000] {processor.py:830} INFO - Processing file /opt/airflow/dags/new_dags.py for tasks to queue
[2026-03-31T09:34:50.593+0000] {logging_mixin.py:188} INFO - [2026-03-31T09:34:50.592+0000] {dagbag.py:545} INFO - Filling up the DagBag from /opt/airflow/dags/new_dags.py
[2026-03-31T09:34:50.615+0000] {processor.py:840} INFO - DAG(s) 'example_dag' retrieved from /opt/airflow/dags/new_dags.py
[2026-03-31T09:34:50.645+0000] {logging_mixin.py:188} INFO - [2026-03-31T09:34:50.645+0000] {dag.py:3096} INFO - Sync 1 DAGs
[2026-03-31T09:34:50.671+0000] {logging_mixin.py:188} INFO - [2026-03-31T09:34:50.670+0000] {dag.py:3954} INFO - Setting next_dagrun for example_dag to 2026-03-30 00:00:00+00:00, run_after=2026-03-31 00:00:00+00:00
[2026-03-31T09:34:50.692+0000] {processor.py:183} INFO - Processing /opt/airflow/dags/new_dags.py took 0.111 seconds
[2026-03-31T09:35:21.303+0000] {processor.py:161} INFO - Started process (PID=583) to work on /opt/airflow/dags/new_dags.py
[2026-03-31T09:35:21.305+0000] {processor.py:830} INFO - Processing file /opt/airflow/dags/new_dags.py for tasks to queue
[2026-03-31T09:35:21.307+0000] {logging_mixin.py:188} INFO - [2026-03-31T09:35:21.307+0000] {dagbag.py:545} INFO - Filling up the DagBag from /opt/airflow/dags/new_dags.py
[2026-03-31T09:35:21.372+0000] {processor.py:840} INFO - DAG(s) 'example_dag' retrieved from /opt/airflow/dags/new_dags.py
[2026-03-31T09:35:21.411+0000] {logging_mixin.py:188} INFO - [2026-03-31T09:35:21.411+0000] {dag.py:3096} INFO - Sync 1 DAGs
[2026-03-31T09:35:21.430+0000] {logging_mixin.py:188} INFO - [2026-03-31T09:35:21.430+0000] {dag.py:3954} INFO - Setting next_dagrun for example_dag to 2026-03-30 00:00:00+00:00, run_after=2026-03-31 00:00:00+00:00
[2026-03-31T09:35:21.450+0000] {processor.py:183} INFO - Processing /opt/airflow/dags/new_dags.py took 0.155 seconds
[2026-03-31T09:35:51.990+0000] {processor.py:161} INFO - Started process (PID=609) to work on /opt/airflow/dags/new_dags.py
[2026-03-31T09:35:51.991+0000] {processor.py:830} INFO - Processing file /opt/airflow/dags/new_dags.py for tasks to queue
[2026-03-31T09:35:51.993+0000] {logging_mixin.py:188} INFO - [2026-03-31T09:35:51.993+0000] {dagbag.py:545} INFO - Filling up the DagBag from /opt/airflow/dags/new_dags.py
[2026-03-31T09:35:52.017+0000] {processor.py:840} INFO - DAG(s) 'example_dag' retrieved from /opt/airflow/dags/new_dags.py
[2026-03-31T09:35:52.044+0000] {logging_mixin.py:188} INFO - [2026-03-31T09:35:52.043+0000] {dag.py:3096} INFO - Sync 1 DAGs
[2026-03-31T09:35:52.066+0000] {logging_mixin.py:188} INFO - [2026-03-31T09:35:52.066+0000] {dag.py:3954} INFO - Setting next_dagrun for example_dag to 2026-03-30 00:00:00+00:00, run_after=2026-03-31 00:00:00+00:00
[2026-03-31T09:35:52.086+0000] {processor.py:183} INFO - Processing /opt/airflow/dags/new_dags.py took 0.103 seconds
[2026-03-31T09:36:22.724+0000] {processor.py:161} INFO - Started process (PID=635) to work on /opt/airflow/dags/new_dags.py
[2026-03-31T09:36:22.725+0000] {processor.py:830} INFO - Processing file /opt/airflow/dags/new_dags.py for tasks to queue
[2026-03-31T09:36:22.727+0000] {logging_mixin.py:188} INFO - [2026-03-31T09:36:22.727+0000] {dagbag.py:545} INFO - Filling up the DagBag from /opt/airflow/dags/new_dags.py
[2026-03-31T09:36:22.755+0000] {processor.py:840} INFO - DAG(s) 'example_dag' retrieved from /opt/airflow/dags/new_dags.py
[2026-03-31T09:36:22.789+0000] {logging_mixin.py:188} INFO - [2026-03-31T09:36:22.789+0000] {dag.py:3096} INFO - Sync 1 DAGs
[2026-03-31T09:36:22.819+0000] {logging_mixin.py:188} INFO - [2026-03-31T09:36:22.819+0000] {dag.py:3954} INFO - Setting next_dagrun for example_dag to 2026-03-30 00:00:00+00:00, run_after=2026-03-31 00:00:00+00:00
[2026-03-31T09:36:22.840+0000] {processor.py:183} INFO - Processing /opt/airflow/dags/new_dags.py took 0.123 seconds
[2026-03-31T09:36:53.716+0000] {processor.py:161} INFO - Started process (PID=663) to work on /opt/airflow/dags/new_dags.py
[2026-03-31T09:36:53.717+0000] {processor.py:830} INFO - Processing file /opt/airflow/dags/new_dags.py for tasks to queue
[2026-03-31T09:36:53.719+0000] {logging_mixin.py:188} INFO - [2026-03-31T09:36:53.719+0000] {dagbag.py:545} INFO - Filling up the DagBag from /opt/airflow/dags/new_dags.py
[2026-03-31T09:36:53.745+0000] {processor.py:840} INFO - DAG(s) 'example_dag' retrieved from /opt/airflow/dags/new_dags.py
[2026-03-31T09:36:53.774+0000] {logging_mixin.py:188} INFO - [2026-03-31T09:36:53.774+0000] {dag.py:3096} INFO - Sync 1 DAGs
[2026-03-31T09:36:53.797+0000] {logging_mixin.py:188} INFO - [2026-03-31T09:36:53.797+0000] {dag.py:3954} INFO - Setting next_dagrun for example_dag to 2026-03-30 00:00:00+00:00, run_after=2026-03-31 00:00:00+00:00
[2026-03-31T09:36:53.815+0000] {processor.py:183} INFO - Processing /opt/airflow/dags/new_dags.py took 0.105 seconds
[2026-03-31T09:37:24.483+0000] {processor.py:161} INFO - Started process (PID=687) to work on /opt/airflow/dags/new_dags.py
[2026-03-31T09:37:24.484+0000] {processor.py:830} INFO - Processing file /opt/airflow/dags/new_dags.py for tasks to queue
[2026-03-31T09:37:24.486+0000] {logging_mixin.py:188} INFO - [2026-03-31T09:37:24.486+0000] {dagbag.py:545} INFO - Filling up the DagBag from /opt/airflow/dags/new_dags.py
[2026-03-31T09:37:24.514+0000] {processor.py:840} INFO - DAG(s) 'example_dag' retrieved from /opt/airflow/dags/new_dags.py
[2026-03-31T09:37:24.542+0000] {logging_mixin.py:188} INFO - [2026-03-31T09:37:24.542+0000] {dag.py:3096} INFO - Sync 1 DAGs
[2026-03-31T09:37:24.563+0000] {logging_mixin.py:188} INFO - [2026-03-31T09:37:24.562+0000] {dag.py:3954} INFO - Setting next_dagrun for example_dag to 2026-03-30 00:00:00+00:00, run_after=2026-03-31 00:00:00+00:00
[2026-03-31T09:37:24.583+0000] {processor.py:183} INFO - Processing /opt/airflow/dags/new_dags.py took 0.106 seconds
[2026-03-31T09:37:55.266+0000] {processor.py:161} INFO - Started process (PID=713) to work on /opt/airflow/dags/new_dags.py
[2026-03-31T09:37:55.267+0000] {processor.py:830} INFO - Processing file /opt/airflow/dags/new_dags.py for tasks to queue
[2026-03-31T09:37:55.270+0000] {logging_mixin.py:188} INFO - [2026-03-31T09:37:55.270+0000] {dagbag.py:545} INFO - Filling up the DagBag from /opt/airflow/dags/new_dags.py
[2026-03-31T09:37:55.298+0000] {processor.py:840} INFO - DAG(s) 'example_dag' retrieved from /opt/airflow/dags/new_dags.py
[2026-03-31T09:37:55.327+0000] {logging_mixin.py:188} INFO - [2026-03-31T09:37:55.326+0000] {dag.py:3096} INFO - Sync 1 DAGs
[2026-03-31T09:37:55.347+0000] {logging_mixin.py:188} INFO - [2026-03-31T09:37:55.347+0000] {dag.py:3954} INFO - Setting next_dagrun for example_dag to 2026-03-30 00:00:00+00:00, run_after=2026-03-31 00:00:00+00:00
[2026-03-31T09:37:55.370+0000] {processor.py:183} INFO - Processing /opt/airflow/dags/new_dags.py took 0.110 seconds
[2026-03-31T09:38:26.264+0000] {processor.py:161} INFO - Started process (PID=739) to work on /opt/airflow/dags/new_dags.py
[2026-03-31T09:38:26.265+0000] {processor.py:830} INFO - Processing file /opt/airflow/dags/new_dags.py for tasks to queue
[2026-03-31T09:38:26.268+0000] {logging_mixin.py:188} INFO - [2026-03-31T09:38:26.268+0000] {dagbag.py:545} INFO - Filling up the DagBag from /opt/airflow/dags/new_dags.py
[2026-03-31T09:38:26.295+0000] {processor.py:840} INFO - DAG(s) 'example_dag' retrieved from /opt/airflow/dags/new_dags.py
[2026-03-31T09:38:26.322+0000] {logging_mixin.py:188} INFO - [2026-03-31T09:38:26.322+0000] {dag.py:3096} INFO - Sync 1 DAGs
[2026-03-31T09:38:26.344+0000] {logging_mixin.py:188} INFO - [2026-03-31T09:38:26.344+0000] {dag.py:3954} INFO - Setting next_dagrun for example_dag to 2026-03-30 00:00:00+00:00, run_after=2026-03-31 00:00:00+00:00
[2026-03-31T09:38:26.363+0000] {processor.py:183} INFO - Processing /opt/airflow/dags/new_dags.py took 0.106 seconds
[2026-03-31T09:38:57.051+0000] {processor.py:161} INFO - Started process (PID=765) to work on /opt/airflow/dags/new_dags.py
[2026-03-31T09:38:57.052+0000] {processor.py:830} INFO - Processing file /opt/airflow/dags/new_dags.py for tasks to queue
[2026-03-31T09:38:57.055+0000] {logging_mixin.py:188} INFO - [2026-03-31T09:38:57.055+0000] {dagbag.py:545} INFO - Filling up the DagBag from /opt/airflow/dags/new_dags.py
[2026-03-31T09:38:57.079+0000] {processor.py:840} INFO - DAG(s) 'example_dag' retrieved from /opt/airflow/dags/new_dags.py
[2026-03-31T09:38:57.106+0000] {logging_mixin.py:188} INFO - [2026-03-31T09:38:57.106+0000] {dag.py:3096} INFO - Sync 1 DAGs
[2026-03-31T09:38:57.125+0000] {logging_mixin.py:188} INFO - [2026-03-31T09:38:57.125+0000] {dag.py:3954} INFO - Setting next_dagrun for example_dag to 2026-03-30 00:00:00+00:00, run_after=2026-03-31 00:00:00+00:00
[2026-03-31T09:38:57.147+0000] {processor.py:183} INFO - Processing /opt/airflow/dags/new_dags.py took 0.103 seconds
[2026-03-31T09:39:27.811+0000] {processor.py:161} INFO - Started process (PID=791) to work on /opt/airflow/dags/new_dags.py
[2026-03-31T09:39:27.813+0000] {processor.py:830} INFO - Processing file /opt/airflow/dags/new_dags.py for tasks to queue
[2026-03-31T09:39:27.815+0000] {logging_mixin.py:188} INFO - [2026-03-31T09:39:27.815+0000] {dagbag.py:545} INFO - Filling up the DagBag from /opt/airflow/dags/new_dags.py
[2026-03-31T09:39:27.839+0000] {processor.py:840} INFO - DAG(s) 'example_dag' retrieved from /opt/airflow/dags/new_dags.py
[2026-03-31T09:39:27.863+0000] {logging_mixin.py:188} INFO - [2026-03-31T09:39:27.863+0000] {dag.py:3096} INFO - Sync 1 DAGs
[2026-03-31T09:39:27.882+0000] {logging_mixin.py:188} INFO - [2026-03-31T09:39:27.882+0000] {dag.py:3954} INFO - Setting next_dagrun for example_dag to 2026-03-30 00:00:00+00:00, run_after=2026-03-31 00:00:00+00:00
[2026-03-31T09:39:27.906+0000] {processor.py:183} INFO - Processing /opt/airflow/dags/new_dags.py took 0.101 seconds
[2026-03-31T09:39:58.530+0000] {processor.py:161} INFO - Started process (PID=817) to work on /opt/airflow/dags/new_dags.py
[2026-03-31T09:39:58.532+0000] {processor.py:830} INFO - Processing file /opt/airflow/dags/new_dags.py for tasks to queue
[2026-03-31T09:39:58.535+0000] {logging_mixin.py:188} INFO - [2026-03-31T09:39:58.534+0000] {dagbag.py:545} INFO - Filling up the DagBag from /opt/airflow/dags/new_dags.py
[2026-03-31T09:39:58.567+0000] {processor.py:840} INFO - DAG(s) 'example_dag' retrieved from /opt/airflow/dags/new_dags.py
[2026-03-31T09:39:58.595+0000] {logging_mixin.py:188} INFO - [2026-03-31T09:39:58.594+0000] {dag.py:3096} INFO - Sync 1 DAGs
[2026-03-31T09:39:58.614+0000] {logging_mixin.py:188} INFO - [2026-03-31T09:39:58.614+0000] {dag.py:3954} INFO - Setting next_dagrun for example_dag to 2026-03-30 00:00:00+00:00, run_after=2026-03-31 00:00:00+00:00
[2026-03-31T09:39:58.640+0000] {processor.py:183} INFO - Processing /opt/airflow/dags/new_dags.py took 0.117 seconds
[2026-03-31T09:40:29.083+0000] {processor.py:161} INFO - Started process (PID=843) to work on /opt/airflow/dags/new_dags.py
[2026-03-31T09:40:29.084+0000] {processor.py:830} INFO - Processing file /opt/airflow/dags/new_dags.py for tasks to queue
[2026-03-31T09:40:29.087+0000] {logging_mixin.py:188} INFO - [2026-03-31T09:40:29.086+0000] {dagbag.py:545} INFO - Filling up the DagBag from /opt/airflow/dags/new_dags.py
[2026-03-31T09:40:29.111+0000] {processor.py:840} INFO - DAG(s) 'example_dag' retrieved from /opt/airflow/dags/new_dags.py
[2026-03-31T09:40:29.135+0000] {logging_mixin.py:188} INFO - [2026-03-31T09:40:29.135+0000] {dag.py:3096} INFO - Sync 1 DAGs
[2026-03-31T09:40:29.157+0000] {logging_mixin.py:188} INFO - [2026-03-31T09:40:29.157+0000] {dag.py:3954} INFO - Setting next_dagrun for example_dag to 2026-03-30 00:00:00+00:00, run_after=2026-03-31 00:00:00+00:00
[2026-03-31T09:40:29.187+0000] {processor.py:183} INFO - Processing /opt/airflow/dags/new_dags.py took 0.112 seconds
[2026-03-31T09:40:59.780+0000] {processor.py:161} INFO - Started process (PID=869) to work on /opt/airflow/dags/new_dags.py
[2026-03-31T09:40:59.782+0000] {processor.py:830} INFO - Processing file /opt/airflow/dags/new_dags.py for tasks to queue
[2026-03-31T09:40:59.784+0000] {logging_mixin.py:188} INFO - [2026-03-31T09:40:59.784+0000] {dagbag.py:545} INFO - Filling up the DagBag from /opt/airflow/dags/new_dags.py
[2026-03-31T09:40:59.815+0000] {processor.py:840} INFO - DAG(s) 'example_dag' retrieved from /opt/airflow/dags/new_dags.py
[2026-03-31T09:40:59.843+0000] {logging_mixin.py:188} INFO - [2026-03-31T09:40:59.843+0000] {dag.py:3096} INFO - Sync 1 DAGs
[2026-03-31T09:40:59.861+0000] {logging_mixin.py:188} INFO - [2026-03-31T09:40:59.861+0000] {dag.py:3954} INFO - Setting next_dagrun for example_dag to 2026-03-30 00:00:00+00:00, run_after=2026-03-31 00:00:00+00:00
[2026-03-31T09:40:59.882+0000] {processor.py:183} INFO - Processing /opt/airflow/dags/new_dags.py took 0.108 seconds
[2026-03-31T09:41:30.522+0000] {processor.py:161} INFO - Started process (PID=895) to work on /opt/airflow/dags/new_dags.py
[2026-03-31T09:41:30.524+0000] {processor.py:830} INFO - Processing file /opt/airflow/dags/new_dags.py for tasks to queue
[2026-03-31T09:41:30.526+0000] {logging_mixin.py:188} INFO - [2026-03-31T09:41:30.526+0000] {dagbag.py:545} INFO - Filling up the DagBag from /opt/airflow/dags/new_dags.py
[2026-03-31T09:41:30.552+0000] {processor.py:840} INFO - DAG(s) 'example_dag' retrieved from /opt/airflow/dags/new_dags.py
[2026-03-31T09:41:30.590+0000] {logging_mixin.py:188} INFO - [2026-03-31T09:41:30.589+0000] {dag.py:3096} INFO - Sync 1 DAGs
[2026-03-31T09:41:30.615+0000] {logging_mixin.py:188} INFO - [2026-03-31T09:41:30.615+0000] {dag.py:3954} INFO - Setting next_dagrun for example_dag to 2026-03-30 00:00:00+00:00, run_after=2026-03-31 00:00:00+00:00
[2026-03-31T09:41:30.637+0000] {processor.py:183} INFO - Processing /opt/airflow/dags/new_dags.py took 0.123 seconds
[2026-03-31T09:42:01.303+0000] {processor.py:161} INFO - Started process (PID=921) to work on /opt/airflow/dags/new_dags.py
[2026-03-31T09:42:01.304+0000] {processor.py:830} INFO - Processing file /opt/airflow/dags/new_dags.py for tasks to queue
[2026-03-31T09:42:01.307+0000] {logging_mixin.py:188} INFO - [2026-03-31T09:42:01.306+0000] {dagbag.py:545} INFO - Filling up the DagBag from /opt/airflow/dags/new_dags.py
[2026-03-31T09:42:01.339+0000] {processor.py:840} INFO - DAG(s) 'example_dag' retrieved from /opt/airflow/dags/new_dags.py
[2026-03-31T09:42:01.368+0000] {logging_mixin.py:188} INFO - [2026-03-31T09:42:01.367+0000] {dag.py:3096} INFO - Sync 1 DAGs
[2026-03-31T09:42:01.390+0000] {logging_mixin.py:188} INFO - [2026-03-31T09:42:01.390+0000] {dag.py:3954} INFO - Setting next_dagrun for example_dag to 2026-03-30 00:00:00+00:00, run_after=2026-03-31 00:00:00+00:00
[2026-03-31T09:42:01.416+0000] {processor.py:183} INFO - Processing /opt/airflow/dags/new_dags.py took 0.120 seconds
[2026-03-31T09:42:32.134+0000] {processor.py:161} INFO - Started process (PID=948) to work on /opt/airflow/dags/new_dags.py
[2026-03-31T09:42:32.136+0000] {processor.py:830} INFO - Processing file /opt/airflow/dags/new_dags.py for tasks to queue
[2026-03-31T09:42:32.139+0000] {logging_mixin.py:188} INFO - [2026-03-31T09:42:32.138+0000] {dagbag.py:545} INFO - Filling up the DagBag from /opt/airflow/dags/new_dags.py
[2026-03-31T09:42:32.165+0000] {processor.py:840} INFO - DAG(s) 'example_dag' retrieved from /opt/airflow/dags/new_dags.py
[2026-03-31T09:42:32.188+0000] {logging_mixin.py:188} INFO - [2026-03-31T09:42:32.188+0000] {dag.py:3096} INFO - Sync 1 DAGs
[2026-03-31T09:42:32.206+0000] {logging_mixin.py:188} INFO - [2026-03-31T09:42:32.206+0000] {dag.py:3954} INFO - Setting next_dagrun for example_dag to 2026-03-30 00:00:00+00:00, run_after=2026-03-31 00:00:00+00:00
[2026-03-31T09:42:32.227+0000] {processor.py:183} INFO - Processing /opt/airflow/dags/new_dags.py took 0.100 seconds
[2026-03-31T09:43:02.845+0000] {processor.py:161} INFO - Started process (PID=974) to work on /opt/airflow/dags/new_dags.py
[2026-03-31T09:43:02.846+0000] {processor.py:830} INFO - Processing file /opt/airflow/dags/new_dags.py for tasks to queue
[2026-03-31T09:43:02.849+0000] {logging_mixin.py:188} INFO - [2026-03-31T09:43:02.848+0000] {dagbag.py:545} INFO - Filling up the DagBag from /opt/airflow/dags/new_dags.py
[2026-03-31T09:43:02.876+0000] {processor.py:840} INFO - DAG(s) 'example_dag' retrieved from /opt/airflow/dags/new_dags.py
[2026-03-31T09:43:02.902+0000] {logging_mixin.py:188} INFO - [2026-03-31T09:43:02.901+0000] {dag.py:3096} INFO - Sync 1 DAGs
[2026-03-31T09:43:02.922+0000] {logging_mixin.py:188} INFO - [2026-03-31T09:43:02.922+0000] {dag.py:3954} INFO - Setting next_dagrun for example_dag to 2026-03-30 00:00:00+00:00, run_after=2026-03-31 00:00:00+00:00
[2026-03-31T09:43:02.946+0000] {processor.py:183} INFO - Processing /opt/airflow/dags/new_dags.py took 0.109 seconds
[2026-03-31T09:43:33.913+0000] {processor.py:161} INFO - Started process (PID=1000) to work on /opt/airflow/dags/new_dags.py
[2026-03-31T09:43:33.914+0000] {processor.py:830} INFO - Processing file /opt/airflow/dags/new_dags.py for tasks to queue
[2026-03-31T09:43:33.916+0000] {logging_mixin.py:188} INFO - [2026-03-31T09:43:33.916+0000] {dagbag.py:545} INFO - Filling up the DagBag from /opt/airflow/dags/new_dags.py
[2026-03-31T09:43:33.944+0000] {processor.py:840} INFO - DAG(s) 'example_dag' retrieved from /opt/airflow/dags/new_dags.py
[2026-03-31T09:43:33.969+0000] {logging_mixin.py:188} INFO - [2026-03-31T09:43:33.969+0000] {dag.py:3096} INFO - Sync 1 DAGs
[2026-03-31T09:43:33.986+0000] {logging_mixin.py:188} INFO - [2026-03-31T09:43:33.986+0000] {dag.py:3954} INFO - Setting next_dagrun for example_dag to 2026-03-30 00:00:00+00:00, run_after=2026-03-31 00:00:00+00:00
[2026-03-31T09:43:34.009+0000] {processor.py:183} INFO - Processing /opt/airflow/dags/new_dags.py took 0.102 seconds
[2026-03-31T09:44:04.602+0000] {processor.py:161} INFO - Started process (PID=1026) to work on /opt/airflow/dags/new_dags.py
[2026-03-31T09:44:04.603+0000] {processor.py:830} INFO - Processing file /opt/airflow/dags/new_dags.py for tasks to queue
[2026-03-31T09:44:04.605+0000] {logging_mixin.py:188} INFO - [2026-03-31T09:44:04.605+0000] {dagbag.py:545} INFO - Filling up the DagBag from /opt/airflow/dags/new_dags.py
[2026-03-31T09:44:04.634+0000] {processor.py:840} INFO - DAG(s) 'example_dag' retrieved from /opt/airflow/dags/new_dags.py
[2026-03-31T09:44:04.659+0000] {logging_mixin.py:188} INFO - [2026-03-31T09:44:04.658+0000] {dag.py:3096} INFO - Sync 1 DAGs
[2026-03-31T09:44:04.677+0000] {logging_mixin.py:188} INFO - [2026-03-31T09:44:04.676+0000] {dag.py:3954} INFO - Setting next_dagrun for example_dag to 2026-03-30 00:00:00+00:00, run_after=2026-03-31 00:00:00+00:00
[2026-03-31T09:44:04.698+0000] {processor.py:183} INFO - Processing /opt/airflow/dags/new_dags.py took 0.104 seconds
[2026-03-31T09:44:35.369+0000] {processor.py:161} INFO - Started process (PID=1052) to work on /opt/airflow/dags/new_dags.py
[2026-03-31T09:44:35.371+0000] {processor.py:830} INFO - Processing file /opt/airflow/dags/new_dags.py for tasks to queue
[2026-03-31T09:44:35.373+0000] {logging_mixin.py:188} INFO - [2026-03-31T09:44:35.373+0000] {dagbag.py:545} INFO - Filling up the DagBag from /opt/airflow/dags/new_dags.py
[2026-03-31T09:44:35.393+0000] {processor.py:840} INFO - DAG(s) 'example_dag' retrieved from /opt/airflow/dags/new_dags.py
[2026-03-31T09:44:35.417+0000] {logging_mixin.py:188} INFO - [2026-03-31T09:44:35.417+0000] {dag.py:3096} INFO - Sync 1 DAGs
[2026-03-31T09:44:35.448+0000] {logging_mixin.py:188} INFO - [2026-03-31T09:44:35.448+0000] {dag.py:3954} INFO - Setting next_dagrun for example_dag to 2026-03-30 00:00:00+00:00, run_after=2026-03-31 00:00:00+00:00
[2026-03-31T09:44:35.475+0000] {processor.py:183} INFO - Processing /opt/airflow/dags/new_dags.py took 0.113 seconds
[2026-03-31T09:45:06.062+0000] {processor.py:161} INFO - Started process (PID=1078) to work on /opt/airflow/dags/new_dags.py
[2026-03-31T09:45:06.064+0000] {processor.py:830} INFO - Processing file /opt/airflow/dags/new_dags.py for tasks to queue
[2026-03-31T09:45:06.066+0000] {logging_mixin.py:188} INFO - [2026-03-31T09:45:06.066+0000] {dagbag.py:545} INFO - Filling up the DagBag from /opt/airflow/dags/new_dags.py
[2026-03-31T09:45:06.099+0000] {processor.py:840} INFO - DAG(s) 'example_dag' retrieved from /opt/airflow/dags/new_dags.py
[2026-03-31T09:45:06.125+0000] {logging_mixin.py:188} INFO - [2026-03-31T09:45:06.125+0000] {dag.py:3096} INFO - Sync 1 DAGs
[2026-03-31T09:45:06.144+0000] {logging_mixin.py:188} INFO - [2026-03-31T09:45:06.144+0000] {dag.py:3954} INFO - Setting next_dagrun for example_dag to 2026-03-30 00:00:00+00:00, run_after=2026-03-31 00:00:00+00:00
[2026-03-31T09:45:06.164+0000] {processor.py:183} INFO - Processing /opt/airflow/dags/new_dags.py took 0.110 seconds
[2026-03-31T09:45:36.782+0000] {processor.py:161} INFO - Started process (PID=1104) to work on /opt/airflow/dags/new_dags.py
[2026-03-31T09:45:36.783+0000] {processor.py:830} INFO - Processing file /opt/airflow/dags/new_dags.py for tasks to queue
[2026-03-31T09:45:36.785+0000] {logging_mixin.py:188} INFO - [2026-03-31T09:45:36.785+0000] {dagbag.py:545} INFO - Filling up the DagBag from /opt/airflow/dags/new_dags.py
[2026-03-31T09:45:36.808+0000] {processor.py:840} INFO - DAG(s) 'example_dag' retrieved from /opt/airflow/dags/new_dags.py
[2026-03-31T09:45:36.833+0000] {logging_mixin.py:188} INFO - [2026-03-31T09:45:36.833+0000] {dag.py:3096} INFO - Sync 1 DAGs
[2026-03-31T09:45:36.851+0000] {logging_mixin.py:188} INFO - [2026-03-31T09:45:36.851+0000] {dag.py:3954} INFO - Setting next_dagrun for example_dag to 2026-03-30 00:00:00+00:00, run_after=2026-03-31 00:00:00+00:00
[2026-03-31T09:45:36.874+0000] {processor.py:183} INFO - Processing /opt/airflow/dags/new_dags.py took 0.099 seconds
[2026-03-31T09:46:07.607+0000] {processor.py:161} INFO - Started process (PID=1130) to work on /opt/airflow/dags/new_dags.py
[2026-03-31T09:46:07.609+0000] {processor.py:830} INFO - Processing file /opt/airflow/dags/new_dags.py for tasks to queue
[2026-03-31T09:46:07.610+0000] {logging_mixin.py:188} INFO - [2026-03-31T09:46:07.610+0000] {dagbag.py:545} INFO - Filling up the DagBag from /opt/airflow/dags/new_dags.py
[2026-03-31T09:46:07.637+0000] {processor.py:840} INFO - DAG(s) 'example_dag' retrieved from /opt/airflow/dags/new_dags.py
[2026-03-31T09:46:07.661+0000] {logging_mixin.py:188} INFO - [2026-03-31T09:46:07.661+0000] {dag.py:3096} INFO - Sync 1 DAGs
[2026-03-31T09:46:07.700+0000] {logging_mixin.py:188} INFO - [2026-03-31T09:46:07.694+0000] {dag.py:3954} INFO - Setting next_dagrun for example_dag to 2026-03-30 00:00:00+00:00, run_after=2026-03-31 00:00:00+00:00
[2026-03-31T09:46:07.736+0000] {processor.py:183} INFO - Processing /opt/airflow/dags/new_dags.py took 0.135 seconds
[2026-03-31T09:46:38.512+0000] {processor.py:161} INFO - Started process (PID=1158) to work on /opt/airflow/dags/new_dags.py
[2026-03-31T09:46:38.513+0000] {processor.py:830} INFO - Processing file /opt/airflow/dags/new_dags.py for tasks to queue
[2026-03-31T09:46:38.515+0000] {logging_mixin.py:188} INFO - [2026-03-31T09:46:38.515+0000] {dagbag.py:545} INFO - Filling up the DagBag from /opt/airflow/dags/new_dags.py
[2026-03-31T09:46:38.541+0000] {processor.py:840} INFO - DAG(s) 'example_dag' retrieved from /opt/airflow/dags/new_dags.py
[2026-03-31T09:46:38.569+0000] {logging_mixin.py:188} INFO - [2026-03-31T09:46:38.569+0000] {dag.py:3096} INFO - Sync 1 DAGs
[2026-03-31T09:46:38.587+0000] {logging_mixin.py:188} INFO - [2026-03-31T09:46:38.587+0000] {dag.py:3954} INFO - Setting next_dagrun for example_dag to 2026-03-30 00:00:00+00:00, run_after=2026-03-31 00:00:00+00:00
[2026-03-31T09:46:38.610+0000] {processor.py:183} INFO - Processing /opt/airflow/dags/new_dags.py took 0.103 seconds
[2026-03-31T09:47:09.322+0000] {processor.py:161} INFO - Started process (PID=1182) to work on /opt/airflow/dags/new_dags.py
[2026-03-31T09:47:09.323+0000] {processor.py:830} INFO - Processing file /opt/airflow/dags/new_dags.py for tasks to queue
[2026-03-31T09:47:09.326+0000] {logging_mixin.py:188} INFO - [2026-03-31T09:47:09.325+0000] {dagbag.py:545} INFO - Filling up the DagBag from /opt/airflow/dags/new_dags.py
[2026-03-31T09:47:09.351+0000] {processor.py:840} INFO - DAG(s) 'example_dag' retrieved from /opt/airflow/dags/new_dags.py
[2026-03-31T09:47:09.376+0000] {logging_mixin.py:188} INFO - [2026-03-31T09:47:09.376+0000] {dag.py:3096} INFO - Sync 1 DAGs
[2026-03-31T09:47:09.395+0000] {logging_mixin.py:188} INFO - [2026-03-31T09:47:09.395+0000] {dag.py:3954} INFO - Setting next_dagrun for example_dag to 2026-03-30 00:00:00+00:00, run_after=2026-03-31 00:00:00+00:00
[2026-03-31T09:47:09.420+0000] {processor.py:183} INFO - Processing /opt/airflow/dags/new_dags.py took 0.105 seconds
[2026-03-31T09:47:40.172+0000] {processor.py:161} INFO - Started process (PID=1208) to work on /opt/airflow/dags/new_dags.py
[2026-03-31T09:47:40.173+0000] {processor.py:830} INFO - Processing file /opt/airflow/dags/new_dags.py for tasks to queue
[2026-03-31T09:47:40.175+0000] {logging_mixin.py:188} INFO - [2026-03-31T09:47:40.175+0000] {dagbag.py:545} INFO - Filling up the DagBag from /opt/airflow/dags/new_dags.py
[2026-03-31T09:47:40.196+0000] {processor.py:840} INFO - DAG(s) 'example_dag' retrieved from /opt/airflow/dags/new_dags.py
[2026-03-31T09:47:40.220+0000] {logging_mixin.py:188} INFO - [2026-03-31T09:47:40.219+0000] {dag.py:3096} INFO - Sync 1 DAGs
[2026-03-31T09:47:40.238+0000] {logging_mixin.py:188} INFO - [2026-03-31T09:47:40.238+0000] {dag.py:3954} INFO - Setting next_dagrun for example_dag to 2026-03-30 00:00:00+00:00, run_after=2026-03-31 00:00:00+00:00
[2026-03-31T09:47:40.261+0000] {processor.py:183} INFO - Processing /opt/airflow/dags/new_dags.py took 0.096 seconds
[2026-03-31T09:48:10.988+0000] {processor.py:161} INFO - Started process (PID=1234) to work on /opt/airflow/dags/new_dags.py
[2026-03-31T09:48:10.989+0000] {processor.py:830} INFO - Processing file /opt/airflow/dags/new_dags.py for tasks to queue
[2026-03-31T09:48:10.992+0000] {logging_mixin.py:188} INFO - [2026-03-31T09:48:10.991+0000] {dagbag.py:545} INFO - Filling up the DagBag from /opt/airflow/dags/new_dags.py
[2026-03-31T09:48:11.016+0000] {processor.py:840} INFO - DAG(s) 'example_dag' retrieved from /opt/airflow/dags/new_dags.py
[2026-03-31T09:48:11.045+0000] {logging_mixin.py:188} INFO - [2026-03-31T09:48:11.044+0000] {dag.py:3096} INFO - Sync 1 DAGs
[2026-03-31T09:48:11.064+0000] {logging_mixin.py:188} INFO - [2026-03-31T09:48:11.064+0000] {dag.py:3954} INFO - Setting next_dagrun for example_dag to 2026-03-30 00:00:00+00:00, run_after=2026-03-31 00:00:00+00:00
[2026-03-31T09:48:11.085+0000] {processor.py:183} INFO - Processing /opt/airflow/dags/new_dags.py took 0.104 seconds
[2026-03-31T09:48:41.790+0000] {processor.py:161} INFO - Started process (PID=1266) to work on /opt/airflow/dags/new_dags.py
[2026-03-31T09:48:41.792+0000] {processor.py:830} INFO - Processing file /opt/airflow/dags/new_dags.py for tasks to queue
[2026-03-31T09:48:41.794+0000] {logging_mixin.py:188} INFO - [2026-03-31T09:48:41.794+0000] {dagbag.py:545} INFO - Filling up the DagBag from /opt/airflow/dags/new_dags.py
[2026-03-31T09:48:41.834+0000] {processor.py:840} INFO - DAG(s) 'example_dag' retrieved from /opt/airflow/dags/new_dags.py
[2026-03-31T09:48:41.862+0000] {logging_mixin.py:188} INFO - [2026-03-31T09:48:41.862+0000] {dag.py:3096} INFO - Sync 1 DAGs
[2026-03-31T09:48:41.880+0000] {logging_mixin.py:188} INFO - [2026-03-31T09:48:41.880+0000] {dag.py:3954} INFO - Setting next_dagrun for example_dag to 2026-03-30 00:00:00+00:00, run_after=2026-03-31 00:00:00+00:00
[2026-03-31T09:48:41.896+0000] {processor.py:183} INFO - Processing /opt/airflow/dags/new_dags.py took 0.116 seconds
[2026-03-31T09:49:12.588+0000] {processor.py:161} INFO - Started process (PID=1292) to work on /opt/airflow/dags/new_dags.py
[2026-03-31T09:49:12.589+0000] {processor.py:830} INFO - Processing file /opt/airflow/dags/new_dags.py for tasks to queue
[2026-03-31T09:49:12.592+0000] {logging_mixin.py:188} INFO - [2026-03-31T09:49:12.591+0000] {dagbag.py:545} INFO - Filling up the DagBag from /opt/airflow/dags/new_dags.py
[2026-03-31T09:49:12.617+0000] {processor.py:840} INFO - DAG(s) 'example_dag' retrieved from /opt/airflow/dags/new_dags.py
[2026-03-31T09:49:12.641+0000] {logging_mixin.py:188} INFO - [2026-03-31T09:49:12.641+0000] {dag.py:3096} INFO - Sync 1 DAGs
[2026-03-31T09:49:12.659+0000] {logging_mixin.py:188} INFO - [2026-03-31T09:49:12.659+0000] {dag.py:3954} INFO - Setting next_dagrun for example_dag to 2026-03-30 00:00:00+00:00, run_after=2026-03-31 00:00:00+00:00
[2026-03-31T09:49:12.682+0000] {processor.py:183} INFO - Processing /opt/airflow/dags/new_dags.py took 0.101 seconds
[2026-03-31T09:49:43.447+0000] {processor.py:161} INFO - Started process (PID=1318) to work on /opt/airflow/dags/new_dags.py
[2026-03-31T09:49:43.449+0000] {processor.py:830} INFO - Processing file /opt/airflow/dags/new_dags.py for tasks to queue
[2026-03-31T09:49:43.452+0000] {logging_mixin.py:188} INFO - [2026-03-31T09:49:43.451+0000] {dagbag.py:545} INFO - Filling up the DagBag from /opt/airflow/dags/new_dags.py
[2026-03-31T09:49:43.478+0000] {processor.py:840} INFO - DAG(s) 'example_dag' retrieved from /opt/airflow/dags/new_dags.py
[2026-03-31T09:49:43.503+0000] {logging_mixin.py:188} INFO - [2026-03-31T09:49:43.502+0000] {dag.py:3096} INFO - Sync 1 DAGs
[2026-03-31T09:49:43.521+0000] {logging_mixin.py:188} INFO - [2026-03-31T09:49:43.521+0000] {dag.py:3954} INFO - Setting next_dagrun for example_dag to 2026-03-30 00:00:00+00:00, run_after=2026-03-31 00:00:00+00:00
[2026-03-31T09:49:43.544+0000] {processor.py:183} INFO - Processing /opt/airflow/dags/new_dags.py took 0.103 seconds
[2026-03-31T09:50:14.332+0000] {processor.py:161} INFO - Started process (PID=1344) to work on /opt/airflow/dags/new_dags.py
[2026-03-31T09:50:14.333+0000] {processor.py:830} INFO - Processing file /opt/airflow/dags/new_dags.py for tasks to queue
[2026-03-31T09:50:14.335+0000] {logging_mixin.py:188} INFO - [2026-03-31T09:50:14.335+0000] {dagbag.py:545} INFO - Filling up the DagBag from /opt/airflow/dags/new_dags.py
[2026-03-31T09:50:14.358+0000] {processor.py:840} INFO - DAG(s) 'example_dag' retrieved from /opt/airflow/dags/new_dags.py
[2026-03-31T09:50:14.385+0000] {logging_mixin.py:188} INFO - [2026-03-31T09:50:14.385+0000] {dag.py:3096} INFO - Sync 1 DAGs
[2026-03-31T09:50:14.403+0000] {logging_mixin.py:188} INFO - [2026-03-31T09:50:14.402+0000] {dag.py:3954} INFO - Setting next_dagrun for example_dag to 2026-03-30 00:00:00+00:00, run_after=2026-03-31 00:00:00+00:00
[2026-03-31T09:50:14.423+0000] {processor.py:183} INFO - Processing /opt/airflow/dags/new_dags.py took 0.097 seconds
[2026-03-31T09:50:45.147+0000] {processor.py:161} INFO - Started process (PID=1370) to work on /opt/airflow/dags/new_dags.py
[2026-03-31T09:50:45.148+0000] {processor.py:830} INFO - Processing file /opt/airflow/dags/new_dags.py for tasks to queue
[2026-03-31T09:50:45.150+0000] {logging_mixin.py:188} INFO - [2026-03-31T09:50:45.150+0000] {dagbag.py:545} INFO - Filling up the DagBag from /opt/airflow/dags/new_dags.py
[2026-03-31T09:50:45.174+0000] {processor.py:840} INFO - DAG(s) 'example_dag' retrieved from /opt/airflow/dags/new_dags.py
[2026-03-31T09:50:45.198+0000] {logging_mixin.py:188} INFO - [2026-03-31T09:50:45.197+0000] {dag.py:3096} INFO - Sync 1 DAGs
[2026-03-31T09:50:45.216+0000] {logging_mixin.py:188} INFO - [2026-03-31T09:50:45.216+0000] {dag.py:3954} INFO - Setting next_dagrun for example_dag to 2026-03-30 00:00:00+00:00, run_after=2026-03-31 00:00:00+00:00
[2026-03-31T09:50:45.242+0000] {processor.py:183} INFO - Processing /opt/airflow/dags/new_dags.py took 0.101 seconds
[2026-03-31T09:51:16.038+0000] {processor.py:161} INFO - Started process (PID=1396) to work on /opt/airflow/dags/new_dags.py
[2026-03-31T09:51:16.039+0000] {processor.py:830} INFO - Processing file /opt/airflow/dags/new_dags.py for tasks to queue
[2026-03-31T09:51:16.042+0000] {logging_mixin.py:188} INFO - [2026-03-31T09:51:16.041+0000] {dagbag.py:545} INFO - Filling up the DagBag from /opt/airflow/dags/new_dags.py
[2026-03-31T09:51:16.081+0000] {processor.py:840} INFO - DAG(s) 'example_dag' retrieved from /opt/airflow/dags/new_dags.py
[2026-03-31T09:51:16.107+0000] {logging_mixin.py:188} INFO - [2026-03-31T09:51:16.107+0000] {dag.py:3096} INFO - Sync 1 DAGs
[2026-03-31T09:51:16.127+0000] {logging_mixin.py:188} INFO - [2026-03-31T09:51:16.127+0000] {dag.py:3954} INFO - Setting next_dagrun for example_dag to 2026-03-30 00:00:00+00:00, run_after=2026-03-31 00:00:00+00:00
[2026-03-31T09:51:16.149+0000] {processor.py:183} INFO - Processing /opt/airflow/dags/new_dags.py took 0.118 seconds
[2026-03-31T09:51:46.863+0000] {processor.py:161} INFO - Started process (PID=1424) to work on /opt/airflow/dags/new_dags.py
[2026-03-31T09:51:46.864+0000] {processor.py:830} INFO - Processing file /opt/airflow/dags/new_dags.py for tasks to queue
[2026-03-31T09:51:46.866+0000] {logging_mixin.py:188} INFO - [2026-03-31T09:51:46.866+0000] {dagbag.py:545} INFO - Filling up the DagBag from /opt/airflow/dags/new_dags.py
[2026-03-31T09:51:46.888+0000] {processor.py:840} INFO - DAG(s) 'example_dag' retrieved from /opt/airflow/dags/new_dags.py
[2026-03-31T09:51:46.912+0000] {logging_mixin.py:188} INFO - [2026-03-31T09:51:46.912+0000] {dag.py:3096} INFO - Sync 1 DAGs
[2026-03-31T09:51:46.930+0000] {logging_mixin.py:188} INFO - [2026-03-31T09:51:46.930+0000] {dag.py:3954} INFO - Setting next_dagrun for example_dag to 2026-03-30 00:00:00+00:00, run_after=2026-03-31 00:00:00+00:00
[2026-03-31T09:51:46.952+0000] {processor.py:183} INFO - Processing /opt/airflow/dags/new_dags.py took 0.095 seconds
[2026-03-31T09:52:17.707+0000] {processor.py:161} INFO - Started process (PID=1448) to work on /opt/airflow/dags/new_dags.py
[2026-03-31T09:52:17.708+0000] {processor.py:830} INFO - Processing file /opt/airflow/dags/new_dags.py for tasks to queue
[2026-03-31T09:52:17.710+0000] {logging_mixin.py:188} INFO - [2026-03-31T09:52:17.710+0000] {dagbag.py:545} INFO - Filling up the DagBag from /opt/airflow/dags/new_dags.py
[2026-03-31T09:52:17.743+0000] {processor.py:840} INFO - DAG(s) 'example_dag' retrieved from /opt/airflow/dags/new_dags.py
[2026-03-31T09:52:17.769+0000] {logging_mixin.py:188} INFO - [2026-03-31T09:52:17.769+0000] {dag.py:3096} INFO - Sync 1 DAGs
[2026-03-31T09:52:17.788+0000] {logging_mixin.py:188} INFO - [2026-03-31T09:52:17.787+0000] {dag.py:3954} INFO - Setting next_dagrun for example_dag to 2026-03-30 00:00:00+00:00, run_after=2026-03-31 00:00:00+00:00
[2026-03-31T09:52:17.809+0000] {processor.py:183} INFO - Processing /opt/airflow/dags/new_dags.py took 0.108 seconds
[2026-03-31T09:52:48.317+0000] {processor.py:161} INFO - Started process (PID=1474) to work on /opt/airflow/dags/new_dags.py
[2026-03-31T09:52:48.319+0000] {processor.py:830} INFO - Processing file /opt/airflow/dags/new_dags.py for tasks to queue
[2026-03-31T09:52:48.322+0000] {logging_mixin.py:188} INFO - [2026-03-31T09:52:48.321+0000] {dagbag.py:545} INFO - Filling up the DagBag from /opt/airflow/dags/new_dags.py
[2026-03-31T09:52:48.349+0000] {processor.py:840} INFO - DAG(s) 'example_dag' retrieved from /opt/airflow/dags/new_dags.py
[2026-03-31T09:52:48.375+0000] {logging_mixin.py:188} INFO - [2026-03-31T09:52:48.375+0000] {dag.py:3096} INFO - Sync 1 DAGs
[2026-03-31T09:52:48.395+0000] {logging_mixin.py:188} INFO - [2026-03-31T09:52:48.395+0000] {dag.py:3954} INFO - Setting next_dagrun for example_dag to 2026-03-30 00:00:00+00:00, run_after=2026-03-31 00:00:00+00:00
[2026-03-31T09:52:48.419+0000] {processor.py:183} INFO - Processing /opt/airflow/dags/new_dags.py took 0.110 seconds
[2026-03-31T09:53:19.145+0000] {processor.py:161} INFO - Started process (PID=1500) to work on /opt/airflow/dags/new_dags.py
[2026-03-31T09:53:19.146+0000] {processor.py:830} INFO - Processing file /opt/airflow/dags/new_dags.py for tasks to queue
[2026-03-31T09:53:19.150+0000] {logging_mixin.py:188} INFO - [2026-03-31T09:53:19.150+0000] {dagbag.py:545} INFO - Filling up the DagBag from /opt/airflow/dags/new_dags.py
[2026-03-31T09:53:19.182+0000] {processor.py:840} INFO - DAG(s) 'example_dag' retrieved from /opt/airflow/dags/new_dags.py
[2026-03-31T09:53:19.212+0000] {logging_mixin.py:188} INFO - [2026-03-31T09:53:19.212+0000] {dag.py:3096} INFO - Sync 1 DAGs
[2026-03-31T09:53:19.234+0000] {logging_mixin.py:188} INFO - [2026-03-31T09:53:19.233+0000] {dag.py:3954} INFO - Setting next_dagrun for example_dag to 2026-03-30 00:00:00+00:00, run_after=2026-03-31 00:00:00+00:00
[2026-03-31T09:53:19.254+0000] {processor.py:183} INFO - Processing /opt/airflow/dags/new_dags.py took 0.116 seconds
[2026-03-31T09:53:49.887+0000] {processor.py:161} INFO - Started process (PID=1526) to work on /opt/airflow/dags/new_dags.py
[2026-03-31T09:53:49.888+0000] {processor.py:830} INFO - Processing file /opt/airflow/dags/new_dags.py for tasks to queue
[2026-03-31T09:53:49.894+0000] {logging_mixin.py:188} INFO - [2026-03-31T09:53:49.894+0000] {dagbag.py:545} INFO - Filling up the DagBag from /opt/airflow/dags/new_dags.py
[2026-03-31T09:53:49.918+0000] {processor.py:840} INFO - DAG(s) 'example_dag' retrieved from /opt/airflow/dags/new_dags.py
[2026-03-31T09:53:49.943+0000] {logging_mixin.py:188} INFO - [2026-03-31T09:53:49.942+0000] {dag.py:3096} INFO - Sync 1 DAGs
[2026-03-31T09:53:49.960+0000] {logging_mixin.py:188} INFO - [2026-03-31T09:53:49.960+0000] {dag.py:3954} INFO - Setting next_dagrun for example_dag to 2026-03-30 00:00:00+00:00, run_after=2026-03-31 00:00:00+00:00
[2026-03-31T09:53:49.982+0000] {processor.py:183} INFO - Processing /opt/airflow/dags/new_dags.py took 0.103 seconds
[2026-03-31T09:54:20.579+0000] {processor.py:161} INFO - Started process (PID=1552) to work on /opt/airflow/dags/new_dags.py
[2026-03-31T09:54:20.581+0000] {processor.py:830} INFO - Processing file /opt/airflow/dags/new_dags.py for tasks to queue
[2026-03-31T09:54:20.583+0000] {logging_mixin.py:188} INFO - [2026-03-31T09:54:20.583+0000] {dagbag.py:545} INFO - Filling up the DagBag from /opt/airflow/dags/new_dags.py
[2026-03-31T09:54:20.620+0000] {processor.py:840} INFO - DAG(s) 'example_dag' retrieved from /opt/airflow/dags/new_dags.py
[2026-03-31T09:54:20.656+0000] {logging_mixin.py:188} INFO - [2026-03-31T09:54:20.656+0000] {dag.py:3096} INFO - Sync 1 DAGs
[2026-03-31T09:54:20.679+0000] {logging_mixin.py:188} INFO - [2026-03-31T09:54:20.679+0000] {dag.py:3954} INFO - Setting next_dagrun for example_dag to 2026-03-30 00:00:00+00:00, run_after=2026-03-31 00:00:00+00:00
[2026-03-31T09:54:20.704+0000] {processor.py:183} INFO - Processing /opt/airflow/dags/new_dags.py took 0.132 seconds
[2026-03-31T09:54:51.329+0000] {processor.py:161} INFO - Started process (PID=1578) to work on /opt/airflow/dags/new_dags.py
[2026-03-31T09:54:51.330+0000] {processor.py:830} INFO - Processing file /opt/airflow/dags/new_dags.py for tasks to queue
[2026-03-31T09:54:51.333+0000] {logging_mixin.py:188} INFO - [2026-03-31T09:54:51.332+0000] {dagbag.py:545} INFO - Filling up the DagBag from /opt/airflow/dags/new_dags.py
[2026-03-31T09:54:51.359+0000] {processor.py:840} INFO - DAG(s) 'example_dag' retrieved from /opt/airflow/dags/new_dags.py
[2026-03-31T09:54:51.385+0000] {logging_mixin.py:188} INFO - [2026-03-31T09:54:51.385+0000] {dag.py:3096} INFO - Sync 1 DAGs
[2026-03-31T09:54:51.407+0000] {logging_mixin.py:188} INFO - [2026-03-31T09:54:51.407+0000] {dag.py:3954} INFO - Setting next_dagrun for example_dag to 2026-03-30 00:00:00+00:00, run_after=2026-03-31 00:00:00+00:00
[2026-03-31T09:54:51.432+0000] {processor.py:183} INFO - Processing /opt/airflow/dags/new_dags.py took 0.111 seconds
[2026-03-31T09:55:22.065+0000] {processor.py:161} INFO - Started process (PID=1604) to work on /opt/airflow/dags/new_dags.py
[2026-03-31T09:55:22.067+0000] {processor.py:830} INFO - Processing file /opt/airflow/dags/new_dags.py for tasks to queue
[2026-03-31T09:55:22.070+0000] {logging_mixin.py:188} INFO - [2026-03-31T09:55:22.069+0000] {dagbag.py:545} INFO - Filling up the DagBag from /opt/airflow/dags/new_dags.py
[2026-03-31T09:55:22.094+0000] {processor.py:840} INFO - DAG(s) 'example_dag' retrieved from /opt/airflow/dags/new_dags.py
[2026-03-31T09:55:22.123+0000] {logging_mixin.py:188} INFO - [2026-03-31T09:55:22.123+0000] {dag.py:3096} INFO - Sync 1 DAGs
[2026-03-31T09:55:22.144+0000] {logging_mixin.py:188} INFO - [2026-03-31T09:55:22.143+0000] {dag.py:3954} INFO - Setting next_dagrun for example_dag to 2026-03-30 00:00:00+00:00, run_after=2026-03-31 00:00:00+00:00
[2026-03-31T09:55:22.163+0000] {processor.py:183} INFO - Processing /opt/airflow/dags/new_dags.py took 0.107 seconds
[2026-03-31T09:55:52.711+0000] {processor.py:161} INFO - Started process (PID=1630) to work on /opt/airflow/dags/new_dags.py
[2026-03-31T09:55:52.713+0000] {processor.py:830} INFO - Processing file /opt/airflow/dags/new_dags.py for tasks to queue
[2026-03-31T09:55:52.715+0000] {logging_mixin.py:188} INFO - [2026-03-31T09:55:52.715+0000] {dagbag.py:545} INFO - Filling up the DagBag from /opt/airflow/dags/new_dags.py
[2026-03-31T09:55:52.748+0000] {processor.py:840} INFO - DAG(s) 'example_dag' retrieved from /opt/airflow/dags/new_dags.py
[2026-03-31T09:55:52.774+0000] {logging_mixin.py:188} INFO - [2026-03-31T09:55:52.774+0000] {dag.py:3096} INFO - Sync 1 DAGs
[2026-03-31T09:55:52.794+0000] {logging_mixin.py:188} INFO - [2026-03-31T09:55:52.793+0000] {dag.py:3954} INFO - Setting next_dagrun for example_dag to 2026-03-30 00:00:00+00:00, run_after=2026-03-31 00:00:00+00:00
[2026-03-31T09:55:52.818+0000] {processor.py:183} INFO - Processing /opt/airflow/dags/new_dags.py took 0.113 seconds
[2026-03-31T09:56:23.372+0000] {processor.py:161} INFO - Started process (PID=1656) to work on /opt/airflow/dags/new_dags.py
[2026-03-31T09:56:23.373+0000] {processor.py:830} INFO - Processing file /opt/airflow/dags/new_dags.py for tasks to queue
[2026-03-31T09:56:23.375+0000] {logging_mixin.py:188} INFO - [2026-03-31T09:56:23.375+0000] {dagbag.py:545} INFO - Filling up the DagBag from /opt/airflow/dags/new_dags.py
[2026-03-31T09:56:23.396+0000] {processor.py:840} INFO - DAG(s) 'example_dag' retrieved from /opt/airflow/dags/new_dags.py
[2026-03-31T09:56:23.421+0000] {logging_mixin.py:188} INFO - [2026-03-31T09:56:23.421+0000] {dag.py:3096} INFO - Sync 1 DAGs
[2026-03-31T09:56:23.440+0000] {logging_mixin.py:188} INFO - [2026-03-31T09:56:23.440+0000] {dag.py:3954} INFO - Setting next_dagrun for example_dag to 2026-03-30 00:00:00+00:00, run_after=2026-03-31 00:00:00+00:00
[2026-03-31T09:56:23.466+0000] {processor.py:183} INFO - Processing /opt/airflow/dags/new_dags.py took 0.100 seconds
[2026-03-31T09:56:54.176+0000] {processor.py:161} INFO - Started process (PID=1682) to work on /opt/airflow/dags/new_dags.py
[2026-03-31T09:56:54.178+0000] {processor.py:830} INFO - Processing file /opt/airflow/dags/new_dags.py for tasks to queue
[2026-03-31T09:56:54.184+0000] {logging_mixin.py:188} INFO - [2026-03-31T09:56:54.183+0000] {dagbag.py:545} INFO - Filling up the DagBag from /opt/airflow/dags/new_dags.py
[2026-03-31T09:56:54.210+0000] {processor.py:840} INFO - DAG(s) 'example_dag' retrieved from /opt/airflow/dags/new_dags.py
[2026-03-31T09:56:54.235+0000] {logging_mixin.py:188} INFO - [2026-03-31T09:56:54.235+0000] {dag.py:3096} INFO - Sync 1 DAGs
[2026-03-31T09:56:54.257+0000] {logging_mixin.py:188} INFO - [2026-03-31T09:56:54.256+0000] {dag.py:3954} INFO - Setting next_dagrun for example_dag to 2026-03-30 00:00:00+00:00, run_after=2026-03-31 00:00:00+00:00
[2026-03-31T09:56:54.280+0000] {processor.py:183} INFO - Processing /opt/airflow/dags/new_dags.py took 0.115 seconds
[2026-03-31T09:57:24.846+0000] {processor.py:161} INFO - Started process (PID=1708) to work on /opt/airflow/dags/new_dags.py
[2026-03-31T09:57:24.847+0000] {processor.py:830} INFO - Processing file /opt/airflow/dags/new_dags.py for tasks to queue
[2026-03-31T09:57:24.850+0000] {logging_mixin.py:188} INFO - [2026-03-31T09:57:24.850+0000] {dagbag.py:545} INFO - Filling up the DagBag from /opt/airflow/dags/new_dags.py
[2026-03-31T09:57:24.873+0000] {processor.py:840} INFO - DAG(s) 'example_dag' retrieved from /opt/airflow/dags/new_dags.py
[2026-03-31T09:57:24.900+0000] {logging_mixin.py:188} INFO - [2026-03-31T09:57:24.899+0000] {dag.py:3096} INFO - Sync 1 DAGs
[2026-03-31T09:57:24.921+0000] {logging_mixin.py:188} INFO - [2026-03-31T09:57:24.921+0000] {dag.py:3954} INFO - Setting next_dagrun for example_dag to 2026-03-30 00:00:00+00:00, run_after=2026-03-31 00:00:00+00:00
[2026-03-31T09:57:24.946+0000] {processor.py:183} INFO - Processing /opt/airflow/dags/new_dags.py took 0.106 seconds
[2026-03-31T09:57:55.586+0000] {processor.py:161} INFO - Started process (PID=1734) to work on /opt/airflow/dags/new_dags.py
[2026-03-31T09:57:55.587+0000] {processor.py:830} INFO - Processing file /opt/airflow/dags/new_dags.py for tasks to queue
[2026-03-31T09:57:55.589+0000] {logging_mixin.py:188} INFO - [2026-03-31T09:57:55.589+0000] {dagbag.py:545} INFO - Filling up the DagBag from /opt/airflow/dags/new_dags.py
[2026-03-31T09:57:55.618+0000] {processor.py:840} INFO - DAG(s) 'example_dag' retrieved from /opt/airflow/dags/new_dags.py
[2026-03-31T09:57:55.676+0000] {logging_mixin.py:188} INFO - [2026-03-31T09:57:55.675+0000] {dag.py:3096} INFO - Sync 1 DAGs
[2026-03-31T09:57:55.749+0000] {logging_mixin.py:188} INFO - [2026-03-31T09:57:55.749+0000] {dag.py:3954} INFO - Setting next_dagrun for example_dag to 2026-03-30 00:00:00+00:00, run_after=2026-03-31 00:00:00+00:00
[2026-03-31T09:57:55.782+0000] {processor.py:183} INFO - Processing /opt/airflow/dags/new_dags.py took 0.205 seconds
[2026-03-31T09:58:26.662+0000] {processor.py:161} INFO - Started process (PID=1760) to work on /opt/airflow/dags/new_dags.py
[2026-03-31T09:58:26.664+0000] {processor.py:830} INFO - Processing file /opt/airflow/dags/new_dags.py for tasks to queue
[2026-03-31T09:58:26.667+0000] {logging_mixin.py:188} INFO - [2026-03-31T09:58:26.666+0000] {dagbag.py:545} INFO - Filling up the DagBag from /opt/airflow/dags/new_dags.py
[2026-03-31T09:58:26.701+0000] {processor.py:840} INFO - DAG(s) 'example_dag' retrieved from /opt/airflow/dags/new_dags.py
[2026-03-31T09:58:26.732+0000] {logging_mixin.py:188} INFO - [2026-03-31T09:58:26.732+0000] {dag.py:3096} INFO - Sync 1 DAGs
[2026-03-31T09:58:26.757+0000] {logging_mixin.py:188} INFO - [2026-03-31T09:58:26.757+0000] {dag.py:3954} INFO - Setting next_dagrun for example_dag to 2026-03-30 00:00:00+00:00, run_after=2026-03-31 00:00:00+00:00
[2026-03-31T09:58:26.778+0000] {processor.py:183} INFO - Processing /opt/airflow/dags/new_dags.py took 0.126 seconds
[2026-03-31T09:58:57.685+0000] {processor.py:161} INFO - Started process (PID=1786) to work on /opt/airflow/dags/new_dags.py
[2026-03-31T09:58:57.699+0000] {processor.py:830} INFO - Processing file /opt/airflow/dags/new_dags.py for tasks to queue
[2026-03-31T09:58:57.702+0000] {logging_mixin.py:188} INFO - [2026-03-31T09:58:57.701+0000] {dagbag.py:545} INFO - Filling up the DagBag from /opt/airflow/dags/new_dags.py
[2026-03-31T09:58:57.737+0000] {processor.py:840} INFO - DAG(s) 'example_dag' retrieved from /opt/airflow/dags/new_dags.py
[2026-03-31T09:58:57.768+0000] {logging_mixin.py:188} INFO - [2026-03-31T09:58:57.768+0000] {dag.py:3096} INFO - Sync 1 DAGs
[2026-03-31T09:58:57.791+0000] {logging_mixin.py:188} INFO - [2026-03-31T09:58:57.791+0000] {dag.py:3954} INFO - Setting next_dagrun for example_dag to 2026-03-30 00:00:00+00:00, run_after=2026-03-31 00:00:00+00:00
[2026-03-31T09:58:57.814+0000] {processor.py:183} INFO - Processing /opt/airflow/dags/new_dags.py took 0.138 seconds
[2026-03-31T09:59:28.356+0000] {processor.py:161} INFO - Started process (PID=1814) to work on /opt/airflow/dags/new_dags.py
[2026-03-31T09:59:28.357+0000] {processor.py:830} INFO - Processing file /opt/airflow/dags/new_dags.py for tasks to queue
[2026-03-31T09:59:28.359+0000] {logging_mixin.py:188} INFO - [2026-03-31T09:59:28.359+0000] {dagbag.py:545} INFO - Filling up the DagBag from /opt/airflow/dags/new_dags.py
[2026-03-31T09:59:28.385+0000] {processor.py:840} INFO - DAG(s) 'example_dag' retrieved from /opt/airflow/dags/new_dags.py
[2026-03-31T09:59:28.410+0000] {logging_mixin.py:188} INFO - [2026-03-31T09:59:28.410+0000] {dag.py:3096} INFO - Sync 1 DAGs
[2026-03-31T09:59:28.429+0000] {logging_mixin.py:188} INFO - [2026-03-31T09:59:28.429+0000] {dag.py:3954} INFO - Setting next_dagrun for example_dag to 2026-03-30 00:00:00+00:00, run_after=2026-03-31 00:00:00+00:00
[2026-03-31T09:59:28.453+0000] {processor.py:183} INFO - Processing /opt/airflow/dags/new_dags.py took 0.103 seconds
[2026-03-31T09:59:59.006+0000] {processor.py:161} INFO - Started process (PID=1838) to work on /opt/airflow/dags/new_dags.py
[2026-03-31T09:59:59.008+0000] {processor.py:830} INFO - Processing file /opt/airflow/dags/new_dags.py for tasks to queue
[2026-03-31T09:59:59.010+0000] {logging_mixin.py:188} INFO - [2026-03-31T09:59:59.010+0000] {dagbag.py:545} INFO - Filling up the DagBag from /opt/airflow/dags/new_dags.py
[2026-03-31T09:59:59.035+0000] {processor.py:840} INFO - DAG(s) 'example_dag' retrieved from /opt/airflow/dags/new_dags.py
[2026-03-31T09:59:59.060+0000] {logging_mixin.py:188} INFO - [2026-03-31T09:59:59.060+0000] {dag.py:3096} INFO - Sync 1 DAGs
[2026-03-31T09:59:59.080+0000] {logging_mixin.py:188} INFO - [2026-03-31T09:59:59.079+0000] {dag.py:3954} INFO - Setting next_dagrun for example_dag to 2026-03-30 00:00:00+00:00, run_after=2026-03-31 00:00:00+00:00
[2026-03-31T09:59:59.102+0000] {processor.py:183} INFO - Processing /opt/airflow/dags/new_dags.py took 0.102 seconds
[2026-03-31T10:00:29.773+0000] {processor.py:161} INFO - Started process (PID=1864) to work on /opt/airflow/dags/new_dags.py
[2026-03-31T10:00:29.775+0000] {processor.py:830} INFO - Processing file /opt/airflow/dags/new_dags.py for tasks to queue
[2026-03-31T10:00:29.778+0000] {logging_mixin.py:188} INFO - [2026-03-31T10:00:29.777+0000] {dagbag.py:545} INFO - Filling up the DagBag from /opt/airflow/dags/new_dags.py
[2026-03-31T10:00:29.801+0000] {processor.py:840} INFO - DAG(s) 'example_dag' retrieved from /opt/airflow/dags/new_dags.py
[2026-03-31T10:00:29.826+0000] {logging_mixin.py:188} INFO - [2026-03-31T10:00:29.826+0000] {dag.py:3096} INFO - Sync 1 DAGs
[2026-03-31T10:00:29.847+0000] {logging_mixin.py:188} INFO - [2026-03-31T10:00:29.846+0000] {dag.py:3954} INFO - Setting next_dagrun for example_dag to 2026-03-30 00:00:00+00:00, run_after=2026-03-31 00:00:00+00:00
[2026-03-31T10:00:29.875+0000] {processor.py:183} INFO - Processing /opt/airflow/dags/new_dags.py took 0.110 seconds
[2026-03-31T10:01:00.468+0000] {processor.py:161} INFO - Started process (PID=1890) to work on /opt/airflow/dags/new_dags.py
[2026-03-31T10:01:00.469+0000] {processor.py:830} INFO - Processing file /opt/airflow/dags/new_dags.py for tasks to queue
[2026-03-31T10:01:00.471+0000] {logging_mixin.py:188} INFO - [2026-03-31T10:01:00.471+0000] {dagbag.py:545} INFO - Filling up the DagBag from /opt/airflow/dags/new_dags.py
[2026-03-31T10:01:00.497+0000] {processor.py:840} INFO - DAG(s) 'example_dag' retrieved from /opt/airflow/dags/new_dags.py
[2026-03-31T10:01:00.522+0000] {logging_mixin.py:188} INFO - [2026-03-31T10:01:00.522+0000] {dag.py:3096} INFO - Sync 1 DAGs
[2026-03-31T10:01:00.541+0000] {logging_mixin.py:188} INFO - [2026-03-31T10:01:00.541+0000] {dag.py:3954} INFO - Setting next_dagrun for example_dag to 2026-03-30 00:00:00+00:00, run_after=2026-03-31 00:00:00+00:00
[2026-03-31T10:01:00.565+0000] {processor.py:183} INFO - Processing /opt/airflow/dags/new_dags.py took 0.104 seconds
[2026-03-31T10:01:31.062+0000] {processor.py:161} INFO - Started process (PID=1916) to work on /opt/airflow/dags/new_dags.py
[2026-03-31T10:01:31.063+0000] {processor.py:830} INFO - Processing file /opt/airflow/dags/new_dags.py for tasks to queue
[2026-03-31T10:01:31.066+0000] {logging_mixin.py:188} INFO - [2026-03-31T10:01:31.065+0000] {dagbag.py:545} INFO - Filling up the DagBag from /opt/airflow/dags/new_dags.py
[2026-03-31T10:01:31.095+0000] {processor.py:840} INFO - DAG(s) 'example_dag' retrieved from /opt/airflow/dags/new_dags.py
[2026-03-31T10:01:31.124+0000] {logging_mixin.py:188} INFO - [2026-03-31T10:01:31.124+0000] {dag.py:3096} INFO - Sync 1 DAGs
[2026-03-31T10:01:31.146+0000] {logging_mixin.py:188} INFO - [2026-03-31T10:01:31.146+0000] {dag.py:3954} INFO - Setting next_dagrun for example_dag to 2026-03-30 00:00:00+00:00, run_after=2026-03-31 00:00:00+00:00
[2026-03-31T10:01:31.172+0000] {processor.py:183} INFO - Processing /opt/airflow/dags/new_dags.py took 0.117 seconds
[2026-03-31T10:02:01.685+0000] {processor.py:161} INFO - Started process (PID=1943) to work on /opt/airflow/dags/new_dags.py
[2026-03-31T10:02:01.687+0000] {processor.py:830} INFO - Processing file /opt/airflow/dags/new_dags.py for tasks to queue
[2026-03-31T10:02:01.690+0000] {logging_mixin.py:188} INFO - [2026-03-31T10:02:01.689+0000] {dagbag.py:545} INFO - Filling up the DagBag from /opt/airflow/dags/new_dags.py
[2026-03-31T10:02:01.716+0000] {processor.py:840} INFO - DAG(s) 'example_dag' retrieved from /opt/airflow/dags/new_dags.py
[2026-03-31T10:02:01.742+0000] {logging_mixin.py:188} INFO - [2026-03-31T10:02:01.741+0000] {dag.py:3096} INFO - Sync 1 DAGs
[2026-03-31T10:02:01.764+0000] {logging_mixin.py:188} INFO - [2026-03-31T10:02:01.763+0000] {dag.py:3954} INFO - Setting next_dagrun for example_dag to 2026-03-30 00:00:00+00:00, run_after=2026-03-31 00:00:00+00:00
[2026-03-31T10:02:01.786+0000] {processor.py:183} INFO - Processing /opt/airflow/dags/new_dags.py took 0.109 seconds
[2026-03-31T10:02:32.295+0000] {processor.py:161} INFO - Started process (PID=1970) to work on /opt/airflow/dags/new_dags.py
[2026-03-31T10:02:32.296+0000] {processor.py:830} INFO - Processing file /opt/airflow/dags/new_dags.py for tasks to queue
[2026-03-31T10:02:32.298+0000] {logging_mixin.py:188} INFO - [2026-03-31T10:02:32.298+0000] {dagbag.py:545} INFO - Filling up the DagBag from /opt/airflow/dags/new_dags.py
[2026-03-31T10:02:32.322+0000] {processor.py:840} INFO - DAG(s) 'example_dag' retrieved from /opt/airflow/dags/new_dags.py
[2026-03-31T10:02:32.349+0000] {logging_mixin.py:188} INFO - [2026-03-31T10:02:32.349+0000] {dag.py:3096} INFO - Sync 1 DAGs
[2026-03-31T10:02:32.368+0000] {logging_mixin.py:188} INFO - [2026-03-31T10:02:32.368+0000] {dag.py:3954} INFO - Setting next_dagrun for example_dag to 2026-03-30 00:00:00+00:00, run_after=2026-03-31 00:00:00+00:00
[2026-03-31T10:02:32.391+0000] {processor.py:183} INFO - Processing /opt/airflow/dags/new_dags.py took 0.104 seconds
[2026-03-31T10:03:03.063+0000] {processor.py:161} INFO - Started process (PID=1996) to work on /opt/airflow/dags/new_dags.py
[2026-03-31T10:03:03.063+0000] {processor.py:830} INFO - Processing file /opt/airflow/dags/new_dags.py for tasks to queue
[2026-03-31T10:03:03.066+0000] {logging_mixin.py:188} INFO - [2026-03-31T10:03:03.065+0000] {dagbag.py:545} INFO - Filling up the DagBag from /opt/airflow/dags/new_dags.py
[2026-03-31T10:03:03.087+0000] {processor.py:840} INFO - DAG(s) 'example_dag' retrieved from /opt/airflow/dags/new_dags.py
[2026-03-31T10:03:03.113+0000] {logging_mixin.py:188} INFO - [2026-03-31T10:03:03.113+0000] {dag.py:3096} INFO - Sync 1 DAGs
[2026-03-31T10:03:03.131+0000] {logging_mixin.py:188} INFO - [2026-03-31T10:03:03.131+0000] {dag.py:3954} INFO - Setting next_dagrun for example_dag to 2026-03-30 00:00:00+00:00, run_after=2026-03-31 00:00:00+00:00
[2026-03-31T10:03:03.156+0000] {processor.py:183} INFO - Processing /opt/airflow/dags/new_dags.py took 0.101 seconds
[2026-03-31T10:03:33.936+0000] {processor.py:161} INFO - Started process (PID=2022) to work on /opt/airflow/dags/new_dags.py
[2026-03-31T10:03:33.938+0000] {processor.py:830} INFO - Processing file /opt/airflow/dags/new_dags.py for tasks to queue
[2026-03-31T10:03:33.940+0000] {logging_mixin.py:188} INFO - [2026-03-31T10:03:33.940+0000] {dagbag.py:545} INFO - Filling up the DagBag from /opt/airflow/dags/new_dags.py
[2026-03-31T10:03:33.967+0000] {processor.py:840} INFO - DAG(s) 'example_dag' retrieved from /opt/airflow/dags/new_dags.py
[2026-03-31T10:03:33.993+0000] {logging_mixin.py:188} INFO - [2026-03-31T10:03:33.993+0000] {dag.py:3096} INFO - Sync 1 DAGs
[2026-03-31T10:03:34.012+0000] {logging_mixin.py:188} INFO - [2026-03-31T10:03:34.012+0000] {dag.py:3954} INFO - Setting next_dagrun for example_dag to 2026-03-30 00:00:00+00:00, run_after=2026-03-31 00:00:00+00:00
[2026-03-31T10:03:34.037+0000] {processor.py:183} INFO - Processing /opt/airflow/dags/new_dags.py took 0.107 seconds
[2026-03-31T10:04:04.784+0000] {processor.py:161} INFO - Started process (PID=2048) to work on /opt/airflow/dags/new_dags.py
[2026-03-31T10:04:04.785+0000] {processor.py:830} INFO - Processing file /opt/airflow/dags/new_dags.py for tasks to queue
[2026-03-31T10:04:04.788+0000] {logging_mixin.py:188} INFO - [2026-03-31T10:04:04.787+0000] {dagbag.py:545} INFO - Filling up the DagBag from /opt/airflow/dags/new_dags.py
[2026-03-31T10:04:04.813+0000] {processor.py:840} INFO - DAG(s) 'example_dag' retrieved from /opt/airflow/dags/new_dags.py
[2026-03-31T10:04:04.840+0000] {logging_mixin.py:188} INFO - [2026-03-31T10:04:04.840+0000] {dag.py:3096} INFO - Sync 1 DAGs
[2026-03-31T10:04:04.859+0000] {logging_mixin.py:188} INFO - [2026-03-31T10:04:04.859+0000] {dag.py:3954} INFO - Setting next_dagrun for example_dag to 2026-03-30 00:00:00+00:00, run_after=2026-03-31 00:00:00+00:00
[2026-03-31T10:04:04.883+0000] {processor.py:183} INFO - Processing /opt/airflow/dags/new_dags.py took 0.105 seconds
[2026-03-31T10:04:35.592+0000] {processor.py:161} INFO - Started process (PID=2074) to work on /opt/airflow/dags/new_dags.py
[2026-03-31T10:04:35.594+0000] {processor.py:830} INFO - Processing file /opt/airflow/dags/new_dags.py for tasks to queue
[2026-03-31T10:04:35.596+0000] {logging_mixin.py:188} INFO - [2026-03-31T10:04:35.596+0000] {dagbag.py:545} INFO - Filling up the DagBag from /opt/airflow/dags/new_dags.py
[2026-03-31T10:04:35.621+0000] {processor.py:840} INFO - DAG(s) 'example_dag' retrieved from /opt/airflow/dags/new_dags.py
[2026-03-31T10:04:35.647+0000] {logging_mixin.py:188} INFO - [2026-03-31T10:04:35.647+0000] {dag.py:3096} INFO - Sync 1 DAGs
[2026-03-31T10:04:35.667+0000] {logging_mixin.py:188} INFO - [2026-03-31T10:04:35.667+0000] {dag.py:3954} INFO - Setting next_dagrun for example_dag to 2026-03-30 00:00:00+00:00, run_after=2026-03-31 00:00:00+00:00
[2026-03-31T10:04:35.686+0000] {processor.py:183} INFO - Processing /opt/airflow/dags/new_dags.py took 0.103 seconds
[2026-03-31T10:05:06.381+0000] {processor.py:161} INFO - Started process (PID=2100) to work on /opt/airflow/dags/new_dags.py
[2026-03-31T10:05:06.383+0000] {processor.py:830} INFO - Processing file /opt/airflow/dags/new_dags.py for tasks to queue
[2026-03-31T10:05:06.385+0000] {logging_mixin.py:188} INFO - [2026-03-31T10:05:06.385+0000] {dagbag.py:545} INFO - Filling up the DagBag from /opt/airflow/dags/new_dags.py
[2026-03-31T10:05:06.414+0000] {processor.py:840} INFO - DAG(s) 'example_dag' retrieved from /opt/airflow/dags/new_dags.py
[2026-03-31T10:05:06.439+0000] {logging_mixin.py:188} INFO - [2026-03-31T10:05:06.439+0000] {dag.py:3096} INFO - Sync 1 DAGs
[2026-03-31T10:05:06.459+0000] {logging_mixin.py:188} INFO - [2026-03-31T10:05:06.459+0000] {dag.py:3954} INFO - Setting next_dagrun for example_dag to 2026-03-30 00:00:00+00:00, run_after=2026-03-31 00:00:00+00:00
[2026-03-31T10:05:06.503+0000] {processor.py:183} INFO - Processing /opt/airflow/dags/new_dags.py took 0.128 seconds
[2026-03-31T10:05:37.185+0000] {processor.py:161} INFO - Started process (PID=2126) to work on /opt/airflow/dags/new_dags.py
[2026-03-31T10:05:37.186+0000] {processor.py:830} INFO - Processing file /opt/airflow/dags/new_dags.py for tasks to queue
[2026-03-31T10:05:37.190+0000] {logging_mixin.py:188} INFO - [2026-03-31T10:05:37.189+0000] {dagbag.py:545} INFO - Filling up the DagBag from /opt/airflow/dags/new_dags.py
[2026-03-31T10:05:37.216+0000] {processor.py:840} INFO - DAG(s) 'example_dag' retrieved from /opt/airflow/dags/new_dags.py
[2026-03-31T10:05:37.245+0000] {logging_mixin.py:188} INFO - [2026-03-31T10:05:37.245+0000] {dag.py:3096} INFO - Sync 1 DAGs
[2026-03-31T10:05:37.264+0000] {logging_mixin.py:188} INFO - [2026-03-31T10:05:37.264+0000] {dag.py:3954} INFO - Setting next_dagrun for example_dag to 2026-03-30 00:00:00+00:00, run_after=2026-03-31 00:00:00+00:00
[2026-03-31T10:05:37.281+0000] {processor.py:183} INFO - Processing /opt/airflow/dags/new_dags.py took 0.104 seconds
[2026-03-31T10:06:07.972+0000] {processor.py:161} INFO - Started process (PID=2152) to work on /opt/airflow/dags/new_dags.py
[2026-03-31T10:06:07.973+0000] {processor.py:830} INFO - Processing file /opt/airflow/dags/new_dags.py for tasks to queue
[2026-03-31T10:06:07.975+0000] {logging_mixin.py:188} INFO - [2026-03-31T10:06:07.975+0000] {dagbag.py:545} INFO - Filling up the DagBag from /opt/airflow/dags/new_dags.py
[2026-03-31T10:06:08.001+0000] {processor.py:840} INFO - DAG(s) 'example_dag' retrieved from /opt/airflow/dags/new_dags.py
[2026-03-31T10:06:08.027+0000] {logging_mixin.py:188} INFO - [2026-03-31T10:06:08.027+0000] {dag.py:3096} INFO - Sync 1 DAGs
[2026-03-31T10:06:08.046+0000] {logging_mixin.py:188} INFO - [2026-03-31T10:06:08.045+0000] {dag.py:3954} INFO - Setting next_dagrun for example_dag to 2026-03-30 00:00:00+00:00, run_after=2026-03-31 00:00:00+00:00
[2026-03-31T10:06:08.067+0000] {processor.py:183} INFO - Processing /opt/airflow/dags/new_dags.py took 0.103 seconds
[2026-03-31T10:06:38.730+0000] {processor.py:161} INFO - Started process (PID=2178) to work on /opt/airflow/dags/new_dags.py
[2026-03-31T10:06:38.732+0000] {processor.py:830} INFO - Processing file /opt/airflow/dags/new_dags.py for tasks to queue
[2026-03-31T10:06:38.734+0000] {logging_mixin.py:188} INFO - [2026-03-31T10:06:38.733+0000] {dagbag.py:545} INFO - Filling up the DagBag from /opt/airflow/dags/new_dags.py
[2026-03-31T10:06:38.756+0000] {processor.py:840} INFO - DAG(s) 'example_dag' retrieved from /opt/airflow/dags/new_dags.py
[2026-03-31T10:06:38.782+0000] {logging_mixin.py:188} INFO - [2026-03-31T10:06:38.782+0000] {dag.py:3096} INFO - Sync 1 DAGs
[2026-03-31T10:06:38.805+0000] {logging_mixin.py:188} INFO - [2026-03-31T10:06:38.805+0000] {dag.py:3954} INFO - Setting next_dagrun for example_dag to 2026-03-30 00:00:00+00:00, run_after=2026-03-31 00:00:00+00:00
[2026-03-31T10:06:38.830+0000] {processor.py:183} INFO - Processing /opt/airflow/dags/new_dags.py took 0.107 seconds
[2026-03-31T10:07:09.497+0000] {processor.py:161} INFO - Started process (PID=2204) to work on /opt/airflow/dags/new_dags.py
[2026-03-31T10:07:09.499+0000] {processor.py:830} INFO - Processing file /opt/airflow/dags/new_dags.py for tasks to queue
[2026-03-31T10:07:09.501+0000] {logging_mixin.py:188} INFO - [2026-03-31T10:07:09.501+0000] {dagbag.py:545} INFO - Filling up the DagBag from /opt/airflow/dags/new_dags.py
[2026-03-31T10:07:09.533+0000] {processor.py:840} INFO - DAG(s) 'example_dag' retrieved from /opt/airflow/dags/new_dags.py
[2026-03-31T10:07:09.560+0000] {logging_mixin.py:188} INFO - [2026-03-31T10:07:09.560+0000] {dag.py:3096} INFO - Sync 1 DAGs
[2026-03-31T10:07:09.582+0000] {logging_mixin.py:188} INFO - [2026-03-31T10:07:09.581+0000] {dag.py:3954} INFO - Setting next_dagrun for example_dag to 2026-03-30 00:00:00+00:00, run_after=2026-03-31 00:00:00+00:00
[2026-03-31T10:07:09.606+0000] {processor.py:183} INFO - Processing /opt/airflow/dags/new_dags.py took 0.116 seconds
[2026-03-31T10:07:40.257+0000] {processor.py:161} INFO - Started process (PID=2230) to work on /opt/airflow/dags/new_dags.py
[2026-03-31T10:07:40.258+0000] {processor.py:830} INFO - Processing file /opt/airflow/dags/new_dags.py for tasks to queue
[2026-03-31T10:07:40.261+0000] {logging_mixin.py:188} INFO - [2026-03-31T10:07:40.260+0000] {dagbag.py:545} INFO - Filling up the DagBag from /opt/airflow/dags/new_dags.py
[2026-03-31T10:07:40.289+0000] {processor.py:840} INFO - DAG(s) 'example_dag' retrieved from /opt/airflow/dags/new_dags.py
[2026-03-31T10:07:40.315+0000] {logging_mixin.py:188} INFO - [2026-03-31T10:07:40.315+0000] {dag.py:3096} INFO - Sync 1 DAGs
[2026-03-31T10:07:40.336+0000] {logging_mixin.py:188} INFO - [2026-03-31T10:07:40.335+0000] {dag.py:3954} INFO - Setting next_dagrun for example_dag to 2026-03-30 00:00:00+00:00, run_after=2026-03-31 00:00:00+00:00
[2026-03-31T10:07:40.360+0000] {processor.py:183} INFO - Processing /opt/airflow/dags/new_dags.py took 0.109 seconds
[2026-03-31T10:08:11.064+0000] {processor.py:161} INFO - Started process (PID=2256) to work on /opt/airflow/dags/new_dags.py
[2026-03-31T10:08:11.065+0000] {processor.py:830} INFO - Processing file /opt/airflow/dags/new_dags.py for tasks to queue
[2026-03-31T10:08:11.068+0000] {logging_mixin.py:188} INFO - [2026-03-31T10:08:11.068+0000] {dagbag.py:545} INFO - Filling up the DagBag from /opt/airflow/dags/new_dags.py
[2026-03-31T10:08:11.096+0000] {processor.py:840} INFO - DAG(s) 'example_dag' retrieved from /opt/airflow/dags/new_dags.py
[2026-03-31T10:08:11.123+0000] {logging_mixin.py:188} INFO - [2026-03-31T10:08:11.123+0000] {dag.py:3096} INFO - Sync 1 DAGs
[2026-03-31T10:08:11.141+0000] {logging_mixin.py:188} INFO - [2026-03-31T10:08:11.141+0000] {dag.py:3954} INFO - Setting next_dagrun for example_dag to 2026-03-30 00:00:00+00:00, run_after=2026-03-31 00:00:00+00:00
[2026-03-31T10:08:11.166+0000] {processor.py:183} INFO - Processing /opt/airflow/dags/new_dags.py took 0.109 seconds
[2026-03-31T10:08:41.814+0000] {processor.py:161} INFO - Started process (PID=2283) to work on /opt/airflow/dags/new_dags.py
[2026-03-31T10:08:41.816+0000] {processor.py:830} INFO - Processing file /opt/airflow/dags/new_dags.py for tasks to queue
[2026-03-31T10:08:41.820+0000] {logging_mixin.py:188} INFO - [2026-03-31T10:08:41.819+0000] {dagbag.py:545} INFO - Filling up the DagBag from /opt/airflow/dags/new_dags.py
[2026-03-31T10:08:41.856+0000] {processor.py:840} INFO - DAG(s) 'example_dag' retrieved from /opt/airflow/dags/new_dags.py
[2026-03-31T10:08:41.895+0000] {logging_mixin.py:188} INFO - [2026-03-31T10:08:41.895+0000] {dag.py:3096} INFO - Sync 1 DAGs
[2026-03-31T10:08:41.925+0000] {logging_mixin.py:188} INFO - [2026-03-31T10:08:41.924+0000] {dag.py:3954} INFO - Setting next_dagrun for example_dag to 2026-03-30 00:00:00+00:00, run_after=2026-03-31 00:00:00+00:00
[2026-03-31T10:08:41.957+0000] {processor.py:183} INFO - Processing /opt/airflow/dags/new_dags.py took 0.150 seconds
[2026-03-31T10:09:12.523+0000] {processor.py:161} INFO - Started process (PID=2309) to work on /opt/airflow/dags/new_dags.py
[2026-03-31T10:09:12.525+0000] {processor.py:830} INFO - Processing file /opt/airflow/dags/new_dags.py for tasks to queue
[2026-03-31T10:09:12.527+0000] {logging_mixin.py:188} INFO - [2026-03-31T10:09:12.526+0000] {dagbag.py:545} INFO - Filling up the DagBag from /opt/airflow/dags/new_dags.py
[2026-03-31T10:09:12.562+0000] {processor.py:840} INFO - DAG(s) 'example_dag' retrieved from /opt/airflow/dags/new_dags.py
[2026-03-31T10:09:12.588+0000] {logging_mixin.py:188} INFO - [2026-03-31T10:09:12.588+0000] {dag.py:3096} INFO - Sync 1 DAGs
[2026-03-31T10:09:12.606+0000] {logging_mixin.py:188} INFO - [2026-03-31T10:09:12.606+0000] {dag.py:3954} INFO - Setting next_dagrun for example_dag to 2026-03-30 00:00:00+00:00, run_after=2026-03-31 00:00:00+00:00
[2026-03-31T10:09:12.632+0000] {processor.py:183} INFO - Processing /opt/airflow/dags/new_dags.py took 0.115 seconds
[2026-03-31T10:09:43.242+0000] {processor.py:161} INFO - Started process (PID=2335) to work on /opt/airflow/dags/new_dags.py
[2026-03-31T10:09:43.244+0000] {processor.py:830} INFO - Processing file /opt/airflow/dags/new_dags.py for tasks to queue
[2026-03-31T10:09:43.246+0000] {logging_mixin.py:188} INFO - [2026-03-31T10:09:43.245+0000] {dagbag.py:545} INFO - Filling up the DagBag from /opt/airflow/dags/new_dags.py
[2026-03-31T10:09:43.272+0000] {processor.py:840} INFO - DAG(s) 'example_dag' retrieved from /opt/airflow/dags/new_dags.py
[2026-03-31T10:09:43.298+0000] {logging_mixin.py:188} INFO - [2026-03-31T10:09:43.298+0000] {dag.py:3096} INFO - Sync 1 DAGs
[2026-03-31T10:09:43.318+0000] {logging_mixin.py:188} INFO - [2026-03-31T10:09:43.317+0000] {dag.py:3954} INFO - Setting next_dagrun for example_dag to 2026-03-30 00:00:00+00:00, run_after=2026-03-31 00:00:00+00:00
[2026-03-31T10:09:43.339+0000] {processor.py:183} INFO - Processing /opt/airflow/dags/new_dags.py took 0.103 seconds
[2026-03-31T10:10:13.979+0000] {processor.py:161} INFO - Started process (PID=2361) to work on /opt/airflow/dags/new_dags.py
[2026-03-31T10:10:13.980+0000] {processor.py:830} INFO - Processing file /opt/airflow/dags/new_dags.py for tasks to queue
[2026-03-31T10:10:13.983+0000] {logging_mixin.py:188} INFO - [2026-03-31T10:10:13.983+0000] {dagbag.py:545} INFO - Filling up the DagBag from /opt/airflow/dags/new_dags.py
[2026-03-31T10:10:14.005+0000] {processor.py:840} INFO - DAG(s) 'example_dag' retrieved from /opt/airflow/dags/new_dags.py
[2026-03-31T10:10:14.031+0000] {logging_mixin.py:188} INFO - [2026-03-31T10:10:14.031+0000] {dag.py:3096} INFO - Sync 1 DAGs
[2026-03-31T10:10:14.050+0000] {logging_mixin.py:188} INFO - [2026-03-31T10:10:14.050+0000] {dag.py:3954} INFO - Setting next_dagrun for example_dag to 2026-03-30 00:00:00+00:00, run_after=2026-03-31 00:00:00+00:00
[2026-03-31T10:10:14.075+0000] {processor.py:183} INFO - Processing /opt/airflow/dags/new_dags.py took 0.103 seconds
[2026-03-31T10:10:44.846+0000] {processor.py:161} INFO - Started process (PID=2393) to work on /opt/airflow/dags/new_dags.py
[2026-03-31T10:10:44.847+0000] {processor.py:830} INFO - Processing file /opt/airflow/dags/new_dags.py for tasks to queue
[2026-03-31T10:10:44.849+0000] {logging_mixin.py:188} INFO - [2026-03-31T10:10:44.849+0000] {dagbag.py:545} INFO - Filling up the DagBag from /opt/airflow/dags/new_dags.py
[2026-03-31T10:10:44.872+0000] {processor.py:840} INFO - DAG(s) 'example_dag' retrieved from /opt/airflow/dags/new_dags.py
[2026-03-31T10:10:44.897+0000] {logging_mixin.py:188} INFO - [2026-03-31T10:10:44.897+0000] {dag.py:3096} INFO - Sync 1 DAGs
[2026-03-31T10:10:44.915+0000] {logging_mixin.py:188} INFO - [2026-03-31T10:10:44.915+0000] {dag.py:3954} INFO - Setting next_dagrun for example_dag to 2026-03-30 00:00:00+00:00, run_after=2026-03-31 00:00:00+00:00
[2026-03-31T10:10:44.938+0000] {processor.py:183} INFO - Processing /opt/airflow/dags/new_dags.py took 0.101 seconds
[2026-03-31T10:11:15.642+0000] {processor.py:161} INFO - Started process (PID=2419) to work on /opt/airflow/dags/new_dags.py
[2026-03-31T10:11:15.643+0000] {processor.py:830} INFO - Processing file /opt/airflow/dags/new_dags.py for tasks to queue
[2026-03-31T10:11:15.646+0000] {logging_mixin.py:188} INFO - [2026-03-31T10:11:15.645+0000] {dagbag.py:545} INFO - Filling up the DagBag from /opt/airflow/dags/new_dags.py
[2026-03-31T10:11:15.672+0000] {processor.py:840} INFO - DAG(s) 'example_dag' retrieved from /opt/airflow/dags/new_dags.py
[2026-03-31T10:11:15.700+0000] {logging_mixin.py:188} INFO - [2026-03-31T10:11:15.699+0000] {dag.py:3096} INFO - Sync 1 DAGs
[2026-03-31T10:11:15.719+0000] {logging_mixin.py:188} INFO - [2026-03-31T10:11:15.719+0000] {dag.py:3954} INFO - Setting next_dagrun for example_dag to 2026-03-30 00:00:00+00:00, run_after=2026-03-31 00:00:00+00:00
[2026-03-31T10:11:15.745+0000] {processor.py:183} INFO - Processing /opt/airflow/dags/new_dags.py took 0.109 seconds
[2026-03-31T10:11:46.378+0000] {processor.py:161} INFO - Started process (PID=2445) to work on /opt/airflow/dags/new_dags.py
[2026-03-31T10:11:46.379+0000] {processor.py:830} INFO - Processing file /opt/airflow/dags/new_dags.py for tasks to queue
[2026-03-31T10:11:46.381+0000] {logging_mixin.py:188} INFO - [2026-03-31T10:11:46.381+0000] {dagbag.py:545} INFO - Filling up the DagBag from /opt/airflow/dags/new_dags.py
[2026-03-31T10:11:46.404+0000] {processor.py:840} INFO - DAG(s) 'example_dag' retrieved from /opt/airflow/dags/new_dags.py
[2026-03-31T10:11:46.429+0000] {logging_mixin.py:188} INFO - [2026-03-31T10:11:46.429+0000] {dag.py:3096} INFO - Sync 1 DAGs
[2026-03-31T10:11:46.449+0000] {logging_mixin.py:188} INFO - [2026-03-31T10:11:46.448+0000] {dag.py:3954} INFO - Setting next_dagrun for example_dag to 2026-03-30 00:00:00+00:00, run_after=2026-03-31 00:00:00+00:00
[2026-03-31T10:11:46.475+0000] {processor.py:183} INFO - Processing /opt/airflow/dags/new_dags.py took 0.104 seconds
[2026-03-31T10:12:17.196+0000] {processor.py:161} INFO - Started process (PID=2471) to work on /opt/airflow/dags/new_dags.py
[2026-03-31T10:12:17.197+0000] {processor.py:830} INFO - Processing file /opt/airflow/dags/new_dags.py for tasks to queue
[2026-03-31T10:12:17.200+0000] {logging_mixin.py:188} INFO - [2026-03-31T10:12:17.200+0000] {dagbag.py:545} INFO - Filling up the DagBag from /opt/airflow/dags/new_dags.py
[2026-03-31T10:12:17.225+0000] {processor.py:840} INFO - DAG(s) 'example_dag' retrieved from /opt/airflow/dags/new_dags.py
[2026-03-31T10:12:17.251+0000] {logging_mixin.py:188} INFO - [2026-03-31T10:12:17.251+0000] {dag.py:3096} INFO - Sync 1 DAGs
[2026-03-31T10:12:17.275+0000] {logging_mixin.py:188} INFO - [2026-03-31T10:12:17.275+0000] {dag.py:3954} INFO - Setting next_dagrun for example_dag to 2026-03-30 00:00:00+00:00, run_after=2026-03-31 00:00:00+00:00
[2026-03-31T10:12:17.303+0000] {processor.py:183} INFO - Processing /opt/airflow/dags/new_dags.py took 0.115 seconds
[2026-03-31T10:12:47.974+0000] {processor.py:161} INFO - Started process (PID=2497) to work on /opt/airflow/dags/new_dags.py
[2026-03-31T10:12:47.975+0000] {processor.py:830} INFO - Processing file /opt/airflow/dags/new_dags.py for tasks to queue
[2026-03-31T10:12:47.977+0000] {logging_mixin.py:188} INFO - [2026-03-31T10:12:47.977+0000] {dagbag.py:545} INFO - Filling up the DagBag from /opt/airflow/dags/new_dags.py
[2026-03-31T10:12:48.004+0000] {processor.py:840} INFO - DAG(s) 'example_dag' retrieved from /opt/airflow/dags/new_dags.py
[2026-03-31T10:12:48.029+0000] {logging_mixin.py:188} INFO - [2026-03-31T10:12:48.029+0000] {dag.py:3096} INFO - Sync 1 DAGs
[2026-03-31T10:12:48.048+0000] {logging_mixin.py:188} INFO - [2026-03-31T10:12:48.048+0000] {dag.py:3954} INFO - Setting next_dagrun for example_dag to 2026-03-30 00:00:00+00:00, run_after=2026-03-31 00:00:00+00:00
[2026-03-31T10:12:48.071+0000] {processor.py:183} INFO - Processing /opt/airflow/dags/new_dags.py took 0.103 seconds
[2026-03-31T10:13:18.952+0000] {processor.py:161} INFO - Started process (PID=2523) to work on /opt/airflow/dags/new_dags.py
[2026-03-31T10:13:18.953+0000] {processor.py:830} INFO - Processing file /opt/airflow/dags/new_dags.py for tasks to queue
[2026-03-31T10:13:18.956+0000] {logging_mixin.py:188} INFO - [2026-03-31T10:13:18.956+0000] {dagbag.py:545} INFO - Filling up the DagBag from /opt/airflow/dags/new_dags.py
[2026-03-31T10:13:18.979+0000] {processor.py:840} INFO - DAG(s) 'example_dag' retrieved from /opt/airflow/dags/new_dags.py
[2026-03-31T10:13:19.006+0000] {logging_mixin.py:188} INFO - [2026-03-31T10:13:19.006+0000] {dag.py:3096} INFO - Sync 1 DAGs
[2026-03-31T10:13:19.024+0000] {logging_mixin.py:188} INFO - [2026-03-31T10:13:19.024+0000] {dag.py:3954} INFO - Setting next_dagrun for example_dag to 2026-03-30 00:00:00+00:00, run_after=2026-03-31 00:00:00+00:00
[2026-03-31T10:13:19.048+0000] {processor.py:183} INFO - Processing /opt/airflow/dags/new_dags.py took 0.103 seconds
[2026-03-31T10:13:49.670+0000] {processor.py:161} INFO - Started process (PID=2549) to work on /opt/airflow/dags/new_dags.py
[2026-03-31T10:13:49.672+0000] {processor.py:830} INFO - Processing file /opt/airflow/dags/new_dags.py for tasks to queue
[2026-03-31T10:13:49.674+0000] {logging_mixin.py:188} INFO - [2026-03-31T10:13:49.674+0000] {dagbag.py:545} INFO - Filling up the DagBag from /opt/airflow/dags/new_dags.py
[2026-03-31T10:13:49.696+0000] {processor.py:840} INFO - DAG(s) 'example_dag' retrieved from /opt/airflow/dags/new_dags.py
[2026-03-31T10:13:49.721+0000] {logging_mixin.py:188} INFO - [2026-03-31T10:13:49.721+0000] {dag.py:3096} INFO - Sync 1 DAGs
[2026-03-31T10:13:49.739+0000] {logging_mixin.py:188} INFO - [2026-03-31T10:13:49.739+0000] {dag.py:3954} INFO - Setting next_dagrun for example_dag to 2026-03-30 00:00:00+00:00, run_after=2026-03-31 00:00:00+00:00
[2026-03-31T10:13:49.764+0000] {processor.py:183} INFO - Processing /opt/airflow/dags/new_dags.py took 0.101 seconds
[2026-03-31T10:14:20.467+0000] {processor.py:161} INFO - Started process (PID=2575) to work on /opt/airflow/dags/new_dags.py
[2026-03-31T10:14:20.468+0000] {processor.py:830} INFO - Processing file /opt/airflow/dags/new_dags.py for tasks to queue
[2026-03-31T10:14:20.471+0000] {logging_mixin.py:188} INFO - [2026-03-31T10:14:20.470+0000] {dagbag.py:545} INFO - Filling up the DagBag from /opt/airflow/dags/new_dags.py
[2026-03-31T10:14:20.502+0000] {processor.py:840} INFO - DAG(s) 'example_dag' retrieved from /opt/airflow/dags/new_dags.py
[2026-03-31T10:14:20.528+0000] {logging_mixin.py:188} INFO - [2026-03-31T10:14:20.528+0000] {dag.py:3096} INFO - Sync 1 DAGs
[2026-03-31T10:14:20.546+0000] {logging_mixin.py:188} INFO - [2026-03-31T10:14:20.546+0000] {dag.py:3954} INFO - Setting next_dagrun for example_dag to 2026-03-30 00:00:00+00:00, run_after=2026-03-31 00:00:00+00:00
[2026-03-31T10:14:20.569+0000] {processor.py:183} INFO - Processing /opt/airflow/dags/new_dags.py took 0.110 seconds
[2026-03-31T10:14:51.214+0000] {processor.py:161} INFO - Started process (PID=2601) to work on /opt/airflow/dags/new_dags.py
[2026-03-31T10:14:51.216+0000] {processor.py:830} INFO - Processing file /opt/airflow/dags/new_dags.py for tasks to queue
[2026-03-31T10:14:51.218+0000] {logging_mixin.py:188} INFO - [2026-03-31T10:14:51.218+0000] {dagbag.py:545} INFO - Filling up the DagBag from /opt/airflow/dags/new_dags.py
[2026-03-31T10:14:51.243+0000] {processor.py:840} INFO - DAG(s) 'example_dag' retrieved from /opt/airflow/dags/new_dags.py
[2026-03-31T10:14:51.268+0000] {logging_mixin.py:188} INFO - [2026-03-31T10:14:51.268+0000] {dag.py:3096} INFO - Sync 1 DAGs
[2026-03-31T10:14:51.287+0000] {logging_mixin.py:188} INFO - [2026-03-31T10:14:51.287+0000] {dag.py:3954} INFO - Setting next_dagrun for example_dag to 2026-03-30 00:00:00+00:00, run_after=2026-03-31 00:00:00+00:00
[2026-03-31T10:14:51.310+0000] {processor.py:183} INFO - Processing /opt/airflow/dags/new_dags.py took 0.103 seconds
[2026-03-31T10:15:21.963+0000] {processor.py:161} INFO - Started process (PID=2627) to work on /opt/airflow/dags/new_dags.py
[2026-03-31T10:15:21.964+0000] {processor.py:830} INFO - Processing file /opt/airflow/dags/new_dags.py for tasks to queue
[2026-03-31T10:15:21.966+0000] {logging_mixin.py:188} INFO - [2026-03-31T10:15:21.966+0000] {dagbag.py:545} INFO - Filling up the DagBag from /opt/airflow/dags/new_dags.py
[2026-03-31T10:15:21.990+0000] {processor.py:840} INFO - DAG(s) 'example_dag' retrieved from /opt/airflow/dags/new_dags.py
[2026-03-31T10:15:22.017+0000] {logging_mixin.py:188} INFO - [2026-03-31T10:15:22.016+0000] {dag.py:3096} INFO - Sync 1 DAGs
[2026-03-31T10:15:22.037+0000] {logging_mixin.py:188} INFO - [2026-03-31T10:15:22.037+0000] {dag.py:3954} INFO - Setting next_dagrun for example_dag to 2026-03-30 00:00:00+00:00, run_after=2026-03-31 00:00:00+00:00
[2026-03-31T10:15:22.058+0000] {processor.py:183} INFO - Processing /opt/airflow/dags/new_dags.py took 0.102 seconds
[2026-03-31T10:15:53.464+0000] {processor.py:161} INFO - Started process (PID=2655) to work on /opt/airflow/dags/new_dags.py
[2026-03-31T10:15:53.476+0000] {processor.py:830} INFO - Processing file /opt/airflow/dags/new_dags.py for tasks to queue
[2026-03-31T10:15:53.479+0000] {logging_mixin.py:188} INFO - [2026-03-31T10:15:53.479+0000] {dagbag.py:545} INFO - Filling up the DagBag from /opt/airflow/dags/new_dags.py
[2026-03-31T10:15:53.557+0000] {processor.py:840} INFO - DAG(s) 'example_dag' retrieved from /opt/airflow/dags/new_dags.py
[2026-03-31T10:15:53.612+0000] {logging_mixin.py:188} INFO - [2026-03-31T10:15:53.611+0000] {dag.py:3096} INFO - Sync 1 DAGs
[2026-03-31T10:15:53.654+0000] {logging_mixin.py:188} INFO - [2026-03-31T10:15:53.653+0000] {dag.py:3954} INFO - Setting next_dagrun for example_dag to 2026-03-30 00:00:00+00:00, run_after=2026-03-31 00:00:00+00:00
[2026-03-31T10:15:53.702+0000] {processor.py:183} INFO - Processing /opt/airflow/dags/new_dags.py took 0.250 seconds
[2026-03-31T10:16:12.998+0000] {processor.py:161} INFO - Started process (PID=2678) to work on /opt/airflow/dags/new_dags.py
[2026-03-31T10:16:13.000+0000] {processor.py:830} INFO - Processing file /opt/airflow/dags/new_dags.py for tasks to queue
[2026-03-31T10:16:13.001+0000] {logging_mixin.py:188} INFO - [2026-03-31T10:16:13.001+0000] {dagbag.py:545} INFO - Filling up the DagBag from /opt/airflow/dags/new_dags.py
[2026-03-31T10:16:13.027+0000] {processor.py:840} INFO - DAG(s) 'example_dag' retrieved from /opt/airflow/dags/new_dags.py
[2026-03-31T10:16:13.068+0000] {logging_mixin.py:188} INFO - [2026-03-31T10:16:13.067+0000] {dag.py:3096} INFO - Sync 1 DAGs
[2026-03-31T10:16:13.122+0000] {logging_mixin.py:188} INFO - [2026-03-31T10:16:13.121+0000] {dag.py:3954} INFO - Setting next_dagrun for example_dag to 2026-03-30 00:00:00+00:00, run_after=2026-03-31 00:00:00+00:00
[2026-03-31T10:16:13.182+0000] {processor.py:183} INFO - Processing /opt/airflow/dags/new_dags.py took 0.191 seconds
[2026-03-31T10:16:45.680+0000] {processor.py:161} INFO - Started process (PID=2710) to work on /opt/airflow/dags/new_dags.py
[2026-03-31T10:16:45.685+0000] {processor.py:830} INFO - Processing file /opt/airflow/dags/new_dags.py for tasks to queue
[2026-03-31T10:16:45.689+0000] {logging_mixin.py:188} INFO - [2026-03-31T10:16:45.688+0000] {dagbag.py:545} INFO - Filling up the DagBag from /opt/airflow/dags/new_dags.py
[2026-03-31T10:16:45.717+0000] {processor.py:840} INFO - DAG(s) 'example_dag' retrieved from /opt/airflow/dags/new_dags.py
[2026-03-31T10:16:45.751+0000] {logging_mixin.py:188} INFO - [2026-03-31T10:16:45.750+0000] {dag.py:3096} INFO - Sync 1 DAGs
[2026-03-31T10:16:45.782+0000] {logging_mixin.py:188} INFO - [2026-03-31T10:16:45.781+0000] {dag.py:3954} INFO - Setting next_dagrun for example_dag to 2026-03-30 00:00:00+00:00, run_after=2026-03-31 00:00:00+00:00
[2026-03-31T10:16:45.804+0000] {processor.py:183} INFO - Processing /opt/airflow/dags/new_dags.py took 0.132 seconds
