[2026-03-25T08:35:26.484+0000] {manager.py:470} INFO - Processing files using up to 2 processes at a time 
[2026-03-25T08:35:26.491+0000] {manager.py:471} INFO - Process each file at most once every 30 seconds
[2026-03-25T08:35:26.497+0000] {manager.py:472} INFO - Checking for new files in /opt/airflow/dags every 300 seconds
[2026-03-25T08:35:26.499+0000] {manager.py:737} INFO - Searching for files in /opt/airflow/dags
[2026-03-25T08:35:27.112+0000] {manager.py:740} INFO - There are 4 files in /opt/airflow/dags
[2026-03-25T08:35:27.743+0000] {manager.py:878} INFO - 
================================================================================
DAG File Processing Stats

File Path                                 PID  Runtime      # DAGs    # Errors  Last Runtime    Last Run
--------------------------------------  -----  ---------  --------  ----------  --------------  ----------
/opt/airflow/dags/example.py              199  0.41s             0           0
/opt/airflow/dags/extract_data.py         202  0.18s             0           0
/opt/airflow/dags/e_commerce_dw_dag.py                           0           0
/opt/airflow/dags/new_dags.py                                    0           0
================================================================================
[2026-03-25T08:35:57.996+0000] {manager.py:878} INFO - 
================================================================================
DAG File Processing Stats

File Path                               PID    Runtime      # DAGs    # Errors  Last Runtime    Last Run
--------------------------------------  -----  ---------  --------  ----------  --------------  -------------------
/opt/airflow/dags/e_commerce_dw_dag.py                           1           0  2.07s           2026-03-25T08:35:30
/opt/airflow/dags/example.py                                     1           0  1.94s           2026-03-25T08:35:29
/opt/airflow/dags/new_dags.py                                    1           0  1.24s           2026-03-25T08:35:30
/opt/airflow/dags/extract_data.py                                0           0  0.93s           2026-03-25T08:35:28
================================================================================
[2026-03-25T08:36:28.781+0000] {manager.py:878} INFO - 
================================================================================
DAG File Processing Stats

File Path                               PID    Runtime      # DAGs    # Errors  Last Runtime    Last Run
--------------------------------------  -----  ---------  --------  ----------  --------------  -------------------
/opt/airflow/dags/e_commerce_dw_dag.py                           1           0  0.20s           2026-03-25T08:36:01
/opt/airflow/dags/example.py                                     1           0  0.17s           2026-03-25T08:36:00
/opt/airflow/dags/new_dags.py                                    1           0  0.14s           2026-03-25T08:36:01
/opt/airflow/dags/extract_data.py                                0           0  0.11s           2026-03-25T08:35:59
================================================================================
[2026-03-25T08:36:59.574+0000] {manager.py:878} INFO - 
================================================================================
DAG File Processing Stats

File Path                               PID    Runtime      # DAGs    # Errors  Last Runtime    Last Run
--------------------------------------  -----  ---------  --------  ----------  --------------  -------------------
/opt/airflow/dags/e_commerce_dw_dag.py                           1           0  0.18s           2026-03-25T08:36:32
/opt/airflow/dags/example.py                                     1           0  0.16s           2026-03-25T08:36:31
/opt/airflow/dags/new_dags.py                                    1           0  0.14s           2026-03-25T08:36:32
/opt/airflow/dags/extract_data.py                                0           0  0.06s           2026-03-25T08:36:29
================================================================================
[2026-03-25T08:37:30.306+0000] {manager.py:878} INFO - 
================================================================================
DAG File Processing Stats

File Path                               PID    Runtime      # DAGs    # Errors  Last Runtime    Last Run
--------------------------------------  -----  ---------  --------  ----------  --------------  -------------------
/opt/airflow/dags/e_commerce_dw_dag.py                           1           0  0.19s           2026-03-25T08:37:02
/opt/airflow/dags/new_dags.py                                    1           0  0.15s           2026-03-25T08:37:02
/opt/airflow/dags/example.py                                     1           0  0.13s           2026-03-25T08:37:01
/opt/airflow/dags/extract_data.py                                0           0  0.08s           2026-03-25T08:37:00
================================================================================
[2026-03-25T08:38:01.077+0000] {manager.py:878} INFO - 
================================================================================
DAG File Processing Stats

File Path                               PID    Runtime      # DAGs    # Errors  Last Runtime    Last Run
--------------------------------------  -----  ---------  --------  ----------  --------------  -------------------
/opt/airflow/dags/e_commerce_dw_dag.py                           1           0  0.20s           2026-03-25T08:37:33
/opt/airflow/dags/example.py                                     1           0  0.15s           2026-03-25T08:37:32
/opt/airflow/dags/new_dags.py                                    1           0  0.15s           2026-03-25T08:37:33
/opt/airflow/dags/extract_data.py                                0           0  0.07s           2026-03-25T08:37:31
================================================================================
[2026-03-25T08:38:31.878+0000] {manager.py:878} INFO - 
================================================================================
DAG File Processing Stats

File Path                               PID    Runtime      # DAGs    # Errors  Last Runtime    Last Run
--------------------------------------  -----  ---------  --------  ----------  --------------  -------------------
/opt/airflow/dags/e_commerce_dw_dag.py                           1           0  0.18s           2026-03-25T08:38:04
/opt/airflow/dags/example.py                                     1           0  0.18s           2026-03-25T08:38:03
/opt/airflow/dags/new_dags.py                                    1           0  0.14s           2026-03-25T08:38:04
/opt/airflow/dags/extract_data.py                                0           0  0.07s           2026-03-25T08:38:02
================================================================================
[2026-03-25T08:39:02.656+0000] {manager.py:878} INFO - 
================================================================================
DAG File Processing Stats

File Path                               PID    Runtime      # DAGs    # Errors  Last Runtime    Last Run
--------------------------------------  -----  ---------  --------  ----------  --------------  -------------------
/opt/airflow/dags/e_commerce_dw_dag.py                           1           0  0.24s           2026-03-25T08:38:35
/opt/airflow/dags/new_dags.py                                    1           0  0.16s           2026-03-25T08:38:35
/opt/airflow/dags/example.py                                     1           0  0.13s           2026-03-25T08:38:34
/opt/airflow/dags/extract_data.py                                0           0  0.08s           2026-03-25T08:38:32
================================================================================
[2026-03-25T08:39:33.488+0000] {manager.py:878} INFO - 
================================================================================
DAG File Processing Stats

File Path                               PID    Runtime      # DAGs    # Errors  Last Runtime    Last Run
--------------------------------------  -----  ---------  --------  ----------  --------------  -------------------
/opt/airflow/dags/e_commerce_dw_dag.py                           1           0  0.22s           2026-03-25T08:39:06
/opt/airflow/dags/new_dags.py                                    1           0  0.14s           2026-03-25T08:39:05
/opt/airflow/dags/example.py                                     1           0  0.13s           2026-03-25T08:39:04
/opt/airflow/dags/extract_data.py                                0           0  0.06s           2026-03-25T08:39:03
================================================================================
[2026-03-25T08:40:04.197+0000] {manager.py:878} INFO - 
================================================================================
DAG File Processing Stats

File Path                               PID    Runtime      # DAGs    # Errors  Last Runtime    Last Run
--------------------------------------  -----  ---------  --------  ----------  --------------  -------------------
/opt/airflow/dags/e_commerce_dw_dag.py                           1           0  0.20s           2026-03-25T08:39:36
/opt/airflow/dags/example.py                                     1           0  0.17s           2026-03-25T08:39:35
/opt/airflow/dags/new_dags.py                                    1           0  0.13s           2026-03-25T08:39:36
/opt/airflow/dags/extract_data.py                                0           0  0.06s           2026-03-25T08:39:34
================================================================================
[2026-03-25T08:40:26.852+0000] {manager.py:737} INFO - Searching for files in /opt/airflow/dags
[2026-03-25T08:40:26.984+0000] {manager.py:740} INFO - There are 4 files in /opt/airflow/dags
[2026-03-25T08:40:35.109+0000] {manager.py:878} INFO - 
================================================================================
DAG File Processing Stats

File Path                               PID    Runtime      # DAGs    # Errors  Last Runtime    Last Run
--------------------------------------  -----  ---------  --------  ----------  --------------  -------------------
/opt/airflow/dags/e_commerce_dw_dag.py                           1           0  0.20s           2026-03-25T08:40:07
/opt/airflow/dags/example.py                                     1           0  0.16s           2026-03-25T08:40:06
/opt/airflow/dags/new_dags.py                                    1           0  0.14s           2026-03-25T08:40:07
/opt/airflow/dags/extract_data.py                                0           0  0.10s           2026-03-25T08:40:05
================================================================================
[2026-03-25T08:41:05.824+0000] {manager.py:878} INFO - 
================================================================================
DAG File Processing Stats

File Path                               PID    Runtime      # DAGs    # Errors  Last Runtime    Last Run
--------------------------------------  -----  ---------  --------  ----------  --------------  -------------------
/opt/airflow/dags/e_commerce_dw_dag.py                           1           0  0.19s           2026-03-25T08:40:38
/opt/airflow/dags/example.py                                     1           0  0.14s           2026-03-25T08:40:37
/opt/airflow/dags/new_dags.py                                    1           0  0.14s           2026-03-25T08:40:38
/opt/airflow/dags/extract_data.py                                0           0  0.08s           2026-03-25T08:40:36
================================================================================
[2026-03-25T08:41:36.286+0000] {manager.py:878} INFO - 
================================================================================
DAG File Processing Stats

File Path                               PID    Runtime      # DAGs    # Errors  Last Runtime    Last Run
--------------------------------------  -----  ---------  --------  ----------  --------------  -------------------
/opt/airflow/dags/e_commerce_dw_dag.py                           1           0  0.42s           2026-03-25T08:41:09
/opt/airflow/dags/new_dags.py                                    1           0  0.33s           2026-03-25T08:41:09
/opt/airflow/dags/example.py                                     1           0  0.13s           2026-03-25T08:41:08
/opt/airflow/dags/extract_data.py                                0           0  0.08s           2026-03-25T08:41:06
================================================================================
[2026-03-25T08:42:06.370+0000] {manager.py:878} INFO - 
================================================================================
DAG File Processing Stats

File Path                               PID    Runtime      # DAGs    # Errors  Last Runtime    Last Run
--------------------------------------  -----  ---------  --------  ----------  --------------  -------------------
/opt/airflow/dags/e_commerce_dw_dag.py                           1           0  0.35s           2026-03-25T08:41:39
/opt/airflow/dags/new_dags.py                                    1           0  0.28s           2026-03-25T08:41:39
/opt/airflow/dags/example.py                                     1           0  0.15s           2026-03-25T08:41:38
/opt/airflow/dags/extract_data.py                                0           0  0.09s           2026-03-25T08:41:37
================================================================================
[2026-03-25T08:42:37.159+0000] {manager.py:878} INFO - 
================================================================================
DAG File Processing Stats

File Path                               PID    Runtime      # DAGs    # Errors  Last Runtime    Last Run
--------------------------------------  -----  ---------  --------  ----------  --------------  -------------------
/opt/airflow/dags/e_commerce_dw_dag.py                           1           0  0.28s           2026-03-25T08:42:10
/opt/airflow/dags/new_dags.py                                    1           0  0.21s           2026-03-25T08:42:10
/opt/airflow/dags/example.py                                     1           0  0.21s           2026-03-25T08:42:09
/opt/airflow/dags/extract_data.py                                0           0  0.09s           2026-03-25T08:42:08
================================================================================
[2026-03-25T08:43:07.296+0000] {manager.py:878} INFO - 
================================================================================
DAG File Processing Stats

File Path                               PID    Runtime      # DAGs    # Errors  Last Runtime    Last Run
--------------------------------------  -----  ---------  --------  ----------  --------------  -------------------
/opt/airflow/dags/e_commerce_dw_dag.py                           1           0  0.19s           2026-03-25T08:42:41
/opt/airflow/dags/example.py                                     1           0  0.17s           2026-03-25T08:42:40
/opt/airflow/dags/new_dags.py                                    1           0  0.13s           2026-03-25T08:42:41
/opt/airflow/dags/extract_data.py                                0           0  0.11s           2026-03-25T08:42:39
================================================================================
[2026-03-25T08:43:37.349+0000] {manager.py:878} INFO - 
================================================================================
DAG File Processing Stats

File Path                               PID    Runtime      # DAGs    # Errors  Last Runtime    Last Run
--------------------------------------  -----  ---------  --------  ----------  --------------  -------------------
/opt/airflow/dags/e_commerce_dw_dag.py                           1           0  0.26s           2026-03-25T08:43:11
/opt/airflow/dags/new_dags.py                                    1           0  0.18s           2026-03-25T08:43:11
/opt/airflow/dags/example.py                                     1           0  0.15s           2026-03-25T08:43:10
/opt/airflow/dags/extract_data.py                                0           0  0.13s           2026-03-25T08:43:09
================================================================================
[2026-03-25T08:44:07.567+0000] {manager.py:878} INFO - 
================================================================================
DAG File Processing Stats

File Path                               PID    Runtime      # DAGs    # Errors  Last Runtime    Last Run
--------------------------------------  -----  ---------  --------  ----------  --------------  -------------------
/opt/airflow/dags/e_commerce_dw_dag.py                           1           0  0.50s           2026-03-25T08:43:43
/opt/airflow/dags/new_dags.py                                    1           0  0.33s           2026-03-25T08:43:42
/opt/airflow/dags/example.py                                     1           0  0.33s           2026-03-25T08:43:41
/opt/airflow/dags/extract_data.py                                0           0  0.09s           2026-03-25T08:43:40
================================================================================
[2026-03-25T08:44:37.705+0000] {manager.py:878} INFO - 
================================================================================
DAG File Processing Stats

File Path                               PID    Runtime      # DAGs    # Errors  Last Runtime    Last Run
--------------------------------------  -----  ---------  --------  ----------  --------------  -------------------
/opt/airflow/dags/example.py                                     1           0  1.41s           2026-03-25T08:44:14
/opt/airflow/dags/e_commerce_dw_dag.py                           1           0  1.05s           2026-03-25T08:44:15
/opt/airflow/dags/new_dags.py                                    1           0  0.64s           2026-03-25T08:44:14
/opt/airflow/dags/extract_data.py                                0           0  0.07s           2026-03-25T08:44:10
================================================================================
[2026-03-25T08:45:07.906+0000] {manager.py:878} INFO - 
================================================================================
DAG File Processing Stats

File Path                               PID    Runtime      # DAGs    # Errors  Last Runtime    Last Run
--------------------------------------  -----  ---------  --------  ----------  --------------  -------------------
/opt/airflow/dags/e_commerce_dw_dag.py                           1           0  0.42s           2026-03-25T08:44:45
/opt/airflow/dags/new_dags.py                                    1           0  0.36s           2026-03-25T08:44:45
/opt/airflow/dags/example.py                                     1           0  0.35s           2026-03-25T08:44:45
/opt/airflow/dags/extract_data.py                                0           0  0.08s           2026-03-25T08:44:40
================================================================================
[2026-03-25T08:45:27.016+0000] {manager.py:737} INFO - Searching for files in /opt/airflow/dags
[2026-03-25T08:45:27.283+0000] {manager.py:740} INFO - There are 4 files in /opt/airflow/dags
[2026-03-25T08:45:38.582+0000] {manager.py:878} INFO - 
================================================================================
DAG File Processing Stats

File Path                               PID    Runtime      # DAGs    # Errors  Last Runtime    Last Run
--------------------------------------  -----  ---------  --------  ----------  --------------  -------------------
/opt/airflow/dags/e_commerce_dw_dag.py                           1           0  0.79s           2026-03-25T08:45:17
/opt/airflow/dags/new_dags.py                                    1           0  0.52s           2026-03-25T08:45:16
/opt/airflow/dags/example.py                                     1           0  0.33s           2026-03-25T08:45:15
/opt/airflow/dags/extract_data.py                                0           0  0.27s           2026-03-25T08:45:11
================================================================================
[2026-03-25T08:46:08.883+0000] {manager.py:878} INFO - 
================================================================================
DAG File Processing Stats

File Path                               PID    Runtime      # DAGs    # Errors  Last Runtime    Last Run
--------------------------------------  -----  ---------  --------  ----------  --------------  -------------------
/opt/airflow/dags/e_commerce_dw_dag.py                           1           0  0.50s           2026-03-25T08:45:47
/opt/airflow/dags/example.py                                     1           0  0.47s           2026-03-25T08:45:46
/opt/airflow/dags/new_dags.py                                    1           0  0.46s           2026-03-25T08:45:47
/opt/airflow/dags/extract_data.py                                0           0  0.32s           2026-03-25T08:45:41
================================================================================
[2026-03-25T08:46:39.132+0000] {manager.py:878} INFO - 
================================================================================
DAG File Processing Stats

File Path                               PID    Runtime      # DAGs    # Errors  Last Runtime    Last Run
--------------------------------------  -----  ---------  --------  ----------  --------------  -------------------
/opt/airflow/dags/e_commerce_dw_dag.py                           1           0  0.89s           2026-03-25T08:46:19
/opt/airflow/dags/new_dags.py                                    1           0  0.60s           2026-03-25T08:46:18
/opt/airflow/dags/example.py                                     1           0  0.56s           2026-03-25T08:46:17
/opt/airflow/dags/extract_data.py                                0           0  0.11s           2026-03-25T08:46:12
================================================================================
[2026-03-25T08:47:09.147+0000] {manager.py:878} INFO - 
================================================================================
DAG File Processing Stats

File Path                               PID    Runtime      # DAGs    # Errors  Last Runtime    Last Run
--------------------------------------  -----  ---------  --------  ----------  --------------  -------------------
/opt/airflow/dags/e_commerce_dw_dag.py                           1           0  0.53s           2026-03-25T08:46:49
/opt/airflow/dags/extract_data.py                                0           0  0.28s           2026-03-25T08:46:42
/opt/airflow/dags/new_dags.py                                    1           0  0.15s           2026-03-25T08:46:48
/opt/airflow/dags/example.py                                     1           0  0.14s           2026-03-25T08:46:47
================================================================================
[2026-03-25T08:47:39.197+0000] {manager.py:878} INFO - 
================================================================================
DAG File Processing Stats

File Path                               PID    Runtime      # DAGs    # Errors  Last Runtime    Last Run
--------------------------------------  -----  ---------  --------  ----------  --------------  -------------------
/opt/airflow/dags/example.py                                     1           0  0.19s           2026-03-25T08:47:17
/opt/airflow/dags/new_dags.py                                    1           0  0.18s           2026-03-25T08:47:18
/opt/airflow/dags/e_commerce_dw_dag.py                           1           0  0.16s           2026-03-25T08:47:20
/opt/airflow/dags/extract_data.py                                0           1  0.11s           2026-03-25T08:47:38
================================================================================
[2026-03-25T08:48:09.867+0000] {manager.py:878} INFO - 
================================================================================
DAG File Processing Stats

File Path                               PID    Runtime      # DAGs    # Errors  Last Runtime    Last Run
--------------------------------------  -----  ---------  --------  ----------  --------------  -------------------
/opt/airflow/dags/example.py                                     1           0  0.13s           2026-03-25T08:47:48
/opt/airflow/dags/new_dags.py                                    1           0  0.13s           2026-03-25T08:47:49
/opt/airflow/dags/e_commerce_dw_dag.py                           0           1  0.13s           2026-03-25T08:47:51
/opt/airflow/dags/extract_data.py                                0           1  0.09s           2026-03-25T08:48:08
================================================================================
[2026-03-25T08:48:40.546+0000] {manager.py:878} INFO - 
================================================================================
DAG File Processing Stats

File Path                               PID    Runtime      # DAGs    # Errors  Last Runtime    Last Run
--------------------------------------  -----  ---------  --------  ----------  --------------  -------------------
/opt/airflow/dags/new_dags.py                                    1           0  0.15s           2026-03-25T08:48:20
/opt/airflow/dags/extract_data.py                                0           1  0.14s           2026-03-25T08:48:39
/opt/airflow/dags/example.py                                     1           0  0.13s           2026-03-25T08:48:19
/opt/airflow/dags/e_commerce_dw_dag.py                           0           1  0.12s           2026-03-25T08:48:22
================================================================================
[2026-03-25T08:48:54.906+0000] {manager.py:452} INFO - Exiting gracefully upon receiving signal 15
[2026-03-25T08:49:51.014+0000] {manager.py:470} INFO - Processing files using up to 2 processes at a time 
[2026-03-25T08:49:51.015+0000] {manager.py:471} INFO - Process each file at most once every 30 seconds
[2026-03-25T08:49:51.017+0000] {manager.py:472} INFO - Checking for new files in /opt/airflow/dags every 300 seconds
[2026-03-25T08:49:51.019+0000] {manager.py:737} INFO - Searching for files in /opt/airflow/dags
[2026-03-25T08:49:51.454+0000] {manager.py:740} INFO - There are 4 files in /opt/airflow/dags
[2026-03-25T08:49:51.581+0000] {manager.py:878} INFO - 
================================================================================
DAG File Processing Stats

File Path                                 PID  Runtime      # DAGs    # Errors  Last Runtime    Last Run
--------------------------------------  -----  ---------  --------  ----------  --------------  ----------
/opt/airflow/dags/example.py                                     0           0
/opt/airflow/dags/extract_data.py         193  0.05s             0           0
/opt/airflow/dags/e_commerce_dw_dag.py    190  0.06s             0           0
/opt/airflow/dags/new_dags.py                                    0           0
================================================================================
[2026-03-25T08:50:21.737+0000] {manager.py:878} INFO - 
================================================================================
DAG File Processing Stats

File Path                                 PID  Runtime      # DAGs    # Errors  Last Runtime    Last Run
--------------------------------------  -----  ---------  --------  ----------  --------------  -------------------
/opt/airflow/dags/example.py                                     1           0  0.40s           2026-03-25T08:49:52
/opt/airflow/dags/new_dags.py                                    1           0  0.23s           2026-03-25T08:49:52
/opt/airflow/dags/e_commerce_dw_dag.py    216  0.02s             0           1  0.15s           2026-03-25T08:49:51
/opt/airflow/dags/extract_data.py         219  0.01s             0           1  0.11s           2026-03-25T08:49:51
================================================================================
[2026-03-25T08:50:52.295+0000] {manager.py:878} INFO - 
================================================================================
DAG File Processing Stats

File Path                                 PID  Runtime      # DAGs    # Errors  Last Runtime    Last Run
--------------------------------------  -----  ---------  --------  ----------  --------------  -------------------
/opt/airflow/dags/example.py                                     1           0  0.16s           2026-03-25T08:50:22
/opt/airflow/dags/new_dags.py                                    1           0  0.16s           2026-03-25T08:50:22
/opt/airflow/dags/e_commerce_dw_dag.py    243  0.02s             0           1  0.10s           2026-03-25T08:50:21
/opt/airflow/dags/extract_data.py         246  0.01s             0           1  0.08s           2026-03-25T08:50:21
================================================================================
[2026-03-25T08:51:23.047+0000] {manager.py:878} INFO - 
================================================================================
DAG File Processing Stats

File Path                                 PID  Runtime      # DAGs    # Errors  Last Runtime    Last Run
--------------------------------------  -----  ---------  --------  ----------  --------------  -------------------
/opt/airflow/dags/new_dags.py                                    1           0  0.26s           2026-03-25T08:50:53
/opt/airflow/dags/example.py                                     1           0  0.25s           2026-03-25T08:50:53
/opt/airflow/dags/e_commerce_dw_dag.py    269  0.02s             0           1  0.11s           2026-03-25T08:50:52
/opt/airflow/dags/extract_data.py         272  0.01s             0           1  0.09s           2026-03-25T08:50:52
================================================================================
[2026-03-25T08:51:53.635+0000] {manager.py:878} INFO - 
================================================================================
DAG File Processing Stats

File Path                                 PID  Runtime      # DAGs    # Errors  Last Runtime    Last Run
--------------------------------------  -----  ---------  --------  ----------  --------------  -------------------
/opt/airflow/dags/example.py                                     1           0  0.14s           2026-03-25T08:51:24
/opt/airflow/dags/new_dags.py                                    1           0  0.14s           2026-03-25T08:51:24
/opt/airflow/dags/e_commerce_dw_dag.py    295  0.02s             0           1  0.12s           2026-03-25T08:51:23
/opt/airflow/dags/extract_data.py         298  0.00s             0           1  0.09s           2026-03-25T08:51:23
================================================================================
[2026-03-25T08:52:24.345+0000] {manager.py:878} INFO - 
================================================================================
DAG File Processing Stats

File Path                                 PID  Runtime      # DAGs    # Errors  Last Runtime    Last Run
--------------------------------------  -----  ---------  --------  ----------  --------------  -------------------
/opt/airflow/dags/example.py                                     1           0  0.16s           2026-03-25T08:51:54
/opt/airflow/dags/new_dags.py                                    1           0  0.16s           2026-03-25T08:51:54
/opt/airflow/dags/e_commerce_dw_dag.py    321  0.04s             0           1  0.10s           2026-03-25T08:51:53
/opt/airflow/dags/extract_data.py         324  0.01s             0           1  0.09s           2026-03-25T08:51:53
================================================================================
[2026-03-25T08:52:54.364+0000] {manager.py:878} INFO - 
================================================================================
DAG File Processing Stats

File Path                               PID    Runtime      # DAGs    # Errors  Last Runtime    Last Run
--------------------------------------  -----  ---------  --------  ----------  --------------  -------------------
/opt/airflow/dags/example.py                                     1           0  0.34s           2026-03-25T08:52:25
/opt/airflow/dags/new_dags.py                                    1           0  0.34s           2026-03-25T08:52:25
/opt/airflow/dags/e_commerce_dw_dag.py                           0           1  0.23s           2026-03-25T08:52:24
/opt/airflow/dags/extract_data.py                                0           1  0.12s           2026-03-25T08:52:43
================================================================================
[2026-03-25T08:53:24.943+0000] {manager.py:878} INFO - 
================================================================================
DAG File Processing Stats

File Path                               PID    Runtime      # DAGs    # Errors  Last Runtime    Last Run
--------------------------------------  -----  ---------  --------  ----------  --------------  -------------------
/opt/airflow/dags/example.py                                     1           0  0.18s           2026-03-25T08:52:56
/opt/airflow/dags/new_dags.py                                    1           0  0.18s           2026-03-25T08:52:56
/opt/airflow/dags/e_commerce_dw_dag.py                           0           1  0.09s           2026-03-25T08:52:55
/opt/airflow/dags/extract_data.py                                0           1  0.08s           2026-03-25T08:53:13
================================================================================
[2026-03-25T08:53:55.794+0000] {manager.py:878} INFO - 
================================================================================
DAG File Processing Stats

File Path                               PID    Runtime      # DAGs    # Errors  Last Runtime    Last Run
--------------------------------------  -----  ---------  --------  ----------  --------------  -------------------
/opt/airflow/dags/example.py                                     1           0  0.18s           2026-03-25T08:53:27
/opt/airflow/dags/new_dags.py                                    1           0  0.16s           2026-03-25T08:53:27
/opt/airflow/dags/e_commerce_dw_dag.py                           0           1  0.13s           2026-03-25T08:53:40
/opt/airflow/dags/extract_data.py                                0           1  0.12s           2026-03-25T08:53:44
================================================================================
[2026-03-25T08:54:26.568+0000] {manager.py:878} INFO - 
================================================================================
DAG File Processing Stats

File Path                               PID    Runtime      # DAGs    # Errors  Last Runtime    Last Run
--------------------------------------  -----  ---------  --------  ----------  --------------  -------------------
/opt/airflow/dags/example.py                                     1           0  0.16s           2026-03-25T08:53:58
/opt/airflow/dags/new_dags.py                                    1           0  0.15s           2026-03-25T08:53:58
/opt/airflow/dags/e_commerce_dw_dag.py                           0           1  0.09s           2026-03-25T08:54:11
/opt/airflow/dags/extract_data.py                                0           1  0.07s           2026-03-25T08:54:15
================================================================================
[2026-03-25T08:54:51.335+0000] {manager.py:737} INFO - Searching for files in /opt/airflow/dags
[2026-03-25T08:54:51.513+0000] {manager.py:740} INFO - There are 4 files in /opt/airflow/dags
[2026-03-25T08:54:56.594+0000] {manager.py:878} INFO - 
================================================================================
DAG File Processing Stats

File Path                               PID    Runtime      # DAGs    # Errors  Last Runtime    Last Run
--------------------------------------  -----  ---------  --------  ----------  --------------  -------------------
/opt/airflow/dags/new_dags.py                                    1           0  0.16s           2026-03-25T08:54:28
/opt/airflow/dags/example.py                                     1           0  0.15s           2026-03-25T08:54:28
/opt/airflow/dags/extract_data.py                                0           1  0.12s           2026-03-25T08:54:41
/opt/airflow/dags/e_commerce_dw_dag.py                           0           1  0.09s           2026-03-25T08:54:42
================================================================================
[2026-03-25T08:55:27.152+0000] {manager.py:878} INFO - 
================================================================================
DAG File Processing Stats

File Path                               PID    Runtime      # DAGs    # Errors  Last Runtime    Last Run
--------------------------------------  -----  ---------  --------  ----------  --------------  -------------------
/opt/airflow/dags/example.py                                     1           0  0.15s           2026-03-25T08:54:59
/opt/airflow/dags/new_dags.py                                    1           0  0.14s           2026-03-25T08:54:59
/opt/airflow/dags/e_commerce_dw_dag.py                           0           1  0.09s           2026-03-25T08:55:12
/opt/airflow/dags/extract_data.py                                0           1  0.08s           2026-03-25T08:55:11
================================================================================
[2026-03-25T08:55:57.763+0000] {manager.py:878} INFO - 
================================================================================
DAG File Processing Stats

File Path                               PID    Runtime      # DAGs    # Errors  Last Runtime    Last Run
--------------------------------------  -----  ---------  --------  ----------  --------------  -------------------
/opt/airflow/dags/example.py                                     1           0  0.15s           2026-03-25T08:55:30
/opt/airflow/dags/new_dags.py                                    1           0  0.15s           2026-03-25T08:55:30
/opt/airflow/dags/extract_data.py                                0           1  0.11s           2026-03-25T08:55:42
/opt/airflow/dags/e_commerce_dw_dag.py                           0           1  0.09s           2026-03-25T08:55:43
================================================================================
[2026-03-25T08:56:28.515+0000] {manager.py:878} INFO - 
================================================================================
DAG File Processing Stats

File Path                               PID    Runtime      # DAGs    # Errors  Last Runtime    Last Run
--------------------------------------  -----  ---------  --------  ----------  --------------  -------------------
/opt/airflow/dags/example.py                                     1           0  0.17s           2026-03-25T08:56:01
/opt/airflow/dags/new_dags.py                                    1           0  0.17s           2026-03-25T08:56:01
/opt/airflow/dags/e_commerce_dw_dag.py                           0           1  0.14s           2026-03-25T08:56:14
/opt/airflow/dags/extract_data.py                                0           1  0.09s           2026-03-25T08:56:13
================================================================================
[2026-03-25T08:56:59.124+0000] {manager.py:878} INFO - 
================================================================================
DAG File Processing Stats

File Path                               PID    Runtime      # DAGs    # Errors  Last Runtime    Last Run
--------------------------------------  -----  ---------  --------  ----------  --------------  -------------------
/opt/airflow/dags/example.py                                     1           0  0.15s           2026-03-25T08:56:31
/opt/airflow/dags/new_dags.py                                    1           0  0.14s           2026-03-25T08:56:31
/opt/airflow/dags/e_commerce_dw_dag.py                           0           1  0.11s           2026-03-25T08:56:44
/opt/airflow/dags/extract_data.py                                0           1  0.11s           2026-03-25T08:56:43
================================================================================
[2026-03-25T08:57:29.861+0000] {manager.py:878} INFO - 
================================================================================
DAG File Processing Stats

File Path                               PID    Runtime      # DAGs    # Errors  Last Runtime    Last Run
--------------------------------------  -----  ---------  --------  ----------  --------------  -------------------
/opt/airflow/dags/example.py                                     1           0  0.17s           2026-03-25T08:57:02
/opt/airflow/dags/new_dags.py                                    1           0  0.17s           2026-03-25T08:57:02
/opt/airflow/dags/e_commerce_dw_dag.py                           0           1  0.11s           2026-03-25T08:57:15
/opt/airflow/dags/extract_data.py                                0           1  0.08s           2026-03-25T08:57:14
================================================================================
[2026-03-25T08:58:00.480+0000] {manager.py:878} INFO - 
================================================================================
DAG File Processing Stats

File Path                               PID    Runtime      # DAGs    # Errors  Last Runtime    Last Run
--------------------------------------  -----  ---------  --------  ----------  --------------  -------------------
/opt/airflow/dags/example.py                                     1           0  0.18s           2026-03-25T08:57:33
/opt/airflow/dags/new_dags.py                                    1           0  0.17s           2026-03-25T08:57:33
/opt/airflow/dags/e_commerce_dw_dag.py                           0           1  0.12s           2026-03-25T08:57:46
/opt/airflow/dags/extract_data.py                                0           1  0.09s           2026-03-25T08:57:45
================================================================================
[2026-03-25T08:58:31.049+0000] {manager.py:878} INFO - 
================================================================================
DAG File Processing Stats

File Path                               PID    Runtime      # DAGs    # Errors  Last Runtime    Last Run
--------------------------------------  -----  ---------  --------  ----------  --------------  -------------------
/opt/airflow/dags/example.py                                     1           0  0.16s           2026-03-25T08:58:03
/opt/airflow/dags/new_dags.py                                    1           0  0.16s           2026-03-25T08:58:03
/opt/airflow/dags/e_commerce_dw_dag.py                           0           1  0.12s           2026-03-25T08:58:17
/opt/airflow/dags/extract_data.py                                0           1  0.10s           2026-03-25T08:58:15
================================================================================
[2026-03-25T08:59:01.799+0000] {manager.py:878} INFO - 
================================================================================
DAG File Processing Stats

File Path                               PID    Runtime      # DAGs    # Errors  Last Runtime    Last Run
--------------------------------------  -----  ---------  --------  ----------  --------------  -------------------
/opt/airflow/dags/example.py                                     1           0  0.17s           2026-03-25T08:58:34
/opt/airflow/dags/new_dags.py                                    1           0  0.14s           2026-03-25T08:58:34
/opt/airflow/dags/extract_data.py                                0           1  0.08s           2026-03-25T08:58:46
/opt/airflow/dags/e_commerce_dw_dag.py                           0           1  0.08s           2026-03-25T08:58:47
================================================================================
[2026-03-25T08:59:32.498+0000] {manager.py:878} INFO - 
================================================================================
DAG File Processing Stats

File Path                               PID    Runtime      # DAGs    # Errors  Last Runtime    Last Run
--------------------------------------  -----  ---------  --------  ----------  --------------  -------------------
/opt/airflow/dags/new_dags.py                                    1           0  0.16s           2026-03-25T08:59:05
/opt/airflow/dags/example.py                                     1           0  0.16s           2026-03-25T08:59:05
/opt/airflow/dags/e_commerce_dw_dag.py                           0           1  0.10s           2026-03-25T08:59:18
/opt/airflow/dags/extract_data.py                                0           1  0.09s           2026-03-25T08:59:17
================================================================================
[2026-03-25T08:59:49.299+0000] {manager.py:452} INFO - Exiting gracefully upon receiving signal 15
[2026-03-25T09:05:09.734+0000] {manager.py:470} INFO - Processing files using up to 2 processes at a time 
[2026-03-25T09:05:09.736+0000] {manager.py:471} INFO - Process each file at most once every 30 seconds
[2026-03-25T09:05:09.738+0000] {manager.py:472} INFO - Checking for new files in /opt/airflow/dags every 300 seconds
[2026-03-25T09:05:09.739+0000] {manager.py:737} INFO - Searching for files in /opt/airflow/dags
[2026-03-25T09:05:09.983+0000] {manager.py:740} INFO - There are 4 files in /opt/airflow/dags
[2026-03-25T09:05:10.165+0000] {manager.py:878} INFO - 
================================================================================
DAG File Processing Stats

File Path                                 PID  Runtime      # DAGs    # Errors  Last Runtime    Last Run
--------------------------------------  -----  ---------  --------  ----------  --------------  ----------
/opt/airflow/dags/example.py                                     0           0
/opt/airflow/dags/extract_data.py         185  0.10s             0           0
/opt/airflow/dags/e_commerce_dw_dag.py    188  0.08s             0           0
/opt/airflow/dags/new_dags.py                                    0           0
================================================================================
[2026-03-25T09:05:40.229+0000] {manager.py:878} INFO - 
================================================================================
DAG File Processing Stats

File Path                               PID    Runtime      # DAGs    # Errors  Last Runtime    Last Run
--------------------------------------  -----  ---------  --------  ----------  --------------  -------------------
/opt/airflow/dags/example.py                                     1           0  0.52s           2026-03-25T09:05:10
/opt/airflow/dags/new_dags.py                                    1           0  0.36s           2026-03-25T09:05:11
/opt/airflow/dags/e_commerce_dw_dag.py                           0           1  0.18s           2026-03-25T09:05:10
/opt/airflow/dags/extract_data.py                                0           1  0.17s           2026-03-25T09:05:10
================================================================================
[2026-03-25T09:06:10.261+0000] {manager.py:878} INFO - 
================================================================================
DAG File Processing Stats

File Path                               PID    Runtime      # DAGs    # Errors  Last Runtime    Last Run
--------------------------------------  -----  ---------  --------  ----------  --------------  -------------------
/opt/airflow/dags/example.py                                     1           0  0.21s           2026-03-25T09:05:41
/opt/airflow/dags/new_dags.py                                    1           0  0.19s           2026-03-25T09:05:41
/opt/airflow/dags/e_commerce_dw_dag.py                           0           1  0.13s           2026-03-25T09:05:40
/opt/airflow/dags/extract_data.py                                0           1  0.13s           2026-03-25T09:05:40
================================================================================
[2026-03-25T09:06:40.722+0000] {manager.py:878} INFO - 
================================================================================
DAG File Processing Stats

File Path                               PID    Runtime      # DAGs    # Errors  Last Runtime    Last Run
--------------------------------------  -----  ---------  --------  ----------  --------------  -------------------
/opt/airflow/dags/extract_data.py                                0           1  0.35s           2026-03-25T09:06:11
/opt/airflow/dags/e_commerce_dw_dag.py                           0           1  0.29s           2026-03-25T09:06:11
/opt/airflow/dags/new_dags.py                                    1           0  0.21s           2026-03-25T09:06:12
/opt/airflow/dags/example.py                                     1           0  0.21s           2026-03-25T09:06:12
================================================================================
[2026-03-25T09:07:11.631+0000] {manager.py:878} INFO - 
================================================================================
DAG File Processing Stats

File Path                               PID    Runtime      # DAGs    # Errors  Last Runtime    Last Run
--------------------------------------  -----  ---------  --------  ----------  --------------  -------------------
/opt/airflow/dags/new_dags.py                                    1           0  1.08s           2026-03-25T09:06:44
/opt/airflow/dags/example.py                                     1           0  0.94s           2026-03-25T09:06:44
/opt/airflow/dags/e_commerce_dw_dag.py                           0           1  0.28s           2026-03-25T09:06:42
/opt/airflow/dags/extract_data.py                                0           1  0.25s           2026-03-25T09:06:42
================================================================================
[2026-03-25T09:07:42.342+0000] {manager.py:878} INFO - 
================================================================================
DAG File Processing Stats

File Path                               PID    Runtime      # DAGs    # Errors  Last Runtime    Last Run
--------------------------------------  -----  ---------  --------  ----------  --------------  -------------------
/opt/airflow/dags/example.py                                     1           0  0.17s           2026-03-25T09:07:14
/opt/airflow/dags/new_dags.py                                    1           0  0.17s           2026-03-25T09:07:14
/opt/airflow/dags/e_commerce_dw_dag.py                           0           1  0.10s           2026-03-25T09:07:12
/opt/airflow/dags/extract_data.py                                0           1  0.10s           2026-03-25T09:07:12
================================================================================
[2026-03-25T09:08:12.481+0000] {manager.py:878} INFO - 
================================================================================
DAG File Processing Stats

File Path                               PID    Runtime      # DAGs    # Errors  Last Runtime    Last Run
--------------------------------------  -----  ---------  --------  ----------  --------------  -------------------
/opt/airflow/dags/e_commerce_dw_dag.py                           0           1  0.23s           2026-03-25T09:08:08
/opt/airflow/dags/new_dags.py                                    1           0  0.21s           2026-03-25T09:07:45
/opt/airflow/dags/example.py                                     1           0  0.21s           2026-03-25T09:07:45
/opt/airflow/dags/extract_data.py                                0           1  0.18s           2026-03-25T09:07:43
================================================================================
[2026-03-25T09:08:42.500+0000] {manager.py:878} INFO - 
================================================================================
DAG File Processing Stats

File Path                               PID    Runtime      # DAGs    # Errors  Last Runtime    Last Run
--------------------------------------  -----  ---------  --------  ----------  --------------  -------------------
/opt/airflow/dags/example.py                                     1           0  0.25s           2026-03-25T09:08:16
/opt/airflow/dags/new_dags.py                                    1           0  0.25s           2026-03-25T09:08:16
/opt/airflow/dags/e_commerce_dw_dag.py                           0           1  0.16s           2026-03-25T09:08:39
/opt/airflow/dags/extract_data.py                                0           1  0.12s           2026-03-25T09:08:13
================================================================================
[2026-03-25T09:09:13.094+0000] {manager.py:878} INFO - 
================================================================================
DAG File Processing Stats

File Path                               PID    Runtime      # DAGs    # Errors  Last Runtime    Last Run
--------------------------------------  -----  ---------  --------  ----------  --------------  -------------------
/opt/airflow/dags/e_commerce_dw_dag.py                           0           1  0.25s           2026-03-25T09:09:10
/opt/airflow/dags/example.py                                     1           0  0.24s           2026-03-25T09:08:47
/opt/airflow/dags/new_dags.py                                    1           0  0.23s           2026-03-25T09:08:47
/opt/airflow/dags/extract_data.py                                0           1  0.15s           2026-03-25T09:08:44
================================================================================
[2026-03-25T09:09:43.685+0000] {manager.py:878} INFO - 
================================================================================
DAG File Processing Stats

File Path                               PID    Runtime      # DAGs    # Errors  Last Runtime    Last Run
--------------------------------------  -----  ---------  --------  ----------  --------------  -------------------
/opt/airflow/dags/example.py                                     1           0  0.21s           2026-03-25T09:09:18
/opt/airflow/dags/new_dags.py                                    1           0  0.20s           2026-03-25T09:09:18
/opt/airflow/dags/e_commerce_dw_dag.py                           0           1  0.11s           2026-03-25T09:09:40
/opt/airflow/dags/extract_data.py                                0           1  0.09s           2026-03-25T09:09:15
================================================================================
[2026-03-25T09:10:10.188+0000] {manager.py:737} INFO - Searching for files in /opt/airflow/dags
[2026-03-25T09:10:10.351+0000] {manager.py:740} INFO - There are 4 files in /opt/airflow/dags
[2026-03-25T09:10:14.475+0000] {manager.py:878} INFO - 
================================================================================
DAG File Processing Stats

File Path                               PID    Runtime      # DAGs    # Errors  Last Runtime    Last Run
--------------------------------------  -----  ---------  --------  ----------  --------------  -------------------
/opt/airflow/dags/example.py                                     1           0  0.17s           2026-03-25T09:09:49
/opt/airflow/dags/new_dags.py                                    1           0  0.17s           2026-03-25T09:09:49
/opt/airflow/dags/extract_data.py                                0           1  0.13s           2026-03-25T09:09:45
/opt/airflow/dags/e_commerce_dw_dag.py                           0           1  0.10s           2026-03-25T09:10:11
================================================================================
[2026-03-25T09:10:44.994+0000] {manager.py:878} INFO - 
================================================================================
DAG File Processing Stats

File Path                               PID    Runtime      # DAGs    # Errors  Last Runtime    Last Run
--------------------------------------  -----  ---------  --------  ----------  --------------  -------------------
/opt/airflow/dags/example.py                                     1           0  0.18s           2026-03-25T09:10:19
/opt/airflow/dags/new_dags.py                                    1           0  0.17s           2026-03-25T09:10:19
/opt/airflow/dags/e_commerce_dw_dag.py                           0           1  0.13s           2026-03-25T09:10:42
/opt/airflow/dags/extract_data.py                                0           1  0.09s           2026-03-25T09:10:16
================================================================================
[2026-03-25T09:11:15.735+0000] {manager.py:878} INFO - 
================================================================================
DAG File Processing Stats

File Path                               PID    Runtime      # DAGs    # Errors  Last Runtime    Last Run
--------------------------------------  -----  ---------  --------  ----------  --------------  -------------------
/opt/airflow/dags/example.py                                     1           0  0.15s           2026-03-25T09:10:50
/opt/airflow/dags/new_dags.py                                    1           0  0.14s           2026-03-25T09:10:50
/opt/airflow/dags/extract_data.py                                0           1  0.08s           2026-03-25T09:10:47
/opt/airflow/dags/e_commerce_dw_dag.py                           0           1  0.08s           2026-03-25T09:11:12
================================================================================
[2026-03-25T09:11:46.351+0000] {manager.py:878} INFO - 
================================================================================
DAG File Processing Stats

File Path                               PID    Runtime      # DAGs    # Errors  Last Runtime    Last Run
--------------------------------------  -----  ---------  --------  ----------  --------------  -------------------
/opt/airflow/dags/example.py                                     1           0  0.16s           2026-03-25T09:11:21
/opt/airflow/dags/new_dags.py                                    1           0  0.15s           2026-03-25T09:11:21
/opt/airflow/dags/e_commerce_dw_dag.py                           0           1  0.09s           2026-03-25T09:11:43
/opt/airflow/dags/extract_data.py                                0           1  0.09s           2026-03-25T09:11:17
================================================================================
[2026-03-25T09:12:17.108+0000] {manager.py:878} INFO - 
================================================================================
DAG File Processing Stats

File Path                               PID    Runtime      # DAGs    # Errors  Last Runtime    Last Run
--------------------------------------  -----  ---------  --------  ----------  --------------  -------------------
/opt/airflow/dags/example.py                                     1           0  0.14s           2026-03-25T09:11:51
/opt/airflow/dags/new_dags.py                                    1           0  0.13s           2026-03-25T09:11:51
/opt/airflow/dags/extract_data.py                                0           1  0.09s           2026-03-25T09:11:48
/opt/airflow/dags/e_commerce_dw_dag.py                           0           1  0.08s           2026-03-25T09:12:14
================================================================================
[2026-03-25T09:12:47.802+0000] {manager.py:878} INFO - 
================================================================================
DAG File Processing Stats

File Path                               PID    Runtime      # DAGs    # Errors  Last Runtime    Last Run
--------------------------------------  -----  ---------  --------  ----------  --------------  -------------------
/opt/airflow/dags/example.py                                     1           0  0.17s           2026-03-25T09:12:22
/opt/airflow/dags/new_dags.py                                    1           0  0.17s           2026-03-25T09:12:22
/opt/airflow/dags/extract_data.py                                0           1  0.10s           2026-03-25T09:12:19
/opt/airflow/dags/e_commerce_dw_dag.py                           0           1  0.08s           2026-03-25T09:12:44
================================================================================
[2026-03-25T09:13:18.368+0000] {manager.py:878} INFO - 
================================================================================
DAG File Processing Stats

File Path                               PID    Runtime      # DAGs    # Errors  Last Runtime    Last Run
--------------------------------------  -----  ---------  --------  ----------  --------------  -------------------
/opt/airflow/dags/new_dags.py                                    1           0  0.14s           2026-03-25T09:12:53
/opt/airflow/dags/example.py                                     1           0  0.13s           2026-03-25T09:12:53
/opt/airflow/dags/e_commerce_dw_dag.py                           0           1  0.11s           2026-03-25T09:13:15
/opt/airflow/dags/extract_data.py                                0           1  0.11s           2026-03-25T09:12:49
================================================================================
[2026-03-25T09:13:48.968+0000] {manager.py:878} INFO - 
================================================================================
DAG File Processing Stats

File Path                               PID    Runtime      # DAGs    # Errors  Last Runtime    Last Run
--------------------------------------  -----  ---------  --------  ----------  --------------  -------------------
/opt/airflow/dags/new_dags.py                                    1           0  0.26s           2026-03-25T09:13:23
/opt/airflow/dags/example.py                                     1           0  0.26s           2026-03-25T09:13:23
/opt/airflow/dags/e_commerce_dw_dag.py                           0           1  0.17s           2026-03-25T09:13:46
/opt/airflow/dags/extract_data.py                                0           1  0.12s           2026-03-25T09:13:20
================================================================================
[2026-03-25T09:14:19.813+0000] {manager.py:878} INFO - 
================================================================================
DAG File Processing Stats

File Path                               PID    Runtime      # DAGs    # Errors  Last Runtime    Last Run
--------------------------------------  -----  ---------  --------  ----------  --------------  -------------------
/opt/airflow/dags/example.py                                     1           0  0.29s           2026-03-25T09:13:54
/opt/airflow/dags/new_dags.py                                    1           0  0.29s           2026-03-25T09:13:54
/opt/airflow/dags/e_commerce_dw_dag.py                           0           1  0.10s           2026-03-25T09:14:16
/opt/airflow/dags/extract_data.py                                0           1  0.09s           2026-03-25T09:13:51
================================================================================
[2026-03-25T09:14:50.399+0000] {manager.py:878} INFO - 
================================================================================
DAG File Processing Stats

File Path                               PID    Runtime      # DAGs    # Errors  Last Runtime    Last Run
--------------------------------------  -----  ---------  --------  ----------  --------------  -------------------
/opt/airflow/dags/example.py                                     1           0  0.17s           2026-03-25T09:14:25
/opt/airflow/dags/new_dags.py                                    1           0  0.14s           2026-03-25T09:14:25
/opt/airflow/dags/e_commerce_dw_dag.py                           0           1  0.09s           2026-03-25T09:14:47
/opt/airflow/dags/extract_data.py                                0           1  0.08s           2026-03-25T09:14:21
================================================================================
[2026-03-25T09:15:10.740+0000] {manager.py:737} INFO - Searching for files in /opt/airflow/dags
[2026-03-25T09:15:10.850+0000] {manager.py:740} INFO - There are 4 files in /opt/airflow/dags
[2026-03-25T09:15:21.066+0000] {manager.py:878} INFO - 
================================================================================
DAG File Processing Stats

File Path                               PID    Runtime      # DAGs    # Errors  Last Runtime    Last Run
--------------------------------------  -----  ---------  --------  ----------  --------------  -------------------
/opt/airflow/dags/example.py                                     1           0  0.18s           2026-03-25T09:14:55
/opt/airflow/dags/new_dags.py                                    1           0  0.18s           2026-03-25T09:14:55
/opt/airflow/dags/e_commerce_dw_dag.py                           0           1  0.08s           2026-03-25T09:15:18
/opt/airflow/dags/extract_data.py                                0           1  0.08s           2026-03-25T09:14:52
================================================================================
[2026-03-25T09:15:51.766+0000] {manager.py:878} INFO - 
================================================================================
DAG File Processing Stats

File Path                               PID    Runtime      # DAGs    # Errors  Last Runtime    Last Run
--------------------------------------  -----  ---------  --------  ----------  --------------  -------------------
/opt/airflow/dags/example.py                                     1           0  0.17s           2026-03-25T09:15:26
/opt/airflow/dags/new_dags.py                                    1           0  0.16s           2026-03-25T09:15:26
/opt/airflow/dags/e_commerce_dw_dag.py                           0           1  0.11s           2026-03-25T09:15:48
/opt/airflow/dags/extract_data.py                                0           1  0.07s           2026-03-25T09:15:23
================================================================================
[2026-03-25T09:16:22.415+0000] {manager.py:878} INFO - 
================================================================================
DAG File Processing Stats

File Path                               PID    Runtime      # DAGs    # Errors  Last Runtime    Last Run
--------------------------------------  -----  ---------  --------  ----------  --------------  -------------------
/opt/airflow/dags/new_dags.py                                    1           0  0.15s           2026-03-25T09:15:57
/opt/airflow/dags/example.py                                     1           0  0.14s           2026-03-25T09:15:57
/opt/airflow/dags/extract_data.py                                0           1  0.12s           2026-03-25T09:15:53
/opt/airflow/dags/e_commerce_dw_dag.py                           0           1  0.10s           2026-03-25T09:16:19
================================================================================
[2026-03-25T09:16:53.138+0000] {manager.py:878} INFO - 
================================================================================
DAG File Processing Stats

File Path                               PID    Runtime      # DAGs    # Errors  Last Runtime    Last Run
--------------------------------------  -----  ---------  --------  ----------  --------------  -------------------
/opt/airflow/dags/example.py                                     1           0  0.15s           2026-03-25T09:16:27
/opt/airflow/dags/new_dags.py                                    1           0  0.15s           2026-03-25T09:16:27
/opt/airflow/dags/extract_data.py                                0           1  0.10s           2026-03-25T09:16:24
/opt/airflow/dags/e_commerce_dw_dag.py                           0           1  0.08s           2026-03-25T09:16:50
================================================================================
[2026-03-25T09:19:15.815+0000] {manager.py:470} INFO - Processing files using up to 2 processes at a time 
[2026-03-25T09:19:15.818+0000] {manager.py:471} INFO - Process each file at most once every 30 seconds
[2026-03-25T09:19:15.820+0000] {manager.py:472} INFO - Checking for new files in /opt/airflow/dags every 300 seconds
[2026-03-25T09:19:15.822+0000] {manager.py:737} INFO - Searching for files in /opt/airflow/dags
[2026-03-25T09:19:16.002+0000] {manager.py:740} INFO - There are 4 files in /opt/airflow/dags
[2026-03-25T09:19:16.163+0000] {manager.py:878} INFO - 
================================================================================
DAG File Processing Stats

File Path                                 PID  Runtime      # DAGs    # Errors  Last Runtime    Last Run
--------------------------------------  -----  ---------  --------  ----------  --------------  ----------
/opt/airflow/dags/example.py                                     0           0
/opt/airflow/dags/extract_data.py         182  0.06s             0           0
/opt/airflow/dags/e_commerce_dw_dag.py    179  0.08s             0           0
/opt/airflow/dags/new_dags.py                                    0           0
================================================================================
[2026-03-25T09:19:46.367+0000] {manager.py:878} INFO - 
================================================================================
DAG File Processing Stats

File Path                                 PID  Runtime      # DAGs    # Errors  Last Runtime    Last Run
--------------------------------------  -----  ---------  --------  ----------  --------------  -------------------
/opt/airflow/dags/example.py                                     1           0  0.36s           2026-03-25T09:19:16
/opt/airflow/dags/new_dags.py                                    1           0  0.26s           2026-03-25T09:19:16
/opt/airflow/dags/e_commerce_dw_dag.py    205  0.02s             0           1  0.17s           2026-03-25T09:19:16
/opt/airflow/dags/extract_data.py         208  0.00s             0           1  0.12s           2026-03-25T09:19:16
================================================================================
[2026-03-25T09:20:17.071+0000] {manager.py:878} INFO - 
================================================================================
DAG File Processing Stats

File Path                                 PID  Runtime      # DAGs    # Errors  Last Runtime    Last Run
--------------------------------------  -----  ---------  --------  ----------  --------------  -------------------
/opt/airflow/dags/example.py                                     1           0  0.15s           2026-03-25T09:19:47
/opt/airflow/dags/new_dags.py                                    1           0  0.15s           2026-03-25T09:19:47
/opt/airflow/dags/e_commerce_dw_dag.py    231  0.02s             0           1  0.10s           2026-03-25T09:19:46
/opt/airflow/dags/extract_data.py         234  0.00s             0           1  0.08s           2026-03-25T09:19:46
================================================================================
[2026-03-25T09:20:47.679+0000] {manager.py:878} INFO - 
================================================================================
DAG File Processing Stats

File Path                                 PID  Runtime      # DAGs    # Errors  Last Runtime    Last Run
--------------------------------------  -----  ---------  --------  ----------  --------------  -------------------
/opt/airflow/dags/example.py                                     1           0  0.15s           2026-03-25T09:20:18
/opt/airflow/dags/new_dags.py                                    1           0  0.15s           2026-03-25T09:20:18
/opt/airflow/dags/e_commerce_dw_dag.py    263  0.02s             0           1  0.10s           2026-03-25T09:20:17
/opt/airflow/dags/extract_data.py         266  0.01s             0           1  0.08s           2026-03-25T09:20:17
================================================================================
[2026-03-25T09:21:18.341+0000] {manager.py:878} INFO - 
================================================================================
DAG File Processing Stats

File Path                                 PID  Runtime      # DAGs    # Errors  Last Runtime    Last Run
--------------------------------------  -----  ---------  --------  ----------  --------------  -------------------
/opt/airflow/dags/new_dags.py                                    1           0  0.14s           2026-03-25T09:20:48
/opt/airflow/dags/example.py                                     1           0  0.14s           2026-03-25T09:20:48
/opt/airflow/dags/e_commerce_dw_dag.py    289  0.02s             0           1  0.11s           2026-03-25T09:20:47
/opt/airflow/dags/extract_data.py         292  0.01s             0           1  0.09s           2026-03-25T09:20:47
================================================================================
[2026-03-25T09:21:49.098+0000] {manager.py:878} INFO - 
================================================================================
DAG File Processing Stats

File Path                                 PID  Runtime      # DAGs    # Errors  Last Runtime    Last Run
--------------------------------------  -----  ---------  --------  ----------  --------------  -------------------
/opt/airflow/dags/example.py                                     1           0  0.24s           2026-03-25T09:21:19
/opt/airflow/dags/new_dags.py                                    1           0  0.23s           2026-03-25T09:21:19
/opt/airflow/dags/e_commerce_dw_dag.py    316  0.02s             0           1  0.12s           2026-03-25T09:21:18
/opt/airflow/dags/extract_data.py         319  0.01s             0           1  0.10s           2026-03-25T09:21:18
================================================================================
[2026-03-25T09:22:04.634+0000] {manager.py:452} INFO - Exiting gracefully upon receiving signal 15
[2026-03-25T09:22:56.384+0000] {manager.py:470} INFO - Processing files using up to 2 processes at a time 
[2026-03-25T09:22:56.388+0000] {manager.py:471} INFO - Process each file at most once every 30 seconds
[2026-03-25T09:22:56.390+0000] {manager.py:472} INFO - Checking for new files in /opt/airflow/dags every 300 seconds
[2026-03-25T09:22:56.393+0000] {manager.py:737} INFO - Searching for files in /opt/airflow/dags
[2026-03-25T09:22:57.537+0000] {manager.py:740} INFO - There are 4 files in /opt/airflow/dags
[2026-03-25T09:22:58.236+0000] {manager.py:878} INFO - 
================================================================================
DAG File Processing Stats

File Path                                 PID  Runtime      # DAGs    # Errors  Last Runtime    Last Run
--------------------------------------  -----  ---------  --------  ----------  --------------  ----------
/opt/airflow/dags/example.py                                     0           0
/opt/airflow/dags/extract_data.py         187  0.07s             0           0
/opt/airflow/dags/e_commerce_dw_dag.py    184  0.09s             0           0
/opt/airflow/dags/new_dags.py                                    0           0
================================================================================
[2026-03-25T09:23:28.479+0000] {manager.py:878} INFO - 
================================================================================
DAG File Processing Stats

File Path                                 PID  Runtime      # DAGs    # Errors  Last Runtime    Last Run
--------------------------------------  -----  ---------  --------  ----------  --------------  -------------------
/opt/airflow/dags/example.py                                     1           0  0.35s           2026-03-25T09:22:58
/opt/airflow/dags/new_dags.py                                    1           0  0.32s           2026-03-25T09:22:59
/opt/airflow/dags/e_commerce_dw_dag.py    210  0.02s             0           1  0.24s           2026-03-25T09:22:58
/opt/airflow/dags/extract_data.py         213  0.00s             0           1  0.19s           2026-03-25T09:22:58
================================================================================
[2026-03-25T09:23:58.625+0000] {manager.py:878} INFO - 
================================================================================
DAG File Processing Stats

File Path                               PID    Runtime      # DAGs    # Errors  Last Runtime    Last Run
--------------------------------------  -----  ---------  --------  ----------  --------------  -------------------
/opt/airflow/dags/e_commerce_dw_dag.py                           0           1  1.23s           2026-03-25T09:23:29
/opt/airflow/dags/extract_data.py                                0           1  1.22s           2026-03-25T09:23:29
/opt/airflow/dags/example.py                                     1           0  0.57s           2026-03-25T09:23:30
/opt/airflow/dags/new_dags.py                                    1           0  0.56s           2026-03-25T09:23:30
================================================================================
[2026-03-25T09:24:28.676+0000] {manager.py:878} INFO - 
================================================================================
DAG File Processing Stats

File Path                               PID    Runtime      # DAGs    # Errors  Last Runtime    Last Run
--------------------------------------  -----  ---------  --------  ----------  --------------  -------------------
/opt/airflow/dags/example.py                                     1           0  0.15s           2026-03-25T09:24:01
/opt/airflow/dags/new_dags.py                                    1           0  0.14s           2026-03-25T09:24:01
/opt/airflow/dags/e_commerce_dw_dag.py                           0           1  0.11s           2026-03-25T09:24:00
/opt/airflow/dags/extract_data.py                                0           1  0.09s           2026-03-25T09:24:00
================================================================================
[2026-03-25T09:24:59.192+0000] {manager.py:878} INFO - 
================================================================================
DAG File Processing Stats

File Path                               PID    Runtime      # DAGs    # Errors  Last Runtime    Last Run
--------------------------------------  -----  ---------  --------  ----------  --------------  -------------------
/opt/airflow/dags/example.py                                     1           0  0.19s           2026-03-25T09:24:31
/opt/airflow/dags/new_dags.py                                    1           0  0.18s           2026-03-25T09:24:31
/opt/airflow/dags/e_commerce_dw_dag.py                           0           1  0.10s           2026-03-25T09:24:30
/opt/airflow/dags/extract_data.py                                0           1  0.09s           2026-03-25T09:24:30
================================================================================
[2026-03-25T09:25:20.580+0000] {manager.py:452} INFO - Exiting gracefully upon receiving signal 15
[2026-03-25T09:26:08.213+0000] {manager.py:470} INFO - Processing files using up to 2 processes at a time 
[2026-03-25T09:26:08.216+0000] {manager.py:471} INFO - Process each file at most once every 30 seconds
[2026-03-25T09:26:08.219+0000] {manager.py:472} INFO - Checking for new files in /opt/airflow/dags every 300 seconds
[2026-03-25T09:26:08.221+0000] {manager.py:737} INFO - Searching for files in /opt/airflow/dags
[2026-03-25T09:26:08.531+0000] {manager.py:740} INFO - There are 4 files in /opt/airflow/dags
[2026-03-25T09:26:08.689+0000] {manager.py:878} INFO - 
================================================================================
DAG File Processing Stats

File Path                                 PID  Runtime      # DAGs    # Errors  Last Runtime    Last Run
--------------------------------------  -----  ---------  --------  ----------  --------------  ----------
/opt/airflow/dags/example.py                                     0           0
/opt/airflow/dags/extract_data.py         186  0.08s             0           0
/opt/airflow/dags/e_commerce_dw_dag.py    189  0.06s             0           0
/opt/airflow/dags/new_dags.py                                    0           0
================================================================================
[2026-03-25T09:26:39.362+0000] {manager.py:878} INFO - 
================================================================================
DAG File Processing Stats

File Path                                 PID  Runtime      # DAGs    # Errors  Last Runtime    Last Run
--------------------------------------  -----  ---------  --------  ----------  --------------  -------------------
/opt/airflow/dags/example.py                                     1           0  0.46s           2026-03-25T09:26:09
/opt/airflow/dags/new_dags.py                                    1           0  0.44s           2026-03-25T09:26:09
/opt/airflow/dags/e_commerce_dw_dag.py    215  0.01s             0           1  0.15s           2026-03-25T09:26:08
/opt/airflow/dags/extract_data.py         212  0.03s             0           0  0.14s           2026-03-25T09:26:08
================================================================================
[2026-03-25T09:27:10.247+0000] {manager.py:878} INFO - 
================================================================================
DAG File Processing Stats

File Path                                 PID  Runtime      # DAGs    # Errors  Last Runtime    Last Run
--------------------------------------  -----  ---------  --------  ----------  --------------  -------------------
/opt/airflow/dags/new_dags.py                                    1           0  0.15s           2026-03-25T09:26:39
/opt/airflow/dags/example.py              251  0.01s             1           0  0.15s           2026-03-25T09:26:39
/opt/airflow/dags/e_commerce_dw_dag.py                           0           1  0.10s           2026-03-25T09:26:55
/opt/airflow/dags/extract_data.py         248  0.02s             0           0  0.08s           2026-03-25T09:26:39
================================================================================
[2026-03-25T09:27:40.966+0000] {manager.py:878} INFO - 
================================================================================
DAG File Processing Stats

File Path                                 PID  Runtime      # DAGs    # Errors  Last Runtime    Last Run
--------------------------------------  -----  ---------  --------  ----------  --------------  -------------------
/opt/airflow/dags/new_dags.py                                    1           0  0.15s           2026-03-25T09:27:10
/opt/airflow/dags/example.py              277  0.00s             1           0  0.14s           2026-03-25T09:27:10
/opt/airflow/dags/e_commerce_dw_dag.py                           0           1  0.08s           2026-03-25T09:27:25
/opt/airflow/dags/extract_data.py         274  0.02s             0           0  0.07s           2026-03-25T09:27:10
================================================================================
[2026-03-25T09:28:11.636+0000] {manager.py:878} INFO - 
================================================================================
DAG File Processing Stats

File Path                                 PID  Runtime      # DAGs    # Errors  Last Runtime    Last Run
--------------------------------------  -----  ---------  --------  ----------  --------------  -------------------
/opt/airflow/dags/new_dags.py                                    1           0  0.14s           2026-03-25T09:27:41
/opt/airflow/dags/example.py              303  0.01s             1           0  0.13s           2026-03-25T09:27:41
/opt/airflow/dags/e_commerce_dw_dag.py                           0           1  0.09s           2026-03-25T09:27:55
/opt/airflow/dags/extract_data.py         300  0.02s             0           0  0.08s           2026-03-25T09:27:41
================================================================================
[2026-03-25T09:28:42.373+0000] {manager.py:878} INFO - 
================================================================================
DAG File Processing Stats

File Path                                 PID  Runtime      # DAGs    # Errors  Last Runtime    Last Run
--------------------------------------  -----  ---------  --------  ----------  --------------  -------------------
/opt/airflow/dags/e_commerce_dw_dag.py                           0           1  0.20s           2026-03-25T09:28:26
/opt/airflow/dags/new_dags.py                                    1           0  0.19s           2026-03-25T09:28:11
/opt/airflow/dags/example.py              329  0.01s             1           0  0.17s           2026-03-25T09:28:11
/opt/airflow/dags/extract_data.py         326  0.03s             0           0  0.09s           2026-03-25T09:28:11
================================================================================
[2026-03-25T09:28:53.130+0000] {manager.py:452} INFO - Exiting gracefully upon receiving signal 15
[2026-03-25T09:29:40.911+0000] {manager.py:470} INFO - Processing files using up to 2 processes at a time 
[2026-03-25T09:29:40.914+0000] {manager.py:471} INFO - Process each file at most once every 30 seconds
[2026-03-25T09:29:40.916+0000] {manager.py:472} INFO - Checking for new files in /opt/airflow/dags every 300 seconds
[2026-03-25T09:29:40.918+0000] {manager.py:737} INFO - Searching for files in /opt/airflow/dags
[2026-03-25T09:29:41.342+0000] {manager.py:740} INFO - There are 4 files in /opt/airflow/dags
[2026-03-25T09:29:41.481+0000] {manager.py:878} INFO - 
================================================================================
DAG File Processing Stats

File Path                                 PID  Runtime      # DAGs    # Errors  Last Runtime    Last Run
--------------------------------------  -----  ---------  --------  ----------  --------------  ----------
/opt/airflow/dags/example.py                                     0           0
/opt/airflow/dags/extract_data.py         181  0.05s             0           0
/opt/airflow/dags/e_commerce_dw_dag.py    178  0.07s             0           0
/opt/airflow/dags/new_dags.py                                    0           0
================================================================================
[2026-03-25T09:30:11.544+0000] {manager.py:878} INFO - 
================================================================================
DAG File Processing Stats

File Path                               PID    Runtime      # DAGs    # Errors  Last Runtime    Last Run
--------------------------------------  -----  ---------  --------  ----------  --------------  -------------------
/opt/airflow/dags/e_commerce_dw_dag.py                           1           0  0.58s           2026-03-25T09:29:41
/opt/airflow/dags/example.py                                     1           0  0.39s           2026-03-25T09:29:41
/opt/airflow/dags/new_dags.py                                    1           0  0.23s           2026-03-25T09:29:42
/opt/airflow/dags/extract_data.py                                0           0  0.10s           2026-03-25T09:29:41
================================================================================
[2026-03-25T09:30:42.081+0000] {manager.py:878} INFO - 
================================================================================
DAG File Processing Stats

File Path                                 PID  Runtime      # DAGs    # Errors  Last Runtime    Last Run
--------------------------------------  -----  ---------  --------  ----------  --------------  -------------------
/opt/airflow/dags/e_commerce_dw_dag.py                           1           0  0.62s           2026-03-25T09:30:13
/opt/airflow/dags/new_dags.py                                    1           0  0.45s           2026-03-25T09:30:13
/opt/airflow/dags/example.py                                     1           0  0.41s           2026-03-25T09:30:13
/opt/airflow/dags/extract_data.py         374  0.01s             0           0  0.18s           2026-03-25T09:30:11
================================================================================
[2026-03-25T09:31:12.639+0000] {manager.py:878} INFO - 
================================================================================
DAG File Processing Stats

File Path                                 PID  Runtime      # DAGs    # Errors  Last Runtime    Last Run
--------------------------------------  -----  ---------  --------  ----------  --------------  -------------------
/opt/airflow/dags/e_commerce_dw_dag.py                           1           0  0.40s           2026-03-25T09:30:43
/opt/airflow/dags/example.py                                     1           0  0.23s           2026-03-25T09:30:43
/opt/airflow/dags/new_dags.py                                    1           0  0.20s           2026-03-25T09:30:44
/opt/airflow/dags/extract_data.py         505  0.02s             0           0  0.17s           2026-03-25T09:30:42
================================================================================
[2026-03-25T09:31:43.389+0000] {manager.py:878} INFO - 
================================================================================
DAG File Processing Stats

File Path                                 PID  Runtime      # DAGs    # Errors  Last Runtime    Last Run
--------------------------------------  -----  ---------  --------  ----------  --------------  -------------------
/opt/airflow/dags/e_commerce_dw_dag.py                           1           0  0.48s           2026-03-25T09:31:14
/opt/airflow/dags/example.py                                     1           0  0.42s           2026-03-25T09:31:14
/opt/airflow/dags/new_dags.py                                    1           0  0.27s           2026-03-25T09:31:14
/opt/airflow/dags/extract_data.py         641  0.02s             0           0  0.22s           2026-03-25T09:31:12
================================================================================
[2026-03-25T09:32:14.103+0000] {manager.py:878} INFO - 
================================================================================
DAG File Processing Stats

File Path                                 PID  Runtime      # DAGs    # Errors  Last Runtime    Last Run
--------------------------------------  -----  ---------  --------  ----------  --------------  -------------------
/opt/airflow/dags/e_commerce_dw_dag.py                           1           0  0.55s           2026-03-25T09:31:45
/opt/airflow/dags/example.py                                     1           0  0.44s           2026-03-25T09:31:44
/opt/airflow/dags/new_dags.py                                    1           0  0.29s           2026-03-25T09:31:45
/opt/airflow/dags/extract_data.py         757  0.01s             0           0  0.26s           2026-03-25T09:31:43
================================================================================
[2026-03-25T09:32:44.240+0000] {manager.py:878} INFO - 
================================================================================
DAG File Processing Stats

File Path                               PID    Runtime      # DAGs    # Errors  Last Runtime    Last Run
--------------------------------------  -----  ---------  --------  ----------  --------------  -------------------
/opt/airflow/dags/e_commerce_dw_dag.py                           1           0  0.54s           2026-03-25T09:32:16
/opt/airflow/dags/example.py                                     1           0  0.50s           2026-03-25T09:32:15
/opt/airflow/dags/new_dags.py                                    1           0  0.46s           2026-03-25T09:32:16
/opt/airflow/dags/extract_data.py                                0           0  0.15s           2026-03-25T09:32:14
================================================================================
[2026-03-25T09:33:14.406+0000] {manager.py:878} INFO - 
================================================================================
DAG File Processing Stats

File Path                               PID    Runtime      # DAGs    # Errors  Last Runtime    Last Run
--------------------------------------  -----  ---------  --------  ----------  --------------  -------------------
/opt/airflow/dags/e_commerce_dw_dag.py                           1           0  0.49s           2026-03-25T09:32:46
/opt/airflow/dags/example.py                                     1           0  0.35s           2026-03-25T09:32:46
/opt/airflow/dags/new_dags.py                                    1           0  0.27s           2026-03-25T09:32:47
/opt/airflow/dags/extract_data.py                                0           0  0.26s           2026-03-25T09:32:44
================================================================================
[2026-03-25T09:33:44.534+0000] {manager.py:878} INFO - 
================================================================================
DAG File Processing Stats

File Path                               PID    Runtime      # DAGs    # Errors  Last Runtime    Last Run
--------------------------------------  -----  ---------  --------  ----------  --------------  -------------------
/opt/airflow/dags/e_commerce_dw_dag.py                           1           0  0.42s           2026-03-25T09:33:17
/opt/airflow/dags/new_dags.py                                    1           0  0.33s           2026-03-25T09:33:17
/opt/airflow/dags/example.py                                     1           0  0.19s           2026-03-25T09:33:17
/opt/airflow/dags/extract_data.py                                0           0  0.19s           2026-03-25T09:33:14
================================================================================
[2026-03-25T09:34:14.737+0000] {manager.py:878} INFO - 
================================================================================
DAG File Processing Stats

File Path                               PID    Runtime      # DAGs    # Errors  Last Runtime    Last Run
--------------------------------------  -----  ---------  --------  ----------  --------------  -------------------
/opt/airflow/dags/e_commerce_dw_dag.py                           1           0  0.94s           2026-03-25T09:33:49
/opt/airflow/dags/new_dags.py                                    1           0  0.50s           2026-03-25T09:33:48
/opt/airflow/dags/example.py                                     1           0  0.32s           2026-03-25T09:33:47
/opt/airflow/dags/extract_data.py                                0           0  0.11s           2026-03-25T09:33:45
================================================================================
[2026-03-25T09:34:41.187+0000] {manager.py:737} INFO - Searching for files in /opt/airflow/dags
[2026-03-25T09:34:41.775+0000] {manager.py:740} INFO - There are 4 files in /opt/airflow/dags
[2026-03-25T09:34:44.862+0000] {manager.py:878} INFO - 
================================================================================
DAG File Processing Stats

File Path                               PID    Runtime      # DAGs    # Errors  Last Runtime    Last Run
--------------------------------------  -----  ---------  --------  ----------  --------------  -------------------
/opt/airflow/dags/e_commerce_dw_dag.py                           1           0  0.93s           2026-03-25T09:34:20
/opt/airflow/dags/new_dags.py                                    1           0  0.56s           2026-03-25T09:34:19
/opt/airflow/dags/example.py                                     1           0  0.40s           2026-03-25T09:34:17
/opt/airflow/dags/extract_data.py                                0           0  0.11s           2026-03-25T09:34:15
================================================================================
[2026-03-25T09:35:14.982+0000] {manager.py:878} INFO - 
================================================================================
DAG File Processing Stats

File Path                               PID    Runtime      # DAGs    # Errors  Last Runtime    Last Run
--------------------------------------  -----  ---------  --------  ----------  --------------  -------------------
/opt/airflow/dags/e_commerce_dw_dag.py                           1           0  0.77s           2026-03-25T09:34:51
/opt/airflow/dags/new_dags.py                                    1           0  0.63s           2026-03-25T09:34:50
/opt/airflow/dags/extract_data.py                                0           0  0.42s           2026-03-25T09:34:46
/opt/airflow/dags/example.py                                     1           0  0.18s           2026-03-25T09:34:48
================================================================================
[2026-03-25T09:35:45.180+0000] {manager.py:878} INFO - 
================================================================================
DAG File Processing Stats

File Path                               PID    Runtime      # DAGs    # Errors  Last Runtime    Last Run
--------------------------------------  -----  ---------  --------  ----------  --------------  -------------------
/opt/airflow/dags/e_commerce_dw_dag.py                           1           0  0.30s           2026-03-25T09:35:22
/opt/airflow/dags/new_dags.py                                    1           0  0.21s           2026-03-25T09:35:21
/opt/airflow/dags/extract_data.py                                0           0  0.20s           2026-03-25T09:35:17
/opt/airflow/dags/example.py                                     1           0  0.20s           2026-03-25T09:35:18
================================================================================
[2026-03-25T09:36:15.633+0000] {manager.py:878} INFO - 
================================================================================
DAG File Processing Stats

File Path                               PID    Runtime      # DAGs    # Errors  Last Runtime    Last Run
--------------------------------------  -----  ---------  --------  ----------  --------------  -------------------
/opt/airflow/dags/e_commerce_dw_dag.py                           1           0  0.22s           2026-03-25T09:35:53
/opt/airflow/dags/new_dags.py                                    1           0  0.18s           2026-03-25T09:35:52
/opt/airflow/dags/example.py                                     1           0  0.17s           2026-03-25T09:35:49
/opt/airflow/dags/extract_data.py                                0           0  0.09s           2026-03-25T09:35:48
================================================================================
[2026-03-25T09:36:46.329+0000] {manager.py:878} INFO - 
================================================================================
DAG File Processing Stats

File Path                               PID    Runtime      # DAGs    # Errors  Last Runtime    Last Run
--------------------------------------  -----  ---------  --------  ----------  --------------  -------------------
/opt/airflow/dags/e_commerce_dw_dag.py                           1           0  0.25s           2026-03-25T09:36:24
/opt/airflow/dags/example.py                                     1           0  0.17s           2026-03-25T09:36:19
/opt/airflow/dags/new_dags.py                                    1           0  0.16s           2026-03-25T09:36:22
/opt/airflow/dags/extract_data.py                                0           0  0.09s           2026-03-25T09:36:18
================================================================================
[2026-03-25T09:37:16.992+0000] {manager.py:878} INFO - 
================================================================================
DAG File Processing Stats

File Path                               PID    Runtime      # DAGs    # Errors  Last Runtime    Last Run
--------------------------------------  -----  ---------  --------  ----------  --------------  -------------------
/opt/airflow/dags/e_commerce_dw_dag.py                           1           0  0.21s           2026-03-25T09:36:54
/opt/airflow/dags/example.py                                     1           0  0.17s           2026-03-25T09:36:50
/opt/airflow/dags/new_dags.py                                    1           0  0.16s           2026-03-25T09:36:53
/opt/airflow/dags/extract_data.py                                0           0  0.09s           2026-03-25T09:36:49
================================================================================
[2026-03-25T09:37:47.725+0000] {manager.py:878} INFO - 
================================================================================
DAG File Processing Stats

File Path                               PID    Runtime      # DAGs    # Errors  Last Runtime    Last Run
--------------------------------------  -----  ---------  --------  ----------  --------------  -------------------
/opt/airflow/dags/e_commerce_dw_dag.py                           1           0  0.26s           2026-03-25T09:37:25
/opt/airflow/dags/example.py                                     1           0  0.18s           2026-03-25T09:37:21
/opt/airflow/dags/new_dags.py                                    1           0  0.16s           2026-03-25T09:37:24
/opt/airflow/dags/extract_data.py                                0           0  0.12s           2026-03-25T09:37:20
================================================================================
[2026-03-25T09:38:18.437+0000] {manager.py:878} INFO - 
================================================================================
DAG File Processing Stats

File Path                               PID    Runtime      # DAGs    # Errors  Last Runtime    Last Run
--------------------------------------  -----  ---------  --------  ----------  --------------  -------------------
/opt/airflow/dags/e_commerce_dw_dag.py                           1           0  0.23s           2026-03-25T09:37:56
/opt/airflow/dags/new_dags.py                                    1           0  0.16s           2026-03-25T09:37:55
/opt/airflow/dags/example.py                                     1           0  0.13s           2026-03-25T09:37:51
/opt/airflow/dags/extract_data.py                                0           0  0.08s           2026-03-25T09:37:50
================================================================================
[2026-03-25T09:38:49.085+0000] {manager.py:878} INFO - 
================================================================================
DAG File Processing Stats

File Path                               PID    Runtime      # DAGs    # Errors  Last Runtime    Last Run
--------------------------------------  -----  ---------  --------  ----------  --------------  -------------------
/opt/airflow/dags/example.py                                     1           0  0.31s           2026-03-25T09:38:22
/opt/airflow/dags/e_commerce_dw_dag.py                           1           0  0.29s           2026-03-25T09:38:26
/opt/airflow/dags/new_dags.py                                    1           0  0.15s           2026-03-25T09:38:25
/opt/airflow/dags/extract_data.py                                0           0  0.07s           2026-03-25T09:38:21
================================================================================
[2026-03-25T09:39:19.790+0000] {manager.py:878} INFO - 
================================================================================
DAG File Processing Stats

File Path                               PID    Runtime      # DAGs    # Errors  Last Runtime    Last Run
--------------------------------------  -----  ---------  --------  ----------  --------------  -------------------
/opt/airflow/dags/e_commerce_dw_dag.py                           1           0  0.28s           2026-03-25T09:38:57
/opt/airflow/dags/new_dags.py                                    1           0  0.18s           2026-03-25T09:38:56
/opt/airflow/dags/example.py                                     1           0  0.15s           2026-03-25T09:38:53
/opt/airflow/dags/extract_data.py                                0           0  0.08s           2026-03-25T09:38:52
================================================================================
[2026-03-25T09:39:41.459+0000] {manager.py:737} INFO - Searching for files in /opt/airflow/dags
[2026-03-25T09:39:41.633+0000] {manager.py:740} INFO - There are 4 files in /opt/airflow/dags
[2026-03-25T09:39:49.796+0000] {manager.py:878} INFO - 
================================================================================
DAG File Processing Stats

File Path                               PID    Runtime      # DAGs    # Errors  Last Runtime    Last Run
--------------------------------------  -----  ---------  --------  ----------  --------------  -------------------
/opt/airflow/dags/e_commerce_dw_dag.py                           1           0  0.24s           2026-03-25T09:39:28
/opt/airflow/dags/new_dags.py                                    1           0  0.22s           2026-03-25T09:39:27
/opt/airflow/dags/example.py                                     1           0  0.20s           2026-03-25T09:39:24
/opt/airflow/dags/extract_data.py                                0           0  0.13s           2026-03-25T09:39:22
================================================================================
[2026-03-25T09:40:20.469+0000] {manager.py:878} INFO - 
================================================================================
DAG File Processing Stats

File Path                               PID    Runtime      # DAGs    # Errors  Last Runtime    Last Run
--------------------------------------  -----  ---------  --------  ----------  --------------  -------------------
/opt/airflow/dags/e_commerce_dw_dag.py                           1           0  0.27s           2026-03-25T09:39:59
/opt/airflow/dags/example.py                                     1           0  0.17s           2026-03-25T09:39:55
/opt/airflow/dags/new_dags.py                                    1           0  0.15s           2026-03-25T09:39:58
/opt/airflow/dags/extract_data.py                                0           0  0.08s           2026-03-25T09:39:53
================================================================================
[2026-03-25T09:40:51.176+0000] {manager.py:878} INFO - 
================================================================================
DAG File Processing Stats

File Path                               PID    Runtime      # DAGs    # Errors  Last Runtime    Last Run
--------------------------------------  -----  ---------  --------  ----------  --------------  -------------------
/opt/airflow/dags/example.py                                     1           0  0.24s           2026-03-25T09:40:25
/opt/airflow/dags/e_commerce_dw_dag.py                           1           0  0.22s           2026-03-25T09:40:30
/opt/airflow/dags/new_dags.py                                    1           0  0.20s           2026-03-25T09:40:28
/opt/airflow/dags/extract_data.py                                0           0  0.08s           2026-03-25T09:40:24
================================================================================
[2026-03-25T09:41:21.931+0000] {manager.py:878} INFO - 
================================================================================
DAG File Processing Stats

File Path                               PID    Runtime      # DAGs    # Errors  Last Runtime    Last Run
--------------------------------------  -----  ---------  --------  ----------  --------------  -------------------
/opt/airflow/dags/e_commerce_dw_dag.py                           1           0  0.24s           2026-03-25T09:41:00
/opt/airflow/dags/new_dags.py                                    1           0  0.17s           2026-03-25T09:40:59
/opt/airflow/dags/example.py                                     1           0  0.15s           2026-03-25T09:40:56
/opt/airflow/dags/extract_data.py                                0           0  0.10s           2026-03-25T09:40:55
================================================================================
[2026-03-25T09:41:52.705+0000] {manager.py:878} INFO - 
================================================================================
DAG File Processing Stats

File Path                               PID    Runtime      # DAGs    # Errors  Last Runtime    Last Run
--------------------------------------  -----  ---------  --------  ----------  --------------  -------------------
/opt/airflow/dags/e_commerce_dw_dag.py                           1           0  0.21s           2026-03-25T09:41:31
/opt/airflow/dags/example.py                                     1           0  0.20s           2026-03-25T09:41:27
/opt/airflow/dags/new_dags.py                                    1           0  0.17s           2026-03-25T09:41:30
/opt/airflow/dags/extract_data.py                                0           0  0.09s           2026-03-25T09:41:26
================================================================================
[2026-03-25T09:42:23.461+0000] {manager.py:878} INFO - 
================================================================================
DAG File Processing Stats

File Path                               PID    Runtime      # DAGs    # Errors  Last Runtime    Last Run
--------------------------------------  -----  ---------  --------  ----------  --------------  -------------------
/opt/airflow/dags/e_commerce_dw_dag.py                           1           0  0.27s           2026-03-25T09:42:02
/opt/airflow/dags/new_dags.py                                    1           0  0.17s           2026-03-25T09:42:01
/opt/airflow/dags/extract_data.py                                0           0  0.14s           2026-03-25T09:41:56
/opt/airflow/dags/example.py                                     1           0  0.14s           2026-03-25T09:41:58
================================================================================
[2026-03-25T09:42:54.346+0000] {manager.py:878} INFO - 
================================================================================
DAG File Processing Stats

File Path                               PID    Runtime      # DAGs    # Errors  Last Runtime    Last Run
--------------------------------------  -----  ---------  --------  ----------  --------------  -------------------
/opt/airflow/dags/e_commerce_dw_dag.py                           1           0  0.25s           2026-03-25T09:42:33
/opt/airflow/dags/new_dags.py                                    1           0  0.24s           2026-03-25T09:42:32
/opt/airflow/dags/example.py                                     1           0  0.21s           2026-03-25T09:42:28
/opt/airflow/dags/extract_data.py                                0           0  0.11s           2026-03-25T09:42:27
================================================================================
[2026-03-25T09:43:25.060+0000] {manager.py:878} INFO - 
================================================================================
DAG File Processing Stats

File Path                               PID    Runtime      # DAGs    # Errors  Last Runtime    Last Run
--------------------------------------  -----  ---------  --------  ----------  --------------  -------------------
/opt/airflow/dags/e_commerce_dw_dag.py                           1           0  0.20s           2026-03-25T09:43:03
/opt/airflow/dags/example.py                                     1           0  0.16s           2026-03-25T09:42:59
/opt/airflow/dags/new_dags.py                                    1           0  0.15s           2026-03-25T09:43:02
/opt/airflow/dags/extract_data.py                                0           0  0.10s           2026-03-25T09:42:58
================================================================================
[2026-03-25T09:43:55.782+0000] {manager.py:878} INFO - 
================================================================================
DAG File Processing Stats

File Path                               PID    Runtime      # DAGs    # Errors  Last Runtime    Last Run
--------------------------------------  -----  ---------  --------  ----------  --------------  -------------------
/opt/airflow/dags/e_commerce_dw_dag.py                           1           0  0.22s           2026-03-25T09:43:34
/opt/airflow/dags/new_dags.py                                    1           0  0.16s           2026-03-25T09:43:33
/opt/airflow/dags/example.py                                     1           0  0.15s           2026-03-25T09:43:30
/opt/airflow/dags/extract_data.py                                0           0  0.10s           2026-03-25T09:43:29
================================================================================
[2026-03-25T09:44:26.484+0000] {manager.py:878} INFO - 
================================================================================
DAG File Processing Stats

File Path                               PID    Runtime      # DAGs    # Errors  Last Runtime    Last Run
--------------------------------------  -----  ---------  --------  ----------  --------------  -------------------
/opt/airflow/dags/e_commerce_dw_dag.py                           1           0  0.25s           2026-03-25T09:44:05
/opt/airflow/dags/example.py                                     1           0  0.17s           2026-03-25T09:44:01
/opt/airflow/dags/new_dags.py                                    1           0  0.16s           2026-03-25T09:44:04
/opt/airflow/dags/extract_data.py                                0           0  0.09s           2026-03-25T09:43:59
================================================================================
[2026-03-25T09:44:42.046+0000] {manager.py:737} INFO - Searching for files in /opt/airflow/dags
[2026-03-25T09:44:42.241+0000] {manager.py:740} INFO - There are 4 files in /opt/airflow/dags
[2026-03-25T09:44:56.487+0000] {manager.py:878} INFO - 
================================================================================
DAG File Processing Stats

File Path                               PID    Runtime      # DAGs    # Errors  Last Runtime    Last Run
--------------------------------------  -----  ---------  --------  ----------  --------------  -------------------
/opt/airflow/dags/e_commerce_dw_dag.py                           1           0  0.24s           2026-03-25T09:44:36
/opt/airflow/dags/new_dags.py                                    1           0  0.22s           2026-03-25T09:44:34
/opt/airflow/dags/example.py                                     1           0  0.16s           2026-03-25T09:44:31
/opt/airflow/dags/extract_data.py                                0           0  0.11s           2026-03-25T09:44:30
================================================================================
[2026-03-25T09:45:27.129+0000] {manager.py:878} INFO - 
================================================================================
DAG File Processing Stats

File Path                               PID    Runtime      # DAGs    # Errors  Last Runtime    Last Run
--------------------------------------  -----  ---------  --------  ----------  --------------  -------------------
/opt/airflow/dags/e_commerce_dw_dag.py                           1           0  0.35s           2026-03-25T09:45:07
/opt/airflow/dags/new_dags.py                                    1           0  0.17s           2026-03-25T09:45:05
/opt/airflow/dags/example.py                                     1           0  0.16s           2026-03-25T09:45:02
/opt/airflow/dags/extract_data.py                                0           0  0.07s           2026-03-25T09:45:01
================================================================================
[2026-03-25T09:45:57.867+0000] {manager.py:878} INFO - 
================================================================================
DAG File Processing Stats

File Path                               PID    Runtime      # DAGs    # Errors  Last Runtime    Last Run
--------------------------------------  -----  ---------  --------  ----------  --------------  -------------------
/opt/airflow/dags/e_commerce_dw_dag.py                           1           0  0.23s           2026-03-25T09:45:37
/opt/airflow/dags/new_dags.py                                    1           0  0.17s           2026-03-25T09:45:36
/opt/airflow/dags/example.py                                     1           0  0.16s           2026-03-25T09:45:33
/opt/airflow/dags/extract_data.py                                0           0  0.10s           2026-03-25T09:45:32
================================================================================
[2026-03-25T09:46:28.589+0000] {manager.py:878} INFO - 
================================================================================
DAG File Processing Stats

File Path                               PID    Runtime      # DAGs    # Errors  Last Runtime    Last Run
--------------------------------------  -----  ---------  --------  ----------  --------------  -------------------
/opt/airflow/dags/e_commerce_dw_dag.py                           1           0  0.18s           2026-03-25T09:46:08
/opt/airflow/dags/example.py                                     1           0  0.17s           2026-03-25T09:46:04
/opt/airflow/dags/new_dags.py                                    1           0  0.15s           2026-03-25T09:46:07
/opt/airflow/dags/extract_data.py                                0           0  0.10s           2026-03-25T09:46:03
================================================================================
[2026-03-25T09:46:59.358+0000] {manager.py:878} INFO - 
================================================================================
DAG File Processing Stats

File Path                               PID    Runtime      # DAGs    # Errors  Last Runtime    Last Run
--------------------------------------  -----  ---------  --------  ----------  --------------  -------------------
/opt/airflow/dags/e_commerce_dw_dag.py                           1           0  0.25s           2026-03-25T09:46:39
/opt/airflow/dags/new_dags.py                                    1           0  0.17s           2026-03-25T09:46:37
/opt/airflow/dags/example.py                                     1           0  0.15s           2026-03-25T09:46:34
/opt/airflow/dags/extract_data.py                                0           0  0.08s           2026-03-25T09:46:33
================================================================================
[2026-03-25T09:47:06.771+0000] {manager.py:452} INFO - Exiting gracefully upon receiving signal 15
[2026-03-25T09:48:17.351+0000] {manager.py:470} INFO - Processing files using up to 2 processes at a time 
[2026-03-25T09:48:17.353+0000] {manager.py:471} INFO - Process each file at most once every 30 seconds
[2026-03-25T09:48:17.357+0000] {manager.py:472} INFO - Checking for new files in /opt/airflow/dags every 300 seconds
[2026-03-25T09:48:17.359+0000] {manager.py:737} INFO - Searching for files in /opt/airflow/dags
[2026-03-25T09:48:17.690+0000] {manager.py:740} INFO - There are 4 files in /opt/airflow/dags
[2026-03-25T09:48:18.034+0000] {manager.py:878} INFO - 
================================================================================
DAG File Processing Stats

File Path                                 PID  Runtime      # DAGs    # Errors  Last Runtime    Last Run
--------------------------------------  -----  ---------  --------  ----------  --------------  ----------
/opt/airflow/dags/example.py                                     0           0
/opt/airflow/dags/extract_data.py         187  0.14s             0           0
/opt/airflow/dags/e_commerce_dw_dag.py    184  0.19s             0           0
/opt/airflow/dags/new_dags.py                                    0           0
================================================================================
[2026-03-25T09:48:48.644+0000] {manager.py:878} INFO - 
================================================================================
DAG File Processing Stats

File Path                                 PID  Runtime      # DAGs    # Errors  Last Runtime    Last Run
--------------------------------------  -----  ---------  --------  ----------  --------------  -------------------
/opt/airflow/dags/e_commerce_dw_dag.py                           1           0  0.87s           2026-03-25T09:48:18
/opt/airflow/dags/example.py                                     1           0  0.60s           2026-03-25T09:48:18
/opt/airflow/dags/new_dags.py                                    1           0  0.44s           2026-03-25T09:48:19
/opt/airflow/dags/extract_data.py         212  0.01s             0           0  0.23s           2026-03-25T09:48:18
================================================================================
[2026-03-25T09:49:19.436+0000] {manager.py:878} INFO - 
================================================================================
DAG File Processing Stats

File Path                                 PID  Runtime      # DAGs    # Errors  Last Runtime    Last Run
--------------------------------------  -----  ---------  --------  ----------  --------------  -------------------
/opt/airflow/dags/e_commerce_dw_dag.py    238  0.02s             1           0  0.22s           2026-03-25T09:48:48
/opt/airflow/dags/example.py                                     1           0  0.18s           2026-03-25T09:48:49
/opt/airflow/dags/new_dags.py                                    1           0  0.17s           2026-03-25T09:48:50
/opt/airflow/dags/extract_data.py         241  0.01s             0           0  0.11s           2026-03-25T09:48:48
================================================================================
[2026-03-25T09:49:50.116+0000] {manager.py:878} INFO - 
================================================================================
DAG File Processing Stats

File Path                                 PID  Runtime      # DAGs    # Errors  Last Runtime    Last Run
--------------------------------------  -----  ---------  --------  ----------  --------------  -------------------
/opt/airflow/dags/e_commerce_dw_dag.py    264  0.02s             1           0  0.21s           2026-03-25T09:49:19
/opt/airflow/dags/example.py                                     1           0  0.17s           2026-03-25T09:49:19
/opt/airflow/dags/new_dags.py                                    1           0  0.14s           2026-03-25T09:49:20
/opt/airflow/dags/extract_data.py         267  0.01s             0           0  0.08s           2026-03-25T09:49:19
================================================================================
[2026-03-25T09:50:20.837+0000] {manager.py:878} INFO - 
================================================================================
DAG File Processing Stats

File Path                                 PID  Runtime      # DAGs    # Errors  Last Runtime    Last Run
--------------------------------------  -----  ---------  --------  ----------  --------------  -------------------
/opt/airflow/dags/e_commerce_dw_dag.py    296  0.02s             1           0  0.24s           2026-03-25T09:49:50
/opt/airflow/dags/example.py                                     1           0  0.17s           2026-03-25T09:49:50
/opt/airflow/dags/new_dags.py                                    1           0  0.14s           2026-03-25T09:49:51
/opt/airflow/dags/extract_data.py         299  0.00s             0           0  0.09s           2026-03-25T09:49:50
================================================================================
[2026-03-25T09:50:51.499+0000] {manager.py:878} INFO - 
================================================================================
DAG File Processing Stats

File Path                                 PID  Runtime      # DAGs    # Errors  Last Runtime    Last Run
--------------------------------------  -----  ---------  --------  ----------  --------------  -------------------
/opt/airflow/dags/e_commerce_dw_dag.py    324  0.03s             1           0  0.20s           2026-03-25T09:50:21
/opt/airflow/dags/example.py                                     1           0  0.16s           2026-03-25T09:50:21
/opt/airflow/dags/new_dags.py                                    1           0  0.15s           2026-03-25T09:50:22
/opt/airflow/dags/extract_data.py         327  0.01s             0           0  0.08s           2026-03-25T09:50:20
================================================================================
[2026-03-25T09:51:22.396+0000] {manager.py:878} INFO - 
================================================================================
DAG File Processing Stats

File Path                                 PID  Runtime      # DAGs    # Errors  Last Runtime    Last Run
--------------------------------------  -----  ---------  --------  ----------  --------------  -------------------
/opt/airflow/dags/e_commerce_dw_dag.py    350  0.03s             1           0  0.27s           2026-03-25T09:50:51
/opt/airflow/dags/new_dags.py                                    1           0  0.22s           2026-03-25T09:50:53
/opt/airflow/dags/example.py                                     1           0  0.18s           2026-03-25T09:50:51
/opt/airflow/dags/extract_data.py         353  0.01s             0           0  0.10s           2026-03-25T09:50:51
================================================================================
[2026-03-25T09:51:52.443+0000] {manager.py:878} INFO - 
================================================================================
DAG File Processing Stats

File Path                               PID    Runtime      # DAGs    # Errors  Last Runtime    Last Run
--------------------------------------  -----  ---------  --------  ----------  --------------  -------------------
/opt/airflow/dags/e_commerce_dw_dag.py                           1           0  0.33s           2026-03-25T09:51:22
/opt/airflow/dags/example.py                                     1           0  0.25s           2026-03-25T09:51:22
/opt/airflow/dags/new_dags.py                                    1           0  0.18s           2026-03-25T09:51:23
/opt/airflow/dags/extract_data.py                                0           0  0.09s           2026-03-25T09:51:22
================================================================================
[2026-03-25T09:52:22.899+0000] {manager.py:878} INFO - 
================================================================================
DAG File Processing Stats

File Path                               PID    Runtime      # DAGs    # Errors  Last Runtime    Last Run
--------------------------------------  -----  ---------  --------  ----------  --------------  -------------------
/opt/airflow/dags/e_commerce_dw_dag.py                           1           0  0.24s           2026-03-25T09:51:53
/opt/airflow/dags/example.py                                     1           0  0.16s           2026-03-25T09:51:53
/opt/airflow/dags/new_dags.py                                    1           0  0.16s           2026-03-25T09:51:54
/opt/airflow/dags/extract_data.py                                0           0  0.09s           2026-03-25T09:51:53
================================================================================
[2026-03-25T09:52:53.623+0000] {manager.py:878} INFO - 
================================================================================
DAG File Processing Stats

File Path                               PID    Runtime      # DAGs    # Errors  Last Runtime    Last Run
--------------------------------------  -----  ---------  --------  ----------  --------------  -------------------
/opt/airflow/dags/e_commerce_dw_dag.py                           1           0  0.23s           2026-03-25T09:52:24
/opt/airflow/dags/new_dags.py                                    1           0  0.19s           2026-03-25T09:52:25
/opt/airflow/dags/example.py                                     1           0  0.16s           2026-03-25T09:52:24
/opt/airflow/dags/extract_data.py                                0           0  0.08s           2026-03-25T09:52:24
================================================================================
[2026-03-25T09:53:17.393+0000] {manager.py:737} INFO - Searching for files in /opt/airflow/dags
[2026-03-25T09:53:17.579+0000] {manager.py:740} INFO - There are 4 files in /opt/airflow/dags
[2026-03-25T09:53:23.685+0000] {manager.py:878} INFO - 
================================================================================
DAG File Processing Stats

File Path                               PID    Runtime      # DAGs    # Errors  Last Runtime    Last Run
--------------------------------------  -----  ---------  --------  ----------  --------------  -------------------
/opt/airflow/dags/e_commerce_dw_dag.py                           1           0  0.25s           2026-03-25T09:52:54
/opt/airflow/dags/example.py                                     1           0  0.18s           2026-03-25T09:52:54
/opt/airflow/dags/new_dags.py                                    1           0  0.15s           2026-03-25T09:52:56
/opt/airflow/dags/extract_data.py                                0           0  0.07s           2026-03-25T09:52:54
================================================================================
[2026-03-25T09:53:53.655+0000] {manager.py:452} INFO - Exiting gracefully upon receiving signal 15
[2026-03-25T10:18:44.139+0000] {manager.py:470} INFO - Processing files using up to 2 processes at a time 
[2026-03-25T10:18:44.141+0000] {manager.py:471} INFO - Process each file at most once every 30 seconds
[2026-03-25T10:18:44.143+0000] {manager.py:472} INFO - Checking for new files in /opt/airflow/dags every 300 seconds
[2026-03-25T10:18:44.145+0000] {manager.py:737} INFO - Searching for files in /opt/airflow/dags
[2026-03-25T10:18:44.419+0000] {manager.py:740} INFO - There are 4 files in /opt/airflow/dags
[2026-03-25T10:18:44.687+0000] {manager.py:878} INFO - 
================================================================================
DAG File Processing Stats

File Path                                 PID  Runtime      # DAGs    # Errors  Last Runtime    Last Run
--------------------------------------  -----  ---------  --------  ----------  --------------  ----------
/opt/airflow/dags/example.py                                     0           0
/opt/airflow/dags/extract_data.py         189  0.08s             0           0
/opt/airflow/dags/e_commerce_dw_dag.py    186  0.13s             0           0
/opt/airflow/dags/new_dags.py                                    0           0
================================================================================
[2026-03-25T10:19:15.166+0000] {manager.py:878} INFO - 
================================================================================
DAG File Processing Stats

File Path                                 PID  Runtime      # DAGs    # Errors  Last Runtime    Last Run
--------------------------------------  -----  ---------  --------  ----------  --------------  -------------------
/opt/airflow/dags/e_commerce_dw_dag.py                           1           0  0.69s           2026-03-25T10:18:45
/opt/airflow/dags/example.py                                     1           0  0.50s           2026-03-25T10:18:45
/opt/airflow/dags/new_dags.py                                    1           0  0.27s           2026-03-25T10:18:45
/opt/airflow/dags/extract_data.py         212  0.01s             0           0  0.14s           2026-03-25T10:18:44
================================================================================
[2026-03-25T10:19:45.751+0000] {manager.py:878} INFO - 
================================================================================
DAG File Processing Stats

File Path                                 PID  Runtime      # DAGs    # Errors  Last Runtime    Last Run
--------------------------------------  -----  ---------  --------  ----------  --------------  -------------------
/opt/airflow/dags/e_commerce_dw_dag.py    270  0.02s             1           0  0.20s           2026-03-25T10:19:15
/opt/airflow/dags/example.py                                     1           0  0.17s           2026-03-25T10:19:15
/opt/airflow/dags/new_dags.py                                    1           0  0.17s           2026-03-25T10:19:15
/opt/airflow/dags/extract_data.py         273  0.00s             0           0  0.10s           2026-03-25T10:19:15
================================================================================
[2026-03-25T10:20:15.949+0000] {manager.py:878} INFO - 
================================================================================
DAG File Processing Stats

File Path                                 PID  Runtime      # DAGs    # Errors  Last Runtime    Last Run
--------------------------------------  -----  ---------  --------  ----------  --------------  -------------------
/opt/airflow/dags/e_commerce_dw_dag.py                           1           0  0.50s           2026-03-25T10:19:46
/opt/airflow/dags/example.py                                     1           0  0.39s           2026-03-25T10:19:46
/opt/airflow/dags/new_dags.py                                    1           0  0.20s           2026-03-25T10:19:46
/opt/airflow/dags/extract_data.py         348  0.01s             0           0  0.12s           2026-03-25T10:19:45
================================================================================
[2026-03-25T10:20:46.874+0000] {manager.py:878} INFO - 
================================================================================
DAG File Processing Stats

File Path                                 PID  Runtime      # DAGs    # Errors  Last Runtime    Last Run
--------------------------------------  -----  ---------  --------  ----------  --------------  -------------------
/opt/airflow/dags/example.py                                     1           0  0.44s           2026-03-25T10:20:17
/opt/airflow/dags/e_commerce_dw_dag.py                           1           0  0.44s           2026-03-25T10:20:17
/opt/airflow/dags/extract_data.py         438  0.01s             0           0  0.23s           2026-03-25T10:20:16
/opt/airflow/dags/new_dags.py                                    1           0  0.15s           2026-03-25T10:20:17
================================================================================
[2026-03-25T10:21:17.026+0000] {manager.py:878} INFO - 
================================================================================
DAG File Processing Stats

File Path                                 PID  Runtime      # DAGs    # Errors  Last Runtime    Last Run
--------------------------------------  -----  ---------  --------  ----------  --------------  -------------------
/opt/airflow/dags/e_commerce_dw_dag.py                           1           0  0.22s           2026-03-25T10:20:48
/opt/airflow/dags/new_dags.py                                    1           0  0.16s           2026-03-25T10:20:48
/opt/airflow/dags/example.py                                     1           0  0.15s           2026-03-25T10:20:48
/opt/airflow/dags/extract_data.py         529  0.01s             0           0  0.08s           2026-03-25T10:20:46
================================================================================
[2026-03-25T10:21:47.576+0000] {manager.py:878} INFO - 
================================================================================
DAG File Processing Stats

File Path                                 PID  Runtime      # DAGs    # Errors  Last Runtime    Last Run
--------------------------------------  -----  ---------  --------  ----------  --------------  -------------------
/opt/airflow/dags/e_commerce_dw_dag.py                           1           0  0.54s           2026-03-25T10:21:18
/opt/airflow/dags/example.py                                     1           0  0.40s           2026-03-25T10:21:18
/opt/airflow/dags/extract_data.py         602  0.02s             0           0  0.39s           2026-03-25T10:21:17
/opt/airflow/dags/new_dags.py                                    1           0  0.31s           2026-03-25T10:21:19
================================================================================
[2026-03-25T10:22:17.700+0000] {manager.py:878} INFO - 
================================================================================
DAG File Processing Stats

File Path                               PID    Runtime      # DAGs    # Errors  Last Runtime    Last Run
--------------------------------------  -----  ---------  --------  ----------  --------------  -------------------
/opt/airflow/dags/e_commerce_dw_dag.py                           1           0  0.42s           2026-03-25T10:21:50
/opt/airflow/dags/example.py                                     1           0  0.32s           2026-03-25T10:21:50
/opt/airflow/dags/new_dags.py                                    1           0  0.29s           2026-03-25T10:21:50
/opt/airflow/dags/extract_data.py                                0           0  0.21s           2026-03-25T10:21:47
================================================================================
[2026-03-25T10:22:46.201+0000] {manager.py:452} INFO - Exiting gracefully upon receiving signal 15
[2026-03-25T10:53:31.044+0000] {manager.py:470} INFO - Processing files using up to 2 processes at a time 
[2026-03-25T10:53:31.047+0000] {manager.py:471} INFO - Process each file at most once every 30 seconds
[2026-03-25T10:53:31.049+0000] {manager.py:472} INFO - Checking for new files in /opt/airflow/dags every 300 seconds
[2026-03-25T10:53:31.052+0000] {manager.py:737} INFO - Searching for files in /opt/airflow/dags
[2026-03-25T10:53:31.430+0000] {manager.py:740} INFO - There are 4 files in /opt/airflow/dags
[2026-03-25T10:53:31.795+0000] {manager.py:878} INFO - 
================================================================================
DAG File Processing Stats

File Path                                 PID  Runtime      # DAGs    # Errors  Last Runtime    Last Run
--------------------------------------  -----  ---------  --------  ----------  --------------  ----------
/opt/airflow/dags/example.py                                     0           0
/opt/airflow/dags/extract_data.py         189  0.19s             0           0
/opt/airflow/dags/e_commerce_dw_dag.py    186  0.23s             0           0
/opt/airflow/dags/new_dags.py                                    0           0
================================================================================
[2026-03-25T10:54:02.091+0000] {manager.py:878} INFO - 
================================================================================
DAG File Processing Stats

File Path                                 PID  Runtime      # DAGs    # Errors  Last Runtime    Last Run
--------------------------------------  -----  ---------  --------  ----------  --------------  -------------------
/opt/airflow/dags/e_commerce_dw_dag.py                           1           0  1.10s           2026-03-25T10:53:32
/opt/airflow/dags/example.py                                     1           0  0.66s           2026-03-25T10:53:32
/opt/airflow/dags/extract_data.py         212  0.01s             0           0  0.32s           2026-03-25T10:53:31
/opt/airflow/dags/new_dags.py                                    1           0  0.31s           2026-03-25T10:53:32
================================================================================
[2026-03-25T10:54:32.911+0000] {manager.py:878} INFO - 
================================================================================
DAG File Processing Stats

File Path                                 PID  Runtime      # DAGs    # Errors  Last Runtime    Last Run
--------------------------------------  -----  ---------  --------  ----------  --------------  -------------------
/opt/airflow/dags/e_commerce_dw_dag.py                           1           0  0.83s           2026-03-25T10:54:03
/opt/airflow/dags/new_dags.py                                    1           0  0.58s           2026-03-25T10:54:04
/opt/airflow/dags/example.py                                     1           0  0.52s           2026-03-25T10:54:03
/opt/airflow/dags/extract_data.py         271  0.02s             0           0  0.08s           2026-03-25T10:54:02
================================================================================
[2026-03-25T10:55:03.045+0000] {manager.py:878} INFO - 
================================================================================
DAG File Processing Stats

File Path                               PID    Runtime      # DAGs    # Errors  Last Runtime    Last Run
--------------------------------------  -----  ---------  --------  ----------  --------------  -------------------
/opt/airflow/dags/example.py                                     1           0  0.44s           2026-03-25T10:54:34
/opt/airflow/dags/e_commerce_dw_dag.py                           1           0  0.40s           2026-03-25T10:54:34
/opt/airflow/dags/new_dags.py                                    1           0  0.28s           2026-03-25T10:54:34
/opt/airflow/dags/extract_data.py                                0           0  0.23s           2026-03-25T10:54:33
================================================================================
[2026-03-25T10:55:33.809+0000] {manager.py:878} INFO - 
================================================================================
DAG File Processing Stats

File Path                               PID    Runtime      # DAGs    # Errors  Last Runtime    Last Run
--------------------------------------  -----  ---------  --------  ----------  --------------  -------------------
/opt/airflow/dags/e_commerce_dw_dag.py                           1           0  0.56s           2026-03-25T10:55:05
/opt/airflow/dags/example.py                                     1           0  0.43s           2026-03-25T10:55:05
/opt/airflow/dags/extract_data.py                                0           0  0.35s           2026-03-25T10:55:03
/opt/airflow/dags/new_dags.py                                    1           0  0.34s           2026-03-25T10:55:05
================================================================================
[2026-03-25T10:56:04.596+0000] {manager.py:878} INFO - 
================================================================================
DAG File Processing Stats

File Path                                 PID  Runtime      # DAGs    # Errors  Last Runtime    Last Run
--------------------------------------  -----  ---------  --------  ----------  --------------  -------------------
/opt/airflow/dags/e_commerce_dw_dag.py                           1           0  0.31s           2026-03-25T10:55:35
/opt/airflow/dags/new_dags.py                                    1           0  0.29s           2026-03-25T10:55:35
/opt/airflow/dags/example.py                                     1           0  0.28s           2026-03-25T10:55:35
/opt/airflow/dags/extract_data.py         506  0.03s             0           0  0.16s           2026-03-25T10:55:34
================================================================================
[2026-03-25T10:56:34.647+0000] {manager.py:878} INFO - 
================================================================================
DAG File Processing Stats

File Path                               PID    Runtime      # DAGs    # Errors  Last Runtime    Last Run
--------------------------------------  -----  ---------  --------  ----------  --------------  -------------------
/opt/airflow/dags/e_commerce_dw_dag.py                           1           0  0.86s           2026-03-25T10:56:06
/opt/airflow/dags/new_dags.py                                    1           0  0.47s           2026-03-25T10:56:07
/opt/airflow/dags/example.py                                     1           0  0.46s           2026-03-25T10:56:06
/opt/airflow/dags/extract_data.py                                0           0  0.39s           2026-03-25T10:56:04
================================================================================
[2026-03-25T10:57:05.257+0000] {manager.py:878} INFO - 
================================================================================
DAG File Processing Stats

File Path                                 PID  Runtime      # DAGs    # Errors  Last Runtime    Last Run
--------------------------------------  -----  ---------  --------  ----------  --------------  -------------------
/opt/airflow/dags/e_commerce_dw_dag.py                           1           0  0.56s           2026-03-25T10:56:37
/opt/airflow/dags/example.py                                     1           0  0.41s           2026-03-25T10:56:37
/opt/airflow/dags/new_dags.py                                    1           0  0.30s           2026-03-25T10:56:38
/opt/airflow/dags/extract_data.py         677  0.00s             0           0  0.08s           2026-03-25T10:56:35
================================================================================
[2026-03-25T10:57:35.488+0000] {manager.py:878} INFO - 
================================================================================
DAG File Processing Stats

File Path                                 PID  Runtime      # DAGs    # Errors  Last Runtime    Last Run
--------------------------------------  -----  ---------  --------  ----------  --------------  -------------------
/opt/airflow/dags/e_commerce_dw_dag.py                           1           0  0.53s           2026-03-25T10:57:08
/opt/airflow/dags/new_dags.py                                    1           0  0.37s           2026-03-25T10:57:09
/opt/airflow/dags/example.py                                     1           0  0.36s           2026-03-25T10:57:08
/opt/airflow/dags/extract_data.py         767  0.00s             0           0  0.08s           2026-03-25T10:57:05
================================================================================
[2026-03-25T10:58:06.262+0000] {manager.py:878} INFO - 
================================================================================
DAG File Processing Stats

File Path                                 PID  Runtime      # DAGs    # Errors  Last Runtime    Last Run
--------------------------------------  -----  ---------  --------  ----------  --------------  -------------------
/opt/airflow/dags/e_commerce_dw_dag.py                           1           0  0.25s           2026-03-25T10:57:39
/opt/airflow/dags/example.py                                     1           0  0.17s           2026-03-25T10:57:39
/opt/airflow/dags/new_dags.py                                    1           0  0.15s           2026-03-25T10:57:39
/opt/airflow/dags/extract_data.py         857  0.00s             0           0  0.07s           2026-03-25T10:57:35
================================================================================
[2026-03-25T10:58:31.057+0000] {manager.py:737} INFO - Searching for files in /opt/airflow/dags
[2026-03-25T10:58:31.309+0000] {manager.py:740} INFO - There are 4 files in /opt/airflow/dags
[2026-03-25T10:58:36.414+0000] {manager.py:878} INFO - 
================================================================================
DAG File Processing Stats

File Path                                 PID  Runtime      # DAGs    # Errors  Last Runtime    Last Run
--------------------------------------  -----  ---------  --------  ----------  --------------  -------------------
/opt/airflow/dags/e_commerce_dw_dag.py                           1           0  0.23s           2026-03-25T10:58:10
/opt/airflow/dags/example.py                                     1           0  0.16s           2026-03-25T10:58:10
/opt/airflow/dags/new_dags.py                                    1           0  0.15s           2026-03-25T10:58:10
/opt/airflow/dags/extract_data.py         947  0.00s             0           0  0.08s           2026-03-25T10:58:06
================================================================================
[2026-03-25T10:59:07.411+0000] {manager.py:878} INFO - 
================================================================================
DAG File Processing Stats

File Path                                 PID  Runtime      # DAGs    # Errors  Last Runtime    Last Run
--------------------------------------  -----  ---------  --------  ----------  --------------  -------------------
/opt/airflow/dags/e_commerce_dw_dag.py                           1           0  0.19s           2026-03-25T10:58:40
/opt/airflow/dags/example.py                                     1           0  0.16s           2026-03-25T10:58:40
/opt/airflow/dags/new_dags.py                                    1           0  0.13s           2026-03-25T10:58:40
/opt/airflow/dags/extract_data.py        1037  0.02s             0           0  0.09s           2026-03-25T10:58:36
================================================================================
[2026-03-25T10:59:37.485+0000] {manager.py:878} INFO - 
================================================================================
DAG File Processing Stats

File Path                               PID    Runtime      # DAGs    # Errors  Last Runtime    Last Run
--------------------------------------  -----  ---------  --------  ----------  --------------  -------------------
/opt/airflow/dags/e_commerce_dw_dag.py                           1           0  0.26s           2026-03-25T10:59:11
/opt/airflow/dags/extract_data.py                                0           0  0.23s           2026-03-25T10:59:07
/opt/airflow/dags/new_dags.py                                    1           0  0.18s           2026-03-25T10:59:11
/opt/airflow/dags/example.py                                     1           0  0.17s           2026-03-25T10:59:11
================================================================================
[2026-03-25T11:00:08.065+0000] {manager.py:878} INFO - 
================================================================================
DAG File Processing Stats

File Path                               PID    Runtime      # DAGs    # Errors  Last Runtime    Last Run
--------------------------------------  -----  ---------  --------  ----------  --------------  -------------------
/opt/airflow/dags/example.py                                     1           0  0.73s           2026-03-25T10:59:42
/opt/airflow/dags/e_commerce_dw_dag.py                           1           0  0.69s           2026-03-25T10:59:42
/opt/airflow/dags/new_dags.py                                    1           0  0.31s           2026-03-25T10:59:42
/opt/airflow/dags/extract_data.py                                0           0  0.22s           2026-03-25T10:59:38
================================================================================
[2026-03-25T11:00:38.833+0000] {manager.py:878} INFO - 
================================================================================
DAG File Processing Stats

File Path                               PID    Runtime      # DAGs    # Errors  Last Runtime    Last Run
--------------------------------------  -----  ---------  --------  ----------  --------------  -------------------
/opt/airflow/dags/e_commerce_dw_dag.py                           1           0  0.57s           2026-03-25T11:00:13
/opt/airflow/dags/example.py                                     1           0  0.39s           2026-03-25T11:00:13
/opt/airflow/dags/new_dags.py                                    1           0  0.31s           2026-03-25T11:00:13
/opt/airflow/dags/extract_data.py                                0           0  0.30s           2026-03-25T11:00:09
================================================================================
[2026-03-25T11:01:09.663+0000] {manager.py:878} INFO - 
================================================================================
DAG File Processing Stats

File Path                               PID    Runtime      # DAGs    # Errors  Last Runtime    Last Run
--------------------------------------  -----  ---------  --------  ----------  --------------  -------------------
/opt/airflow/dags/e_commerce_dw_dag.py                           1           0  0.23s           2026-03-25T11:00:44
/opt/airflow/dags/new_dags.py                                    1           0  0.17s           2026-03-25T11:00:44
/opt/airflow/dags/example.py                                     1           0  0.16s           2026-03-25T11:00:44
/opt/airflow/dags/extract_data.py                                0           0  0.13s           2026-03-25T11:00:39
================================================================================
[2026-03-25T11:01:40.558+0000] {manager.py:878} INFO - 
================================================================================
DAG File Processing Stats

File Path                               PID    Runtime      # DAGs    # Errors  Last Runtime    Last Run
--------------------------------------  -----  ---------  --------  ----------  --------------  -------------------
/opt/airflow/dags/e_commerce_dw_dag.py                           1           0  0.22s           2026-03-25T11:01:15
/opt/airflow/dags/new_dags.py                                    1           0  0.16s           2026-03-25T11:01:15
/opt/airflow/dags/example.py                                     1           0  0.14s           2026-03-25T11:01:14
/opt/airflow/dags/extract_data.py                                0           0  0.10s           2026-03-25T11:01:10
================================================================================
[2026-03-25T11:02:10.595+0000] {manager.py:878} INFO - 
================================================================================
DAG File Processing Stats

File Path                               PID    Runtime      # DAGs    # Errors  Last Runtime    Last Run
--------------------------------------  -----  ---------  --------  ----------  --------------  -------------------
/opt/airflow/dags/e_commerce_dw_dag.py                           1           0  0.40s           2026-03-25T11:01:46
/opt/airflow/dags/example.py                                     1           0  0.34s           2026-03-25T11:01:46
/opt/airflow/dags/new_dags.py                                    1           0  0.19s           2026-03-25T11:01:46
/opt/airflow/dags/extract_data.py                                0           0  0.17s           2026-03-25T11:01:41
================================================================================
[2026-03-25T11:02:40.620+0000] {manager.py:878} INFO - 
================================================================================
DAG File Processing Stats

File Path                               PID    Runtime      # DAGs    # Errors  Last Runtime    Last Run
--------------------------------------  -----  ---------  --------  ----------  --------------  -------------------
/opt/airflow/dags/e_commerce_dw_dag.py                           1           0  0.23s           2026-03-25T11:02:17
/opt/airflow/dags/example.py                                     1           0  0.17s           2026-03-25T11:02:17
/opt/airflow/dags/new_dags.py                                    1           0  0.17s           2026-03-25T11:02:17
/opt/airflow/dags/extract_data.py                                0           0  0.14s           2026-03-25T11:02:11
================================================================================
[2026-03-25T11:03:10.697+0000] {manager.py:878} INFO - 
================================================================================
DAG File Processing Stats

File Path                               PID    Runtime      # DAGs    # Errors  Last Runtime    Last Run
--------------------------------------  -----  ---------  --------  ----------  --------------  -------------------
/opt/airflow/dags/e_commerce_dw_dag.py                           1           0  0.36s           2026-03-25T11:02:48
/opt/airflow/dags/example.py                                     1           0  0.24s           2026-03-25T11:02:48
/opt/airflow/dags/new_dags.py                                    1           0  0.19s           2026-03-25T11:02:48
/opt/airflow/dags/extract_data.py                                0           0  0.16s           2026-03-25T11:02:42
================================================================================
[2026-03-25T11:03:31.227+0000] {manager.py:737} INFO - Searching for files in /opt/airflow/dags
[2026-03-25T11:03:31.565+0000] {manager.py:740} INFO - There are 4 files in /opt/airflow/dags
[2026-03-25T11:03:40.739+0000] {manager.py:878} INFO - 
================================================================================
DAG File Processing Stats

File Path                               PID    Runtime      # DAGs    # Errors  Last Runtime    Last Run
--------------------------------------  -----  ---------  --------  ----------  --------------  -------------------
/opt/airflow/dags/e_commerce_dw_dag.py                           1           0  0.35s           2026-03-25T11:03:19
/opt/airflow/dags/example.py                                     1           0  0.25s           2026-03-25T11:03:18
/opt/airflow/dags/new_dags.py                                    1           0  0.23s           2026-03-25T11:03:19
/opt/airflow/dags/extract_data.py                                0           0  0.13s           2026-03-25T11:03:13
================================================================================
[2026-03-25T11:04:10.763+0000] {manager.py:878} INFO - 
================================================================================
DAG File Processing Stats

File Path                               PID    Runtime      # DAGs    # Errors  Last Runtime    Last Run
--------------------------------------  -----  ---------  --------  ----------  --------------  -------------------
/opt/airflow/dags/e_commerce_dw_dag.py                           1           0  0.32s           2026-03-25T11:03:50
/opt/airflow/dags/new_dags.py                                    1           0  0.20s           2026-03-25T11:03:50
/opt/airflow/dags/example.py                                     1           0  0.19s           2026-03-25T11:03:50
/opt/airflow/dags/extract_data.py                                0           0  0.09s           2026-03-25T11:03:43
================================================================================
[2026-03-25T11:04:41.423+0000] {manager.py:878} INFO - 
================================================================================
DAG File Processing Stats

File Path                               PID    Runtime      # DAGs    # Errors  Last Runtime    Last Run
--------------------------------------  -----  ---------  --------  ----------  --------------  -------------------
/opt/airflow/dags/e_commerce_dw_dag.py                           1           0  0.24s           2026-03-25T11:04:21
/opt/airflow/dags/example.py                                     1           0  0.16s           2026-03-25T11:04:21
/opt/airflow/dags/new_dags.py                                    1           0  0.16s           2026-03-25T11:04:21
/opt/airflow/dags/extract_data.py                                0           0  0.10s           2026-03-25T11:04:14
================================================================================
[2026-03-25T11:05:12.139+0000] {manager.py:878} INFO - 
================================================================================
DAG File Processing Stats

File Path                               PID    Runtime      # DAGs    # Errors  Last Runtime    Last Run
--------------------------------------  -----  ---------  --------  ----------  --------------  -------------------
/opt/airflow/dags/e_commerce_dw_dag.py                           1           0  0.19s           2026-03-25T11:04:51
/opt/airflow/dags/new_dags.py                                    1           0  0.14s           2026-03-25T11:04:51
/opt/airflow/dags/example.py                                     1           0  0.13s           2026-03-25T11:04:51
/opt/airflow/dags/extract_data.py                                0           0  0.07s           2026-03-25T11:04:45
================================================================================
[2026-03-25T11:12:39.509+0000] {manager.py:470} INFO - Processing files using up to 2 processes at a time 
[2026-03-25T11:12:39.511+0000] {manager.py:471} INFO - Process each file at most once every 30 seconds
[2026-03-25T11:12:39.514+0000] {manager.py:472} INFO - Checking for new files in /opt/airflow/dags every 300 seconds
[2026-03-25T11:12:39.515+0000] {manager.py:737} INFO - Searching for files in /opt/airflow/dags
[2026-03-25T11:12:39.753+0000] {manager.py:740} INFO - There are 4 files in /opt/airflow/dags
[2026-03-25T11:12:39.901+0000] {manager.py:878} INFO - 
================================================================================
DAG File Processing Stats

File Path                                 PID  Runtime      # DAGs    # Errors  Last Runtime    Last Run
--------------------------------------  -----  ---------  --------  ----------  --------------  ----------
/opt/airflow/dags/example.py                                     0           0
/opt/airflow/dags/extract_data.py         183  0.06s             0           0
/opt/airflow/dags/e_commerce_dw_dag.py    180  0.08s             0           0
/opt/airflow/dags/new_dags.py                                    0           0
================================================================================
[2026-03-25T11:13:10.045+0000] {manager.py:878} INFO - 
================================================================================
DAG File Processing Stats

File Path                                 PID  Runtime      # DAGs    # Errors  Last Runtime    Last Run
--------------------------------------  -----  ---------  --------  ----------  --------------  -------------------
/opt/airflow/dags/e_commerce_dw_dag.py                           1           0  0.73s           2026-03-25T11:12:40
/opt/airflow/dags/example.py                                     1           0  0.57s           2026-03-25T11:12:40
/opt/airflow/dags/new_dags.py                                    1           0  0.33s           2026-03-25T11:12:40
/opt/airflow/dags/extract_data.py         206  0.02s             0           0  0.10s           2026-03-25T11:12:39
================================================================================
[2026-03-25T11:13:40.204+0000] {manager.py:878} INFO - 
================================================================================
DAG File Processing Stats

File Path                                 PID  Runtime      # DAGs    # Errors  Last Runtime    Last Run
--------------------------------------  -----  ---------  --------  ----------  --------------  -------------------
/opt/airflow/dags/new_dags.py                                    1           0  0.34s           2026-03-25T11:13:11
/opt/airflow/dags/e_commerce_dw_dag.py                           1           0  0.32s           2026-03-25T11:13:11
/opt/airflow/dags/example.py                                     1           0  0.29s           2026-03-25T11:13:11
/opt/airflow/dags/extract_data.py         232  0.01s             0           0  0.11s           2026-03-25T11:13:10
================================================================================
[2026-03-25T11:14:10.973+0000] {manager.py:878} INFO - 
================================================================================
DAG File Processing Stats

File Path                                 PID  Runtime      # DAGs    # Errors  Last Runtime    Last Run
--------------------------------------  -----  ---------  --------  ----------  --------------  -------------------
/opt/airflow/dags/e_commerce_dw_dag.py                           1           0  0.19s           2026-03-25T11:13:42
/opt/airflow/dags/new_dags.py                                    1           0  0.15s           2026-03-25T11:13:42
/opt/airflow/dags/example.py                                     1           0  0.14s           2026-03-25T11:13:42
/opt/airflow/dags/extract_data.py         258  0.01s             0           0  0.10s           2026-03-25T11:13:40
================================================================================
[2026-03-25T11:14:41.278+0000] {manager.py:878} INFO - 
================================================================================
DAG File Processing Stats

File Path                                 PID  Runtime      # DAGs    # Errors  Last Runtime    Last Run
--------------------------------------  -----  ---------  --------  ----------  --------------  -------------------
/opt/airflow/dags/e_commerce_dw_dag.py                           1           0  0.20s           2026-03-25T11:14:13
/opt/airflow/dags/example.py                                     1           0  0.15s           2026-03-25T11:14:13
/opt/airflow/dags/new_dags.py                                    1           0  0.14s           2026-03-25T11:14:13
/opt/airflow/dags/extract_data.py         331  0.01s             0           0  0.08s           2026-03-25T11:14:11
================================================================================
[2026-03-25T11:15:11.441+0000] {manager.py:878} INFO - 
================================================================================
DAG File Processing Stats

File Path                               PID    Runtime      # DAGs    # Errors  Last Runtime    Last Run
--------------------------------------  -----  ---------  --------  ----------  --------------  -------------------
/opt/airflow/dags/e_commerce_dw_dag.py                           1           0  0.49s           2026-03-25T11:14:43
/opt/airflow/dags/example.py                                     1           0  0.32s           2026-03-25T11:14:43
/opt/airflow/dags/new_dags.py                                    1           0  0.30s           2026-03-25T11:14:44
/opt/airflow/dags/extract_data.py                                0           0  0.26s           2026-03-25T11:14:41
================================================================================
[2026-03-25T11:15:42.035+0000] {manager.py:878} INFO - 
================================================================================
DAG File Processing Stats

File Path                                 PID  Runtime      # DAGs    # Errors  Last Runtime    Last Run
--------------------------------------  -----  ---------  --------  ----------  --------------  -------------------
/opt/airflow/dags/e_commerce_dw_dag.py                           1           0  0.49s           2026-03-25T11:15:14
/opt/airflow/dags/new_dags.py                                    1           0  0.36s           2026-03-25T11:15:14
/opt/airflow/dags/example.py                                     1           0  0.31s           2026-03-25T11:15:14
/opt/airflow/dags/extract_data.py         503  0.01s             0           0  0.09s           2026-03-25T11:15:11
================================================================================
[2026-03-25T11:16:12.999+0000] {manager.py:878} INFO - 
================================================================================
DAG File Processing Stats

File Path                                 PID  Runtime      # DAGs    # Errors  Last Runtime    Last Run
--------------------------------------  -----  ---------  --------  ----------  --------------  -------------------
/opt/airflow/dags/e_commerce_dw_dag.py                           1           0  0.33s           2026-03-25T11:15:45
/opt/airflow/dags/new_dags.py                                    1           0  0.23s           2026-03-25T11:15:45
/opt/airflow/dags/example.py                                     1           0  0.22s           2026-03-25T11:15:44
/opt/airflow/dags/extract_data.py         609  0.02s             0           0  0.08s           2026-03-25T11:15:42
================================================================================
[2026-03-25T11:16:43.363+0000] {manager.py:878} INFO - 
================================================================================
DAG File Processing Stats

File Path                                 PID  Runtime      # DAGs    # Errors  Last Runtime    Last Run
--------------------------------------  -----  ---------  --------  ----------  --------------  -------------------
/opt/airflow/dags/e_commerce_dw_dag.py                           1           0  0.63s           2026-03-25T11:16:16
/opt/airflow/dags/new_dags.py                                    1           0  0.35s           2026-03-25T11:16:15
/opt/airflow/dags/extract_data.py         696  0.01s             0           0  0.33s           2026-03-25T11:16:13
/opt/airflow/dags/example.py                                     1           0  0.32s           2026-03-25T11:16:15
================================================================================
[2026-03-25T11:17:13.551+0000] {manager.py:878} INFO - 
================================================================================
DAG File Processing Stats

File Path                               PID    Runtime      # DAGs    # Errors  Last Runtime    Last Run
--------------------------------------  -----  ---------  --------  ----------  --------------  -------------------
/opt/airflow/dags/e_commerce_dw_dag.py                           1           0  1.01s           2026-03-25T11:16:47
/opt/airflow/dags/example.py                                     1           0  0.71s           2026-03-25T11:16:46
/opt/airflow/dags/new_dags.py                                    1           0  0.63s           2026-03-25T11:16:47
/opt/airflow/dags/extract_data.py                                0           0  0.24s           2026-03-25T11:16:43
================================================================================
[2026-03-25T11:17:39.667+0000] {manager.py:737} INFO - Searching for files in /opt/airflow/dags
[2026-03-25T11:17:39.946+0000] {manager.py:740} INFO - There are 4 files in /opt/airflow/dags
[2026-03-25T11:17:44.054+0000] {manager.py:878} INFO - 
================================================================================
DAG File Processing Stats

File Path                                 PID  Runtime      # DAGs    # Errors  Last Runtime    Last Run
--------------------------------------  -----  ---------  --------  ----------  --------------  -------------------
/opt/airflow/dags/e_commerce_dw_dag.py                           1           0  1.90s           2026-03-25T11:17:20
/opt/airflow/dags/new_dags.py                                    1           0  1.22s           2026-03-25T11:17:19
/opt/airflow/dags/example.py                                     1           0  0.20s           2026-03-25T11:17:16
/opt/airflow/dags/extract_data.py         865  0.01s             0           0  0.12s           2026-03-25T11:17:13
================================================================================
[2026-03-25T11:18:14.250+0000] {manager.py:878} INFO - 
================================================================================
DAG File Processing Stats

File Path                                 PID  Runtime      # DAGs    # Errors  Last Runtime    Last Run
--------------------------------------  -----  ---------  --------  ----------  --------------  -------------------
/opt/airflow/dags/e_commerce_dw_dag.py                           1           0  0.54s           2026-03-25T11:17:50
/opt/airflow/dags/new_dags.py                                    1           0  0.22s           2026-03-25T11:17:49
/opt/airflow/dags/example.py                                     1           0  0.16s           2026-03-25T11:17:47
/opt/airflow/dags/extract_data.py         955  0.00s             0           0  0.09s           2026-03-25T11:17:44
================================================================================
[2026-03-25T11:18:44.519+0000] {manager.py:878} INFO - 
================================================================================
DAG File Processing Stats

File Path                                 PID  Runtime      # DAGs    # Errors  Last Runtime    Last Run
--------------------------------------  -----  ---------  --------  ----------  --------------  -------------------
/opt/airflow/dags/e_commerce_dw_dag.py                           1           0  0.54s           2026-03-25T11:18:22
/opt/airflow/dags/new_dags.py                                    1           0  0.18s           2026-03-25T11:18:20
/opt/airflow/dags/example.py                                     1           0  0.18s           2026-03-25T11:18:17
/opt/airflow/dags/extract_data.py        1045  0.00s             0           0  0.16s           2026-03-25T11:18:14
================================================================================
[2026-03-25T11:19:15.240+0000] {manager.py:878} INFO - 
================================================================================
DAG File Processing Stats

File Path                                 PID  Runtime      # DAGs    # Errors  Last Runtime    Last Run
--------------------------------------  -----  ---------  --------  ----------  --------------  -------------------
/opt/airflow/dags/e_commerce_dw_dag.py                           1           0  0.73s           2026-03-25T11:18:53
/opt/airflow/dags/new_dags.py                                    1           0  0.18s           2026-03-25T11:18:50
/opt/airflow/dags/example.py                                     1           0  0.16s           2026-03-25T11:18:47
/opt/airflow/dags/extract_data.py        1135  0.01s             0           0  0.09s           2026-03-25T11:18:44
================================================================================
[2026-03-25T11:19:45.299+0000] {manager.py:878} INFO - 
================================================================================
DAG File Processing Stats

File Path                               PID    Runtime      # DAGs    # Errors  Last Runtime    Last Run
--------------------------------------  -----  ---------  --------  ----------  --------------  -------------------
/opt/airflow/dags/example.py                                     1           0  0.34s           2026-03-25T11:19:18
/opt/airflow/dags/e_commerce_dw_dag.py                           1           0  0.22s           2026-03-25T11:19:23
/opt/airflow/dags/new_dags.py                                    1           0  0.15s           2026-03-25T11:19:21
/opt/airflow/dags/extract_data.py                                0           0  0.13s           2026-03-25T11:19:15
================================================================================
[2026-03-25T11:20:15.535+0000] {manager.py:878} INFO - 
================================================================================
DAG File Processing Stats

File Path                               PID    Runtime      # DAGs    # Errors  Last Runtime    Last Run
--------------------------------------  -----  ---------  --------  ----------  --------------  -------------------
/opt/airflow/dags/example.py                                     1           0  0.27s           2026-03-25T11:19:49
/opt/airflow/dags/e_commerce_dw_dag.py                           1           0  0.21s           2026-03-25T11:19:54
/opt/airflow/dags/new_dags.py                                    1           0  0.19s           2026-03-25T11:19:51
/opt/airflow/dags/extract_data.py                                0           0  0.09s           2026-03-25T11:19:46
================================================================================
[2026-03-25T11:20:45.545+0000] {manager.py:878} INFO - 
================================================================================
DAG File Processing Stats

File Path                               PID    Runtime      # DAGs    # Errors  Last Runtime    Last Run
--------------------------------------  -----  ---------  --------  ----------  --------------  -------------------
/opt/airflow/dags/e_commerce_dw_dag.py                           1           0  0.36s           2026-03-25T11:20:25
/opt/airflow/dags/example.py                                     1           0  0.17s           2026-03-25T11:20:20
/opt/airflow/dags/new_dags.py                                    1           0  0.16s           2026-03-25T11:20:22
/opt/airflow/dags/extract_data.py                                0           0  0.09s           2026-03-25T11:20:16
================================================================================
[2026-03-25T11:21:16.008+0000] {manager.py:878} INFO - 
================================================================================
DAG File Processing Stats

File Path                               PID    Runtime      # DAGs    # Errors  Last Runtime    Last Run
--------------------------------------  -----  ---------  --------  ----------  --------------  -------------------
/opt/airflow/dags/e_commerce_dw_dag.py                           1           0  0.33s           2026-03-25T11:20:55
/opt/airflow/dags/example.py                                     1           0  0.17s           2026-03-25T11:20:51
/opt/airflow/dags/new_dags.py                                    1           0  0.16s           2026-03-25T11:20:53
/opt/airflow/dags/extract_data.py                                0           0  0.09s           2026-03-25T11:20:47
================================================================================
[2026-03-25T11:21:46.296+0000] {manager.py:878} INFO - 
================================================================================
DAG File Processing Stats

File Path                               PID    Runtime      # DAGs    # Errors  Last Runtime    Last Run
--------------------------------------  -----  ---------  --------  ----------  --------------  -------------------
/opt/airflow/dags/e_commerce_dw_dag.py                           1           0  0.47s           2026-03-25T11:21:26
/opt/airflow/dags/new_dags.py                                    1           0  0.28s           2026-03-25T11:21:24
/opt/airflow/dags/example.py                                     1           0  0.15s           2026-03-25T11:21:22
/opt/airflow/dags/extract_data.py                                0           0  0.10s           2026-03-25T11:21:18
================================================================================
[2026-03-25T11:22:16.354+0000] {manager.py:878} INFO - 
================================================================================
DAG File Processing Stats

File Path                               PID    Runtime      # DAGs    # Errors  Last Runtime    Last Run
--------------------------------------  -----  ---------  --------  ----------  --------------  -------------------
/opt/airflow/dags/e_commerce_dw_dag.py                           1           0  0.39s           2026-03-25T11:21:58
/opt/airflow/dags/new_dags.py                                    1           0  0.19s           2026-03-25T11:21:54
/opt/airflow/dags/example.py                                     1           0  0.16s           2026-03-25T11:21:52
/opt/airflow/dags/extract_data.py                                0           0  0.11s           2026-03-25T11:21:48
================================================================================
[2026-03-25T11:22:40.047+0000] {manager.py:737} INFO - Searching for files in /opt/airflow/dags
[2026-03-25T11:22:40.359+0000] {manager.py:740} INFO - There are 4 files in /opt/airflow/dags
[2026-03-25T11:22:46.512+0000] {manager.py:878} INFO - 
================================================================================
DAG File Processing Stats

File Path                               PID    Runtime      # DAGs    # Errors  Last Runtime    Last Run
--------------------------------------  -----  ---------  --------  ----------  --------------  -------------------
/opt/airflow/dags/e_commerce_dw_dag.py                           1           0  1.05s           2026-03-25T11:22:29
/opt/airflow/dags/example.py                                     1           0  0.33s           2026-03-25T11:22:23
/opt/airflow/dags/new_dags.py                                    1           0  0.31s           2026-03-25T11:22:25
/opt/airflow/dags/extract_data.py                                0           0  0.11s           2026-03-25T11:22:19
================================================================================
[2026-03-25T11:23:17.342+0000] {manager.py:878} INFO - 
================================================================================
DAG File Processing Stats

File Path                               PID    Runtime      # DAGs    # Errors  Last Runtime    Last Run
--------------------------------------  -----  ---------  --------  ----------  --------------  -------------------
/opt/airflow/dags/e_commerce_dw_dag.py                           1           0  0.30s           2026-03-25T11:23:00
/opt/airflow/dags/example.py                                     1           0  0.25s           2026-03-25T11:22:53
/opt/airflow/dags/new_dags.py                                    1           0  0.18s           2026-03-25T11:22:55
/opt/airflow/dags/extract_data.py                                0           0  0.08s           2026-03-25T11:22:49
================================================================================
[2026-03-25T11:23:48.305+0000] {manager.py:878} INFO - 
================================================================================
DAG File Processing Stats

File Path                               PID    Runtime      # DAGs    # Errors  Last Runtime    Last Run
--------------------------------------  -----  ---------  --------  ----------  --------------  -------------------
/opt/airflow/dags/new_dags.py                                    1           0  0.26s           2026-03-25T11:23:26
/opt/airflow/dags/e_commerce_dw_dag.py                           1           0  0.25s           2026-03-25T11:23:31
/opt/airflow/dags/example.py                                     1           0  0.23s           2026-03-25T11:23:24
/opt/airflow/dags/extract_data.py                                0           0  0.12s           2026-03-25T11:23:20
================================================================================
[2026-03-25T11:24:18.353+0000] {manager.py:878} INFO - 
================================================================================
DAG File Processing Stats

File Path                               PID    Runtime      # DAGs    # Errors  Last Runtime    Last Run
--------------------------------------  -----  ---------  --------  ----------  --------------  -------------------
/opt/airflow/dags/e_commerce_dw_dag.py                           1           0  0.31s           2026-03-25T11:24:02
/opt/airflow/dags/new_dags.py                                    1           0  0.20s           2026-03-25T11:23:57
/opt/airflow/dags/example.py                                     1           0  0.17s           2026-03-25T11:23:55
/opt/airflow/dags/extract_data.py                                0           0  0.16s           2026-03-25T11:23:51
================================================================================
[2026-03-25T11:24:48.983+0000] {manager.py:878} INFO - 
================================================================================
DAG File Processing Stats

File Path                               PID    Runtime      # DAGs    # Errors  Last Runtime    Last Run
--------------------------------------  -----  ---------  --------  ----------  --------------  -------------------
/opt/airflow/dags/e_commerce_dw_dag.py                           1           0  0.24s           2026-03-25T11:24:32
/opt/airflow/dags/example.py                                     1           0  0.19s           2026-03-25T11:24:26
/opt/airflow/dags/new_dags.py                                    1           0  0.18s           2026-03-25T11:24:28
/opt/airflow/dags/extract_data.py                                0           0  0.11s           2026-03-25T11:24:22
================================================================================
[2026-03-25T11:25:19.819+0000] {manager.py:878} INFO - 
================================================================================
DAG File Processing Stats

File Path                               PID    Runtime      # DAGs    # Errors  Last Runtime    Last Run
--------------------------------------  -----  ---------  --------  ----------  --------------  -------------------
/opt/airflow/dags/e_commerce_dw_dag.py                           1           0  0.22s           2026-03-25T11:25:03
/opt/airflow/dags/example.py                                     1           0  0.18s           2026-03-25T11:24:57
/opt/airflow/dags/new_dags.py                                    1           0  0.16s           2026-03-25T11:24:59
/opt/airflow/dags/extract_data.py                                0           0  0.11s           2026-03-25T11:24:53
================================================================================
[2026-03-25T11:25:48.887+0000] {manager.py:452} INFO - Exiting gracefully upon receiving signal 15
[2026-03-25T11:29:56.090+0000] {manager.py:470} INFO - Processing files using up to 2 processes at a time 
[2026-03-25T11:29:56.093+0000] {manager.py:471} INFO - Process each file at most once every 30 seconds
[2026-03-25T11:29:56.099+0000] {manager.py:472} INFO - Checking for new files in /opt/airflow/dags every 300 seconds
[2026-03-25T11:29:56.102+0000] {manager.py:737} INFO - Searching for files in /opt/airflow/dags
[2026-03-25T11:29:56.609+0000] {manager.py:740} INFO - There are 4 files in /opt/airflow/dags
[2026-03-25T11:29:56.898+0000] {manager.py:878} INFO - 
================================================================================
DAG File Processing Stats

File Path                                 PID  Runtime      # DAGs    # Errors  Last Runtime    Last Run
--------------------------------------  -----  ---------  --------  ----------  --------------  ----------
/opt/airflow/dags/example.py                                     0           0
/opt/airflow/dags/extract_data.py         188  0.16s             0           0
/opt/airflow/dags/e_commerce_dw_dag.py    185  0.20s             0           0
/opt/airflow/dags/new_dags.py                                    0           0
================================================================================
[2026-03-25T11:30:27.609+0000] {manager.py:878} INFO - 
================================================================================
DAG File Processing Stats

File Path                                 PID  Runtime      # DAGs    # Errors  Last Runtime    Last Run
--------------------------------------  -----  ---------  --------  ----------  --------------  -------------------
/opt/airflow/dags/e_commerce_dw_dag.py                           1           0  1.05s           2026-03-25T11:29:57
/opt/airflow/dags/example.py                                     1           0  0.67s           2026-03-25T11:29:57
/opt/airflow/dags/new_dags.py                                    1           0  0.37s           2026-03-25T11:29:58
/opt/airflow/dags/extract_data.py         224  0.00s             0           0  0.30s           2026-03-25T11:29:57
================================================================================
[2026-03-25T11:30:58.447+0000] {manager.py:878} INFO - 
================================================================================
DAG File Processing Stats

File Path                                 PID  Runtime      # DAGs    # Errors  Last Runtime    Last Run
--------------------------------------  -----  ---------  --------  ----------  --------------  -------------------
/opt/airflow/dags/e_commerce_dw_dag.py                           1           0  0.28s           2026-03-25T11:30:28
/opt/airflow/dags/example.py                                     1           0  0.23s           2026-03-25T11:30:28
/opt/airflow/dags/new_dags.py                                    1           0  0.14s           2026-03-25T11:30:29
/opt/airflow/dags/extract_data.py         251  0.00s             0           0  0.11s           2026-03-25T11:30:27
================================================================================
[2026-03-25T11:31:29.226+0000] {manager.py:878} INFO - 
================================================================================
DAG File Processing Stats

File Path                                 PID  Runtime      # DAGs    # Errors  Last Runtime    Last Run
--------------------------------------  -----  ---------  --------  ----------  --------------  -------------------
/opt/airflow/dags/e_commerce_dw_dag.py                           1           0  0.20s           2026-03-25T11:30:59
/opt/airflow/dags/example.py                                     1           0  0.14s           2026-03-25T11:30:59
/opt/airflow/dags/new_dags.py                                    1           0  0.14s           2026-03-25T11:30:59
/opt/airflow/dags/extract_data.py         278  0.00s             0           0  0.08s           2026-03-25T11:30:58
================================================================================
[2026-03-25T11:31:59.934+0000] {manager.py:878} INFO - 
================================================================================
DAG File Processing Stats

File Path                                 PID  Runtime      # DAGs    # Errors  Last Runtime    Last Run
--------------------------------------  -----  ---------  --------  ----------  --------------  -------------------
/opt/airflow/dags/e_commerce_dw_dag.py                           1           0  0.19s           2026-03-25T11:31:30
/opt/airflow/dags/example.py                                     1           0  0.14s           2026-03-25T11:31:30
/opt/airflow/dags/new_dags.py                                    1           0  0.13s           2026-03-25T11:31:30
/opt/airflow/dags/extract_data.py         305  0.00s             0           0  0.07s           2026-03-25T11:31:29
================================================================================
[2026-03-25T11:32:30.800+0000] {manager.py:878} INFO - 
================================================================================
DAG File Processing Stats

File Path                                 PID  Runtime      # DAGs    # Errors  Last Runtime    Last Run
--------------------------------------  -----  ---------  --------  ----------  --------------  -------------------
/opt/airflow/dags/e_commerce_dw_dag.py                           1           0  0.28s           2026-03-25T11:32:01
/opt/airflow/dags/example.py                                     1           0  0.18s           2026-03-25T11:32:01
/opt/airflow/dags/new_dags.py                                    1           0  0.15s           2026-03-25T11:32:01
/opt/airflow/dags/extract_data.py         333  0.00s             0           0  0.10s           2026-03-25T11:32:00
================================================================================
[2026-03-25T11:33:01.501+0000] {manager.py:878} INFO - 
================================================================================
DAG File Processing Stats

File Path                                 PID  Runtime      # DAGs    # Errors  Last Runtime    Last Run
--------------------------------------  -----  ---------  --------  ----------  --------------  -------------------
/opt/airflow/dags/e_commerce_dw_dag.py                           1           0  0.19s           2026-03-25T11:32:32
/opt/airflow/dags/example.py                                     1           0  0.14s           2026-03-25T11:32:32
/opt/airflow/dags/new_dags.py                                    1           0  0.14s           2026-03-25T11:32:32
/opt/airflow/dags/extract_data.py         359  0.00s             0           0  0.08s           2026-03-25T11:32:30
================================================================================
[2026-03-25T11:33:32.343+0000] {manager.py:878} INFO - 
================================================================================
DAG File Processing Stats

File Path                                 PID  Runtime      # DAGs    # Errors  Last Runtime    Last Run
--------------------------------------  -----  ---------  --------  ----------  --------------  -------------------
/opt/airflow/dags/e_commerce_dw_dag.py                           1           0  0.22s           2026-03-25T11:33:02
/opt/airflow/dags/example.py                                     1           0  0.16s           2026-03-25T11:33:02
/opt/airflow/dags/new_dags.py                                    1           0  0.15s           2026-03-25T11:33:02
/opt/airflow/dags/extract_data.py         385  0.01s             0           0  0.11s           2026-03-25T11:33:01
================================================================================
[2026-03-25T11:34:03.091+0000] {manager.py:878} INFO - 
================================================================================
DAG File Processing Stats

File Path                                 PID  Runtime      # DAGs    # Errors  Last Runtime    Last Run
--------------------------------------  -----  ---------  --------  ----------  --------------  -------------------
/opt/airflow/dags/e_commerce_dw_dag.py                           1           0  0.20s           2026-03-25T11:33:33
/opt/airflow/dags/example.py                                     1           0  0.16s           2026-03-25T11:33:33
/opt/airflow/dags/new_dags.py                                    1           0  0.15s           2026-03-25T11:33:33
/opt/airflow/dags/extract_data.py         411  0.00s             0           0  0.09s           2026-03-25T11:33:32
================================================================================
[2026-03-25T11:34:33.845+0000] {manager.py:878} INFO - 
================================================================================
DAG File Processing Stats

File Path                                 PID  Runtime      # DAGs    # Errors  Last Runtime    Last Run
--------------------------------------  -----  ---------  --------  ----------  --------------  -------------------
/opt/airflow/dags/e_commerce_dw_dag.py                           1           0  0.21s           2026-03-25T11:34:04
/opt/airflow/dags/example.py                                     1           0  0.15s           2026-03-25T11:34:04
/opt/airflow/dags/new_dags.py                                    1           0  0.15s           2026-03-25T11:34:04
/opt/airflow/dags/extract_data.py         437  0.00s             0           0  0.09s           2026-03-25T11:34:03
================================================================================
[2026-03-25T11:34:56.495+0000] {manager.py:737} INFO - Searching for files in /opt/airflow/dags
[2026-03-25T11:34:56.675+0000] {manager.py:740} INFO - There are 4 files in /opt/airflow/dags
[2026-03-25T11:35:04.829+0000] {manager.py:878} INFO - 
================================================================================
DAG File Processing Stats

File Path                                 PID  Runtime      # DAGs    # Errors  Last Runtime    Last Run
--------------------------------------  -----  ---------  --------  ----------  --------------  -------------------
/opt/airflow/dags/e_commerce_dw_dag.py                           1           0  0.20s           2026-03-25T11:34:35
/opt/airflow/dags/new_dags.py                                    1           0  0.18s           2026-03-25T11:34:35
/opt/airflow/dags/example.py                                     1           0  0.16s           2026-03-25T11:34:35
/opt/airflow/dags/extract_data.py         463  0.00s             0           0  0.08s           2026-03-25T11:34:33
================================================================================
[2026-03-25T11:35:35.557+0000] {manager.py:878} INFO - 
================================================================================
DAG File Processing Stats

File Path                                 PID  Runtime      # DAGs    # Errors  Last Runtime    Last Run
--------------------------------------  -----  ---------  --------  ----------  --------------  -------------------
/opt/airflow/dags/e_commerce_dw_dag.py                           1           0  0.19s           2026-03-25T11:35:06
/opt/airflow/dags/example.py                                     1           0  0.14s           2026-03-25T11:35:06
/opt/airflow/dags/new_dags.py                                    1           0  0.13s           2026-03-25T11:35:06
/opt/airflow/dags/extract_data.py         489  0.01s             0           0  0.07s           2026-03-25T11:35:04
================================================================================
[2026-03-25T11:36:06.348+0000] {manager.py:878} INFO - 
================================================================================
DAG File Processing Stats

File Path                                 PID  Runtime      # DAGs    # Errors  Last Runtime    Last Run
--------------------------------------  -----  ---------  --------  ----------  --------------  -------------------
/opt/airflow/dags/e_commerce_dw_dag.py                           1           0  0.25s           2026-03-25T11:35:36
/opt/airflow/dags/example.py                                     1           0  0.16s           2026-03-25T11:35:36
/opt/airflow/dags/new_dags.py                                    1           0  0.15s           2026-03-25T11:35:36
/opt/airflow/dags/extract_data.py         515  0.00s             0           0  0.09s           2026-03-25T11:35:35
================================================================================
[2026-03-25T11:36:37.178+0000] {manager.py:878} INFO - 
================================================================================
DAG File Processing Stats

File Path                                 PID  Runtime      # DAGs    # Errors  Last Runtime    Last Run
--------------------------------------  -----  ---------  --------  ----------  --------------  -------------------
/opt/airflow/dags/e_commerce_dw_dag.py                           1           0  0.30s           2026-03-25T11:36:07
/opt/airflow/dags/example.py                                     1           0  0.16s           2026-03-25T11:36:07
/opt/airflow/dags/new_dags.py                                    1           0  0.15s           2026-03-25T11:36:07
/opt/airflow/dags/extract_data.py         541  0.00s             0           0  0.09s           2026-03-25T11:36:06
================================================================================
[2026-03-25T11:37:07.976+0000] {manager.py:878} INFO - 
================================================================================
DAG File Processing Stats

File Path                                 PID  Runtime      # DAGs    # Errors  Last Runtime    Last Run
--------------------------------------  -----  ---------  --------  ----------  --------------  -------------------
/opt/airflow/dags/e_commerce_dw_dag.py                           1           0  0.22s           2026-03-25T11:36:38
/opt/airflow/dags/example.py                                     1           0  0.16s           2026-03-25T11:36:38
/opt/airflow/dags/new_dags.py                                    1           0  0.15s           2026-03-25T11:36:38
/opt/airflow/dags/extract_data.py         567  0.00s             0           0  0.10s           2026-03-25T11:36:37
================================================================================
[2026-03-25T11:37:29.893+0000] {manager.py:452} INFO - Exiting gracefully upon receiving signal 15
[2026-03-25T11:38:32.080+0000] {manager.py:470} INFO - Processing files using up to 2 processes at a time 
[2026-03-25T11:38:32.082+0000] {manager.py:471} INFO - Process each file at most once every 30 seconds
[2026-03-25T11:38:32.084+0000] {manager.py:472} INFO - Checking for new files in /opt/airflow/dags every 300 seconds
[2026-03-25T11:38:32.087+0000] {manager.py:737} INFO - Searching for files in /opt/airflow/dags
[2026-03-25T11:38:32.339+0000] {manager.py:740} INFO - There are 4 files in /opt/airflow/dags
[2026-03-25T11:38:32.525+0000] {manager.py:878} INFO - 
================================================================================
DAG File Processing Stats

File Path                                 PID  Runtime      # DAGs    # Errors  Last Runtime    Last Run
--------------------------------------  -----  ---------  --------  ----------  --------------  ----------
/opt/airflow/dags/example.py                                     0           0
/opt/airflow/dags/extract_data.py         188  0.10s             0           0
/opt/airflow/dags/e_commerce_dw_dag.py    185  0.12s             0           0
/opt/airflow/dags/new_dags.py                                    0           0
================================================================================
[2026-03-25T11:39:02.553+0000] {manager.py:878} INFO - 
================================================================================
DAG File Processing Stats

File Path                               PID    Runtime      # DAGs    # Errors  Last Runtime    Last Run
--------------------------------------  -----  ---------  --------  ----------  --------------  -------------------
/opt/airflow/dags/e_commerce_dw_dag.py                           1           0  0.74s           2026-03-25T11:38:33
/opt/airflow/dags/example.py                                     1           0  0.53s           2026-03-25T11:38:33
/opt/airflow/dags/new_dags.py                                    1           0  0.34s           2026-03-25T11:38:33
/opt/airflow/dags/extract_data.py                                0           0  0.15s           2026-03-25T11:38:32
================================================================================
[2026-03-25T11:39:32.817+0000] {manager.py:878} INFO - 
================================================================================
DAG File Processing Stats

File Path                               PID    Runtime      # DAGs    # Errors  Last Runtime    Last Run
--------------------------------------  -----  ---------  --------  ----------  --------------  -------------------
/opt/airflow/dags/e_commerce_dw_dag.py                           1           0  0.93s           2026-03-25T11:39:04
/opt/airflow/dags/example.py                                     1           0  0.66s           2026-03-25T11:39:04
/opt/airflow/dags/new_dags.py                                    1           0  0.53s           2026-03-25T11:39:05
/opt/airflow/dags/extract_data.py                                0           0  0.20s           2026-03-25T11:39:03
================================================================================
[2026-03-25T11:40:03.342+0000] {manager.py:878} INFO - 
================================================================================
DAG File Processing Stats

File Path                               PID    Runtime      # DAGs    # Errors  Last Runtime    Last Run
--------------------------------------  -----  ---------  --------  ----------  --------------  -------------------
/opt/airflow/dags/new_dags.py                                    1           0  0.46s           2026-03-25T11:39:36
/opt/airflow/dags/e_commerce_dw_dag.py                           1           0  0.20s           2026-03-25T11:39:35
/opt/airflow/dags/example.py                                     1           0  0.15s           2026-03-25T11:39:35
/opt/airflow/dags/extract_data.py                                0           0  0.11s           2026-03-25T11:39:33
================================================================================
[2026-03-25T11:40:33.426+0000] {manager.py:878} INFO - 
================================================================================
DAG File Processing Stats

File Path                               PID    Runtime      # DAGs    # Errors  Last Runtime    Last Run
--------------------------------------  -----  ---------  --------  ----------  --------------  -------------------
/opt/airflow/dags/e_commerce_dw_dag.py                           1           0  0.47s           2026-03-25T11:40:05
/opt/airflow/dags/example.py                                     1           0  0.32s           2026-03-25T11:40:05
/opt/airflow/dags/new_dags.py                                    1           0  0.21s           2026-03-25T11:40:07
/opt/airflow/dags/extract_data.py                                0           0  0.15s           2026-03-25T11:40:04
================================================================================
[2026-03-25T11:41:03.924+0000] {manager.py:878} INFO - 
================================================================================
DAG File Processing Stats

File Path                               PID    Runtime      # DAGs    # Errors  Last Runtime    Last Run
--------------------------------------  -----  ---------  --------  ----------  --------------  -------------------
/opt/airflow/dags/new_dags.py                                    1           0  0.30s           2026-03-25T11:40:37
/opt/airflow/dags/e_commerce_dw_dag.py                           1           0  0.25s           2026-03-25T11:40:36
/opt/airflow/dags/extract_data.py                                0           0  0.24s           2026-03-25T11:40:35
/opt/airflow/dags/example.py                                     1           0  0.19s           2026-03-25T11:40:36
================================================================================
[2026-03-25T11:41:34.038+0000] {manager.py:878} INFO - 
================================================================================
DAG File Processing Stats

File Path                               PID    Runtime      # DAGs    # Errors  Last Runtime    Last Run
--------------------------------------  -----  ---------  --------  ----------  --------------  -------------------
/opt/airflow/dags/new_dags.py                                    1           0  0.57s           2026-03-25T11:41:09
/opt/airflow/dags/e_commerce_dw_dag.py                           1           0  0.43s           2026-03-25T11:41:07
/opt/airflow/dags/example.py                                     1           0  0.30s           2026-03-25T11:41:07
/opt/airflow/dags/extract_data.py                                0           0  0.13s           2026-03-25T11:41:06
================================================================================
[2026-03-25T11:42:04.477+0000] {manager.py:878} INFO - 
================================================================================
DAG File Processing Stats

File Path                               PID    Runtime      # DAGs    # Errors  Last Runtime    Last Run
--------------------------------------  -----  ---------  --------  ----------  --------------  -------------------
/opt/airflow/dags/new_dags.py                                    1           0  0.82s           2026-03-25T11:41:40
/opt/airflow/dags/e_commerce_dw_dag.py                           1           0  0.26s           2026-03-25T11:41:37
/opt/airflow/dags/example.py                                     1           0  0.18s           2026-03-25T11:41:37
/opt/airflow/dags/extract_data.py                                0           0  0.16s           2026-03-25T11:41:36
================================================================================
[2026-03-25T11:42:34.550+0000] {manager.py:878} INFO - 
================================================================================
DAG File Processing Stats

File Path                               PID    Runtime      # DAGs    # Errors  Last Runtime    Last Run
--------------------------------------  -----  ---------  --------  ----------  --------------  -------------------
/opt/airflow/dags/e_commerce_dw_dag.py                           1           0  0.30s           2026-03-25T11:42:08
/opt/airflow/dags/example.py                                     1           0  0.18s           2026-03-25T11:42:07
/opt/airflow/dags/new_dags.py                                    1           0  0.16s           2026-03-25T11:42:11
/opt/airflow/dags/extract_data.py                                0           0  0.10s           2026-03-25T11:42:06
================================================================================
[2026-03-25T11:43:05.207+0000] {manager.py:878} INFO - 
================================================================================
DAG File Processing Stats

File Path                               PID    Runtime      # DAGs    # Errors  Last Runtime    Last Run
--------------------------------------  -----  ---------  --------  ----------  --------------  -------------------
/opt/airflow/dags/e_commerce_dw_dag.py                           1           0  0.19s           2026-03-25T11:42:38
/opt/airflow/dags/new_dags.py                                    1           0  0.16s           2026-03-25T11:42:41
/opt/airflow/dags/example.py                                     1           0  0.14s           2026-03-25T11:42:38
/opt/airflow/dags/extract_data.py                                0           0  0.08s           2026-03-25T11:42:37
================================================================================
[2026-03-25T11:43:32.228+0000] {manager.py:737} INFO - Searching for files in /opt/airflow/dags
[2026-03-25T11:43:32.486+0000] {manager.py:740} INFO - There are 4 files in /opt/airflow/dags
[2026-03-25T11:43:35.575+0000] {manager.py:878} INFO - 
================================================================================
DAG File Processing Stats

File Path                               PID    Runtime      # DAGs    # Errors  Last Runtime    Last Run
--------------------------------------  -----  ---------  --------  ----------  --------------  -------------------
/opt/airflow/dags/new_dags.py                                    1           0  0.23s           2026-03-25T11:43:12
/opt/airflow/dags/e_commerce_dw_dag.py                           1           0  0.19s           2026-03-25T11:43:09
/opt/airflow/dags/example.py                                     1           0  0.13s           2026-03-25T11:43:09
/opt/airflow/dags/extract_data.py                                0           0  0.07s           2026-03-25T11:43:08
================================================================================
[2026-03-25T11:44:06.211+0000] {manager.py:878} INFO - 
================================================================================
DAG File Processing Stats

File Path                               PID    Runtime      # DAGs    # Errors  Last Runtime    Last Run
--------------------------------------  -----  ---------  --------  ----------  --------------  -------------------
/opt/airflow/dags/e_commerce_dw_dag.py                           1           0  0.43s           2026-03-25T11:43:40
/opt/airflow/dags/example.py                                     1           0  0.29s           2026-03-25T11:43:40
/opt/airflow/dags/new_dags.py                                    1           0  0.14s           2026-03-25T11:43:43
/opt/airflow/dags/extract_data.py                                0           0  0.11s           2026-03-25T11:43:38
================================================================================
[2026-03-25T11:44:36.454+0000] {manager.py:878} INFO - 
================================================================================
DAG File Processing Stats

File Path                               PID    Runtime      # DAGs    # Errors  Last Runtime    Last Run
--------------------------------------  -----  ---------  --------  ----------  --------------  -------------------
/opt/airflow/dags/e_commerce_dw_dag.py                           1           0  0.58s           2026-03-25T11:44:10
/opt/airflow/dags/example.py                                     1           0  0.42s           2026-03-25T11:44:10
/opt/airflow/dags/new_dags.py                                    1           0  0.34s           2026-03-25T11:44:14
/opt/airflow/dags/extract_data.py                                0           0  0.11s           2026-03-25T11:44:09
================================================================================
[2026-03-25T11:45:07.196+0000] {manager.py:878} INFO - 
================================================================================
DAG File Processing Stats

File Path                               PID    Runtime      # DAGs    # Errors  Last Runtime    Last Run
--------------------------------------  -----  ---------  --------  ----------  --------------  -------------------
/opt/airflow/dags/e_commerce_dw_dag.py                           1           0  0.18s           2026-03-25T11:44:41
/opt/airflow/dags/new_dags.py                                    1           0  0.14s           2026-03-25T11:44:44
/opt/airflow/dags/example.py                                     1           0  0.13s           2026-03-25T11:44:41
/opt/airflow/dags/extract_data.py                                0           0  0.09s           2026-03-25T11:44:39
================================================================================
[2026-03-25T11:45:37.884+0000] {manager.py:878} INFO - 
================================================================================
DAG File Processing Stats

File Path                               PID    Runtime      # DAGs    # Errors  Last Runtime    Last Run
--------------------------------------  -----  ---------  --------  ----------  --------------  -------------------
/opt/airflow/dags/e_commerce_dw_dag.py                           1           0  0.18s           2026-03-25T11:45:12
/opt/airflow/dags/new_dags.py                                    1           0  0.14s           2026-03-25T11:45:15
/opt/airflow/dags/example.py                                     1           0  0.13s           2026-03-25T11:45:12
/opt/airflow/dags/extract_data.py                                0           0  0.07s           2026-03-25T11:45:10
================================================================================
[2026-03-25T11:46:08.664+0000] {manager.py:878} INFO - 
================================================================================
DAG File Processing Stats

File Path                               PID    Runtime      # DAGs    # Errors  Last Runtime    Last Run
--------------------------------------  -----  ---------  --------  ----------  --------------  -------------------
/opt/airflow/dags/e_commerce_dw_dag.py                           1           0  0.22s           2026-03-25T11:45:43
/opt/airflow/dags/new_dags.py                                    1           0  0.17s           2026-03-25T11:45:46
/opt/airflow/dags/example.py                                     1           0  0.15s           2026-03-25T11:45:43
/opt/airflow/dags/extract_data.py                                0           0  0.10s           2026-03-25T11:45:41
================================================================================
[2026-03-25T11:46:39.621+0000] {manager.py:878} INFO - 
================================================================================
DAG File Processing Stats

File Path                               PID    Runtime      # DAGs    # Errors  Last Runtime    Last Run
--------------------------------------  -----  ---------  --------  ----------  --------------  -------------------
/opt/airflow/dags/e_commerce_dw_dag.py                           1           0  0.24s           2026-03-25T11:46:14
/opt/airflow/dags/new_dags.py                                    1           0  0.16s           2026-03-25T11:46:17
/opt/airflow/dags/example.py                                     1           0  0.15s           2026-03-25T11:46:14
/opt/airflow/dags/extract_data.py                                0           0  0.12s           2026-03-25T11:46:11
================================================================================
[2026-03-25T11:47:10.425+0000] {manager.py:878} INFO - 
================================================================================
DAG File Processing Stats

File Path                               PID    Runtime      # DAGs    # Errors  Last Runtime    Last Run
--------------------------------------  -----  ---------  --------  ----------  --------------  -------------------
/opt/airflow/dags/e_commerce_dw_dag.py                           1           0  0.19s           2026-03-25T11:46:44
/opt/airflow/dags/new_dags.py                                    1           0  0.17s           2026-03-25T11:46:48
/opt/airflow/dags/example.py                                     1           0  0.13s           2026-03-25T11:46:44
/opt/airflow/dags/extract_data.py                                0           0  0.06s           2026-03-25T11:46:42
================================================================================
[2026-03-25T11:47:40.479+0000] {manager.py:878} INFO - 
================================================================================
DAG File Processing Stats

File Path                               PID    Runtime      # DAGs    # Errors  Last Runtime    Last Run
--------------------------------------  -----  ---------  --------  ----------  --------------  -------------------
/opt/airflow/dags/e_commerce_dw_dag.py                           1           0  0.20s           2026-03-25T11:47:15
/opt/airflow/dags/new_dags.py                                    1           0  0.18s           2026-03-25T11:47:19
/opt/airflow/dags/example.py                                     1           0  0.14s           2026-03-25T11:47:15
/opt/airflow/dags/extract_data.py                                0           0  0.11s           2026-03-25T11:47:13
================================================================================
[2026-03-25T11:48:11.210+0000] {manager.py:878} INFO - 
================================================================================
DAG File Processing Stats

File Path                               PID    Runtime      # DAGs    # Errors  Last Runtime    Last Run
--------------------------------------  -----  ---------  --------  ----------  --------------  -------------------
/opt/airflow/dags/e_commerce_dw_dag.py                           1           0  0.23s           2026-03-25T11:47:46
/opt/airflow/dags/new_dags.py                                    1           0  0.14s           2026-03-25T11:47:49
/opt/airflow/dags/example.py                                     1           0  0.14s           2026-03-25T11:47:46
/opt/airflow/dags/extract_data.py                                0           0  0.09s           2026-03-25T11:47:44
================================================================================
[2026-03-25T11:48:32.897+0000] {manager.py:737} INFO - Searching for files in /opt/airflow/dags
[2026-03-25T11:48:33.044+0000] {manager.py:740} INFO - There are 4 files in /opt/airflow/dags
[2026-03-25T11:48:42.180+0000] {manager.py:878} INFO - 
================================================================================
DAG File Processing Stats

File Path                               PID    Runtime      # DAGs    # Errors  Last Runtime    Last Run
--------------------------------------  -----  ---------  --------  ----------  --------------  -------------------
/opt/airflow/dags/e_commerce_dw_dag.py                           1           0  0.17s           2026-03-25T11:48:17
/opt/airflow/dags/new_dags.py                                    1           0  0.15s           2026-03-25T11:48:20
/opt/airflow/dags/example.py                                     1           0  0.13s           2026-03-25T11:48:17
/opt/airflow/dags/extract_data.py                                0           0  0.11s           2026-03-25T11:48:15
================================================================================
[2026-03-25T11:49:12.912+0000] {manager.py:878} INFO - 
================================================================================
DAG File Processing Stats

File Path                               PID    Runtime      # DAGs    # Errors  Last Runtime    Last Run
--------------------------------------  -----  ---------  --------  ----------  --------------  -------------------
/opt/airflow/dags/e_commerce_dw_dag.py                           1           0  0.23s           2026-03-25T11:48:48
/opt/airflow/dags/example.py                                     1           0  0.17s           2026-03-25T11:48:48
/opt/airflow/dags/new_dags.py                                    1           0  0.17s           2026-03-25T11:48:51
/opt/airflow/dags/extract_data.py                                0           0  0.11s           2026-03-25T11:48:46
================================================================================
[2026-03-25T11:49:43.602+0000] {manager.py:878} INFO - 
================================================================================
DAG File Processing Stats

File Path                               PID    Runtime      # DAGs    # Errors  Last Runtime    Last Run
--------------------------------------  -----  ---------  --------  ----------  --------------  -------------------
/opt/airflow/dags/e_commerce_dw_dag.py                           1           0  0.21s           2026-03-25T11:49:19
/opt/airflow/dags/example.py                                     1           0  0.15s           2026-03-25T11:49:19
/opt/airflow/dags/new_dags.py                                    1           0  0.13s           2026-03-25T11:49:22
/opt/airflow/dags/extract_data.py                                0           0  0.07s           2026-03-25T11:49:17
================================================================================
[2026-03-25T11:50:14.262+0000] {manager.py:878} INFO - 
================================================================================
DAG File Processing Stats

File Path                               PID    Runtime      # DAGs    # Errors  Last Runtime    Last Run
--------------------------------------  -----  ---------  --------  ----------  --------------  -------------------
/opt/airflow/dags/e_commerce_dw_dag.py                           1           0  0.20s           2026-03-25T11:49:49
/opt/airflow/dags/new_dags.py                                    1           0  0.16s           2026-03-25T11:49:53
/opt/airflow/dags/example.py                                     1           0  0.14s           2026-03-25T11:49:49
/opt/airflow/dags/extract_data.py                                0           0  0.07s           2026-03-25T11:49:47
================================================================================
[2026-03-25T11:50:44.993+0000] {manager.py:878} INFO - 
================================================================================
DAG File Processing Stats

File Path                               PID    Runtime      # DAGs    # Errors  Last Runtime    Last Run
--------------------------------------  -----  ---------  --------  ----------  --------------  -------------------
/opt/airflow/dags/e_commerce_dw_dag.py                           1           0  0.18s           2026-03-25T11:50:20
/opt/airflow/dags/new_dags.py                                    1           0  0.14s           2026-03-25T11:50:23
/opt/airflow/dags/example.py                                     1           0  0.13s           2026-03-25T11:50:20
/opt/airflow/dags/extract_data.py                                0           0  0.09s           2026-03-25T11:50:18
================================================================================
[2026-03-25T11:51:15.741+0000] {manager.py:878} INFO - 
================================================================================
DAG File Processing Stats

File Path                               PID    Runtime      # DAGs    # Errors  Last Runtime    Last Run
--------------------------------------  -----  ---------  --------  ----------  --------------  -------------------
/opt/airflow/dags/e_commerce_dw_dag.py                           1           0  0.32s           2026-03-25T11:50:51
/opt/airflow/dags/example.py                                     1           0  0.25s           2026-03-25T11:50:51
/opt/airflow/dags/new_dags.py                                    1           0  0.22s           2026-03-25T11:50:54
/opt/airflow/dags/extract_data.py                                0           0  0.07s           2026-03-25T11:50:49
================================================================================
[2026-03-25T11:51:46.590+0000] {manager.py:878} INFO - 
================================================================================
DAG File Processing Stats

File Path                               PID    Runtime      # DAGs    # Errors  Last Runtime    Last Run
--------------------------------------  -----  ---------  --------  ----------  --------------  -------------------
/opt/airflow/dags/e_commerce_dw_dag.py                           1           0  0.23s           2026-03-25T11:51:22
/opt/airflow/dags/new_dags.py                                    1           0  0.16s           2026-03-25T11:51:25
/opt/airflow/dags/example.py                                     1           0  0.15s           2026-03-25T11:51:22
/opt/airflow/dags/extract_data.py                                0           0  0.10s           2026-03-25T11:51:19
================================================================================
[2026-03-25T11:52:17.338+0000] {manager.py:878} INFO - 
================================================================================
DAG File Processing Stats

File Path                               PID    Runtime      # DAGs    # Errors  Last Runtime    Last Run
--------------------------------------  -----  ---------  --------  ----------  --------------  -------------------
/opt/airflow/dags/e_commerce_dw_dag.py                           1           0  0.18s           2026-03-25T11:51:52
/opt/airflow/dags/new_dags.py                                    1           0  0.15s           2026-03-25T11:51:56
/opt/airflow/dags/example.py                                     1           0  0.13s           2026-03-25T11:51:52
/opt/airflow/dags/extract_data.py                                0           0  0.07s           2026-03-25T11:51:50
================================================================================
[2026-03-25T11:52:48.131+0000] {manager.py:878} INFO - 
================================================================================
DAG File Processing Stats

File Path                               PID    Runtime      # DAGs    # Errors  Last Runtime    Last Run
--------------------------------------  -----  ---------  --------  ----------  --------------  -------------------
/opt/airflow/dags/e_commerce_dw_dag.py                           1           0  0.19s           2026-03-25T11:52:23
/opt/airflow/dags/new_dags.py                                    1           0  0.16s           2026-03-25T11:52:26
/opt/airflow/dags/example.py                                     1           0  0.13s           2026-03-25T11:52:23
/opt/airflow/dags/extract_data.py                                0           0  0.09s           2026-03-25T11:52:21
================================================================================
[2026-03-25T11:53:18.191+0000] {manager.py:878} INFO - 
================================================================================
DAG File Processing Stats

File Path                               PID    Runtime      # DAGs    # Errors  Last Runtime    Last Run
--------------------------------------  -----  ---------  --------  ----------  --------------  -------------------
/opt/airflow/dags/e_commerce_dw_dag.py                           1           0  0.18s           2026-03-25T11:52:54
/opt/airflow/dags/new_dags.py                                    1           0  0.16s           2026-03-25T11:52:57
/opt/airflow/dags/example.py                                     1           0  0.13s           2026-03-25T11:52:54
/opt/airflow/dags/extract_data.py                                0           0  0.07s           2026-03-25T11:52:52
================================================================================
[2026-03-25T11:53:33.525+0000] {manager.py:737} INFO - Searching for files in /opt/airflow/dags
[2026-03-25T11:53:33.764+0000] {manager.py:740} INFO - There are 4 files in /opt/airflow/dags
[2026-03-25T11:53:49.028+0000] {manager.py:878} INFO - 
================================================================================
DAG File Processing Stats

File Path                               PID    Runtime      # DAGs    # Errors  Last Runtime    Last Run
--------------------------------------  -----  ---------  --------  ----------  --------------  -------------------
/opt/airflow/dags/e_commerce_dw_dag.py                           1           0  0.20s           2026-03-25T11:53:25
/opt/airflow/dags/example.py                                     1           0  0.14s           2026-03-25T11:53:25
/opt/airflow/dags/new_dags.py                                    1           0  0.13s           2026-03-25T11:53:28
/opt/airflow/dags/extract_data.py                                0           0  0.11s           2026-03-25T11:53:23
================================================================================
[2026-03-25T11:54:19.036+0000] {manager.py:878} INFO - 
================================================================================
DAG File Processing Stats

File Path                               PID    Runtime      # DAGs    # Errors  Last Runtime    Last Run
--------------------------------------  -----  ---------  --------  ----------  --------------  -------------------
/opt/airflow/dags/e_commerce_dw_dag.py                           1           0  0.19s           2026-03-25T11:53:56
/opt/airflow/dags/new_dags.py                                    1           0  0.15s           2026-03-25T11:53:59
/opt/airflow/dags/example.py                                     1           0  0.13s           2026-03-25T11:53:56
/opt/airflow/dags/extract_data.py                                0           0  0.10s           2026-03-25T11:53:54
================================================================================
[2026-03-25T11:54:49.894+0000] {manager.py:878} INFO - 
================================================================================
DAG File Processing Stats

File Path                               PID    Runtime      # DAGs    # Errors  Last Runtime    Last Run
--------------------------------------  -----  ---------  --------  ----------  --------------  -------------------
/opt/airflow/dags/e_commerce_dw_dag.py                           1           0  0.22s           2026-03-25T11:54:27
/opt/airflow/dags/example.py                                     1           0  0.15s           2026-03-25T11:54:27
/opt/airflow/dags/new_dags.py                                    1           0  0.13s           2026-03-25T11:54:30
/opt/airflow/dags/extract_data.py                                0           0  0.10s           2026-03-25T11:54:25
================================================================================
[2026-03-25T11:55:20.755+0000] {manager.py:878} INFO - 
================================================================================
DAG File Processing Stats

File Path                               PID    Runtime      # DAGs    # Errors  Last Runtime    Last Run
--------------------------------------  -----  ---------  --------  ----------  --------------  -------------------
/opt/airflow/dags/e_commerce_dw_dag.py                           1           0  0.17s           2026-03-25T11:54:58
/opt/airflow/dags/example.py                                     1           0  0.13s           2026-03-25T11:54:58
/opt/airflow/dags/new_dags.py                                    1           0  0.12s           2026-03-25T11:55:01
/opt/airflow/dags/extract_data.py                                0           0  0.07s           2026-03-25T11:54:56
================================================================================
[2026-03-25T11:55:51.653+0000] {manager.py:878} INFO - 
================================================================================
DAG File Processing Stats

File Path                               PID    Runtime      # DAGs    # Errors  Last Runtime    Last Run
--------------------------------------  -----  ---------  --------  ----------  --------------  -------------------
/opt/airflow/dags/e_commerce_dw_dag.py                           1           0  0.18s           2026-03-25T11:55:29
/opt/airflow/dags/new_dags.py                                    1           0  0.14s           2026-03-25T11:55:32
/opt/airflow/dags/example.py                                     1           0  0.14s           2026-03-25T11:55:29
/opt/airflow/dags/extract_data.py                                0           0  0.10s           2026-03-25T11:55:26
================================================================================
[2026-03-25T11:56:22.488+0000] {manager.py:878} INFO - 
================================================================================
DAG File Processing Stats

File Path                               PID    Runtime      # DAGs    # Errors  Last Runtime    Last Run
--------------------------------------  -----  ---------  --------  ----------  --------------  -------------------
/opt/airflow/dags/e_commerce_dw_dag.py                           1           0  0.18s           2026-03-25T11:56:00
/opt/airflow/dags/new_dags.py                                    1           0  0.14s           2026-03-25T11:56:03
/opt/airflow/dags/example.py                                     1           0  0.13s           2026-03-25T11:56:00
/opt/airflow/dags/extract_data.py                                0           0  0.07s           2026-03-25T11:55:57
================================================================================
[2026-03-25T11:56:53.326+0000] {manager.py:878} INFO - 
================================================================================
DAG File Processing Stats

File Path                               PID    Runtime      # DAGs    # Errors  Last Runtime    Last Run
--------------------------------------  -----  ---------  --------  ----------  --------------  -------------------
/opt/airflow/dags/e_commerce_dw_dag.py                           1           0  0.22s           2026-03-25T11:56:30
/opt/airflow/dags/new_dags.py                                    1           0  0.15s           2026-03-25T11:56:34
/opt/airflow/dags/example.py                                     1           0  0.14s           2026-03-25T11:56:30
/opt/airflow/dags/extract_data.py                                0           0  0.11s           2026-03-25T11:56:28
================================================================================
[2026-03-25T11:57:23.924+0000] {manager.py:878} INFO - 
================================================================================
DAG File Processing Stats

File Path                               PID    Runtime      # DAGs    # Errors  Last Runtime    Last Run
--------------------------------------  -----  ---------  --------  ----------  --------------  -------------------
/opt/airflow/dags/new_dags.py                                    1           0  0.23s           2026-03-25T11:57:04
/opt/airflow/dags/e_commerce_dw_dag.py                           1           0  0.22s           2026-03-25T11:57:01
/opt/airflow/dags/example.py                                     1           0  0.16s           2026-03-25T11:57:01
/opt/airflow/dags/extract_data.py                                0           0  0.07s           2026-03-25T11:56:59
================================================================================
[2026-03-25T11:57:54.550+0000] {manager.py:878} INFO - 
================================================================================
DAG File Processing Stats

File Path                               PID    Runtime      # DAGs    # Errors  Last Runtime    Last Run
--------------------------------------  -----  ---------  --------  ----------  --------------  -------------------
/opt/airflow/dags/e_commerce_dw_dag.py                           1           0  0.22s           2026-03-25T11:57:32
/opt/airflow/dags/example.py                                     1           0  0.16s           2026-03-25T11:57:32
/opt/airflow/dags/new_dags.py                                    1           0  0.13s           2026-03-25T11:57:35
/opt/airflow/dags/extract_data.py                                0           0  0.09s           2026-03-25T11:57:30
================================================================================
[2026-03-25T11:58:25.203+0000] {manager.py:878} INFO - 
================================================================================
DAG File Processing Stats

File Path                               PID    Runtime      # DAGs    # Errors  Last Runtime    Last Run
--------------------------------------  -----  ---------  --------  ----------  --------------  -------------------
/opt/airflow/dags/e_commerce_dw_dag.py                           1           0  0.20s           2026-03-25T11:58:02
/opt/airflow/dags/example.py                                     1           0  0.14s           2026-03-25T11:58:02
/opt/airflow/dags/new_dags.py                                    1           0  0.13s           2026-03-25T11:58:06
/opt/airflow/dags/extract_data.py                                0           0  0.06s           2026-03-25T11:58:00
================================================================================
[2026-03-25T11:58:33.585+0000] {manager.py:737} INFO - Searching for files in /opt/airflow/dags
[2026-03-25T11:58:33.747+0000] {manager.py:740} INFO - There are 4 files in /opt/airflow/dags
[2026-03-25T11:58:55.908+0000] {manager.py:878} INFO - 
================================================================================
DAG File Processing Stats

File Path                               PID    Runtime      # DAGs    # Errors  Last Runtime    Last Run
--------------------------------------  -----  ---------  --------  ----------  --------------  -------------------
/opt/airflow/dags/e_commerce_dw_dag.py                           1           0  0.34s           2026-03-25T11:58:33
/opt/airflow/dags/example.py                                     1           0  0.14s           2026-03-25T11:58:33
/opt/airflow/dags/new_dags.py                                    1           0  0.13s           2026-03-25T11:58:36
/opt/airflow/dags/extract_data.py                                0           0  0.06s           2026-03-25T11:58:31
================================================================================
[2026-03-25T11:59:26.685+0000] {manager.py:878} INFO - 
================================================================================
DAG File Processing Stats

File Path                               PID    Runtime      # DAGs    # Errors  Last Runtime    Last Run
--------------------------------------  -----  ---------  --------  ----------  --------------  -------------------
/opt/airflow/dags/e_commerce_dw_dag.py                           1           0  0.18s           2026-03-25T11:59:04
/opt/airflow/dags/new_dags.py                                    1           0  0.17s           2026-03-25T11:59:07
/opt/airflow/dags/example.py                                     1           0  0.13s           2026-03-25T11:59:04
/opt/airflow/dags/extract_data.py                                0           0  0.09s           2026-03-25T11:59:02
================================================================================
[2026-03-25T11:59:56.686+0000] {manager.py:878} INFO - 
================================================================================
DAG File Processing Stats

File Path                               PID    Runtime      # DAGs    # Errors  Last Runtime    Last Run
--------------------------------------  -----  ---------  --------  ----------  --------------  -------------------
/opt/airflow/dags/e_commerce_dw_dag.py                           1           0  0.23s           2026-03-25T11:59:35
/opt/airflow/dags/example.py                                     1           0  0.17s           2026-03-25T11:59:35
/opt/airflow/dags/new_dags.py                                    1           0  0.15s           2026-03-25T11:59:38
/opt/airflow/dags/extract_data.py                                0           0  0.07s           2026-03-25T11:59:32
================================================================================
[2026-03-25T12:00:27.349+0000] {manager.py:878} INFO - 
================================================================================
DAG File Processing Stats

File Path                               PID    Runtime      # DAGs    # Errors  Last Runtime    Last Run
--------------------------------------  -----  ---------  --------  ----------  --------------  -------------------
/opt/airflow/dags/e_commerce_dw_dag.py                           1           0  0.17s           2026-03-25T12:00:05
/opt/airflow/dags/example.py                                     1           0  0.13s           2026-03-25T12:00:05
/opt/airflow/dags/new_dags.py                                    1           0  0.12s           2026-03-25T12:00:09
/opt/airflow/dags/extract_data.py                                0           0  0.09s           2026-03-25T12:00:03
================================================================================
[2026-03-25T12:00:58.148+0000] {manager.py:878} INFO - 
================================================================================
DAG File Processing Stats

File Path                               PID    Runtime      # DAGs    # Errors  Last Runtime    Last Run
--------------------------------------  -----  ---------  --------  ----------  --------------  -------------------
/opt/airflow/dags/e_commerce_dw_dag.py                           1           0  0.16s           2026-03-25T12:00:36
/opt/airflow/dags/new_dags.py                                    1           0  0.15s           2026-03-25T12:00:39
/opt/airflow/dags/example.py                                     1           0  0.13s           2026-03-25T12:00:36
/opt/airflow/dags/extract_data.py                                0           0  0.07s           2026-03-25T12:00:34
================================================================================
[2026-03-25T12:01:29.040+0000] {manager.py:878} INFO - 
================================================================================
DAG File Processing Stats

File Path                               PID    Runtime      # DAGs    # Errors  Last Runtime    Last Run
--------------------------------------  -----  ---------  --------  ----------  --------------  -------------------
/opt/airflow/dags/e_commerce_dw_dag.py                           1           0  0.24s           2026-03-25T12:01:07
/opt/airflow/dags/example.py                                     1           0  0.14s           2026-03-25T12:01:07
/opt/airflow/dags/new_dags.py                                    1           0  0.12s           2026-03-25T12:01:10
/opt/airflow/dags/extract_data.py                                0           0  0.07s           2026-03-25T12:01:05
================================================================================
[2026-03-25T12:01:59.925+0000] {manager.py:878} INFO - 
================================================================================
DAG File Processing Stats

File Path                               PID    Runtime      # DAGs    # Errors  Last Runtime    Last Run
--------------------------------------  -----  ---------  --------  ----------  --------------  -------------------
/opt/airflow/dags/e_commerce_dw_dag.py                           1           0  0.18s           2026-03-25T12:01:38
/opt/airflow/dags/new_dags.py                                    1           0  0.15s           2026-03-25T12:01:41
/opt/airflow/dags/example.py                                     1           0  0.13s           2026-03-25T12:01:38
/opt/airflow/dags/extract_data.py                                0           0  0.07s           2026-03-25T12:01:36
================================================================================
[2026-03-25T12:02:30.804+0000] {manager.py:878} INFO - 
================================================================================
DAG File Processing Stats

File Path                               PID    Runtime      # DAGs    # Errors  Last Runtime    Last Run
--------------------------------------  -----  ---------  --------  ----------  --------------  -------------------
/opt/airflow/dags/e_commerce_dw_dag.py                           1           0  0.21s           2026-03-25T12:02:09
/opt/airflow/dags/example.py                                     1           0  0.14s           2026-03-25T12:02:09
/opt/airflow/dags/new_dags.py                                    1           0  0.13s           2026-03-25T12:02:12
/opt/airflow/dags/extract_data.py                                0           0  0.11s           2026-03-25T12:02:07
================================================================================
[2026-03-25T12:03:00.822+0000] {manager.py:878} INFO - 
================================================================================
DAG File Processing Stats

File Path                               PID    Runtime      # DAGs    # Errors  Last Runtime    Last Run
--------------------------------------  -----  ---------  --------  ----------  --------------  -------------------
/opt/airflow/dags/e_commerce_dw_dag.py                           1           0  0.25s           2026-03-25T12:02:40
/opt/airflow/dags/example.py                                     1           0  0.18s           2026-03-25T12:02:40
/opt/airflow/dags/new_dags.py                                    1           0  0.16s           2026-03-25T12:02:43
/opt/airflow/dags/extract_data.py                                0           0  0.09s           2026-03-25T12:02:38
================================================================================
[2026-03-25T12:03:31.473+0000] {manager.py:878} INFO - 
================================================================================
DAG File Processing Stats

File Path                               PID    Runtime      # DAGs    # Errors  Last Runtime    Last Run
--------------------------------------  -----  ---------  --------  ----------  --------------  -------------------
/opt/airflow/dags/e_commerce_dw_dag.py                           1           0  0.17s           2026-03-25T12:03:11
/opt/airflow/dags/new_dags.py                                    1           0  0.14s           2026-03-25T12:03:14
/opt/airflow/dags/example.py                                     1           0  0.13s           2026-03-25T12:03:11
/opt/airflow/dags/extract_data.py                                0           0  0.10s           2026-03-25T12:03:08
================================================================================
[2026-03-25T12:03:33.646+0000] {manager.py:737} INFO - Searching for files in /opt/airflow/dags
[2026-03-25T12:03:33.776+0000] {manager.py:740} INFO - There are 4 files in /opt/airflow/dags
[2026-03-25T12:04:02.253+0000] {manager.py:878} INFO - 
================================================================================
DAG File Processing Stats

File Path                               PID    Runtime      # DAGs    # Errors  Last Runtime    Last Run
--------------------------------------  -----  ---------  --------  ----------  --------------  -------------------
/opt/airflow/dags/e_commerce_dw_dag.py                           1           0  0.18s           2026-03-25T12:03:41
/opt/airflow/dags/new_dags.py                                    1           0  0.13s           2026-03-25T12:03:45
/opt/airflow/dags/example.py                                     1           0  0.13s           2026-03-25T12:03:41
/opt/airflow/dags/extract_data.py                                0           0  0.07s           2026-03-25T12:03:39
================================================================================
[2026-03-25T12:04:33.167+0000] {manager.py:878} INFO - 
================================================================================
DAG File Processing Stats

File Path                               PID    Runtime      # DAGs    # Errors  Last Runtime    Last Run
--------------------------------------  -----  ---------  --------  ----------  --------------  -------------------
/opt/airflow/dags/e_commerce_dw_dag.py                           1           0  0.17s           2026-03-25T12:04:12
/opt/airflow/dags/new_dags.py                                    1           0  0.14s           2026-03-25T12:04:15
/opt/airflow/dags/example.py                                     1           0  0.12s           2026-03-25T12:04:12
/opt/airflow/dags/extract_data.py                                0           0  0.07s           2026-03-25T12:04:10
================================================================================
[2026-03-25T12:05:03.999+0000] {manager.py:878} INFO - 
================================================================================
DAG File Processing Stats

File Path                               PID    Runtime      # DAGs    # Errors  Last Runtime    Last Run
--------------------------------------  -----  ---------  --------  ----------  --------------  -------------------
/opt/airflow/dags/e_commerce_dw_dag.py                           1           0  0.17s           2026-03-25T12:04:43
/opt/airflow/dags/new_dags.py                                    1           0  0.13s           2026-03-25T12:04:46
/opt/airflow/dags/example.py                                     1           0  0.13s           2026-03-25T12:04:43
/opt/airflow/dags/extract_data.py                                0           0  0.08s           2026-03-25T12:04:41
================================================================================
[2026-03-25T12:05:34.032+0000] {manager.py:878} INFO - 
================================================================================
DAG File Processing Stats

File Path                               PID    Runtime      # DAGs    # Errors  Last Runtime    Last Run
--------------------------------------  -----  ---------  --------  ----------  --------------  -------------------
/opt/airflow/dags/new_dags.py                                    1           0  0.16s           2026-03-25T12:05:17
/opt/airflow/dags/e_commerce_dw_dag.py                           1           0  0.16s           2026-03-25T12:05:14
/opt/airflow/dags/example.py                                     1           0  0.14s           2026-03-25T12:05:14
/opt/airflow/dags/extract_data.py                                0           0  0.07s           2026-03-25T12:05:12
================================================================================
[2026-03-25T12:06:04.801+0000] {manager.py:878} INFO - 
================================================================================
DAG File Processing Stats

File Path                               PID    Runtime      # DAGs    # Errors  Last Runtime    Last Run
--------------------------------------  -----  ---------  --------  ----------  --------------  -------------------
/opt/airflow/dags/e_commerce_dw_dag.py                           1           0  0.18s           2026-03-25T12:05:45
/opt/airflow/dags/example.py                                     1           0  0.14s           2026-03-25T12:05:45
/opt/airflow/dags/new_dags.py                                    1           0  0.12s           2026-03-25T12:05:48
/opt/airflow/dags/extract_data.py                                0           0  0.10s           2026-03-25T12:05:43
================================================================================
[2026-03-25T12:06:35.559+0000] {manager.py:878} INFO - 
================================================================================
DAG File Processing Stats

File Path                               PID    Runtime      # DAGs    # Errors  Last Runtime    Last Run
--------------------------------------  -----  ---------  --------  ----------  --------------  -------------------
/opt/airflow/dags/e_commerce_dw_dag.py                           1           0  0.17s           2026-03-25T12:06:16
/opt/airflow/dags/new_dags.py                                    1           0  0.14s           2026-03-25T12:06:19
/opt/airflow/dags/example.py                                     1           0  0.13s           2026-03-25T12:06:16
/opt/airflow/dags/extract_data.py                                0           0  0.06s           2026-03-25T12:06:14
================================================================================
[2026-03-25T12:07:06.373+0000] {manager.py:878} INFO - 
================================================================================
DAG File Processing Stats

File Path                               PID    Runtime      # DAGs    # Errors  Last Runtime    Last Run
--------------------------------------  -----  ---------  --------  ----------  --------------  -------------------
/opt/airflow/dags/e_commerce_dw_dag.py                           1           0  0.29s           2026-03-25T12:06:47
/opt/airflow/dags/example.py                                     1           0  0.18s           2026-03-25T12:06:47
/opt/airflow/dags/extract_data.py                                0           0  0.16s           2026-03-25T12:06:44
/opt/airflow/dags/new_dags.py                                    1           0  0.15s           2026-03-25T12:06:50
================================================================================
[2026-03-25T12:07:37.205+0000] {manager.py:878} INFO - 
================================================================================
DAG File Processing Stats

File Path                               PID    Runtime      # DAGs    # Errors  Last Runtime    Last Run
--------------------------------------  -----  ---------  --------  ----------  --------------  -------------------
/opt/airflow/dags/e_commerce_dw_dag.py                           1           0  0.21s           2026-03-25T12:07:17
/opt/airflow/dags/example.py                                     1           0  0.15s           2026-03-25T12:07:17
/opt/airflow/dags/new_dags.py                                    1           0  0.14s           2026-03-25T12:07:21
/opt/airflow/dags/extract_data.py                                0           0  0.09s           2026-03-25T12:07:15
================================================================================
[2026-03-25T12:08:07.910+0000] {manager.py:878} INFO - 
================================================================================
DAG File Processing Stats

File Path                               PID    Runtime      # DAGs    # Errors  Last Runtime    Last Run
--------------------------------------  -----  ---------  --------  ----------  --------------  -------------------
/opt/airflow/dags/e_commerce_dw_dag.py                           1           0  0.17s           2026-03-25T12:07:48
/opt/airflow/dags/example.py                                     1           0  0.13s           2026-03-25T12:07:48
/opt/airflow/dags/new_dags.py                                    1           0  0.12s           2026-03-25T12:07:51
/opt/airflow/dags/extract_data.py                                0           0  0.08s           2026-03-25T12:07:46
================================================================================
[2026-03-25T12:08:33.714+0000] {manager.py:737} INFO - Searching for files in /opt/airflow/dags
[2026-03-25T12:08:33.861+0000] {manager.py:740} INFO - There are 4 files in /opt/airflow/dags
[2026-03-25T12:08:37.960+0000] {manager.py:878} INFO - 
================================================================================
DAG File Processing Stats

File Path                               PID    Runtime      # DAGs    # Errors  Last Runtime    Last Run
--------------------------------------  -----  ---------  --------  ----------  --------------  -------------------
/opt/airflow/dags/e_commerce_dw_dag.py                           1           0  0.17s           2026-03-25T12:08:19
/opt/airflow/dags/new_dags.py                                    1           0  0.13s           2026-03-25T12:08:22
/opt/airflow/dags/example.py                                     1           0  0.12s           2026-03-25T12:08:19
/opt/airflow/dags/extract_data.py                                0           0  0.10s           2026-03-25T12:08:17
================================================================================
[2026-03-25T12:09:08.476+0000] {manager.py:878} INFO - 
================================================================================
DAG File Processing Stats

File Path                               PID    Runtime      # DAGs    # Errors  Last Runtime    Last Run
--------------------------------------  -----  ---------  --------  ----------  --------------  -------------------
/opt/airflow/dags/e_commerce_dw_dag.py                           1           0  0.17s           2026-03-25T12:08:50
/opt/airflow/dags/new_dags.py                                    1           0  0.15s           2026-03-25T12:08:53
/opt/airflow/dags/example.py                                     1           0  0.13s           2026-03-25T12:08:50
/opt/airflow/dags/extract_data.py                                0           0  0.10s           2026-03-25T12:08:47
================================================================================
[2026-03-25T12:09:39.293+0000] {manager.py:878} INFO - 
================================================================================
DAG File Processing Stats

File Path                               PID    Runtime      # DAGs    # Errors  Last Runtime    Last Run
--------------------------------------  -----  ---------  --------  ----------  --------------  -------------------
/opt/airflow/dags/e_commerce_dw_dag.py                           1           0  0.18s           2026-03-25T12:09:20
/opt/airflow/dags/new_dags.py                                    1           0  0.14s           2026-03-25T12:09:24
/opt/airflow/dags/example.py                                     1           0  0.13s           2026-03-25T12:09:20
/opt/airflow/dags/extract_data.py                                0           0  0.07s           2026-03-25T12:09:18
================================================================================
[2026-03-25T12:10:09.312+0000] {manager.py:878} INFO - 
================================================================================
DAG File Processing Stats

File Path                               PID    Runtime      # DAGs    # Errors  Last Runtime    Last Run
--------------------------------------  -----  ---------  --------  ----------  --------------  -------------------
/opt/airflow/dags/e_commerce_dw_dag.py                           1           0  0.18s           2026-03-25T12:09:51
/opt/airflow/dags/new_dags.py                                    1           0  0.14s           2026-03-25T12:09:55
/opt/airflow/dags/example.py                                     1           0  0.13s           2026-03-25T12:09:51
/opt/airflow/dags/extract_data.py                                0           0  0.09s           2026-03-25T12:09:49
================================================================================
[2026-03-25T12:10:40.009+0000] {manager.py:878} INFO - 
================================================================================
DAG File Processing Stats

File Path                               PID    Runtime      # DAGs    # Errors  Last Runtime    Last Run
--------------------------------------  -----  ---------  --------  ----------  --------------  -------------------
/opt/airflow/dags/e_commerce_dw_dag.py                           1           0  0.17s           2026-03-25T12:10:22
/opt/airflow/dags/new_dags.py                                    1           0  0.15s           2026-03-25T12:10:25
/opt/airflow/dags/example.py                                     1           0  0.13s           2026-03-25T12:10:22
/opt/airflow/dags/extract_data.py                                0           0  0.07s           2026-03-25T12:10:20
================================================================================
[2026-03-25T12:11:10.898+0000] {manager.py:878} INFO - 
================================================================================
DAG File Processing Stats

File Path                               PID    Runtime      # DAGs    # Errors  Last Runtime    Last Run
--------------------------------------  -----  ---------  --------  ----------  --------------  -------------------
/opt/airflow/dags/e_commerce_dw_dag.py                           1           0  0.17s           2026-03-25T12:10:53
/opt/airflow/dags/new_dags.py                                    1           0  0.15s           2026-03-25T12:10:56
/opt/airflow/dags/example.py                                     1           0  0.13s           2026-03-25T12:10:53
/opt/airflow/dags/extract_data.py                                0           0  0.09s           2026-03-25T12:10:51
================================================================================
[2026-03-25T12:11:40.944+0000] {manager.py:878} INFO - 
================================================================================
DAG File Processing Stats

File Path                               PID    Runtime      # DAGs    # Errors  Last Runtime    Last Run
--------------------------------------  -----  ---------  --------  ----------  --------------  -------------------
/opt/airflow/dags/e_commerce_dw_dag.py                           1           0  0.22s           2026-03-25T12:11:24
/opt/airflow/dags/new_dags.py                                    1           0  0.17s           2026-03-25T12:11:27
/opt/airflow/dags/example.py                                     1           0  0.16s           2026-03-25T12:11:24
/opt/airflow/dags/extract_data.py                                0           0  0.11s           2026-03-25T12:11:22
================================================================================
[2026-03-25T12:12:11.720+0000] {manager.py:878} INFO - 
================================================================================
DAG File Processing Stats

File Path                               PID    Runtime      # DAGs    # Errors  Last Runtime    Last Run
--------------------------------------  -----  ---------  --------  ----------  --------------  -------------------
/opt/airflow/dags/e_commerce_dw_dag.py                           1           0  0.19s           2026-03-25T12:11:55
/opt/airflow/dags/example.py                                     1           0  0.13s           2026-03-25T12:11:55
/opt/airflow/dags/new_dags.py                                    1           0  0.12s           2026-03-25T12:11:58
/opt/airflow/dags/extract_data.py                                0           0  0.10s           2026-03-25T12:11:53
================================================================================
[2026-03-25T12:12:42.554+0000] {manager.py:878} INFO - 
================================================================================
DAG File Processing Stats

File Path                               PID    Runtime      # DAGs    # Errors  Last Runtime    Last Run
--------------------------------------  -----  ---------  --------  ----------  --------------  -------------------
/opt/airflow/dags/e_commerce_dw_dag.py                           1           0  0.17s           2026-03-25T12:12:26
/opt/airflow/dags/new_dags.py                                    1           0  0.17s           2026-03-25T12:12:29
/opt/airflow/dags/example.py                                     1           0  0.13s           2026-03-25T12:12:26
/opt/airflow/dags/extract_data.py                                0           0  0.11s           2026-03-25T12:12:24
================================================================================
[2026-03-25T12:13:12.588+0000] {manager.py:878} INFO - 
================================================================================
DAG File Processing Stats

File Path                               PID    Runtime      # DAGs    # Errors  Last Runtime    Last Run
--------------------------------------  -----  ---------  --------  ----------  --------------  -------------------
/opt/airflow/dags/e_commerce_dw_dag.py                           1           0  0.22s           2026-03-25T12:12:57
/opt/airflow/dags/example.py                                     1           0  0.17s           2026-03-25T12:12:57
/opt/airflow/dags/new_dags.py                                    1           0  0.12s           2026-03-25T12:13:00
/opt/airflow/dags/extract_data.py                                0           0  0.11s           2026-03-25T12:12:54
================================================================================
[2026-03-25T12:13:34.236+0000] {manager.py:737} INFO - Searching for files in /opt/airflow/dags
[2026-03-25T12:13:34.363+0000] {manager.py:740} INFO - There are 4 files in /opt/airflow/dags
[2026-03-25T12:13:43.574+0000] {manager.py:878} INFO - 
================================================================================
DAG File Processing Stats

File Path                               PID    Runtime      # DAGs    # Errors  Last Runtime    Last Run
--------------------------------------  -----  ---------  --------  ----------  --------------  -------------------
/opt/airflow/dags/e_commerce_dw_dag.py                           1           0  0.25s           2026-03-25T12:13:28
/opt/airflow/dags/example.py                                     1           0  0.15s           2026-03-25T12:13:28
/opt/airflow/dags/extract_data.py                                0           0  0.14s           2026-03-25T12:13:25
/opt/airflow/dags/new_dags.py                                    1           0  0.13s           2026-03-25T12:13:31
================================================================================
[2026-03-25T12:14:14.384+0000] {manager.py:878} INFO - 
================================================================================
DAG File Processing Stats

File Path                               PID    Runtime      # DAGs    # Errors  Last Runtime    Last Run
--------------------------------------  -----  ---------  --------  ----------  --------------  -------------------
/opt/airflow/dags/e_commerce_dw_dag.py                           1           0  0.17s           2026-03-25T12:13:59
/opt/airflow/dags/new_dags.py                                    1           0  0.13s           2026-03-25T12:14:02
/opt/airflow/dags/example.py                                     1           0  0.13s           2026-03-25T12:13:59
/opt/airflow/dags/extract_data.py                                0           0  0.06s           2026-03-25T12:13:56
================================================================================
[2026-03-25T12:14:45.246+0000] {manager.py:878} INFO - 
================================================================================
DAG File Processing Stats

File Path                               PID    Runtime      # DAGs    # Errors  Last Runtime    Last Run
--------------------------------------  -----  ---------  --------  ----------  --------------  -------------------
/opt/airflow/dags/e_commerce_dw_dag.py                           1           0  0.17s           2026-03-25T12:14:29
/opt/airflow/dags/example.py                                     1           0  0.14s           2026-03-25T12:14:29
/opt/airflow/dags/new_dags.py                                    1           0  0.13s           2026-03-25T12:14:33
/opt/airflow/dags/extract_data.py                                0           0  0.09s           2026-03-25T12:14:27
================================================================================
[2026-03-25T12:15:16.143+0000] {manager.py:878} INFO - 
================================================================================
DAG File Processing Stats

File Path                               PID    Runtime      # DAGs    # Errors  Last Runtime    Last Run
--------------------------------------  -----  ---------  --------  ----------  --------------  -------------------
/opt/airflow/dags/e_commerce_dw_dag.py                           1           0  0.18s           2026-03-25T12:15:00
/opt/airflow/dags/example.py                                     1           0  0.13s           2026-03-25T12:15:00
/opt/airflow/dags/new_dags.py                                    1           0  0.12s           2026-03-25T12:15:03
/opt/airflow/dags/extract_data.py                                0           0  0.08s           2026-03-25T12:14:58
================================================================================
[2026-03-25T12:15:47.008+0000] {manager.py:878} INFO - 
================================================================================
DAG File Processing Stats

File Path                               PID    Runtime      # DAGs    # Errors  Last Runtime    Last Run
--------------------------------------  -----  ---------  --------  ----------  --------------  -------------------
/opt/airflow/dags/e_commerce_dw_dag.py                           1           0  0.17s           2026-03-25T12:15:31
/opt/airflow/dags/new_dags.py                                    1           0  0.15s           2026-03-25T12:15:34
/opt/airflow/dags/example.py                                     1           0  0.13s           2026-03-25T12:15:31
/opt/airflow/dags/extract_data.py                                0           0  0.06s           2026-03-25T12:15:29
================================================================================
[2026-03-25T12:16:17.796+0000] {manager.py:878} INFO - 
================================================================================
DAG File Processing Stats

File Path                               PID    Runtime      # DAGs    # Errors  Last Runtime    Last Run
--------------------------------------  -----  ---------  --------  ----------  --------------  -------------------
/opt/airflow/dags/new_dags.py                                    1           0  0.20s           2026-03-25T12:16:05
/opt/airflow/dags/e_commerce_dw_dag.py                           1           0  0.17s           2026-03-25T12:16:02
/opt/airflow/dags/example.py                                     1           0  0.12s           2026-03-25T12:16:02
/opt/airflow/dags/extract_data.py                                0           0  0.07s           2026-03-25T12:16:00
================================================================================
[2026-03-25T12:16:48.586+0000] {manager.py:878} INFO - 
================================================================================
DAG File Processing Stats

File Path                               PID    Runtime      # DAGs    # Errors  Last Runtime    Last Run
--------------------------------------  -----  ---------  --------  ----------  --------------  -------------------
/opt/airflow/dags/e_commerce_dw_dag.py                           1           0  0.17s           2026-03-25T12:16:33
/opt/airflow/dags/new_dags.py                                    1           0  0.13s           2026-03-25T12:16:36
/opt/airflow/dags/example.py                                     1           0  0.12s           2026-03-25T12:16:33
/opt/airflow/dags/extract_data.py                                0           0  0.10s           2026-03-25T12:16:31
================================================================================
[2026-03-25T12:17:19.352+0000] {manager.py:878} INFO - 
================================================================================
DAG File Processing Stats

File Path                               PID    Runtime      # DAGs    # Errors  Last Runtime    Last Run
--------------------------------------  -----  ---------  --------  ----------  --------------  -------------------
/opt/airflow/dags/e_commerce_dw_dag.py                           1           0  0.17s           2026-03-25T12:17:04
/opt/airflow/dags/new_dags.py                                    1           0  0.13s           2026-03-25T12:17:07
/opt/airflow/dags/example.py                                     1           0  0.13s           2026-03-25T12:17:04
/opt/airflow/dags/extract_data.py                                0           0  0.07s           2026-03-25T12:17:01
================================================================================
[2026-03-25T12:17:50.159+0000] {manager.py:878} INFO - 
================================================================================
DAG File Processing Stats

File Path                               PID    Runtime      # DAGs    # Errors  Last Runtime    Last Run
--------------------------------------  -----  ---------  --------  ----------  --------------  -------------------
/opt/airflow/dags/e_commerce_dw_dag.py                           1           0  0.17s           2026-03-25T12:17:34
/opt/airflow/dags/new_dags.py                                    1           0  0.17s           2026-03-25T12:17:38
/opt/airflow/dags/example.py                                     1           0  0.12s           2026-03-25T12:17:34
/opt/airflow/dags/extract_data.py                                0           0  0.10s           2026-03-25T12:17:32
================================================================================
[2026-03-25T12:18:21.061+0000] {manager.py:878} INFO - 
================================================================================
DAG File Processing Stats

File Path                               PID    Runtime      # DAGs    # Errors  Last Runtime    Last Run
--------------------------------------  -----  ---------  --------  ----------  --------------  -------------------
/opt/airflow/dags/e_commerce_dw_dag.py                           1           0  0.20s           2026-03-25T12:18:05
/opt/airflow/dags/example.py                                     1           0  0.13s           2026-03-25T12:18:05
/opt/airflow/dags/new_dags.py                                    1           0  0.12s           2026-03-25T12:18:08
/opt/airflow/dags/extract_data.py                                0           0  0.07s           2026-03-25T12:18:03
================================================================================
[2026-03-25T12:18:34.282+0000] {manager.py:737} INFO - Searching for files in /opt/airflow/dags
[2026-03-25T12:18:34.459+0000] {manager.py:740} INFO - There are 4 files in /opt/airflow/dags
[2026-03-25T12:18:51.173+0000] {manager.py:878} INFO - 
================================================================================
DAG File Processing Stats

File Path                               PID    Runtime      # DAGs    # Errors  Last Runtime    Last Run
--------------------------------------  -----  ---------  --------  ----------  --------------  -------------------
/opt/airflow/dags/e_commerce_dw_dag.py                           1           0  0.17s           2026-03-25T12:18:36
/opt/airflow/dags/new_dags.py                                    1           0  0.15s           2026-03-25T12:18:39
/opt/airflow/dags/example.py                                     1           0  0.13s           2026-03-25T12:18:36
/opt/airflow/dags/extract_data.py                                0           0  0.05s           2026-03-25T12:18:34
================================================================================
[2026-03-25T12:19:21.835+0000] {manager.py:878} INFO - 
================================================================================
DAG File Processing Stats

File Path                               PID    Runtime      # DAGs    # Errors  Last Runtime    Last Run
--------------------------------------  -----  ---------  --------  ----------  --------------  -------------------
/opt/airflow/dags/e_commerce_dw_dag.py                           1           0  0.17s           2026-03-25T12:19:07
/opt/airflow/dags/example.py                                     1           0  0.13s           2026-03-25T12:19:07
/opt/airflow/dags/new_dags.py                                    1           0  0.13s           2026-03-25T12:19:10
/opt/airflow/dags/extract_data.py                                0           0  0.07s           2026-03-25T12:19:05
================================================================================
[2026-03-25T12:19:52.639+0000] {manager.py:878} INFO - 
================================================================================
DAG File Processing Stats

File Path                               PID    Runtime      # DAGs    # Errors  Last Runtime    Last Run
--------------------------------------  -----  ---------  --------  ----------  --------------  -------------------
/opt/airflow/dags/e_commerce_dw_dag.py                           1           0  0.22s           2026-03-25T12:19:38
/opt/airflow/dags/example.py                                     1           0  0.14s           2026-03-25T12:19:38
/opt/airflow/dags/new_dags.py                                    1           0  0.13s           2026-03-25T12:19:41
/opt/airflow/dags/extract_data.py                                0           0  0.09s           2026-03-25T12:19:36
================================================================================
[2026-03-25T12:20:23.483+0000] {manager.py:878} INFO - 
================================================================================
DAG File Processing Stats

File Path                               PID    Runtime      # DAGs    # Errors  Last Runtime    Last Run
--------------------------------------  -----  ---------  --------  ----------  --------------  -------------------
/opt/airflow/dags/e_commerce_dw_dag.py                           1           0  0.17s           2026-03-25T12:20:09
/opt/airflow/dags/example.py                                     1           0  0.13s           2026-03-25T12:20:09
/opt/airflow/dags/new_dags.py                                    1           0  0.13s           2026-03-25T12:20:12
/opt/airflow/dags/extract_data.py                                0           0  0.07s           2026-03-25T12:20:06
================================================================================
[2026-03-25T12:20:53.513+0000] {manager.py:878} INFO - 
================================================================================
DAG File Processing Stats

File Path                               PID    Runtime      # DAGs    # Errors  Last Runtime    Last Run
--------------------------------------  -----  ---------  --------  ----------  --------------  -------------------
/opt/airflow/dags/e_commerce_dw_dag.py                           1           0  0.21s           2026-03-25T12:20:40
/opt/airflow/dags/example.py                                     1           0  0.15s           2026-03-25T12:20:40
/opt/airflow/dags/new_dags.py                                    1           0  0.14s           2026-03-25T12:20:43
/opt/airflow/dags/extract_data.py                                0           0  0.07s           2026-03-25T12:20:37
================================================================================
[2026-03-25T12:21:24.159+0000] {manager.py:878} INFO - 
================================================================================
DAG File Processing Stats

File Path                               PID    Runtime      # DAGs    # Errors  Last Runtime    Last Run
--------------------------------------  -----  ---------  --------  ----------  --------------  -------------------
/opt/airflow/dags/e_commerce_dw_dag.py                           1           0  0.17s           2026-03-25T12:21:10
/opt/airflow/dags/new_dags.py                                    1           0  0.15s           2026-03-25T12:21:14
/opt/airflow/dags/example.py                                     1           0  0.13s           2026-03-25T12:21:10
/opt/airflow/dags/extract_data.py                                0           0  0.06s           2026-03-25T12:21:08
================================================================================
[2026-03-25T12:21:55.005+0000] {manager.py:878} INFO - 
================================================================================
DAG File Processing Stats

File Path                               PID    Runtime      # DAGs    # Errors  Last Runtime    Last Run
--------------------------------------  -----  ---------  --------  ----------  --------------  -------------------
/opt/airflow/dags/e_commerce_dw_dag.py                           1           0  0.20s           2026-03-25T12:21:41
/opt/airflow/dags/example.py                                     1           0  0.14s           2026-03-25T12:21:41
/opt/airflow/dags/new_dags.py                                    1           0  0.13s           2026-03-25T12:21:44
/opt/airflow/dags/extract_data.py                                0           0  0.11s           2026-03-25T12:21:39
================================================================================
[2026-03-25T12:22:25.800+0000] {manager.py:878} INFO - 
================================================================================
DAG File Processing Stats

File Path                               PID    Runtime      # DAGs    # Errors  Last Runtime    Last Run
--------------------------------------  -----  ---------  --------  ----------  --------------  -------------------
/opt/airflow/dags/e_commerce_dw_dag.py                           1           0  0.17s           2026-03-25T12:22:12
/opt/airflow/dags/new_dags.py                                    1           0  0.13s           2026-03-25T12:22:15
/opt/airflow/dags/example.py                                     1           0  0.12s           2026-03-25T12:22:12
/opt/airflow/dags/extract_data.py                                0           0  0.08s           2026-03-25T12:22:10
================================================================================
[2026-03-25T12:22:56.658+0000] {manager.py:878} INFO - 
================================================================================
DAG File Processing Stats

File Path                               PID    Runtime      # DAGs    # Errors  Last Runtime    Last Run
--------------------------------------  -----  ---------  --------  ----------  --------------  -------------------
/opt/airflow/dags/e_commerce_dw_dag.py                           1           0  0.17s           2026-03-25T12:22:43
/opt/airflow/dags/new_dags.py                                    1           0  0.14s           2026-03-25T12:22:46
/opt/airflow/dags/example.py                                     1           0  0.14s           2026-03-25T12:22:43
/opt/airflow/dags/extract_data.py                                0           0  0.07s           2026-03-25T12:22:41
================================================================================
[2026-03-25T12:23:27.545+0000] {manager.py:878} INFO - 
================================================================================
DAG File Processing Stats

File Path                               PID    Runtime      # DAGs    # Errors  Last Runtime    Last Run
--------------------------------------  -----  ---------  --------  ----------  --------------  -------------------
/opt/airflow/dags/e_commerce_dw_dag.py                           1           0  0.17s           2026-03-25T12:23:14
/opt/airflow/dags/new_dags.py                                    1           0  0.13s           2026-03-25T12:23:17
/opt/airflow/dags/example.py                                     1           0  0.13s           2026-03-25T12:23:14
/opt/airflow/dags/extract_data.py                                0           0  0.08s           2026-03-25T12:23:12
================================================================================
[2026-03-25T12:23:34.678+0000] {manager.py:737} INFO - Searching for files in /opt/airflow/dags
[2026-03-25T12:23:34.835+0000] {manager.py:740} INFO - There are 4 files in /opt/airflow/dags
[2026-03-25T12:23:57.685+0000] {manager.py:878} INFO - 
================================================================================
DAG File Processing Stats

File Path                               PID    Runtime      # DAGs    # Errors  Last Runtime    Last Run
--------------------------------------  -----  ---------  --------  ----------  --------------  -------------------
/opt/airflow/dags/e_commerce_dw_dag.py                           1           0  0.17s           2026-03-25T12:23:45
/opt/airflow/dags/new_dags.py                                    1           0  0.15s           2026-03-25T12:23:48
/opt/airflow/dags/example.py                                     1           0  0.13s           2026-03-25T12:23:45
/opt/airflow/dags/extract_data.py                                0           0  0.07s           2026-03-25T12:23:43
================================================================================
[2026-03-25T12:24:28.463+0000] {manager.py:878} INFO - 
================================================================================
DAG File Processing Stats

File Path                               PID    Runtime      # DAGs    # Errors  Last Runtime    Last Run
--------------------------------------  -----  ---------  --------  ----------  --------------  -------------------
/opt/airflow/dags/e_commerce_dw_dag.py                           1           0  0.27s           2026-03-25T12:24:16
/opt/airflow/dags/example.py                                     1           0  0.21s           2026-03-25T12:24:16
/opt/airflow/dags/new_dags.py                                    1           0  0.12s           2026-03-25T12:24:19
/opt/airflow/dags/extract_data.py                                0           0  0.09s           2026-03-25T12:24:13
================================================================================
[2026-03-25T12:24:59.325+0000] {manager.py:878} INFO - 
================================================================================
DAG File Processing Stats

File Path                               PID    Runtime      # DAGs    # Errors  Last Runtime    Last Run
--------------------------------------  -----  ---------  --------  ----------  --------------  -------------------
/opt/airflow/dags/e_commerce_dw_dag.py                           1           0  0.18s           2026-03-25T12:24:47
/opt/airflow/dags/new_dags.py                                    1           0  0.14s           2026-03-25T12:24:50
/opt/airflow/dags/example.py                                     1           0  0.12s           2026-03-25T12:24:47
/opt/airflow/dags/extract_data.py                                0           0  0.09s           2026-03-25T12:24:44
================================================================================
[2026-03-25T12:25:29.331+0000] {manager.py:878} INFO - 
================================================================================
DAG File Processing Stats

File Path                               PID    Runtime      # DAGs    # Errors  Last Runtime    Last Run
--------------------------------------  -----  ---------  --------  ----------  --------------  -------------------
/opt/airflow/dags/e_commerce_dw_dag.py                           1           0  0.16s           2026-03-25T12:25:17
/opt/airflow/dags/new_dags.py                                    1           0  0.14s           2026-03-25T12:25:21
/opt/airflow/dags/example.py                                     1           0  0.13s           2026-03-25T12:25:17
/opt/airflow/dags/extract_data.py                                0           0  0.07s           2026-03-25T12:25:15
================================================================================
[2026-03-25T12:25:59.994+0000] {manager.py:878} INFO - 
================================================================================
DAG File Processing Stats

File Path                               PID    Runtime      # DAGs    # Errors  Last Runtime    Last Run
--------------------------------------  -----  ---------  --------  ----------  --------------  -------------------
/opt/airflow/dags/e_commerce_dw_dag.py                           1           0  0.20s           2026-03-25T12:25:48
/opt/airflow/dags/new_dags.py                                    1           0  0.15s           2026-03-25T12:25:51
/opt/airflow/dags/example.py                                     1           0  0.14s           2026-03-25T12:25:48
/opt/airflow/dags/extract_data.py                                0           0  0.09s           2026-03-25T12:25:46
================================================================================
[2026-03-25T12:26:30.799+0000] {manager.py:878} INFO - 
================================================================================
DAG File Processing Stats

File Path                               PID    Runtime      # DAGs    # Errors  Last Runtime    Last Run
--------------------------------------  -----  ---------  --------  ----------  --------------  -------------------
/opt/airflow/dags/e_commerce_dw_dag.py                           1           0  0.17s           2026-03-25T12:26:19
/opt/airflow/dags/new_dags.py                                    1           0  0.16s           2026-03-25T12:26:22
/opt/airflow/dags/example.py                                     1           0  0.13s           2026-03-25T12:26:19
/opt/airflow/dags/extract_data.py                                0           0  0.07s           2026-03-25T12:26:17
================================================================================
[2026-03-25T12:27:01.651+0000] {manager.py:878} INFO - 
================================================================================
DAG File Processing Stats

File Path                               PID    Runtime      # DAGs    # Errors  Last Runtime    Last Run
--------------------------------------  -----  ---------  --------  ----------  --------------  -------------------
/opt/airflow/dags/e_commerce_dw_dag.py                           1           0  0.17s           2026-03-25T12:26:50
/opt/airflow/dags/example.py                                     1           0  0.13s           2026-03-25T12:26:50
/opt/airflow/dags/new_dags.py                                    1           0  0.13s           2026-03-25T12:26:53
/opt/airflow/dags/extract_data.py                                0           0  0.11s           2026-03-25T12:26:48
================================================================================
[2026-03-25T12:27:32.514+0000] {manager.py:878} INFO - 
================================================================================
DAG File Processing Stats

File Path                               PID    Runtime      # DAGs    # Errors  Last Runtime    Last Run
--------------------------------------  -----  ---------  --------  ----------  --------------  -------------------
/opt/airflow/dags/e_commerce_dw_dag.py                           1           0  0.17s           2026-03-25T12:27:21
/opt/airflow/dags/new_dags.py                                    1           0  0.14s           2026-03-25T12:27:24
/opt/airflow/dags/example.py                                     1           0  0.12s           2026-03-25T12:27:21
/opt/airflow/dags/extract_data.py                                0           0  0.10s           2026-03-25T12:27:19
================================================================================
[2026-03-25T12:28:03.292+0000] {manager.py:878} INFO - 
================================================================================
DAG File Processing Stats

File Path                               PID    Runtime      # DAGs    # Errors  Last Runtime    Last Run
--------------------------------------  -----  ---------  --------  ----------  --------------  -------------------
/opt/airflow/dags/e_commerce_dw_dag.py                           1           0  0.18s           2026-03-25T12:27:52
/opt/airflow/dags/new_dags.py                                    1           0  0.14s           2026-03-25T12:27:55
/opt/airflow/dags/example.py                                     1           0  0.13s           2026-03-25T12:27:52
/opt/airflow/dags/extract_data.py                                0           0  0.08s           2026-03-25T12:27:49
================================================================================
[2026-03-25T12:28:33.382+0000] {manager.py:878} INFO - 
================================================================================
DAG File Processing Stats

File Path                               PID    Runtime      # DAGs    # Errors  Last Runtime    Last Run
--------------------------------------  -----  ---------  --------  ----------  --------------  -------------------
/opt/airflow/dags/new_dags.py                                    1           0  0.20s           2026-03-25T12:28:26
/opt/airflow/dags/e_commerce_dw_dag.py                           1           0  0.18s           2026-03-25T12:28:22
/opt/airflow/dags/example.py                                     1           0  0.13s           2026-03-25T12:28:22
/opt/airflow/dags/extract_data.py                                0           0  0.08s           2026-03-25T12:28:20
================================================================================
[2026-03-25T12:28:35.248+0000] {manager.py:737} INFO - Searching for files in /opt/airflow/dags
[2026-03-25T12:28:35.409+0000] {manager.py:740} INFO - There are 4 files in /opt/airflow/dags
[2026-03-25T12:29:04.206+0000] {manager.py:878} INFO - 
================================================================================
DAG File Processing Stats

File Path                               PID    Runtime      # DAGs    # Errors  Last Runtime    Last Run
--------------------------------------  -----  ---------  --------  ----------  --------------  -------------------
/opt/airflow/dags/e_commerce_dw_dag.py                           1           0  0.17s           2026-03-25T12:28:54
/opt/airflow/dags/new_dags.py                                    1           0  0.13s           2026-03-25T12:28:57
/opt/airflow/dags/example.py                                     1           0  0.13s           2026-03-25T12:28:53
/opt/airflow/dags/extract_data.py                                0           0  0.07s           2026-03-25T12:28:51
================================================================================
[2026-03-25T12:29:34.232+0000] {manager.py:878} INFO - 
================================================================================
DAG File Processing Stats

File Path                               PID    Runtime      # DAGs    # Errors  Last Runtime    Last Run
--------------------------------------  -----  ---------  --------  ----------  --------------  -------------------
/opt/airflow/dags/e_commerce_dw_dag.py                           1           0  0.18s           2026-03-25T12:29:24
/opt/airflow/dags/new_dags.py                                    1           0  0.15s           2026-03-25T12:29:28
/opt/airflow/dags/example.py                                     1           0  0.13s           2026-03-25T12:29:24
/opt/airflow/dags/extract_data.py                                0           0  0.08s           2026-03-25T12:29:22
================================================================================
[2026-03-25T12:30:04.825+0000] {manager.py:878} INFO - 
================================================================================
DAG File Processing Stats

File Path                               PID    Runtime      # DAGs    # Errors  Last Runtime    Last Run
--------------------------------------  -----  ---------  --------  ----------  --------------  -------------------
/opt/airflow/dags/e_commerce_dw_dag.py                           1           0  0.17s           2026-03-25T12:29:55
/opt/airflow/dags/new_dags.py                                    1           0  0.15s           2026-03-25T12:29:58
/opt/airflow/dags/example.py                                     1           0  0.13s           2026-03-25T12:29:55
/opt/airflow/dags/extract_data.py                                0           0  0.08s           2026-03-25T12:29:53
================================================================================
[2026-03-25T12:30:35.717+0000] {manager.py:878} INFO - 
================================================================================
DAG File Processing Stats

File Path                               PID    Runtime      # DAGs    # Errors  Last Runtime    Last Run
--------------------------------------  -----  ---------  --------  ----------  --------------  -------------------
/opt/airflow/dags/e_commerce_dw_dag.py                           1           0  0.21s           2026-03-25T12:30:26
/opt/airflow/dags/new_dags.py                                    1           0  0.14s           2026-03-25T12:30:29
/opt/airflow/dags/example.py                                     1           0  0.13s           2026-03-25T12:30:26
/opt/airflow/dags/extract_data.py                                0           0  0.09s           2026-03-25T12:30:24
================================================================================
[2026-03-25T12:31:05.746+0000] {manager.py:878} INFO - 
================================================================================
DAG File Processing Stats

File Path                               PID    Runtime      # DAGs    # Errors  Last Runtime    Last Run
--------------------------------------  -----  ---------  --------  ----------  --------------  -------------------
/opt/airflow/dags/e_commerce_dw_dag.py                           1           0  0.18s           2026-03-25T12:30:57
/opt/airflow/dags/example.py                                     1           0  0.14s           2026-03-25T12:30:57
/opt/airflow/dags/new_dags.py                                    1           0  0.13s           2026-03-25T12:31:00
/opt/airflow/dags/extract_data.py                                0           0  0.08s           2026-03-25T12:30:55
================================================================================
[2026-03-25T12:31:36.506+0000] {manager.py:878} INFO - 
================================================================================
DAG File Processing Stats

File Path                               PID    Runtime      # DAGs    # Errors  Last Runtime    Last Run
--------------------------------------  -----  ---------  --------  ----------  --------------  -------------------
/opt/airflow/dags/e_commerce_dw_dag.py                           1           0  0.19s           2026-03-25T12:31:28
/opt/airflow/dags/new_dags.py                                    1           0  0.15s           2026-03-25T12:31:31
/opt/airflow/dags/example.py                                     1           0  0.13s           2026-03-25T12:31:28
/opt/airflow/dags/extract_data.py                                0           0  0.09s           2026-03-25T12:31:26
================================================================================
[2026-03-25T12:32:07.383+0000] {manager.py:878} INFO - 
================================================================================
DAG File Processing Stats

File Path                               PID    Runtime      # DAGs    # Errors  Last Runtime    Last Run
--------------------------------------  -----  ---------  --------  ----------  --------------  -------------------
/opt/airflow/dags/e_commerce_dw_dag.py                           1           0  0.17s           2026-03-25T12:31:59
/opt/airflow/dags/new_dags.py                                    1           0  0.15s           2026-03-25T12:32:02
/opt/airflow/dags/example.py                                     1           0  0.13s           2026-03-25T12:31:59
/opt/airflow/dags/extract_data.py                                0           0  0.09s           2026-03-25T12:31:57
================================================================================
[2026-03-25T12:32:38.207+0000] {manager.py:878} INFO - 
================================================================================
DAG File Processing Stats

File Path                               PID    Runtime      # DAGs    # Errors  Last Runtime    Last Run
--------------------------------------  -----  ---------  --------  ----------  --------------  -------------------
/opt/airflow/dags/e_commerce_dw_dag.py                           1           0  0.17s           2026-03-25T12:32:30
/opt/airflow/dags/example.py                                     1           0  0.13s           2026-03-25T12:32:29
/opt/airflow/dags/new_dags.py                                    1           0  0.12s           2026-03-25T12:32:33
/opt/airflow/dags/extract_data.py                                0           0  0.07s           2026-03-25T12:32:27
================================================================================
[2026-03-25T12:33:09.060+0000] {manager.py:878} INFO - 
================================================================================
DAG File Processing Stats

File Path                               PID    Runtime      # DAGs    # Errors  Last Runtime    Last Run
--------------------------------------  -----  ---------  --------  ----------  --------------  -------------------
/opt/airflow/dags/e_commerce_dw_dag.py                           1           0  0.17s           2026-03-25T12:33:00
/opt/airflow/dags/example.py                                     1           0  0.13s           2026-03-25T12:33:00
/opt/airflow/dags/new_dags.py                                    1           0  0.12s           2026-03-25T12:33:04
/opt/airflow/dags/extract_data.py                                0           0  0.10s           2026-03-25T12:32:58
================================================================================
[2026-03-25T12:33:35.723+0000] {manager.py:737} INFO - Searching for files in /opt/airflow/dags
[2026-03-25T12:33:35.864+0000] {manager.py:740} INFO - There are 4 files in /opt/airflow/dags
[2026-03-25T12:33:39.961+0000] {manager.py:878} INFO - 
================================================================================
DAG File Processing Stats

File Path                               PID    Runtime      # DAGs    # Errors  Last Runtime    Last Run
--------------------------------------  -----  ---------  --------  ----------  --------------  -------------------
/opt/airflow/dags/e_commerce_dw_dag.py                           1           0  0.17s           2026-03-25T12:33:31
/opt/airflow/dags/new_dags.py                                    1           0  0.15s           2026-03-25T12:33:34
/opt/airflow/dags/example.py                                     1           0  0.12s           2026-03-25T12:33:31
/opt/airflow/dags/extract_data.py                                0           0  0.09s           2026-03-25T12:33:29
================================================================================
[2026-03-25T12:34:10.842+0000] {manager.py:878} INFO - 
================================================================================
DAG File Processing Stats

File Path                               PID    Runtime      # DAGs    # Errors  Last Runtime    Last Run
--------------------------------------  -----  ---------  --------  ----------  --------------  -------------------
/opt/airflow/dags/e_commerce_dw_dag.py                           1           0  0.17s           2026-03-25T12:34:02
/opt/airflow/dags/example.py                                     1           0  0.13s           2026-03-25T12:34:02
/opt/airflow/dags/new_dags.py                                    1           0  0.13s           2026-03-25T12:34:05
/opt/airflow/dags/extract_data.py                                0           0  0.07s           2026-03-25T12:34:00
================================================================================
[2026-03-25T12:34:41.666+0000] {manager.py:878} INFO - 
================================================================================
DAG File Processing Stats

File Path                               PID    Runtime      # DAGs    # Errors  Last Runtime    Last Run
--------------------------------------  -----  ---------  --------  ----------  --------------  -------------------
/opt/airflow/dags/e_commerce_dw_dag.py                           1           0  0.18s           2026-03-25T12:34:33
/opt/airflow/dags/new_dags.py                                    1           0  0.14s           2026-03-25T12:34:36
/opt/airflow/dags/example.py                                     1           0  0.13s           2026-03-25T12:34:33
/opt/airflow/dags/extract_data.py                                0           0  0.08s           2026-03-25T12:34:31
================================================================================
[2026-03-25T12:35:12.492+0000] {manager.py:878} INFO - 
================================================================================
DAG File Processing Stats

File Path                               PID    Runtime      # DAGs    # Errors  Last Runtime    Last Run
--------------------------------------  -----  ---------  --------  ----------  --------------  -------------------
/opt/airflow/dags/e_commerce_dw_dag.py                           1           0  0.17s           2026-03-25T12:35:04
/opt/airflow/dags/new_dags.py                                    1           0  0.13s           2026-03-25T12:35:07
/opt/airflow/dags/example.py                                     1           0  0.13s           2026-03-25T12:35:04
/opt/airflow/dags/extract_data.py                                0           0  0.07s           2026-03-25T12:35:02
================================================================================
[2026-03-25T12:35:43.386+0000] {manager.py:878} INFO - 
================================================================================
DAG File Processing Stats

File Path                               PID    Runtime      # DAGs    # Errors  Last Runtime    Last Run
--------------------------------------  -----  ---------  --------  ----------  --------------  -------------------
/opt/airflow/dags/e_commerce_dw_dag.py                           1           0  0.17s           2026-03-25T12:35:35
/opt/airflow/dags/new_dags.py                                    1           0  0.13s           2026-03-25T12:35:38
/opt/airflow/dags/example.py                                     1           0  0.13s           2026-03-25T12:35:35
/opt/airflow/dags/extract_data.py                                0           0  0.07s           2026-03-25T12:35:32
================================================================================
[2026-03-25T12:36:14.196+0000] {manager.py:878} INFO - 
================================================================================
DAG File Processing Stats

File Path                               PID    Runtime      # DAGs    # Errors  Last Runtime    Last Run
--------------------------------------  -----  ---------  --------  ----------  --------------  -------------------
/opt/airflow/dags/e_commerce_dw_dag.py                           1           0  0.18s           2026-03-25T12:36:06
/opt/airflow/dags/new_dags.py                                    1           0  0.16s           2026-03-25T12:36:09
/opt/airflow/dags/example.py                                     1           0  0.13s           2026-03-25T12:36:05
/opt/airflow/dags/extract_data.py                                0           0  0.07s           2026-03-25T12:36:03
================================================================================
[2026-03-25T12:36:44.977+0000] {manager.py:878} INFO - 
================================================================================
DAG File Processing Stats

File Path                               PID    Runtime      # DAGs    # Errors  Last Runtime    Last Run
--------------------------------------  -----  ---------  --------  ----------  --------------  -------------------
/opt/airflow/dags/e_commerce_dw_dag.py                           1           0  0.21s           2026-03-25T12:36:36
/opt/airflow/dags/example.py                                     1           0  0.15s           2026-03-25T12:36:36
/opt/airflow/dags/new_dags.py                                    1           0  0.15s           2026-03-25T12:36:40
/opt/airflow/dags/extract_data.py                                0           0  0.06s           2026-03-25T12:36:34
================================================================================
[2026-03-25T12:37:15.038+0000] {manager.py:878} INFO - 
================================================================================
DAG File Processing Stats

File Path                               PID    Runtime      # DAGs    # Errors  Last Runtime    Last Run
--------------------------------------  -----  ---------  --------  ----------  --------------  -------------------
/opt/airflow/dags/e_commerce_dw_dag.py                           1           0  0.18s           2026-03-25T12:37:07
/opt/airflow/dags/example.py                                     1           0  0.14s           2026-03-25T12:37:07
/opt/airflow/dags/new_dags.py                                    1           0  0.12s           2026-03-25T12:37:10
/opt/airflow/dags/extract_data.py                                0           0  0.10s           2026-03-25T12:37:05
================================================================================
[2026-03-25T12:37:45.708+0000] {manager.py:878} INFO - 
================================================================================
DAG File Processing Stats

File Path                               PID    Runtime      # DAGs    # Errors  Last Runtime    Last Run
--------------------------------------  -----  ---------  --------  ----------  --------------  -------------------
/opt/airflow/dags/e_commerce_dw_dag.py                           1           0  0.18s           2026-03-25T12:37:38
/opt/airflow/dags/example.py                                     1           0  0.13s           2026-03-25T12:37:38
/opt/airflow/dags/new_dags.py                                    1           0  0.12s           2026-03-25T12:37:41
/opt/airflow/dags/extract_data.py                                0           0  0.06s           2026-03-25T12:37:36
================================================================================
[2026-03-25T12:38:15.726+0000] {manager.py:878} INFO - 
================================================================================
DAG File Processing Stats

File Path                               PID    Runtime      # DAGs    # Errors  Last Runtime    Last Run
--------------------------------------  -----  ---------  --------  ----------  --------------  -------------------
/opt/airflow/dags/e_commerce_dw_dag.py                           1           0  0.17s           2026-03-25T12:38:09
/opt/airflow/dags/new_dags.py                                    1           0  0.13s           2026-03-25T12:38:12
/opt/airflow/dags/example.py                                     1           0  0.13s           2026-03-25T12:38:09
/opt/airflow/dags/extract_data.py                                0           0  0.07s           2026-03-25T12:38:07
================================================================================
[2026-03-25T12:38:35.949+0000] {manager.py:737} INFO - Searching for files in /opt/airflow/dags
[2026-03-25T12:38:36.093+0000] {manager.py:740} INFO - There are 4 files in /opt/airflow/dags
[2026-03-25T12:38:46.607+0000] {manager.py:878} INFO - 
================================================================================
DAG File Processing Stats

File Path                               PID    Runtime      # DAGs    # Errors  Last Runtime    Last Run
--------------------------------------  -----  ---------  --------  ----------  --------------  -------------------
/opt/airflow/dags/e_commerce_dw_dag.py                           1           0  0.26s           2026-03-25T12:38:40
/opt/airflow/dags/example.py                                     1           0  0.16s           2026-03-25T12:38:40
/opt/airflow/dags/new_dags.py                                    1           0  0.13s           2026-03-25T12:38:43
/opt/airflow/dags/extract_data.py                                0           0  0.07s           2026-03-25T12:38:38
================================================================================
[2026-03-25T12:39:17.446+0000] {manager.py:878} INFO - 
================================================================================
DAG File Processing Stats

File Path                               PID    Runtime      # DAGs    # Errors  Last Runtime    Last Run
--------------------------------------  -----  ---------  --------  ----------  --------------  -------------------
/opt/airflow/dags/e_commerce_dw_dag.py                           1           0  0.17s           2026-03-25T12:39:11
/opt/airflow/dags/new_dags.py                                    1           0  0.15s           2026-03-25T12:39:14
/opt/airflow/dags/example.py                                     1           0  0.13s           2026-03-25T12:39:11
/opt/airflow/dags/extract_data.py                                0           0  0.09s           2026-03-25T12:39:09
================================================================================
[2026-03-25T12:39:48.253+0000] {manager.py:878} INFO - 
================================================================================
DAG File Processing Stats

File Path                               PID    Runtime      # DAGs    # Errors  Last Runtime    Last Run
--------------------------------------  -----  ---------  --------  ----------  --------------  -------------------
/opt/airflow/dags/e_commerce_dw_dag.py                           1           0  0.18s           2026-03-25T12:39:42
/opt/airflow/dags/new_dags.py                                    1           0  0.15s           2026-03-25T12:39:45
/opt/airflow/dags/example.py                                     1           0  0.13s           2026-03-25T12:39:42
/opt/airflow/dags/extract_data.py                                0           0  0.07s           2026-03-25T12:39:39
================================================================================
[2026-03-25T12:40:19.133+0000] {manager.py:878} INFO - 
================================================================================
DAG File Processing Stats

File Path                               PID    Runtime      # DAGs    # Errors  Last Runtime    Last Run
--------------------------------------  -----  ---------  --------  ----------  --------------  -------------------
/opt/airflow/dags/e_commerce_dw_dag.py                           1           0  0.16s           2026-03-25T12:40:12
/opt/airflow/dags/new_dags.py                                    1           0  0.14s           2026-03-25T12:40:16
/opt/airflow/dags/example.py                                     1           0  0.12s           2026-03-25T12:40:12
/opt/airflow/dags/extract_data.py                                0           0  0.10s           2026-03-25T12:40:10
================================================================================
[2026-03-25T12:40:49.924+0000] {manager.py:878} INFO - 
================================================================================
DAG File Processing Stats

File Path                               PID    Runtime      # DAGs    # Errors  Last Runtime    Last Run
--------------------------------------  -----  ---------  --------  ----------  --------------  -------------------
/opt/airflow/dags/e_commerce_dw_dag.py                           1           0  0.18s           2026-03-25T12:40:43
/opt/airflow/dags/example.py                                     1           0  0.13s           2026-03-25T12:40:43
/opt/airflow/dags/new_dags.py                                    1           0  0.12s           2026-03-25T12:40:46
/opt/airflow/dags/extract_data.py                                0           0  0.07s           2026-03-25T12:40:41
================================================================================
[2026-03-25T12:41:20.737+0000] {manager.py:878} INFO - 
================================================================================
DAG File Processing Stats

File Path                               PID    Runtime      # DAGs    # Errors  Last Runtime    Last Run
--------------------------------------  -----  ---------  --------  ----------  --------------  -------------------
/opt/airflow/dags/e_commerce_dw_dag.py                           1           0  0.17s           2026-03-25T12:41:14
/opt/airflow/dags/new_dags.py                                    1           0  0.17s           2026-03-25T12:41:17
/opt/airflow/dags/example.py                                     1           0  0.12s           2026-03-25T12:41:14
/opt/airflow/dags/extract_data.py                                0           0  0.10s           2026-03-25T12:41:12
================================================================================
[2026-03-25T12:41:51.579+0000] {manager.py:878} INFO - 
================================================================================
DAG File Processing Stats

File Path                               PID    Runtime      # DAGs    # Errors  Last Runtime    Last Run
--------------------------------------  -----  ---------  --------  ----------  --------------  -------------------
/opt/airflow/dags/e_commerce_dw_dag.py                           1           0  0.17s           2026-03-25T12:41:45
/opt/airflow/dags/new_dags.py                                    1           0  0.13s           2026-03-25T12:41:48
/opt/airflow/dags/example.py                                     1           0  0.13s           2026-03-25T12:41:45
/opt/airflow/dags/extract_data.py                                0           0  0.06s           2026-03-25T12:41:43
================================================================================
[2026-03-25T12:42:21.579+0000] {manager.py:878} INFO - 
================================================================================
DAG File Processing Stats

File Path                               PID    Runtime      # DAGs    # Errors  Last Runtime    Last Run
--------------------------------------  -----  ---------  --------  ----------  --------------  -------------------
/opt/airflow/dags/e_commerce_dw_dag.py                           1           0  0.22s           2026-03-25T12:42:16
/opt/airflow/dags/new_dags.py                                    1           0  0.16s           2026-03-25T12:42:19
/opt/airflow/dags/example.py                                     1           0  0.15s           2026-03-25T12:42:16
/opt/airflow/dags/extract_data.py                                0           0  0.07s           2026-03-25T12:42:14
================================================================================
[2026-03-25T12:42:52.254+0000] {manager.py:878} INFO - 
================================================================================
DAG File Processing Stats

File Path                               PID    Runtime      # DAGs    # Errors  Last Runtime    Last Run
--------------------------------------  -----  ---------  --------  ----------  --------------  -------------------
/opt/airflow/dags/e_commerce_dw_dag.py                           1           0  0.19s           2026-03-25T12:42:47
/opt/airflow/dags/new_dags.py                                    1           0  0.14s           2026-03-25T12:42:50
/opt/airflow/dags/example.py                                     1           0  0.13s           2026-03-25T12:42:47
/opt/airflow/dags/extract_data.py                                0           0  0.07s           2026-03-25T12:42:44
================================================================================
[2026-03-25T12:43:23.120+0000] {manager.py:878} INFO - 
================================================================================
DAG File Processing Stats

File Path                               PID    Runtime      # DAGs    # Errors  Last Runtime    Last Run
--------------------------------------  -----  ---------  --------  ----------  --------------  -------------------
/opt/airflow/dags/e_commerce_dw_dag.py                           1           0  0.17s           2026-03-25T12:43:17
/opt/airflow/dags/new_dags.py                                    1           0  0.15s           2026-03-25T12:43:21
/opt/airflow/dags/example.py                                     1           0  0.13s           2026-03-25T12:43:17
/opt/airflow/dags/extract_data.py                                0           0  0.08s           2026-03-25T12:43:15
================================================================================
[2026-03-25T12:43:36.368+0000] {manager.py:737} INFO - Searching for files in /opt/airflow/dags
[2026-03-25T12:43:36.509+0000] {manager.py:740} INFO - There are 4 files in /opt/airflow/dags
[2026-03-25T12:43:53.203+0000] {manager.py:878} INFO - 
================================================================================
DAG File Processing Stats

File Path                               PID    Runtime      # DAGs    # Errors  Last Runtime    Last Run
--------------------------------------  -----  ---------  --------  ----------  --------------  -------------------
/opt/airflow/dags/e_commerce_dw_dag.py                           1           0  0.17s           2026-03-25T12:43:48
/opt/airflow/dags/example.py                                     1           0  0.13s           2026-03-25T12:43:48
/opt/airflow/dags/new_dags.py                                    1           0  0.12s           2026-03-25T12:43:52
/opt/airflow/dags/extract_data.py                                0           0  0.07s           2026-03-25T12:43:46
================================================================================
[2026-03-25T12:44:23.912+0000] {manager.py:878} INFO - 
================================================================================
DAG File Processing Stats

File Path                               PID    Runtime      # DAGs    # Errors  Last Runtime    Last Run
--------------------------------------  -----  ---------  --------  ----------  --------------  -------------------
/opt/airflow/dags/e_commerce_dw_dag.py                           1           0  0.21s           2026-03-25T12:44:19
/opt/airflow/dags/example.py                                     1           0  0.15s           2026-03-25T12:44:19
/opt/airflow/dags/new_dags.py                                    1           0  0.14s           2026-03-25T12:44:23
/opt/airflow/dags/extract_data.py                                0           0  0.07s           2026-03-25T12:44:17
================================================================================
[2026-03-25T12:44:53.940+0000] {manager.py:878} INFO - 
================================================================================
DAG File Processing Stats

File Path                               PID    Runtime      # DAGs    # Errors  Last Runtime    Last Run
--------------------------------------  -----  ---------  --------  ----------  --------------  -------------------
/opt/airflow/dags/e_commerce_dw_dag.py                           1           0  0.17s           2026-03-25T12:44:50
/opt/airflow/dags/new_dags.py                                    1           0  0.14s           2026-03-25T12:44:53
/opt/airflow/dags/example.py                                     1           0  0.13s           2026-03-25T12:44:50
/opt/airflow/dags/extract_data.py                                0           0  0.10s           2026-03-25T12:44:48
================================================================================
[2026-03-25T12:45:24.568+0000] {manager.py:878} INFO - 
================================================================================
DAG File Processing Stats

File Path                                 PID  Runtime      # DAGs    # Errors  Last Runtime    Last Run
--------------------------------------  -----  ---------  --------  ----------  --------------  -------------------
/opt/airflow/dags/e_commerce_dw_dag.py                           1           0  0.19s           2026-03-25T12:45:21
/opt/airflow/dags/example.py                                     1           0  0.14s           2026-03-25T12:45:21
/opt/airflow/dags/new_dags.py            4647  0.01s             1           0  0.14s           2026-03-25T12:44:53
/opt/airflow/dags/extract_data.py                                0           0  0.07s           2026-03-25T12:45:19
================================================================================
[2026-03-25T12:45:55.481+0000] {manager.py:878} INFO - 
================================================================================
DAG File Processing Stats

File Path                                 PID  Runtime      # DAGs    # Errors  Last Runtime    Last Run
--------------------------------------  -----  ---------  --------  ----------  --------------  -------------------
/opt/airflow/dags/e_commerce_dw_dag.py                           1           0  0.20s           2026-03-25T12:45:52
/opt/airflow/dags/example.py                                     1           0  0.14s           2026-03-25T12:45:52
/opt/airflow/dags/new_dags.py            4674  0.00s             1           0  0.13s           2026-03-25T12:45:24
/opt/airflow/dags/extract_data.py                                0           0  0.08s           2026-03-25T12:45:50
================================================================================
[2026-03-25T12:46:26.356+0000] {manager.py:878} INFO - 
================================================================================
DAG File Processing Stats

File Path                                 PID  Runtime      # DAGs    # Errors  Last Runtime    Last Run
--------------------------------------  -----  ---------  --------  ----------  --------------  -------------------
/opt/airflow/dags/e_commerce_dw_dag.py                           1           0  0.22s           2026-03-25T12:46:23
/opt/airflow/dags/new_dags.py            4700  0.01s             1           0  0.14s           2026-03-25T12:45:55
/opt/airflow/dags/example.py                                     1           0  0.13s           2026-03-25T12:46:23
/opt/airflow/dags/extract_data.py                                0           0  0.11s           2026-03-25T12:46:21
================================================================================
[2026-03-25T12:46:57.279+0000] {manager.py:878} INFO - 
================================================================================
DAG File Processing Stats

File Path                                 PID  Runtime      # DAGs    # Errors  Last Runtime    Last Run
--------------------------------------  -----  ---------  --------  ----------  --------------  -------------------
/opt/airflow/dags/e_commerce_dw_dag.py                           1           0  0.20s           2026-03-25T12:46:54
/opt/airflow/dags/new_dags.py            4726  0.00s             1           0  0.16s           2026-03-25T12:46:26
/opt/airflow/dags/example.py                                     1           0  0.14s           2026-03-25T12:46:54
/opt/airflow/dags/extract_data.py                                0           0  0.06s           2026-03-25T12:46:51
================================================================================
[2026-03-25T12:47:28.153+0000] {manager.py:878} INFO - 
================================================================================
DAG File Processing Stats

File Path                                 PID  Runtime      # DAGs    # Errors  Last Runtime    Last Run
--------------------------------------  -----  ---------  --------  ----------  --------------  -------------------
/opt/airflow/dags/e_commerce_dw_dag.py                           1           0  0.19s           2026-03-25T12:47:25
/opt/airflow/dags/example.py                                     1           0  0.13s           2026-03-25T12:47:25
/opt/airflow/dags/new_dags.py            4752  0.01s             1           0  0.12s           2026-03-25T12:46:57
/opt/airflow/dags/extract_data.py                                0           0  0.08s           2026-03-25T12:47:22
================================================================================
[2026-03-25T12:47:58.946+0000] {manager.py:878} INFO - 
================================================================================
DAG File Processing Stats

File Path                                 PID  Runtime      # DAGs    # Errors  Last Runtime    Last Run
--------------------------------------  -----  ---------  --------  ----------  --------------  -------------------
/opt/airflow/dags/e_commerce_dw_dag.py                           1           0  0.17s           2026-03-25T12:47:55
/opt/airflow/dags/new_dags.py            4778  0.00s             1           0  0.12s           2026-03-25T12:47:28
/opt/airflow/dags/example.py                                     1           0  0.12s           2026-03-25T12:47:55
/opt/airflow/dags/extract_data.py                                0           0  0.07s           2026-03-25T12:47:53
================================================================================
[2026-03-25T12:48:29.785+0000] {manager.py:878} INFO - 
================================================================================
DAG File Processing Stats

File Path                                 PID  Runtime      # DAGs    # Errors  Last Runtime    Last Run
--------------------------------------  -----  ---------  --------  ----------  --------------  -------------------
/opt/airflow/dags/e_commerce_dw_dag.py                           1           0  0.18s           2026-03-25T12:48:26
/opt/airflow/dags/new_dags.py            4804  0.00s             1           0  0.15s           2026-03-25T12:47:59
/opt/airflow/dags/example.py                                     1           0  0.12s           2026-03-25T12:48:26
/opt/airflow/dags/extract_data.py                                0           0  0.06s           2026-03-25T12:48:24
================================================================================
[2026-03-25T12:48:36.927+0000] {manager.py:737} INFO - Searching for files in /opt/airflow/dags
[2026-03-25T12:48:37.045+0000] {manager.py:740} INFO - There are 4 files in /opt/airflow/dags
[2026-03-25T12:49:00.720+0000] {manager.py:878} INFO - 
================================================================================
DAG File Processing Stats

File Path                                 PID  Runtime      # DAGs    # Errors  Last Runtime    Last Run
--------------------------------------  -----  ---------  --------  ----------  --------------  -------------------
/opt/airflow/dags/e_commerce_dw_dag.py                           1           0  0.16s           2026-03-25T12:48:57
/opt/airflow/dags/new_dags.py            4830  0.00s             1           0  0.14s           2026-03-25T12:48:29
/opt/airflow/dags/example.py                                     1           0  0.12s           2026-03-25T12:48:57
/opt/airflow/dags/extract_data.py                                0           0  0.09s           2026-03-25T12:48:55
================================================================================
[2026-03-25T12:49:31.650+0000] {manager.py:878} INFO - 
================================================================================
DAG File Processing Stats

File Path                                 PID  Runtime      # DAGs    # Errors  Last Runtime    Last Run
--------------------------------------  -----  ---------  --------  ----------  --------------  -------------------
/opt/airflow/dags/e_commerce_dw_dag.py                           1           0  0.18s           2026-03-25T12:49:28
/opt/airflow/dags/new_dags.py            4856  0.00s             1           0  0.15s           2026-03-25T12:49:00
/opt/airflow/dags/example.py                                     1           0  0.13s           2026-03-25T12:49:28
/opt/airflow/dags/extract_data.py                                0           0  0.09s           2026-03-25T12:49:26
================================================================================
[2026-03-25T12:50:02.475+0000] {manager.py:878} INFO - 
================================================================================
DAG File Processing Stats

File Path                                 PID  Runtime      # DAGs    # Errors  Last Runtime    Last Run
--------------------------------------  -----  ---------  --------  ----------  --------------  -------------------
/opt/airflow/dags/e_commerce_dw_dag.py                           1           0  0.20s           2026-03-25T12:49:59
/opt/airflow/dags/example.py                                     1           0  0.15s           2026-03-25T12:49:59
/opt/airflow/dags/new_dags.py            4882  0.00s             1           0  0.14s           2026-03-25T12:49:31
/opt/airflow/dags/extract_data.py                                0           0  0.10s           2026-03-25T12:49:57
================================================================================
[2026-03-25T12:50:33.375+0000] {manager.py:878} INFO - 
================================================================================
DAG File Processing Stats

File Path                                 PID  Runtime      # DAGs    # Errors  Last Runtime    Last Run
--------------------------------------  -----  ---------  --------  ----------  --------------  -------------------
/opt/airflow/dags/e_commerce_dw_dag.py                           1           0  0.18s           2026-03-25T12:50:30
/opt/airflow/dags/new_dags.py            4908  0.00s             1           0  0.14s           2026-03-25T12:50:02
/opt/airflow/dags/example.py                                     1           0  0.13s           2026-03-25T12:50:30
/opt/airflow/dags/extract_data.py                                0           0  0.09s           2026-03-25T12:50:28
================================================================================
[2026-03-25T12:51:04.187+0000] {manager.py:878} INFO - 
================================================================================
DAG File Processing Stats

File Path                                 PID  Runtime      # DAGs    # Errors  Last Runtime    Last Run
--------------------------------------  -----  ---------  --------  ----------  --------------  -------------------
/opt/airflow/dags/e_commerce_dw_dag.py                           1           0  0.17s           2026-03-25T12:51:01
/opt/airflow/dags/new_dags.py            4934  0.00s             1           0  0.13s           2026-03-25T12:50:33
/opt/airflow/dags/example.py                                     1           0  0.12s           2026-03-25T12:51:01
/opt/airflow/dags/extract_data.py                                0           0  0.06s           2026-03-25T12:50:58
================================================================================
[2026-03-25T12:51:34.941+0000] {manager.py:878} INFO - 
================================================================================
DAG File Processing Stats

File Path                                 PID  Runtime      # DAGs    # Errors  Last Runtime    Last Run
--------------------------------------  -----  ---------  --------  ----------  --------------  -------------------
/opt/airflow/dags/e_commerce_dw_dag.py                           1           0  0.17s           2026-03-25T12:51:31
/opt/airflow/dags/new_dags.py            4960  0.00s             1           0  0.13s           2026-03-25T12:51:04
/opt/airflow/dags/example.py                                     1           0  0.13s           2026-03-25T12:51:31
/opt/airflow/dags/extract_data.py                                0           0  0.10s           2026-03-25T12:51:29
================================================================================
[2026-03-25T12:52:05.808+0000] {manager.py:878} INFO - 
================================================================================
DAG File Processing Stats

File Path                                 PID  Runtime      # DAGs    # Errors  Last Runtime    Last Run
--------------------------------------  -----  ---------  --------  ----------  --------------  -------------------
/opt/airflow/dags/e_commerce_dw_dag.py                           1           0  0.17s           2026-03-25T12:52:02
/opt/airflow/dags/new_dags.py            4986  0.00s             1           0  0.13s           2026-03-25T12:51:35
/opt/airflow/dags/example.py                                     1           0  0.12s           2026-03-25T12:52:02
/opt/airflow/dags/extract_data.py                                0           0  0.09s           2026-03-25T12:52:00
================================================================================
[2026-03-25T12:52:36.720+0000] {manager.py:878} INFO - 
================================================================================
DAG File Processing Stats

File Path                                 PID  Runtime      # DAGs    # Errors  Last Runtime    Last Run
--------------------------------------  -----  ---------  --------  ----------  --------------  -------------------
/opt/airflow/dags/e_commerce_dw_dag.py                           1           0  0.16s           2026-03-25T12:52:33
/opt/airflow/dags/new_dags.py            5012  0.00s             1           0  0.14s           2026-03-25T12:52:05
/opt/airflow/dags/example.py                                     1           0  0.13s           2026-03-25T12:52:33
/opt/airflow/dags/extract_data.py                                0           0  0.08s           2026-03-25T12:52:31
================================================================================
[2026-03-25T12:53:07.475+0000] {manager.py:878} INFO - 
================================================================================
DAG File Processing Stats

File Path                                 PID  Runtime      # DAGs    # Errors  Last Runtime    Last Run
--------------------------------------  -----  ---------  --------  ----------  --------------  -------------------
/opt/airflow/dags/e_commerce_dw_dag.py                           1           0  0.19s           2026-03-25T12:53:04
/opt/airflow/dags/new_dags.py            5038  0.01s             1           0  0.15s           2026-03-25T12:52:36
/opt/airflow/dags/example.py                                     1           0  0.14s           2026-03-25T12:53:04
/opt/airflow/dags/extract_data.py                                0           0  0.10s           2026-03-25T12:53:02
================================================================================
[2026-03-25T12:53:37.361+0000] {manager.py:737} INFO - Searching for files in /opt/airflow/dags
[2026-03-25T12:53:37.554+0000] {manager.py:740} INFO - There are 4 files in /opt/airflow/dags
[2026-03-25T12:53:37.568+0000] {manager.py:878} INFO - 
================================================================================
DAG File Processing Stats

File Path                               PID    Runtime      # DAGs    # Errors  Last Runtime    Last Run
--------------------------------------  -----  ---------  --------  ----------  --------------  -------------------
/opt/airflow/dags/e_commerce_dw_dag.py                           1           0  0.17s           2026-03-25T12:53:35
/opt/airflow/dags/new_dags.py                                    1           0  0.15s           2026-03-25T12:53:07
/opt/airflow/dags/example.py                                     1           0  0.12s           2026-03-25T12:53:35
/opt/airflow/dags/extract_data.py                                0           0  0.09s           2026-03-25T12:53:33
================================================================================
[2026-03-25T12:54:07.592+0000] {manager.py:878} INFO - 
================================================================================
DAG File Processing Stats

File Path                               PID    Runtime      # DAGs    # Errors  Last Runtime    Last Run
--------------------------------------  -----  ---------  --------  ----------  --------------  -------------------
/opt/airflow/dags/e_commerce_dw_dag.py                           1           0  0.16s           2026-03-25T12:54:05
/opt/airflow/dags/new_dags.py                                    1           0  0.13s           2026-03-25T12:53:38
/opt/airflow/dags/example.py                                     1           0  0.12s           2026-03-25T12:54:05
/opt/airflow/dags/extract_data.py                                0           0  0.07s           2026-03-25T12:54:03
================================================================================
[2026-03-25T12:54:38.411+0000] {manager.py:878} INFO - 
================================================================================
DAG File Processing Stats

File Path                               PID    Runtime      # DAGs    # Errors  Last Runtime    Last Run
--------------------------------------  -----  ---------  --------  ----------  --------------  -------------------
/opt/airflow/dags/new_dags.py                                    1           0  0.19s           2026-03-25T12:54:09
/opt/airflow/dags/e_commerce_dw_dag.py                           1           0  0.17s           2026-03-25T12:54:36
/opt/airflow/dags/example.py                                     1           0  0.12s           2026-03-25T12:54:36
/opt/airflow/dags/extract_data.py                                0           0  0.07s           2026-03-25T12:54:34
================================================================================
[2026-03-25T12:55:09.266+0000] {manager.py:878} INFO - 
================================================================================
DAG File Processing Stats

File Path                               PID    Runtime      # DAGs    # Errors  Last Runtime    Last Run
--------------------------------------  -----  ---------  --------  ----------  --------------  -------------------
/opt/airflow/dags/new_dags.py                                    1           0  0.18s           2026-03-25T12:54:40
/opt/airflow/dags/e_commerce_dw_dag.py                           1           0  0.16s           2026-03-25T12:55:07
/opt/airflow/dags/example.py                                     1           0  0.13s           2026-03-25T12:55:07
/opt/airflow/dags/extract_data.py                                0           0  0.10s           2026-03-25T12:55:05
================================================================================
[2026-03-25T12:55:40.027+0000] {manager.py:878} INFO - 
================================================================================
DAG File Processing Stats

File Path                               PID    Runtime      # DAGs    # Errors  Last Runtime    Last Run
--------------------------------------  -----  ---------  --------  ----------  --------------  -------------------
/opt/airflow/dags/e_commerce_dw_dag.py                           1           0  0.17s           2026-03-25T12:55:38
/opt/airflow/dags/new_dags.py                                    1           0  0.14s           2026-03-25T12:55:11
/opt/airflow/dags/example.py                                     1           0  0.12s           2026-03-25T12:55:37
/opt/airflow/dags/extract_data.py                                0           0  0.10s           2026-03-25T12:55:35
================================================================================
[2026-03-25T12:56:10.961+0000] {manager.py:878} INFO - 
================================================================================
DAG File Processing Stats

File Path                               PID    Runtime      # DAGs    # Errors  Last Runtime    Last Run
--------------------------------------  -----  ---------  --------  ----------  --------------  -------------------
/opt/airflow/dags/e_commerce_dw_dag.py                           1           0  0.19s           2026-03-25T12:56:08
/opt/airflow/dags/example.py                                     1           0  0.14s           2026-03-25T12:56:08
/opt/airflow/dags/new_dags.py                                    1           0  0.13s           2026-03-25T12:55:42
/opt/airflow/dags/extract_data.py                                0           0  0.09s           2026-03-25T12:56:06
================================================================================
[2026-03-25T12:56:41.877+0000] {manager.py:878} INFO - 
================================================================================
DAG File Processing Stats

File Path                               PID    Runtime      # DAGs    # Errors  Last Runtime    Last Run
--------------------------------------  -----  ---------  --------  ----------  --------------  -------------------
/opt/airflow/dags/e_commerce_dw_dag.py                           1           0  0.23s           2026-03-25T12:56:39
/opt/airflow/dags/new_dags.py                                    1           0  0.14s           2026-03-25T12:56:13
/opt/airflow/dags/example.py                                     1           0  0.14s           2026-03-25T12:56:39
/opt/airflow/dags/extract_data.py                                0           0  0.11s           2026-03-25T12:56:37
================================================================================
[2026-03-25T12:57:12.748+0000] {manager.py:878} INFO - 
================================================================================
DAG File Processing Stats

File Path                               PID    Runtime      # DAGs    # Errors  Last Runtime    Last Run
--------------------------------------  -----  ---------  --------  ----------  --------------  -------------------
/opt/airflow/dags/e_commerce_dw_dag.py                           1           0  0.16s           2026-03-25T12:57:10
/opt/airflow/dags/new_dags.py                                    1           0  0.13s           2026-03-25T12:56:44
/opt/airflow/dags/example.py                                     1           0  0.12s           2026-03-25T12:57:10
/opt/airflow/dags/extract_data.py                                0           0  0.07s           2026-03-25T12:57:08
================================================================================
[2026-03-25T12:57:43.599+0000] {manager.py:878} INFO - 
================================================================================
DAG File Processing Stats

File Path                               PID    Runtime      # DAGs    # Errors  Last Runtime    Last Run
--------------------------------------  -----  ---------  --------  ----------  --------------  -------------------
/opt/airflow/dags/e_commerce_dw_dag.py                           1           0  0.17s           2026-03-25T12:57:41
/opt/airflow/dags/new_dags.py                                    1           0  0.13s           2026-03-25T12:57:14
/opt/airflow/dags/example.py                                     1           0  0.13s           2026-03-25T12:57:41
/opt/airflow/dags/extract_data.py                                0           0  0.08s           2026-03-25T12:57:39
================================================================================
[2026-03-25T12:58:14.407+0000] {manager.py:878} INFO - 
================================================================================
DAG File Processing Stats

File Path                               PID    Runtime      # DAGs    # Errors  Last Runtime    Last Run
--------------------------------------  -----  ---------  --------  ----------  --------------  -------------------
/opt/airflow/dags/e_commerce_dw_dag.py                           1           0  0.16s           2026-03-25T12:58:12
/opt/airflow/dags/new_dags.py                                    1           0  0.16s           2026-03-25T12:57:45
/opt/airflow/dags/example.py                                     1           0  0.12s           2026-03-25T12:58:12
/opt/airflow/dags/extract_data.py                                0           0  0.11s           2026-03-25T12:58:10
================================================================================
[2026-03-25T12:58:37.863+0000] {manager.py:737} INFO - Searching for files in /opt/airflow/dags
[2026-03-25T12:58:38.029+0000] {manager.py:740} INFO - There are 4 files in /opt/airflow/dags
[2026-03-25T12:58:45.370+0000] {manager.py:878} INFO - 
================================================================================
DAG File Processing Stats

File Path                               PID    Runtime      # DAGs    # Errors  Last Runtime    Last Run
--------------------------------------  -----  ---------  --------  ----------  --------------  -------------------
/opt/airflow/dags/e_commerce_dw_dag.py                           1           0  0.17s           2026-03-25T12:58:43
/opt/airflow/dags/new_dags.py                                    1           0  0.16s           2026-03-25T12:58:16
/opt/airflow/dags/example.py                                     1           0  0.13s           2026-03-25T12:58:43
/opt/airflow/dags/extract_data.py                                0           0  0.08s           2026-03-25T12:58:41
================================================================================
[2026-03-25T12:59:16.289+0000] {manager.py:878} INFO - 
================================================================================
DAG File Processing Stats

File Path                               PID    Runtime      # DAGs    # Errors  Last Runtime    Last Run
--------------------------------------  -----  ---------  --------  ----------  --------------  -------------------
/opt/airflow/dags/e_commerce_dw_dag.py                           1           0  0.18s           2026-03-25T12:59:14
/opt/airflow/dags/new_dags.py                                    1           0  0.12s           2026-03-25T12:58:47
/opt/airflow/dags/example.py                                     1           0  0.12s           2026-03-25T12:59:14
/opt/airflow/dags/extract_data.py                                0           0  0.07s           2026-03-25T12:59:12
================================================================================
[2026-03-25T12:59:47.109+0000] {manager.py:878} INFO - 
================================================================================
DAG File Processing Stats

File Path                               PID    Runtime      # DAGs    # Errors  Last Runtime    Last Run
--------------------------------------  -----  ---------  --------  ----------  --------------  -------------------
/opt/airflow/dags/e_commerce_dw_dag.py                           1           0  0.17s           2026-03-25T12:59:45
/opt/airflow/dags/example.py                                     1           0  0.13s           2026-03-25T12:59:45
/opt/airflow/dags/new_dags.py                                    1           0  0.12s           2026-03-25T12:59:18
/opt/airflow/dags/extract_data.py                                0           0  0.09s           2026-03-25T12:59:42
================================================================================
[2026-03-25T13:00:18.035+0000] {manager.py:878} INFO - 
================================================================================
DAG File Processing Stats

File Path                               PID    Runtime      # DAGs    # Errors  Last Runtime    Last Run
--------------------------------------  -----  ---------  --------  ----------  --------------  -------------------
/opt/airflow/dags/e_commerce_dw_dag.py                           1           0  0.17s           2026-03-25T13:00:16
/opt/airflow/dags/new_dags.py                                    1           0  0.13s           2026-03-25T12:59:49
/opt/airflow/dags/example.py                                     1           0  0.13s           2026-03-25T13:00:15
/opt/airflow/dags/extract_data.py                                0           0  0.08s           2026-03-25T13:00:13
================================================================================
[2026-03-25T13:00:48.851+0000] {manager.py:878} INFO - 
================================================================================
DAG File Processing Stats

File Path                               PID    Runtime      # DAGs    # Errors  Last Runtime    Last Run
--------------------------------------  -----  ---------  --------  ----------  --------------  -------------------
/opt/airflow/dags/e_commerce_dw_dag.py                           1           0  0.19s           2026-03-25T13:00:46
/opt/airflow/dags/new_dags.py                                    1           0  0.17s           2026-03-25T13:00:20
/opt/airflow/dags/example.py                                     1           0  0.14s           2026-03-25T13:00:46
/opt/airflow/dags/extract_data.py                                0           0  0.06s           2026-03-25T13:00:44
================================================================================
[2026-03-25T13:01:19.691+0000] {manager.py:878} INFO - 
================================================================================
DAG File Processing Stats

File Path                               PID    Runtime      # DAGs    # Errors  Last Runtime    Last Run
--------------------------------------  -----  ---------  --------  ----------  --------------  -------------------
/opt/airflow/dags/e_commerce_dw_dag.py                           1           0  0.17s           2026-03-25T13:01:17
/opt/airflow/dags/new_dags.py                                    1           0  0.16s           2026-03-25T13:00:51
/opt/airflow/dags/example.py                                     1           0  0.12s           2026-03-25T13:01:17
/opt/airflow/dags/extract_data.py                                0           0  0.08s           2026-03-25T13:01:15
================================================================================
[2026-03-25T13:01:50.549+0000] {manager.py:878} INFO - 
================================================================================
DAG File Processing Stats

File Path                               PID    Runtime      # DAGs    # Errors  Last Runtime    Last Run
--------------------------------------  -----  ---------  --------  ----------  --------------  -------------------
/opt/airflow/dags/e_commerce_dw_dag.py                           1           0  0.21s           2026-03-25T13:01:48
/opt/airflow/dags/new_dags.py                                    1           0  0.13s           2026-03-25T13:01:21
/opt/airflow/dags/example.py                                     1           0  0.13s           2026-03-25T13:01:48
/opt/airflow/dags/extract_data.py                                0           0  0.10s           2026-03-25T13:01:46
================================================================================
[2026-03-25T13:02:21.388+0000] {manager.py:878} INFO - 
================================================================================
DAG File Processing Stats

File Path                               PID    Runtime      # DAGs    # Errors  Last Runtime    Last Run
--------------------------------------  -----  ---------  --------  ----------  --------------  -------------------
/opt/airflow/dags/e_commerce_dw_dag.py                           1           0  0.17s           2026-03-25T13:02:19
/opt/airflow/dags/new_dags.py                                    1           0  0.17s           2026-03-25T13:01:52
/opt/airflow/dags/example.py                                     1           0  0.13s           2026-03-25T13:02:19
/opt/airflow/dags/extract_data.py                                0           0  0.06s           2026-03-25T13:02:17
================================================================================
[2026-03-25T13:02:52.225+0000] {manager.py:878} INFO - 
================================================================================
DAG File Processing Stats

File Path                               PID    Runtime      # DAGs    # Errors  Last Runtime    Last Run
--------------------------------------  -----  ---------  --------  ----------  --------------  -------------------
/opt/airflow/dags/e_commerce_dw_dag.py                           1           0  0.21s           2026-03-25T13:02:50
/opt/airflow/dags/example.py                                     1           0  0.14s           2026-03-25T13:02:50
/opt/airflow/dags/new_dags.py                                    1           0  0.13s           2026-03-25T13:02:23
/opt/airflow/dags/extract_data.py                                0           0  0.06s           2026-03-25T13:02:48
================================================================================
[2026-03-25T13:03:23.011+0000] {manager.py:878} INFO - 
================================================================================
DAG File Processing Stats

File Path                               PID    Runtime      # DAGs    # Errors  Last Runtime    Last Run
--------------------------------------  -----  ---------  --------  ----------  --------------  -------------------
/opt/airflow/dags/e_commerce_dw_dag.py                           1           0  0.18s           2026-03-25T13:03:20
/opt/airflow/dags/example.py                                     1           0  0.13s           2026-03-25T13:03:20
/opt/airflow/dags/new_dags.py                                    1           0  0.13s           2026-03-25T13:02:54
/opt/airflow/dags/extract_data.py                                0           0  0.07s           2026-03-25T13:03:18
================================================================================
[2026-03-25T13:03:38.361+0000] {manager.py:737} INFO - Searching for files in /opt/airflow/dags
[2026-03-25T13:03:38.544+0000] {manager.py:740} INFO - There are 4 files in /opt/airflow/dags
[2026-03-25T13:03:53.046+0000] {manager.py:878} INFO - 
================================================================================
DAG File Processing Stats

File Path                               PID    Runtime      # DAGs    # Errors  Last Runtime    Last Run
--------------------------------------  -----  ---------  --------  ----------  --------------  -------------------
/opt/airflow/dags/e_commerce_dw_dag.py                           1           0  0.18s           2026-03-25T13:03:52
/opt/airflow/dags/example.py                                     1           0  0.13s           2026-03-25T13:03:52
/opt/airflow/dags/new_dags.py                                    1           0  0.13s           2026-03-25T13:03:25
/opt/airflow/dags/extract_data.py                                0           0  0.09s           2026-03-25T13:03:49
================================================================================
[2026-03-25T13:04:23.956+0000] {manager.py:878} INFO - 
================================================================================
DAG File Processing Stats

File Path                               PID    Runtime      # DAGs    # Errors  Last Runtime    Last Run
--------------------------------------  -----  ---------  --------  ----------  --------------  -------------------
/opt/airflow/dags/e_commerce_dw_dag.py                           1           0  0.18s           2026-03-25T13:04:22
/opt/airflow/dags/new_dags.py                                    1           0  0.13s           2026-03-25T13:03:56
/opt/airflow/dags/example.py                                     1           0  0.13s           2026-03-25T13:04:22
/opt/airflow/dags/extract_data.py                                0           0  0.08s           2026-03-25T13:04:20
================================================================================
[2026-03-25T13:04:54.763+0000] {manager.py:878} INFO - 
================================================================================
DAG File Processing Stats

File Path                               PID    Runtime      # DAGs    # Errors  Last Runtime    Last Run
--------------------------------------  -----  ---------  --------  ----------  --------------  -------------------
/opt/airflow/dags/e_commerce_dw_dag.py                           1           0  0.17s           2026-03-25T13:04:53
/opt/airflow/dags/new_dags.py                                    1           0  0.14s           2026-03-25T13:04:27
/opt/airflow/dags/example.py                                     1           0  0.13s           2026-03-25T13:04:53
/opt/airflow/dags/extract_data.py                                0           0  0.07s           2026-03-25T13:04:51
================================================================================
[2026-03-25T13:05:25.614+0000] {manager.py:878} INFO - 
================================================================================
DAG File Processing Stats

File Path                               PID    Runtime      # DAGs    # Errors  Last Runtime    Last Run
--------------------------------------  -----  ---------  --------  ----------  --------------  -------------------
/opt/airflow/dags/new_dags.py                                    1           0  0.20s           2026-03-25T13:04:58
/opt/airflow/dags/e_commerce_dw_dag.py                           1           0  0.18s           2026-03-25T13:05:24
/opt/airflow/dags/example.py                                     1           0  0.13s           2026-03-25T13:05:24
/opt/airflow/dags/extract_data.py                                0           0  0.07s           2026-03-25T13:05:22
================================================================================
[2026-03-25T13:05:56.402+0000] {manager.py:878} INFO - 
================================================================================
DAG File Processing Stats

File Path                               PID    Runtime      # DAGs    # Errors  Last Runtime    Last Run
--------------------------------------  -----  ---------  --------  ----------  --------------  -------------------
/opt/airflow/dags/e_commerce_dw_dag.py                           1           0  0.18s           2026-03-25T13:05:55
/opt/airflow/dags/new_dags.py                                    1           0  0.16s           2026-03-25T13:05:28
/opt/airflow/dags/example.py                                     1           0  0.13s           2026-03-25T13:05:55
/opt/airflow/dags/extract_data.py                                0           0  0.08s           2026-03-25T13:05:53
================================================================================
[2026-03-25T13:06:27.291+0000] {manager.py:878} INFO - 
================================================================================
DAG File Processing Stats

File Path                               PID    Runtime      # DAGs    # Errors  Last Runtime    Last Run
--------------------------------------  -----  ---------  --------  ----------  --------------  -------------------
/opt/airflow/dags/e_commerce_dw_dag.py                           1           0  0.22s           2026-03-25T13:06:26
/opt/airflow/dags/example.py                                     1           0  0.15s           2026-03-25T13:06:26
/opt/airflow/dags/new_dags.py                                    1           0  0.14s           2026-03-25T13:05:59
/opt/airflow/dags/extract_data.py                                0           0  0.10s           2026-03-25T13:06:24
================================================================================
[2026-03-25T13:06:51.375+0000] {manager.py:452} INFO - Exiting gracefully upon receiving signal 15
[2026-03-25T13:07:52.996+0000] {manager.py:470} INFO - Processing files using up to 2 processes at a time 
[2026-03-25T13:07:53.002+0000] {manager.py:471} INFO - Process each file at most once every 30 seconds
[2026-03-25T13:07:53.010+0000] {manager.py:472} INFO - Checking for new files in /opt/airflow/dags every 300 seconds
[2026-03-25T13:07:53.013+0000] {manager.py:737} INFO - Searching for files in /opt/airflow/dags
[2026-03-25T13:07:53.342+0000] {manager.py:740} INFO - There are 4 files in /opt/airflow/dags
[2026-03-25T13:07:53.546+0000] {manager.py:878} INFO - 
================================================================================
DAG File Processing Stats

File Path                                 PID  Runtime      # DAGs    # Errors  Last Runtime    Last Run
--------------------------------------  -----  ---------  --------  ----------  --------------  ----------
/opt/airflow/dags/example.py                                     0           0
/opt/airflow/dags/extract_data.py         182  0.07s             0           0
/opt/airflow/dags/e_commerce_dw_dag.py    179  0.10s             0           0
/opt/airflow/dags/new_dags.py                                    0           0
================================================================================
[2026-03-25T13:08:23.794+0000] {manager.py:878} INFO - 
================================================================================
DAG File Processing Stats

File Path                                 PID  Runtime      # DAGs    # Errors  Last Runtime    Last Run
--------------------------------------  -----  ---------  --------  ----------  --------------  -------------------
/opt/airflow/dags/e_commerce_dw_dag.py                           1           0  4.58s           2026-03-25T13:07:58
/opt/airflow/dags/example.py                                     1           0  4.37s           2026-03-25T13:07:58
/opt/airflow/dags/new_dags.py                                    1           0  0.42s           2026-03-25T13:07:58
/opt/airflow/dags/extract_data.py         205  0.01s             0           0  0.14s           2026-03-25T13:07:53
================================================================================
[2026-03-25T13:08:54.621+0000] {manager.py:878} INFO - 
================================================================================
DAG File Processing Stats

File Path                                 PID  Runtime      # DAGs    # Errors  Last Runtime    Last Run
--------------------------------------  -----  ---------  --------  ----------  --------------  -------------------
/opt/airflow/dags/e_commerce_dw_dag.py                           1           0  0.27s           2026-03-25T13:08:29
/opt/airflow/dags/example.py                                     1           0  0.21s           2026-03-25T13:08:29
/opt/airflow/dags/new_dags.py                                    1           0  0.12s           2026-03-25T13:08:29
/opt/airflow/dags/extract_data.py         231  0.00s             0           0  0.09s           2026-03-25T13:08:23
================================================================================
[2026-03-25T13:09:25.533+0000] {manager.py:878} INFO - 
================================================================================
DAG File Processing Stats

File Path                                 PID  Runtime      # DAGs    # Errors  Last Runtime    Last Run
--------------------------------------  -----  ---------  --------  ----------  --------------  -------------------
/opt/airflow/dags/e_commerce_dw_dag.py                           1           0  0.22s           2026-03-25T13:08:59
/opt/airflow/dags/new_dags.py                                    1           0  0.16s           2026-03-25T13:09:00
/opt/airflow/dags/example.py                                     1           0  0.15s           2026-03-25T13:08:59
/opt/airflow/dags/extract_data.py         263  0.00s             0           0  0.07s           2026-03-25T13:08:54
================================================================================
[2026-03-25T13:09:56.245+0000] {manager.py:878} INFO - 
================================================================================
DAG File Processing Stats

File Path                                 PID  Runtime      # DAGs    # Errors  Last Runtime    Last Run
--------------------------------------  -----  ---------  --------  ----------  --------------  -------------------
/opt/airflow/dags/e_commerce_dw_dag.py                           1           0  0.18s           2026-03-25T13:09:30
/opt/airflow/dags/example.py                                     1           0  0.14s           2026-03-25T13:09:30
/opt/airflow/dags/new_dags.py                                    1           0  0.12s           2026-03-25T13:09:30
/opt/airflow/dags/extract_data.py         289  0.00s             0           0  0.09s           2026-03-25T13:09:25
================================================================================
[2026-03-25T13:10:27.109+0000] {manager.py:878} INFO - 
================================================================================
DAG File Processing Stats

File Path                                 PID  Runtime      # DAGs    # Errors  Last Runtime    Last Run
--------------------------------------  -----  ---------  --------  ----------  --------------  -------------------
/opt/airflow/dags/e_commerce_dw_dag.py                           1           0  0.24s           2026-03-25T13:10:01
/opt/airflow/dags/example.py                                     1           0  0.15s           2026-03-25T13:10:01
/opt/airflow/dags/new_dags.py                                    1           0  0.15s           2026-03-25T13:10:01
/opt/airflow/dags/extract_data.py         315  0.01s             0           0  0.06s           2026-03-25T13:09:56
================================================================================
[2026-03-25T13:10:57.866+0000] {manager.py:878} INFO - 
================================================================================
DAG File Processing Stats

File Path                                 PID  Runtime      # DAGs    # Errors  Last Runtime    Last Run
--------------------------------------  -----  ---------  --------  ----------  --------------  -------------------
/opt/airflow/dags/e_commerce_dw_dag.py                           1           0  0.19s           2026-03-25T13:10:32
/opt/airflow/dags/example.py                                     1           0  0.15s           2026-03-25T13:10:32
/opt/airflow/dags/new_dags.py                                    1           0  0.13s           2026-03-25T13:10:32
/opt/airflow/dags/extract_data.py         341  0.00s             0           0  0.08s           2026-03-25T13:10:27
================================================================================
[2026-03-25T13:11:28.507+0000] {manager.py:878} INFO - 
================================================================================
DAG File Processing Stats

File Path                                 PID  Runtime      # DAGs    # Errors  Last Runtime    Last Run
--------------------------------------  -----  ---------  --------  ----------  --------------  -------------------
/opt/airflow/dags/e_commerce_dw_dag.py                           1           0  0.18s           2026-03-25T13:11:03
/opt/airflow/dags/new_dags.py                                    1           0  0.13s           2026-03-25T13:11:03
/opt/airflow/dags/example.py                                     1           0  0.13s           2026-03-25T13:11:03
/opt/airflow/dags/extract_data.py         367  0.00s             0           0  0.06s           2026-03-25T13:10:57
================================================================================
[2026-03-25T13:11:59.295+0000] {manager.py:878} INFO - 
================================================================================
DAG File Processing Stats

File Path                                 PID  Runtime      # DAGs    # Errors  Last Runtime    Last Run
--------------------------------------  -----  ---------  --------  ----------  --------------  -------------------
/opt/airflow/dags/e_commerce_dw_dag.py                           1           0  0.22s           2026-03-25T13:11:33
/opt/airflow/dags/example.py                                     1           0  0.16s           2026-03-25T13:11:33
/opt/airflow/dags/new_dags.py                                    1           0  0.13s           2026-03-25T13:11:33
/opt/airflow/dags/extract_data.py         393  0.01s             0           0  0.08s           2026-03-25T13:11:28
================================================================================
[2026-03-25T13:12:30.122+0000] {manager.py:878} INFO - 
================================================================================
DAG File Processing Stats

File Path                                 PID  Runtime      # DAGs    # Errors  Last Runtime    Last Run
--------------------------------------  -----  ---------  --------  ----------  --------------  -------------------
/opt/airflow/dags/e_commerce_dw_dag.py                           1           0  0.17s           2026-03-25T13:12:04
/opt/airflow/dags/example.py                                     1           0  0.13s           2026-03-25T13:12:04
/opt/airflow/dags/new_dags.py                                    1           0  0.13s           2026-03-25T13:12:04
/opt/airflow/dags/extract_data.py         419  0.01s             0           0  0.07s           2026-03-25T13:11:59
================================================================================
[2026-03-25T13:12:53.826+0000] {manager.py:737} INFO - Searching for files in /opt/airflow/dags
[2026-03-25T13:12:53.962+0000] {manager.py:740} INFO - There are 4 files in /opt/airflow/dags
[2026-03-25T13:13:01.152+0000] {manager.py:878} INFO - 
================================================================================
DAG File Processing Stats

File Path                                 PID  Runtime      # DAGs    # Errors  Last Runtime    Last Run
--------------------------------------  -----  ---------  --------  ----------  --------------  -------------------
/opt/airflow/dags/e_commerce_dw_dag.py                           1           0  0.17s           2026-03-25T13:12:35
/opt/airflow/dags/new_dags.py                                    1           0  0.13s           2026-03-25T13:12:35
/opt/airflow/dags/example.py                                     1           0  0.13s           2026-03-25T13:12:35
/opt/airflow/dags/extract_data.py         445  0.00s             0           0  0.08s           2026-03-25T13:12:30
================================================================================
[2026-03-25T13:13:32.082+0000] {manager.py:878} INFO - 
================================================================================
DAG File Processing Stats

File Path                                 PID  Runtime      # DAGs    # Errors  Last Runtime    Last Run
--------------------------------------  -----  ---------  --------  ----------  --------------  -------------------
/opt/airflow/dags/e_commerce_dw_dag.py                           1           0  0.31s           2026-03-25T13:13:06
/opt/airflow/dags/example.py                                     1           0  0.21s           2026-03-25T13:13:06
/opt/airflow/dags/new_dags.py                                    1           0  0.16s           2026-03-25T13:13:06
/opt/airflow/dags/extract_data.py         471  0.00s             0           0  0.09s           2026-03-25T13:13:01
================================================================================
[2026-03-25T13:14:02.938+0000] {manager.py:878} INFO - 
================================================================================
DAG File Processing Stats

File Path                                 PID  Runtime      # DAGs    # Errors  Last Runtime    Last Run
--------------------------------------  -----  ---------  --------  ----------  --------------  -------------------
/opt/airflow/dags/e_commerce_dw_dag.py                           1           0  0.17s           2026-03-25T13:13:37
/opt/airflow/dags/example.py                                     1           0  0.13s           2026-03-25T13:13:37
/opt/airflow/dags/new_dags.py                                    1           0  0.12s           2026-03-25T13:13:37
/opt/airflow/dags/extract_data.py         497  0.00s             0           0  0.06s           2026-03-25T13:13:32
================================================================================
[2026-03-25T13:14:33.755+0000] {manager.py:878} INFO - 
================================================================================
DAG File Processing Stats

File Path                                 PID  Runtime      # DAGs    # Errors  Last Runtime    Last Run
--------------------------------------  -----  ---------  --------  ----------  --------------  -------------------
/opt/airflow/dags/e_commerce_dw_dag.py                           1           0  0.19s           2026-03-25T13:14:08
/opt/airflow/dags/example.py                                     1           0  0.13s           2026-03-25T13:14:08
/opt/airflow/dags/new_dags.py                                    1           0  0.13s           2026-03-25T13:14:08
/opt/airflow/dags/extract_data.py         523  0.01s             0           0  0.06s           2026-03-25T13:14:02
================================================================================
[2026-03-25T13:15:04.564+0000] {manager.py:878} INFO - 
================================================================================
DAG File Processing Stats

File Path                                 PID  Runtime      # DAGs    # Errors  Last Runtime    Last Run
--------------------------------------  -----  ---------  --------  ----------  --------------  -------------------
/opt/airflow/dags/e_commerce_dw_dag.py                           1           0  0.25s           2026-03-25T13:14:39
/opt/airflow/dags/new_dags.py                                    1           0  0.22s           2026-03-25T13:14:39
/opt/airflow/dags/example.py                                     1           0  0.15s           2026-03-25T13:14:39
/opt/airflow/dags/extract_data.py         549  0.01s             0           0  0.11s           2026-03-25T13:14:33
================================================================================
[2026-03-25T13:15:35.270+0000] {manager.py:878} INFO - 
================================================================================
DAG File Processing Stats

File Path                                 PID  Runtime      # DAGs    # Errors  Last Runtime    Last Run
--------------------------------------  -----  ---------  --------  ----------  --------------  -------------------
/opt/airflow/dags/e_commerce_dw_dag.py                           1           0  0.18s           2026-03-25T13:15:09
/opt/airflow/dags/example.py                                     1           0  0.14s           2026-03-25T13:15:09
/opt/airflow/dags/new_dags.py                                    1           0  0.14s           2026-03-25T13:15:09
/opt/airflow/dags/extract_data.py         575  0.01s             0           0  0.08s           2026-03-25T13:15:04
================================================================================
[2026-03-25T13:16:06.104+0000] {manager.py:878} INFO - 
================================================================================
DAG File Processing Stats

File Path                                 PID  Runtime      # DAGs    # Errors  Last Runtime    Last Run
--------------------------------------  -----  ---------  --------  ----------  --------------  -------------------
/opt/airflow/dags/e_commerce_dw_dag.py                           1           0  0.17s           2026-03-25T13:15:40
/opt/airflow/dags/new_dags.py                                    1           0  0.13s           2026-03-25T13:15:40
/opt/airflow/dags/example.py                                     1           0  0.12s           2026-03-25T13:15:40
/opt/airflow/dags/extract_data.py         601  0.00s             0           0  0.08s           2026-03-25T13:15:35
================================================================================
[2026-03-25T13:16:36.874+0000] {manager.py:878} INFO - 
================================================================================
DAG File Processing Stats

File Path                                 PID  Runtime      # DAGs    # Errors  Last Runtime    Last Run
--------------------------------------  -----  ---------  --------  ----------  --------------  -------------------
/opt/airflow/dags/e_commerce_dw_dag.py                           1           0  0.22s           2026-03-25T13:16:11
/opt/airflow/dags/example.py                                     1           0  0.16s           2026-03-25T13:16:11
/opt/airflow/dags/new_dags.py                                    1           0  0.14s           2026-03-25T13:16:11
/opt/airflow/dags/extract_data.py         627  0.00s             0           0  0.08s           2026-03-25T13:16:06
================================================================================
[2026-03-25T13:17:07.721+0000] {manager.py:878} INFO - 
================================================================================
DAG File Processing Stats

File Path                                 PID  Runtime      # DAGs    # Errors  Last Runtime    Last Run
--------------------------------------  -----  ---------  --------  ----------  --------------  -------------------
/opt/airflow/dags/e_commerce_dw_dag.py                           1           0  0.18s           2026-03-25T13:16:42
/opt/airflow/dags/example.py                                     1           0  0.15s           2026-03-25T13:16:42
/opt/airflow/dags/new_dags.py                                    1           0  0.12s           2026-03-25T13:16:42
/opt/airflow/dags/extract_data.py         653  0.01s             0           0  0.09s           2026-03-25T13:16:36
================================================================================
[2026-03-25T13:17:38.548+0000] {manager.py:878} INFO - 
================================================================================
DAG File Processing Stats

File Path                                 PID  Runtime      # DAGs    # Errors  Last Runtime    Last Run
--------------------------------------  -----  ---------  --------  ----------  --------------  -------------------
/opt/airflow/dags/e_commerce_dw_dag.py                           1           0  0.20s           2026-03-25T13:17:13
/opt/airflow/dags/example.py                                     1           0  0.15s           2026-03-25T13:17:13
/opt/airflow/dags/new_dags.py                                    1           0  0.13s           2026-03-25T13:17:13
/opt/airflow/dags/extract_data.py         679  0.01s             0           0  0.11s           2026-03-25T13:17:07
================================================================================
[2026-03-25T13:17:54.089+0000] {manager.py:737} INFO - Searching for files in /opt/airflow/dags
[2026-03-25T13:17:54.266+0000] {manager.py:740} INFO - There are 4 files in /opt/airflow/dags
[2026-03-25T13:18:09.550+0000] {manager.py:878} INFO - 
================================================================================
DAG File Processing Stats

File Path                                 PID  Runtime      # DAGs    # Errors  Last Runtime    Last Run
--------------------------------------  -----  ---------  --------  ----------  --------------  -------------------
/opt/airflow/dags/e_commerce_dw_dag.py                           1           0  0.17s           2026-03-25T13:17:43
/opt/airflow/dags/example.py                                     1           0  0.14s           2026-03-25T13:17:43
/opt/airflow/dags/new_dags.py                                    1           0  0.13s           2026-03-25T13:17:44
/opt/airflow/dags/extract_data.py         705  0.01s             0           0  0.10s           2026-03-25T13:17:38
================================================================================
[2026-03-25T13:18:40.376+0000] {manager.py:878} INFO - 
================================================================================
DAG File Processing Stats

File Path                                 PID  Runtime      # DAGs    # Errors  Last Runtime    Last Run
--------------------------------------  -----  ---------  --------  ----------  --------------  -------------------
/opt/airflow/dags/e_commerce_dw_dag.py                           1           0  0.18s           2026-03-25T13:18:14
/opt/airflow/dags/example.py                                     1           0  0.13s           2026-03-25T13:18:14
/opt/airflow/dags/new_dags.py                                    1           0  0.12s           2026-03-25T13:18:14
/opt/airflow/dags/extract_data.py         732  0.00s             0           0  0.07s           2026-03-25T13:18:09
================================================================================
[2026-03-25T13:19:11.218+0000] {manager.py:878} INFO - 
================================================================================
DAG File Processing Stats

File Path                                 PID  Runtime      # DAGs    # Errors  Last Runtime    Last Run
--------------------------------------  -----  ---------  --------  ----------  --------------  -------------------
/opt/airflow/dags/e_commerce_dw_dag.py                           1           0  0.18s           2026-03-25T13:18:45
/opt/airflow/dags/new_dags.py                                    1           0  0.14s           2026-03-25T13:18:45
/opt/airflow/dags/example.py                                     1           0  0.13s           2026-03-25T13:18:45
/opt/airflow/dags/extract_data.py         758  0.00s             0           0  0.07s           2026-03-25T13:18:40
================================================================================
[2026-03-25T13:19:42.037+0000] {manager.py:878} INFO - 
================================================================================
DAG File Processing Stats

File Path                                 PID  Runtime      # DAGs    # Errors  Last Runtime    Last Run
--------------------------------------  -----  ---------  --------  ----------  --------------  -------------------
/opt/airflow/dags/e_commerce_dw_dag.py                           1           0  0.17s           2026-03-25T13:19:16
/opt/airflow/dags/example.py                                     1           0  0.13s           2026-03-25T13:19:16
/opt/airflow/dags/new_dags.py                                    1           0  0.13s           2026-03-25T13:19:16
/opt/airflow/dags/extract_data.py         784  0.01s             0           0  0.09s           2026-03-25T13:19:11
================================================================================
[2026-03-25T13:20:12.872+0000] {manager.py:878} INFO - 
================================================================================
DAG File Processing Stats

File Path                                 PID  Runtime      # DAGs    # Errors  Last Runtime    Last Run
--------------------------------------  -----  ---------  --------  ----------  --------------  -------------------
/opt/airflow/dags/e_commerce_dw_dag.py                           1           0  0.21s           2026-03-25T13:19:47
/opt/airflow/dags/new_dags.py                                    1           0  0.16s           2026-03-25T13:19:47
/opt/airflow/dags/example.py                                     1           0  0.15s           2026-03-25T13:19:47
/opt/airflow/dags/extract_data.py         810  0.01s             0           0  0.09s           2026-03-25T13:19:42
================================================================================
[2026-03-25T13:20:43.110+0000] {manager.py:878} INFO - 
================================================================================
DAG File Processing Stats

File Path                                 PID  Runtime      # DAGs    # Errors  Last Runtime    Last Run
--------------------------------------  -----  ---------  --------  ----------  --------------  -------------------
/opt/airflow/dags/e_commerce_dw_dag.py                           1           0  0.27s           2026-03-25T13:20:18
/opt/airflow/dags/new_dags.py                                    1           0  0.23s           2026-03-25T13:20:18
/opt/airflow/dags/example.py                                     1           0  0.23s           2026-03-25T13:20:18
/opt/airflow/dags/extract_data.py         836  0.01s             0           0  0.12s           2026-03-25T13:20:12
================================================================================
[2026-03-25T13:21:13.952+0000] {manager.py:878} INFO - 
================================================================================
DAG File Processing Stats

File Path                                 PID  Runtime      # DAGs    # Errors  Last Runtime    Last Run
--------------------------------------  -----  ---------  --------  ----------  --------------  -------------------
/opt/airflow/dags/e_commerce_dw_dag.py                           1           0  0.21s           2026-03-25T13:20:49
/opt/airflow/dags/new_dags.py                                    1           0  0.17s           2026-03-25T13:20:49
/opt/airflow/dags/example.py                                     1           0  0.15s           2026-03-25T13:20:49
/opt/airflow/dags/extract_data.py         862  0.01s             0           0  0.10s           2026-03-25T13:20:43
================================================================================
[2026-03-25T13:21:44.772+0000] {manager.py:878} INFO - 
================================================================================
DAG File Processing Stats

File Path                                 PID  Runtime      # DAGs    # Errors  Last Runtime    Last Run
--------------------------------------  -----  ---------  --------  ----------  --------------  -------------------
/opt/airflow/dags/e_commerce_dw_dag.py                           1           0  0.18s           2026-03-25T13:21:20
/opt/airflow/dags/new_dags.py                                    1           0  0.16s           2026-03-25T13:21:20
/opt/airflow/dags/example.py                                     1           0  0.14s           2026-03-25T13:21:20
/opt/airflow/dags/extract_data.py         888  0.00s             0           0  0.10s           2026-03-25T13:21:14
================================================================================
[2026-03-25T13:22:15.558+0000] {manager.py:878} INFO - 
================================================================================
DAG File Processing Stats

File Path                                 PID  Runtime      # DAGs    # Errors  Last Runtime    Last Run
--------------------------------------  -----  ---------  --------  ----------  --------------  -------------------
/opt/airflow/dags/e_commerce_dw_dag.py                           1           0  0.17s           2026-03-25T13:21:51
/opt/airflow/dags/example.py                                     1           0  0.13s           2026-03-25T13:21:51
/opt/airflow/dags/new_dags.py                                    1           0  0.12s           2026-03-25T13:21:51
/opt/airflow/dags/extract_data.py         914  0.00s             0           0  0.08s           2026-03-25T13:21:44
================================================================================
[2026-03-25T13:22:46.333+0000] {manager.py:878} INFO - 
================================================================================
DAG File Processing Stats

File Path                                 PID  Runtime      # DAGs    # Errors  Last Runtime    Last Run
--------------------------------------  -----  ---------  --------  ----------  --------------  -------------------
/opt/airflow/dags/e_commerce_dw_dag.py                           1           0  0.21s           2026-03-25T13:22:21
/opt/airflow/dags/example.py                                     1           0  0.14s           2026-03-25T13:22:21
/opt/airflow/dags/new_dags.py                                    1           0  0.13s           2026-03-25T13:22:21
/opt/airflow/dags/extract_data.py         940  0.00s             0           0  0.06s           2026-03-25T13:22:15
================================================================================
[2026-03-25T13:22:54.608+0000] {manager.py:737} INFO - Searching for files in /opt/airflow/dags
[2026-03-25T13:22:54.741+0000] {manager.py:740} INFO - There are 4 files in /opt/airflow/dags
[2026-03-25T13:23:17.107+0000] {manager.py:878} INFO - 
================================================================================
DAG File Processing Stats

File Path                                 PID  Runtime      # DAGs    # Errors  Last Runtime    Last Run
--------------------------------------  -----  ---------  --------  ----------  --------------  -------------------
/opt/airflow/dags/e_commerce_dw_dag.py                           1           0  0.17s           2026-03-25T13:22:52
/opt/airflow/dags/example.py                                     1           0  0.12s           2026-03-25T13:22:52
/opt/airflow/dags/new_dags.py                                    1           0  0.12s           2026-03-25T13:22:52
/opt/airflow/dags/extract_data.py         966  0.00s             0           0  0.06s           2026-03-25T13:22:46
================================================================================
[2026-03-25T13:23:47.834+0000] {manager.py:878} INFO - 
================================================================================
DAG File Processing Stats

File Path                                 PID  Runtime      # DAGs    # Errors  Last Runtime    Last Run
--------------------------------------  -----  ---------  --------  ----------  --------------  -------------------
/opt/airflow/dags/e_commerce_dw_dag.py                           1           0  0.23s           2026-03-25T13:23:23
/opt/airflow/dags/example.py                                     1           0  0.16s           2026-03-25T13:23:23
/opt/airflow/dags/new_dags.py                                    1           0  0.16s           2026-03-25T13:23:23
/opt/airflow/dags/extract_data.py         992  0.01s             0           0  0.07s           2026-03-25T13:23:17
================================================================================
[2026-03-25T13:24:18.576+0000] {manager.py:878} INFO - 
================================================================================
DAG File Processing Stats

File Path                                 PID  Runtime      # DAGs    # Errors  Last Runtime    Last Run
--------------------------------------  -----  ---------  --------  ----------  --------------  -------------------
/opt/airflow/dags/e_commerce_dw_dag.py                           1           0  0.17s           2026-03-25T13:23:54
/opt/airflow/dags/new_dags.py                                    1           0  0.15s           2026-03-25T13:23:54
/opt/airflow/dags/example.py                                     1           0  0.13s           2026-03-25T13:23:54
/opt/airflow/dags/extract_data.py        1018  0.00s             0           0  0.11s           2026-03-25T13:23:47
================================================================================
[2026-03-25T13:24:49.398+0000] {manager.py:878} INFO - 
================================================================================
DAG File Processing Stats

File Path                                 PID  Runtime      # DAGs    # Errors  Last Runtime    Last Run
--------------------------------------  -----  ---------  --------  ----------  --------------  -------------------
/opt/airflow/dags/e_commerce_dw_dag.py                           1           0  0.17s           2026-03-25T13:24:24
/opt/airflow/dags/new_dags.py                                    1           0  0.13s           2026-03-25T13:24:25
/opt/airflow/dags/example.py                                     1           0  0.13s           2026-03-25T13:24:24
/opt/airflow/dags/extract_data.py        1044  0.00s             0           0  0.06s           2026-03-25T13:24:18
================================================================================
[2026-03-25T13:25:20.114+0000] {manager.py:878} INFO - 
================================================================================
DAG File Processing Stats

File Path                                 PID  Runtime      # DAGs    # Errors  Last Runtime    Last Run
--------------------------------------  -----  ---------  --------  ----------  --------------  -------------------
/opt/airflow/dags/e_commerce_dw_dag.py                           1           0  0.19s           2026-03-25T13:24:55
/opt/airflow/dags/new_dags.py                                    1           0  0.14s           2026-03-25T13:24:55
/opt/airflow/dags/example.py                                     1           0  0.13s           2026-03-25T13:24:55
/opt/airflow/dags/extract_data.py        1070  0.00s             0           0  0.07s           2026-03-25T13:24:49
================================================================================
[2026-03-25T13:25:50.863+0000] {manager.py:878} INFO - 
================================================================================
DAG File Processing Stats

File Path                                 PID  Runtime      # DAGs    # Errors  Last Runtime    Last Run
--------------------------------------  -----  ---------  --------  ----------  --------------  -------------------
/opt/airflow/dags/e_commerce_dw_dag.py                           1           0  0.20s           2026-03-25T13:25:26
/opt/airflow/dags/example.py                                     1           0  0.14s           2026-03-25T13:25:26
/opt/airflow/dags/new_dags.py                                    1           0  0.14s           2026-03-25T13:25:26
/opt/airflow/dags/extract_data.py        1096  0.00s             0           0  0.06s           2026-03-25T13:25:20
================================================================================
[2026-03-25T13:26:21.669+0000] {manager.py:878} INFO - 
================================================================================
DAG File Processing Stats

File Path                                 PID  Runtime      # DAGs    # Errors  Last Runtime    Last Run
--------------------------------------  -----  ---------  --------  ----------  --------------  -------------------
/opt/airflow/dags/e_commerce_dw_dag.py                           1           0  0.23s           2026-03-25T13:25:57
/opt/airflow/dags/example.py                                     1           0  0.14s           2026-03-25T13:25:57
/opt/airflow/dags/new_dags.py                                    1           0  0.14s           2026-03-25T13:25:57
/opt/airflow/dags/extract_data.py        1122  0.00s             0           0  0.08s           2026-03-25T13:25:50
================================================================================
[2026-03-25T13:26:52.435+0000] {manager.py:878} INFO - 
================================================================================
DAG File Processing Stats

File Path                                 PID  Runtime      # DAGs    # Errors  Last Runtime    Last Run
--------------------------------------  -----  ---------  --------  ----------  --------------  -------------------
/opt/airflow/dags/e_commerce_dw_dag.py                           1           0  0.17s           2026-03-25T13:26:27
/opt/airflow/dags/new_dags.py                                    1           0  0.13s           2026-03-25T13:26:28
/opt/airflow/dags/example.py                                     1           0  0.13s           2026-03-25T13:26:27
/opt/airflow/dags/extract_data.py        1148  0.00s             0           0  0.11s           2026-03-25T13:26:21
================================================================================
[2026-03-25T13:27:23.175+0000] {manager.py:878} INFO - 
================================================================================
DAG File Processing Stats

File Path                                 PID  Runtime      # DAGs    # Errors  Last Runtime    Last Run
--------------------------------------  -----  ---------  --------  ----------  --------------  -------------------
/opt/airflow/dags/e_commerce_dw_dag.py                           1           0  0.18s           2026-03-25T13:26:58
/opt/airflow/dags/new_dags.py                                    1           0  0.13s           2026-03-25T13:26:58
/opt/airflow/dags/example.py                                     1           0  0.13s           2026-03-25T13:26:58
/opt/airflow/dags/extract_data.py        1174  0.00s             0           0  0.07s           2026-03-25T13:26:52
================================================================================
[2026-03-25T13:27:54.067+0000] {manager.py:878} INFO - 
================================================================================
DAG File Processing Stats

File Path                                 PID  Runtime      # DAGs    # Errors  Last Runtime    Last Run
--------------------------------------  -----  ---------  --------  ----------  --------------  -------------------
/opt/airflow/dags/e_commerce_dw_dag.py                           1           0  0.18s           2026-03-25T13:27:29
/opt/airflow/dags/new_dags.py                                    1           0  0.14s           2026-03-25T13:27:29
/opt/airflow/dags/example.py                                     1           0  0.13s           2026-03-25T13:27:29
/opt/airflow/dags/extract_data.py        1200  0.00s             0           0  0.10s           2026-03-25T13:27:23
================================================================================
[2026-03-25T13:27:55.076+0000] {manager.py:737} INFO - Searching for files in /opt/airflow/dags
[2026-03-25T13:27:55.224+0000] {manager.py:740} INFO - There are 4 files in /opt/airflow/dags
[2026-03-25T13:28:24.951+0000] {manager.py:878} INFO - 
================================================================================
DAG File Processing Stats

File Path                                 PID  Runtime      # DAGs    # Errors  Last Runtime    Last Run
--------------------------------------  -----  ---------  --------  ----------  --------------  -------------------
/opt/airflow/dags/e_commerce_dw_dag.py                           1           0  0.17s           2026-03-25T13:28:00
/opt/airflow/dags/example.py                                     1           0  0.14s           2026-03-25T13:28:00
/opt/airflow/dags/new_dags.py                                    1           0  0.13s           2026-03-25T13:28:00
/opt/airflow/dags/extract_data.py        1226  0.01s             0           0  0.06s           2026-03-25T13:27:54
================================================================================
[2026-03-25T13:28:55.718+0000] {manager.py:878} INFO - 
================================================================================
DAG File Processing Stats

File Path                                 PID  Runtime      # DAGs    # Errors  Last Runtime    Last Run
--------------------------------------  -----  ---------  --------  ----------  --------------  -------------------
/opt/airflow/dags/e_commerce_dw_dag.py                           1           0  0.19s           2026-03-25T13:28:31
/opt/airflow/dags/example.py                                     1           0  0.15s           2026-03-25T13:28:31
/opt/airflow/dags/new_dags.py                                    1           0  0.13s           2026-03-25T13:28:31
/opt/airflow/dags/extract_data.py        1252  0.00s             0           0  0.09s           2026-03-25T13:28:25
================================================================================
[2026-03-25T13:29:26.645+0000] {manager.py:878} INFO - 
================================================================================
DAG File Processing Stats

File Path                                 PID  Runtime      # DAGs    # Errors  Last Runtime    Last Run
--------------------------------------  -----  ---------  --------  ----------  --------------  -------------------
/opt/airflow/dags/e_commerce_dw_dag.py                           1           0  0.23s           2026-03-25T13:29:02
/opt/airflow/dags/example.py                                     1           0  0.16s           2026-03-25T13:29:02
/opt/airflow/dags/new_dags.py                                    1           0  0.13s           2026-03-25T13:29:02
/opt/airflow/dags/extract_data.py        1278  0.00s             0           0  0.08s           2026-03-25T13:28:55
================================================================================
[2026-03-25T13:29:57.470+0000] {manager.py:878} INFO - 
================================================================================
DAG File Processing Stats

File Path                                 PID  Runtime      # DAGs    # Errors  Last Runtime    Last Run
--------------------------------------  -----  ---------  --------  ----------  --------------  -------------------
/opt/airflow/dags/e_commerce_dw_dag.py                           1           0  0.19s           2026-03-25T13:29:32
/opt/airflow/dags/example.py                                     1           0  0.14s           2026-03-25T13:29:32
/opt/airflow/dags/new_dags.py                                    1           0  0.13s           2026-03-25T13:29:33
/opt/airflow/dags/extract_data.py        1304  0.00s             0           0  0.06s           2026-03-25T13:29:26
================================================================================
[2026-03-25T13:30:28.368+0000] {manager.py:878} INFO - 
================================================================================
DAG File Processing Stats

File Path                                 PID  Runtime      # DAGs    # Errors  Last Runtime    Last Run
--------------------------------------  -----  ---------  --------  ----------  --------------  -------------------
/opt/airflow/dags/e_commerce_dw_dag.py                           1           0  0.20s           2026-03-25T13:30:03
/opt/airflow/dags/new_dags.py                                    1           0  0.15s           2026-03-25T13:30:03
/opt/airflow/dags/example.py                                     1           0  0.14s           2026-03-25T13:30:03
/opt/airflow/dags/extract_data.py        1336  0.00s             0           0  0.09s           2026-03-25T13:29:57
================================================================================
[2026-03-25T13:30:59.147+0000] {manager.py:878} INFO - 
================================================================================
DAG File Processing Stats

File Path                                 PID  Runtime      # DAGs    # Errors  Last Runtime    Last Run
--------------------------------------  -----  ---------  --------  ----------  --------------  -------------------
/opt/airflow/dags/e_commerce_dw_dag.py                           1           0  0.18s           2026-03-25T13:30:34
/opt/airflow/dags/example.py                                     1           0  0.13s           2026-03-25T13:30:34
/opt/airflow/dags/new_dags.py                                    1           0  0.12s           2026-03-25T13:30:34
/opt/airflow/dags/extract_data.py        1363  0.01s             0           0  0.08s           2026-03-25T13:30:28
================================================================================
[2026-03-25T13:31:29.845+0000] {manager.py:878} INFO - 
================================================================================
DAG File Processing Stats

File Path                                 PID  Runtime      # DAGs    # Errors  Last Runtime    Last Run
--------------------------------------  -----  ---------  --------  ----------  --------------  -------------------
/opt/airflow/dags/e_commerce_dw_dag.py                           1           0  0.17s           2026-03-25T13:31:05
/opt/airflow/dags/example.py                                     1           0  0.13s           2026-03-25T13:31:05
/opt/airflow/dags/new_dags.py                                    1           0  0.13s           2026-03-25T13:31:05
/opt/airflow/dags/extract_data.py        1389  0.00s             0           0  0.07s           2026-03-25T13:30:59
================================================================================
[2026-03-25T13:32:00.729+0000] {manager.py:878} INFO - 
================================================================================
DAG File Processing Stats

File Path                                 PID  Runtime      # DAGs    # Errors  Last Runtime    Last Run
--------------------------------------  -----  ---------  --------  ----------  --------------  -------------------
/opt/airflow/dags/e_commerce_dw_dag.py                           1           0  0.19s           2026-03-25T13:31:36
/opt/airflow/dags/example.py                                     1           0  0.15s           2026-03-25T13:31:36
/opt/airflow/dags/new_dags.py                                    1           0  0.13s           2026-03-25T13:31:36
/opt/airflow/dags/extract_data.py        1415  0.01s             0           0  0.10s           2026-03-25T13:31:29
================================================================================
[2026-03-25T13:32:31.602+0000] {manager.py:878} INFO - 
================================================================================
DAG File Processing Stats

File Path                                 PID  Runtime      # DAGs    # Errors  Last Runtime    Last Run
--------------------------------------  -----  ---------  --------  ----------  --------------  -------------------
/opt/airflow/dags/e_commerce_dw_dag.py                           1           0  0.18s           2026-03-25T13:32:07
/opt/airflow/dags/example.py                                     1           0  0.13s           2026-03-25T13:32:07
/opt/airflow/dags/new_dags.py                                    1           0  0.12s           2026-03-25T13:32:07
/opt/airflow/dags/extract_data.py        1442  0.00s             0           0  0.10s           2026-03-25T13:32:00
================================================================================
[2026-03-25T13:32:55.179+0000] {manager.py:737} INFO - Searching for files in /opt/airflow/dags
[2026-03-25T13:32:55.317+0000] {manager.py:740} INFO - There are 4 files in /opt/airflow/dags
[2026-03-25T13:33:02.469+0000] {manager.py:878} INFO - 
================================================================================
DAG File Processing Stats

File Path                                 PID  Runtime      # DAGs    # Errors  Last Runtime    Last Run
--------------------------------------  -----  ---------  --------  ----------  --------------  -------------------
/opt/airflow/dags/e_commerce_dw_dag.py                           1           0  0.18s           2026-03-25T13:32:37
/opt/airflow/dags/example.py                                     1           0  0.14s           2026-03-25T13:32:37
/opt/airflow/dags/new_dags.py                                    1           0  0.13s           2026-03-25T13:32:38
/opt/airflow/dags/extract_data.py        1468  0.00s             0           0  0.07s           2026-03-25T13:32:31
================================================================================
[2026-03-25T13:33:33.300+0000] {manager.py:878} INFO - 
================================================================================
DAG File Processing Stats

File Path                                 PID  Runtime      # DAGs    # Errors  Last Runtime    Last Run
--------------------------------------  -----  ---------  --------  ----------  --------------  -------------------
/opt/airflow/dags/e_commerce_dw_dag.py                           1           0  0.19s           2026-03-25T13:33:08
/opt/airflow/dags/example.py                                     1           0  0.14s           2026-03-25T13:33:08
/opt/airflow/dags/new_dags.py                                    1           0  0.12s           2026-03-25T13:33:08
/opt/airflow/dags/extract_data.py        1494  0.01s             0           0  0.11s           2026-03-25T13:33:02
================================================================================
[2026-03-25T13:34:03.984+0000] {manager.py:878} INFO - 
================================================================================
DAG File Processing Stats

File Path                                 PID  Runtime      # DAGs    # Errors  Last Runtime    Last Run
--------------------------------------  -----  ---------  --------  ----------  --------------  -------------------
/opt/airflow/dags/e_commerce_dw_dag.py                           1           0  0.19s           2026-03-25T13:33:39
/opt/airflow/dags/example.py                                     1           0  0.14s           2026-03-25T13:33:39
/opt/airflow/dags/new_dags.py                                    1           0  0.13s           2026-03-25T13:33:39
/opt/airflow/dags/extract_data.py        1520  0.01s             0           0  0.06s           2026-03-25T13:33:33
================================================================================
[2026-03-25T13:34:34.777+0000] {manager.py:878} INFO - 
================================================================================
DAG File Processing Stats

File Path                                 PID  Runtime      # DAGs    # Errors  Last Runtime    Last Run
--------------------------------------  -----  ---------  --------  ----------  --------------  -------------------
/opt/airflow/dags/e_commerce_dw_dag.py                           1           0  0.21s           2026-03-25T13:34:10
/opt/airflow/dags/example.py                                     1           0  0.14s           2026-03-25T13:34:10
/opt/airflow/dags/new_dags.py                                    1           0  0.13s           2026-03-25T13:34:10
/opt/airflow/dags/extract_data.py        1547  0.00s             0           0  0.09s           2026-03-25T13:34:04
================================================================================
[2026-03-25T13:35:05.610+0000] {manager.py:878} INFO - 
================================================================================
DAG File Processing Stats

File Path                                 PID  Runtime      # DAGs    # Errors  Last Runtime    Last Run
--------------------------------------  -----  ---------  --------  ----------  --------------  -------------------
/opt/airflow/dags/e_commerce_dw_dag.py                           1           0  0.17s           2026-03-25T13:34:41
/opt/airflow/dags/new_dags.py                                    1           0  0.13s           2026-03-25T13:34:41
/opt/airflow/dags/example.py                                     1           0  0.12s           2026-03-25T13:34:41
/opt/airflow/dags/extract_data.py        1573  0.00s             0           0  0.07s           2026-03-25T13:34:34
================================================================================
[2026-03-25T13:35:36.402+0000] {manager.py:878} INFO - 
================================================================================
DAG File Processing Stats

File Path                                 PID  Runtime      # DAGs    # Errors  Last Runtime    Last Run
--------------------------------------  -----  ---------  --------  ----------  --------------  -------------------
/opt/airflow/dags/e_commerce_dw_dag.py                           1           0  0.17s           2026-03-25T13:35:11
/opt/airflow/dags/example.py                                     1           0  0.13s           2026-03-25T13:35:11
/opt/airflow/dags/new_dags.py                                    1           0  0.12s           2026-03-25T13:35:12
/opt/airflow/dags/extract_data.py        1599  0.00s             0           0  0.07s           2026-03-25T13:35:05
================================================================================
[2026-03-25T13:36:07.175+0000] {manager.py:878} INFO - 
================================================================================
DAG File Processing Stats

File Path                                 PID  Runtime      # DAGs    # Errors  Last Runtime    Last Run
--------------------------------------  -----  ---------  --------  ----------  --------------  -------------------
/opt/airflow/dags/e_commerce_dw_dag.py                           1           0  0.21s           2026-03-25T13:35:42
/opt/airflow/dags/example.py                                     1           0  0.15s           2026-03-25T13:35:42
/opt/airflow/dags/new_dags.py                                    1           0  0.14s           2026-03-25T13:35:42
/opt/airflow/dags/extract_data.py        1625  0.00s             0           0  0.08s           2026-03-25T13:35:36
================================================================================
[2026-03-25T13:36:37.970+0000] {manager.py:878} INFO - 
================================================================================
DAG File Processing Stats

File Path                                 PID  Runtime      # DAGs    # Errors  Last Runtime    Last Run
--------------------------------------  -----  ---------  --------  ----------  --------------  -------------------
/opt/airflow/dags/e_commerce_dw_dag.py                           1           0  0.17s           2026-03-25T13:36:13
/opt/airflow/dags/new_dags.py                                    1           0  0.13s           2026-03-25T13:36:13
/opt/airflow/dags/example.py                                     1           0  0.13s           2026-03-25T13:36:13
/opt/airflow/dags/extract_data.py        1651  0.00s             0           0  0.07s           2026-03-25T13:36:07
================================================================================
[2026-03-25T13:37:08.723+0000] {manager.py:878} INFO - 
================================================================================
DAG File Processing Stats

File Path                                 PID  Runtime      # DAGs    # Errors  Last Runtime    Last Run
--------------------------------------  -----  ---------  --------  ----------  --------------  -------------------
/opt/airflow/dags/e_commerce_dw_dag.py                           1           0  0.17s           2026-03-25T13:36:44
/opt/airflow/dags/example.py                                     1           0  0.14s           2026-03-25T13:36:44
/opt/airflow/dags/new_dags.py                                    1           0  0.12s           2026-03-25T13:36:44
/opt/airflow/dags/extract_data.py        1677  0.01s             0           0  0.07s           2026-03-25T13:36:38
================================================================================
[2026-03-25T13:37:38.758+0000] {manager.py:878} INFO - 
================================================================================
DAG File Processing Stats

File Path                               PID    Runtime      # DAGs    # Errors  Last Runtime    Last Run
--------------------------------------  -----  ---------  --------  ----------  --------------  -------------------
/opt/airflow/dags/e_commerce_dw_dag.py                           1           0  0.39s           2026-03-25T13:37:15
/opt/airflow/dags/example.py                                     1           0  0.30s           2026-03-25T13:37:15
/opt/airflow/dags/extract_data.py                                0           0  0.19s           2026-03-25T13:37:08
/opt/airflow/dags/new_dags.py                                    1           0  0.15s           2026-03-25T13:37:15
================================================================================
[2026-03-25T13:37:55.243+0000] {manager.py:737} INFO - Searching for files in /opt/airflow/dags
[2026-03-25T13:37:55.380+0000] {manager.py:740} INFO - There are 4 files in /opt/airflow/dags
[2026-03-25T13:38:09.674+0000] {manager.py:878} INFO - 
================================================================================
DAG File Processing Stats

File Path                               PID    Runtime      # DAGs    # Errors  Last Runtime    Last Run
--------------------------------------  -----  ---------  --------  ----------  --------------  -------------------
/opt/airflow/dags/e_commerce_dw_dag.py                           1           0  0.22s           2026-03-25T13:37:46
/opt/airflow/dags/example.py                                     1           0  0.15s           2026-03-25T13:37:46
/opt/airflow/dags/new_dags.py                                    1           0  0.14s           2026-03-25T13:37:46
/opt/airflow/dags/extract_data.py                                0           0  0.06s           2026-03-25T13:37:39
================================================================================
[2026-03-25T13:38:40.473+0000] {manager.py:878} INFO - 
================================================================================
DAG File Processing Stats

File Path                               PID    Runtime      # DAGs    # Errors  Last Runtime    Last Run
--------------------------------------  -----  ---------  --------  ----------  --------------  -------------------
/opt/airflow/dags/e_commerce_dw_dag.py                           1           0  0.19s           2026-03-25T13:38:17
/opt/airflow/dags/example.py                                     1           0  0.14s           2026-03-25T13:38:16
/opt/airflow/dags/new_dags.py                                    1           0  0.13s           2026-03-25T13:38:17
/opt/airflow/dags/extract_data.py                                0           0  0.08s           2026-03-25T13:38:10
================================================================================
[2026-03-25T13:39:11.356+0000] {manager.py:878} INFO - 
================================================================================
DAG File Processing Stats

File Path                               PID    Runtime      # DAGs    # Errors  Last Runtime    Last Run
--------------------------------------  -----  ---------  --------  ----------  --------------  -------------------
/opt/airflow/dags/e_commerce_dw_dag.py                           1           0  0.17s           2026-03-25T13:38:47
/opt/airflow/dags/example.py                                     1           0  0.13s           2026-03-25T13:38:47
/opt/airflow/dags/new_dags.py                                    1           0  0.13s           2026-03-25T13:38:47
/opt/airflow/dags/extract_data.py                                0           0  0.09s           2026-03-25T13:38:41
================================================================================
[2026-03-25T13:39:42.166+0000] {manager.py:878} INFO - 
================================================================================
DAG File Processing Stats

File Path                               PID    Runtime      # DAGs    # Errors  Last Runtime    Last Run
--------------------------------------  -----  ---------  --------  ----------  --------------  -------------------
/opt/airflow/dags/e_commerce_dw_dag.py                           1           0  0.18s           2026-03-25T13:39:18
/opt/airflow/dags/example.py                                     1           0  0.14s           2026-03-25T13:39:18
/opt/airflow/dags/new_dags.py                                    1           0  0.13s           2026-03-25T13:39:18
/opt/airflow/dags/extract_data.py                                0           0  0.10s           2026-03-25T13:39:12
================================================================================
[2026-03-25T13:40:12.167+0000] {manager.py:878} INFO - 
================================================================================
DAG File Processing Stats

File Path                               PID    Runtime      # DAGs    # Errors  Last Runtime    Last Run
--------------------------------------  -----  ---------  --------  ----------  --------------  -------------------
/opt/airflow/dags/e_commerce_dw_dag.py                           1           0  0.17s           2026-03-25T13:39:49
/opt/airflow/dags/new_dags.py                                    1           0  0.15s           2026-03-25T13:39:49
/opt/airflow/dags/example.py                                     1           0  0.14s           2026-03-25T13:39:49
/opt/airflow/dags/extract_data.py                                0           0  0.07s           2026-03-25T13:39:43
================================================================================
[2026-03-25T13:40:42.951+0000] {manager.py:878} INFO - 
================================================================================
DAG File Processing Stats

File Path                               PID    Runtime      # DAGs    # Errors  Last Runtime    Last Run
--------------------------------------  -----  ---------  --------  ----------  --------------  -------------------
/opt/airflow/dags/e_commerce_dw_dag.py                           1           0  0.25s           2026-03-25T13:40:20
/opt/airflow/dags/example.py                                     1           0  0.19s           2026-03-25T13:40:20
/opt/airflow/dags/new_dags.py                                    1           0  0.12s           2026-03-25T13:40:20
/opt/airflow/dags/extract_data.py                                0           0  0.08s           2026-03-25T13:40:14
================================================================================
[2026-03-25T13:41:13.787+0000] {manager.py:878} INFO - 
================================================================================
DAG File Processing Stats

File Path                               PID    Runtime      # DAGs    # Errors  Last Runtime    Last Run
--------------------------------------  -----  ---------  --------  ----------  --------------  -------------------
/opt/airflow/dags/e_commerce_dw_dag.py                           1           0  0.17s           2026-03-25T13:40:51
/opt/airflow/dags/new_dags.py                                    1           0  0.13s           2026-03-25T13:40:51
/opt/airflow/dags/example.py                                     1           0  0.13s           2026-03-25T13:40:51
/opt/airflow/dags/extract_data.py                                0           0  0.08s           2026-03-25T13:40:45
================================================================================
[2026-03-25T13:41:44.633+0000] {manager.py:878} INFO - 
================================================================================
DAG File Processing Stats

File Path                               PID    Runtime      # DAGs    # Errors  Last Runtime    Last Run
--------------------------------------  -----  ---------  --------  ----------  --------------  -------------------
/opt/airflow/dags/e_commerce_dw_dag.py                           1           0  0.18s           2026-03-25T13:41:22
/opt/airflow/dags/example.py                                     1           0  0.13s           2026-03-25T13:41:22
/opt/airflow/dags/new_dags.py                                    1           0  0.13s           2026-03-25T13:41:22
/opt/airflow/dags/extract_data.py                                0           0  0.10s           2026-03-25T13:41:15
================================================================================
[2026-03-25T13:42:15.539+0000] {manager.py:878} INFO - 
================================================================================
DAG File Processing Stats

File Path                               PID    Runtime      # DAGs    # Errors  Last Runtime    Last Run
--------------------------------------  -----  ---------  --------  ----------  --------------  -------------------
/opt/airflow/dags/e_commerce_dw_dag.py                           1           0  0.27s           2026-03-25T13:41:53
/opt/airflow/dags/example.py                                     1           0  0.20s           2026-03-25T13:41:53
/opt/airflow/dags/new_dags.py                                    1           0  0.14s           2026-03-25T13:41:53
/opt/airflow/dags/extract_data.py                                0           0  0.09s           2026-03-25T13:41:46
================================================================================
[2026-03-25T13:42:46.395+0000] {manager.py:878} INFO - 
================================================================================
DAG File Processing Stats

File Path                               PID    Runtime      # DAGs    # Errors  Last Runtime    Last Run
--------------------------------------  -----  ---------  --------  ----------  --------------  -------------------
/opt/airflow/dags/e_commerce_dw_dag.py                           1           0  0.18s           2026-03-25T13:42:23
/opt/airflow/dags/example.py                                     1           0  0.13s           2026-03-25T13:42:23
/opt/airflow/dags/new_dags.py                                    1           0  0.13s           2026-03-25T13:42:24
/opt/airflow/dags/extract_data.py                                0           0  0.09s           2026-03-25T13:42:17
================================================================================
[2026-03-25T13:42:55.791+0000] {manager.py:737} INFO - Searching for files in /opt/airflow/dags
[2026-03-25T13:42:55.977+0000] {manager.py:740} INFO - There are 4 files in /opt/airflow/dags
[2026-03-25T13:43:16.405+0000] {manager.py:878} INFO - 
================================================================================
DAG File Processing Stats

File Path                               PID    Runtime      # DAGs    # Errors  Last Runtime    Last Run
--------------------------------------  -----  ---------  --------  ----------  --------------  -------------------
/opt/airflow/dags/e_commerce_dw_dag.py                           1           0  0.18s           2026-03-25T13:42:54
/opt/airflow/dags/example.py                                     1           0  0.13s           2026-03-25T13:42:54
/opt/airflow/dags/new_dags.py                                    1           0  0.12s           2026-03-25T13:42:54
/opt/airflow/dags/extract_data.py                                0           0  0.09s           2026-03-25T13:42:48
================================================================================
[2026-03-25T13:43:47.163+0000] {manager.py:878} INFO - 
================================================================================
DAG File Processing Stats

File Path                               PID    Runtime      # DAGs    # Errors  Last Runtime    Last Run
--------------------------------------  -----  ---------  --------  ----------  --------------  -------------------
/opt/airflow/dags/e_commerce_dw_dag.py                           1           0  0.17s           2026-03-25T13:43:25
/opt/airflow/dags/example.py                                     1           0  0.13s           2026-03-25T13:43:25
/opt/airflow/dags/new_dags.py                                    1           0  0.12s           2026-03-25T13:43:25
/opt/airflow/dags/extract_data.py                                0           0  0.09s           2026-03-25T13:43:19
================================================================================
[2026-03-25T13:44:18.044+0000] {manager.py:878} INFO - 
================================================================================
DAG File Processing Stats

File Path                               PID    Runtime      # DAGs    # Errors  Last Runtime    Last Run
--------------------------------------  -----  ---------  --------  ----------  --------------  -------------------
/opt/airflow/dags/e_commerce_dw_dag.py                           1           0  0.18s           2026-03-25T13:43:56
/opt/airflow/dags/example.py                                     1           0  0.14s           2026-03-25T13:43:56
/opt/airflow/dags/new_dags.py                                    1           0  0.13s           2026-03-25T13:43:56
/opt/airflow/dags/extract_data.py                                0           0  0.09s           2026-03-25T13:43:50
================================================================================
[2026-03-25T13:44:48.817+0000] {manager.py:878} INFO - 
================================================================================
DAG File Processing Stats

File Path                               PID    Runtime      # DAGs    # Errors  Last Runtime    Last Run
--------------------------------------  -----  ---------  --------  ----------  --------------  -------------------
/opt/airflow/dags/e_commerce_dw_dag.py                           1           0  0.22s           2026-03-25T13:44:27
/opt/airflow/dags/new_dags.py                                    1           0  0.18s           2026-03-25T13:44:27
/opt/airflow/dags/example.py                                     1           0  0.14s           2026-03-25T13:44:27
/opt/airflow/dags/extract_data.py                                0           0  0.08s           2026-03-25T13:44:21
================================================================================
[2026-03-25T13:45:19.467+0000] {manager.py:878} INFO - 
================================================================================
DAG File Processing Stats

File Path                               PID    Runtime      # DAGs    # Errors  Last Runtime    Last Run
--------------------------------------  -----  ---------  --------  ----------  --------------  -------------------
/opt/airflow/dags/e_commerce_dw_dag.py                           1           0  0.18s           2026-03-25T13:44:58
/opt/airflow/dags/example.py                                     1           0  0.13s           2026-03-25T13:44:58
/opt/airflow/dags/new_dags.py                                    1           0  0.13s           2026-03-25T13:44:58
/opt/airflow/dags/extract_data.py                                0           0  0.08s           2026-03-25T13:44:51
================================================================================
[2026-03-25T13:45:49.476+0000] {manager.py:878} INFO - 
================================================================================
DAG File Processing Stats

File Path                               PID    Runtime      # DAGs    # Errors  Last Runtime    Last Run
--------------------------------------  -----  ---------  --------  ----------  --------------  -------------------
/opt/airflow/dags/e_commerce_dw_dag.py                           1           0  0.29s           2026-03-25T13:45:28
/opt/airflow/dags/example.py                                     1           0  0.21s           2026-03-25T13:45:28
/opt/airflow/dags/new_dags.py                                    1           0  0.17s           2026-03-25T13:45:29
/opt/airflow/dags/extract_data.py                                0           0  0.09s           2026-03-25T13:45:22
================================================================================
[2026-03-25T13:46:20.171+0000] {manager.py:878} INFO - 
================================================================================
DAG File Processing Stats

File Path                               PID    Runtime      # DAGs    # Errors  Last Runtime    Last Run
--------------------------------------  -----  ---------  --------  ----------  --------------  -------------------
/opt/airflow/dags/e_commerce_dw_dag.py                           1           0  0.20s           2026-03-25T13:45:59
/opt/airflow/dags/example.py                                     1           0  0.15s           2026-03-25T13:45:59
/opt/airflow/dags/new_dags.py                                    1           0  0.13s           2026-03-25T13:45:59
/opt/airflow/dags/extract_data.py                                0           0  0.10s           2026-03-25T13:45:53
================================================================================
[2026-03-25T13:47:35.398+0000] {manager.py:470} INFO - Processing files using up to 2 processes at a time 
[2026-03-25T13:47:35.401+0000] {manager.py:471} INFO - Process each file at most once every 30 seconds
[2026-03-25T13:47:35.404+0000] {manager.py:472} INFO - Checking for new files in /opt/airflow/dags every 300 seconds
[2026-03-25T13:47:35.406+0000] {manager.py:737} INFO - Searching for files in /opt/airflow/dags
[2026-03-25T13:47:35.666+0000] {manager.py:740} INFO - There are 4 files in /opt/airflow/dags
[2026-03-25T13:47:35.824+0000] {manager.py:878} INFO - 
================================================================================
DAG File Processing Stats

File Path                                 PID  Runtime      # DAGs    # Errors  Last Runtime    Last Run
--------------------------------------  -----  ---------  --------  ----------  --------------  ----------
/opt/airflow/dags/example.py                                     0           0
/opt/airflow/dags/extract_data.py         188  0.06s             0           0
/opt/airflow/dags/e_commerce_dw_dag.py    185  0.09s             0           0
/opt/airflow/dags/new_dags.py                                    0           0
================================================================================
[2026-03-25T13:48:05.982+0000] {manager.py:878} INFO - 
================================================================================
DAG File Processing Stats

File Path                                 PID  Runtime      # DAGs    # Errors  Last Runtime    Last Run
--------------------------------------  -----  ---------  --------  ----------  --------------  -------------------
/opt/airflow/dags/e_commerce_dw_dag.py                           1           0  0.60s           2026-03-25T13:47:36
/opt/airflow/dags/example.py                                     1           0  0.42s           2026-03-25T13:47:36
/opt/airflow/dags/new_dags.py                                    1           0  0.24s           2026-03-25T13:47:36
/opt/airflow/dags/extract_data.py         211  0.01s             0           0  0.11s           2026-03-25T13:47:35
================================================================================
[2026-03-25T13:48:36.739+0000] {manager.py:878} INFO - 
================================================================================
DAG File Processing Stats

File Path                                 PID  Runtime      # DAGs    # Errors  Last Runtime    Last Run
--------------------------------------  -----  ---------  --------  ----------  --------------  -------------------
/opt/airflow/dags/e_commerce_dw_dag.py                           1           0  0.23s           2026-03-25T13:48:07
/opt/airflow/dags/example.py                                     1           0  0.17s           2026-03-25T13:48:07
/opt/airflow/dags/new_dags.py                                    1           0  0.15s           2026-03-25T13:48:07
/opt/airflow/dags/extract_data.py         237  0.00s             0           0  0.09s           2026-03-25T13:48:06
================================================================================
[2026-03-25T13:49:07.462+0000] {manager.py:878} INFO - 
================================================================================
DAG File Processing Stats

File Path                                 PID  Runtime      # DAGs    # Errors  Last Runtime    Last Run
--------------------------------------  -----  ---------  --------  ----------  --------------  -------------------
/opt/airflow/dags/e_commerce_dw_dag.py                           1           0  0.19s           2026-03-25T13:48:38
/opt/airflow/dags/example.py                                     1           0  0.15s           2026-03-25T13:48:37
/opt/airflow/dags/new_dags.py                                    1           0  0.12s           2026-03-25T13:48:38
/opt/airflow/dags/extract_data.py         263  0.01s             0           0  0.10s           2026-03-25T13:48:36
================================================================================
[2026-03-25T13:49:38.193+0000] {manager.py:878} INFO - 
================================================================================
DAG File Processing Stats

File Path                                 PID  Runtime      # DAGs    # Errors  Last Runtime    Last Run
--------------------------------------  -----  ---------  --------  ----------  --------------  -------------------
/opt/airflow/dags/e_commerce_dw_dag.py                           1           0  0.20s           2026-03-25T13:49:08
/opt/airflow/dags/new_dags.py                                    1           0  0.15s           2026-03-25T13:49:08
/opt/airflow/dags/example.py                                     1           0  0.14s           2026-03-25T13:49:08
/opt/airflow/dags/extract_data.py         289  0.00s             0           0  0.08s           2026-03-25T13:49:07
================================================================================
[2026-03-25T13:50:08.896+0000] {manager.py:878} INFO - 
================================================================================
DAG File Processing Stats

File Path                                 PID  Runtime      # DAGs    # Errors  Last Runtime    Last Run
--------------------------------------  -----  ---------  --------  ----------  --------------  -------------------
/opt/airflow/dags/e_commerce_dw_dag.py                           1           0  0.17s           2026-03-25T13:49:39
/opt/airflow/dags/example.py                                     1           0  0.13s           2026-03-25T13:49:39
/opt/airflow/dags/new_dags.py                                    1           0  0.12s           2026-03-25T13:49:39
/opt/airflow/dags/extract_data.py         315  0.01s             0           0  0.07s           2026-03-25T13:49:38
================================================================================
[2026-03-25T13:50:39.634+0000] {manager.py:878} INFO - 
================================================================================
DAG File Processing Stats

File Path                                 PID  Runtime      # DAGs    # Errors  Last Runtime    Last Run
--------------------------------------  -----  ---------  --------  ----------  --------------  -------------------
/opt/airflow/dags/e_commerce_dw_dag.py                           1           0  0.20s           2026-03-25T13:50:10
/opt/airflow/dags/example.py                                     1           0  0.15s           2026-03-25T13:50:10
/opt/airflow/dags/new_dags.py                                    1           0  0.12s           2026-03-25T13:50:10
/opt/airflow/dags/extract_data.py         341  0.01s             0           0  0.08s           2026-03-25T13:50:08
================================================================================
[2026-03-25T13:51:03.532+0000] {manager.py:452} INFO - Exiting gracefully upon receiving signal 15
[2026-03-25T13:52:08.994+0000] {manager.py:470} INFO - Processing files using up to 2 processes at a time 
[2026-03-25T13:52:08.996+0000] {manager.py:471} INFO - Process each file at most once every 30 seconds
[2026-03-25T13:52:08.998+0000] {manager.py:472} INFO - Checking for new files in /opt/airflow/dags every 300 seconds
[2026-03-25T13:52:09.000+0000] {manager.py:737} INFO - Searching for files in /opt/airflow/dags
[2026-03-25T13:52:09.279+0000] {manager.py:740} INFO - There are 4 files in /opt/airflow/dags
[2026-03-25T13:52:09.430+0000] {manager.py:878} INFO - 
================================================================================
DAG File Processing Stats

File Path                                 PID  Runtime      # DAGs    # Errors  Last Runtime    Last Run
--------------------------------------  -----  ---------  --------  ----------  --------------  ----------
/opt/airflow/dags/example.py                                     0           0
/opt/airflow/dags/extract_data.py         189  0.06s             0           0
/opt/airflow/dags/e_commerce_dw_dag.py    186  0.08s             0           0
/opt/airflow/dags/new_dags.py                                    0           0
================================================================================
[2026-03-25T13:52:39.598+0000] {manager.py:878} INFO - 
================================================================================
DAG File Processing Stats

File Path                                 PID  Runtime      # DAGs    # Errors  Last Runtime    Last Run
--------------------------------------  -----  ---------  --------  ----------  --------------  -------------------
/opt/airflow/dags/e_commerce_dw_dag.py                           1           0  0.77s           2026-03-25T13:52:10
/opt/airflow/dags/example.py                                     1           0  0.64s           2026-03-25T13:52:10
/opt/airflow/dags/new_dags.py                                    1           0  0.33s           2026-03-25T13:52:10
/opt/airflow/dags/extract_data.py         212  0.01s             0           0  0.12s           2026-03-25T13:52:09
================================================================================
[2026-03-25T13:53:10.374+0000] {manager.py:878} INFO - 
================================================================================
DAG File Processing Stats

File Path                                 PID  Runtime      # DAGs    # Errors  Last Runtime    Last Run
--------------------------------------  -----  ---------  --------  ----------  --------------  -------------------
/opt/airflow/dags/e_commerce_dw_dag.py                           1           0  0.20s           2026-03-25T13:52:40
/opt/airflow/dags/example.py                                     1           0  0.15s           2026-03-25T13:52:40
/opt/airflow/dags/new_dags.py                                    1           0  0.13s           2026-03-25T13:52:40
/opt/airflow/dags/extract_data.py         238  0.00s             0           0  0.11s           2026-03-25T13:52:39
================================================================================
[2026-03-25T13:53:41.147+0000] {manager.py:878} INFO - 
================================================================================
DAG File Processing Stats

File Path                                 PID  Runtime      # DAGs    # Errors  Last Runtime    Last Run
--------------------------------------  -----  ---------  --------  ----------  --------------  -------------------
/opt/airflow/dags/e_commerce_dw_dag.py                           1           0  0.22s           2026-03-25T13:53:11
/opt/airflow/dags/example.py                                     1           0  0.16s           2026-03-25T13:53:11
/opt/airflow/dags/new_dags.py                                    1           0  0.16s           2026-03-25T13:53:11
/opt/airflow/dags/extract_data.py         265  0.01s             0           0  0.07s           2026-03-25T13:53:10
================================================================================
[2026-03-25T13:54:12.036+0000] {manager.py:878} INFO - 
================================================================================
DAG File Processing Stats

File Path                                 PID  Runtime      # DAGs    # Errors  Last Runtime    Last Run
--------------------------------------  -----  ---------  --------  ----------  --------------  -------------------
/opt/airflow/dags/e_commerce_dw_dag.py                           1           0  0.33s           2026-03-25T13:53:42
/opt/airflow/dags/example.py                                     1           0  0.26s           2026-03-25T13:53:42
/opt/airflow/dags/new_dags.py                                    1           0  0.14s           2026-03-25T13:53:42
/opt/airflow/dags/extract_data.py         297  0.01s             0           0  0.10s           2026-03-25T13:53:41
================================================================================
[2026-03-25T13:54:42.822+0000] {manager.py:878} INFO - 
================================================================================
DAG File Processing Stats

File Path                                 PID  Runtime      # DAGs    # Errors  Last Runtime    Last Run
--------------------------------------  -----  ---------  --------  ----------  --------------  -------------------
/opt/airflow/dags/e_commerce_dw_dag.py                           1           0  0.25s           2026-03-25T13:54:13
/opt/airflow/dags/example.py                                     1           0  0.19s           2026-03-25T13:54:13
/opt/airflow/dags/new_dags.py                                    1           0  0.14s           2026-03-25T13:54:13
/opt/airflow/dags/extract_data.py         323  0.01s             0           0  0.09s           2026-03-25T13:54:12
================================================================================
[2026-03-25T13:55:12.853+0000] {manager.py:878} INFO - 
================================================================================
DAG File Processing Stats

File Path                               PID    Runtime      # DAGs    # Errors  Last Runtime    Last Run
--------------------------------------  -----  ---------  --------  ----------  --------------  -------------------
/opt/airflow/dags/e_commerce_dw_dag.py                           1           0  0.21s           2026-03-25T13:54:44
/opt/airflow/dags/example.py                                     1           0  0.16s           2026-03-25T13:54:44
/opt/airflow/dags/new_dags.py                                    1           0  0.14s           2026-03-25T13:54:44
/opt/airflow/dags/extract_data.py                                0           0  0.10s           2026-03-25T13:54:42
================================================================================
[2026-03-25T13:55:43.814+0000] {manager.py:878} INFO - 
================================================================================
DAG File Processing Stats

File Path                               PID    Runtime      # DAGs    # Errors  Last Runtime    Last Run
--------------------------------------  -----  ---------  --------  ----------  --------------  -------------------
/opt/airflow/dags/e_commerce_dw_dag.py                           1           0  0.18s           2026-03-25T13:55:15
/opt/airflow/dags/example.py                                     1           0  0.14s           2026-03-25T13:55:15
/opt/airflow/dags/new_dags.py                                    1           0  0.13s           2026-03-25T13:55:15
/opt/airflow/dags/extract_data.py                                0           0  0.10s           2026-03-25T13:55:13
================================================================================
[2026-03-25T13:56:13.858+0000] {manager.py:878} INFO - 
================================================================================
DAG File Processing Stats

File Path                               PID    Runtime      # DAGs    # Errors  Last Runtime    Last Run
--------------------------------------  -----  ---------  --------  ----------  --------------  -------------------
/opt/airflow/dags/e_commerce_dw_dag.py                           1           0  0.21s           2026-03-25T13:55:46
/opt/airflow/dags/example.py                                     1           0  0.15s           2026-03-25T13:55:46
/opt/airflow/dags/new_dags.py                                    1           0  0.14s           2026-03-25T13:55:46
/opt/airflow/dags/extract_data.py                                0           0  0.08s           2026-03-25T13:55:44
================================================================================
[2026-03-25T13:56:44.577+0000] {manager.py:878} INFO - 
================================================================================
DAG File Processing Stats

File Path                               PID    Runtime      # DAGs    # Errors  Last Runtime    Last Run
--------------------------------------  -----  ---------  --------  ----------  --------------  -------------------
/opt/airflow/dags/e_commerce_dw_dag.py                           1           0  0.34s           2026-03-25T13:56:17
/opt/airflow/dags/example.py                                     1           0  0.26s           2026-03-25T13:56:17
/opt/airflow/dags/new_dags.py                                    1           0  0.18s           2026-03-25T13:56:17
/opt/airflow/dags/extract_data.py                                0           0  0.14s           2026-03-25T13:56:15
================================================================================
[2026-03-25T13:57:09.297+0000] {manager.py:737} INFO - Searching for files in /opt/airflow/dags
[2026-03-25T13:57:09.668+0000] {manager.py:740} INFO - There are 4 files in /opt/airflow/dags
[2026-03-25T13:57:14.801+0000] {manager.py:878} INFO - 
================================================================================
DAG File Processing Stats

File Path                               PID    Runtime      # DAGs    # Errors  Last Runtime    Last Run
--------------------------------------  -----  ---------  --------  ----------  --------------  -------------------
/opt/airflow/dags/e_commerce_dw_dag.py                           1           0  0.17s           2026-03-25T13:56:47
/opt/airflow/dags/new_dags.py                                    1           0  0.13s           2026-03-25T13:56:47
/opt/airflow/dags/example.py                                     1           0  0.13s           2026-03-25T13:56:47
/opt/airflow/dags/extract_data.py                                0           0  0.12s           2026-03-25T13:56:46
================================================================================
[2026-03-25T13:57:45.531+0000] {manager.py:878} INFO - 
================================================================================
DAG File Processing Stats

File Path                               PID    Runtime      # DAGs    # Errors  Last Runtime    Last Run
--------------------------------------  -----  ---------  --------  ----------  --------------  -------------------
/opt/airflow/dags/e_commerce_dw_dag.py                           1           0  0.18s           2026-03-25T13:57:18
/opt/airflow/dags/example.py                                     1           0  0.13s           2026-03-25T13:57:18
/opt/airflow/dags/new_dags.py                                    1           0  0.13s           2026-03-25T13:57:18
/opt/airflow/dags/extract_data.py                                0           0  0.09s           2026-03-25T13:57:16
================================================================================
[2026-03-25T13:58:15.818+0000] {manager.py:878} INFO - 
================================================================================
DAG File Processing Stats

File Path                               PID    Runtime      # DAGs    # Errors  Last Runtime    Last Run
--------------------------------------  -----  ---------  --------  ----------  --------------  -------------------
/opt/airflow/dags/e_commerce_dw_dag.py                           1           0  0.75s           2026-03-25T13:57:48
/opt/airflow/dags/example.py                                     1           0  0.55s           2026-03-25T13:57:48
/opt/airflow/dags/extract_data.py                                0           0  0.44s           2026-03-25T13:57:48
/opt/airflow/dags/new_dags.py                                    1           0  0.37s           2026-03-25T13:57:49
================================================================================
[2026-03-25T13:58:46.201+0000] {manager.py:878} INFO - 
================================================================================
DAG File Processing Stats

File Path                               PID    Runtime      # DAGs    # Errors  Last Runtime    Last Run
--------------------------------------  -----  ---------  --------  ----------  --------------  -------------------
/opt/airflow/dags/e_commerce_dw_dag.py                           1           0  0.21s           2026-03-25T13:58:19
/opt/airflow/dags/new_dags.py                                    1           0  0.18s           2026-03-25T13:58:19
/opt/airflow/dags/example.py                                     1           0  0.14s           2026-03-25T13:58:19
/opt/airflow/dags/extract_data.py                                0           0  0.12s           2026-03-25T13:58:18
================================================================================
[2026-03-25T13:59:16.293+0000] {manager.py:878} INFO - 
================================================================================
DAG File Processing Stats

File Path                               PID    Runtime      # DAGs    # Errors  Last Runtime    Last Run
--------------------------------------  -----  ---------  --------  ----------  --------------  -------------------
/opt/airflow/dags/e_commerce_dw_dag.py                           1           0  0.17s           2026-03-25T13:58:50
/opt/airflow/dags/example.py                                     1           0  0.13s           2026-03-25T13:58:50
/opt/airflow/dags/new_dags.py                                    1           0  0.13s           2026-03-25T13:58:50
/opt/airflow/dags/extract_data.py                                0           0  0.07s           2026-03-25T13:58:49
================================================================================
[2026-03-25T13:59:46.332+0000] {manager.py:878} INFO - 
================================================================================
DAG File Processing Stats

File Path                               PID    Runtime      # DAGs    # Errors  Last Runtime    Last Run
--------------------------------------  -----  ---------  --------  ----------  --------------  -------------------
/opt/airflow/dags/e_commerce_dw_dag.py                           1           0  0.21s           2026-03-25T13:59:20
/opt/airflow/dags/new_dags.py                                    1           0  0.16s           2026-03-25T13:59:20
/opt/airflow/dags/extract_data.py                                0           0  0.15s           2026-03-25T13:59:19
/opt/airflow/dags/example.py                                     1           0  0.15s           2026-03-25T13:59:20
================================================================================
[2026-03-25T14:00:17.069+0000] {manager.py:878} INFO - 
================================================================================
DAG File Processing Stats

File Path                               PID    Runtime      # DAGs    # Errors  Last Runtime    Last Run
--------------------------------------  -----  ---------  --------  ----------  --------------  -------------------
/opt/airflow/dags/e_commerce_dw_dag.py                           1           0  0.17s           2026-03-25T13:59:51
/opt/airflow/dags/new_dags.py                                    1           0  0.13s           2026-03-25T13:59:51
/opt/airflow/dags/example.py                                     1           0  0.13s           2026-03-25T13:59:51
/opt/airflow/dags/extract_data.py                                0           0  0.07s           2026-03-25T13:59:50
================================================================================
[2026-03-25T14:00:47.732+0000] {manager.py:878} INFO - 
================================================================================
DAG File Processing Stats

File Path                               PID    Runtime      # DAGs    # Errors  Last Runtime    Last Run
--------------------------------------  -----  ---------  --------  ----------  --------------  -------------------
/opt/airflow/dags/e_commerce_dw_dag.py                           1           0  0.23s           2026-03-25T14:00:22
/opt/airflow/dags/new_dags.py                                    1           0  0.15s           2026-03-25T14:00:22
/opt/airflow/dags/example.py                                     1           0  0.15s           2026-03-25T14:00:22
/opt/airflow/dags/extract_data.py                                0           0  0.09s           2026-03-25T14:00:21
================================================================================
[2026-03-25T14:01:18.409+0000] {manager.py:878} INFO - 
================================================================================
DAG File Processing Stats

File Path                               PID    Runtime      # DAGs    # Errors  Last Runtime    Last Run
--------------------------------------  -----  ---------  --------  ----------  --------------  -------------------
/opt/airflow/dags/e_commerce_dw_dag.py                           1           0  0.20s           2026-03-25T14:00:53
/opt/airflow/dags/example.py                                     1           0  0.15s           2026-03-25T14:00:53
/opt/airflow/dags/new_dags.py                                    1           0  0.15s           2026-03-25T14:00:53
/opt/airflow/dags/extract_data.py                                0           0  0.08s           2026-03-25T14:00:51
================================================================================
[2026-03-25T14:01:49.088+0000] {manager.py:878} INFO - 
================================================================================
DAG File Processing Stats

File Path                               PID    Runtime      # DAGs    # Errors  Last Runtime    Last Run
--------------------------------------  -----  ---------  --------  ----------  --------------  -------------------
/opt/airflow/dags/e_commerce_dw_dag.py                           1           0  0.18s           2026-03-25T14:01:23
/opt/airflow/dags/example.py                                     1           0  0.14s           2026-03-25T14:01:23
/opt/airflow/dags/new_dags.py                                    1           0  0.13s           2026-03-25T14:01:23
/opt/airflow/dags/extract_data.py                                0           0  0.09s           2026-03-25T14:01:22
================================================================================
[2026-03-25T14:02:09.806+0000] {manager.py:737} INFO - Searching for files in /opt/airflow/dags
[2026-03-25T14:02:09.966+0000] {manager.py:740} INFO - There are 4 files in /opt/airflow/dags
[2026-03-25T14:02:19.119+0000] {manager.py:878} INFO - 
================================================================================
DAG File Processing Stats

File Path                               PID    Runtime      # DAGs    # Errors  Last Runtime    Last Run
--------------------------------------  -----  ---------  --------  ----------  --------------  -------------------
/opt/airflow/dags/e_commerce_dw_dag.py                           1           0  0.18s           2026-03-25T14:01:54
/opt/airflow/dags/new_dags.py                                    1           0  0.16s           2026-03-25T14:01:54
/opt/airflow/dags/example.py                                     1           0  0.13s           2026-03-25T14:01:54
/opt/airflow/dags/extract_data.py                                0           0  0.07s           2026-03-25T14:01:53
================================================================================
[2026-03-25T14:02:49.841+0000] {manager.py:878} INFO - 
================================================================================
DAG File Processing Stats

File Path                               PID    Runtime      # DAGs    # Errors  Last Runtime    Last Run
--------------------------------------  -----  ---------  --------  ----------  --------------  -------------------
/opt/airflow/dags/e_commerce_dw_dag.py                           1           0  0.25s           2026-03-25T14:02:25
/opt/airflow/dags/example.py                                     1           0  0.18s           2026-03-25T14:02:25
/opt/airflow/dags/new_dags.py                                    1           0  0.14s           2026-03-25T14:02:25
/opt/airflow/dags/extract_data.py                                0           0  0.10s           2026-03-25T14:02:24
================================================================================
[2026-03-25T14:03:20.608+0000] {manager.py:878} INFO - 
================================================================================
DAG File Processing Stats

File Path                               PID    Runtime      # DAGs    # Errors  Last Runtime    Last Run
--------------------------------------  -----  ---------  --------  ----------  --------------  -------------------
/opt/airflow/dags/e_commerce_dw_dag.py                           1           0  0.27s           2026-03-25T14:02:56
/opt/airflow/dags/example.py                                     1           0  0.18s           2026-03-25T14:02:56
/opt/airflow/dags/new_dags.py                                    1           0  0.17s           2026-03-25T14:02:56
/opt/airflow/dags/extract_data.py                                0           0  0.07s           2026-03-25T14:02:55
================================================================================
[2026-03-25T14:03:51.346+0000] {manager.py:878} INFO - 
================================================================================
DAG File Processing Stats

File Path                               PID    Runtime      # DAGs    # Errors  Last Runtime    Last Run
--------------------------------------  -----  ---------  --------  ----------  --------------  -------------------
/opt/airflow/dags/e_commerce_dw_dag.py                           1           0  0.20s           2026-03-25T14:03:26
/opt/airflow/dags/new_dags.py                                    1           0  0.16s           2026-03-25T14:03:27
/opt/airflow/dags/example.py                                     1           0  0.14s           2026-03-25T14:03:26
/opt/airflow/dags/extract_data.py                                0           0  0.09s           2026-03-25T14:03:25
================================================================================
[2026-03-25T14:04:22.011+0000] {manager.py:878} INFO - 
================================================================================
DAG File Processing Stats

File Path                               PID    Runtime      # DAGs    # Errors  Last Runtime    Last Run
--------------------------------------  -----  ---------  --------  ----------  --------------  -------------------
/opt/airflow/dags/e_commerce_dw_dag.py                           1           0  0.17s           2026-03-25T14:03:57
/opt/airflow/dags/new_dags.py                                    1           0  0.13s           2026-03-25T14:03:57
/opt/airflow/dags/example.py                                     1           0  0.13s           2026-03-25T14:03:57
/opt/airflow/dags/extract_data.py                                0           0  0.06s           2026-03-25T14:03:56
================================================================================
[2026-03-25T14:04:52.701+0000] {manager.py:878} INFO - 
================================================================================
DAG File Processing Stats

File Path                               PID    Runtime      # DAGs    # Errors  Last Runtime    Last Run
--------------------------------------  -----  ---------  --------  ----------  --------------  -------------------
/opt/airflow/dags/e_commerce_dw_dag.py                           1           0  0.18s           2026-03-25T14:04:28
/opt/airflow/dags/new_dags.py                                    1           0  0.13s           2026-03-25T14:04:28
/opt/airflow/dags/example.py                                     1           0  0.13s           2026-03-25T14:04:28
/opt/airflow/dags/extract_data.py                                0           0  0.08s           2026-03-25T14:04:27
================================================================================
[2026-03-25T14:05:23.432+0000] {manager.py:878} INFO - 
================================================================================
DAG File Processing Stats

File Path                               PID    Runtime      # DAGs    # Errors  Last Runtime    Last Run
--------------------------------------  -----  ---------  --------  ----------  --------------  -------------------
/opt/airflow/dags/e_commerce_dw_dag.py                           1           0  0.20s           2026-03-25T14:04:59
/opt/airflow/dags/example.py                                     1           0  0.14s           2026-03-25T14:04:59
/opt/airflow/dags/new_dags.py                                    1           0  0.14s           2026-03-25T14:04:59
/opt/airflow/dags/extract_data.py                                0           0  0.07s           2026-03-25T14:04:57
================================================================================
[2026-03-25T14:05:54.188+0000] {manager.py:878} INFO - 
================================================================================
DAG File Processing Stats

File Path                               PID    Runtime      # DAGs    # Errors  Last Runtime    Last Run
--------------------------------------  -----  ---------  --------  ----------  --------------  -------------------
/opt/airflow/dags/e_commerce_dw_dag.py                           1           0  0.18s           2026-03-25T14:05:29
/opt/airflow/dags/new_dags.py                                    1           0  0.14s           2026-03-25T14:05:29
/opt/airflow/dags/example.py                                     1           0  0.13s           2026-03-25T14:05:29
/opt/airflow/dags/extract_data.py                                0           0  0.07s           2026-03-25T14:05:28
================================================================================
[2026-03-25T14:06:25.113+0000] {manager.py:878} INFO - 
================================================================================
DAG File Processing Stats

File Path                               PID    Runtime      # DAGs    # Errors  Last Runtime    Last Run
--------------------------------------  -----  ---------  --------  ----------  --------------  -------------------
/opt/airflow/dags/e_commerce_dw_dag.py                           1           0  0.40s           2026-03-25T14:06:00
/opt/airflow/dags/example.py                                     1           0  0.28s           2026-03-25T14:06:00
/opt/airflow/dags/new_dags.py                                    1           0  0.18s           2026-03-25T14:06:00
/opt/airflow/dags/extract_data.py                                0           0  0.09s           2026-03-25T14:05:59
================================================================================
[2026-03-25T14:06:55.863+0000] {manager.py:878} INFO - 
================================================================================
DAG File Processing Stats

File Path                               PID    Runtime      # DAGs    # Errors  Last Runtime    Last Run
--------------------------------------  -----  ---------  --------  ----------  --------------  -------------------
/opt/airflow/dags/e_commerce_dw_dag.py                           1           0  0.24s           2026-03-25T14:06:31
/opt/airflow/dags/example.py                                     1           0  0.16s           2026-03-25T14:06:31
/opt/airflow/dags/new_dags.py                                    1           0  0.14s           2026-03-25T14:06:31
/opt/airflow/dags/extract_data.py                                0           0  0.10s           2026-03-25T14:06:30
================================================================================
[2026-03-25T14:07:10.329+0000] {manager.py:737} INFO - Searching for files in /opt/airflow/dags
[2026-03-25T14:07:10.510+0000] {manager.py:740} INFO - There are 4 files in /opt/airflow/dags
[2026-03-25T14:07:26.787+0000] {manager.py:878} INFO - 
================================================================================
DAG File Processing Stats

File Path                               PID    Runtime      # DAGs    # Errors  Last Runtime    Last Run
--------------------------------------  -----  ---------  --------  ----------  --------------  -------------------
/opt/airflow/dags/e_commerce_dw_dag.py                           1           0  0.24s           2026-03-25T14:07:02
/opt/airflow/dags/new_dags.py                                    1           0  0.17s           2026-03-25T14:07:02
/opt/airflow/dags/example.py                                     1           0  0.16s           2026-03-25T14:07:02
/opt/airflow/dags/extract_data.py                                0           0  0.09s           2026-03-25T14:07:01
================================================================================
[2026-03-25T14:07:57.528+0000] {manager.py:878} INFO - 
================================================================================
DAG File Processing Stats

File Path                               PID    Runtime      # DAGs    # Errors  Last Runtime    Last Run
--------------------------------------  -----  ---------  --------  ----------  --------------  -------------------
/opt/airflow/dags/e_commerce_dw_dag.py                           1           0  0.23s           2026-03-25T14:07:33
/opt/airflow/dags/example.py                                     1           0  0.17s           2026-03-25T14:07:33
/opt/airflow/dags/new_dags.py                                    1           0  0.15s           2026-03-25T14:07:33
/opt/airflow/dags/extract_data.py                                0           0  0.09s           2026-03-25T14:07:31
================================================================================
[2026-03-25T14:08:28.364+0000] {manager.py:878} INFO - 
================================================================================
DAG File Processing Stats

File Path                               PID    Runtime      # DAGs    # Errors  Last Runtime    Last Run
--------------------------------------  -----  ---------  --------  ----------  --------------  -------------------
/opt/airflow/dags/e_commerce_dw_dag.py                           1           0  0.21s           2026-03-25T14:08:03
/opt/airflow/dags/example.py                                     1           0  0.15s           2026-03-25T14:08:03
/opt/airflow/dags/new_dags.py                                    1           0  0.14s           2026-03-25T14:08:03
/opt/airflow/dags/extract_data.py                                0           0  0.10s           2026-03-25T14:08:02
================================================================================
[2026-03-25T14:08:59.037+0000] {manager.py:878} INFO - 
================================================================================
DAG File Processing Stats

File Path                               PID    Runtime      # DAGs    # Errors  Last Runtime    Last Run
--------------------------------------  -----  ---------  --------  ----------  --------------  -------------------
/opt/airflow/dags/e_commerce_dw_dag.py                           1           0  0.19s           2026-03-25T14:08:34
/opt/airflow/dags/example.py                                     1           0  0.13s           2026-03-25T14:08:34
/opt/airflow/dags/new_dags.py                                    1           0  0.13s           2026-03-25T14:08:34
/opt/airflow/dags/extract_data.py                                0           0  0.11s           2026-03-25T14:08:33
================================================================================
[2026-03-25T14:09:29.728+0000] {manager.py:878} INFO - 
================================================================================
DAG File Processing Stats

File Path                               PID    Runtime      # DAGs    # Errors  Last Runtime    Last Run
--------------------------------------  -----  ---------  --------  ----------  --------------  -------------------
/opt/airflow/dags/e_commerce_dw_dag.py                           1           0  0.18s           2026-03-25T14:09:05
/opt/airflow/dags/new_dags.py                                    1           0  0.15s           2026-03-25T14:09:05
/opt/airflow/dags/example.py                                     1           0  0.13s           2026-03-25T14:09:05
/opt/airflow/dags/extract_data.py                                0           0  0.08s           2026-03-25T14:09:04
================================================================================
[2026-03-25T14:10:00.571+0000] {manager.py:878} INFO - 
================================================================================
DAG File Processing Stats

File Path                               PID    Runtime      # DAGs    # Errors  Last Runtime    Last Run
--------------------------------------  -----  ---------  --------  ----------  --------------  -------------------
/opt/airflow/dags/e_commerce_dw_dag.py                           1           0  0.21s           2026-03-25T14:09:36
/opt/airflow/dags/example.py                                     1           0  0.15s           2026-03-25T14:09:36
/opt/airflow/dags/new_dags.py                                    1           0  0.14s           2026-03-25T14:09:36
/opt/airflow/dags/extract_data.py                                0           0  0.06s           2026-03-25T14:09:34
================================================================================
[2026-03-25T14:10:31.283+0000] {manager.py:878} INFO - 
================================================================================
DAG File Processing Stats

File Path                               PID    Runtime      # DAGs    # Errors  Last Runtime    Last Run
--------------------------------------  -----  ---------  --------  ----------  --------------  -------------------
/opt/airflow/dags/e_commerce_dw_dag.py                           1           0  0.18s           2026-03-25T14:10:06
/opt/airflow/dags/new_dags.py                                    1           0  0.13s           2026-03-25T14:10:07
/opt/airflow/dags/example.py                                     1           0  0.13s           2026-03-25T14:10:06
/opt/airflow/dags/extract_data.py                                0           0  0.08s           2026-03-25T14:10:05
================================================================================
[2026-03-25T14:10:40.679+0000] {manager.py:452} INFO - Exiting gracefully upon receiving signal 15
[2026-03-25T14:11:27.398+0000] {manager.py:470} INFO - Processing files using up to 2 processes at a time 
[2026-03-25T14:11:27.400+0000] {manager.py:471} INFO - Process each file at most once every 30 seconds
[2026-03-25T14:11:27.401+0000] {manager.py:472} INFO - Checking for new files in /opt/airflow/dags every 300 seconds
[2026-03-25T14:11:27.403+0000] {manager.py:737} INFO - Searching for files in /opt/airflow/dags
[2026-03-25T14:11:27.629+0000] {manager.py:740} INFO - There are 4 files in /opt/airflow/dags
[2026-03-25T14:11:27.773+0000] {manager.py:878} INFO - 
================================================================================
DAG File Processing Stats

File Path                                 PID  Runtime      # DAGs    # Errors  Last Runtime    Last Run
--------------------------------------  -----  ---------  --------  ----------  --------------  ----------
/opt/airflow/dags/example.py                                     0           0
/opt/airflow/dags/extract_data.py         182  0.06s             0           0
/opt/airflow/dags/e_commerce_dw_dag.py    179  0.07s             0           0
/opt/airflow/dags/new_dags.py                                    0           0
================================================================================
[2026-03-25T14:11:57.988+0000] {manager.py:878} INFO - 
================================================================================
DAG File Processing Stats

File Path                                 PID  Runtime      # DAGs    # Errors  Last Runtime    Last Run
--------------------------------------  -----  ---------  --------  ----------  --------------  -------------------
/opt/airflow/dags/e_commerce_dw_dag.py                           1           0  0.58s           2026-03-25T14:11:28
/opt/airflow/dags/example.py                                     1           0  0.40s           2026-03-25T14:11:28
/opt/airflow/dags/new_dags.py                                    1           0  0.31s           2026-03-25T14:11:28
/opt/airflow/dags/extract_data.py         205  0.01s             0           0  0.11s           2026-03-25T14:11:27
================================================================================
[2026-03-25T14:12:28.688+0000] {manager.py:878} INFO - 
================================================================================
DAG File Processing Stats

File Path                                 PID  Runtime      # DAGs    # Errors  Last Runtime    Last Run
--------------------------------------  -----  ---------  --------  ----------  --------------  -------------------
/opt/airflow/dags/e_commerce_dw_dag.py                           1           0  0.19s           2026-03-25T14:11:59
/opt/airflow/dags/new_dags.py                                    1           0  0.15s           2026-03-25T14:11:59
/opt/airflow/dags/example.py                                     1           0  0.14s           2026-03-25T14:11:59
/opt/airflow/dags/extract_data.py         233  0.00s             0           0  0.08s           2026-03-25T14:11:58
================================================================================
[2026-03-25T14:12:59.410+0000] {manager.py:878} INFO - 
================================================================================
DAG File Processing Stats

File Path                                 PID  Runtime      # DAGs    # Errors  Last Runtime    Last Run
--------------------------------------  -----  ---------  --------  ----------  --------------  -------------------
/opt/airflow/dags/e_commerce_dw_dag.py                           1           0  0.24s           2026-03-25T14:12:29
/opt/airflow/dags/example.py                                     1           0  0.17s           2026-03-25T14:12:29
/opt/airflow/dags/new_dags.py                                    1           0  0.14s           2026-03-25T14:12:30
/opt/airflow/dags/extract_data.py         259  0.00s             0           0  0.08s           2026-03-25T14:12:28
================================================================================
[2026-03-25T14:13:30.177+0000] {manager.py:878} INFO - 
================================================================================
DAG File Processing Stats

File Path                                 PID  Runtime      # DAGs    # Errors  Last Runtime    Last Run
--------------------------------------  -----  ---------  --------  ----------  --------------  -------------------
/opt/airflow/dags/new_dags.py                                    1           0  0.21s           2026-03-25T14:13:00
/opt/airflow/dags/e_commerce_dw_dag.py                           1           0  0.20s           2026-03-25T14:13:00
/opt/airflow/dags/example.py                                     1           0  0.15s           2026-03-25T14:13:00
/opt/airflow/dags/extract_data.py         291  0.00s             0           0  0.07s           2026-03-25T14:12:59
================================================================================
[2026-03-25T14:14:00.906+0000] {manager.py:878} INFO - 
================================================================================
DAG File Processing Stats

File Path                                 PID  Runtime      # DAGs    # Errors  Last Runtime    Last Run
--------------------------------------  -----  ---------  --------  ----------  --------------  -------------------
/opt/airflow/dags/e_commerce_dw_dag.py                           1           0  0.19s           2026-03-25T14:13:31
/opt/airflow/dags/new_dags.py                                    1           0  0.14s           2026-03-25T14:13:31
/opt/airflow/dags/example.py                                     1           0  0.14s           2026-03-25T14:13:31
/opt/airflow/dags/extract_data.py         317  0.01s             0           0  0.09s           2026-03-25T14:13:30
================================================================================
[2026-03-25T14:14:31.643+0000] {manager.py:878} INFO - 
================================================================================
DAG File Processing Stats

File Path                                 PID  Runtime      # DAGs    # Errors  Last Runtime    Last Run
--------------------------------------  -----  ---------  --------  ----------  --------------  -------------------
/opt/airflow/dags/e_commerce_dw_dag.py                           1           0  0.18s           2026-03-25T14:14:02
/opt/airflow/dags/new_dags.py                                    1           0  0.13s           2026-03-25T14:14:02
/opt/airflow/dags/example.py                                     1           0  0.13s           2026-03-25T14:14:02
/opt/airflow/dags/extract_data.py         344  0.01s             0           0  0.08s           2026-03-25T14:14:00
================================================================================
[2026-03-25T14:15:02.438+0000] {manager.py:878} INFO - 
================================================================================
DAG File Processing Stats

File Path                                 PID  Runtime      # DAGs    # Errors  Last Runtime    Last Run
--------------------------------------  -----  ---------  --------  ----------  --------------  -------------------
/opt/airflow/dags/e_commerce_dw_dag.py                           1           0  0.17s           2026-03-25T14:14:32
/opt/airflow/dags/new_dags.py                                    1           0  0.15s           2026-03-25T14:14:32
/opt/airflow/dags/example.py                                     1           0  0.13s           2026-03-25T14:14:32
/opt/airflow/dags/extract_data.py         370  0.00s             0           0  0.07s           2026-03-25T14:14:31
================================================================================
[2026-03-25T14:15:33.300+0000] {manager.py:878} INFO - 
================================================================================
DAG File Processing Stats

File Path                                 PID  Runtime      # DAGs    # Errors  Last Runtime    Last Run
--------------------------------------  -----  ---------  --------  ----------  --------------  -------------------
/opt/airflow/dags/e_commerce_dw_dag.py                           1           0  0.19s           2026-03-25T14:15:03
/opt/airflow/dags/example.py                                     1           0  0.14s           2026-03-25T14:15:03
/opt/airflow/dags/new_dags.py                                    1           0  0.12s           2026-03-25T14:15:03
/opt/airflow/dags/extract_data.py         396  0.00s             0           0  0.06s           2026-03-25T14:15:02
================================================================================
[2026-03-25T14:16:04.123+0000] {manager.py:878} INFO - 
================================================================================
DAG File Processing Stats

File Path                                 PID  Runtime      # DAGs    # Errors  Last Runtime    Last Run
--------------------------------------  -----  ---------  --------  ----------  --------------  -------------------
/opt/airflow/dags/e_commerce_dw_dag.py                           1           0  0.18s           2026-03-25T14:15:34
/opt/airflow/dags/example.py                                     1           0  0.13s           2026-03-25T14:15:34
/opt/airflow/dags/new_dags.py                                    1           0  0.13s           2026-03-25T14:15:34
/opt/airflow/dags/extract_data.py         422  0.00s             0           0  0.09s           2026-03-25T14:15:33
================================================================================
[2026-03-25T14:16:27.823+0000] {manager.py:737} INFO - Searching for files in /opt/airflow/dags
[2026-03-25T14:16:28.031+0000] {manager.py:740} INFO - There are 4 files in /opt/airflow/dags
[2026-03-25T14:16:34.162+0000] {manager.py:878} INFO - 
================================================================================
DAG File Processing Stats

File Path                               PID    Runtime      # DAGs    # Errors  Last Runtime    Last Run
--------------------------------------  -----  ---------  --------  ----------  --------------  -------------------
/opt/airflow/dags/e_commerce_dw_dag.py                           1           0  0.18s           2026-03-25T14:16:05
/opt/airflow/dags/example.py                                     1           0  0.13s           2026-03-25T14:16:05
/opt/airflow/dags/new_dags.py                                    1           0  0.13s           2026-03-25T14:16:05
/opt/airflow/dags/extract_data.py                                0           0  0.06s           2026-03-25T14:16:04
================================================================================
[2026-03-25T14:17:04.893+0000] {manager.py:878} INFO - 
================================================================================
DAG File Processing Stats

File Path                               PID    Runtime      # DAGs    # Errors  Last Runtime    Last Run
--------------------------------------  -----  ---------  --------  ----------  --------------  -------------------
/opt/airflow/dags/e_commerce_dw_dag.py                           1           0  0.20s           2026-03-25T14:16:36
/opt/airflow/dags/example.py                                     1           0  0.15s           2026-03-25T14:16:36
/opt/airflow/dags/new_dags.py                                    1           0  0.13s           2026-03-25T14:16:36
/opt/airflow/dags/extract_data.py                                0           0  0.07s           2026-03-25T14:16:35
================================================================================
[2026-03-25T14:17:35.561+0000] {manager.py:878} INFO - 
================================================================================
DAG File Processing Stats

File Path                               PID    Runtime      # DAGs    # Errors  Last Runtime    Last Run
--------------------------------------  -----  ---------  --------  ----------  --------------  -------------------
/opt/airflow/dags/e_commerce_dw_dag.py                           1           0  0.18s           2026-03-25T14:17:07
/opt/airflow/dags/example.py                                     1           0  0.13s           2026-03-25T14:17:07
/opt/airflow/dags/new_dags.py                                    1           0  0.13s           2026-03-25T14:17:07
/opt/airflow/dags/extract_data.py                                0           0  0.07s           2026-03-25T14:17:05
================================================================================
[2026-03-25T14:18:06.260+0000] {manager.py:878} INFO - 
================================================================================
DAG File Processing Stats

File Path                               PID    Runtime      # DAGs    # Errors  Last Runtime    Last Run
--------------------------------------  -----  ---------  --------  ----------  --------------  -------------------
/opt/airflow/dags/e_commerce_dw_dag.py                           1           0  0.20s           2026-03-25T14:17:37
/opt/airflow/dags/example.py                                     1           0  0.15s           2026-03-25T14:17:37
/opt/airflow/dags/new_dags.py                                    1           0  0.13s           2026-03-25T14:17:37
/opt/airflow/dags/extract_data.py                                0           0  0.10s           2026-03-25T14:17:36
================================================================================
[2026-03-25T14:18:37.053+0000] {manager.py:878} INFO - 
================================================================================
DAG File Processing Stats

File Path                               PID    Runtime      # DAGs    # Errors  Last Runtime    Last Run
--------------------------------------  -----  ---------  --------  ----------  --------------  -------------------
/opt/airflow/dags/e_commerce_dw_dag.py                           1           0  0.18s           2026-03-25T14:18:08
/opt/airflow/dags/example.py                                     1           0  0.14s           2026-03-25T14:18:08
/opt/airflow/dags/new_dags.py                                    1           0  0.13s           2026-03-25T14:18:08
/opt/airflow/dags/extract_data.py                                0           0  0.08s           2026-03-25T14:18:07
================================================================================
[2026-03-25T14:19:07.849+0000] {manager.py:878} INFO - 
================================================================================
DAG File Processing Stats

File Path                               PID    Runtime      # DAGs    # Errors  Last Runtime    Last Run
--------------------------------------  -----  ---------  --------  ----------  --------------  -------------------
/opt/airflow/dags/e_commerce_dw_dag.py                           1           0  0.22s           2026-03-25T14:18:39
/opt/airflow/dags/example.py                                     1           0  0.15s           2026-03-25T14:18:39
/opt/airflow/dags/new_dags.py                                    1           0  0.14s           2026-03-25T14:18:39
/opt/airflow/dags/extract_data.py                                0           0  0.10s           2026-03-25T14:18:38
================================================================================
[2026-03-25T14:19:38.473+0000] {manager.py:878} INFO - 
================================================================================
DAG File Processing Stats

File Path                               PID    Runtime      # DAGs    # Errors  Last Runtime    Last Run
--------------------------------------  -----  ---------  --------  ----------  --------------  -------------------
/opt/airflow/dags/e_commerce_dw_dag.py                           1           0  0.17s           2026-03-25T14:19:10
/opt/airflow/dags/example.py                                     1           0  0.14s           2026-03-25T14:19:10
/opt/airflow/dags/new_dags.py                                    1           0  0.13s           2026-03-25T14:19:10
/opt/airflow/dags/extract_data.py                                0           0  0.06s           2026-03-25T14:19:08
================================================================================
[2026-03-25T14:20:09.259+0000] {manager.py:878} INFO - 
================================================================================
DAG File Processing Stats

File Path                               PID    Runtime      # DAGs    # Errors  Last Runtime    Last Run
--------------------------------------  -----  ---------  --------  ----------  --------------  -------------------
/opt/airflow/dags/e_commerce_dw_dag.py                           1           0  0.25s           2026-03-25T14:19:40
/opt/airflow/dags/example.py                                     1           0  0.17s           2026-03-25T14:19:40
/opt/airflow/dags/new_dags.py                                    1           0  0.16s           2026-03-25T14:19:40
/opt/airflow/dags/extract_data.py                                0           0  0.09s           2026-03-25T14:19:39
================================================================================
[2026-03-25T14:20:39.898+0000] {manager.py:878} INFO - 
================================================================================
DAG File Processing Stats

File Path                               PID    Runtime      # DAGs    # Errors  Last Runtime    Last Run
--------------------------------------  -----  ---------  --------  ----------  --------------  -------------------
/opt/airflow/dags/e_commerce_dw_dag.py                           1           0  0.18s           2026-03-25T14:20:11
/opt/airflow/dags/new_dags.py                                    1           0  0.14s           2026-03-25T14:20:11
/opt/airflow/dags/example.py                                     1           0  0.14s           2026-03-25T14:20:11
/opt/airflow/dags/extract_data.py                                0           0  0.10s           2026-03-25T14:20:10
================================================================================
[2026-03-25T14:21:10.687+0000] {manager.py:878} INFO - 
================================================================================
DAG File Processing Stats

File Path                               PID    Runtime      # DAGs    # Errors  Last Runtime    Last Run
--------------------------------------  -----  ---------  --------  ----------  --------------  -------------------
/opt/airflow/dags/e_commerce_dw_dag.py                           1           0  0.18s           2026-03-25T14:20:42
/opt/airflow/dags/example.py                                     1           0  0.14s           2026-03-25T14:20:42
/opt/airflow/dags/new_dags.py                                    1           0  0.13s           2026-03-25T14:20:42
/opt/airflow/dags/extract_data.py                                0           0  0.08s           2026-03-25T14:20:41
================================================================================
[2026-03-25T14:21:28.255+0000] {manager.py:737} INFO - Searching for files in /opt/airflow/dags
[2026-03-25T14:21:28.390+0000] {manager.py:740} INFO - There are 4 files in /opt/airflow/dags
[2026-03-25T14:21:41.649+0000] {manager.py:878} INFO - 
================================================================================
DAG File Processing Stats

File Path                               PID    Runtime      # DAGs    # Errors  Last Runtime    Last Run
--------------------------------------  -----  ---------  --------  ----------  --------------  -------------------
/opt/airflow/dags/e_commerce_dw_dag.py                           1           0  0.20s           2026-03-25T14:21:13
/opt/airflow/dags/example.py                                     1           0  0.14s           2026-03-25T14:21:12
/opt/airflow/dags/new_dags.py                                    1           0  0.13s           2026-03-25T14:21:13
/opt/airflow/dags/extract_data.py                                0           0  0.07s           2026-03-25T14:21:11
================================================================================
[2026-03-25T14:22:12.488+0000] {manager.py:878} INFO - 
================================================================================
DAG File Processing Stats

File Path                               PID    Runtime      # DAGs    # Errors  Last Runtime    Last Run
--------------------------------------  -----  ---------  --------  ----------  --------------  -------------------
/opt/airflow/dags/e_commerce_dw_dag.py                           1           0  0.21s           2026-03-25T14:21:43
/opt/airflow/dags/example.py                                     1           0  0.15s           2026-03-25T14:21:43
/opt/airflow/dags/new_dags.py                                    1           0  0.13s           2026-03-25T14:21:44
/opt/airflow/dags/extract_data.py                                0           0  0.07s           2026-03-25T14:21:42
================================================================================
[2026-03-25T14:22:43.269+0000] {manager.py:878} INFO - 
================================================================================
DAG File Processing Stats

File Path                               PID    Runtime      # DAGs    # Errors  Last Runtime    Last Run
--------------------------------------  -----  ---------  --------  ----------  --------------  -------------------
/opt/airflow/dags/e_commerce_dw_dag.py                           1           0  0.18s           2026-03-25T14:22:14
/opt/airflow/dags/example.py                                     1           0  0.14s           2026-03-25T14:22:14
/opt/airflow/dags/new_dags.py                                    1           0  0.13s           2026-03-25T14:22:14
/opt/airflow/dags/extract_data.py                                0           0  0.10s           2026-03-25T14:22:13
================================================================================
[2026-03-25T14:23:13.994+0000] {manager.py:878} INFO - 
================================================================================
DAG File Processing Stats

File Path                               PID    Runtime      # DAGs    # Errors  Last Runtime    Last Run
--------------------------------------  -----  ---------  --------  ----------  --------------  -------------------
/opt/airflow/dags/e_commerce_dw_dag.py                           1           0  0.17s           2026-03-25T14:22:45
/opt/airflow/dags/example.py                                     1           0  0.13s           2026-03-25T14:22:45
/opt/airflow/dags/new_dags.py                                    1           0  0.12s           2026-03-25T14:22:45
/opt/airflow/dags/extract_data.py                                0           0  0.06s           2026-03-25T14:22:44
================================================================================
[2026-03-25T14:23:44.328+0000] {manager.py:878} INFO - 
================================================================================
DAG File Processing Stats

File Path                               PID    Runtime      # DAGs    # Errors  Last Runtime    Last Run
--------------------------------------  -----  ---------  --------  ----------  --------------  -------------------
/opt/airflow/dags/e_commerce_dw_dag.py                           1           0  2.52s           2026-03-25T14:23:18
/opt/airflow/dags/new_dags.py                                    1           0  1.51s           2026-03-25T14:23:19
/opt/airflow/dags/example.py                                     1           0  1.12s           2026-03-25T14:23:17
/opt/airflow/dags/extract_data.py                                0           0  0.10s           2026-03-25T14:23:15
================================================================================
[2026-03-25T14:24:15.147+0000] {manager.py:878} INFO - 
================================================================================
DAG File Processing Stats

File Path                               PID    Runtime      # DAGs    # Errors  Last Runtime    Last Run
--------------------------------------  -----  ---------  --------  ----------  --------------  -------------------
/opt/airflow/dags/e_commerce_dw_dag.py                           1           0  0.17s           2026-03-25T14:23:48
/opt/airflow/dags/example.py                                     1           0  0.14s           2026-03-25T14:23:47
/opt/airflow/dags/new_dags.py                                    1           0  0.13s           2026-03-25T14:23:49
/opt/airflow/dags/extract_data.py                                0           0  0.08s           2026-03-25T14:23:45
================================================================================
[2026-03-25T14:24:46.048+0000] {manager.py:878} INFO - 
================================================================================
DAG File Processing Stats

File Path                               PID    Runtime      # DAGs    # Errors  Last Runtime    Last Run
--------------------------------------  -----  ---------  --------  ----------  --------------  -------------------
/opt/airflow/dags/e_commerce_dw_dag.py                           1           0  0.27s           2026-03-25T14:24:19
/opt/airflow/dags/new_dags.py                                    1           0  0.18s           2026-03-25T14:24:20
/opt/airflow/dags/example.py                                     1           0  0.14s           2026-03-25T14:24:18
/opt/airflow/dags/extract_data.py                                0           0  0.10s           2026-03-25T14:24:16
================================================================================
[2026-03-25T14:25:16.783+0000] {manager.py:878} INFO - 
================================================================================
DAG File Processing Stats

File Path                               PID    Runtime      # DAGs    # Errors  Last Runtime    Last Run
--------------------------------------  -----  ---------  --------  ----------  --------------  -------------------
/opt/airflow/dags/new_dags.py                                    1           0  0.16s           2026-03-25T14:24:51
/opt/airflow/dags/e_commerce_dw_dag.py                           1           0  0.16s           2026-03-25T14:24:50
/opt/airflow/dags/example.py                                     1           0  0.14s           2026-03-25T14:24:49
/opt/airflow/dags/extract_data.py                                0           0  0.06s           2026-03-25T14:24:47
================================================================================
[2026-03-25T14:25:47.584+0000] {manager.py:878} INFO - 
================================================================================
DAG File Processing Stats

File Path                               PID    Runtime      # DAGs    # Errors  Last Runtime    Last Run
--------------------------------------  -----  ---------  --------  ----------  --------------  -------------------
/opt/airflow/dags/e_commerce_dw_dag.py                           1           0  0.22s           2026-03-25T14:25:21
/opt/airflow/dags/example.py                                     1           0  0.20s           2026-03-25T14:25:20
/opt/airflow/dags/new_dags.py                                    1           0  0.18s           2026-03-25T14:25:22
/opt/airflow/dags/extract_data.py                                0           0  0.08s           2026-03-25T14:25:17
================================================================================
[2026-03-25T14:26:18.351+0000] {manager.py:878} INFO - 
================================================================================
DAG File Processing Stats

File Path                               PID    Runtime      # DAGs    # Errors  Last Runtime    Last Run
--------------------------------------  -----  ---------  --------  ----------  --------------  -------------------
/opt/airflow/dags/new_dags.py                                    1           0  0.20s           2026-03-25T14:25:53
/opt/airflow/dags/e_commerce_dw_dag.py                           1           0  0.17s           2026-03-25T14:25:51
/opt/airflow/dags/example.py                                     1           0  0.14s           2026-03-25T14:25:50
/opt/airflow/dags/extract_data.py                                0           0  0.07s           2026-03-25T14:25:48
================================================================================
[2026-03-25T14:26:28.925+0000] {manager.py:737} INFO - Searching for files in /opt/airflow/dags
[2026-03-25T14:26:29.047+0000] {manager.py:740} INFO - There are 4 files in /opt/airflow/dags
[2026-03-25T14:26:49.347+0000] {manager.py:878} INFO - 
================================================================================
DAG File Processing Stats

File Path                               PID    Runtime      # DAGs    # Errors  Last Runtime    Last Run
--------------------------------------  -----  ---------  --------  ----------  --------------  -------------------
/opt/airflow/dags/e_commerce_dw_dag.py                           1           0  0.26s           2026-03-25T14:26:22
/opt/airflow/dags/new_dags.py                                    1           0  0.17s           2026-03-25T14:26:23
/opt/airflow/dags/example.py                                     1           0  0.17s           2026-03-25T14:26:21
/opt/airflow/dags/extract_data.py                                0           0  0.08s           2026-03-25T14:26:19
================================================================================
[2026-03-25T14:27:20.120+0000] {manager.py:878} INFO - 
================================================================================
DAG File Processing Stats

File Path                               PID    Runtime      # DAGs    # Errors  Last Runtime    Last Run
--------------------------------------  -----  ---------  --------  ----------  --------------  -------------------
/opt/airflow/dags/e_commerce_dw_dag.py                           1           0  0.25s           2026-03-25T14:26:53
/opt/airflow/dags/new_dags.py                                    1           0  0.20s           2026-03-25T14:26:54
/opt/airflow/dags/example.py                                     1           0  0.18s           2026-03-25T14:26:52
/opt/airflow/dags/extract_data.py                                0           0  0.08s           2026-03-25T14:26:50
================================================================================
[2026-03-25T14:27:50.898+0000] {manager.py:878} INFO - 
================================================================================
DAG File Processing Stats

File Path                               PID    Runtime      # DAGs    # Errors  Last Runtime    Last Run
--------------------------------------  -----  ---------  --------  ----------  --------------  -------------------
/opt/airflow/dags/e_commerce_dw_dag.py                           1           0  0.17s           2026-03-25T14:27:24
/opt/airflow/dags/new_dags.py                                    1           0  0.15s           2026-03-25T14:27:25
/opt/airflow/dags/example.py                                     1           0  0.13s           2026-03-25T14:27:23
/opt/airflow/dags/extract_data.py                                0           0  0.08s           2026-03-25T14:27:21
================================================================================
[2026-03-25T14:28:21.697+0000] {manager.py:878} INFO - 
================================================================================
DAG File Processing Stats

File Path                               PID    Runtime      # DAGs    # Errors  Last Runtime    Last Run
--------------------------------------  -----  ---------  --------  ----------  --------------  -------------------
/opt/airflow/dags/e_commerce_dw_dag.py                           1           0  0.23s           2026-03-25T14:27:55
/opt/airflow/dags/example.py                                     1           0  0.23s           2026-03-25T14:27:54
/opt/airflow/dags/new_dags.py                                    1           0  0.16s           2026-03-25T14:27:56
/opt/airflow/dags/extract_data.py                                0           0  0.07s           2026-03-25T14:27:51
================================================================================
[2026-03-25T14:28:52.432+0000] {manager.py:878} INFO - 
================================================================================
DAG File Processing Stats

File Path                               PID    Runtime      # DAGs    # Errors  Last Runtime    Last Run
--------------------------------------  -----  ---------  --------  ----------  --------------  -------------------
/opt/airflow/dags/example.py                                     1           0  0.19s           2026-03-25T14:28:25
/opt/airflow/dags/new_dags.py                                    1           0  0.19s           2026-03-25T14:28:27
/opt/airflow/dags/e_commerce_dw_dag.py                           1           0  0.17s           2026-03-25T14:28:26
/opt/airflow/dags/extract_data.py                                0           0  0.10s           2026-03-25T14:28:22
================================================================================
[2026-03-25T14:29:23.146+0000] {manager.py:878} INFO - 
================================================================================
DAG File Processing Stats

File Path                               PID    Runtime      # DAGs    # Errors  Last Runtime    Last Run
--------------------------------------  -----  ---------  --------  ----------  --------------  -------------------
/opt/airflow/dags/e_commerce_dw_dag.py                           1           0  0.17s           2026-03-25T14:28:56
/opt/airflow/dags/new_dags.py                                    1           0  0.15s           2026-03-25T14:28:57
/opt/airflow/dags/example.py                                     1           0  0.15s           2026-03-25T14:28:55
/opt/airflow/dags/extract_data.py                                0           0  0.11s           2026-03-25T14:28:53
================================================================================
[2026-03-25T14:29:33.437+0000] {manager.py:452} INFO - Exiting gracefully upon receiving signal 15
[2026-03-25T14:29:44.776+0000] {manager.py:470} INFO - Processing files using up to 2 processes at a time 
[2026-03-25T14:29:44.778+0000] {manager.py:471} INFO - Process each file at most once every 30 seconds
[2026-03-25T14:29:44.779+0000] {manager.py:472} INFO - Checking for new files in /opt/airflow/dags every 300 seconds
[2026-03-25T14:29:44.781+0000] {manager.py:737} INFO - Searching for files in /opt/airflow/dags
[2026-03-25T14:29:44.927+0000] {manager.py:740} INFO - There are 4 files in /opt/airflow/dags
[2026-03-25T14:29:45.049+0000] {manager.py:878} INFO - 
================================================================================
DAG File Processing Stats

File Path                                 PID  Runtime      # DAGs    # Errors  Last Runtime    Last Run
--------------------------------------  -----  ---------  --------  ----------  --------------  ----------
/opt/airflow/dags/example.py                                     0           0
/opt/airflow/dags/extract_data.py         181  0.05s             0           0
/opt/airflow/dags/e_commerce_dw_dag.py    178  0.06s             0           0
/opt/airflow/dags/new_dags.py                                    0           0
================================================================================
[2026-03-25T14:30:15.767+0000] {manager.py:878} INFO - 
================================================================================
DAG File Processing Stats

File Path                                 PID  Runtime      # DAGs    # Errors  Last Runtime    Last Run
--------------------------------------  -----  ---------  --------  ----------  --------------  -------------------
/opt/airflow/dags/e_commerce_dw_dag.py    204  0.03s             1           0  0.24s           2026-03-25T14:29:45
/opt/airflow/dags/example.py                                     1           0  0.17s           2026-03-25T14:29:45
/opt/airflow/dags/new_dags.py                                    1           0  0.16s           2026-03-25T14:29:45
/opt/airflow/dags/extract_data.py         207  0.01s             0           0  0.09s           2026-03-25T14:29:45
================================================================================
[2026-03-25T14:30:46.509+0000] {manager.py:878} INFO - 
================================================================================
DAG File Processing Stats

File Path                                 PID  Runtime      # DAGs    # Errors  Last Runtime    Last Run
--------------------------------------  -----  ---------  --------  ----------  --------------  -------------------
/opt/airflow/dags/e_commerce_dw_dag.py    230  0.02s             1           0  0.27s           2026-03-25T14:30:16
/opt/airflow/dags/example.py                                     1           0  0.16s           2026-03-25T14:30:16
/opt/airflow/dags/new_dags.py                                    1           0  0.15s           2026-03-25T14:30:16
/opt/airflow/dags/extract_data.py         233  0.00s             0           0  0.10s           2026-03-25T14:30:15
================================================================================
[2026-03-25T14:31:17.203+0000] {manager.py:878} INFO - 
================================================================================
DAG File Processing Stats

File Path                                 PID  Runtime      # DAGs    # Errors  Last Runtime    Last Run
--------------------------------------  -----  ---------  --------  ----------  --------------  -------------------
/opt/airflow/dags/e_commerce_dw_dag.py    272  0.03s             1           0  0.21s           2026-03-25T14:30:46
/opt/airflow/dags/example.py                                     1           0  0.16s           2026-03-25T14:30:46
/opt/airflow/dags/new_dags.py                                    1           0  0.13s           2026-03-25T14:30:46
/opt/airflow/dags/extract_data.py         275  0.01s             0           0  0.07s           2026-03-25T14:30:46
================================================================================
[2026-03-25T14:31:47.939+0000] {manager.py:878} INFO - 
================================================================================
DAG File Processing Stats

File Path                                 PID  Runtime      # DAGs    # Errors  Last Runtime    Last Run
--------------------------------------  -----  ---------  --------  ----------  --------------  -------------------
/opt/airflow/dags/e_commerce_dw_dag.py    298  0.03s             1           0  0.23s           2026-03-25T14:31:17
/opt/airflow/dags/example.py                                     1           0  0.13s           2026-03-25T14:31:17
/opt/airflow/dags/new_dags.py                                    1           0  0.13s           2026-03-25T14:31:17
/opt/airflow/dags/extract_data.py         301  0.01s             0           0  0.09s           2026-03-25T14:31:17
================================================================================
[2026-03-25T14:32:18.635+0000] {manager.py:878} INFO - 
================================================================================
DAG File Processing Stats

File Path                                 PID  Runtime      # DAGs    # Errors  Last Runtime    Last Run
--------------------------------------  -----  ---------  --------  ----------  --------------  -------------------
/opt/airflow/dags/e_commerce_dw_dag.py    324  0.02s             1           0  0.20s           2026-03-25T14:31:48
/opt/airflow/dags/new_dags.py                                    1           0  0.17s           2026-03-25T14:31:48
/opt/airflow/dags/example.py                                     1           0  0.14s           2026-03-25T14:31:48
/opt/airflow/dags/extract_data.py         327  0.01s             0           0  0.07s           2026-03-25T14:31:47
================================================================================
[2026-03-25T14:32:49.344+0000] {manager.py:878} INFO - 
================================================================================
DAG File Processing Stats

File Path                                 PID  Runtime      # DAGs    # Errors  Last Runtime    Last Run
--------------------------------------  -----  ---------  --------  ----------  --------------  -------------------
/opt/airflow/dags/e_commerce_dw_dag.py    350  0.02s             1           0  0.20s           2026-03-25T14:32:18
/opt/airflow/dags/new_dags.py                                    1           0  0.13s           2026-03-25T14:32:18
/opt/airflow/dags/example.py                                     1           0  0.13s           2026-03-25T14:32:18
/opt/airflow/dags/extract_data.py         353  0.01s             0           0  0.08s           2026-03-25T14:32:18
================================================================================
[2026-03-25T14:33:20.180+0000] {manager.py:878} INFO - 
================================================================================
DAG File Processing Stats

File Path                                 PID  Runtime      # DAGs    # Errors  Last Runtime    Last Run
--------------------------------------  -----  ---------  --------  ----------  --------------  -------------------
/opt/airflow/dags/e_commerce_dw_dag.py    382  0.02s             1           0  0.21s           2026-03-25T14:32:49
/opt/airflow/dags/new_dags.py                                    1           0  0.13s           2026-03-25T14:32:49
/opt/airflow/dags/example.py                                     1           0  0.13s           2026-03-25T14:32:49
/opt/airflow/dags/extract_data.py         385  0.01s             0           0  0.08s           2026-03-25T14:32:49
================================================================================
[2026-03-25T14:33:50.914+0000] {manager.py:878} INFO - 
================================================================================
DAG File Processing Stats

File Path                                 PID  Runtime      # DAGs    # Errors  Last Runtime    Last Run
--------------------------------------  -----  ---------  --------  ----------  --------------  -------------------
/opt/airflow/dags/e_commerce_dw_dag.py    408  0.02s             1           0  0.20s           2026-03-25T14:33:20
/opt/airflow/dags/example.py                                     1           0  0.16s           2026-03-25T14:33:20
/opt/airflow/dags/new_dags.py                                    1           0  0.16s           2026-03-25T14:33:20
/opt/airflow/dags/extract_data.py         411  0.00s             0           0  0.06s           2026-03-25T14:33:20
================================================================================
[2026-03-25T14:34:21.692+0000] {manager.py:878} INFO - 
================================================================================
DAG File Processing Stats

File Path                                 PID  Runtime      # DAGs    # Errors  Last Runtime    Last Run
--------------------------------------  -----  ---------  --------  ----------  --------------  -------------------
/opt/airflow/dags/e_commerce_dw_dag.py    434  0.02s             1           0  0.19s           2026-03-25T14:33:51
/opt/airflow/dags/example.py                                     1           0  0.13s           2026-03-25T14:33:51
/opt/airflow/dags/new_dags.py                                    1           0  0.12s           2026-03-25T14:33:51
/opt/airflow/dags/extract_data.py         437  0.01s             0           0  0.07s           2026-03-25T14:33:50
================================================================================
[2026-03-25T14:34:45.341+0000] {manager.py:737} INFO - Searching for files in /opt/airflow/dags
[2026-03-25T14:34:45.509+0000] {manager.py:740} INFO - There are 4 files in /opt/airflow/dags
[2026-03-25T14:34:52.683+0000] {manager.py:878} INFO - 
================================================================================
DAG File Processing Stats

File Path                                 PID  Runtime      # DAGs    # Errors  Last Runtime    Last Run
--------------------------------------  -----  ---------  --------  ----------  --------------  -------------------
/opt/airflow/dags/e_commerce_dw_dag.py    460  0.02s             1           0  0.24s           2026-03-25T14:34:21
/opt/airflow/dags/example.py                                     1           0  0.19s           2026-03-25T14:34:21
/opt/airflow/dags/new_dags.py                                    1           0  0.12s           2026-03-25T14:34:22
/opt/airflow/dags/extract_data.py         463  0.00s             0           0  0.07s           2026-03-25T14:34:21
================================================================================
[2026-03-25T14:35:23.399+0000] {manager.py:878} INFO - 
================================================================================
DAG File Processing Stats

File Path                                 PID  Runtime      # DAGs    # Errors  Last Runtime    Last Run
--------------------------------------  -----  ---------  --------  ----------  --------------  -------------------
/opt/airflow/dags/e_commerce_dw_dag.py    486  0.02s             1           0  0.18s           2026-03-25T14:34:52
/opt/airflow/dags/example.py                                     1           0  0.14s           2026-03-25T14:34:52
/opt/airflow/dags/new_dags.py                                    1           0  0.13s           2026-03-25T14:34:52
/opt/airflow/dags/extract_data.py         489  0.01s             0           0  0.06s           2026-03-25T14:34:52
================================================================================
[2026-03-25T14:35:54.194+0000] {manager.py:878} INFO - 
================================================================================
DAG File Processing Stats

File Path                                 PID  Runtime      # DAGs    # Errors  Last Runtime    Last Run
--------------------------------------  -----  ---------  --------  ----------  --------------  -------------------
/opt/airflow/dags/e_commerce_dw_dag.py    512  0.02s             1           0  0.22s           2026-03-25T14:35:23
/opt/airflow/dags/example.py                                     1           0  0.15s           2026-03-25T14:35:23
/opt/airflow/dags/new_dags.py                                    1           0  0.14s           2026-03-25T14:35:23
/opt/airflow/dags/extract_data.py         515  0.01s             0           0  0.08s           2026-03-25T14:35:23
================================================================================
[2026-03-25T14:36:24.995+0000] {manager.py:878} INFO - 
================================================================================
DAG File Processing Stats

File Path                                 PID  Runtime      # DAGs    # Errors  Last Runtime    Last Run
--------------------------------------  -----  ---------  --------  ----------  --------------  -------------------
/opt/airflow/dags/e_commerce_dw_dag.py    538  0.03s             1           0  0.22s           2026-03-25T14:35:54
/opt/airflow/dags/example.py                                     1           0  0.16s           2026-03-25T14:35:54
/opt/airflow/dags/new_dags.py                                    1           0  0.15s           2026-03-25T14:35:54
/opt/airflow/dags/extract_data.py         541  0.01s             0           0  0.07s           2026-03-25T14:35:54
================================================================================
[2026-03-25T14:36:55.792+0000] {manager.py:878} INFO - 
================================================================================
DAG File Processing Stats

File Path                                 PID  Runtime      # DAGs    # Errors  Last Runtime    Last Run
--------------------------------------  -----  ---------  --------  ----------  --------------  -------------------
/opt/airflow/dags/e_commerce_dw_dag.py    564  0.02s             1           0  0.28s           2026-03-25T14:36:25
/opt/airflow/dags/example.py                                     1           0  0.19s           2026-03-25T14:36:25
/opt/airflow/dags/new_dags.py                                    1           0  0.14s           2026-03-25T14:36:25
/opt/airflow/dags/extract_data.py         567  0.00s             0           0  0.12s           2026-03-25T14:36:25
================================================================================
[2026-03-25T14:37:26.589+0000] {manager.py:878} INFO - 
================================================================================
DAG File Processing Stats

File Path                                 PID  Runtime      # DAGs    # Errors  Last Runtime    Last Run
--------------------------------------  -----  ---------  --------  ----------  --------------  -------------------
/opt/airflow/dags/e_commerce_dw_dag.py    590  0.02s             1           0  0.18s           2026-03-25T14:36:55
/opt/airflow/dags/example.py                                     1           0  0.15s           2026-03-25T14:36:55
/opt/airflow/dags/new_dags.py                                    1           0  0.13s           2026-03-25T14:36:56
/opt/airflow/dags/extract_data.py         593  0.00s             0           0  0.06s           2026-03-25T14:36:55
================================================================================
[2026-03-25T14:37:57.386+0000] {manager.py:878} INFO - 
================================================================================
DAG File Processing Stats

File Path                                 PID  Runtime      # DAGs    # Errors  Last Runtime    Last Run
--------------------------------------  -----  ---------  --------  ----------  --------------  -------------------
/opt/airflow/dags/e_commerce_dw_dag.py    617  0.03s             1           0  0.26s           2026-03-25T14:37:26
/opt/airflow/dags/example.py                                     1           0  0.20s           2026-03-25T14:37:26
/opt/airflow/dags/new_dags.py                                    1           0  0.16s           2026-03-25T14:37:27
/opt/airflow/dags/extract_data.py         620  0.01s             0           0  0.08s           2026-03-25T14:37:26
================================================================================
[2026-03-25T14:38:27.392+0000] {manager.py:878} INFO - 
================================================================================
DAG File Processing Stats

File Path                               PID    Runtime      # DAGs    # Errors  Last Runtime    Last Run
--------------------------------------  -----  ---------  --------  ----------  --------------  -------------------
/opt/airflow/dags/e_commerce_dw_dag.py                           1           0  0.25s           2026-03-25T14:37:57
/opt/airflow/dags/example.py                                     1           0  0.20s           2026-03-25T14:37:57
/opt/airflow/dags/new_dags.py                                    1           0  0.16s           2026-03-25T14:37:57
/opt/airflow/dags/extract_data.py                                0           0  0.08s           2026-03-25T14:37:57
================================================================================
[2026-03-25T14:38:57.547+0000] {manager.py:878} INFO - 
================================================================================
DAG File Processing Stats

File Path                               PID    Runtime      # DAGs    # Errors  Last Runtime    Last Run
--------------------------------------  -----  ---------  --------  ----------  --------------  -------------------
/opt/airflow/dags/e_commerce_dw_dag.py                           1           0  0.48s           2026-03-25T14:38:28
/opt/airflow/dags/example.py                                     1           0  0.27s           2026-03-25T14:38:28
/opt/airflow/dags/new_dags.py                                    1           0  0.24s           2026-03-25T14:38:29
/opt/airflow/dags/extract_data.py                                0           0  0.16s           2026-03-25T14:38:28
================================================================================
[2026-03-25T14:39:28.043+0000] {manager.py:878} INFO - 
================================================================================
DAG File Processing Stats

File Path                               PID    Runtime      # DAGs    # Errors  Last Runtime    Last Run
--------------------------------------  -----  ---------  --------  ----------  --------------  -------------------
/opt/airflow/dags/e_commerce_dw_dag.py                           1           0  0.23s           2026-03-25T14:38:59
/opt/airflow/dags/new_dags.py                                    1           0  0.14s           2026-03-25T14:38:59
/opt/airflow/dags/example.py                                     1           0  0.14s           2026-03-25T14:38:59
/opt/airflow/dags/extract_data.py                                0           0  0.10s           2026-03-25T14:38:59
================================================================================
[2026-03-25T14:39:45.549+0000] {manager.py:737} INFO - Searching for files in /opt/airflow/dags
[2026-03-25T14:39:45.687+0000] {manager.py:740} INFO - There are 4 files in /opt/airflow/dags
[2026-03-25T14:39:58.878+0000] {manager.py:878} INFO - 
================================================================================
DAG File Processing Stats

File Path                               PID    Runtime      # DAGs    # Errors  Last Runtime    Last Run
--------------------------------------  -----  ---------  --------  ----------  --------------  -------------------
/opt/airflow/dags/e_commerce_dw_dag.py                           1           0  0.19s           2026-03-25T14:39:30
/opt/airflow/dags/new_dags.py                                    1           0  0.16s           2026-03-25T14:39:30
/opt/airflow/dags/example.py                                     1           0  0.15s           2026-03-25T14:39:30
/opt/airflow/dags/extract_data.py                                0           0  0.06s           2026-03-25T14:39:30
================================================================================
[2026-03-25T14:40:29.737+0000] {manager.py:878} INFO - 
================================================================================
DAG File Processing Stats

File Path                               PID    Runtime      # DAGs    # Errors  Last Runtime    Last Run
--------------------------------------  -----  ---------  --------  ----------  --------------  -------------------
/opt/airflow/dags/e_commerce_dw_dag.py                           1           0  0.33s           2026-03-25T14:40:01
/opt/airflow/dags/example.py                                     1           0  0.26s           2026-03-25T14:40:01
/opt/airflow/dags/new_dags.py                                    1           0  0.15s           2026-03-25T14:40:01
/opt/airflow/dags/extract_data.py                                0           0  0.08s           2026-03-25T14:40:01
================================================================================
[2026-03-25T14:41:00.573+0000] {manager.py:878} INFO - 
================================================================================
DAG File Processing Stats

File Path                               PID    Runtime      # DAGs    # Errors  Last Runtime    Last Run
--------------------------------------  -----  ---------  --------  ----------  --------------  -------------------
/opt/airflow/dags/e_commerce_dw_dag.py                           1           0  0.23s           2026-03-25T14:40:32
/opt/airflow/dags/new_dags.py                                    1           0  0.21s           2026-03-25T14:40:32
/opt/airflow/dags/example.py                                     1           0  0.20s           2026-03-25T14:40:32
/opt/airflow/dags/extract_data.py                                0           0  0.07s           2026-03-25T14:40:31
================================================================================
[2026-03-25T14:41:31.278+0000] {manager.py:878} INFO - 
================================================================================
DAG File Processing Stats

File Path                               PID    Runtime      # DAGs    # Errors  Last Runtime    Last Run
--------------------------------------  -----  ---------  --------  ----------  --------------  -------------------
/opt/airflow/dags/e_commerce_dw_dag.py                           1           0  0.18s           2026-03-25T14:41:02
/opt/airflow/dags/example.py                                     1           0  0.13s           2026-03-25T14:41:02
/opt/airflow/dags/new_dags.py                                    1           0  0.12s           2026-03-25T14:41:02
/opt/airflow/dags/extract_data.py                                0           0  0.06s           2026-03-25T14:41:02
================================================================================
[2026-03-25T14:42:02.013+0000] {manager.py:878} INFO - 
================================================================================
DAG File Processing Stats

File Path                               PID    Runtime      # DAGs    # Errors  Last Runtime    Last Run
--------------------------------------  -----  ---------  --------  ----------  --------------  -------------------
/opt/airflow/dags/e_commerce_dw_dag.py                           1           0  0.21s           2026-03-25T14:41:33
/opt/airflow/dags/example.py                                     1           0  0.15s           2026-03-25T14:41:33
/opt/airflow/dags/new_dags.py                                    1           0  0.15s           2026-03-25T14:41:33
/opt/airflow/dags/extract_data.py                                0           0  0.07s           2026-03-25T14:41:33
================================================================================
[2026-03-25T14:42:32.767+0000] {manager.py:878} INFO - 
================================================================================
DAG File Processing Stats

File Path                               PID    Runtime      # DAGs    # Errors  Last Runtime    Last Run
--------------------------------------  -----  ---------  --------  ----------  --------------  -------------------
/opt/airflow/dags/e_commerce_dw_dag.py                           1           0  0.21s           2026-03-25T14:42:04
/opt/airflow/dags/example.py                                     1           0  0.17s           2026-03-25T14:42:04
/opt/airflow/dags/new_dags.py                                    1           0  0.15s           2026-03-25T14:42:04
/opt/airflow/dags/extract_data.py                                0           0  0.06s           2026-03-25T14:42:04
================================================================================
[2026-03-25T14:43:03.497+0000] {manager.py:878} INFO - 
================================================================================
DAG File Processing Stats

File Path                               PID    Runtime      # DAGs    # Errors  Last Runtime    Last Run
--------------------------------------  -----  ---------  --------  ----------  --------------  -------------------
/opt/airflow/dags/e_commerce_dw_dag.py                           1           0  0.22s           2026-03-25T14:42:35
/opt/airflow/dags/example.py                                     1           0  0.16s           2026-03-25T14:42:35
/opt/airflow/dags/new_dags.py                                    1           0  0.14s           2026-03-25T14:42:35
/opt/airflow/dags/extract_data.py                                0           0  0.08s           2026-03-25T14:42:34
================================================================================
[2026-03-25T14:43:34.292+0000] {manager.py:878} INFO - 
================================================================================
DAG File Processing Stats

File Path                               PID    Runtime      # DAGs    # Errors  Last Runtime    Last Run
--------------------------------------  -----  ---------  --------  ----------  --------------  -------------------
/opt/airflow/dags/e_commerce_dw_dag.py                           1           0  0.25s           2026-03-25T14:43:05
/opt/airflow/dags/example.py                                     1           0  0.17s           2026-03-25T14:43:05
/opt/airflow/dags/new_dags.py                                    1           0  0.14s           2026-03-25T14:43:05
/opt/airflow/dags/extract_data.py                                0           0  0.09s           2026-03-25T14:43:05
================================================================================
[2026-03-25T14:44:05.086+0000] {manager.py:878} INFO - 
================================================================================
DAG File Processing Stats

File Path                               PID    Runtime      # DAGs    # Errors  Last Runtime    Last Run
--------------------------------------  -----  ---------  --------  ----------  --------------  -------------------
/opt/airflow/dags/e_commerce_dw_dag.py                           1           0  0.28s           2026-03-25T14:43:36
/opt/airflow/dags/example.py                                     1           0  0.19s           2026-03-25T14:43:36
/opt/airflow/dags/new_dags.py                                    1           0  0.15s           2026-03-25T14:43:36
/opt/airflow/dags/extract_data.py                                0           0  0.09s           2026-03-25T14:43:36
================================================================================
[2026-03-25T14:44:35.846+0000] {manager.py:878} INFO - 
================================================================================
DAG File Processing Stats

File Path                               PID    Runtime      # DAGs    # Errors  Last Runtime    Last Run
--------------------------------------  -----  ---------  --------  ----------  --------------  -------------------
/opt/airflow/dags/e_commerce_dw_dag.py                           1           0  0.23s           2026-03-25T14:44:07
/opt/airflow/dags/example.py                                     1           0  0.16s           2026-03-25T14:44:07
/opt/airflow/dags/new_dags.py                                    1           0  0.14s           2026-03-25T14:44:07
/opt/airflow/dags/extract_data.py                                0           0  0.07s           2026-03-25T14:44:07
================================================================================
[2026-03-25T14:44:46.288+0000] {manager.py:737} INFO - Searching for files in /opt/airflow/dags
[2026-03-25T14:44:46.507+0000] {manager.py:740} INFO - There are 4 files in /opt/airflow/dags
[2026-03-25T14:45:06.809+0000] {manager.py:878} INFO - 
================================================================================
DAG File Processing Stats

File Path                               PID    Runtime      # DAGs    # Errors  Last Runtime    Last Run
--------------------------------------  -----  ---------  --------  ----------  --------------  -------------------
/opt/airflow/dags/e_commerce_dw_dag.py                           1           0  0.24s           2026-03-25T14:44:38
/opt/airflow/dags/example.py                                     1           0  0.17s           2026-03-25T14:44:38
/opt/airflow/dags/new_dags.py                                    1           0  0.15s           2026-03-25T14:44:38
/opt/airflow/dags/extract_data.py                                0           0  0.08s           2026-03-25T14:44:37
================================================================================
[2026-03-25T14:45:37.508+0000] {manager.py:878} INFO - 
================================================================================
DAG File Processing Stats

File Path                               PID    Runtime      # DAGs    # Errors  Last Runtime    Last Run
--------------------------------------  -----  ---------  --------  ----------  --------------  -------------------
/opt/airflow/dags/e_commerce_dw_dag.py                           1           0  0.25s           2026-03-25T14:45:09
/opt/airflow/dags/example.py                                     1           0  0.17s           2026-03-25T14:45:09
/opt/airflow/dags/new_dags.py                                    1           0  0.15s           2026-03-25T14:45:09
/opt/airflow/dags/extract_data.py                                0           0  0.08s           2026-03-25T14:45:08
================================================================================
[2026-03-25T14:46:08.211+0000] {manager.py:878} INFO - 
================================================================================
DAG File Processing Stats

File Path                               PID    Runtime      # DAGs    # Errors  Last Runtime    Last Run
--------------------------------------  -----  ---------  --------  ----------  --------------  -------------------
/opt/airflow/dags/e_commerce_dw_dag.py                           1           0  0.18s           2026-03-25T14:45:39
/opt/airflow/dags/example.py                                     1           0  0.14s           2026-03-25T14:45:39
/opt/airflow/dags/new_dags.py                                    1           0  0.13s           2026-03-25T14:45:39
/opt/airflow/dags/extract_data.py                                0           0  0.06s           2026-03-25T14:45:39
================================================================================
[2026-03-25T14:46:38.955+0000] {manager.py:878} INFO - 
================================================================================
DAG File Processing Stats

File Path                               PID    Runtime      # DAGs    # Errors  Last Runtime    Last Run
--------------------------------------  -----  ---------  --------  ----------  --------------  -------------------
/opt/airflow/dags/e_commerce_dw_dag.py                           1           0  0.47s           2026-03-25T14:46:10
/opt/airflow/dags/example.py                                     1           0  0.23s           2026-03-25T14:46:10
/opt/airflow/dags/extract_data.py                                0           0  0.22s           2026-03-25T14:46:10
/opt/airflow/dags/new_dags.py                                    1           0  0.20s           2026-03-25T14:46:11
================================================================================
[2026-03-25T14:47:09.731+0000] {manager.py:878} INFO - 
================================================================================
DAG File Processing Stats

File Path                               PID    Runtime      # DAGs    # Errors  Last Runtime    Last Run
--------------------------------------  -----  ---------  --------  ----------  --------------  -------------------
/opt/airflow/dags/e_commerce_dw_dag.py                           1           0  0.32s           2026-03-25T14:46:41
/opt/airflow/dags/new_dags.py                                    1           0  0.20s           2026-03-25T14:46:41
/opt/airflow/dags/example.py                                     1           0  0.16s           2026-03-25T14:46:41
/opt/airflow/dags/extract_data.py                                0           0  0.10s           2026-03-25T14:46:41
================================================================================
[2026-03-25T14:47:40.502+0000] {manager.py:878} INFO - 
================================================================================
DAG File Processing Stats

File Path                               PID    Runtime      # DAGs    # Errors  Last Runtime    Last Run
--------------------------------------  -----  ---------  --------  ----------  --------------  -------------------
/opt/airflow/dags/e_commerce_dw_dag.py                           1           0  0.20s           2026-03-25T14:47:11
/opt/airflow/dags/example.py                                     1           0  0.15s           2026-03-25T14:47:12
/opt/airflow/dags/new_dags.py                                    1           0  0.14s           2026-03-25T14:47:12
/opt/airflow/dags/extract_data.py                                0           0  0.07s           2026-03-25T14:47:11
================================================================================
[2026-03-25T14:48:11.331+0000] {manager.py:878} INFO - 
================================================================================
DAG File Processing Stats

File Path                               PID    Runtime      # DAGs    # Errors  Last Runtime    Last Run
--------------------------------------  -----  ---------  --------  ----------  --------------  -------------------
/opt/airflow/dags/e_commerce_dw_dag.py                           1           0  0.22s           2026-03-25T14:47:42
/opt/airflow/dags/example.py                                     1           0  0.15s           2026-03-25T14:47:42
/opt/airflow/dags/new_dags.py                                    1           0  0.14s           2026-03-25T14:47:42
/opt/airflow/dags/extract_data.py                                0           0  0.07s           2026-03-25T14:47:42
================================================================================
[2026-03-25T14:48:42.110+0000] {manager.py:878} INFO - 
================================================================================
DAG File Processing Stats

File Path                               PID    Runtime      # DAGs    # Errors  Last Runtime    Last Run
--------------------------------------  -----  ---------  --------  ----------  --------------  -------------------
/opt/airflow/dags/e_commerce_dw_dag.py                           1           0  0.18s           2026-03-25T14:48:13
/opt/airflow/dags/example.py                                     1           0  0.14s           2026-03-25T14:48:13
/opt/airflow/dags/new_dags.py                                    1           0  0.13s           2026-03-25T14:48:13
/opt/airflow/dags/extract_data.py                                0           0  0.06s           2026-03-25T14:48:13
================================================================================
[2026-03-25T14:49:12.775+0000] {manager.py:878} INFO - 
================================================================================
DAG File Processing Stats

File Path                               PID    Runtime      # DAGs    # Errors  Last Runtime    Last Run
--------------------------------------  -----  ---------  --------  ----------  --------------  -------------------
/opt/airflow/dags/e_commerce_dw_dag.py                           1           0  0.18s           2026-03-25T14:48:44
/opt/airflow/dags/example.py                                     1           0  0.14s           2026-03-25T14:48:44
/opt/airflow/dags/new_dags.py                                    1           0  0.13s           2026-03-25T14:48:44
/opt/airflow/dags/extract_data.py                                0           0  0.06s           2026-03-25T14:48:44
================================================================================
[2026-03-25T14:49:43.583+0000] {manager.py:878} INFO - 
================================================================================
DAG File Processing Stats

File Path                               PID    Runtime      # DAGs    # Errors  Last Runtime    Last Run
--------------------------------------  -----  ---------  --------  ----------  --------------  -------------------
/opt/airflow/dags/e_commerce_dw_dag.py                           1           0  0.30s           2026-03-25T14:49:15
/opt/airflow/dags/example.py                                     1           0  0.21s           2026-03-25T14:49:15
/opt/airflow/dags/new_dags.py                                    1           0  0.17s           2026-03-25T14:49:15
/opt/airflow/dags/extract_data.py                                0           0  0.10s           2026-03-25T14:49:14
================================================================================
[2026-03-25T14:49:46.855+0000] {manager.py:737} INFO - Searching for files in /opt/airflow/dags
[2026-03-25T14:49:47.022+0000] {manager.py:740} INFO - There are 4 files in /opt/airflow/dags
[2026-03-25T14:50:14.470+0000] {manager.py:878} INFO - 
================================================================================
DAG File Processing Stats

File Path                               PID    Runtime      # DAGs    # Errors  Last Runtime    Last Run
--------------------------------------  -----  ---------  --------  ----------  --------------  -------------------
/opt/airflow/dags/e_commerce_dw_dag.py                           1           0  0.17s           2026-03-25T14:49:45
/opt/airflow/dags/new_dags.py                                    1           0  0.14s           2026-03-25T14:49:45
/opt/airflow/dags/example.py                                     1           0  0.13s           2026-03-25T14:49:45
/opt/airflow/dags/extract_data.py                                0           0  0.06s           2026-03-25T14:49:45
================================================================================
[2026-03-25T14:50:45.141+0000] {manager.py:878} INFO - 
================================================================================
DAG File Processing Stats

File Path                               PID    Runtime      # DAGs    # Errors  Last Runtime    Last Run
--------------------------------------  -----  ---------  --------  ----------  --------------  -------------------
/opt/airflow/dags/e_commerce_dw_dag.py                           1           0  0.19s           2026-03-25T14:50:16
/opt/airflow/dags/example.py                                     1           0  0.13s           2026-03-25T14:50:16
/opt/airflow/dags/new_dags.py                                    1           0  0.13s           2026-03-25T14:50:16
/opt/airflow/dags/extract_data.py                                0           0  0.06s           2026-03-25T14:50:16
================================================================================
[2026-03-25T14:51:15.833+0000] {manager.py:878} INFO - 
================================================================================
DAG File Processing Stats

File Path                               PID    Runtime      # DAGs    # Errors  Last Runtime    Last Run
--------------------------------------  -----  ---------  --------  ----------  --------------  -------------------
/opt/airflow/dags/e_commerce_dw_dag.py                           1           0  0.20s           2026-03-25T14:50:47
/opt/airflow/dags/example.py                                     1           0  0.14s           2026-03-25T14:50:47
/opt/airflow/dags/new_dags.py                                    1           0  0.13s           2026-03-25T14:50:47
/opt/airflow/dags/extract_data.py                                0           0  0.07s           2026-03-25T14:50:47
================================================================================
[2026-03-25T14:51:46.535+0000] {manager.py:878} INFO - 
================================================================================
DAG File Processing Stats

File Path                               PID    Runtime      # DAGs    # Errors  Last Runtime    Last Run
--------------------------------------  -----  ---------  --------  ----------  --------------  -------------------
/opt/airflow/dags/e_commerce_dw_dag.py                           1           0  0.18s           2026-03-25T14:51:18
/opt/airflow/dags/example.py                                     1           0  0.14s           2026-03-25T14:51:18
/opt/airflow/dags/new_dags.py                                    1           0  0.13s           2026-03-25T14:51:18
/opt/airflow/dags/extract_data.py                                0           0  0.06s           2026-03-25T14:51:17
================================================================================
[2026-03-25T14:52:17.284+0000] {manager.py:878} INFO - 
================================================================================
DAG File Processing Stats

File Path                               PID    Runtime      # DAGs    # Errors  Last Runtime    Last Run
--------------------------------------  -----  ---------  --------  ----------  --------------  -------------------
/opt/airflow/dags/e_commerce_dw_dag.py                           1           0  0.24s           2026-03-25T14:51:48
/opt/airflow/dags/example.py                                     1           0  0.19s           2026-03-25T14:51:48
/opt/airflow/dags/new_dags.py                                    1           0  0.14s           2026-03-25T14:51:48
/opt/airflow/dags/extract_data.py                                0           0  0.08s           2026-03-25T14:51:48
================================================================================
[2026-03-25T14:52:47.991+0000] {manager.py:878} INFO - 
================================================================================
DAG File Processing Stats

File Path                               PID    Runtime      # DAGs    # Errors  Last Runtime    Last Run
--------------------------------------  -----  ---------  --------  ----------  --------------  -------------------
/opt/airflow/dags/e_commerce_dw_dag.py                           1           0  0.18s           2026-03-25T14:52:19
/opt/airflow/dags/example.py                                     1           0  0.14s           2026-03-25T14:52:19
/opt/airflow/dags/new_dags.py                                    1           0  0.14s           2026-03-25T14:52:19
/opt/airflow/dags/extract_data.py                                0           0  0.06s           2026-03-25T14:52:19
================================================================================
[2026-03-25T14:53:18.595+0000] {manager.py:878} INFO - 
================================================================================
DAG File Processing Stats

File Path                               PID    Runtime      # DAGs    # Errors  Last Runtime    Last Run
--------------------------------------  -----  ---------  --------  ----------  --------------  -------------------
/opt/airflow/dags/e_commerce_dw_dag.py                           1           0  0.18s           2026-03-25T14:52:50
/opt/airflow/dags/example.py                                     1           0  0.14s           2026-03-25T14:52:50
/opt/airflow/dags/new_dags.py                                    1           0  0.13s           2026-03-25T14:52:50
/opt/airflow/dags/extract_data.py                                0           0  0.06s           2026-03-25T14:52:50
================================================================================
[2026-03-25T14:53:49.275+0000] {manager.py:878} INFO - 
================================================================================
DAG File Processing Stats

File Path                               PID    Runtime      # DAGs    # Errors  Last Runtime    Last Run
--------------------------------------  -----  ---------  --------  ----------  --------------  -------------------
/opt/airflow/dags/e_commerce_dw_dag.py                           1           0  0.19s           2026-03-25T14:53:20
/opt/airflow/dags/example.py                                     1           0  0.16s           2026-03-25T14:53:21
/opt/airflow/dags/new_dags.py                                    1           0  0.16s           2026-03-25T14:53:21
/opt/airflow/dags/extract_data.py                                0           0  0.07s           2026-03-25T14:53:20
================================================================================
[2026-03-25T14:54:20.061+0000] {manager.py:878} INFO - 
================================================================================
DAG File Processing Stats

File Path                               PID    Runtime      # DAGs    # Errors  Last Runtime    Last Run
--------------------------------------  -----  ---------  --------  ----------  --------------  -------------------
/opt/airflow/dags/e_commerce_dw_dag.py                           1           0  0.24s           2026-03-25T14:53:51
/opt/airflow/dags/example.py                                     1           0  0.14s           2026-03-25T14:53:51
/opt/airflow/dags/new_dags.py                                    1           0  0.14s           2026-03-25T14:53:51
/opt/airflow/dags/extract_data.py                                0           0  0.08s           2026-03-25T14:53:51
================================================================================
[2026-03-25T14:54:47.714+0000] {manager.py:737} INFO - Searching for files in /opt/airflow/dags
[2026-03-25T14:54:47.881+0000] {manager.py:740} INFO - There are 4 files in /opt/airflow/dags
[2026-03-25T14:54:50.946+0000] {manager.py:878} INFO - 
================================================================================
DAG File Processing Stats

File Path                               PID    Runtime      # DAGs    # Errors  Last Runtime    Last Run
--------------------------------------  -----  ---------  --------  ----------  --------------  -------------------
/opt/airflow/dags/e_commerce_dw_dag.py                           1           0  0.18s           2026-03-25T14:54:22
/opt/airflow/dags/example.py                                     1           0  0.14s           2026-03-25T14:54:22
/opt/airflow/dags/new_dags.py                                    1           0  0.13s           2026-03-25T14:54:22
/opt/airflow/dags/extract_data.py                                0           0  0.07s           2026-03-25T14:54:22
================================================================================
[2026-03-25T14:55:21.734+0000] {manager.py:878} INFO - 
================================================================================
DAG File Processing Stats

File Path                               PID    Runtime      # DAGs    # Errors  Last Runtime    Last Run
--------------------------------------  -----  ---------  --------  ----------  --------------  -------------------
/opt/airflow/dags/e_commerce_dw_dag.py                           1           0  0.19s           2026-03-25T14:54:53
/opt/airflow/dags/new_dags.py                                    1           0  0.13s           2026-03-25T14:54:53
/opt/airflow/dags/example.py                                     1           0  0.13s           2026-03-25T14:54:53
/opt/airflow/dags/extract_data.py                                0           0  0.06s           2026-03-25T14:54:53
================================================================================
[2026-03-25T14:55:52.363+0000] {manager.py:878} INFO - 
================================================================================
DAG File Processing Stats

File Path                               PID    Runtime      # DAGs    # Errors  Last Runtime    Last Run
--------------------------------------  -----  ---------  --------  ----------  --------------  -------------------
/opt/airflow/dags/e_commerce_dw_dag.py                           1           0  0.17s           2026-03-25T14:55:23
/opt/airflow/dags/example.py                                     1           0  0.14s           2026-03-25T14:55:24
/opt/airflow/dags/new_dags.py                                    1           0  0.13s           2026-03-25T14:55:24
/opt/airflow/dags/extract_data.py                                0           0  0.06s           2026-03-25T14:55:23
================================================================================
[2026-03-25T14:56:23.100+0000] {manager.py:878} INFO - 
================================================================================
DAG File Processing Stats

File Path                               PID    Runtime      # DAGs    # Errors  Last Runtime    Last Run
--------------------------------------  -----  ---------  --------  ----------  --------------  -------------------
/opt/airflow/dags/e_commerce_dw_dag.py                           1           0  0.23s           2026-03-25T14:55:54
/opt/airflow/dags/example.py                                     1           0  0.17s           2026-03-25T14:55:54
/opt/airflow/dags/new_dags.py                                    1           0  0.14s           2026-03-25T14:55:54
/opt/airflow/dags/extract_data.py                                0           0  0.08s           2026-03-25T14:55:54
================================================================================
[2026-03-25T14:56:53.928+0000] {manager.py:878} INFO - 
================================================================================
DAG File Processing Stats

File Path                               PID    Runtime      # DAGs    # Errors  Last Runtime    Last Run
--------------------------------------  -----  ---------  --------  ----------  --------------  -------------------
/opt/airflow/dags/e_commerce_dw_dag.py                           1           0  0.22s           2026-03-25T14:56:25
/opt/airflow/dags/example.py                                     1           0  0.14s           2026-03-25T14:56:25
/opt/airflow/dags/new_dags.py                                    1           0  0.14s           2026-03-25T14:56:25
/opt/airflow/dags/extract_data.py                                0           0  0.09s           2026-03-25T14:56:25
================================================================================
[2026-03-25T14:57:24.813+0000] {manager.py:878} INFO - 
================================================================================
DAG File Processing Stats

File Path                               PID    Runtime      # DAGs    # Errors  Last Runtime    Last Run
--------------------------------------  -----  ---------  --------  ----------  --------------  -------------------
/opt/airflow/dags/e_commerce_dw_dag.py                           1           0  0.22s           2026-03-25T14:56:56
/opt/airflow/dags/example.py                                     1           0  0.15s           2026-03-25T14:56:56
/opt/airflow/dags/new_dags.py                                    1           0  0.13s           2026-03-25T14:56:56
/opt/airflow/dags/extract_data.py                                0           0  0.08s           2026-03-25T14:56:56
================================================================================
[2026-03-25T14:57:55.616+0000] {manager.py:878} INFO - 
================================================================================
DAG File Processing Stats

File Path                               PID    Runtime      # DAGs    # Errors  Last Runtime    Last Run
--------------------------------------  -----  ---------  --------  ----------  --------------  -------------------
/opt/airflow/dags/e_commerce_dw_dag.py                           1           0  0.17s           2026-03-25T14:57:27
/opt/airflow/dags/example.py                                     1           0  0.13s           2026-03-25T14:57:27
/opt/airflow/dags/new_dags.py                                    1           0  0.13s           2026-03-25T14:57:27
/opt/airflow/dags/extract_data.py                                0           0  0.06s           2026-03-25T14:57:26
================================================================================
[2026-03-25T14:58:26.471+0000] {manager.py:878} INFO - 
================================================================================
DAG File Processing Stats

File Path                               PID    Runtime      # DAGs    # Errors  Last Runtime    Last Run
--------------------------------------  -----  ---------  --------  ----------  --------------  -------------------
/opt/airflow/dags/e_commerce_dw_dag.py                           1           0  0.19s           2026-03-25T14:57:57
/opt/airflow/dags/example.py                                     1           0  0.16s           2026-03-25T14:57:57
/opt/airflow/dags/new_dags.py                                    1           0  0.15s           2026-03-25T14:57:58
/opt/airflow/dags/extract_data.py                                0           0  0.07s           2026-03-25T14:57:57
================================================================================
[2026-03-25T14:58:57.266+0000] {manager.py:878} INFO - 
================================================================================
DAG File Processing Stats

File Path                               PID    Runtime      # DAGs    # Errors  Last Runtime    Last Run
--------------------------------------  -----  ---------  --------  ----------  --------------  -------------------
/opt/airflow/dags/e_commerce_dw_dag.py                           1           0  0.20s           2026-03-25T14:58:28
/opt/airflow/dags/example.py                                     1           0  0.16s           2026-03-25T14:58:28
/opt/airflow/dags/new_dags.py                                    1           0  0.16s           2026-03-25T14:58:28
/opt/airflow/dags/extract_data.py                                0           0  0.07s           2026-03-25T14:58:28
================================================================================
[2026-03-25T14:59:27.988+0000] {manager.py:878} INFO - 
================================================================================
DAG File Processing Stats

File Path                               PID    Runtime      # DAGs    # Errors  Last Runtime    Last Run
--------------------------------------  -----  ---------  --------  ----------  --------------  -------------------
/opt/airflow/dags/e_commerce_dw_dag.py                           1           0  0.19s           2026-03-25T14:58:59
/opt/airflow/dags/example.py                                     1           0  0.13s           2026-03-25T14:58:59
/opt/airflow/dags/new_dags.py                                    1           0  0.13s           2026-03-25T14:58:59
/opt/airflow/dags/extract_data.py                                0           0  0.07s           2026-03-25T14:58:59
================================================================================
[2026-03-25T14:59:48.570+0000] {manager.py:737} INFO - Searching for files in /opt/airflow/dags
[2026-03-25T14:59:48.721+0000] {manager.py:740} INFO - There are 4 files in /opt/airflow/dags
[2026-03-25T14:59:58.902+0000] {manager.py:878} INFO - 
================================================================================
DAG File Processing Stats

File Path                               PID    Runtime      # DAGs    # Errors  Last Runtime    Last Run
--------------------------------------  -----  ---------  --------  ----------  --------------  -------------------
/opt/airflow/dags/e_commerce_dw_dag.py                           1           0  0.18s           2026-03-25T14:59:30
/opt/airflow/dags/new_dags.py                                    1           0  0.14s           2026-03-25T14:59:30
/opt/airflow/dags/example.py                                     1           0  0.13s           2026-03-25T14:59:30
/opt/airflow/dags/extract_data.py                                0           0  0.06s           2026-03-25T14:59:30
================================================================================
[2026-03-25T15:00:29.635+0000] {manager.py:878} INFO - 
================================================================================
DAG File Processing Stats

File Path                               PID    Runtime      # DAGs    # Errors  Last Runtime    Last Run
--------------------------------------  -----  ---------  --------  ----------  --------------  -------------------
/opt/airflow/dags/e_commerce_dw_dag.py                           1           0  0.21s           2026-03-25T15:00:01
/opt/airflow/dags/example.py                                     1           0  0.16s           2026-03-25T15:00:01
/opt/airflow/dags/new_dags.py                                    1           0  0.13s           2026-03-25T15:00:01
/opt/airflow/dags/extract_data.py                                0           0  0.07s           2026-03-25T15:00:01
================================================================================
[2026-03-25T15:01:00.389+0000] {manager.py:878} INFO - 
================================================================================
DAG File Processing Stats

File Path                               PID    Runtime      # DAGs    # Errors  Last Runtime    Last Run
--------------------------------------  -----  ---------  --------  ----------  --------------  -------------------
/opt/airflow/dags/e_commerce_dw_dag.py                           1           0  0.18s           2026-03-25T15:00:31
/opt/airflow/dags/new_dags.py                                    1           0  0.17s           2026-03-25T15:00:32
/opt/airflow/dags/example.py                                     1           0  0.16s           2026-03-25T15:00:31
/opt/airflow/dags/extract_data.py                                0           0  0.06s           2026-03-25T15:00:31
================================================================================
[2026-03-25T15:01:31.253+0000] {manager.py:878} INFO - 
================================================================================
DAG File Processing Stats

File Path                               PID    Runtime      # DAGs    # Errors  Last Runtime    Last Run
--------------------------------------  -----  ---------  --------  ----------  --------------  -------------------
/opt/airflow/dags/e_commerce_dw_dag.py                           1           0  0.17s           2026-03-25T15:01:02
/opt/airflow/dags/example.py                                     1           0  0.14s           2026-03-25T15:01:02
/opt/airflow/dags/new_dags.py                                    1           0  0.13s           2026-03-25T15:01:02
/opt/airflow/dags/extract_data.py                                0           0  0.06s           2026-03-25T15:01:02
================================================================================
[2026-03-25T15:02:02.037+0000] {manager.py:878} INFO - 
================================================================================
DAG File Processing Stats

File Path                               PID    Runtime      # DAGs    # Errors  Last Runtime    Last Run
--------------------------------------  -----  ---------  --------  ----------  --------------  -------------------
/opt/airflow/dags/e_commerce_dw_dag.py                           1           0  0.18s           2026-03-25T15:01:33
/opt/airflow/dags/example.py                                     1           0  0.15s           2026-03-25T15:01:33
/opt/airflow/dags/new_dags.py                                    1           0  0.13s           2026-03-25T15:01:33
/opt/airflow/dags/extract_data.py                                0           0  0.06s           2026-03-25T15:01:33
================================================================================
[2026-03-25T15:02:32.891+0000] {manager.py:878} INFO - 
================================================================================
DAG File Processing Stats

File Path                               PID    Runtime      # DAGs    # Errors  Last Runtime    Last Run
--------------------------------------  -----  ---------  --------  ----------  --------------  -------------------
/opt/airflow/dags/e_commerce_dw_dag.py                           1           0  0.21s           2026-03-25T15:02:04
/opt/airflow/dags/example.py                                     1           0  0.15s           2026-03-25T15:02:04
/opt/airflow/dags/new_dags.py                                    1           0  0.13s           2026-03-25T15:02:04
/opt/airflow/dags/extract_data.py                                0           0  0.07s           2026-03-25T15:02:04
================================================================================
[2026-03-25T15:03:03.732+0000] {manager.py:878} INFO - 
================================================================================
DAG File Processing Stats

File Path                               PID    Runtime      # DAGs    # Errors  Last Runtime    Last Run
--------------------------------------  -----  ---------  --------  ----------  --------------  -------------------
/opt/airflow/dags/e_commerce_dw_dag.py                           1           0  0.20s           2026-03-25T15:02:35
/opt/airflow/dags/new_dags.py                                    1           0  0.15s           2026-03-25T15:02:35
/opt/airflow/dags/example.py                                     1           0  0.14s           2026-03-25T15:02:35
/opt/airflow/dags/extract_data.py                                0           0  0.07s           2026-03-25T15:02:35
================================================================================
[2026-03-25T15:03:34.495+0000] {manager.py:878} INFO - 
================================================================================
DAG File Processing Stats

File Path                               PID    Runtime      # DAGs    # Errors  Last Runtime    Last Run
--------------------------------------  -----  ---------  --------  ----------  --------------  -------------------
/opt/airflow/dags/e_commerce_dw_dag.py                           1           0  0.20s           2026-03-25T15:03:05
/opt/airflow/dags/example.py                                     1           0  0.15s           2026-03-25T15:03:06
/opt/airflow/dags/new_dags.py                                    1           0  0.13s           2026-03-25T15:03:06
/opt/airflow/dags/extract_data.py                                0           0  0.07s           2026-03-25T15:03:05
================================================================================
[2026-03-25T15:04:05.271+0000] {manager.py:878} INFO - 
================================================================================
DAG File Processing Stats

File Path                               PID    Runtime      # DAGs    # Errors  Last Runtime    Last Run
--------------------------------------  -----  ---------  --------  ----------  --------------  -------------------
/opt/airflow/dags/e_commerce_dw_dag.py                           1           0  0.21s           2026-03-25T15:03:36
/opt/airflow/dags/example.py                                     1           0  0.15s           2026-03-25T15:03:36
/opt/airflow/dags/new_dags.py                                    1           0  0.13s           2026-03-25T15:03:36
/opt/airflow/dags/extract_data.py                                0           0  0.06s           2026-03-25T15:03:36
================================================================================
[2026-03-25T15:04:35.993+0000] {manager.py:878} INFO - 
================================================================================
DAG File Processing Stats

File Path                               PID    Runtime      # DAGs    # Errors  Last Runtime    Last Run
--------------------------------------  -----  ---------  --------  ----------  --------------  -------------------
/opt/airflow/dags/e_commerce_dw_dag.py                           1           0  0.22s           2026-03-25T15:04:07
/opt/airflow/dags/example.py                                     1           0  0.16s           2026-03-25T15:04:07
/opt/airflow/dags/new_dags.py                                    1           0  0.14s           2026-03-25T15:04:07
/opt/airflow/dags/extract_data.py                                0           0  0.07s           2026-03-25T15:04:07
================================================================================
[2026-03-25T15:04:49.446+0000] {manager.py:737} INFO - Searching for files in /opt/airflow/dags
[2026-03-25T15:04:49.573+0000] {manager.py:740} INFO - There are 4 files in /opt/airflow/dags
[2026-03-25T15:05:06.884+0000] {manager.py:878} INFO - 
================================================================================
DAG File Processing Stats

File Path                               PID    Runtime      # DAGs    # Errors  Last Runtime    Last Run
--------------------------------------  -----  ---------  --------  ----------  --------------  -------------------
/opt/airflow/dags/e_commerce_dw_dag.py                           1           0  0.19s           2026-03-25T15:04:38
/opt/airflow/dags/example.py                                     1           0  0.15s           2026-03-25T15:04:38
/opt/airflow/dags/new_dags.py                                    1           0  0.13s           2026-03-25T15:04:38
/opt/airflow/dags/extract_data.py                                0           0  0.06s           2026-03-25T15:04:38
================================================================================
[2026-03-25T15:05:37.601+0000] {manager.py:878} INFO - 
================================================================================
DAG File Processing Stats

File Path                               PID    Runtime      # DAGs    # Errors  Last Runtime    Last Run
--------------------------------------  -----  ---------  --------  ----------  --------------  -------------------
/opt/airflow/dags/e_commerce_dw_dag.py                           1           0  0.18s           2026-03-25T15:05:09
/opt/airflow/dags/example.py                                     1           0  0.13s           2026-03-25T15:05:09
/opt/airflow/dags/new_dags.py                                    1           0  0.12s           2026-03-25T15:05:09
/opt/airflow/dags/extract_data.py                                0           0  0.06s           2026-03-25T15:05:09
================================================================================
[2026-03-25T15:06:08.379+0000] {manager.py:878} INFO - 
================================================================================
DAG File Processing Stats

File Path                               PID    Runtime      # DAGs    # Errors  Last Runtime    Last Run
--------------------------------------  -----  ---------  --------  ----------  --------------  -------------------
/opt/airflow/dags/e_commerce_dw_dag.py                           1           0  0.18s           2026-03-25T15:05:39
/opt/airflow/dags/example.py                                     1           0  0.13s           2026-03-25T15:05:39
/opt/airflow/dags/new_dags.py                                    1           0  0.13s           2026-03-25T15:05:39
/opt/airflow/dags/extract_data.py                                0           0  0.06s           2026-03-25T15:05:39
================================================================================
[2026-03-25T15:06:39.140+0000] {manager.py:878} INFO - 
================================================================================
DAG File Processing Stats

File Path                               PID    Runtime      # DAGs    # Errors  Last Runtime    Last Run
--------------------------------------  -----  ---------  --------  ----------  --------------  -------------------
/opt/airflow/dags/e_commerce_dw_dag.py                           1           0  0.20s           2026-03-25T15:06:10
/opt/airflow/dags/new_dags.py                                    1           0  0.19s           2026-03-25T15:06:10
/opt/airflow/dags/example.py                                     1           0  0.15s           2026-03-25T15:06:10
/opt/airflow/dags/extract_data.py                                0           0  0.06s           2026-03-25T15:06:10
================================================================================
[2026-03-25T15:07:09.877+0000] {manager.py:878} INFO - 
================================================================================
DAG File Processing Stats

File Path                               PID    Runtime      # DAGs    # Errors  Last Runtime    Last Run
--------------------------------------  -----  ---------  --------  ----------  --------------  -------------------
/opt/airflow/dags/e_commerce_dw_dag.py                           1           0  0.21s           2026-03-25T15:06:41
/opt/airflow/dags/new_dags.py                                    1           0  0.13s           2026-03-25T15:06:41
/opt/airflow/dags/example.py                                     1           0  0.13s           2026-03-25T15:06:41
/opt/airflow/dags/extract_data.py                                0           0  0.08s           2026-03-25T15:06:41
================================================================================
[2026-03-25T15:07:40.587+0000] {manager.py:878} INFO - 
================================================================================
DAG File Processing Stats

File Path                               PID    Runtime      # DAGs    # Errors  Last Runtime    Last Run
--------------------------------------  -----  ---------  --------  ----------  --------------  -------------------
/opt/airflow/dags/e_commerce_dw_dag.py                           1           0  0.21s           2026-03-25T15:07:12
/opt/airflow/dags/example.py                                     1           0  0.15s           2026-03-25T15:07:12
/opt/airflow/dags/new_dags.py                                    1           0  0.14s           2026-03-25T15:07:12
/opt/airflow/dags/extract_data.py                                0           0  0.07s           2026-03-25T15:07:12
================================================================================
[2026-03-25T15:08:11.470+0000] {manager.py:878} INFO - 
================================================================================
DAG File Processing Stats

File Path                               PID    Runtime      # DAGs    # Errors  Last Runtime    Last Run
--------------------------------------  -----  ---------  --------  ----------  --------------  -------------------
/opt/airflow/dags/e_commerce_dw_dag.py                           1           0  0.17s           2026-03-25T15:07:42
/opt/airflow/dags/example.py                                     1           0  0.14s           2026-03-25T15:07:42
/opt/airflow/dags/new_dags.py                                    1           0  0.14s           2026-03-25T15:07:42
/opt/airflow/dags/extract_data.py                                0           0  0.07s           2026-03-25T15:07:42
================================================================================
[2026-03-25T15:08:42.125+0000] {manager.py:878} INFO - 
================================================================================
DAG File Processing Stats

File Path                               PID    Runtime      # DAGs    # Errors  Last Runtime    Last Run
--------------------------------------  -----  ---------  --------  ----------  --------------  -------------------
/opt/airflow/dags/e_commerce_dw_dag.py                           1           0  0.17s           2026-03-25T15:08:13
/opt/airflow/dags/example.py                                     1           0  0.13s           2026-03-25T15:08:13
/opt/airflow/dags/new_dags.py                                    1           0  0.13s           2026-03-25T15:08:13
/opt/airflow/dags/extract_data.py                                0           0  0.06s           2026-03-25T15:08:13
================================================================================
[2026-03-25T15:09:12.996+0000] {manager.py:878} INFO - 
================================================================================
DAG File Processing Stats

File Path                               PID    Runtime      # DAGs    # Errors  Last Runtime    Last Run
--------------------------------------  -----  ---------  --------  ----------  --------------  -------------------
/opt/airflow/dags/e_commerce_dw_dag.py                           1           0  0.33s           2026-03-25T15:08:44
/opt/airflow/dags/example.py                                     1           0  0.19s           2026-03-25T15:08:44
/opt/airflow/dags/new_dags.py                                    1           0  0.17s           2026-03-25T15:08:44
/opt/airflow/dags/extract_data.py                                0           0  0.15s           2026-03-25T15:08:44
================================================================================
[2026-03-25T15:09:43.783+0000] {manager.py:878} INFO - 
================================================================================
DAG File Processing Stats

File Path                               PID    Runtime      # DAGs    # Errors  Last Runtime    Last Run
--------------------------------------  -----  ---------  --------  ----------  --------------  -------------------
/opt/airflow/dags/e_commerce_dw_dag.py                           1           0  0.21s           2026-03-25T15:09:15
/opt/airflow/dags/example.py                                     1           0  0.16s           2026-03-25T15:09:15
/opt/airflow/dags/new_dags.py                                    1           0  0.14s           2026-03-25T15:09:15
/opt/airflow/dags/extract_data.py                                0           0  0.07s           2026-03-25T15:09:15
================================================================================
[2026-03-25T15:09:50.153+0000] {manager.py:737} INFO - Searching for files in /opt/airflow/dags
[2026-03-25T15:09:50.305+0000] {manager.py:740} INFO - There are 4 files in /opt/airflow/dags
[2026-03-25T15:10:14.675+0000] {manager.py:878} INFO - 
================================================================================
DAG File Processing Stats

File Path                               PID    Runtime      # DAGs    # Errors  Last Runtime    Last Run
--------------------------------------  -----  ---------  --------  ----------  --------------  -------------------
/opt/airflow/dags/e_commerce_dw_dag.py                           1           0  0.24s           2026-03-25T15:09:46
/opt/airflow/dags/example.py                                     1           0  0.17s           2026-03-25T15:09:46
/opt/airflow/dags/new_dags.py                                    1           0  0.15s           2026-03-25T15:09:46
/opt/airflow/dags/extract_data.py                                0           0  0.08s           2026-03-25T15:09:45
================================================================================
[2026-03-25T15:10:45.349+0000] {manager.py:878} INFO - 
================================================================================
DAG File Processing Stats

File Path                               PID    Runtime      # DAGs    # Errors  Last Runtime    Last Run
--------------------------------------  -----  ---------  --------  ----------  --------------  -------------------
/opt/airflow/dags/e_commerce_dw_dag.py                           1           0  0.18s           2026-03-25T15:10:16
/opt/airflow/dags/example.py                                     1           0  0.14s           2026-03-25T15:10:16
/opt/airflow/dags/new_dags.py                                    1           0  0.13s           2026-03-25T15:10:17
/opt/airflow/dags/extract_data.py                                0           0  0.07s           2026-03-25T15:10:16
================================================================================
[2026-03-25T15:11:16.132+0000] {manager.py:878} INFO - 
================================================================================
DAG File Processing Stats

File Path                               PID    Runtime      # DAGs    # Errors  Last Runtime    Last Run
--------------------------------------  -----  ---------  --------  ----------  --------------  -------------------
/opt/airflow/dags/e_commerce_dw_dag.py                           1           0  0.22s           2026-03-25T15:10:47
/opt/airflow/dags/example.py                                     1           0  0.17s           2026-03-25T15:10:47
/opt/airflow/dags/new_dags.py                                    1           0  0.15s           2026-03-25T15:10:47
/opt/airflow/dags/extract_data.py                                0           0  0.07s           2026-03-25T15:10:47
================================================================================
[2026-03-25T15:11:46.921+0000] {manager.py:878} INFO - 
================================================================================
DAG File Processing Stats

File Path                               PID    Runtime      # DAGs    # Errors  Last Runtime    Last Run
--------------------------------------  -----  ---------  --------  ----------  --------------  -------------------
/opt/airflow/dags/e_commerce_dw_dag.py                           1           0  0.25s           2026-03-25T15:11:18
/opt/airflow/dags/example.py                                     1           0  0.14s           2026-03-25T15:11:18
/opt/airflow/dags/new_dags.py                                    1           0  0.14s           2026-03-25T15:11:18
/opt/airflow/dags/extract_data.py                                0           0  0.10s           2026-03-25T15:11:18
================================================================================
[2026-03-25T15:12:17.692+0000] {manager.py:878} INFO - 
================================================================================
DAG File Processing Stats

File Path                               PID    Runtime      # DAGs    # Errors  Last Runtime    Last Run
--------------------------------------  -----  ---------  --------  ----------  --------------  -------------------
/opt/airflow/dags/e_commerce_dw_dag.py                           1           0  0.25s           2026-03-25T15:11:49
/opt/airflow/dags/example.py                                     1           0  0.19s           2026-03-25T15:11:49
/opt/airflow/dags/new_dags.py                                    1           0  0.16s           2026-03-25T15:11:49
/opt/airflow/dags/extract_data.py                                0           0  0.09s           2026-03-25T15:11:49
================================================================================
[2026-03-25T15:12:48.197+0000] {manager.py:878} INFO - 
================================================================================
DAG File Processing Stats

File Path                               PID    Runtime      # DAGs    # Errors  Last Runtime    Last Run
--------------------------------------  -----  ---------  --------  ----------  --------------  -------------------
/opt/airflow/dags/e_commerce_dw_dag.py                           1           0  1.07s           2026-03-25T15:12:20
/opt/airflow/dags/example.py                                     1           0  0.74s           2026-03-25T15:12:20
/opt/airflow/dags/new_dags.py                                    1           0  0.40s           2026-03-25T15:12:21
/opt/airflow/dags/extract_data.py                                0           0  0.34s           2026-03-25T15:12:20
================================================================================
[2026-03-25T15:13:19.038+0000] {manager.py:878} INFO - 
================================================================================
DAG File Processing Stats

File Path                               PID    Runtime      # DAGs    # Errors  Last Runtime    Last Run
--------------------------------------  -----  ---------  --------  ----------  --------------  -------------------
/opt/airflow/dags/e_commerce_dw_dag.py                           1           0  0.33s           2026-03-25T15:12:51
/opt/airflow/dags/example.py                                     1           0  0.24s           2026-03-25T15:12:51
/opt/airflow/dags/new_dags.py                                    1           0  0.15s           2026-03-25T15:12:51
/opt/airflow/dags/extract_data.py                                0           0  0.11s           2026-03-25T15:12:50
================================================================================
[2026-03-25T15:13:49.788+0000] {manager.py:878} INFO - 
================================================================================
DAG File Processing Stats

File Path                               PID    Runtime      # DAGs    # Errors  Last Runtime    Last Run
--------------------------------------  -----  ---------  --------  ----------  --------------  -------------------
/opt/airflow/dags/e_commerce_dw_dag.py                           1           0  0.21s           2026-03-25T15:13:22
/opt/airflow/dags/example.py                                     1           0  0.16s           2026-03-25T15:13:22
/opt/airflow/dags/new_dags.py                                    1           0  0.15s           2026-03-25T15:13:22
/opt/airflow/dags/extract_data.py                                0           0  0.10s           2026-03-25T15:13:21
================================================================================
[2026-03-25T15:14:20.504+0000] {manager.py:878} INFO - 
================================================================================
DAG File Processing Stats

File Path                               PID    Runtime      # DAGs    # Errors  Last Runtime    Last Run
--------------------------------------  -----  ---------  --------  ----------  --------------  -------------------
/opt/airflow/dags/e_commerce_dw_dag.py                           1           0  0.27s           2026-03-25T15:13:53
/opt/airflow/dags/example.py                                     1           0  0.18s           2026-03-25T15:13:53
/opt/airflow/dags/new_dags.py                                    1           0  0.16s           2026-03-25T15:13:53
/opt/airflow/dags/extract_data.py                                0           0  0.11s           2026-03-25T15:13:51
================================================================================
[2026-03-25T15:14:50.392+0000] {manager.py:737} INFO - Searching for files in /opt/airflow/dags
[2026-03-25T15:14:50.532+0000] {manager.py:740} INFO - There are 4 files in /opt/airflow/dags
[2026-03-25T15:14:50.553+0000] {manager.py:878} INFO - 
================================================================================
DAG File Processing Stats

File Path                               PID    Runtime      # DAGs    # Errors  Last Runtime    Last Run
--------------------------------------  -----  ---------  --------  ----------  --------------  -------------------
/opt/airflow/dags/e_commerce_dw_dag.py                           1           0  0.36s           2026-03-25T15:14:23
/opt/airflow/dags/example.py                                     1           0  0.28s           2026-03-25T15:14:23
/opt/airflow/dags/new_dags.py                                    1           0  0.14s           2026-03-25T15:14:24
/opt/airflow/dags/extract_data.py                                0           0  0.08s           2026-03-25T15:14:22
================================================================================
[2026-03-25T15:15:21.266+0000] {manager.py:878} INFO - 
================================================================================
DAG File Processing Stats

File Path                               PID    Runtime      # DAGs    # Errors  Last Runtime    Last Run
--------------------------------------  -----  ---------  --------  ----------  --------------  -------------------
/opt/airflow/dags/e_commerce_dw_dag.py                           1           0  0.21s           2026-03-25T15:14:54
/opt/airflow/dags/example.py                                     1           0  0.15s           2026-03-25T15:14:54
/opt/airflow/dags/new_dags.py                                    1           0  0.13s           2026-03-25T15:14:54
/opt/airflow/dags/extract_data.py                                0           0  0.12s           2026-03-25T15:14:53
================================================================================
[2026-03-25T15:15:51.908+0000] {manager.py:878} INFO - 
================================================================================
DAG File Processing Stats

File Path                               PID    Runtime      # DAGs    # Errors  Last Runtime    Last Run
--------------------------------------  -----  ---------  --------  ----------  --------------  -------------------
/opt/airflow/dags/e_commerce_dw_dag.py                           1           0  0.22s           2026-03-25T15:15:25
/opt/airflow/dags/example.py                                     1           0  0.15s           2026-03-25T15:15:25
/opt/airflow/dags/new_dags.py                                    1           0  0.13s           2026-03-25T15:15:25
/opt/airflow/dags/extract_data.py                                0           0  0.06s           2026-03-25T15:15:24
================================================================================
[2026-03-25T15:16:22.618+0000] {manager.py:878} INFO - 
================================================================================
DAG File Processing Stats

File Path                               PID    Runtime      # DAGs    # Errors  Last Runtime    Last Run
--------------------------------------  -----  ---------  --------  ----------  --------------  -------------------
/opt/airflow/dags/e_commerce_dw_dag.py                           1           0  0.23s           2026-03-25T15:15:56
/opt/airflow/dags/example.py                                     1           0  0.15s           2026-03-25T15:15:56
/opt/airflow/dags/new_dags.py                                    1           0  0.15s           2026-03-25T15:15:56
/opt/airflow/dags/extract_data.py                                0           0  0.06s           2026-03-25T15:15:55
================================================================================
[2026-03-25T15:16:53.302+0000] {manager.py:878} INFO - 
================================================================================
DAG File Processing Stats

File Path                               PID    Runtime      # DAGs    # Errors  Last Runtime    Last Run
--------------------------------------  -----  ---------  --------  ----------  --------------  -------------------
/opt/airflow/dags/e_commerce_dw_dag.py                           1           0  0.19s           2026-03-25T15:16:26
/opt/airflow/dags/example.py                                     1           0  0.14s           2026-03-25T15:16:26
/opt/airflow/dags/new_dags.py                                    1           0  0.13s           2026-03-25T15:16:27
/opt/airflow/dags/extract_data.py                                0           0  0.06s           2026-03-25T15:16:25
================================================================================
[2026-03-25T15:17:24.034+0000] {manager.py:878} INFO - 
================================================================================
DAG File Processing Stats

File Path                               PID    Runtime      # DAGs    # Errors  Last Runtime    Last Run
--------------------------------------  -----  ---------  --------  ----------  --------------  -------------------
/opt/airflow/dags/e_commerce_dw_dag.py                           1           0  0.19s           2026-03-25T15:16:57
/opt/airflow/dags/example.py                                     1           0  0.13s           2026-03-25T15:16:57
/opt/airflow/dags/new_dags.py                                    1           0  0.13s           2026-03-25T15:16:57
/opt/airflow/dags/extract_data.py                                0           0  0.08s           2026-03-25T15:16:56
================================================================================
[2026-03-25T15:17:54.783+0000] {manager.py:878} INFO - 
================================================================================
DAG File Processing Stats

File Path                               PID    Runtime      # DAGs    # Errors  Last Runtime    Last Run
--------------------------------------  -----  ---------  --------  ----------  --------------  -------------------
/opt/airflow/dags/e_commerce_dw_dag.py                           1           0  0.18s           2026-03-25T15:17:28
/opt/airflow/dags/example.py                                     1           0  0.14s           2026-03-25T15:17:28
/opt/airflow/dags/new_dags.py                                    1           0  0.13s           2026-03-25T15:17:28
/opt/airflow/dags/extract_data.py                                0           0  0.06s           2026-03-25T15:17:27
================================================================================
[2026-03-25T15:18:25.543+0000] {manager.py:878} INFO - 
================================================================================
DAG File Processing Stats

File Path                               PID    Runtime      # DAGs    # Errors  Last Runtime    Last Run
--------------------------------------  -----  ---------  --------  ----------  --------------  -------------------
/opt/airflow/dags/e_commerce_dw_dag.py                           1           0  0.17s           2026-03-25T15:17:59
/opt/airflow/dags/new_dags.py                                    1           0  0.13s           2026-03-25T15:17:59
/opt/airflow/dags/example.py                                     1           0  0.13s           2026-03-25T15:17:59
/opt/airflow/dags/extract_data.py                                0           0  0.07s           2026-03-25T15:17:57
================================================================================
[2026-03-25T15:18:56.228+0000] {manager.py:878} INFO - 
================================================================================
DAG File Processing Stats

File Path                               PID    Runtime      # DAGs    # Errors  Last Runtime    Last Run
--------------------------------------  -----  ---------  --------  ----------  --------------  -------------------
/opt/airflow/dags/e_commerce_dw_dag.py                           1           0  0.21s           2026-03-25T15:18:29
/opt/airflow/dags/example.py                                     1           0  0.15s           2026-03-25T15:18:29
/opt/airflow/dags/new_dags.py                                    1           0  0.14s           2026-03-25T15:18:30
/opt/airflow/dags/extract_data.py                                0           0  0.11s           2026-03-25T15:18:28
================================================================================
[2026-03-25T15:19:26.241+0000] {manager.py:878} INFO - 
================================================================================
DAG File Processing Stats

File Path                               PID    Runtime      # DAGs    # Errors  Last Runtime    Last Run
--------------------------------------  -----  ---------  --------  ----------  --------------  -------------------
/opt/airflow/dags/e_commerce_dw_dag.py                           1           0  0.38s           2026-03-25T15:19:00
/opt/airflow/dags/new_dags.py                                    1           0  0.27s           2026-03-25T15:19:00
/opt/airflow/dags/example.py                                     1           0  0.22s           2026-03-25T15:19:00
/opt/airflow/dags/extract_data.py                                0           0  0.07s           2026-03-25T15:18:59
================================================================================
[2026-03-25T15:19:50.571+0000] {manager.py:737} INFO - Searching for files in /opt/airflow/dags
[2026-03-25T15:19:50.721+0000] {manager.py:740} INFO - There are 4 files in /opt/airflow/dags
[2026-03-25T15:19:56.811+0000] {manager.py:878} INFO - 
================================================================================
DAG File Processing Stats

File Path                               PID    Runtime      # DAGs    # Errors  Last Runtime    Last Run
--------------------------------------  -----  ---------  --------  ----------  --------------  -------------------
/opt/airflow/dags/e_commerce_dw_dag.py                           1           0  0.20s           2026-03-25T15:19:31
/opt/airflow/dags/example.py                                     1           0  0.14s           2026-03-25T15:19:31
/opt/airflow/dags/new_dags.py                                    1           0  0.13s           2026-03-25T15:19:31
/opt/airflow/dags/extract_data.py                                0           0  0.09s           2026-03-25T15:19:30
================================================================================
[2026-03-26T03:32:28.342+0000] {manager.py:470} INFO - Processing files using up to 2 processes at a time 
[2026-03-26T03:32:28.344+0000] {manager.py:471} INFO - Process each file at most once every 30 seconds
[2026-03-26T03:32:28.345+0000] {manager.py:472} INFO - Checking for new files in /opt/airflow/dags every 300 seconds
[2026-03-26T03:32:28.346+0000] {manager.py:737} INFO - Searching for files in /opt/airflow/dags
[2026-03-26T03:32:28.671+0000] {manager.py:740} INFO - There are 4 files in /opt/airflow/dags
[2026-03-26T03:32:28.826+0000] {manager.py:878} INFO - 
================================================================================
DAG File Processing Stats

File Path                                 PID  Runtime      # DAGs    # Errors  Last Runtime    Last Run
--------------------------------------  -----  ---------  --------  ----------  --------------  ----------
/opt/airflow/dags/example.py                                     0           0
/opt/airflow/dags/extract_data.py         188  0.06s             0           0
/opt/airflow/dags/e_commerce_dw_dag.py    185  0.08s             0           0
/opt/airflow/dags/new_dags.py                                    0           0
================================================================================
[2026-03-26T03:32:58.865+0000] {manager.py:878} INFO - 
================================================================================
DAG File Processing Stats

File Path                               PID    Runtime      # DAGs    # Errors  Last Runtime    Last Run
--------------------------------------  -----  ---------  --------  ----------  --------------  -------------------
/opt/airflow/dags/e_commerce_dw_dag.py                           1           0  0.76s           2026-03-26T03:32:29
/opt/airflow/dags/example.py                                     1           0  0.62s           2026-03-26T03:32:29
/opt/airflow/dags/new_dags.py                                    1           0  0.37s           2026-03-26T03:32:29
/opt/airflow/dags/extract_data.py                                0           0  0.13s           2026-03-26T03:32:28
================================================================================
[2026-03-26T03:33:29.003+0000] {manager.py:878} INFO - 
================================================================================
DAG File Processing Stats

File Path                               PID    Runtime      # DAGs    # Errors  Last Runtime    Last Run
--------------------------------------  -----  ---------  --------  ----------  --------------  -------------------
/opt/airflow/dags/e_commerce_dw_dag.py                           1           0  0.31s           2026-03-26T03:33:00
/opt/airflow/dags/example.py                                     1           0  0.22s           2026-03-26T03:33:00
/opt/airflow/dags/new_dags.py                                    1           0  0.15s           2026-03-26T03:33:00
/opt/airflow/dags/extract_data.py                                0           0  0.09s           2026-03-26T03:32:59
================================================================================
[2026-03-26T03:33:59.736+0000] {manager.py:878} INFO - 
================================================================================
DAG File Processing Stats

File Path                               PID    Runtime      # DAGs    # Errors  Last Runtime    Last Run
--------------------------------------  -----  ---------  --------  ----------  --------------  -------------------
/opt/airflow/dags/e_commerce_dw_dag.py                           1           0  0.25s           2026-03-26T03:33:31
/opt/airflow/dags/example.py                                     1           0  0.20s           2026-03-26T03:33:31
/opt/airflow/dags/new_dags.py                                    1           0  0.16s           2026-03-26T03:33:31
/opt/airflow/dags/extract_data.py                                0           0  0.10s           2026-03-26T03:33:30
================================================================================
[2026-03-26T03:34:30.482+0000] {manager.py:878} INFO - 
================================================================================
DAG File Processing Stats

File Path                               PID    Runtime      # DAGs    # Errors  Last Runtime    Last Run
--------------------------------------  -----  ---------  --------  ----------  --------------  -------------------
/opt/airflow/dags/e_commerce_dw_dag.py                           1           0  0.28s           2026-03-26T03:34:02
/opt/airflow/dags/example.py                                     1           0  0.23s           2026-03-26T03:34:02
/opt/airflow/dags/new_dags.py                                    1           0  0.14s           2026-03-26T03:34:02
/opt/airflow/dags/extract_data.py                                0           0  0.08s           2026-03-26T03:34:00
================================================================================
[2026-03-26T03:35:01.184+0000] {manager.py:878} INFO - 
================================================================================
DAG File Processing Stats

File Path                               PID    Runtime      # DAGs    # Errors  Last Runtime    Last Run
--------------------------------------  -----  ---------  --------  ----------  --------------  -------------------
/opt/airflow/dags/e_commerce_dw_dag.py                           1           0  0.24s           2026-03-26T03:34:32
/opt/airflow/dags/example.py                                     1           0  0.18s           2026-03-26T03:34:32
/opt/airflow/dags/new_dags.py                                    1           0  0.17s           2026-03-26T03:34:32
/opt/airflow/dags/extract_data.py                                0           0  0.10s           2026-03-26T03:34:31
================================================================================
[2026-03-26T03:35:31.894+0000] {manager.py:878} INFO - 
================================================================================
DAG File Processing Stats

File Path                               PID    Runtime      # DAGs    # Errors  Last Runtime    Last Run
--------------------------------------  -----  ---------  --------  ----------  --------------  -------------------
/opt/airflow/dags/e_commerce_dw_dag.py                           1           0  0.27s           2026-03-26T03:35:03
/opt/airflow/dags/new_dags.py                                    1           0  0.19s           2026-03-26T03:35:03
/opt/airflow/dags/example.py                                     1           0  0.19s           2026-03-26T03:35:03
/opt/airflow/dags/extract_data.py                                0           0  0.09s           2026-03-26T03:35:02
================================================================================
[2026-03-26T03:36:02.619+0000] {manager.py:878} INFO - 
================================================================================
DAG File Processing Stats

File Path                               PID    Runtime      # DAGs    # Errors  Last Runtime    Last Run
--------------------------------------  -----  ---------  --------  ----------  --------------  -------------------
/opt/airflow/dags/e_commerce_dw_dag.py                           1           0  0.24s           2026-03-26T03:35:34
/opt/airflow/dags/example.py                                     1           0  0.18s           2026-03-26T03:35:34
/opt/airflow/dags/new_dags.py                                    1           0  0.13s           2026-03-26T03:35:34
/opt/airflow/dags/extract_data.py                                0           0  0.08s           2026-03-26T03:35:32
================================================================================
[2026-03-26T03:36:33.281+0000] {manager.py:878} INFO - 
================================================================================
DAG File Processing Stats

File Path                               PID    Runtime      # DAGs    # Errors  Last Runtime    Last Run
--------------------------------------  -----  ---------  --------  ----------  --------------  -------------------
/opt/airflow/dags/e_commerce_dw_dag.py                           1           0  0.21s           2026-03-26T03:36:04
/opt/airflow/dags/example.py                                     1           0  0.14s           2026-03-26T03:36:04
/opt/airflow/dags/new_dags.py                                    1           0  0.14s           2026-03-26T03:36:05
/opt/airflow/dags/extract_data.py                                0           0  0.10s           2026-03-26T03:36:03
================================================================================
[2026-03-26T03:37:04.079+0000] {manager.py:878} INFO - 
================================================================================
DAG File Processing Stats

File Path                               PID    Runtime      # DAGs    # Errors  Last Runtime    Last Run
--------------------------------------  -----  ---------  --------  ----------  --------------  -------------------
/opt/airflow/dags/e_commerce_dw_dag.py                           1           0  0.20s           2026-03-26T03:36:35
/opt/airflow/dags/example.py                                     1           0  0.15s           2026-03-26T03:36:35
/opt/airflow/dags/new_dags.py                                    1           0  0.14s           2026-03-26T03:36:35
/opt/airflow/dags/extract_data.py                                0           0  0.08s           2026-03-26T03:36:34
================================================================================
[2026-03-26T03:37:28.630+0000] {manager.py:737} INFO - Searching for files in /opt/airflow/dags
[2026-03-26T03:37:28.762+0000] {manager.py:740} INFO - There are 4 files in /opt/airflow/dags
[2026-03-26T03:37:34.856+0000] {manager.py:878} INFO - 
================================================================================
DAG File Processing Stats

File Path                               PID    Runtime      # DAGs    # Errors  Last Runtime    Last Run
--------------------------------------  -----  ---------  --------  ----------  --------------  -------------------
/opt/airflow/dags/e_commerce_dw_dag.py                           1           0  0.21s           2026-03-26T03:37:06
/opt/airflow/dags/example.py                                     1           0  0.16s           2026-03-26T03:37:06
/opt/airflow/dags/new_dags.py                                    1           0  0.12s           2026-03-26T03:37:06
/opt/airflow/dags/extract_data.py                                0           0  0.08s           2026-03-26T03:37:05
================================================================================
[2026-03-26T03:38:04.910+0000] {manager.py:878} INFO - 
================================================================================
DAG File Processing Stats

File Path                               PID    Runtime      # DAGs    # Errors  Last Runtime    Last Run
--------------------------------------  -----  ---------  --------  ----------  --------------  -------------------
/opt/airflow/dags/e_commerce_dw_dag.py                           1           0  0.41s           2026-03-26T03:37:37
/opt/airflow/dags/example.py                                     1           0  0.30s           2026-03-26T03:37:37
/opt/airflow/dags/new_dags.py                                    1           0  0.19s           2026-03-26T03:37:37
/opt/airflow/dags/extract_data.py                                0           0  0.08s           2026-03-26T03:37:35
================================================================================
[2026-03-26T03:38:35.530+0000] {manager.py:878} INFO - 
================================================================================
DAG File Processing Stats

File Path                               PID    Runtime      # DAGs    # Errors  Last Runtime    Last Run
--------------------------------------  -----  ---------  --------  ----------  --------------  -------------------
/opt/airflow/dags/e_commerce_dw_dag.py                           1           0  0.22s           2026-03-26T03:38:07
/opt/airflow/dags/new_dags.py                                    1           0  0.17s           2026-03-26T03:38:08
/opt/airflow/dags/example.py                                     1           0  0.16s           2026-03-26T03:38:07
/opt/airflow/dags/extract_data.py                                0           0  0.09s           2026-03-26T03:38:06
================================================================================
[2026-03-26T03:39:05.763+0000] {manager.py:878} INFO - 
================================================================================
DAG File Processing Stats

File Path                               PID    Runtime      # DAGs    # Errors  Last Runtime    Last Run
--------------------------------------  -----  ---------  --------  ----------  --------------  -------------------
/opt/airflow/dags/e_commerce_dw_dag.py                           1           0  2.52s           2026-03-26T03:38:40
/opt/airflow/dags/extract_data.py                                0           0  1.53s           2026-03-26T03:38:39
/opt/airflow/dags/example.py                                     1           0  1.53s           2026-03-26T03:38:41
/opt/airflow/dags/new_dags.py                                    1           0  1.17s           2026-03-26T03:38:42
================================================================================
[2026-03-26T03:39:36.150+0000] {manager.py:878} INFO - 
================================================================================
DAG File Processing Stats

File Path                               PID    Runtime      # DAGs    # Errors  Last Runtime    Last Run
--------------------------------------  -----  ---------  --------  ----------  --------------  -------------------
/opt/airflow/dags/e_commerce_dw_dag.py                           1           0  1.48s           2026-03-26T03:39:12
/opt/airflow/dags/example.py                                     1           0  1.15s           2026-03-26T03:39:12
/opt/airflow/dags/new_dags.py                                    1           0  0.72s           2026-03-26T03:39:13
/opt/airflow/dags/extract_data.py                                0           0  0.42s           2026-03-26T03:39:10
================================================================================
[2026-03-26T03:40:06.901+0000] {manager.py:878} INFO - 
================================================================================
DAG File Processing Stats

File Path                               PID    Runtime      # DAGs    # Errors  Last Runtime    Last Run
--------------------------------------  -----  ---------  --------  ----------  --------------  -------------------
/opt/airflow/dags/e_commerce_dw_dag.py                           1           0  1.00s           2026-03-26T03:39:43
/opt/airflow/dags/example.py                                     1           0  0.83s           2026-03-26T03:39:44
/opt/airflow/dags/new_dags.py                                    1           0  0.72s           2026-03-26T03:39:44
/opt/airflow/dags/extract_data.py                                0           0  0.12s           2026-03-26T03:39:40
================================================================================
[2026-03-26T03:40:37.111+0000] {manager.py:878} INFO - 
================================================================================
DAG File Processing Stats

File Path                               PID    Runtime      # DAGs    # Errors  Last Runtime    Last Run
--------------------------------------  -----  ---------  --------  ----------  --------------  -------------------
/opt/airflow/dags/e_commerce_dw_dag.py                           1           0  1.94s           2026-03-26T03:40:16
/opt/airflow/dags/example.py                                     1           0  0.96s           2026-03-26T03:40:15
/opt/airflow/dags/new_dags.py                                    1           0  0.78s           2026-03-26T03:40:16
/opt/airflow/dags/extract_data.py                                0           0  0.59s           2026-03-26T03:40:11
================================================================================
[2026-03-26T03:41:07.164+0000] {manager.py:878} INFO - 
================================================================================
DAG File Processing Stats

File Path                               PID    Runtime      # DAGs    # Errors  Last Runtime    Last Run
--------------------------------------  -----  ---------  --------  ----------  --------------  -------------------
/opt/airflow/dags/e_commerce_dw_dag.py                           1           0  1.57s           2026-03-26T03:40:47
/opt/airflow/dags/new_dags.py                                    1           0  1.33s           2026-03-26T03:40:48
/opt/airflow/dags/example.py                                     1           0  1.19s           2026-03-26T03:40:47
/opt/airflow/dags/extract_data.py                                0           0  0.63s           2026-03-26T03:40:42
================================================================================
[2026-03-26T03:41:37.290+0000] {manager.py:878} INFO - 
================================================================================
DAG File Processing Stats

File Path                               PID    Runtime      # DAGs    # Errors  Last Runtime    Last Run
--------------------------------------  -----  ---------  --------  ----------  --------------  -------------------
/opt/airflow/dags/extract_data.py                                0           0  1.17s           2026-03-26T03:41:14
/opt/airflow/dags/e_commerce_dw_dag.py                           1           0  1.05s           2026-03-26T03:41:19
/opt/airflow/dags/example.py                                     1           0  0.84s           2026-03-26T03:41:18
/opt/airflow/dags/new_dags.py                                    1           0  0.62s           2026-03-26T03:41:19
================================================================================
[2026-03-26T03:42:07.461+0000] {manager.py:878} INFO - 
================================================================================
DAG File Processing Stats

File Path                               PID    Runtime      # DAGs    # Errors  Last Runtime    Last Run
--------------------------------------  -----  ---------  --------  ----------  --------------  -------------------
/opt/airflow/dags/e_commerce_dw_dag.py                           1           0  1.24s           2026-03-26T03:41:51
/opt/airflow/dags/new_dags.py                                    1           0  0.78s           2026-03-26T03:41:51
/opt/airflow/dags/example.py                                     1           0  0.57s           2026-03-26T03:41:49
/opt/airflow/dags/extract_data.py                                0           0  0.47s           2026-03-26T03:41:45
================================================================================
[2026-03-26T03:42:28.894+0000] {manager.py:737} INFO - Searching for files in /opt/airflow/dags
[2026-03-26T03:42:32.517+0000] {manager.py:740} INFO - There are 4 files in /opt/airflow/dags
[2026-03-26T03:42:37.909+0000] {manager.py:878} INFO - 
================================================================================
DAG File Processing Stats

File Path                               PID    Runtime      # DAGs    # Errors  Last Runtime    Last Run
--------------------------------------  -----  ---------  --------  ----------  --------------  -------------------
/opt/airflow/dags/extract_data.py                                0           0  0.71s           2026-03-26T03:42:15
/opt/airflow/dags/example.py                                     1           0  0.69s           2026-03-26T03:42:20
/opt/airflow/dags/e_commerce_dw_dag.py                           1           0  0.28s           2026-03-26T03:42:22
/opt/airflow/dags/new_dags.py                                    1           0  0.18s           2026-03-26T03:42:21
================================================================================
[2026-03-26T03:43:08.073+0000] {manager.py:878} INFO - 
================================================================================
DAG File Processing Stats

File Path                               PID    Runtime      # DAGs    # Errors  Last Runtime    Last Run
--------------------------------------  -----  ---------  --------  ----------  --------------  -------------------
/opt/airflow/dags/e_commerce_dw_dag.py                           1           0  1.88s           2026-03-26T03:42:55
/opt/airflow/dags/new_dags.py                                    1           0  1.00s           2026-03-26T03:42:53
/opt/airflow/dags/example.py                                     1           0  0.83s           2026-03-26T03:42:51
/opt/airflow/dags/extract_data.py                                0           0  0.79s           2026-03-26T03:42:47
================================================================================
[2026-03-26T03:43:38.123+0000] {manager.py:878} INFO - 
================================================================================
DAG File Processing Stats

File Path                               PID    Runtime      # DAGs    # Errors  Last Runtime    Last Run
--------------------------------------  -----  ---------  --------  ----------  --------------  -------------------
/opt/airflow/dags/e_commerce_dw_dag.py                           1           0  4.35s           2026-03-26T03:43:30
/opt/airflow/dags/extract_data.py                                0           0  3.34s           2026-03-26T03:43:22
/opt/airflow/dags/example.py                                     1           0  2.32s           2026-03-26T03:43:25
/opt/airflow/dags/new_dags.py                                    1           0  1.93s           2026-03-26T03:43:26
================================================================================
[2026-03-26T03:44:08.326+0000] {manager.py:878} INFO - 
================================================================================
DAG File Processing Stats

File Path                               PID    Runtime      # DAGs    # Errors  Last Runtime    Last Run
--------------------------------------  -----  ---------  --------  ----------  --------------  -------------------
/opt/airflow/dags/e_commerce_dw_dag.py                           1           0  1.68s           2026-03-26T03:44:02
/opt/airflow/dags/example.py                                     1           0  0.86s           2026-03-26T03:43:56
/opt/airflow/dags/extract_data.py                                0           0  0.74s           2026-03-26T03:43:53
/opt/airflow/dags/new_dags.py                                    1           0  0.66s           2026-03-26T03:43:56
================================================================================
[2026-03-26T03:44:38.601+0000] {manager.py:878} INFO - 
================================================================================
DAG File Processing Stats

File Path                               PID    Runtime      # DAGs    # Errors  Last Runtime    Last Run
--------------------------------------  -----  ---------  --------  ----------  --------------  -------------------
/opt/airflow/dags/e_commerce_dw_dag.py                           1           0  2.02s           2026-03-26T03:44:34
/opt/airflow/dags/example.py                                     1           0  1.89s           2026-03-26T03:44:28
/opt/airflow/dags/new_dags.py                                    1           0  1.44s           2026-03-26T03:44:28
/opt/airflow/dags/extract_data.py                                0           0  1.32s           2026-03-26T03:44:25
================================================================================
[2026-03-26T03:45:08.734+0000] {manager.py:878} INFO - 
================================================================================
DAG File Processing Stats

File Path                               PID    Runtime      # DAGs    # Errors  Last Runtime    Last Run
--------------------------------------  -----  ---------  --------  ----------  --------------  -------------------
/opt/airflow/dags/e_commerce_dw_dag.py                           1           0  1.62s           2026-03-26T03:45:06
/opt/airflow/dags/new_dags.py                                    1           0  1.12s           2026-03-26T03:45:00
/opt/airflow/dags/example.py                                     1           0  0.95s           2026-03-26T03:45:00
/opt/airflow/dags/extract_data.py                                0           0  0.40s           2026-03-26T03:44:56
================================================================================
[2026-03-26T03:45:39.260+0000] {manager.py:878} INFO - 
================================================================================
DAG File Processing Stats

File Path                               PID    Runtime      # DAGs    # Errors  Last Runtime    Last Run
--------------------------------------  -----  ---------  --------  ----------  --------------  -------------------
/opt/airflow/dags/extract_data.py                                0           0  1.23s           2026-03-26T03:45:28
/opt/airflow/dags/e_commerce_dw_dag.py                           1           0  1.18s           2026-03-26T03:45:38
/opt/airflow/dags/new_dags.py                                    1           0  0.42s           2026-03-26T03:45:31
/opt/airflow/dags/example.py                                     1           0  0.32s           2026-03-26T03:45:31
================================================================================
[2026-03-26T03:47:28.418+0000] {manager.py:470} INFO - Processing files using up to 2 processes at a time 
[2026-03-26T03:47:28.420+0000] {manager.py:471} INFO - Process each file at most once every 30 seconds
[2026-03-26T03:47:28.422+0000] {manager.py:472} INFO - Checking for new files in /opt/airflow/dags every 300 seconds
[2026-03-26T03:47:28.425+0000] {manager.py:737} INFO - Searching for files in /opt/airflow/dags
[2026-03-26T03:47:28.686+0000] {manager.py:740} INFO - There are 4 files in /opt/airflow/dags
[2026-03-26T03:47:29.209+0000] {manager.py:878} INFO - 
================================================================================
DAG File Processing Stats

File Path                                 PID  Runtime      # DAGs    # Errors  Last Runtime    Last Run
--------------------------------------  -----  ---------  --------  ----------  --------------  ----------
/opt/airflow/dags/example.py                                     0           0
/opt/airflow/dags/extract_data.py         204  0.19s             0           0
/opt/airflow/dags/e_commerce_dw_dag.py    201  0.33s             0           0
/opt/airflow/dags/new_dags.py                                    0           0
================================================================================
[2026-03-26T03:47:59.266+0000] {manager.py:878} INFO - 
================================================================================
DAG File Processing Stats

File Path                               PID    Runtime      # DAGs    # Errors  Last Runtime    Last Run
--------------------------------------  -----  ---------  --------  ----------  --------------  -------------------
/opt/airflow/dags/example.py                                     1           0  1.81s           2026-03-26T03:47:31
/opt/airflow/dags/new_dags.py                                    1           0  1.32s           2026-03-26T03:47:31
/opt/airflow/dags/e_commerce_dw_dag.py                           0           1  1.25s           2026-03-26T03:47:30
/opt/airflow/dags/extract_data.py                                0           1  0.81s           2026-03-26T03:47:29
================================================================================
[2026-03-26T03:48:29.272+0000] {manager.py:878} INFO - 
================================================================================
DAG File Processing Stats

File Path                               PID    Runtime      # DAGs    # Errors  Last Runtime    Last Run
--------------------------------------  -----  ---------  --------  ----------  --------------  -------------------
/opt/airflow/dags/example.py                                     1           0  0.26s           2026-03-26T03:48:02
/opt/airflow/dags/new_dags.py                                    1           0  0.24s           2026-03-26T03:48:02
/opt/airflow/dags/e_commerce_dw_dag.py                           0           1  0.20s           2026-03-26T03:48:00
/opt/airflow/dags/extract_data.py                                0           1  0.14s           2026-03-26T03:48:00
================================================================================
[2026-03-26T03:48:48.606+0000] {manager.py:452} INFO - Exiting gracefully upon receiving signal 15
[2026-03-26T03:53:48.351+0000] {manager.py:470} INFO - Processing files using up to 2 processes at a time 
[2026-03-26T03:53:48.353+0000] {manager.py:471} INFO - Process each file at most once every 30 seconds
[2026-03-26T03:53:48.355+0000] {manager.py:472} INFO - Checking for new files in /opt/airflow/dags every 300 seconds
[2026-03-26T03:53:48.359+0000] {manager.py:737} INFO - Searching for files in /opt/airflow/dags
[2026-03-26T03:53:48.814+0000] {manager.py:740} INFO - There are 4 files in /opt/airflow/dags
[2026-03-26T03:53:48.931+0000] {manager.py:878} INFO - 
================================================================================
DAG File Processing Stats

File Path                                 PID  Runtime      # DAGs    # Errors  Last Runtime    Last Run
--------------------------------------  -----  ---------  --------  ----------  --------------  ----------
/opt/airflow/dags/example.py                                     0           0
/opt/airflow/dags/extract_data.py         182  0.04s             0           0
/opt/airflow/dags/e_commerce_dw_dag.py    179  0.06s             0           0
/opt/airflow/dags/new_dags.py                                    0           0
================================================================================
[2026-03-26T03:54:19.674+0000] {manager.py:878} INFO - 
================================================================================
DAG File Processing Stats

File Path                                 PID  Runtime      # DAGs    # Errors  Last Runtime    Last Run
--------------------------------------  -----  ---------  --------  ----------  --------------  -------------------
/opt/airflow/dags/e_commerce_dw_dag.py    205  0.02s             1           0  0.43s           2026-03-26T03:53:49
/opt/airflow/dags/example.py                                     1           0  0.31s           2026-03-26T03:53:49
/opt/airflow/dags/new_dags.py                                    1           0  0.23s           2026-03-26T03:53:49
/opt/airflow/dags/extract_data.py         208  0.00s             0           0  0.08s           2026-03-26T03:53:48
================================================================================
[2026-03-26T03:54:50.401+0000] {manager.py:878} INFO - 
================================================================================
DAG File Processing Stats

File Path                                 PID  Runtime      # DAGs    # Errors  Last Runtime    Last Run
--------------------------------------  -----  ---------  --------  ----------  --------------  -------------------
/opt/airflow/dags/e_commerce_dw_dag.py    231  0.02s             1           0  0.19s           2026-03-26T03:54:19
/opt/airflow/dags/example.py                                     1           0  0.14s           2026-03-26T03:54:19
/opt/airflow/dags/new_dags.py                                    1           0  0.13s           2026-03-26T03:54:19
/opt/airflow/dags/extract_data.py         234  0.01s             0           0  0.06s           2026-03-26T03:54:19
================================================================================
[2026-03-26T03:55:21.159+0000] {manager.py:878} INFO - 
================================================================================
DAG File Processing Stats

File Path                                 PID  Runtime      # DAGs    # Errors  Last Runtime    Last Run
--------------------------------------  -----  ---------  --------  ----------  --------------  -------------------
/opt/airflow/dags/e_commerce_dw_dag.py    257  0.02s             1           0  0.25s           2026-03-26T03:54:50
/opt/airflow/dags/example.py                                     1           0  0.19s           2026-03-26T03:54:50
/opt/airflow/dags/new_dags.py                                    1           0  0.13s           2026-03-26T03:54:50
/opt/airflow/dags/extract_data.py         260  0.00s             0           0  0.07s           2026-03-26T03:54:50
================================================================================
[2026-03-26T03:55:51.870+0000] {manager.py:878} INFO - 
================================================================================
DAG File Processing Stats

File Path                                 PID  Runtime      # DAGs    # Errors  Last Runtime    Last Run
--------------------------------------  -----  ---------  --------  ----------  --------------  -------------------
/opt/airflow/dags/e_commerce_dw_dag.py    283  0.02s             1           0  0.20s           2026-03-26T03:55:21
/opt/airflow/dags/example.py                                     1           0  0.15s           2026-03-26T03:55:21
/opt/airflow/dags/new_dags.py                                    1           0  0.14s           2026-03-26T03:55:21
/opt/airflow/dags/extract_data.py         286  0.00s             0           0  0.07s           2026-03-26T03:55:21
================================================================================
[2026-03-26T03:56:22.581+0000] {manager.py:878} INFO - 
================================================================================
DAG File Processing Stats

File Path                                 PID  Runtime      # DAGs    # Errors  Last Runtime    Last Run
--------------------------------------  -----  ---------  --------  ----------  --------------  -------------------
/opt/airflow/dags/e_commerce_dw_dag.py    316  0.02s             1           0  0.24s           2026-03-26T03:55:52
/opt/airflow/dags/example.py                                     1           0  0.17s           2026-03-26T03:55:52
/opt/airflow/dags/new_dags.py                                    1           0  0.14s           2026-03-26T03:55:52
/opt/airflow/dags/extract_data.py         319  0.01s             0           0  0.07s           2026-03-26T03:55:51
================================================================================
[2026-03-26T03:56:53.299+0000] {manager.py:878} INFO - 
================================================================================
DAG File Processing Stats

File Path                                 PID  Runtime      # DAGs    # Errors  Last Runtime    Last Run
--------------------------------------  -----  ---------  --------  ----------  --------------  -------------------
/opt/airflow/dags/e_commerce_dw_dag.py    342  0.03s             1           0  0.23s           2026-03-26T03:56:22
/opt/airflow/dags/example.py                                     1           0  0.17s           2026-03-26T03:56:22
/opt/airflow/dags/new_dags.py                                    1           0  0.15s           2026-03-26T03:56:22
/opt/airflow/dags/extract_data.py         345  0.01s             0           0  0.08s           2026-03-26T03:56:22
================================================================================
[2026-03-26T03:57:24.029+0000] {manager.py:878} INFO - 
================================================================================
DAG File Processing Stats

File Path                                 PID  Runtime      # DAGs    # Errors  Last Runtime    Last Run
--------------------------------------  -----  ---------  --------  ----------  --------------  -------------------
/opt/airflow/dags/e_commerce_dw_dag.py    368  0.08s             1           0  0.26s           2026-03-26T03:56:53
/opt/airflow/dags/example.py                                     1           0  0.21s           2026-03-26T03:56:53
/opt/airflow/dags/new_dags.py                                    1           0  0.19s           2026-03-26T03:56:53
/opt/airflow/dags/extract_data.py         371  0.01s             0           0  0.09s           2026-03-26T03:56:53
================================================================================
[2026-03-26T03:57:54.247+0000] {manager.py:878} INFO - 
================================================================================
DAG File Processing Stats

File Path                               PID    Runtime      # DAGs    # Errors  Last Runtime    Last Run
--------------------------------------  -----  ---------  --------  ----------  --------------  -------------------
/opt/airflow/dags/e_commerce_dw_dag.py                           1           0  0.73s           2026-03-26T03:57:24
/opt/airflow/dags/new_dags.py                                    1           0  0.46s           2026-03-26T03:57:25
/opt/airflow/dags/example.py                                     1           0  0.46s           2026-03-26T03:57:24
/opt/airflow/dags/extract_data.py                                0           0  0.25s           2026-03-26T03:57:24
================================================================================
[2026-03-26T03:57:58.991+0000] {manager.py:452} INFO - Exiting gracefully upon receiving signal 15
[2026-03-26T03:59:14.723+0000] {manager.py:470} INFO - Processing files using up to 2 processes at a time 
[2026-03-26T03:59:14.725+0000] {manager.py:471} INFO - Process each file at most once every 30 seconds
[2026-03-26T03:59:14.727+0000] {manager.py:472} INFO - Checking for new files in /opt/airflow/dags every 300 seconds
[2026-03-26T03:59:14.729+0000] {manager.py:737} INFO - Searching for files in /opt/airflow/dags
[2026-03-26T03:59:14.908+0000] {manager.py:740} INFO - There are 4 files in /opt/airflow/dags
[2026-03-26T03:59:15.038+0000] {manager.py:878} INFO - 
================================================================================
DAG File Processing Stats

File Path                                 PID  Runtime      # DAGs    # Errors  Last Runtime    Last Run
--------------------------------------  -----  ---------  --------  ----------  --------------  ----------
/opt/airflow/dags/example.py                                     0           0
/opt/airflow/dags/extract_data.py         182  0.05s             0           0
/opt/airflow/dags/e_commerce_dw_dag.py    179  0.07s             0           0
/opt/airflow/dags/new_dags.py                                    0           0
================================================================================
[2026-03-26T03:59:45.279+0000] {manager.py:878} INFO - 
================================================================================
DAG File Processing Stats

File Path                                 PID  Runtime      # DAGs    # Errors  Last Runtime    Last Run
--------------------------------------  -----  ---------  --------  ----------  --------------  -------------------
/opt/airflow/dags/e_commerce_dw_dag.py                           1           0  0.60s           2026-03-26T03:59:15
/opt/airflow/dags/example.py                                     1           0  0.43s           2026-03-26T03:59:15
/opt/airflow/dags/new_dags.py                                    1           0  0.28s           2026-03-26T03:59:15
/opt/airflow/dags/extract_data.py         205  0.01s             0           0  0.10s           2026-03-26T03:59:15
================================================================================
[2026-03-26T04:00:15.709+0000] {manager.py:878} INFO - 
================================================================================
DAG File Processing Stats

File Path                                 PID  Runtime      # DAGs    # Errors  Last Runtime    Last Run
--------------------------------------  -----  ---------  --------  ----------  --------------  -------------------
/opt/airflow/dags/e_commerce_dw_dag.py                           1           0  0.96s           2026-03-26T03:59:47
/opt/airflow/dags/example.py                                     1           0  0.66s           2026-03-26T03:59:46
/opt/airflow/dags/new_dags.py                                    1           0  0.59s           2026-03-26T03:59:47
/opt/airflow/dags/extract_data.py         231  0.00s             0           0  0.08s           2026-03-26T03:59:45
================================================================================
[2026-03-26T04:00:46.372+0000] {manager.py:878} INFO - 
================================================================================
DAG File Processing Stats

File Path                                 PID  Runtime      # DAGs    # Errors  Last Runtime    Last Run
--------------------------------------  -----  ---------  --------  ----------  --------------  -------------------
/opt/airflow/dags/e_commerce_dw_dag.py                           1           0  0.25s           2026-03-26T04:00:18
/opt/airflow/dags/example.py                                     1           0  0.18s           2026-03-26T04:00:17
/opt/airflow/dags/new_dags.py                                    1           0  0.15s           2026-03-26T04:00:18
/opt/airflow/dags/extract_data.py         257  0.01s             0           0  0.09s           2026-03-26T04:00:15
================================================================================
[2026-03-26T04:01:17.209+0000] {manager.py:878} INFO - 
================================================================================
DAG File Processing Stats

File Path                                 PID  Runtime      # DAGs    # Errors  Last Runtime    Last Run
--------------------------------------  -----  ---------  --------  ----------  --------------  -------------------
/opt/airflow/dags/e_commerce_dw_dag.py                           1           0  0.36s           2026-03-26T04:00:48
/opt/airflow/dags/example.py                                     1           0  0.25s           2026-03-26T04:00:48
/opt/airflow/dags/new_dags.py                                    1           0  0.20s           2026-03-26T04:00:48
/opt/airflow/dags/extract_data.py         289  0.01s             0           0  0.15s           2026-03-26T04:00:46
================================================================================
[2026-03-26T04:01:47.547+0000] {manager.py:878} INFO - 
================================================================================
DAG File Processing Stats

File Path                                 PID  Runtime      # DAGs    # Errors  Last Runtime    Last Run
--------------------------------------  -----  ---------  --------  ----------  --------------  -------------------
/opt/airflow/dags/e_commerce_dw_dag.py                           1           0  0.48s           2026-03-26T04:01:19
/opt/airflow/dags/example.py                                     1           0  0.38s           2026-03-26T04:01:19
/opt/airflow/dags/new_dags.py                                    1           0  0.27s           2026-03-26T04:01:19
/opt/airflow/dags/extract_data.py         342  0.01s             0           0  0.10s           2026-03-26T04:01:17
================================================================================
[2026-03-26T04:02:17.747+0000] {manager.py:878} INFO - 
================================================================================
DAG File Processing Stats

File Path                                 PID  Runtime      # DAGs    # Errors  Last Runtime    Last Run
--------------------------------------  -----  ---------  --------  ----------  --------------  -------------------
/opt/airflow/dags/e_commerce_dw_dag.py                           1           0  0.71s           2026-03-26T04:01:50
/opt/airflow/dags/example.py                                     1           0  0.55s           2026-03-26T04:01:50
/opt/airflow/dags/new_dags.py                                    1           0  0.47s           2026-03-26T04:01:50
/opt/airflow/dags/extract_data.py         395  0.00s             0           0  0.17s           2026-03-26T04:01:47
================================================================================
[2026-03-26T04:02:48.106+0000] {manager.py:878} INFO - 
================================================================================
DAG File Processing Stats

File Path                                 PID  Runtime      # DAGs    # Errors  Last Runtime    Last Run
--------------------------------------  -----  ---------  --------  ----------  --------------  -------------------
/opt/airflow/dags/e_commerce_dw_dag.py                           1           0  9.66s           2026-03-26T04:02:30
/opt/airflow/dags/example.py                                     1           0  9.26s           2026-03-26T04:02:30
/opt/airflow/dags/new_dags.py                                    1           0  0.86s           2026-03-26T04:02:31
/opt/airflow/dags/extract_data.py         441  0.02s             0           0  0.08s           2026-03-26T04:02:17
================================================================================
[2026-03-26T04:03:18.280+0000] {manager.py:878} INFO - 
================================================================================
DAG File Processing Stats

File Path                               PID    Runtime      # DAGs    # Errors  Last Runtime    Last Run
--------------------------------------  -----  ---------  --------  ----------  --------------  -------------------
/opt/airflow/dags/e_commerce_dw_dag.py                           1           0  1.82s           2026-03-26T04:03:03
/opt/airflow/dags/new_dags.py                                    1           0  0.99s           2026-03-26T04:03:03
/opt/airflow/dags/example.py                                     1           0  0.82s           2026-03-26T04:03:02
/opt/airflow/dags/extract_data.py                                0           0  0.58s           2026-03-26T04:02:48
================================================================================
[2026-03-26T04:03:48.913+0000] {manager.py:878} INFO - 
================================================================================
DAG File Processing Stats

File Path                               PID    Runtime      # DAGs    # Errors  Last Runtime    Last Run
--------------------------------------  -----  ---------  --------  ----------  --------------  -------------------
/opt/airflow/dags/example.py                                     1           0  1.44s           2026-03-26T04:03:34
/opt/airflow/dags/e_commerce_dw_dag.py                           1           0  1.28s           2026-03-26T04:03:34
/opt/airflow/dags/extract_data.py                                0           0  1.09s           2026-03-26T04:03:20
/opt/airflow/dags/new_dags.py                                    1           0  0.89s           2026-03-26T04:03:35
================================================================================
[2026-03-26T04:04:15.266+0000] {manager.py:737} INFO - Searching for files in /opt/airflow/dags
[2026-03-26T04:04:16.889+0000] {manager.py:740} INFO - There are 4 files in /opt/airflow/dags
[2026-03-26T04:04:19.037+0000] {manager.py:878} INFO - 
================================================================================
DAG File Processing Stats

File Path                               PID    Runtime      # DAGs    # Errors  Last Runtime    Last Run
--------------------------------------  -----  ---------  --------  ----------  --------------  -------------------
/opt/airflow/dags/e_commerce_dw_dag.py                           1           0  1.24s           2026-03-26T04:04:06
/opt/airflow/dags/example.py                                     1           0  1.18s           2026-03-26T04:04:06
/opt/airflow/dags/new_dags.py                                    1           0  0.81s           2026-03-26T04:04:08
/opt/airflow/dags/extract_data.py                                0           0  0.45s           2026-03-26T04:03:51
================================================================================
[2026-03-26T04:04:49.259+0000] {manager.py:878} INFO - 
================================================================================
DAG File Processing Stats

File Path                               PID    Runtime      # DAGs    # Errors  Last Runtime    Last Run
--------------------------------------  -----  ---------  --------  ----------  --------------  -------------------
/opt/airflow/dags/extract_data.py                                0           0  0.60s           2026-03-26T04:04:22
/opt/airflow/dags/e_commerce_dw_dag.py                           1           0  0.60s           2026-03-26T04:04:36
/opt/airflow/dags/new_dags.py                                    1           0  0.57s           2026-03-26T04:04:39
/opt/airflow/dags/example.py                                     1           0  0.50s           2026-03-26T04:04:36
================================================================================
[2026-03-26T04:05:19.591+0000] {manager.py:878} INFO - 
================================================================================
DAG File Processing Stats

File Path                               PID    Runtime      # DAGs    # Errors  Last Runtime    Last Run
--------------------------------------  -----  ---------  --------  ----------  --------------  -------------------
/opt/airflow/dags/e_commerce_dw_dag.py                           1           0  1.38s           2026-03-26T04:05:09
/opt/airflow/dags/example.py                                     1           0  1.16s           2026-03-26T04:05:08
/opt/airflow/dags/new_dags.py                                    1           0  0.99s           2026-03-26T04:05:10
/opt/airflow/dags/extract_data.py                                0           0  0.60s           2026-03-26T04:04:53
================================================================================
[2026-03-26T04:05:50.054+0000] {manager.py:878} INFO - 
================================================================================
DAG File Processing Stats

File Path                               PID    Runtime      # DAGs    # Errors  Last Runtime    Last Run
--------------------------------------  -----  ---------  --------  ----------  --------------  -------------------
/opt/airflow/dags/extract_data.py                                0           0  1.54s           2026-03-26T04:05:25
/opt/airflow/dags/new_dags.py                                    1           0  1.49s           2026-03-26T04:05:42
/opt/airflow/dags/e_commerce_dw_dag.py                           1           0  1.46s           2026-03-26T04:05:41
/opt/airflow/dags/example.py                                     1           0  1.44s           2026-03-26T04:05:40
================================================================================
[2026-03-26T04:06:20.229+0000] {manager.py:878} INFO - 
================================================================================
DAG File Processing Stats

File Path                               PID    Runtime      # DAGs    # Errors  Last Runtime    Last Run
--------------------------------------  -----  ---------  --------  ----------  --------------  -------------------
/opt/airflow/dags/new_dags.py                                    1           0  1.71s           2026-03-26T04:06:15
/opt/airflow/dags/e_commerce_dw_dag.py                           1           0  1.57s           2026-03-26T04:06:13
/opt/airflow/dags/example.py                                     1           0  1.22s           2026-03-26T04:06:12
/opt/airflow/dags/extract_data.py                                0           0  0.87s           2026-03-26T04:05:57
================================================================================
[2026-03-26T04:06:50.859+0000] {manager.py:878} INFO - 
================================================================================
DAG File Processing Stats

File Path                               PID    Runtime      # DAGs    # Errors  Last Runtime    Last Run
--------------------------------------  -----  ---------  --------  ----------  --------------  -------------------
/opt/airflow/dags/e_commerce_dw_dag.py                           1           0  1.41s           2026-03-26T04:06:46
/opt/airflow/dags/example.py                                     1           0  1.09s           2026-03-26T04:06:43
/opt/airflow/dags/new_dags.py                                    1           0  0.95s           2026-03-26T04:06:46
/opt/airflow/dags/extract_data.py                                0           0  0.41s           2026-03-26T04:06:28
================================================================================
[2026-03-26T04:07:21.297+0000] {manager.py:878} INFO - 
================================================================================
DAG File Processing Stats

File Path                               PID    Runtime      # DAGs    # Errors  Last Runtime    Last Run
--------------------------------------  -----  ---------  --------  ----------  --------------  -------------------
/opt/airflow/dags/example.py                                     1           0  0.80s           2026-03-26T04:07:14
/opt/airflow/dags/e_commerce_dw_dag.py                           1           0  0.58s           2026-03-26T04:07:17
/opt/airflow/dags/new_dags.py                                    1           0  0.39s           2026-03-26T04:07:17
/opt/airflow/dags/extract_data.py                                0           0  0.37s           2026-03-26T04:06:58
================================================================================
[2026-03-26T04:07:51.817+0000] {manager.py:878} INFO - 
================================================================================
DAG File Processing Stats

File Path                               PID    Runtime      # DAGs    # Errors  Last Runtime    Last Run
--------------------------------------  -----  ---------  --------  ----------  --------------  -------------------
/opt/airflow/dags/example.py                                     1           0  2.33s           2026-03-26T04:07:47
/opt/airflow/dags/e_commerce_dw_dag.py                           1           0  1.91s           2026-03-26T04:07:49
/opt/airflow/dags/new_dags.py                                    1           0  1.26s           2026-03-26T04:07:49
/opt/airflow/dags/extract_data.py                                0           0  0.22s           2026-03-26T04:07:28
================================================================================
[2026-03-26T04:08:21.967+0000] {manager.py:878} INFO - 
================================================================================
DAG File Processing Stats

File Path                               PID    Runtime      # DAGs    # Errors  Last Runtime    Last Run
--------------------------------------  -----  ---------  --------  ----------  --------------  -------------------
/opt/airflow/dags/e_commerce_dw_dag.py                           1           0  0.82s           2026-03-26T04:08:21
/opt/airflow/dags/extract_data.py                                0           0  0.65s           2026-03-26T04:07:59
/opt/airflow/dags/new_dags.py                                    1           0  0.63s           2026-03-26T04:08:20
/opt/airflow/dags/example.py                                     1           0  0.58s           2026-03-26T04:08:18
================================================================================
[2026-03-26T04:08:52.367+0000] {manager.py:878} INFO - 
================================================================================
DAG File Processing Stats

File Path                                 PID  Runtime      # DAGs    # Errors  Last Runtime    Last Run
--------------------------------------  -----  ---------  --------  ----------  --------------  -------------------
/opt/airflow/dags/example.py                                     1           0  1.30s           2026-03-26T04:08:50
/opt/airflow/dags/new_dags.py                                    1           0  0.99s           2026-03-26T04:08:52
/opt/airflow/dags/e_commerce_dw_dag.py   1121  1.16s             1           0  0.82s           2026-03-26T04:08:21
/opt/airflow/dags/extract_data.py                                0           0  0.45s           2026-03-26T04:08:31
================================================================================
[2026-03-26T04:09:16.000+0000] {manager.py:737} INFO - Searching for files in /opt/airflow/dags
[2026-03-26T04:09:16.717+0000] {manager.py:740} INFO - There are 4 files in /opt/airflow/dags
[2026-03-26T04:09:22.636+0000] {manager.py:878} INFO - 
================================================================================
DAG File Processing Stats

File Path                                 PID  Runtime      # DAGs    # Errors  Last Runtime    Last Run
--------------------------------------  -----  ---------  --------  ----------  --------------  -------------------
/opt/airflow/dags/e_commerce_dw_dag.py                           1           0  1.53s           2026-03-26T04:08:52
/opt/airflow/dags/example.py             1172  2.52s             1           0  1.30s           2026-03-26T04:08:50
/opt/airflow/dags/new_dags.py            1176  0.07s             1           0  0.99s           2026-03-26T04:08:52
/opt/airflow/dags/extract_data.py                                0           0  0.41s           2026-03-26T04:09:01
================================================================================
[2026-03-26T04:09:52.919+0000] {manager.py:878} INFO - 
================================================================================
DAG File Processing Stats

File Path                               PID    Runtime      # DAGs    # Errors  Last Runtime    Last Run
--------------------------------------  -----  ---------  --------  ----------  --------------  -------------------
/opt/airflow/dags/example.py                                     1           0  3.98s           2026-03-26T04:09:24
/opt/airflow/dags/e_commerce_dw_dag.py                           1           0  2.31s           2026-03-26T04:09:26
/opt/airflow/dags/new_dags.py                                    1           0  1.66s           2026-03-26T04:09:24
/opt/airflow/dags/extract_data.py                                0           0  0.55s           2026-03-26T04:09:32
================================================================================
[2026-03-26T04:10:22.973+0000] {manager.py:878} INFO - 
================================================================================
DAG File Processing Stats

File Path                               PID    Runtime      # DAGs    # Errors  Last Runtime    Last Run
--------------------------------------  -----  ---------  --------  ----------  --------------  -------------------
/opt/airflow/dags/e_commerce_dw_dag.py                           1           0  1.20s           2026-03-26T04:09:57
/opt/airflow/dags/new_dags.py                                    1           0  0.93s           2026-03-26T04:09:55
/opt/airflow/dags/example.py                                     1           0  0.91s           2026-03-26T04:09:55
/opt/airflow/dags/extract_data.py                                0           0  0.12s           2026-03-26T04:10:02
================================================================================
[2026-03-26T04:10:53.633+0000] {manager.py:878} INFO - 
================================================================================
DAG File Processing Stats

File Path                               PID    Runtime      # DAGs    # Errors  Last Runtime    Last Run
--------------------------------------  -----  ---------  --------  ----------  --------------  -------------------
/opt/airflow/dags/e_commerce_dw_dag.py                           1           0  1.88s           2026-03-26T04:10:30
/opt/airflow/dags/example.py                                     1           0  1.49s           2026-03-26T04:10:27
/opt/airflow/dags/new_dags.py                                    1           0  1.26s           2026-03-26T04:10:27
/opt/airflow/dags/extract_data.py                                0           0  0.55s           2026-03-26T04:10:33
================================================================================
[2026-03-26T04:11:24.018+0000] {manager.py:878} INFO - 
================================================================================
DAG File Processing Stats

File Path                               PID    Runtime      # DAGs    # Errors  Last Runtime    Last Run
--------------------------------------  -----  ---------  --------  ----------  --------------  -------------------
/opt/airflow/dags/e_commerce_dw_dag.py                           1           0  1.61s           2026-03-26T04:11:02
/opt/airflow/dags/example.py                                     1           0  1.05s           2026-03-26T04:10:58
/opt/airflow/dags/new_dags.py                                    1           0  0.87s           2026-03-26T04:10:58
/opt/airflow/dags/extract_data.py                                0           0  0.44s           2026-03-26T04:11:04
================================================================================
[2026-03-26T04:11:54.060+0000] {manager.py:878} INFO - 
================================================================================
DAG File Processing Stats

File Path                               PID    Runtime      # DAGs    # Errors  Last Runtime    Last Run
--------------------------------------  -----  ---------  --------  ----------  --------------  -------------------
/opt/airflow/dags/e_commerce_dw_dag.py                           1           0  2.40s           2026-03-26T04:11:35
/opt/airflow/dags/example.py                                     1           0  2.15s           2026-03-26T04:11:31
/opt/airflow/dags/new_dags.py                                    1           0  1.29s           2026-03-26T04:11:31
/opt/airflow/dags/extract_data.py                                0           0  0.62s           2026-03-26T04:11:36
================================================================================
[2026-03-26T04:12:24.375+0000] {manager.py:878} INFO - 
================================================================================
DAG File Processing Stats

File Path                               PID    Runtime      # DAGs    # Errors  Last Runtime    Last Run
--------------------------------------  -----  ---------  --------  ----------  --------------  -------------------
/opt/airflow/dags/e_commerce_dw_dag.py                           1           0  2.14s           2026-03-26T04:12:08
/opt/airflow/dags/example.py                                     1           0  1.40s           2026-03-26T04:12:03
/opt/airflow/dags/new_dags.py                                    1           0  1.26s           2026-03-26T04:12:02
/opt/airflow/dags/extract_data.py                                0           0  0.75s           2026-03-26T04:12:07
================================================================================
[2026-03-26T04:12:54.656+0000] {manager.py:878} INFO - 
================================================================================
DAG File Processing Stats

File Path                               PID    Runtime      # DAGs    # Errors  Last Runtime    Last Run
--------------------------------------  -----  ---------  --------  ----------  --------------  -------------------
/opt/airflow/dags/e_commerce_dw_dag.py                           1           0  1.39s           2026-03-26T04:12:40
/opt/airflow/dags/example.py                                     1           0  1.02s           2026-03-26T04:12:35
/opt/airflow/dags/new_dags.py                                    1           0  0.82s           2026-03-26T04:12:33
/opt/airflow/dags/extract_data.py                                0           0  0.48s           2026-03-26T04:12:38
================================================================================
[2026-03-26T04:13:25.158+0000] {manager.py:878} INFO - 
================================================================================
DAG File Processing Stats

File Path                               PID    Runtime      # DAGs    # Errors  Last Runtime    Last Run
--------------------------------------  -----  ---------  --------  ----------  --------------  -------------------
/opt/airflow/dags/example.py                                     1           0  2.00s           2026-03-26T04:13:07
/opt/airflow/dags/new_dags.py                                    1           0  1.72s           2026-03-26T04:13:06
/opt/airflow/dags/e_commerce_dw_dag.py                           1           0  1.06s           2026-03-26T04:13:11
/opt/airflow/dags/extract_data.py                                0           0  0.50s           2026-03-26T04:13:09
================================================================================
[2026-03-26T04:13:55.266+0000] {manager.py:878} INFO - 
================================================================================
DAG File Processing Stats

File Path                               PID    Runtime      # DAGs    # Errors  Last Runtime    Last Run
--------------------------------------  -----  ---------  --------  ----------  --------------  -------------------
/opt/airflow/dags/e_commerce_dw_dag.py                           1           0  0.80s           2026-03-26T04:13:42
/opt/airflow/dags/new_dags.py                                    1           0  0.47s           2026-03-26T04:13:37
/opt/airflow/dags/example.py                                     1           0  0.27s           2026-03-26T04:13:38
/opt/airflow/dags/extract_data.py                                0           0  0.19s           2026-03-26T04:13:39
================================================================================
[2026-03-26T04:14:16.495+0000] {manager.py:737} INFO - Searching for files in /opt/airflow/dags
[2026-03-26T04:14:17.038+0000] {manager.py:740} INFO - There are 4 files in /opt/airflow/dags
[2026-03-26T04:14:25.710+0000] {manager.py:878} INFO - 
================================================================================
DAG File Processing Stats

File Path                               PID    Runtime      # DAGs    # Errors  Last Runtime    Last Run
--------------------------------------  -----  ---------  --------  ----------  --------------  -------------------
/opt/airflow/dags/e_commerce_dw_dag.py                           1           0  1.54s           2026-03-26T04:14:14
/opt/airflow/dags/new_dags.py                                    1           0  1.01s           2026-03-26T04:14:08
/opt/airflow/dags/example.py                                     1           0  0.83s           2026-03-26T04:14:09
/opt/airflow/dags/extract_data.py                                0           0  0.31s           2026-03-26T04:14:10
================================================================================
[2026-03-26T04:14:55.983+0000] {manager.py:878} INFO - 
================================================================================
DAG File Processing Stats

File Path                               PID    Runtime      # DAGs    # Errors  Last Runtime    Last Run
--------------------------------------  -----  ---------  --------  ----------  --------------  -------------------
/opt/airflow/dags/e_commerce_dw_dag.py                           1           0  2.91s           2026-03-26T04:14:47
/opt/airflow/dags/new_dags.py                                    1           0  2.00s           2026-03-26T04:14:40
/opt/airflow/dags/example.py                                     1           0  1.91s           2026-03-26T04:14:42
/opt/airflow/dags/extract_data.py                                0           0  0.89s           2026-03-26T04:14:41
================================================================================
[2026-03-26T04:15:26.411+0000] {manager.py:878} INFO - 
================================================================================
DAG File Processing Stats

File Path                               PID    Runtime      # DAGs    # Errors  Last Runtime    Last Run
--------------------------------------  -----  ---------  --------  ----------  --------------  -------------------
/opt/airflow/dags/example.py                                     1           0  1.35s           2026-03-26T04:15:14
/opt/airflow/dags/new_dags.py                                    1           0  1.15s           2026-03-26T04:15:11
/opt/airflow/dags/e_commerce_dw_dag.py                           1           0  0.99s           2026-03-26T04:15:19
/opt/airflow/dags/extract_data.py                                0           0  0.58s           2026-03-26T04:15:12
================================================================================
[2026-03-26T04:15:57.111+0000] {manager.py:878} INFO - 
================================================================================
DAG File Processing Stats

File Path                               PID    Runtime      # DAGs    # Errors  Last Runtime    Last Run
--------------------------------------  -----  ---------  --------  ----------  --------------  -------------------
/opt/airflow/dags/e_commerce_dw_dag.py                           1           0  0.60s           2026-03-26T04:15:50
/opt/airflow/dags/new_dags.py                                    1           0  0.40s           2026-03-26T04:15:42
/opt/airflow/dags/example.py                                     1           0  0.36s           2026-03-26T04:15:44
/opt/airflow/dags/extract_data.py                                0           0  0.15s           2026-03-26T04:15:43
================================================================================
[2026-03-26T04:16:27.288+0000] {manager.py:878} INFO - 
================================================================================
DAG File Processing Stats

File Path                               PID    Runtime      # DAGs    # Errors  Last Runtime    Last Run
--------------------------------------  -----  ---------  --------  ----------  --------------  -------------------
/opt/airflow/dags/e_commerce_dw_dag.py                           1           0  3.97s           2026-03-26T04:16:25
/opt/airflow/dags/example.py                                     1           0  2.85s           2026-03-26T04:16:17
/opt/airflow/dags/new_dags.py                                    1           0  1.76s           2026-03-26T04:16:14
/opt/airflow/dags/extract_data.py                                0           0  1.30s           2026-03-26T04:16:15
================================================================================
[2026-03-26T04:16:57.553+0000] {manager.py:878} INFO - 
================================================================================
DAG File Processing Stats

File Path                               PID    Runtime      # DAGs    # Errors  Last Runtime    Last Run
--------------------------------------  -----  ---------  --------  ----------  --------------  -------------------
/opt/airflow/dags/new_dags.py                                    1           0  1.52s           2026-03-26T04:16:46
/opt/airflow/dags/e_commerce_dw_dag.py                           1           0  1.01s           2026-03-26T04:16:56
/opt/airflow/dags/example.py                                     1           0  0.88s           2026-03-26T04:16:49
/opt/airflow/dags/extract_data.py                                0           0  0.83s           2026-03-26T04:16:47
================================================================================
[2026-03-26T04:17:27.987+0000] {manager.py:878} INFO - 
================================================================================
DAG File Processing Stats

File Path                                 PID  Runtime      # DAGs    # Errors  Last Runtime    Last Run
--------------------------------------  -----  ---------  --------  ----------  --------------  -------------------
/opt/airflow/dags/e_commerce_dw_dag.py   2153  1.14s             1           0  1.01s           2026-03-26T04:16:56
/opt/airflow/dags/example.py                                     1           0  0.83s           2026-03-26T04:17:20
/opt/airflow/dags/new_dags.py                                    1           0  0.79s           2026-03-26T04:17:17
/opt/airflow/dags/extract_data.py                                0           0  0.29s           2026-03-26T04:17:17
================================================================================
[2026-03-26T04:17:58.646+0000] {manager.py:878} INFO - 
================================================================================
DAG File Processing Stats

File Path                                 PID  Runtime      # DAGs    # Errors  Last Runtime    Last Run
--------------------------------------  -----  ---------  --------  ----------  --------------  -------------------
/opt/airflow/dags/e_commerce_dw_dag.py   2217  0.04s             1           0  1.31s           2026-03-26T04:17:28
/opt/airflow/dags/new_dags.py                                    1           0  0.84s           2026-03-26T04:17:49
/opt/airflow/dags/example.py                                     1           0  0.59s           2026-03-26T04:17:51
/opt/airflow/dags/extract_data.py                                0           0  0.53s           2026-03-26T04:17:48
================================================================================
[2026-03-26T04:18:29.607+0000] {manager.py:878} INFO - 
================================================================================
DAG File Processing Stats

File Path                                 PID  Runtime      # DAGs    # Errors  Last Runtime    Last Run
--------------------------------------  -----  ---------  --------  ----------  --------------  -------------------
/opt/airflow/dags/example.py                                     1           0  0.86s           2026-03-26T04:18:22
/opt/airflow/dags/e_commerce_dw_dag.py   2287  0.03s             1           0  0.84s           2026-03-26T04:17:59
/opt/airflow/dags/new_dags.py                                    1           0  0.65s           2026-03-26T04:18:20
/opt/airflow/dags/extract_data.py                                0           0  0.40s           2026-03-26T04:18:19
================================================================================
[2026-03-26T04:18:59.962+0000] {manager.py:878} INFO - 
================================================================================
DAG File Processing Stats

File Path                               PID    Runtime      # DAGs    # Errors  Last Runtime    Last Run
--------------------------------------  -----  ---------  --------  ----------  --------------  -------------------
/opt/airflow/dags/e_commerce_dw_dag.py                           1           0  0.90s           2026-03-26T04:18:30
/opt/airflow/dags/example.py                                     1           0  0.38s           2026-03-26T04:18:53
/opt/airflow/dags/new_dags.py                                    1           0  0.33s           2026-03-26T04:18:50
/opt/airflow/dags/extract_data.py                                0           0  0.16s           2026-03-26T04:18:50
================================================================================
[2026-03-26T04:19:16.916+0000] {manager.py:737} INFO - Searching for files in /opt/airflow/dags
[2026-03-26T04:19:17.441+0000] {manager.py:740} INFO - There are 4 files in /opt/airflow/dags
[2026-03-26T04:19:30.321+0000] {manager.py:878} INFO - 
================================================================================
DAG File Processing Stats

File Path                               PID    Runtime      # DAGs    # Errors  Last Runtime    Last Run
--------------------------------------  -----  ---------  --------  ----------  --------------  -------------------
/opt/airflow/dags/new_dags.py                                    1           0  0.94s           2026-03-26T04:19:21
/opt/airflow/dags/example.py                                     1           0  0.83s           2026-03-26T04:19:24
/opt/airflow/dags/e_commerce_dw_dag.py                           1           0  0.77s           2026-03-26T04:19:01
/opt/airflow/dags/extract_data.py                                0           0  0.38s           2026-03-26T04:19:21
================================================================================
[2026-03-26T04:20:00.351+0000] {manager.py:878} INFO - 
================================================================================
DAG File Processing Stats

File Path                               PID    Runtime      # DAGs    # Errors  Last Runtime    Last Run
--------------------------------------  -----  ---------  --------  ----------  --------------  -------------------
/opt/airflow/dags/e_commerce_dw_dag.py                           1           0  1.20s           2026-03-26T04:19:33
/opt/airflow/dags/new_dags.py                                    1           0  0.70s           2026-03-26T04:19:52
/opt/airflow/dags/example.py                                     1           0  0.42s           2026-03-26T04:19:55
/opt/airflow/dags/extract_data.py                                0           0  0.42s           2026-03-26T04:19:51
================================================================================
[2026-03-26T04:20:30.722+0000] {manager.py:878} INFO - 
================================================================================
DAG File Processing Stats

File Path                               PID    Runtime      # DAGs    # Errors  Last Runtime    Last Run
--------------------------------------  -----  ---------  --------  ----------  --------------  -------------------
/opt/airflow/dags/example.py                                     1           0  0.97s           2026-03-26T04:20:26
/opt/airflow/dags/e_commerce_dw_dag.py                           1           0  0.86s           2026-03-26T04:20:04
/opt/airflow/dags/new_dags.py                                    1           0  0.84s           2026-03-26T04:20:23
/opt/airflow/dags/extract_data.py                                0           0  0.46s           2026-03-26T04:20:22
================================================================================
[2026-03-26T04:21:01.521+0000] {manager.py:878} INFO - 
================================================================================
DAG File Processing Stats

File Path                               PID    Runtime      # DAGs    # Errors  Last Runtime    Last Run
--------------------------------------  -----  ---------  --------  ----------  --------------  -------------------
/opt/airflow/dags/example.py                                     1           0  0.97s           2026-03-26T04:20:58
/opt/airflow/dags/new_dags.py                                    1           0  0.90s           2026-03-26T04:20:55
/opt/airflow/dags/e_commerce_dw_dag.py                           1           0  0.84s           2026-03-26T04:20:35
/opt/airflow/dags/extract_data.py                                0           0  0.33s           2026-03-26T04:20:53
================================================================================
[2026-03-26T04:21:31.932+0000] {manager.py:878} INFO - 
================================================================================
DAG File Processing Stats

File Path                               PID    Runtime      # DAGs    # Errors  Last Runtime    Last Run
--------------------------------------  -----  ---------  --------  ----------  --------------  -------------------
/opt/airflow/dags/new_dags.py                                    1           0  1.04s           2026-03-26T04:21:26
/opt/airflow/dags/example.py                                     1           0  0.93s           2026-03-26T04:21:29
/opt/airflow/dags/e_commerce_dw_dag.py                           1           0  0.69s           2026-03-26T04:21:06
/opt/airflow/dags/extract_data.py                                0           0  0.30s           2026-03-26T04:21:23
================================================================================
[2026-03-26T04:22:01.975+0000] {manager.py:878} INFO - 
================================================================================
DAG File Processing Stats

File Path                               PID    Runtime      # DAGs    # Errors  Last Runtime    Last Run
--------------------------------------  -----  ---------  --------  ----------  --------------  -------------------
/opt/airflow/dags/e_commerce_dw_dag.py                           1           0  1.35s           2026-03-26T04:21:38
/opt/airflow/dags/new_dags.py                                    1           0  0.96s           2026-03-26T04:21:57
/opt/airflow/dags/example.py                                     1           0  0.80s           2026-03-26T04:22:00
/opt/airflow/dags/extract_data.py                                0           0  0.33s           2026-03-26T04:21:55
================================================================================
[2026-03-26T04:22:32.122+0000] {manager.py:878} INFO - 
================================================================================
DAG File Processing Stats

File Path                                 PID  Runtime      # DAGs    # Errors  Last Runtime    Last Run
--------------------------------------  -----  ---------  --------  ----------  --------------  -------------------
/opt/airflow/dags/e_commerce_dw_dag.py                           1           0  1.24s           2026-03-26T04:22:10
/opt/airflow/dags/example.py             2813  1.06s             1           0  0.80s           2026-03-26T04:22:00
/opt/airflow/dags/new_dags.py                                    1           0  0.77s           2026-03-26T04:22:29
/opt/airflow/dags/extract_data.py                                0           0  0.72s           2026-03-26T04:22:25
================================================================================
[2026-03-26T04:23:02.710+0000] {manager.py:878} INFO - 
================================================================================
DAG File Processing Stats

File Path                                 PID  Runtime      # DAGs    # Errors  Last Runtime    Last Run
--------------------------------------  -----  ---------  --------  ----------  --------------  -------------------
/opt/airflow/dags/example.py             2886  0.07s             1           0  1.10s           2026-03-26T04:22:32
/opt/airflow/dags/e_commerce_dw_dag.py                           1           0  1.10s           2026-03-26T04:22:41
/opt/airflow/dags/new_dags.py                                    1           0  1.04s           2026-03-26T04:23:00
/opt/airflow/dags/extract_data.py                                0           0  0.38s           2026-03-26T04:22:56
================================================================================
[2026-03-26T04:23:33.038+0000] {manager.py:878} INFO - 
================================================================================
DAG File Processing Stats

File Path                               PID    Runtime      # DAGs    # Errors  Last Runtime    Last Run
--------------------------------------  -----  ---------  --------  ----------  --------------  -------------------
/opt/airflow/dags/new_dags.py                                    1           0  1.25s           2026-03-26T04:23:32
/opt/airflow/dags/e_commerce_dw_dag.py                           1           0  1.08s           2026-03-26T04:23:12
/opt/airflow/dags/example.py                                     1           0  0.89s           2026-03-26T04:23:03
/opt/airflow/dags/extract_data.py                                0           0  0.34s           2026-03-26T04:23:26
================================================================================
[2026-03-26T04:24:03.099+0000] {manager.py:878} INFO - 
================================================================================
DAG File Processing Stats

File Path                               PID    Runtime      # DAGs    # Errors  Last Runtime    Last Run
--------------------------------------  -----  ---------  --------  ----------  --------------  -------------------
/opt/airflow/dags/e_commerce_dw_dag.py                           1           0  1.05s           2026-03-26T04:23:44
/opt/airflow/dags/example.py                                     1           0  1.03s           2026-03-26T04:23:35
/opt/airflow/dags/new_dags.py                                    1           0  0.80s           2026-03-26T04:24:03
/opt/airflow/dags/extract_data.py                                0           0  0.29s           2026-03-26T04:23:57
================================================================================
[2026-03-26T04:24:17.068+0000] {manager.py:737} INFO - Searching for files in /opt/airflow/dags
[2026-03-26T04:24:17.396+0000] {manager.py:740} INFO - There are 4 files in /opt/airflow/dags
[2026-03-26T04:24:33.313+0000] {manager.py:878} INFO - 
================================================================================
DAG File Processing Stats

File Path                                 PID  Runtime      # DAGs    # Errors  Last Runtime    Last Run
--------------------------------------  -----  ---------  --------  ----------  --------------  -------------------
/opt/airflow/dags/e_commerce_dw_dag.py                           1           0  1.48s           2026-03-26T04:24:16
/opt/airflow/dags/example.py                                     1           0  1.08s           2026-03-26T04:24:06
/opt/airflow/dags/new_dags.py            3086  0.04s             1           0  0.80s           2026-03-26T04:24:03
/opt/airflow/dags/extract_data.py                                0           0  0.65s           2026-03-26T04:24:28
================================================================================
[2026-03-26T04:25:03.672+0000] {manager.py:878} INFO - 
================================================================================
DAG File Processing Stats

File Path                               PID    Runtime      # DAGs    # Errors  Last Runtime    Last Run
--------------------------------------  -----  ---------  --------  ----------  --------------  -------------------
/opt/airflow/dags/new_dags.py                                    1           0  1.02s           2026-03-26T04:24:34
/opt/airflow/dags/example.py                                     1           0  0.75s           2026-03-26T04:24:37
/opt/airflow/dags/e_commerce_dw_dag.py                           1           0  0.74s           2026-03-26T04:24:47
/opt/airflow/dags/extract_data.py                                0           0  0.23s           2026-03-26T04:24:58
================================================================================
[2026-03-26T04:25:34.255+0000] {manager.py:878} INFO - 
================================================================================
DAG File Processing Stats

File Path                               PID    Runtime      # DAGs    # Errors  Last Runtime    Last Run
--------------------------------------  -----  ---------  --------  ----------  --------------  -------------------
/opt/airflow/dags/e_commerce_dw_dag.py                           1           0  0.94s           2026-03-26T04:25:18
/opt/airflow/dags/example.py                                     1           0  0.79s           2026-03-26T04:25:08
/opt/airflow/dags/new_dags.py                                    1           0  0.74s           2026-03-26T04:25:05
/opt/airflow/dags/extract_data.py                                0           0  0.37s           2026-03-26T04:25:29
================================================================================
[2026-03-26T04:26:05.039+0000] {manager.py:878} INFO - 
================================================================================
DAG File Processing Stats

File Path                               PID    Runtime      # DAGs    # Errors  Last Runtime    Last Run
--------------------------------------  -----  ---------  --------  ----------  --------------  -------------------
/opt/airflow/dags/new_dags.py                                    1           0  0.89s           2026-03-26T04:25:36
/opt/airflow/dags/example.py                                     1           0  0.86s           2026-03-26T04:25:39
/opt/airflow/dags/e_commerce_dw_dag.py                           1           0  0.82s           2026-03-26T04:25:49
/opt/airflow/dags/extract_data.py                                0           0  0.25s           2026-03-26T04:26:00
================================================================================
[2026-03-26T04:26:35.365+0000] {manager.py:878} INFO - 
================================================================================
DAG File Processing Stats

File Path                               PID    Runtime      # DAGs    # Errors  Last Runtime    Last Run
--------------------------------------  -----  ---------  --------  ----------  --------------  -------------------
/opt/airflow/dags/e_commerce_dw_dag.py                           1           0  0.85s           2026-03-26T04:26:20
/opt/airflow/dags/example.py                                     1           0  0.54s           2026-03-26T04:26:10
/opt/airflow/dags/new_dags.py                                    1           0  0.37s           2026-03-26T04:26:07
/opt/airflow/dags/extract_data.py                                0           0  0.19s           2026-03-26T04:26:30
================================================================================
[2026-03-26T04:27:06.143+0000] {manager.py:878} INFO - 
================================================================================
DAG File Processing Stats

File Path                               PID    Runtime      # DAGs    # Errors  Last Runtime    Last Run
--------------------------------------  -----  ---------  --------  ----------  --------------  -------------------
/opt/airflow/dags/example.py                                     1           0  0.63s           2026-03-26T04:26:40
/opt/airflow/dags/e_commerce_dw_dag.py                           1           0  0.56s           2026-03-26T04:26:51
/opt/airflow/dags/new_dags.py                                    1           0  0.47s           2026-03-26T04:26:38
/opt/airflow/dags/extract_data.py                                0           0  0.38s           2026-03-26T04:27:00
================================================================================
[2026-03-26T04:27:36.544+0000] {manager.py:878} INFO - 
================================================================================
DAG File Processing Stats

File Path                               PID    Runtime      # DAGs    # Errors  Last Runtime    Last Run
--------------------------------------  -----  ---------  --------  ----------  --------------  -------------------
/opt/airflow/dags/e_commerce_dw_dag.py                           1           0  1.21s           2026-03-26T04:27:23
/opt/airflow/dags/example.py                                     1           0  0.73s           2026-03-26T04:27:11
/opt/airflow/dags/new_dags.py                                    1           0  0.52s           2026-03-26T04:27:08
/opt/airflow/dags/extract_data.py                                0           0  0.41s           2026-03-26T04:27:31
================================================================================
[2026-03-26T04:28:06.664+0000] {manager.py:878} INFO - 
================================================================================
DAG File Processing Stats

File Path                               PID    Runtime      # DAGs    # Errors  Last Runtime    Last Run
--------------------------------------  -----  ---------  --------  ----------  --------------  -------------------
/opt/airflow/dags/example.py                                     1           0  0.96s           2026-03-26T04:27:42
/opt/airflow/dags/e_commerce_dw_dag.py                           1           0  0.93s           2026-03-26T04:27:54
/opt/airflow/dags/new_dags.py                                    1           0  0.85s           2026-03-26T04:27:39
/opt/airflow/dags/extract_data.py                                0           0  0.52s           2026-03-26T04:28:02
================================================================================
[2026-03-26T04:28:36.890+0000] {manager.py:878} INFO - 
================================================================================
DAG File Processing Stats

File Path                               PID    Runtime      # DAGs    # Errors  Last Runtime    Last Run
--------------------------------------  -----  ---------  --------  ----------  --------------  -------------------
/opt/airflow/dags/e_commerce_dw_dag.py                           1           0  1.74s           2026-03-26T04:28:26
/opt/airflow/dags/new_dags.py                                    1           0  0.75s           2026-03-26T04:28:10
/opt/airflow/dags/example.py                                     1           0  0.62s           2026-03-26T04:28:13
/opt/airflow/dags/extract_data.py                                0           0  0.48s           2026-03-26T04:28:33
================================================================================
[2026-03-26T04:29:06.915+0000] {manager.py:878} INFO - 
================================================================================
DAG File Processing Stats

File Path                               PID    Runtime      # DAGs    # Errors  Last Runtime    Last Run
--------------------------------------  -----  ---------  --------  ----------  --------------  -------------------
/opt/airflow/dags/e_commerce_dw_dag.py                           1           0  0.89s           2026-03-26T04:28:57
/opt/airflow/dags/new_dags.py                                    1           0  0.86s           2026-03-26T04:28:41
/opt/airflow/dags/example.py                                     1           0  0.82s           2026-03-26T04:28:44
/opt/airflow/dags/extract_data.py                                0           0  0.43s           2026-03-26T04:29:04
================================================================================
[2026-03-26T04:29:17.367+0000] {manager.py:737} INFO - Searching for files in /opt/airflow/dags
[2026-03-26T04:29:18.360+0000] {manager.py:740} INFO - There are 4 files in /opt/airflow/dags
[2026-03-26T04:29:37.252+0000] {manager.py:878} INFO - 
================================================================================
DAG File Processing Stats

File Path                               PID    Runtime      # DAGs    # Errors  Last Runtime    Last Run
--------------------------------------  -----  ---------  --------  ----------  --------------  -------------------
/opt/airflow/dags/e_commerce_dw_dag.py                           1           0  1.07s           2026-03-26T04:29:28
/opt/airflow/dags/example.py                                     1           0  0.72s           2026-03-26T04:29:15
/opt/airflow/dags/new_dags.py                                    1           0  0.71s           2026-03-26T04:29:12
/opt/airflow/dags/extract_data.py                                0           0  0.28s           2026-03-26T04:29:35
================================================================================
[2026-03-26T04:30:07.537+0000] {manager.py:878} INFO - 
================================================================================
DAG File Processing Stats

File Path                               PID    Runtime      # DAGs    # Errors  Last Runtime    Last Run
--------------------------------------  -----  ---------  --------  ----------  --------------  -------------------
/opt/airflow/dags/e_commerce_dw_dag.py                           1           0  1.45s           2026-03-26T04:30:00
/opt/airflow/dags/new_dags.py                                    1           0  0.75s           2026-03-26T04:29:43
/opt/airflow/dags/example.py                                     1           0  0.71s           2026-03-26T04:29:46
/opt/airflow/dags/extract_data.py                                0           0  0.32s           2026-03-26T04:30:05
================================================================================
[2026-03-26T04:30:37.595+0000] {manager.py:878} INFO - 
================================================================================
DAG File Processing Stats

File Path                               PID    Runtime      # DAGs    # Errors  Last Runtime    Last Run
--------------------------------------  -----  ---------  --------  ----------  --------------  -------------------
/opt/airflow/dags/new_dags.py                                    1           0  0.60s           2026-03-26T04:30:14
/opt/airflow/dags/e_commerce_dw_dag.py                           1           0  0.60s           2026-03-26T04:30:31
/opt/airflow/dags/example.py                                     1           0  0.37s           2026-03-26T04:30:16
/opt/airflow/dags/extract_data.py                                0           0  0.31s           2026-03-26T04:30:36
================================================================================
[2026-03-26T04:31:07.981+0000] {manager.py:878} INFO - 
================================================================================
DAG File Processing Stats

File Path                               PID    Runtime      # DAGs    # Errors  Last Runtime    Last Run
--------------------------------------  -----  ---------  --------  ----------  --------------  -------------------
/opt/airflow/dags/e_commerce_dw_dag.py                           1           0  1.50s           2026-03-26T04:31:03
/opt/airflow/dags/new_dags.py                                    1           0  0.97s           2026-03-26T04:30:45
/opt/airflow/dags/example.py                                     1           0  0.61s           2026-03-26T04:30:47
/opt/airflow/dags/extract_data.py                                0           0  0.35s           2026-03-26T04:31:07
================================================================================
[2026-03-26T04:31:38.524+0000] {manager.py:878} INFO - 
================================================================================
DAG File Processing Stats

File Path                               PID    Runtime      # DAGs    # Errors  Last Runtime    Last Run
--------------------------------------  -----  ---------  --------  ----------  --------------  -------------------
/opt/airflow/dags/new_dags.py                                    1           0  0.87s           2026-03-26T04:31:17
/opt/airflow/dags/e_commerce_dw_dag.py                           1           0  0.80s           2026-03-26T04:31:34
/opt/airflow/dags/example.py                                     1           0  0.60s           2026-03-26T04:31:18
/opt/airflow/dags/extract_data.py                                0           0  0.33s           2026-03-26T04:31:37
================================================================================
[2026-03-26T04:32:09.174+0000] {manager.py:878} INFO - 
================================================================================
DAG File Processing Stats

File Path                               PID    Runtime      # DAGs    # Errors  Last Runtime    Last Run
--------------------------------------  -----  ---------  --------  ----------  --------------  -------------------
/opt/airflow/dags/new_dags.py                                    1           0  1.17s           2026-03-26T04:31:49
/opt/airflow/dags/example.py                                     1           0  1.08s           2026-03-26T04:31:50
/opt/airflow/dags/e_commerce_dw_dag.py                           1           0  0.98s           2026-03-26T04:32:05
/opt/airflow/dags/extract_data.py                                0           0  0.42s           2026-03-26T04:32:08
================================================================================
[2026-03-26T04:32:39.568+0000] {manager.py:878} INFO - 
================================================================================
DAG File Processing Stats

File Path                               PID    Runtime      # DAGs    # Errors  Last Runtime    Last Run
--------------------------------------  -----  ---------  --------  ----------  --------------  -------------------
/opt/airflow/dags/e_commerce_dw_dag.py                           1           0  0.55s           2026-03-26T04:32:36
/opt/airflow/dags/new_dags.py                                    1           0  0.42s           2026-03-26T04:32:20
/opt/airflow/dags/example.py                                     1           0  0.36s           2026-03-26T04:32:21
/opt/airflow/dags/extract_data.py                                0           0  0.25s           2026-03-26T04:32:38
================================================================================
[2026-03-26T04:33:10.138+0000] {manager.py:878} INFO - 
================================================================================
DAG File Processing Stats

File Path                               PID    Runtime      # DAGs    # Errors  Last Runtime    Last Run
--------------------------------------  -----  ---------  --------  ----------  --------------  -------------------
/opt/airflow/dags/e_commerce_dw_dag.py                           1           0  0.62s           2026-03-26T04:33:07
/opt/airflow/dags/extract_data.py                                0           0  0.38s           2026-03-26T04:33:09
/opt/airflow/dags/new_dags.py                                    1           0  0.34s           2026-03-26T04:32:50
/opt/airflow/dags/example.py                                     1           0  0.28s           2026-03-26T04:32:51
================================================================================
[2026-03-26T04:33:40.730+0000] {manager.py:878} INFO - 
================================================================================
DAG File Processing Stats

File Path                               PID    Runtime      # DAGs    # Errors  Last Runtime    Last Run
--------------------------------------  -----  ---------  --------  ----------  --------------  -------------------
/opt/airflow/dags/example.py                                     1           0  0.52s           2026-03-26T04:33:22
/opt/airflow/dags/new_dags.py                                    1           0  0.50s           2026-03-26T04:33:21
/opt/airflow/dags/e_commerce_dw_dag.py                           1           0  0.42s           2026-03-26T04:33:38
/opt/airflow/dags/extract_data.py                                0           0  0.18s           2026-03-26T04:33:39
================================================================================
[2026-03-26T04:34:11.136+0000] {manager.py:878} INFO - 
================================================================================
DAG File Processing Stats

File Path                               PID    Runtime      # DAGs    # Errors  Last Runtime    Last Run
--------------------------------------  -----  ---------  --------  ----------  --------------  -------------------
/opt/airflow/dags/example.py                                     1           0  0.33s           2026-03-26T04:33:53
/opt/airflow/dags/e_commerce_dw_dag.py                           1           0  0.31s           2026-03-26T04:34:09
/opt/airflow/dags/new_dags.py                                    1           0  0.21s           2026-03-26T04:33:52
/opt/airflow/dags/extract_data.py                                0           0  0.15s           2026-03-26T04:34:10
================================================================================
[2026-03-26T04:34:18.268+0000] {manager.py:737} INFO - Searching for files in /opt/airflow/dags
[2026-03-26T04:34:18.477+0000] {manager.py:740} INFO - There are 4 files in /opt/airflow/dags
[2026-03-26T04:34:41.165+0000] {manager.py:878} INFO - 
================================================================================
DAG File Processing Stats

File Path                               PID    Runtime      # DAGs    # Errors  Last Runtime    Last Run
--------------------------------------  -----  ---------  --------  ----------  --------------  -------------------
/opt/airflow/dags/e_commerce_dw_dag.py                           1           0  0.22s           2026-03-26T04:34:40
/opt/airflow/dags/new_dags.py                                    1           0  0.19s           2026-03-26T04:34:22
/opt/airflow/dags/example.py                                     1           0  0.17s           2026-03-26T04:34:23
/opt/airflow/dags/extract_data.py                                0           0  0.09s           2026-03-26T04:34:41
================================================================================
[2026-03-26T04:35:11.818+0000] {manager.py:878} INFO - 
================================================================================
DAG File Processing Stats

File Path                                 PID  Runtime      # DAGs    # Errors  Last Runtime    Last Run
--------------------------------------  -----  ---------  --------  ----------  --------------  -------------------
/opt/airflow/dags/new_dags.py                                    1           0  0.27s           2026-03-26T04:34:53
/opt/airflow/dags/e_commerce_dw_dag.py                           1           0  0.20s           2026-03-26T04:35:10
/opt/airflow/dags/example.py                                     1           0  0.17s           2026-03-26T04:34:54
/opt/airflow/dags/extract_data.py        4402  0.00s             0           0  0.09s           2026-03-26T04:34:41
================================================================================
[2026-03-26T04:35:42.566+0000] {manager.py:878} INFO - 
================================================================================
DAG File Processing Stats

File Path                                 PID  Runtime      # DAGs    # Errors  Last Runtime    Last Run
--------------------------------------  -----  ---------  --------  ----------  --------------  -------------------
/opt/airflow/dags/e_commerce_dw_dag.py                           1           0  0.22s           2026-03-26T04:35:41
/opt/airflow/dags/new_dags.py                                    1           0  0.21s           2026-03-26T04:35:24
/opt/airflow/dags/example.py                                     1           0  0.17s           2026-03-26T04:35:25
/opt/airflow/dags/extract_data.py        4428  0.01s             0           0  0.08s           2026-03-26T04:35:11
================================================================================
[2026-03-26T04:36:13.266+0000] {manager.py:878} INFO - 
================================================================================
DAG File Processing Stats

File Path                                 PID  Runtime      # DAGs    # Errors  Last Runtime    Last Run
--------------------------------------  -----  ---------  --------  ----------  --------------  -------------------
/opt/airflow/dags/e_commerce_dw_dag.py                           1           0  0.22s           2026-03-26T04:36:12
/opt/airflow/dags/example.py                                     1           0  0.17s           2026-03-26T04:35:56
/opt/airflow/dags/new_dags.py                                    1           0  0.15s           2026-03-26T04:35:54
/opt/airflow/dags/extract_data.py        4455  0.01s             0           0  0.08s           2026-03-26T04:35:42
================================================================================
[2026-03-26T04:36:43.976+0000] {manager.py:878} INFO - 
================================================================================
DAG File Processing Stats

File Path                                 PID  Runtime      # DAGs    # Errors  Last Runtime    Last Run
--------------------------------------  -----  ---------  --------  ----------  --------------  -------------------
/opt/airflow/dags/e_commerce_dw_dag.py                           1           0  0.24s           2026-03-26T04:36:43
/opt/airflow/dags/new_dags.py                                    1           0  0.15s           2026-03-26T04:36:25
/opt/airflow/dags/example.py                                     1           0  0.14s           2026-03-26T04:36:26
/opt/airflow/dags/extract_data.py        4481  0.00s             0           0  0.12s           2026-03-26T04:36:13
================================================================================
[2026-03-26T04:37:14.716+0000] {manager.py:878} INFO - 
================================================================================
DAG File Processing Stats

File Path                                 PID  Runtime      # DAGs    # Errors  Last Runtime    Last Run
--------------------------------------  -----  ---------  --------  ----------  --------------  -------------------
/opt/airflow/dags/e_commerce_dw_dag.py                           1           0  0.20s           2026-03-26T04:37:13
/opt/airflow/dags/example.py                                     1           0  0.17s           2026-03-26T04:36:57
/opt/airflow/dags/new_dags.py                                    1           0  0.17s           2026-03-26T04:36:56
/opt/airflow/dags/extract_data.py        4508  0.00s             0           0  0.10s           2026-03-26T04:36:44
================================================================================
[2026-03-26T04:37:45.424+0000] {manager.py:878} INFO - 
================================================================================
DAG File Processing Stats

File Path                                 PID  Runtime      # DAGs    # Errors  Last Runtime    Last Run
--------------------------------------  -----  ---------  --------  ----------  --------------  -------------------
/opt/airflow/dags/example.py                                     1           0  0.25s           2026-03-26T04:37:28
/opt/airflow/dags/e_commerce_dw_dag.py                           1           0  0.21s           2026-03-26T04:37:44
/opt/airflow/dags/new_dags.py                                    1           0  0.17s           2026-03-26T04:37:27
/opt/airflow/dags/extract_data.py        4534  0.00s             0           0  0.08s           2026-03-26T04:37:14
================================================================================
[2026-03-26T04:38:15.653+0000] {manager.py:878} INFO - 
================================================================================
DAG File Processing Stats

File Path                                 PID  Runtime      # DAGs    # Errors  Last Runtime    Last Run
--------------------------------------  -----  ---------  --------  ----------  --------------  -------------------
/opt/airflow/dags/new_dags.py                                    1           0  0.94s           2026-03-26T04:37:58
/opt/airflow/dags/example.py                                     1           0  0.83s           2026-03-26T04:37:59
/opt/airflow/dags/e_commerce_dw_dag.py                           1           0  0.24s           2026-03-26T04:38:14
/opt/airflow/dags/extract_data.py        4560  0.01s             0           0  0.08s           2026-03-26T04:37:45
================================================================================
[2026-03-26T04:38:46.348+0000] {manager.py:878} INFO - 
================================================================================
DAG File Processing Stats

File Path                                 PID  Runtime      # DAGs    # Errors  Last Runtime    Last Run
--------------------------------------  -----  ---------  --------  ----------  --------------  -------------------
/opt/airflow/dags/e_commerce_dw_dag.py                           1           0  0.24s           2026-03-26T04:38:45
/opt/airflow/dags/new_dags.py                                    1           0  0.19s           2026-03-26T04:38:29
/opt/airflow/dags/example.py                                     1           0  0.18s           2026-03-26T04:38:30
/opt/airflow/dags/extract_data.py        4587  0.00s             0           0  0.10s           2026-03-26T04:38:15
================================================================================
[2026-03-26T04:39:16.973+0000] {manager.py:878} INFO - 
================================================================================
DAG File Processing Stats

File Path                                 PID  Runtime      # DAGs    # Errors  Last Runtime    Last Run
--------------------------------------  -----  ---------  --------  ----------  --------------  -------------------
/opt/airflow/dags/new_dags.py                                    1           0  0.25s           2026-03-26T04:38:59
/opt/airflow/dags/e_commerce_dw_dag.py                           1           0  0.22s           2026-03-26T04:39:16
/opt/airflow/dags/example.py                                     1           0  0.18s           2026-03-26T04:39:00
/opt/airflow/dags/extract_data.py        4613  0.01s             0           0  0.08s           2026-03-26T04:38:46
================================================================================
[2026-03-26T04:39:19.054+0000] {manager.py:737} INFO - Searching for files in /opt/airflow/dags
[2026-03-26T04:39:19.243+0000] {manager.py:740} INFO - There are 4 files in /opt/airflow/dags
[2026-03-26T04:39:47.139+0000] {manager.py:878} INFO - 
================================================================================
DAG File Processing Stats

File Path                                 PID  Runtime      # DAGs    # Errors  Last Runtime    Last Run
--------------------------------------  -----  ---------  --------  ----------  --------------  -------------------
/opt/airflow/dags/e_commerce_dw_dag.py                           1           0  0.24s           2026-03-26T04:39:47
/opt/airflow/dags/example.py                                     1           0  0.18s           2026-03-26T04:39:31
/opt/airflow/dags/new_dags.py                                    1           0  0.18s           2026-03-26T04:39:30
/opt/airflow/dags/extract_data.py        4640  0.00s             0           0  0.09s           2026-03-26T04:39:17
================================================================================
[2026-03-26T04:40:17.804+0000] {manager.py:878} INFO - 
================================================================================
DAG File Processing Stats

File Path                                 PID  Runtime      # DAGs    # Errors  Last Runtime    Last Run
--------------------------------------  -----  ---------  --------  ----------  --------------  -------------------
/opt/airflow/dags/e_commerce_dw_dag.py   4661  0.02s             1           0  0.24s           2026-03-26T04:39:47
/opt/airflow/dags/example.py                                     1           0  0.16s           2026-03-26T04:40:02
/opt/airflow/dags/new_dags.py                                    1           0  0.16s           2026-03-26T04:40:01
/opt/airflow/dags/extract_data.py        4664  0.00s             0           0  0.09s           2026-03-26T04:39:47
================================================================================
[2026-03-26T04:40:47.809+0000] {manager.py:878} INFO - 
================================================================================
DAG File Processing Stats

File Path                               PID    Runtime      # DAGs    # Errors  Last Runtime    Last Run
--------------------------------------  -----  ---------  --------  ----------  --------------  -------------------
/opt/airflow/dags/example.py                                     1           0  0.20s           2026-03-26T04:40:33
/opt/airflow/dags/e_commerce_dw_dag.py                           1           0  0.19s           2026-03-26T04:40:17
/opt/airflow/dags/new_dags.py                                    1           0  0.16s           2026-03-26T04:40:32
/opt/airflow/dags/extract_data.py                                0           0  0.07s           2026-03-26T04:40:17
================================================================================
[2026-03-26T04:41:18.282+0000] {manager.py:878} INFO - 
================================================================================
DAG File Processing Stats

File Path                               PID    Runtime      # DAGs    # Errors  Last Runtime    Last Run
--------------------------------------  -----  ---------  --------  ----------  --------------  -------------------
/opt/airflow/dags/e_commerce_dw_dag.py                           1           0  0.38s           2026-03-26T04:40:49
/opt/airflow/dags/new_dags.py                                    1           0  0.19s           2026-03-26T04:41:03
/opt/airflow/dags/example.py                                     1           0  0.16s           2026-03-26T04:41:04
/opt/airflow/dags/extract_data.py                                0           0  0.15s           2026-03-26T04:40:48
================================================================================
[2026-03-26T04:41:49.090+0000] {manager.py:878} INFO - 
================================================================================
DAG File Processing Stats

File Path                               PID    Runtime      # DAGs    # Errors  Last Runtime    Last Run
--------------------------------------  -----  ---------  --------  ----------  --------------  -------------------
/opt/airflow/dags/e_commerce_dw_dag.py                           1           0  0.24s           2026-03-26T04:41:19
/opt/airflow/dags/new_dags.py                                    1           0  0.18s           2026-03-26T04:41:33
/opt/airflow/dags/example.py                                     1           0  0.16s           2026-03-26T04:41:34
/opt/airflow/dags/extract_data.py                                0           0  0.10s           2026-03-26T04:41:19
================================================================================
[2026-03-26T04:42:19.426+0000] {manager.py:878} INFO - 
================================================================================
DAG File Processing Stats

File Path                               PID    Runtime      # DAGs    # Errors  Last Runtime    Last Run
--------------------------------------  -----  ---------  --------  ----------  --------------  -------------------
/opt/airflow/dags/e_commerce_dw_dag.py                           1           0  0.83s           2026-03-26T04:41:50
/opt/airflow/dags/extract_data.py                                0           0  0.42s           2026-03-26T04:41:50
/opt/airflow/dags/new_dags.py                                    1           0  0.20s           2026-03-26T04:42:04
/opt/airflow/dags/example.py                                     1           0  0.15s           2026-03-26T04:42:05
================================================================================
[2026-03-26T04:42:50.218+0000] {manager.py:878} INFO - 
================================================================================
DAG File Processing Stats

File Path                               PID    Runtime      # DAGs    # Errors  Last Runtime    Last Run
--------------------------------------  -----  ---------  --------  ----------  --------------  -------------------
/opt/airflow/dags/e_commerce_dw_dag.py                           1           0  0.20s           2026-03-26T04:42:21
/opt/airflow/dags/new_dags.py                                    1           0  0.19s           2026-03-26T04:42:34
/opt/airflow/dags/example.py                                     1           0  0.15s           2026-03-26T04:42:36
/opt/airflow/dags/extract_data.py                                0           0  0.08s           2026-03-26T04:42:21
================================================================================
[2026-03-26T04:43:20.939+0000] {manager.py:878} INFO - 
================================================================================
DAG File Processing Stats

File Path                               PID    Runtime      # DAGs    # Errors  Last Runtime    Last Run
--------------------------------------  -----  ---------  --------  ----------  --------------  -------------------
/opt/airflow/dags/e_commerce_dw_dag.py                           1           0  0.20s           2026-03-26T04:42:52
/opt/airflow/dags/new_dags.py                                    1           0  0.16s           2026-03-26T04:43:05
/opt/airflow/dags/example.py                                     1           0  0.15s           2026-03-26T04:43:06
/opt/airflow/dags/extract_data.py                                0           0  0.07s           2026-03-26T04:42:52
================================================================================
[2026-03-26T04:43:51.686+0000] {manager.py:878} INFO - 
================================================================================
DAG File Processing Stats

File Path                               PID    Runtime      # DAGs    # Errors  Last Runtime    Last Run
--------------------------------------  -----  ---------  --------  ----------  --------------  -------------------
/opt/airflow/dags/e_commerce_dw_dag.py                           1           0  0.22s           2026-03-26T04:43:23
/opt/airflow/dags/new_dags.py                                    1           0  0.18s           2026-03-26T04:43:36
/opt/airflow/dags/example.py                                     1           0  0.15s           2026-03-26T04:43:37
/opt/airflow/dags/extract_data.py                                0           0  0.09s           2026-03-26T04:43:23
================================================================================
[2026-03-26T04:44:19.416+0000] {manager.py:737} INFO - Searching for files in /opt/airflow/dags
[2026-03-26T04:44:19.568+0000] {manager.py:740} INFO - There are 4 files in /opt/airflow/dags
[2026-03-26T04:44:22.621+0000] {manager.py:878} INFO - 
================================================================================
DAG File Processing Stats

File Path                               PID    Runtime      # DAGs    # Errors  Last Runtime    Last Run
--------------------------------------  -----  ---------  --------  ----------  --------------  -------------------
/opt/airflow/dags/e_commerce_dw_dag.py                           1           0  0.49s           2026-03-26T04:43:54
/opt/airflow/dags/new_dags.py                                    1           0  0.16s           2026-03-26T04:44:07
/opt/airflow/dags/example.py                                     1           0  0.16s           2026-03-26T04:44:08
/opt/airflow/dags/extract_data.py                                0           0  0.11s           2026-03-26T04:43:53
================================================================================
[2026-03-26T04:44:53.385+0000] {manager.py:878} INFO - 
================================================================================
DAG File Processing Stats

File Path                               PID    Runtime      # DAGs    # Errors  Last Runtime    Last Run
--------------------------------------  -----  ---------  --------  ----------  --------------  -------------------
/opt/airflow/dags/e_commerce_dw_dag.py                           1           0  0.24s           2026-03-26T04:44:24
/opt/airflow/dags/new_dags.py                                    1           0  0.17s           2026-03-26T04:44:38
/opt/airflow/dags/example.py                                     1           0  0.15s           2026-03-26T04:44:39
/opt/airflow/dags/extract_data.py                                0           0  0.09s           2026-03-26T04:44:24
================================================================================
[2026-03-26T04:45:24.133+0000] {manager.py:878} INFO - 
================================================================================
DAG File Processing Stats

File Path                               PID    Runtime      # DAGs    # Errors  Last Runtime    Last Run
--------------------------------------  -----  ---------  --------  ----------  --------------  -------------------
/opt/airflow/dags/e_commerce_dw_dag.py                           1           0  0.21s           2026-03-26T04:44:55
/opt/airflow/dags/example.py                                     1           0  0.16s           2026-03-26T04:45:10
/opt/airflow/dags/new_dags.py                                    1           0  0.15s           2026-03-26T04:45:08
/opt/airflow/dags/extract_data.py                                0           0  0.07s           2026-03-26T04:44:55
================================================================================
[2026-03-26T04:45:54.898+0000] {manager.py:878} INFO - 
================================================================================
DAG File Processing Stats

File Path                               PID    Runtime      # DAGs    # Errors  Last Runtime    Last Run
--------------------------------------  -----  ---------  --------  ----------  --------------  -------------------
/opt/airflow/dags/e_commerce_dw_dag.py                           1           0  0.21s           2026-03-26T04:45:26
/opt/airflow/dags/new_dags.py                                    1           0  0.19s           2026-03-26T04:45:39
/opt/airflow/dags/example.py                                     1           0  0.16s           2026-03-26T04:45:40
/opt/airflow/dags/extract_data.py                                0           0  0.08s           2026-03-26T04:45:26
================================================================================
[2026-03-26T04:46:25.570+0000] {manager.py:878} INFO - 
================================================================================
DAG File Processing Stats

File Path                               PID    Runtime      # DAGs    # Errors  Last Runtime    Last Run
--------------------------------------  -----  ---------  --------  ----------  --------------  -------------------
/opt/airflow/dags/e_commerce_dw_dag.py                           1           0  0.19s           2026-03-26T04:45:57
/opt/airflow/dags/example.py                                     1           0  0.16s           2026-03-26T04:46:11
/opt/airflow/dags/new_dags.py                                    1           0  0.14s           2026-03-26T04:46:10
/opt/airflow/dags/extract_data.py                                0           0  0.07s           2026-03-26T04:45:57
================================================================================
[2026-03-26T04:46:56.367+0000] {manager.py:878} INFO - 
================================================================================
DAG File Processing Stats

File Path                               PID    Runtime      # DAGs    # Errors  Last Runtime    Last Run
--------------------------------------  -----  ---------  --------  ----------  --------------  -------------------
/opt/airflow/dags/e_commerce_dw_dag.py                           1           0  0.22s           2026-03-26T04:46:27
/opt/airflow/dags/new_dags.py                                    1           0  0.17s           2026-03-26T04:46:41
/opt/airflow/dags/example.py                                     1           0  0.16s           2026-03-26T04:46:42
/opt/airflow/dags/extract_data.py                                0           0  0.09s           2026-03-26T04:46:27
================================================================================
[2026-03-26T04:47:27.135+0000] {manager.py:878} INFO - 
================================================================================
DAG File Processing Stats

File Path                               PID    Runtime      # DAGs    # Errors  Last Runtime    Last Run
--------------------------------------  -----  ---------  --------  ----------  --------------  -------------------
/opt/airflow/dags/e_commerce_dw_dag.py                           1           0  0.22s           2026-03-26T04:46:58
/opt/airflow/dags/example.py                                     1           0  0.16s           2026-03-26T04:47:13
/opt/airflow/dags/new_dags.py                                    1           0  0.15s           2026-03-26T04:47:11
/opt/airflow/dags/extract_data.py                                0           0  0.07s           2026-03-26T04:46:58
================================================================================
[2026-03-26T04:47:57.895+0000] {manager.py:878} INFO - 
================================================================================
DAG File Processing Stats

File Path                               PID    Runtime      # DAGs    # Errors  Last Runtime    Last Run
--------------------------------------  -----  ---------  --------  ----------  --------------  -------------------
/opt/airflow/dags/e_commerce_dw_dag.py                           1           0  0.21s           2026-03-26T04:47:29
/opt/airflow/dags/example.py                                     1           0  0.20s           2026-03-26T04:47:43
/opt/airflow/dags/new_dags.py                                    1           0  0.16s           2026-03-26T04:47:42
/opt/airflow/dags/extract_data.py                                0           0  0.09s           2026-03-26T04:47:29
================================================================================
[2026-03-26T04:48:28.585+0000] {manager.py:878} INFO - 
================================================================================
DAG File Processing Stats

File Path                               PID    Runtime      # DAGs    # Errors  Last Runtime    Last Run
--------------------------------------  -----  ---------  --------  ----------  --------------  -------------------
/opt/airflow/dags/e_commerce_dw_dag.py                           1           0  0.20s           2026-03-26T04:48:00
/opt/airflow/dags/example.py                                     1           0  0.17s           2026-03-26T04:48:14
/opt/airflow/dags/new_dags.py                                    1           0  0.16s           2026-03-26T04:48:13
/opt/airflow/dags/extract_data.py                                0           0  0.08s           2026-03-26T04:48:00
================================================================================
[2026-03-31T08:15:55.766+0000] {manager.py:470} INFO - Processing files using up to 2 processes at a time 
[2026-03-31T08:15:55.768+0000] {manager.py:471} INFO - Process each file at most once every 30 seconds
[2026-03-31T08:15:55.770+0000] {manager.py:472} INFO - Checking for new files in /opt/airflow/dags every 300 seconds
[2026-03-31T08:15:55.772+0000] {manager.py:737} INFO - Searching for files in /opt/airflow/dags
[2026-03-31T08:15:57.265+0000] {manager.py:740} INFO - There are 4 files in /opt/airflow/dags
[2026-03-31T08:15:57.708+0000] {manager.py:878} INFO - 
================================================================================
DAG File Processing Stats

File Path                                 PID  Runtime      # DAGs    # Errors  Last Runtime    Last Run
--------------------------------------  -----  ---------  --------  ----------  --------------  ----------
/opt/airflow/dags/example.py                                     0           0
/opt/airflow/dags/extract_data.py         193  0.22s             0           0
/opt/airflow/dags/e_commerce_dw_dag.py    190  0.27s             0           0
/opt/airflow/dags/new_dags.py                                    0           0
================================================================================
[2026-03-31T08:16:28.622+0000] {manager.py:878} INFO - 
================================================================================
DAG File Processing Stats

File Path                                 PID  Runtime      # DAGs    # Errors  Last Runtime    Last Run
--------------------------------------  -----  ---------  --------  ----------  --------------  -------------------
/opt/airflow/dags/e_commerce_dw_dag.py                           1           0  1.85s           2026-03-31T08:15:59
/opt/airflow/dags/example.py                                     1           0  1.03s           2026-03-31T08:15:59
/opt/airflow/dags/new_dags.py                                    1           0  0.85s           2026-03-31T08:16:00
/opt/airflow/dags/extract_data.py         232  0.01s             0           0  0.70s           2026-03-31T08:15:58
================================================================================
[2026-03-31T08:16:58.689+0000] {manager.py:878} INFO - 
================================================================================
DAG File Processing Stats

File Path                               PID    Runtime      # DAGs    # Errors  Last Runtime    Last Run
--------------------------------------  -----  ---------  --------  ----------  --------------  -------------------
/opt/airflow/dags/new_dags.py                                    1           0  0.28s           2026-03-31T08:16:31
/opt/airflow/dags/e_commerce_dw_dag.py                           1           0  0.23s           2026-03-31T08:16:29
/opt/airflow/dags/example.py                                     1           0  0.18s           2026-03-31T08:16:29
/opt/airflow/dags/extract_data.py                                0           0  0.12s           2026-03-31T08:16:28
================================================================================
[2026-03-31T08:17:29.078+0000] {manager.py:878} INFO - 
================================================================================
DAG File Processing Stats

File Path                               PID    Runtime      # DAGs    # Errors  Last Runtime    Last Run
--------------------------------------  -----  ---------  --------  ----------  --------------  -------------------
/opt/airflow/dags/e_commerce_dw_dag.py                           1           0  0.20s           2026-03-31T08:17:00
/opt/airflow/dags/example.py                                     1           0  0.14s           2026-03-31T08:17:00
/opt/airflow/dags/new_dags.py                                    1           0  0.13s           2026-03-31T08:17:01
/opt/airflow/dags/extract_data.py                                0           0  0.10s           2026-03-31T08:16:59
================================================================================
[2026-03-31T08:17:59.828+0000] {manager.py:878} INFO - 
================================================================================
DAG File Processing Stats

File Path                               PID    Runtime      # DAGs    # Errors  Last Runtime    Last Run
--------------------------------------  -----  ---------  --------  ----------  --------------  -------------------
/opt/airflow/dags/e_commerce_dw_dag.py                           1           0  0.27s           2026-03-31T08:17:31
/opt/airflow/dags/example.py                                     1           0  0.21s           2026-03-31T08:17:31
/opt/airflow/dags/new_dags.py                                    1           0  0.15s           2026-03-31T08:17:32
/opt/airflow/dags/extract_data.py                                0           0  0.08s           2026-03-31T08:17:30
================================================================================
[2026-03-31T08:18:30.516+0000] {manager.py:878} INFO - 
================================================================================
DAG File Processing Stats

File Path                               PID    Runtime      # DAGs    # Errors  Last Runtime    Last Run
--------------------------------------  -----  ---------  --------  ----------  --------------  -------------------
/opt/airflow/dags/e_commerce_dw_dag.py                           1           0  0.22s           2026-03-31T08:18:02
/opt/airflow/dags/new_dags.py                                    1           0  0.20s           2026-03-31T08:18:03
/opt/airflow/dags/example.py                                     1           0  0.16s           2026-03-31T08:18:02
/opt/airflow/dags/extract_data.py                                0           0  0.08s           2026-03-31T08:18:00
================================================================================
[2026-03-31T08:19:01.154+0000] {manager.py:878} INFO - 
================================================================================
DAG File Processing Stats

File Path                               PID    Runtime      # DAGs    # Errors  Last Runtime    Last Run
--------------------------------------  -----  ---------  --------  ----------  --------------  -------------------
/opt/airflow/dags/e_commerce_dw_dag.py                           1           0  0.18s           2026-03-31T08:18:32
/opt/airflow/dags/example.py                                     1           0  0.14s           2026-03-31T08:18:32
/opt/airflow/dags/new_dags.py                                    1           0  0.12s           2026-03-31T08:18:33
/opt/airflow/dags/extract_data.py                                0           0  0.10s           2026-03-31T08:18:31
================================================================================
[2026-03-31T08:19:31.831+0000] {manager.py:878} INFO - 
================================================================================
DAG File Processing Stats

File Path                               PID    Runtime      # DAGs    # Errors  Last Runtime    Last Run
--------------------------------------  -----  ---------  --------  ----------  --------------  -------------------
/opt/airflow/dags/e_commerce_dw_dag.py                           1           0  0.23s           2026-03-31T08:19:03
/opt/airflow/dags/example.py                                     1           0  0.16s           2026-03-31T08:19:03
/opt/airflow/dags/new_dags.py                                    1           0  0.12s           2026-03-31T08:19:04
/opt/airflow/dags/extract_data.py                                0           0  0.06s           2026-03-31T08:19:02
================================================================================
[2026-03-31T08:20:02.551+0000] {manager.py:878} INFO - 
================================================================================
DAG File Processing Stats

File Path                               PID    Runtime      # DAGs    # Errors  Last Runtime    Last Run
--------------------------------------  -----  ---------  --------  ----------  --------------  -------------------
/opt/airflow/dags/new_dags.py                                    1           0  0.32s           2026-03-31T08:19:35
/opt/airflow/dags/e_commerce_dw_dag.py                           1           0  0.23s           2026-03-31T08:19:34
/opt/airflow/dags/example.py                                     1           0  0.16s           2026-03-31T08:19:34
/opt/airflow/dags/extract_data.py                                0           0  0.06s           2026-03-31T08:19:32
================================================================================
[2026-03-31T08:20:33.265+0000] {manager.py:878} INFO - 
================================================================================
DAG File Processing Stats

File Path                               PID    Runtime      # DAGs    # Errors  Last Runtime    Last Run
--------------------------------------  -----  ---------  --------  ----------  --------------  -------------------
/opt/airflow/dags/e_commerce_dw_dag.py                           1           0  0.20s           2026-03-31T08:20:04
/opt/airflow/dags/example.py                                     1           0  0.16s           2026-03-31T08:20:04
/opt/airflow/dags/new_dags.py                                    1           0  0.14s           2026-03-31T08:20:05
/opt/airflow/dags/extract_data.py                                0           0  0.10s           2026-03-31T08:20:03
================================================================================
[2026-03-31T08:20:55.852+0000] {manager.py:737} INFO - Searching for files in /opt/airflow/dags
[2026-03-31T08:20:55.976+0000] {manager.py:740} INFO - There are 4 files in /opt/airflow/dags
[2026-03-31T08:21:04.096+0000] {manager.py:878} INFO - 
================================================================================
DAG File Processing Stats

File Path                               PID    Runtime      # DAGs    # Errors  Last Runtime    Last Run
--------------------------------------  -----  ---------  --------  ----------  --------------  -------------------
/opt/airflow/dags/e_commerce_dw_dag.py                           1           0  0.24s           2026-03-31T08:20:35
/opt/airflow/dags/example.py                                     1           0  0.18s           2026-03-31T08:20:35
/opt/airflow/dags/new_dags.py                                    1           0  0.15s           2026-03-31T08:20:36
/opt/airflow/dags/extract_data.py                                0           0  0.09s           2026-03-31T08:20:34
================================================================================
[2026-03-31T08:31:48.984+0000] {manager.py:470} INFO - Processing files using up to 2 processes at a time 
[2026-03-31T08:31:48.987+0000] {manager.py:471} INFO - Process each file at most once every 30 seconds
[2026-03-31T08:31:48.993+0000] {manager.py:472} INFO - Checking for new files in /opt/airflow/dags every 300 seconds
[2026-03-31T08:31:49.003+0000] {manager.py:737} INFO - Searching for files in /opt/airflow/dags
[2026-03-31T08:31:49.325+0000] {manager.py:740} INFO - There are 4 files in /opt/airflow/dags
[2026-03-31T08:31:49.559+0000] {manager.py:878} INFO - 
================================================================================
DAG File Processing Stats

File Path                                 PID  Runtime      # DAGs    # Errors  Last Runtime    Last Run
--------------------------------------  -----  ---------  --------  ----------  --------------  ----------
/opt/airflow/dags/example.py                                     0           0
/opt/airflow/dags/extract_data.py         187  0.11s             0           0
/opt/airflow/dags/e_commerce_dw_dag.py    184  0.14s             0           0
/opt/airflow/dags/new_dags.py                                    0           0
================================================================================
[2026-03-31T08:32:20.072+0000] {manager.py:878} INFO - 
================================================================================
DAG File Processing Stats

File Path                                 PID  Runtime      # DAGs    # Errors  Last Runtime    Last Run
--------------------------------------  -----  ---------  --------  ----------  --------------  -------------------
/opt/airflow/dags/e_commerce_dw_dag.py                           1           0  0.99s           2026-03-31T08:31:50
/opt/airflow/dags/example.py                                     1           0  0.73s           2026-03-31T08:31:50
/opt/airflow/dags/new_dags.py                                    1           0  0.35s           2026-03-31T08:31:50
/opt/airflow/dags/extract_data.py         210  0.01s             0           0  0.18s           2026-03-31T08:31:49
================================================================================
[2026-03-31T08:32:50.903+0000] {manager.py:878} INFO - 
================================================================================
DAG File Processing Stats

File Path                                 PID  Runtime      # DAGs    # Errors  Last Runtime    Last Run
--------------------------------------  -----  ---------  --------  ----------  --------------  -------------------
/opt/airflow/dags/e_commerce_dw_dag.py                           1           0  0.31s           2026-03-31T08:32:21
/opt/airflow/dags/example.py                                     1           0  0.25s           2026-03-31T08:32:21
/opt/airflow/dags/new_dags.py                                    1           0  0.17s           2026-03-31T08:32:21
/opt/airflow/dags/extract_data.py         236  0.00s             0           0  0.11s           2026-03-31T08:32:20
================================================================================
[2026-03-31T08:33:21.660+0000] {manager.py:878} INFO - 
================================================================================
DAG File Processing Stats

File Path                                 PID  Runtime      # DAGs    # Errors  Last Runtime    Last Run
--------------------------------------  -----  ---------  --------  ----------  --------------  -------------------
/opt/airflow/dags/e_commerce_dw_dag.py                           1           0  0.25s           2026-03-31T08:32:52
/opt/airflow/dags/example.py                                     1           0  0.19s           2026-03-31T08:32:52
/opt/airflow/dags/new_dags.py                                    1           0  0.14s           2026-03-31T08:32:52
/opt/airflow/dags/extract_data.py         262  0.00s             0           0  0.09s           2026-03-31T08:32:50
================================================================================
[2026-03-31T08:33:52.403+0000] {manager.py:878} INFO - 
================================================================================
DAG File Processing Stats

File Path                                 PID  Runtime      # DAGs    # Errors  Last Runtime    Last Run
--------------------------------------  -----  ---------  --------  ----------  --------------  -------------------
/opt/airflow/dags/e_commerce_dw_dag.py                           1           0  0.20s           2026-03-31T08:33:22
/opt/airflow/dags/example.py                                     1           0  0.15s           2026-03-31T08:33:22
/opt/airflow/dags/new_dags.py                                    1           0  0.14s           2026-03-31T08:33:23
/opt/airflow/dags/extract_data.py         294  0.00s             0           0  0.07s           2026-03-31T08:33:21
================================================================================
[2026-03-31T08:34:23.184+0000] {manager.py:878} INFO - 
================================================================================
DAG File Processing Stats

File Path                                 PID  Runtime      # DAGs    # Errors  Last Runtime    Last Run
--------------------------------------  -----  ---------  --------  ----------  --------------  -------------------
/opt/airflow/dags/e_commerce_dw_dag.py                           1           0  0.18s           2026-03-31T08:33:53
/opt/airflow/dags/example.py                                     1           0  0.14s           2026-03-31T08:33:53
/opt/airflow/dags/new_dags.py                                    1           0  0.13s           2026-03-31T08:33:53
/opt/airflow/dags/extract_data.py         320  0.00s             0           0  0.10s           2026-03-31T08:33:52
================================================================================
[2026-03-31T08:34:53.880+0000] {manager.py:878} INFO - 
================================================================================
DAG File Processing Stats

File Path                                 PID  Runtime      # DAGs    # Errors  Last Runtime    Last Run
--------------------------------------  -----  ---------  --------  ----------  --------------  -------------------
/opt/airflow/dags/e_commerce_dw_dag.py                           1           0  0.25s           2026-03-31T08:34:24
/opt/airflow/dags/example.py                                     1           0  0.17s           2026-03-31T08:34:24
/opt/airflow/dags/new_dags.py                                    1           0  0.15s           2026-03-31T08:34:24
/opt/airflow/dags/extract_data.py         348  0.01s             0           0  0.08s           2026-03-31T08:34:23
================================================================================
[2026-03-31T08:35:23.963+0000] {manager.py:878} INFO - 
================================================================================
DAG File Processing Stats

File Path                               PID    Runtime      # DAGs    # Errors  Last Runtime    Last Run
--------------------------------------  -----  ---------  --------  ----------  --------------  -------------------
/opt/airflow/dags/e_commerce_dw_dag.py                           1           0  0.30s           2026-03-31T08:34:55
/opt/airflow/dags/example.py                                     1           0  0.23s           2026-03-31T08:34:55
/opt/airflow/dags/new_dags.py                                    1           0  0.17s           2026-03-31T08:34:55
/opt/airflow/dags/extract_data.py                                0           0  0.12s           2026-03-31T08:34:53
================================================================================
[2026-03-31T08:35:54.034+0000] {manager.py:878} INFO - 
================================================================================
DAG File Processing Stats

File Path                               PID    Runtime      # DAGs    # Errors  Last Runtime    Last Run
--------------------------------------  -----  ---------  --------  ----------  --------------  -------------------
/opt/airflow/dags/e_commerce_dw_dag.py                           1           0  0.19s           2026-03-31T08:35:25
/opt/airflow/dags/example.py                                     1           0  0.15s           2026-03-31T08:35:25
/opt/airflow/dags/new_dags.py                                    1           0  0.14s           2026-03-31T08:35:25
/opt/airflow/dags/extract_data.py                                0           0  0.07s           2026-03-31T08:35:24
================================================================================
[2026-03-31T08:36:24.786+0000] {manager.py:878} INFO - 
================================================================================
DAG File Processing Stats

File Path                               PID    Runtime      # DAGs    # Errors  Last Runtime    Last Run
--------------------------------------  -----  ---------  --------  ----------  --------------  -------------------
/opt/airflow/dags/e_commerce_dw_dag.py                           1           0  0.21s           2026-03-31T08:35:56
/opt/airflow/dags/example.py                                     1           0  0.17s           2026-03-31T08:35:56
/opt/airflow/dags/new_dags.py                                    1           0  0.15s           2026-03-31T08:35:56
/opt/airflow/dags/extract_data.py                                0           0  0.08s           2026-03-31T08:35:55
================================================================================
[2026-03-31T08:36:49.457+0000] {manager.py:737} INFO - Searching for files in /opt/airflow/dags
[2026-03-31T08:36:49.603+0000] {manager.py:740} INFO - There are 4 files in /opt/airflow/dags
[2026-03-31T08:36:55.718+0000] {manager.py:878} INFO - 
================================================================================
DAG File Processing Stats

File Path                               PID    Runtime      # DAGs    # Errors  Last Runtime    Last Run
--------------------------------------  -----  ---------  --------  ----------  --------------  -------------------
/opt/airflow/dags/e_commerce_dw_dag.py                           1           0  0.19s           2026-03-31T08:36:27
/opt/airflow/dags/example.py                                     1           0  0.14s           2026-03-31T08:36:27
/opt/airflow/dags/new_dags.py                                    1           0  0.13s           2026-03-31T08:36:27
/opt/airflow/dags/extract_data.py                                0           0  0.07s           2026-03-31T08:36:25
================================================================================
[2026-03-31T08:37:26.390+0000] {manager.py:878} INFO - 
================================================================================
DAG File Processing Stats

File Path                               PID    Runtime      # DAGs    # Errors  Last Runtime    Last Run
--------------------------------------  -----  ---------  --------  ----------  --------------  -------------------
/opt/airflow/dags/e_commerce_dw_dag.py                           1           0  0.19s           2026-03-31T08:36:57
/opt/airflow/dags/example.py                                     1           0  0.13s           2026-03-31T08:36:57
/opt/airflow/dags/new_dags.py                                    1           0  0.13s           2026-03-31T08:36:58
/opt/airflow/dags/extract_data.py                                0           0  0.06s           2026-03-31T08:36:56
================================================================================
[2026-03-31T08:53:26.760+0000] {manager.py:470} INFO - Processing files using up to 2 processes at a time 
[2026-03-31T08:53:26.763+0000] {manager.py:471} INFO - Process each file at most once every 30 seconds
[2026-03-31T08:53:26.764+0000] {manager.py:472} INFO - Checking for new files in /opt/airflow/dags every 300 seconds
[2026-03-31T08:53:26.765+0000] {manager.py:737} INFO - Searching for files in /opt/airflow/dags
[2026-03-31T08:53:27.090+0000] {manager.py:740} INFO - There are 4 files in /opt/airflow/dags
[2026-03-31T08:53:27.304+0000] {manager.py:878} INFO - 
================================================================================
DAG File Processing Stats

File Path                                 PID  Runtime      # DAGs    # Errors  Last Runtime    Last Run
--------------------------------------  -----  ---------  --------  ----------  --------------  ----------
/opt/airflow/dags/example.py                                     0           0
/opt/airflow/dags/extract_data.py         182  0.09s             0           0
/opt/airflow/dags/e_commerce_dw_dag.py    179  0.12s             0           0
/opt/airflow/dags/new_dags.py                                    0           0
================================================================================
[2026-03-31T08:53:57.906+0000] {manager.py:878} INFO - 
================================================================================
DAG File Processing Stats

File Path                                 PID  Runtime      # DAGs    # Errors  Last Runtime    Last Run
--------------------------------------  -----  ---------  --------  ----------  --------------  -------------------
/opt/airflow/dags/new_dags.py                                    1           0  1.48s           2026-03-31T08:53:29
/opt/airflow/dags/e_commerce_dw_dag.py                           1           0  0.83s           2026-03-31T08:53:28
/opt/airflow/dags/example.py                                     1           0  0.59s           2026-03-31T08:53:27
/opt/airflow/dags/extract_data.py         205  0.00s             0           0  0.17s           2026-03-31T08:53:27
================================================================================
[2026-03-31T08:54:28.642+0000] {manager.py:878} INFO - 
================================================================================
DAG File Processing Stats

File Path                                 PID  Runtime      # DAGs    # Errors  Last Runtime    Last Run
--------------------------------------  -----  ---------  --------  ----------  --------------  -------------------
/opt/airflow/dags/new_dags.py                                    1           0  2.07s           2026-03-31T08:54:02
/opt/airflow/dags/e_commerce_dw_dag.py                           1           0  0.18s           2026-03-31T08:53:59
/opt/airflow/dags/example.py                                     1           0  0.14s           2026-03-31T08:53:59
/opt/airflow/dags/extract_data.py         231  0.00s             0           0  0.07s           2026-03-31T08:53:57
================================================================================
[2026-03-31T08:54:59.394+0000] {manager.py:878} INFO - 
================================================================================
DAG File Processing Stats

File Path                                 PID  Runtime      # DAGs    # Errors  Last Runtime    Last Run
--------------------------------------  -----  ---------  --------  ----------  --------------  -------------------
/opt/airflow/dags/e_commerce_dw_dag.py                           1           0  0.21s           2026-03-31T08:54:29
/opt/airflow/dags/example.py                                     1           0  0.15s           2026-03-31T08:54:29
/opt/airflow/dags/new_dags.py                                    1           0  0.14s           2026-03-31T08:54:33
/opt/airflow/dags/extract_data.py         263  0.00s             0           0  0.07s           2026-03-31T08:54:28
================================================================================
[2026-03-31T08:55:30.129+0000] {manager.py:878} INFO - 
================================================================================
DAG File Processing Stats

File Path                                 PID  Runtime      # DAGs    # Errors  Last Runtime    Last Run
--------------------------------------  -----  ---------  --------  ----------  --------------  -------------------
/opt/airflow/dags/e_commerce_dw_dag.py                           1           0  0.27s           2026-03-31T08:55:00
/opt/airflow/dags/example.py                                     1           0  0.20s           2026-03-31T08:55:00
/opt/airflow/dags/new_dags.py                                    1           0  0.14s           2026-03-31T08:55:03
/opt/airflow/dags/extract_data.py         289  0.01s             0           0  0.08s           2026-03-31T08:54:59
================================================================================
[2026-03-31T08:56:00.915+0000] {manager.py:878} INFO - 
================================================================================
DAG File Processing Stats

File Path                                 PID  Runtime      # DAGs    # Errors  Last Runtime    Last Run
--------------------------------------  -----  ---------  --------  ----------  --------------  -------------------
/opt/airflow/dags/e_commerce_dw_dag.py                           1           0  0.20s           2026-03-31T08:55:31
/opt/airflow/dags/example.py                                     1           0  0.16s           2026-03-31T08:55:31
/opt/airflow/dags/new_dags.py                                    1           0  0.13s           2026-03-31T08:55:34
/opt/airflow/dags/extract_data.py         315  0.00s             0           0  0.10s           2026-03-31T08:55:30
================================================================================
[2026-03-31T08:56:31.724+0000] {manager.py:878} INFO - 
================================================================================
DAG File Processing Stats

File Path                                 PID  Runtime      # DAGs    # Errors  Last Runtime    Last Run
--------------------------------------  -----  ---------  --------  ----------  --------------  -------------------
/opt/airflow/dags/e_commerce_dw_dag.py                           1           0  0.19s           2026-03-31T08:56:02
/opt/airflow/dags/new_dags.py                                    1           0  0.16s           2026-03-31T08:56:05
/opt/airflow/dags/example.py                                     1           0  0.15s           2026-03-31T08:56:02
/opt/airflow/dags/extract_data.py         341  0.00s             0           0  0.08s           2026-03-31T08:56:00
================================================================================
[2026-03-31T08:57:02.437+0000] {manager.py:878} INFO - 
================================================================================
DAG File Processing Stats

File Path                                 PID  Runtime      # DAGs    # Errors  Last Runtime    Last Run
--------------------------------------  -----  ---------  --------  ----------  --------------  -------------------
/opt/airflow/dags/e_commerce_dw_dag.py                           1           0  0.21s           2026-03-31T08:56:32
/opt/airflow/dags/example.py                                     1           0  0.15s           2026-03-31T08:56:32
/opt/airflow/dags/new_dags.py                                    1           0  0.14s           2026-03-31T08:56:36
/opt/airflow/dags/extract_data.py         367  0.01s             0           0  0.07s           2026-03-31T08:56:31
================================================================================
[2026-03-31T08:57:33.178+0000] {manager.py:878} INFO - 
================================================================================
DAG File Processing Stats

File Path                                 PID  Runtime      # DAGs    # Errors  Last Runtime    Last Run
--------------------------------------  -----  ---------  --------  ----------  --------------  -------------------
/opt/airflow/dags/e_commerce_dw_dag.py                           1           0  0.19s           2026-03-31T08:57:03
/opt/airflow/dags/example.py                                     1           0  0.15s           2026-03-31T08:57:03
/opt/airflow/dags/new_dags.py                                    1           0  0.13s           2026-03-31T08:57:06
/opt/airflow/dags/extract_data.py         407  0.01s             0           0  0.07s           2026-03-31T08:57:02
================================================================================
[2026-03-31T08:58:03.916+0000] {manager.py:878} INFO - 
================================================================================
DAG File Processing Stats

File Path                                 PID  Runtime      # DAGs    # Errors  Last Runtime    Last Run
--------------------------------------  -----  ---------  --------  ----------  --------------  -------------------
/opt/airflow/dags/e_commerce_dw_dag.py                           1           0  0.23s           2026-03-31T08:57:34
/opt/airflow/dags/example.py                                     1           0  0.16s           2026-03-31T08:57:34
/opt/airflow/dags/new_dags.py                                    1           0  0.15s           2026-03-31T08:57:37
/opt/airflow/dags/extract_data.py         436  0.00s             0           0  0.10s           2026-03-31T08:57:33
================================================================================
[2026-03-31T08:58:27.534+0000] {manager.py:737} INFO - Searching for files in /opt/airflow/dags
[2026-03-31T08:58:27.682+0000] {manager.py:740} INFO - There are 4 files in /opt/airflow/dags
[2026-03-31T08:58:34.799+0000] {manager.py:878} INFO - 
================================================================================
DAG File Processing Stats

File Path                                 PID  Runtime      # DAGs    # Errors  Last Runtime    Last Run
--------------------------------------  -----  ---------  --------  ----------  --------------  -------------------
/opt/airflow/dags/e_commerce_dw_dag.py                           1           0  0.22s           2026-03-31T08:58:05
/opt/airflow/dags/example.py                                     1           0  0.17s           2026-03-31T08:58:05
/opt/airflow/dags/new_dags.py                                    1           0  0.16s           2026-03-31T08:58:08
/opt/airflow/dags/extract_data.py         462  0.00s             0           0  0.07s           2026-03-31T08:58:03
================================================================================
[2026-03-31T08:59:05.464+0000] {manager.py:878} INFO - 
================================================================================
DAG File Processing Stats

File Path                                 PID  Runtime      # DAGs    # Errors  Last Runtime    Last Run
--------------------------------------  -----  ---------  --------  ----------  --------------  -------------------
/opt/airflow/dags/e_commerce_dw_dag.py                           1           0  0.18s           2026-03-31T08:58:36
/opt/airflow/dags/example.py                                     1           0  0.13s           2026-03-31T08:58:35
/opt/airflow/dags/new_dags.py                                    1           0  0.12s           2026-03-31T08:58:39
/opt/airflow/dags/extract_data.py         488  0.01s             0           0  0.08s           2026-03-31T08:58:34
================================================================================
[2026-03-31T08:59:36.179+0000] {manager.py:878} INFO - 
================================================================================
DAG File Processing Stats

File Path                                 PID  Runtime      # DAGs    # Errors  Last Runtime    Last Run
--------------------------------------  -----  ---------  --------  ----------  --------------  -------------------
/opt/airflow/dags/e_commerce_dw_dag.py                           1           0  0.21s           2026-03-31T08:59:06
/opt/airflow/dags/example.py                                     1           0  0.16s           2026-03-31T08:59:06
/opt/airflow/dags/new_dags.py                                    1           0  0.14s           2026-03-31T08:59:09
/opt/airflow/dags/extract_data.py         514  0.01s             0           0  0.07s           2026-03-31T08:59:05
================================================================================
[2026-03-31T09:00:06.964+0000] {manager.py:878} INFO - 
================================================================================
DAG File Processing Stats

File Path                                 PID  Runtime      # DAGs    # Errors  Last Runtime    Last Run
--------------------------------------  -----  ---------  --------  ----------  --------------  -------------------
/opt/airflow/dags/e_commerce_dw_dag.py                           1           0  0.25s           2026-03-31T08:59:37
/opt/airflow/dags/example.py                                     1           0  0.20s           2026-03-31T08:59:37
/opt/airflow/dags/new_dags.py                                    1           0  0.17s           2026-03-31T08:59:40
/opt/airflow/dags/extract_data.py         540  0.01s             0           0  0.12s           2026-03-31T08:59:36
================================================================================
[2026-03-31T09:00:37.862+0000] {manager.py:878} INFO - 
================================================================================
DAG File Processing Stats

File Path                                 PID  Runtime      # DAGs    # Errors  Last Runtime    Last Run
--------------------------------------  -----  ---------  --------  ----------  --------------  -------------------
/opt/airflow/dags/e_commerce_dw_dag.py                           1           0  0.19s           2026-03-31T09:00:08
/opt/airflow/dags/new_dags.py                                    1           0  0.14s           2026-03-31T09:00:11
/opt/airflow/dags/example.py                                     1           0  0.14s           2026-03-31T09:00:08
/opt/airflow/dags/extract_data.py         566  0.00s             0           0  0.09s           2026-03-31T09:00:07
================================================================================
[2026-03-31T09:01:08.649+0000] {manager.py:878} INFO - 
================================================================================
DAG File Processing Stats

File Path                                 PID  Runtime      # DAGs    # Errors  Last Runtime    Last Run
--------------------------------------  -----  ---------  --------  ----------  --------------  -------------------
/opt/airflow/dags/e_commerce_dw_dag.py                           1           0  0.17s           2026-03-31T09:00:39
/opt/airflow/dags/new_dags.py                                    1           0  0.17s           2026-03-31T09:00:42
/opt/airflow/dags/example.py                                     1           0  0.13s           2026-03-31T09:00:39
/opt/airflow/dags/extract_data.py         592  0.01s             0           0  0.07s           2026-03-31T09:00:37
================================================================================
[2026-03-31T09:01:39.446+0000] {manager.py:878} INFO - 
================================================================================
DAG File Processing Stats

File Path                                 PID  Runtime      # DAGs    # Errors  Last Runtime    Last Run
--------------------------------------  -----  ---------  --------  ----------  --------------  -------------------
/opt/airflow/dags/e_commerce_dw_dag.py                           1           0  0.20s           2026-03-31T09:01:09
/opt/airflow/dags/example.py                                     1           0  0.15s           2026-03-31T09:01:09
/opt/airflow/dags/new_dags.py                                    1           0  0.13s           2026-03-31T09:01:13
/opt/airflow/dags/extract_data.py         618  0.01s             0           0  0.08s           2026-03-31T09:01:08
================================================================================
[2026-03-31T09:02:10.225+0000] {manager.py:878} INFO - 
================================================================================
DAG File Processing Stats

File Path                                 PID  Runtime      # DAGs    # Errors  Last Runtime    Last Run
--------------------------------------  -----  ---------  --------  ----------  --------------  -------------------
/opt/airflow/dags/e_commerce_dw_dag.py                           1           0  0.23s           2026-03-31T09:01:40
/opt/airflow/dags/example.py                                     1           0  0.17s           2026-03-31T09:01:40
/opt/airflow/dags/new_dags.py                                    1           0  0.15s           2026-03-31T09:01:43
/opt/airflow/dags/extract_data.py         644  0.00s             0           0  0.06s           2026-03-31T09:01:39
================================================================================
[2026-03-31T09:02:40.909+0000] {manager.py:878} INFO - 
================================================================================
DAG File Processing Stats

File Path                                 PID  Runtime      # DAGs    # Errors  Last Runtime    Last Run
--------------------------------------  -----  ---------  --------  ----------  --------------  -------------------
/opt/airflow/dags/e_commerce_dw_dag.py                           1           0  0.19s           2026-03-31T09:02:11
/opt/airflow/dags/new_dags.py                                    1           0  0.15s           2026-03-31T09:02:14
/opt/airflow/dags/example.py                                     1           0  0.14s           2026-03-31T09:02:11
/opt/airflow/dags/extract_data.py         670  0.01s             0           0  0.06s           2026-03-31T09:02:10
================================================================================
[2026-03-31T09:03:11.644+0000] {manager.py:878} INFO - 
================================================================================
DAG File Processing Stats

File Path                                 PID  Runtime      # DAGs    # Errors  Last Runtime    Last Run
--------------------------------------  -----  ---------  --------  ----------  --------------  -------------------
/opt/airflow/dags/e_commerce_dw_dag.py                           1           0  0.20s           2026-03-31T09:02:42
/opt/airflow/dags/example.py                                     1           0  0.15s           2026-03-31T09:02:42
/opt/airflow/dags/new_dags.py                                    1           0  0.13s           2026-03-31T09:02:45
/opt/airflow/dags/extract_data.py         696  0.00s             0           0  0.11s           2026-03-31T09:02:41
================================================================================
[2026-03-31T09:03:28.085+0000] {manager.py:737} INFO - Searching for files in /opt/airflow/dags
[2026-03-31T09:03:28.213+0000] {manager.py:740} INFO - There are 4 files in /opt/airflow/dags
[2026-03-31T09:03:42.485+0000] {manager.py:878} INFO - 
================================================================================
DAG File Processing Stats

File Path                                 PID  Runtime      # DAGs    # Errors  Last Runtime    Last Run
--------------------------------------  -----  ---------  --------  ----------  --------------  -------------------
/opt/airflow/dags/e_commerce_dw_dag.py                           1           0  0.22s           2026-03-31T09:03:12
/opt/airflow/dags/example.py                                     1           0  0.16s           2026-03-31T09:03:12
/opt/airflow/dags/new_dags.py                                    1           0  0.14s           2026-03-31T09:03:16
/opt/airflow/dags/extract_data.py         722  0.00s             0           0  0.07s           2026-03-31T09:03:11
================================================================================
[2026-03-31T09:04:13.146+0000] {manager.py:878} INFO - 
================================================================================
DAG File Processing Stats

File Path                                 PID  Runtime      # DAGs    # Errors  Last Runtime    Last Run
--------------------------------------  -----  ---------  --------  ----------  --------------  -------------------
/opt/airflow/dags/e_commerce_dw_dag.py                           1           0  0.19s           2026-03-31T09:03:43
/opt/airflow/dags/new_dags.py                                    1           0  0.15s           2026-03-31T09:03:46
/opt/airflow/dags/example.py                                     1           0  0.15s           2026-03-31T09:03:43
/opt/airflow/dags/extract_data.py         748  0.01s             0           0  0.08s           2026-03-31T09:03:42
================================================================================
[2026-03-31T09:04:43.874+0000] {manager.py:878} INFO - 
================================================================================
DAG File Processing Stats

File Path                                 PID  Runtime      # DAGs    # Errors  Last Runtime    Last Run
--------------------------------------  -----  ---------  --------  ----------  --------------  -------------------
/opt/airflow/dags/e_commerce_dw_dag.py                           1           0  0.20s           2026-03-31T09:04:14
/opt/airflow/dags/new_dags.py                                    1           0  0.15s           2026-03-31T09:04:17
/opt/airflow/dags/example.py                                     1           0  0.14s           2026-03-31T09:04:14
/opt/airflow/dags/extract_data.py         774  0.01s             0           0  0.07s           2026-03-31T09:04:13
================================================================================
[2026-03-31T09:05:14.528+0000] {manager.py:878} INFO - 
================================================================================
DAG File Processing Stats

File Path                                 PID  Runtime      # DAGs    # Errors  Last Runtime    Last Run
--------------------------------------  -----  ---------  --------  ----------  --------------  -------------------
/opt/airflow/dags/e_commerce_dw_dag.py                           1           0  0.16s           2026-03-31T09:04:45
/opt/airflow/dags/new_dags.py                                    1           0  0.14s           2026-03-31T09:04:48
/opt/airflow/dags/example.py                                     1           0  0.13s           2026-03-31T09:04:45
/opt/airflow/dags/extract_data.py         800  0.01s             0           0  0.07s           2026-03-31T09:04:43
================================================================================
[2026-03-31T09:05:45.189+0000] {manager.py:878} INFO - 
================================================================================
DAG File Processing Stats

File Path                                 PID  Runtime      # DAGs    # Errors  Last Runtime    Last Run
--------------------------------------  -----  ---------  --------  ----------  --------------  -------------------
/opt/airflow/dags/e_commerce_dw_dag.py                           1           0  0.20s           2026-03-31T09:05:15
/opt/airflow/dags/new_dags.py                                    1           0  0.15s           2026-03-31T09:05:18
/opt/airflow/dags/example.py                                     1           0  0.15s           2026-03-31T09:05:15
/opt/airflow/dags/extract_data.py         826  0.01s             0           0  0.10s           2026-03-31T09:05:14
================================================================================
[2026-03-31T09:06:15.799+0000] {manager.py:878} INFO - 
================================================================================
DAG File Processing Stats

File Path                                 PID  Runtime      # DAGs    # Errors  Last Runtime    Last Run
--------------------------------------  -----  ---------  --------  ----------  --------------  -------------------
/opt/airflow/dags/e_commerce_dw_dag.py                           1           0  0.18s           2026-03-31T09:05:46
/opt/airflow/dags/example.py                                     1           0  0.14s           2026-03-31T09:05:46
/opt/airflow/dags/new_dags.py                                    1           0  0.13s           2026-03-31T09:05:49
/opt/airflow/dags/extract_data.py         852  0.00s             0           0  0.10s           2026-03-31T09:05:45
================================================================================
[2026-03-31T09:06:46.608+0000] {manager.py:878} INFO - 
================================================================================
DAG File Processing Stats

File Path                                 PID  Runtime      # DAGs    # Errors  Last Runtime    Last Run
--------------------------------------  -----  ---------  --------  ----------  --------------  -------------------
/opt/airflow/dags/e_commerce_dw_dag.py                           1           0  0.23s           2026-03-31T09:06:17
/opt/airflow/dags/example.py                                     1           0  0.18s           2026-03-31T09:06:17
/opt/airflow/dags/new_dags.py                                    1           0  0.13s           2026-03-31T09:06:20
/opt/airflow/dags/extract_data.py         878  0.00s             0           0  0.07s           2026-03-31T09:06:15
================================================================================
[2026-03-31T09:07:17.278+0000] {manager.py:878} INFO - 
================================================================================
DAG File Processing Stats

File Path                                 PID  Runtime      # DAGs    # Errors  Last Runtime    Last Run
--------------------------------------  -----  ---------  --------  ----------  --------------  -------------------
/opt/airflow/dags/e_commerce_dw_dag.py                           1           0  0.20s           2026-03-31T09:06:47
/opt/airflow/dags/new_dags.py                                    1           0  0.17s           2026-03-31T09:06:51
/opt/airflow/dags/example.py                                     1           0  0.15s           2026-03-31T09:06:47
/opt/airflow/dags/extract_data.py         904  0.00s             0           0  0.08s           2026-03-31T09:06:46
================================================================================
[2026-03-31T09:07:48.022+0000] {manager.py:878} INFO - 
================================================================================
DAG File Processing Stats

File Path                                 PID  Runtime      # DAGs    # Errors  Last Runtime    Last Run
--------------------------------------  -----  ---------  --------  ----------  --------------  -------------------
/opt/airflow/dags/e_commerce_dw_dag.py                           1           0  0.20s           2026-03-31T09:07:18
/opt/airflow/dags/new_dags.py                                    1           0  0.15s           2026-03-31T09:07:21
/opt/airflow/dags/example.py                                     1           0  0.15s           2026-03-31T09:07:18
/opt/airflow/dags/extract_data.py         930  0.00s             0           0  0.06s           2026-03-31T09:07:17
================================================================================
[2026-03-31T09:08:18.774+0000] {manager.py:878} INFO - 
================================================================================
DAG File Processing Stats

File Path                                 PID  Runtime      # DAGs    # Errors  Last Runtime    Last Run
--------------------------------------  -----  ---------  --------  ----------  --------------  -------------------
/opt/airflow/dags/e_commerce_dw_dag.py                           1           0  0.17s           2026-03-31T09:07:49
/opt/airflow/dags/example.py                                     1           0  0.13s           2026-03-31T09:07:49
/opt/airflow/dags/new_dags.py                                    1           0  0.13s           2026-03-31T09:07:52
/opt/airflow/dags/extract_data.py         956  0.00s             0           0  0.07s           2026-03-31T09:07:48
================================================================================
[2026-03-31T09:08:28.163+0000] {manager.py:737} INFO - Searching for files in /opt/airflow/dags
[2026-03-31T09:08:28.275+0000] {manager.py:740} INFO - There are 4 files in /opt/airflow/dags
[2026-03-31T09:08:49.652+0000] {manager.py:878} INFO - 
================================================================================
DAG File Processing Stats

File Path                                 PID  Runtime      # DAGs    # Errors  Last Runtime    Last Run
--------------------------------------  -----  ---------  --------  ----------  --------------  -------------------
/opt/airflow/dags/e_commerce_dw_dag.py                           1           0  0.22s           2026-03-31T09:08:20
/opt/airflow/dags/new_dags.py                                    1           0  0.16s           2026-03-31T09:08:23
/opt/airflow/dags/example.py                                     1           0  0.16s           2026-03-31T09:08:20
/opt/airflow/dags/extract_data.py         981  0.00s             0           0  0.10s           2026-03-31T09:08:18
================================================================================
[2026-03-31T09:09:20.367+0000] {manager.py:878} INFO - 
================================================================================
DAG File Processing Stats

File Path                                 PID  Runtime      # DAGs    # Errors  Last Runtime    Last Run
--------------------------------------  -----  ---------  --------  ----------  --------------  -------------------
/opt/airflow/dags/e_commerce_dw_dag.py                           1           0  0.21s           2026-03-31T09:08:50
/opt/airflow/dags/example.py                                     1           0  0.14s           2026-03-31T09:08:50
/opt/airflow/dags/new_dags.py                                    1           0  0.13s           2026-03-31T09:08:54
/opt/airflow/dags/extract_data.py        1007  0.00s             0           0  0.07s           2026-03-31T09:08:49
================================================================================
[2026-03-31T09:09:51.192+0000] {manager.py:878} INFO - 
================================================================================
DAG File Processing Stats

File Path                                 PID  Runtime      # DAGs    # Errors  Last Runtime    Last Run
--------------------------------------  -----  ---------  --------  ----------  --------------  -------------------
/opt/airflow/dags/e_commerce_dw_dag.py                           1           0  0.31s           2026-03-31T09:09:21
/opt/airflow/dags/example.py                                     1           0  0.24s           2026-03-31T09:09:21
/opt/airflow/dags/new_dags.py                                    1           0  0.13s           2026-03-31T09:09:24
/opt/airflow/dags/extract_data.py        1033  0.01s             0           0  0.08s           2026-03-31T09:09:20
================================================================================
[2026-03-31T09:10:21.937+0000] {manager.py:878} INFO - 
================================================================================
DAG File Processing Stats

File Path                                 PID  Runtime      # DAGs    # Errors  Last Runtime    Last Run
--------------------------------------  -----  ---------  --------  ----------  --------------  -------------------
/opt/airflow/dags/e_commerce_dw_dag.py                           1           0  0.19s           2026-03-31T09:09:52
/opt/airflow/dags/new_dags.py                                    1           0  0.15s           2026-03-31T09:09:55
/opt/airflow/dags/example.py                                     1           0  0.14s           2026-03-31T09:09:52
/opt/airflow/dags/extract_data.py        1059  0.00s             0           0  0.10s           2026-03-31T09:09:51
================================================================================
[2026-03-31T09:10:52.672+0000] {manager.py:878} INFO - 
================================================================================
DAG File Processing Stats

File Path                                 PID  Runtime      # DAGs    # Errors  Last Runtime    Last Run
--------------------------------------  -----  ---------  --------  ----------  --------------  -------------------
/opt/airflow/dags/e_commerce_dw_dag.py                           1           0  0.18s           2026-03-31T09:10:23
/opt/airflow/dags/example.py                                     1           0  0.14s           2026-03-31T09:10:23
/opt/airflow/dags/new_dags.py                                    1           0  0.13s           2026-03-31T09:10:26
/opt/airflow/dags/extract_data.py        1085  0.00s             0           0  0.09s           2026-03-31T09:10:22
================================================================================
[2026-03-31T09:11:23.375+0000] {manager.py:878} INFO - 
================================================================================
DAG File Processing Stats

File Path                                 PID  Runtime      # DAGs    # Errors  Last Runtime    Last Run
--------------------------------------  -----  ---------  --------  ----------  --------------  -------------------
/opt/airflow/dags/e_commerce_dw_dag.py                           1           0  0.20s           2026-03-31T09:10:53
/opt/airflow/dags/example.py                                     1           0  0.16s           2026-03-31T09:10:53
/opt/airflow/dags/new_dags.py                                    1           0  0.14s           2026-03-31T09:10:57
/opt/airflow/dags/extract_data.py        1111  0.00s             0           0  0.09s           2026-03-31T09:10:52
================================================================================
[2026-03-31T09:11:54.084+0000] {manager.py:878} INFO - 
================================================================================
DAG File Processing Stats

File Path                                 PID  Runtime      # DAGs    # Errors  Last Runtime    Last Run
--------------------------------------  -----  ---------  --------  ----------  --------------  -------------------
/opt/airflow/dags/e_commerce_dw_dag.py                           1           0  0.23s           2026-03-31T09:11:24
/opt/airflow/dags/example.py                                     1           0  0.15s           2026-03-31T09:11:24
/opt/airflow/dags/new_dags.py                                    1           0  0.13s           2026-03-31T09:11:27
/opt/airflow/dags/extract_data.py        1137  0.01s             0           0  0.06s           2026-03-31T09:11:23
================================================================================
[2026-03-31T09:12:24.784+0000] {manager.py:878} INFO - 
================================================================================
DAG File Processing Stats

File Path                                 PID  Runtime      # DAGs    # Errors  Last Runtime    Last Run
--------------------------------------  -----  ---------  --------  ----------  --------------  -------------------
/opt/airflow/dags/e_commerce_dw_dag.py                           1           0  0.21s           2026-03-31T09:11:55
/opt/airflow/dags/example.py                                     1           0  0.15s           2026-03-31T09:11:55
/opt/airflow/dags/new_dags.py                                    1           0  0.14s           2026-03-31T09:11:58
/opt/airflow/dags/extract_data.py        1163  0.01s             0           0  0.10s           2026-03-31T09:11:54
================================================================================
[2026-03-31T09:12:55.127+0000] {manager.py:878} INFO - 
================================================================================
DAG File Processing Stats

File Path                                 PID  Runtime      # DAGs    # Errors  Last Runtime    Last Run
--------------------------------------  -----  ---------  --------  ----------  --------------  -------------------
/opt/airflow/dags/new_dags.py                                    1           0  0.29s           2026-03-31T09:12:29
/opt/airflow/dags/e_commerce_dw_dag.py                           1           0  0.20s           2026-03-31T09:12:26
/opt/airflow/dags/example.py                                     1           0  0.15s           2026-03-31T09:12:26
/opt/airflow/dags/extract_data.py        1189  0.01s             0           0  0.08s           2026-03-31T09:12:24
================================================================================
[2026-03-31T09:13:25.795+0000] {manager.py:878} INFO - 
================================================================================
DAG File Processing Stats

File Path                                 PID  Runtime      # DAGs    # Errors  Last Runtime    Last Run
--------------------------------------  -----  ---------  --------  ----------  --------------  -------------------
/opt/airflow/dags/e_commerce_dw_dag.py                           1           0  0.21s           2026-03-31T09:12:56
/opt/airflow/dags/extract_data.py        1215  0.01s             0           0  0.18s           2026-03-31T09:12:55
/opt/airflow/dags/example.py                                     1           0  0.17s           2026-03-31T09:12:56
/opt/airflow/dags/new_dags.py                                    1           0  0.15s           2026-03-31T09:12:59
================================================================================
[2026-03-31T09:13:29.009+0000] {manager.py:737} INFO - Searching for files in /opt/airflow/dags
[2026-03-31T09:13:29.264+0000] {manager.py:740} INFO - There are 4 files in /opt/airflow/dags
[2026-03-31T09:13:56.703+0000] {manager.py:878} INFO - 
================================================================================
DAG File Processing Stats

File Path                                 PID  Runtime      # DAGs    # Errors  Last Runtime    Last Run
--------------------------------------  -----  ---------  --------  ----------  --------------  -------------------
/opt/airflow/dags/e_commerce_dw_dag.py                           1           0  0.20s           2026-03-31T09:13:27
/opt/airflow/dags/new_dags.py                                    1           0  0.15s           2026-03-31T09:13:30
/opt/airflow/dags/example.py                                     1           0  0.15s           2026-03-31T09:13:26
/opt/airflow/dags/extract_data.py        1242  0.01s             0           0  0.08s           2026-03-31T09:13:25
================================================================================
[2026-03-31T09:14:27.312+0000] {manager.py:878} INFO - 
================================================================================
DAG File Processing Stats

File Path                                 PID  Runtime      # DAGs    # Errors  Last Runtime    Last Run
--------------------------------------  -----  ---------  --------  ----------  --------------  -------------------
/opt/airflow/dags/e_commerce_dw_dag.py                           1           0  0.19s           2026-03-31T09:13:57
/opt/airflow/dags/example.py                                     1           0  0.14s           2026-03-31T09:13:57
/opt/airflow/dags/new_dags.py                                    1           0  0.13s           2026-03-31T09:14:01
/opt/airflow/dags/extract_data.py        1268  0.01s             0           0  0.09s           2026-03-31T09:13:56
================================================================================
[2026-03-31T09:14:57.971+0000] {manager.py:878} INFO - 
================================================================================
DAG File Processing Stats

File Path                                 PID  Runtime      # DAGs    # Errors  Last Runtime    Last Run
--------------------------------------  -----  ---------  --------  ----------  --------------  -------------------
/opt/airflow/dags/e_commerce_dw_dag.py                           1           0  0.19s           2026-03-31T09:14:28
/opt/airflow/dags/new_dags.py                                    1           0  0.16s           2026-03-31T09:14:31
/opt/airflow/dags/example.py                                     1           0  0.14s           2026-03-31T09:14:28
/opt/airflow/dags/extract_data.py        1294  0.00s             0           0  0.07s           2026-03-31T09:14:27
================================================================================
[2026-03-31T09:15:28.727+0000] {manager.py:878} INFO - 
================================================================================
DAG File Processing Stats

File Path                                 PID  Runtime      # DAGs    # Errors  Last Runtime    Last Run
--------------------------------------  -----  ---------  --------  ----------  --------------  -------------------
/opt/airflow/dags/e_commerce_dw_dag.py                           1           0  0.31s           2026-03-31T09:14:59
/opt/airflow/dags/example.py                                     1           0  0.22s           2026-03-31T09:14:59
/opt/airflow/dags/new_dags.py                                    1           0  0.13s           2026-03-31T09:15:02
/opt/airflow/dags/extract_data.py        1320  0.01s             0           0  0.08s           2026-03-31T09:14:58
================================================================================
[2026-03-31T09:15:59.456+0000] {manager.py:878} INFO - 
================================================================================
DAG File Processing Stats

File Path                                 PID  Runtime      # DAGs    # Errors  Last Runtime    Last Run
--------------------------------------  -----  ---------  --------  ----------  --------------  -------------------
/opt/airflow/dags/e_commerce_dw_dag.py                           1           0  0.28s           2026-03-31T09:15:30
/opt/airflow/dags/example.py                                     1           0  0.21s           2026-03-31T09:15:30
/opt/airflow/dags/new_dags.py                                    1           0  0.13s           2026-03-31T09:15:33
/opt/airflow/dags/extract_data.py        1346  0.00s             0           0  0.07s           2026-03-31T09:15:28
================================================================================
[2026-03-31T09:16:30.190+0000] {manager.py:878} INFO - 
================================================================================
DAG File Processing Stats

File Path                                 PID  Runtime      # DAGs    # Errors  Last Runtime    Last Run
--------------------------------------  -----  ---------  --------  ----------  --------------  -------------------
/opt/airflow/dags/e_commerce_dw_dag.py                           1           0  0.23s           2026-03-31T09:16:00
/opt/airflow/dags/example.py                                     1           0  0.18s           2026-03-31T09:16:00
/opt/airflow/dags/new_dags.py                                    1           0  0.16s           2026-03-31T09:16:03
/opt/airflow/dags/extract_data.py        1372  0.00s             0           0  0.09s           2026-03-31T09:15:59
================================================================================
[2026-03-31T09:17:00.850+0000] {manager.py:878} INFO - 
================================================================================
DAG File Processing Stats

File Path                                 PID  Runtime      # DAGs    # Errors  Last Runtime    Last Run
--------------------------------------  -----  ---------  --------  ----------  --------------  -------------------
/opt/airflow/dags/e_commerce_dw_dag.py                           1           0  0.24s           2026-03-31T09:16:31
/opt/airflow/dags/example.py                                     1           0  0.18s           2026-03-31T09:16:31
/opt/airflow/dags/new_dags.py                                    1           0  0.13s           2026-03-31T09:16:34
/opt/airflow/dags/extract_data.py        1398  0.01s             0           0  0.09s           2026-03-31T09:16:30
================================================================================
[2026-03-31T09:18:42.923+0000] {manager.py:470} INFO - Processing files using up to 2 processes at a time 
[2026-03-31T09:18:42.927+0000] {manager.py:471} INFO - Process each file at most once every 30 seconds
[2026-03-31T09:18:42.932+0000] {manager.py:472} INFO - Checking for new files in /opt/airflow/dags every 300 seconds
[2026-03-31T09:18:42.935+0000] {manager.py:737} INFO - Searching for files in /opt/airflow/dags
[2026-03-31T09:18:43.502+0000] {manager.py:740} INFO - There are 4 files in /opt/airflow/dags
[2026-03-31T09:18:44.027+0000] {manager.py:878} INFO - 
================================================================================
DAG File Processing Stats

File Path                                 PID  Runtime      # DAGs    # Errors  Last Runtime    Last Run
--------------------------------------  -----  ---------  --------  ----------  --------------  ----------
/opt/airflow/dags/example.py                                     0           0
/opt/airflow/dags/extract_data.py         196  0.18s             0           0
/opt/airflow/dags/e_commerce_dw_dag.py    193  0.31s             0           0
/opt/airflow/dags/new_dags.py                                    0           0
================================================================================
[2026-03-31T09:19:14.304+0000] {manager.py:878} INFO - 
================================================================================
DAG File Processing Stats

File Path                                 PID  Runtime      # DAGs    # Errors  Last Runtime    Last Run
--------------------------------------  -----  ---------  --------  ----------  --------------  -------------------
/opt/airflow/dags/e_commerce_dw_dag.py                           1           0  1.63s           2026-03-31T09:18:45
/opt/airflow/dags/example.py                                     1           0  1.07s           2026-03-31T09:18:45
/opt/airflow/dags/new_dags.py                                    1           0  0.46s           2026-03-31T09:18:45
/opt/airflow/dags/extract_data.py         219  0.01s             0           0  0.34s           2026-03-31T09:18:44
================================================================================
[2026-03-31T09:19:45.079+0000] {manager.py:878} INFO - 
================================================================================
DAG File Processing Stats

File Path                                 PID  Runtime      # DAGs    # Errors  Last Runtime    Last Run
--------------------------------------  -----  ---------  --------  ----------  --------------  -------------------
/opt/airflow/dags/e_commerce_dw_dag.py                           1           0  0.21s           2026-03-31T09:19:15
/opt/airflow/dags/new_dags.py                                    1           0  0.19s           2026-03-31T09:19:16
/opt/airflow/dags/example.py                                     1           0  0.17s           2026-03-31T09:19:15
/opt/airflow/dags/extract_data.py         245  0.00s             0           0  0.12s           2026-03-31T09:19:14
================================================================================
[2026-03-31T09:20:15.113+0000] {manager.py:878} INFO - 
================================================================================
DAG File Processing Stats

File Path                               PID    Runtime      # DAGs    # Errors  Last Runtime    Last Run
--------------------------------------  -----  ---------  --------  ----------  --------------  -------------------
/opt/airflow/dags/e_commerce_dw_dag.py                           1           0  0.44s           2026-03-31T09:19:46
/opt/airflow/dags/example.py                                     1           0  0.28s           2026-03-31T09:19:46
/opt/airflow/dags/new_dags.py                                    1           0  0.17s           2026-03-31T09:19:47
/opt/airflow/dags/extract_data.py                                0           0  0.11s           2026-03-31T09:19:45
================================================================================
[2026-03-31T09:20:45.666+0000] {manager.py:878} INFO - 
================================================================================
DAG File Processing Stats

File Path                               PID    Runtime      # DAGs    # Errors  Last Runtime    Last Run
--------------------------------------  -----  ---------  --------  ----------  --------------  -------------------
/opt/airflow/dags/e_commerce_dw_dag.py                           1           0  0.29s           2026-03-31T09:20:17
/opt/airflow/dags/new_dags.py                                    1           0  0.23s           2026-03-31T09:20:18
/opt/airflow/dags/example.py                                     1           0  0.21s           2026-03-31T09:20:17
/opt/airflow/dags/extract_data.py                                0           0  0.10s           2026-03-31T09:20:16
================================================================================
[2026-03-31T09:21:16.497+0000] {manager.py:878} INFO - 
================================================================================
DAG File Processing Stats

File Path                               PID    Runtime      # DAGs    # Errors  Last Runtime    Last Run
--------------------------------------  -----  ---------  --------  ----------  --------------  -------------------
/opt/airflow/dags/e_commerce_dw_dag.py                           1           0  0.33s           2026-03-31T09:20:48
/opt/airflow/dags/example.py                                     1           0  0.26s           2026-03-31T09:20:48
/opt/airflow/dags/new_dags.py                                    1           0  0.24s           2026-03-31T09:20:49
/opt/airflow/dags/extract_data.py                                0           0  0.13s           2026-03-31T09:20:46
================================================================================
[2026-03-31T09:21:47.155+0000] {manager.py:878} INFO - 
================================================================================
DAG File Processing Stats

File Path                               PID    Runtime      # DAGs    # Errors  Last Runtime    Last Run
--------------------------------------  -----  ---------  --------  ----------  --------------  -------------------
/opt/airflow/dags/e_commerce_dw_dag.py                           1           0  0.23s           2026-03-31T09:21:18
/opt/airflow/dags/example.py                                     1           0  0.17s           2026-03-31T09:21:18
/opt/airflow/dags/new_dags.py                                    1           0  0.14s           2026-03-31T09:21:19
/opt/airflow/dags/extract_data.py                                0           0  0.07s           2026-03-31T09:21:17
================================================================================
[2026-03-31T09:22:17.185+0000] {manager.py:878} INFO - 
================================================================================
DAG File Processing Stats

File Path                               PID    Runtime      # DAGs    # Errors  Last Runtime    Last Run
--------------------------------------  -----  ---------  --------  ----------  --------------  -------------------
/opt/airflow/dags/e_commerce_dw_dag.py                           1           0  0.33s           2026-03-31T09:21:49
/opt/airflow/dags/example.py                                     1           0  0.29s           2026-03-31T09:21:49
/opt/airflow/dags/new_dags.py                                    1           0  0.18s           2026-03-31T09:21:50
/opt/airflow/dags/extract_data.py                                0           0  0.12s           2026-03-31T09:21:48
================================================================================
[2026-03-31T09:22:47.980+0000] {manager.py:878} INFO - 
================================================================================
DAG File Processing Stats

File Path                               PID    Runtime      # DAGs    # Errors  Last Runtime    Last Run
--------------------------------------  -----  ---------  --------  ----------  --------------  -------------------
/opt/airflow/dags/e_commerce_dw_dag.py                           1           0  1.30s           2026-03-31T09:22:21
/opt/airflow/dags/example.py                                     1           0  0.87s           2026-03-31T09:22:21
/opt/airflow/dags/new_dags.py                                    1           0  0.25s           2026-03-31T09:22:21
/opt/airflow/dags/extract_data.py                                0           0  0.14s           2026-03-31T09:22:19
================================================================================
[2026-03-31T09:23:18.697+0000] {manager.py:878} INFO - 
================================================================================
DAG File Processing Stats

File Path                               PID    Runtime      # DAGs    # Errors  Last Runtime    Last Run
--------------------------------------  -----  ---------  --------  ----------  --------------  -------------------
/opt/airflow/dags/e_commerce_dw_dag.py                           1           0  0.18s           2026-03-31T09:22:52
/opt/airflow/dags/example.py                                     1           0  0.14s           2026-03-31T09:22:52
/opt/airflow/dags/new_dags.py                                    1           0  0.12s           2026-03-31T09:22:52
/opt/airflow/dags/extract_data.py                                0           0  0.08s           2026-03-31T09:22:50
================================================================================
[2026-03-31T09:23:43.292+0000] {manager.py:737} INFO - Searching for files in /opt/airflow/dags
[2026-03-31T09:23:43.482+0000] {manager.py:740} INFO - There are 4 files in /opt/airflow/dags
[2026-03-31T09:23:49.599+0000] {manager.py:878} INFO - 
================================================================================
DAG File Processing Stats

File Path                               PID    Runtime      # DAGs    # Errors  Last Runtime    Last Run
--------------------------------------  -----  ---------  --------  ----------  --------------  -------------------
/opt/airflow/dags/e_commerce_dw_dag.py                           1           0  0.24s           2026-03-31T09:23:23
/opt/airflow/dags/example.py                                     1           0  0.17s           2026-03-31T09:23:22
/opt/airflow/dags/new_dags.py                                    1           0  0.15s           2026-03-31T09:23:23
/opt/airflow/dags/extract_data.py                                0           0  0.06s           2026-03-31T09:23:20
================================================================================
[2026-03-31T09:24:20.264+0000] {manager.py:878} INFO - 
================================================================================
DAG File Processing Stats

File Path                               PID    Runtime      # DAGs    # Errors  Last Runtime    Last Run
--------------------------------------  -----  ---------  --------  ----------  --------------  -------------------
/opt/airflow/dags/e_commerce_dw_dag.py                           1           0  0.23s           2026-03-31T09:23:53
/opt/airflow/dags/example.py                                     1           0  0.17s           2026-03-31T09:23:53
/opt/airflow/dags/new_dags.py                                    1           0  0.13s           2026-03-31T09:23:54
/opt/airflow/dags/extract_data.py                                0           0  0.07s           2026-03-31T09:23:51
================================================================================
[2026-03-31T09:24:50.949+0000] {manager.py:878} INFO - 
================================================================================
DAG File Processing Stats

File Path                               PID    Runtime      # DAGs    # Errors  Last Runtime    Last Run
--------------------------------------  -----  ---------  --------  ----------  --------------  -------------------
/opt/airflow/dags/e_commerce_dw_dag.py                           1           0  0.21s           2026-03-31T09:24:24
/opt/airflow/dags/example.py                                     1           0  0.15s           2026-03-31T09:24:24
/opt/airflow/dags/new_dags.py                                    1           0  0.13s           2026-03-31T09:24:24
/opt/airflow/dags/extract_data.py                                0           0  0.08s           2026-03-31T09:24:22
================================================================================
[2026-03-31T09:25:21.730+0000] {manager.py:878} INFO - 
================================================================================
DAG File Processing Stats

File Path                               PID    Runtime      # DAGs    # Errors  Last Runtime    Last Run
--------------------------------------  -----  ---------  --------  ----------  --------------  -------------------
/opt/airflow/dags/e_commerce_dw_dag.py                           1           0  0.19s           2026-03-31T09:24:55
/opt/airflow/dags/example.py                                     1           0  0.15s           2026-03-31T09:24:55
/opt/airflow/dags/new_dags.py                                    1           0  0.15s           2026-03-31T09:24:55
/opt/airflow/dags/extract_data.py                                0           0  0.07s           2026-03-31T09:24:53
================================================================================
[2026-03-31T09:25:52.509+0000] {manager.py:878} INFO - 
================================================================================
DAG File Processing Stats

File Path                               PID    Runtime      # DAGs    # Errors  Last Runtime    Last Run
--------------------------------------  -----  ---------  --------  ----------  --------------  -------------------
/opt/airflow/dags/e_commerce_dw_dag.py                           1           0  0.19s           2026-03-31T09:25:26
/opt/airflow/dags/example.py                                     1           0  0.14s           2026-03-31T09:25:26
/opt/airflow/dags/new_dags.py                                    1           0  0.13s           2026-03-31T09:25:26
/opt/airflow/dags/extract_data.py                                0           0  0.07s           2026-03-31T09:25:23
================================================================================
[2026-03-31T09:28:08.783+0000] {manager.py:470} INFO - Processing files using up to 2 processes at a time 
[2026-03-31T09:28:08.785+0000] {manager.py:471} INFO - Process each file at most once every 30 seconds
[2026-03-31T09:28:08.787+0000] {manager.py:472} INFO - Checking for new files in /opt/airflow/dags every 300 seconds
[2026-03-31T09:28:08.790+0000] {manager.py:737} INFO - Searching for files in /opt/airflow/dags
[2026-03-31T09:28:09.135+0000] {manager.py:740} INFO - There are 4 files in /opt/airflow/dags
[2026-03-31T09:28:09.326+0000] {manager.py:878} INFO - 
================================================================================
DAG File Processing Stats

File Path                                 PID  Runtime      # DAGs    # Errors  Last Runtime    Last Run
--------------------------------------  -----  ---------  --------  ----------  --------------  ----------
/opt/airflow/dags/example.py                                     0           0
/opt/airflow/dags/extract_data.py         189  0.07s             0           0
/opt/airflow/dags/e_commerce_dw_dag.py    186  0.09s             0           0
/opt/airflow/dags/new_dags.py                                    0           0
================================================================================
[2026-03-31T09:28:39.859+0000] {manager.py:878} INFO - 
================================================================================
DAG File Processing Stats

File Path                                 PID  Runtime      # DAGs    # Errors  Last Runtime    Last Run
--------------------------------------  -----  ---------  --------  ----------  --------------  -------------------
/opt/airflow/dags/e_commerce_dw_dag.py                           1           0  0.96s           2026-03-31T09:28:10
/opt/airflow/dags/example.py                                     1           0  0.77s           2026-03-31T09:28:10
/opt/airflow/dags/new_dags.py                                    1           0  0.31s           2026-03-31T09:28:10
/opt/airflow/dags/extract_data.py         214  0.01s             0           0  0.12s           2026-03-31T09:28:09
================================================================================
[2026-03-31T09:29:10.720+0000] {manager.py:878} INFO - 
================================================================================
DAG File Processing Stats

File Path                                 PID  Runtime      # DAGs    # Errors  Last Runtime    Last Run
--------------------------------------  -----  ---------  --------  ----------  --------------  -------------------
/opt/airflow/dags/e_commerce_dw_dag.py                           1           0  0.27s           2026-03-31T09:28:41
/opt/airflow/dags/example.py                                     1           0  0.21s           2026-03-31T09:28:41
/opt/airflow/dags/new_dags.py                                    1           0  0.17s           2026-03-31T09:28:41
/opt/airflow/dags/extract_data.py         254  0.00s             0           0  0.13s           2026-03-31T09:28:39
================================================================================
[2026-03-31T09:29:41.504+0000] {manager.py:878} INFO - 
================================================================================
DAG File Processing Stats

File Path                                 PID  Runtime      # DAGs    # Errors  Last Runtime    Last Run
--------------------------------------  -----  ---------  --------  ----------  --------------  -------------------
/opt/airflow/dags/e_commerce_dw_dag.py                           1           0  0.22s           2026-03-31T09:29:11
/opt/airflow/dags/new_dags.py                                    1           0  0.16s           2026-03-31T09:29:12
/opt/airflow/dags/example.py                                     1           0  0.16s           2026-03-31T09:29:11
/opt/airflow/dags/extract_data.py         281  0.01s             0           0  0.09s           2026-03-31T09:29:10
================================================================================
[2026-03-31T09:30:12.418+0000] {manager.py:878} INFO - 
================================================================================
DAG File Processing Stats

File Path                                 PID  Runtime      # DAGs    # Errors  Last Runtime    Last Run
--------------------------------------  -----  ---------  --------  ----------  --------------  -------------------
/opt/airflow/dags/e_commerce_dw_dag.py                           1           0  0.27s           2026-03-31T09:29:42
/opt/airflow/dags/example.py                                     1           0  0.21s           2026-03-31T09:29:42
/opt/airflow/dags/new_dags.py                                    1           0  0.13s           2026-03-31T09:29:42
/opt/airflow/dags/extract_data.py         308  0.01s             0           0  0.12s           2026-03-31T09:29:41
================================================================================
[2026-03-31T09:30:43.107+0000] {manager.py:878} INFO - 
================================================================================
DAG File Processing Stats

File Path                                 PID  Runtime      # DAGs    # Errors  Last Runtime    Last Run
--------------------------------------  -----  ---------  --------  ----------  --------------  -------------------
/opt/airflow/dags/e_commerce_dw_dag.py                           1           0  0.23s           2026-03-31T09:30:13
/opt/airflow/dags/new_dags.py                                    1           0  0.22s           2026-03-31T09:30:13
/opt/airflow/dags/example.py                                     1           0  0.16s           2026-03-31T09:30:13
/opt/airflow/dags/extract_data.py         334  0.00s             0           0  0.08s           2026-03-31T09:30:12
================================================================================
[2026-03-31T09:31:13.896+0000] {manager.py:878} INFO - 
================================================================================
DAG File Processing Stats

File Path                                 PID  Runtime      # DAGs    # Errors  Last Runtime    Last Run
--------------------------------------  -----  ---------  --------  ----------  --------------  -------------------
/opt/airflow/dags/e_commerce_dw_dag.py                           1           0  0.20s           2026-03-31T09:30:44
/opt/airflow/dags/example.py                                     1           0  0.15s           2026-03-31T09:30:44
/opt/airflow/dags/new_dags.py                                    1           0  0.13s           2026-03-31T09:30:44
/opt/airflow/dags/extract_data.py         361  0.01s             0           0  0.07s           2026-03-31T09:30:43
================================================================================
[2026-03-31T09:31:44.620+0000] {manager.py:878} INFO - 
================================================================================
DAG File Processing Stats

File Path                                 PID  Runtime      # DAGs    # Errors  Last Runtime    Last Run
--------------------------------------  -----  ---------  --------  ----------  --------------  -------------------
/opt/airflow/dags/e_commerce_dw_dag.py                           1           0  0.24s           2026-03-31T09:31:15
/opt/airflow/dags/example.py                                     1           0  0.18s           2026-03-31T09:31:15
/opt/airflow/dags/new_dags.py                                    1           0  0.15s           2026-03-31T09:31:15
/opt/airflow/dags/extract_data.py         388  0.01s             0           0  0.10s           2026-03-31T09:31:13
================================================================================
[2026-03-31T09:32:15.336+0000] {manager.py:878} INFO - 
================================================================================
DAG File Processing Stats

File Path                                 PID  Runtime      # DAGs    # Errors  Last Runtime    Last Run
--------------------------------------  -----  ---------  --------  ----------  --------------  -------------------
/opt/airflow/dags/e_commerce_dw_dag.py                           1           0  0.22s           2026-03-31T09:31:45
/opt/airflow/dags/example.py                                     1           0  0.18s           2026-03-31T09:31:45
/opt/airflow/dags/new_dags.py                                    1           0  0.15s           2026-03-31T09:31:46
/opt/airflow/dags/extract_data.py         414  0.01s             0           0  0.09s           2026-03-31T09:31:44
================================================================================
[2026-03-31T09:32:45.366+0000] {manager.py:878} INFO - 
================================================================================
DAG File Processing Stats

File Path                               PID    Runtime      # DAGs    # Errors  Last Runtime    Last Run
--------------------------------------  -----  ---------  --------  ----------  --------------  -------------------
/opt/airflow/dags/e_commerce_dw_dag.py                           1           0  0.21s           2026-03-31T09:32:16
/opt/airflow/dags/new_dags.py                                    1           0  0.16s           2026-03-31T09:32:16
/opt/airflow/dags/example.py                                     1           0  0.16s           2026-03-31T09:32:16
/opt/airflow/dags/extract_data.py                                0           0  0.09s           2026-03-31T09:32:15
================================================================================
[2026-03-31T09:33:09.609+0000] {manager.py:737} INFO - Searching for files in /opt/airflow/dags
[2026-03-31T09:33:09.802+0000] {manager.py:740} INFO - There are 4 files in /opt/airflow/dags
[2026-03-31T09:33:15.986+0000] {manager.py:878} INFO - 
================================================================================
DAG File Processing Stats

File Path                               PID    Runtime      # DAGs    # Errors  Last Runtime    Last Run
--------------------------------------  -----  ---------  --------  ----------  --------------  -------------------
/opt/airflow/dags/e_commerce_dw_dag.py                           1           0  0.21s           2026-03-31T09:32:47
/opt/airflow/dags/example.py                                     1           0  0.17s           2026-03-31T09:32:47
/opt/airflow/dags/new_dags.py                                    1           0  0.14s           2026-03-31T09:32:47
/opt/airflow/dags/extract_data.py                                0           0  0.06s           2026-03-31T09:32:46
================================================================================
[2026-03-31T09:33:46.657+0000] {manager.py:878} INFO - 
================================================================================
DAG File Processing Stats

File Path                               PID    Runtime      # DAGs    # Errors  Last Runtime    Last Run
--------------------------------------  -----  ---------  --------  ----------  --------------  -------------------
/opt/airflow/dags/e_commerce_dw_dag.py                           1           0  0.20s           2026-03-31T09:33:18
/opt/airflow/dags/new_dags.py                                    1           0  0.15s           2026-03-31T09:33:18
/opt/airflow/dags/example.py                                     1           0  0.14s           2026-03-31T09:33:18
/opt/airflow/dags/extract_data.py                                0           0  0.10s           2026-03-31T09:33:17
================================================================================
[2026-03-31T09:34:17.533+0000] {manager.py:878} INFO - 
================================================================================
DAG File Processing Stats

File Path                               PID    Runtime      # DAGs    # Errors  Last Runtime    Last Run
--------------------------------------  -----  ---------  --------  ----------  --------------  -------------------
/opt/airflow/dags/e_commerce_dw_dag.py                           1           0  0.31s           2026-03-31T09:33:49
/opt/airflow/dags/example.py                                     1           0  0.26s           2026-03-31T09:33:48
/opt/airflow/dags/new_dags.py                                    1           0  0.14s           2026-03-31T09:33:49
/opt/airflow/dags/extract_data.py                                0           0  0.07s           2026-03-31T09:33:47
================================================================================
[2026-03-31T09:34:48.251+0000] {manager.py:878} INFO - 
================================================================================
DAG File Processing Stats

File Path                               PID    Runtime      # DAGs    # Errors  Last Runtime    Last Run
--------------------------------------  -----  ---------  --------  ----------  --------------  -------------------
/opt/airflow/dags/e_commerce_dw_dag.py                           1           0  0.22s           2026-03-31T09:34:19
/opt/airflow/dags/new_dags.py                                    1           0  0.16s           2026-03-31T09:34:19
/opt/airflow/dags/example.py                                     1           0  0.13s           2026-03-31T09:34:19
/opt/airflow/dags/extract_data.py                                0           0  0.06s           2026-03-31T09:34:18
================================================================================
[2026-03-31T09:35:18.967+0000] {manager.py:878} INFO - 
================================================================================
DAG File Processing Stats

File Path                               PID    Runtime      # DAGs    # Errors  Last Runtime    Last Run
--------------------------------------  -----  ---------  --------  ----------  --------------  -------------------
/opt/airflow/dags/e_commerce_dw_dag.py                           1           0  0.21s           2026-03-31T09:34:50
/opt/airflow/dags/example.py                                     1           0  0.16s           2026-03-31T09:34:50
/opt/airflow/dags/new_dags.py                                    1           0  0.15s           2026-03-31T09:34:50
/opt/airflow/dags/extract_data.py                                0           0  0.08s           2026-03-31T09:34:49
================================================================================
[2026-03-31T09:35:49.709+0000] {manager.py:878} INFO - 
================================================================================
DAG File Processing Stats

File Path                               PID    Runtime      # DAGs    # Errors  Last Runtime    Last Run
--------------------------------------  -----  ---------  --------  ----------  --------------  -------------------
/opt/airflow/dags/e_commerce_dw_dag.py                           1           0  0.21s           2026-03-31T09:35:21
/opt/airflow/dags/new_dags.py                                    1           0  0.18s           2026-03-31T09:35:21
/opt/airflow/dags/example.py                                     1           0  0.15s           2026-03-31T09:35:21
/opt/airflow/dags/extract_data.py                                0           0  0.08s           2026-03-31T09:35:20
================================================================================
[2026-03-31T09:36:20.418+0000] {manager.py:878} INFO - 
================================================================================
DAG File Processing Stats

File Path                               PID    Runtime      # DAGs    # Errors  Last Runtime    Last Run
--------------------------------------  -----  ---------  --------  ----------  --------------  -------------------
/opt/airflow/dags/e_commerce_dw_dag.py                           1           0  0.23s           2026-03-31T09:35:51
/opt/airflow/dags/example.py                                     1           0  0.17s           2026-03-31T09:35:51
/opt/airflow/dags/new_dags.py                                    1           0  0.13s           2026-03-31T09:35:52
/opt/airflow/dags/extract_data.py                                0           0  0.10s           2026-03-31T09:35:50
================================================================================
[2026-03-31T09:36:51.281+0000] {manager.py:878} INFO - 
================================================================================
DAG File Processing Stats

File Path                               PID    Runtime      # DAGs    # Errors  Last Runtime    Last Run
--------------------------------------  -----  ---------  --------  ----------  --------------  -------------------
/opt/airflow/dags/e_commerce_dw_dag.py                           1           0  0.28s           2026-03-31T09:36:22
/opt/airflow/dags/new_dags.py                                    1           0  0.15s           2026-03-31T09:36:22
/opt/airflow/dags/example.py                                     1           0  0.15s           2026-03-31T09:36:22
/opt/airflow/dags/extract_data.py                                0           0  0.09s           2026-03-31T09:36:21
================================================================================
[2026-03-31T09:37:22.122+0000] {manager.py:878} INFO - 
================================================================================
DAG File Processing Stats

File Path                               PID    Runtime      # DAGs    # Errors  Last Runtime    Last Run
--------------------------------------  -----  ---------  --------  ----------  --------------  -------------------
/opt/airflow/dags/e_commerce_dw_dag.py                           1           0  0.31s           2026-03-31T09:36:53
/opt/airflow/dags/example.py                                     1           0  0.27s           2026-03-31T09:36:53
/opt/airflow/dags/extract_data.py                                0           0  0.17s           2026-03-31T09:36:52
/opt/airflow/dags/new_dags.py                                    1           0  0.14s           2026-03-31T09:36:53
================================================================================
[2026-03-31T09:37:52.934+0000] {manager.py:878} INFO - 
================================================================================
DAG File Processing Stats

File Path                               PID    Runtime      # DAGs    # Errors  Last Runtime    Last Run
--------------------------------------  -----  ---------  --------  ----------  --------------  -------------------
/opt/airflow/dags/e_commerce_dw_dag.py                           1           0  0.25s           2026-03-31T09:37:24
/opt/airflow/dags/example.py                                     1           0  0.18s           2026-03-31T09:37:24
/opt/airflow/dags/new_dags.py                                    1           0  0.14s           2026-03-31T09:37:24
/opt/airflow/dags/extract_data.py                                0           0  0.10s           2026-03-31T09:37:23
================================================================================
[2026-03-31T09:38:10.516+0000] {manager.py:737} INFO - Searching for files in /opt/airflow/dags
[2026-03-31T09:38:10.787+0000] {manager.py:740} INFO - There are 4 files in /opt/airflow/dags
[2026-03-31T09:38:22.985+0000] {manager.py:878} INFO - 
================================================================================
DAG File Processing Stats

File Path                               PID    Runtime      # DAGs    # Errors  Last Runtime    Last Run
--------------------------------------  -----  ---------  --------  ----------  --------------  -------------------
/opt/airflow/dags/e_commerce_dw_dag.py                           1           0  0.23s           2026-03-31T09:37:55
/opt/airflow/dags/example.py                                     1           0  0.16s           2026-03-31T09:37:55
/opt/airflow/dags/new_dags.py                                    1           0  0.14s           2026-03-31T09:37:55
/opt/airflow/dags/extract_data.py                                0           0  0.08s           2026-03-31T09:37:54
================================================================================
[2026-03-31T09:38:53.737+0000] {manager.py:878} INFO - 
================================================================================
DAG File Processing Stats

File Path                               PID    Runtime      # DAGs    # Errors  Last Runtime    Last Run
--------------------------------------  -----  ---------  --------  ----------  --------------  -------------------
/opt/airflow/dags/e_commerce_dw_dag.py                           1           0  0.21s           2026-03-31T09:38:26
/opt/airflow/dags/example.py                                     1           0  0.15s           2026-03-31T09:38:26
/opt/airflow/dags/new_dags.py                                    1           0  0.14s           2026-03-31T09:38:26
/opt/airflow/dags/extract_data.py                                0           0  0.08s           2026-03-31T09:38:25
================================================================================
[2026-03-31T09:39:24.483+0000] {manager.py:878} INFO - 
================================================================================
DAG File Processing Stats

File Path                               PID    Runtime      # DAGs    # Errors  Last Runtime    Last Run
--------------------------------------  -----  ---------  --------  ----------  --------------  -------------------
/opt/airflow/dags/e_commerce_dw_dag.py                           1           0  0.22s           2026-03-31T09:38:57
/opt/airflow/dags/example.py                                     1           0  0.17s           2026-03-31T09:38:57
/opt/airflow/dags/new_dags.py                                    1           0  0.13s           2026-03-31T09:38:57
/opt/airflow/dags/extract_data.py                                0           0  0.09s           2026-03-31T09:38:55
================================================================================
[2026-03-31T09:39:55.228+0000] {manager.py:878} INFO - 
================================================================================
DAG File Processing Stats

File Path                               PID    Runtime      # DAGs    # Errors  Last Runtime    Last Run
--------------------------------------  -----  ---------  --------  ----------  --------------  -------------------
/opt/airflow/dags/e_commerce_dw_dag.py                           1           0  0.17s           2026-03-31T09:39:27
/opt/airflow/dags/example.py                                     1           0  0.13s           2026-03-31T09:39:27
/opt/airflow/dags/new_dags.py                                    1           0  0.13s           2026-03-31T09:39:27
/opt/airflow/dags/extract_data.py                                0           0  0.07s           2026-03-31T09:39:26
================================================================================
[2026-03-31T09:40:25.827+0000] {manager.py:878} INFO - 
================================================================================
DAG File Processing Stats

File Path                               PID    Runtime      # DAGs    # Errors  Last Runtime    Last Run
--------------------------------------  -----  ---------  --------  ----------  --------------  -------------------
/opt/airflow/dags/e_commerce_dw_dag.py                           1           0  0.19s           2026-03-31T09:39:58
/opt/airflow/dags/new_dags.py                                    1           0  0.14s           2026-03-31T09:39:58
/opt/airflow/dags/example.py                                     1           0  0.14s           2026-03-31T09:39:58
/opt/airflow/dags/extract_data.py                                0           0  0.07s           2026-03-31T09:39:57
================================================================================
[2026-03-31T09:40:56.499+0000] {manager.py:878} INFO - 
================================================================================
DAG File Processing Stats

File Path                               PID    Runtime      # DAGs    # Errors  Last Runtime    Last Run
--------------------------------------  -----  ---------  --------  ----------  --------------  -------------------
/opt/airflow/dags/e_commerce_dw_dag.py                           1           0  0.20s           2026-03-31T09:40:29
/opt/airflow/dags/example.py                                     1           0  0.15s           2026-03-31T09:40:29
/opt/airflow/dags/new_dags.py                                    1           0  0.14s           2026-03-31T09:40:29
/opt/airflow/dags/extract_data.py                                0           0  0.08s           2026-03-31T09:40:27
================================================================================
[2026-03-31T09:41:27.237+0000] {manager.py:878} INFO - 
================================================================================
DAG File Processing Stats

File Path                               PID    Runtime      # DAGs    # Errors  Last Runtime    Last Run
--------------------------------------  -----  ---------  --------  ----------  --------------  -------------------
/opt/airflow/dags/e_commerce_dw_dag.py                           1           0  0.20s           2026-03-31T09:40:59
/opt/airflow/dags/new_dags.py                                    1           0  0.14s           2026-03-31T09:40:59
/opt/airflow/dags/example.py                                     1           0  0.14s           2026-03-31T09:40:59
/opt/airflow/dags/extract_data.py                                0           0  0.06s           2026-03-31T09:40:58
================================================================================
[2026-03-31T09:41:57.989+0000] {manager.py:878} INFO - 
================================================================================
DAG File Processing Stats

File Path                               PID    Runtime      # DAGs    # Errors  Last Runtime    Last Run
--------------------------------------  -----  ---------  --------  ----------  --------------  -------------------
/opt/airflow/dags/e_commerce_dw_dag.py                           1           0  0.19s           2026-03-31T09:41:30
/opt/airflow/dags/new_dags.py                                    1           0  0.15s           2026-03-31T09:41:30
/opt/airflow/dags/example.py                                     1           0  0.13s           2026-03-31T09:41:30
/opt/airflow/dags/extract_data.py                                0           0  0.07s           2026-03-31T09:41:29
================================================================================
[2026-03-31T09:42:28.770+0000] {manager.py:878} INFO - 
================================================================================
DAG File Processing Stats

File Path                               PID    Runtime      # DAGs    # Errors  Last Runtime    Last Run
--------------------------------------  -----  ---------  --------  ----------  --------------  -------------------
/opt/airflow/dags/e_commerce_dw_dag.py                           1           0  0.19s           2026-03-31T09:42:01
/opt/airflow/dags/new_dags.py                                    1           0  0.15s           2026-03-31T09:42:01
/opt/airflow/dags/example.py                                     1           0  0.14s           2026-03-31T09:42:01
/opt/airflow/dags/extract_data.py                                0           0  0.08s           2026-03-31T09:42:00
================================================================================
[2026-03-31T09:42:59.581+0000] {manager.py:878} INFO - 
================================================================================
DAG File Processing Stats

File Path                               PID    Runtime      # DAGs    # Errors  Last Runtime    Last Run
--------------------------------------  -----  ---------  --------  ----------  --------------  -------------------
/opt/airflow/dags/e_commerce_dw_dag.py                           1           0  0.19s           2026-03-31T09:42:32
/opt/airflow/dags/example.py                                     1           0  0.14s           2026-03-31T09:42:32
/opt/airflow/dags/new_dags.py                                    1           0  0.13s           2026-03-31T09:42:32
/opt/airflow/dags/extract_data.py                                0           0  0.07s           2026-03-31T09:42:30
================================================================================
[2026-03-31T09:43:10.990+0000] {manager.py:737} INFO - Searching for files in /opt/airflow/dags
[2026-03-31T09:43:11.257+0000] {manager.py:740} INFO - There are 4 files in /opt/airflow/dags
[2026-03-31T09:43:29.603+0000] {manager.py:878} INFO - 
================================================================================
DAG File Processing Stats

File Path                               PID    Runtime      # DAGs    # Errors  Last Runtime    Last Run
--------------------------------------  -----  ---------  --------  ----------  --------------  -------------------
/opt/airflow/dags/e_commerce_dw_dag.py                           1           0  0.17s           2026-03-31T09:43:02
/opt/airflow/dags/new_dags.py                                    1           0  0.14s           2026-03-31T09:43:02
/opt/airflow/dags/example.py                                     1           0  0.12s           2026-03-31T09:43:02
/opt/airflow/dags/extract_data.py                                0           0  0.07s           2026-03-31T09:43:01
================================================================================
[2026-03-31T09:44:00.348+0000] {manager.py:878} INFO - 
================================================================================
DAG File Processing Stats

File Path                               PID    Runtime      # DAGs    # Errors  Last Runtime    Last Run
--------------------------------------  -----  ---------  --------  ----------  --------------  -------------------
/opt/airflow/dags/e_commerce_dw_dag.py                           1           0  0.17s           2026-03-31T09:43:33
/opt/airflow/dags/example.py                                     1           0  0.13s           2026-03-31T09:43:33
/opt/airflow/dags/new_dags.py                                    1           0  0.13s           2026-03-31T09:43:34
/opt/airflow/dags/extract_data.py                                0           0  0.08s           2026-03-31T09:43:32
================================================================================
[2026-03-31T09:44:31.074+0000] {manager.py:878} INFO - 
================================================================================
DAG File Processing Stats

File Path                               PID    Runtime      # DAGs    # Errors  Last Runtime    Last Run
--------------------------------------  -----  ---------  --------  ----------  --------------  -------------------
/opt/airflow/dags/e_commerce_dw_dag.py                           1           0  0.17s           2026-03-31T09:44:04
/opt/airflow/dags/new_dags.py                                    1           0  0.13s           2026-03-31T09:44:04
/opt/airflow/dags/example.py                                     1           0  0.13s           2026-03-31T09:44:04
/opt/airflow/dags/extract_data.py                                0           0  0.06s           2026-03-31T09:44:03
================================================================================
[2026-03-31T09:45:01.747+0000] {manager.py:878} INFO - 
================================================================================
DAG File Processing Stats

File Path                               PID    Runtime      # DAGs    # Errors  Last Runtime    Last Run
--------------------------------------  -----  ---------  --------  ----------  --------------  -------------------
/opt/airflow/dags/e_commerce_dw_dag.py                           1           0  0.20s           2026-03-31T09:44:35
/opt/airflow/dags/example.py                                     1           0  0.15s           2026-03-31T09:44:35
/opt/airflow/dags/new_dags.py                                    1           0  0.14s           2026-03-31T09:44:35
/opt/airflow/dags/extract_data.py                                0           0  0.07s           2026-03-31T09:44:34
================================================================================
[2026-03-31T09:45:32.506+0000] {manager.py:878} INFO - 
================================================================================
DAG File Processing Stats

File Path                               PID    Runtime      # DAGs    # Errors  Last Runtime    Last Run
--------------------------------------  -----  ---------  --------  ----------  --------------  -------------------
/opt/airflow/dags/e_commerce_dw_dag.py                           1           0  0.21s           2026-03-31T09:45:06
/opt/airflow/dags/example.py                                     1           0  0.15s           2026-03-31T09:45:06
/opt/airflow/dags/new_dags.py                                    1           0  0.14s           2026-03-31T09:45:06
/opt/airflow/dags/extract_data.py                                0           0  0.08s           2026-03-31T09:45:04
================================================================================
[2026-03-31T09:46:03.223+0000] {manager.py:878} INFO - 
================================================================================
DAG File Processing Stats

File Path                               PID    Runtime      # DAGs    # Errors  Last Runtime    Last Run
--------------------------------------  -----  ---------  --------  ----------  --------------  -------------------
/opt/airflow/dags/e_commerce_dw_dag.py                           1           0  0.17s           2026-03-31T09:45:36
/opt/airflow/dags/new_dags.py                                    1           0  0.13s           2026-03-31T09:45:36
/opt/airflow/dags/example.py                                     1           0  0.13s           2026-03-31T09:45:36
/opt/airflow/dags/extract_data.py                                0           0  0.07s           2026-03-31T09:45:35
================================================================================
[2026-03-31T09:46:34.127+0000] {manager.py:878} INFO - 
================================================================================
DAG File Processing Stats

File Path                               PID    Runtime      # DAGs    # Errors  Last Runtime    Last Run
--------------------------------------  -----  ---------  --------  ----------  --------------  -------------------
/opt/airflow/dags/e_commerce_dw_dag.py                           1           0  0.22s           2026-03-31T09:46:07
/opt/airflow/dags/new_dags.py                                    1           0  0.16s           2026-03-31T09:46:07
/opt/airflow/dags/example.py                                     1           0  0.14s           2026-03-31T09:46:07
/opt/airflow/dags/extract_data.py                                0           0  0.07s           2026-03-31T09:46:06
================================================================================
[2026-03-31T09:47:04.977+0000] {manager.py:878} INFO - 
================================================================================
DAG File Processing Stats

File Path                               PID    Runtime      # DAGs    # Errors  Last Runtime    Last Run
--------------------------------------  -----  ---------  --------  ----------  --------------  -------------------
/opt/airflow/dags/e_commerce_dw_dag.py                           1           0  0.18s           2026-03-31T09:46:38
/opt/airflow/dags/new_dags.py                                    1           0  0.14s           2026-03-31T09:46:38
/opt/airflow/dags/example.py                                     1           0  0.13s           2026-03-31T09:46:38
/opt/airflow/dags/extract_data.py                                0           0  0.09s           2026-03-31T09:46:37
================================================================================
[2026-03-31T09:47:35.827+0000] {manager.py:878} INFO - 
================================================================================
DAG File Processing Stats

File Path                               PID    Runtime      # DAGs    # Errors  Last Runtime    Last Run
--------------------------------------  -----  ---------  --------  ----------  --------------  -------------------
/opt/airflow/dags/e_commerce_dw_dag.py                           1           0  0.17s           2026-03-31T09:47:09
/opt/airflow/dags/new_dags.py                                    1           0  0.13s           2026-03-31T09:47:09
/opt/airflow/dags/example.py                                     1           0  0.13s           2026-03-31T09:47:09
/opt/airflow/dags/extract_data.py                                0           0  0.06s           2026-03-31T09:47:08
================================================================================
[2026-03-31T09:48:06.673+0000] {manager.py:878} INFO - 
================================================================================
DAG File Processing Stats

File Path                               PID    Runtime      # DAGs    # Errors  Last Runtime    Last Run
--------------------------------------  -----  ---------  --------  ----------  --------------  -------------------
/opt/airflow/dags/e_commerce_dw_dag.py                           1           0  0.17s           2026-03-31T09:47:40
/opt/airflow/dags/example.py                                     1           0  0.13s           2026-03-31T09:47:40
/opt/airflow/dags/new_dags.py                                    1           0  0.12s           2026-03-31T09:47:40
/opt/airflow/dags/extract_data.py                                0           0  0.08s           2026-03-31T09:47:38
================================================================================
[2026-03-31T09:48:10.999+0000] {manager.py:737} INFO - Searching for files in /opt/airflow/dags
[2026-03-31T09:48:11.174+0000] {manager.py:740} INFO - There are 4 files in /opt/airflow/dags
[2026-03-31T09:48:36.702+0000] {manager.py:878} INFO - 
================================================================================
DAG File Processing Stats

File Path                               PID    Runtime      # DAGs    # Errors  Last Runtime    Last Run
--------------------------------------  -----  ---------  --------  ----------  --------------  -------------------
/opt/airflow/dags/new_dags.py                                    1           0  0.24s           2026-03-31T09:48:11
/opt/airflow/dags/e_commerce_dw_dag.py                           1           0  0.21s           2026-03-31T09:48:10
/opt/airflow/dags/example.py                                     1           0  0.14s           2026-03-31T09:48:10
/opt/airflow/dags/extract_data.py                                0           0  0.09s           2026-03-31T09:48:09
================================================================================
[2026-03-31T09:49:07.269+0000] {manager.py:878} INFO - 
================================================================================
DAG File Processing Stats

File Path                               PID    Runtime      # DAGs    # Errors  Last Runtime    Last Run
--------------------------------------  -----  ---------  --------  ----------  --------------  -------------------
/opt/airflow/dags/e_commerce_dw_dag.py                           1           0  0.24s           2026-03-31T09:48:41
/opt/airflow/dags/example.py                                     1           0  0.16s           2026-03-31T09:48:41
/opt/airflow/dags/new_dags.py                                    1           0  0.15s           2026-03-31T09:48:41
/opt/airflow/dags/extract_data.py                                0           0  0.07s           2026-03-31T09:48:40
================================================================================
[2026-03-31T09:49:38.112+0000] {manager.py:878} INFO - 
================================================================================
DAG File Processing Stats

File Path                               PID    Runtime      # DAGs    # Errors  Last Runtime    Last Run
--------------------------------------  -----  ---------  --------  ----------  --------------  -------------------
/opt/airflow/dags/e_commerce_dw_dag.py                           1           0  0.18s           2026-03-31T09:49:12
/opt/airflow/dags/example.py                                     1           0  0.13s           2026-03-31T09:49:12
/opt/airflow/dags/new_dags.py                                    1           0  0.13s           2026-03-31T09:49:12
/opt/airflow/dags/extract_data.py                                0           0  0.06s           2026-03-31T09:49:11
================================================================================
[2026-03-31T09:50:08.971+0000] {manager.py:878} INFO - 
================================================================================
DAG File Processing Stats

File Path                               PID    Runtime      # DAGs    # Errors  Last Runtime    Last Run
--------------------------------------  -----  ---------  --------  ----------  --------------  -------------------
/opt/airflow/dags/e_commerce_dw_dag.py                           1           0  0.17s           2026-03-31T09:49:43
/opt/airflow/dags/new_dags.py                                    1           0  0.13s           2026-03-31T09:49:43
/opt/airflow/dags/example.py                                     1           0  0.12s           2026-03-31T09:49:43
/opt/airflow/dags/extract_data.py                                0           0  0.08s           2026-03-31T09:49:42
================================================================================
[2026-03-31T09:50:39.821+0000] {manager.py:878} INFO - 
================================================================================
DAG File Processing Stats

File Path                               PID    Runtime      # DAGs    # Errors  Last Runtime    Last Run
--------------------------------------  -----  ---------  --------  ----------  --------------  -------------------
/opt/airflow/dags/e_commerce_dw_dag.py                           1           0  0.21s           2026-03-31T09:50:14
/opt/airflow/dags/example.py                                     1           0  0.14s           2026-03-31T09:50:14
/opt/airflow/dags/new_dags.py                                    1           0  0.13s           2026-03-31T09:50:14
/opt/airflow/dags/extract_data.py                                0           0  0.08s           2026-03-31T09:50:13
================================================================================
[2026-03-31T09:51:10.616+0000] {manager.py:878} INFO - 
================================================================================
DAG File Processing Stats

File Path                               PID    Runtime      # DAGs    # Errors  Last Runtime    Last Run
--------------------------------------  -----  ---------  --------  ----------  --------------  -------------------
/opt/airflow/dags/e_commerce_dw_dag.py                           1           0  0.17s           2026-03-31T09:50:45
/opt/airflow/dags/new_dags.py                                    1           0  0.13s           2026-03-31T09:50:45
/opt/airflow/dags/example.py                                     1           0  0.13s           2026-03-31T09:50:45
/opt/airflow/dags/extract_data.py                                0           0  0.06s           2026-03-31T09:50:43
================================================================================
[2026-03-31T09:51:41.508+0000] {manager.py:878} INFO - 
================================================================================
DAG File Processing Stats

File Path                               PID    Runtime      # DAGs    # Errors  Last Runtime    Last Run
--------------------------------------  -----  ---------  --------  ----------  --------------  -------------------
/opt/airflow/dags/e_commerce_dw_dag.py                           1           0  0.23s           2026-03-31T09:51:16
/opt/airflow/dags/new_dags.py                                    1           0  0.15s           2026-03-31T09:51:16
/opt/airflow/dags/example.py                                     1           0  0.15s           2026-03-31T09:51:15
/opt/airflow/dags/extract_data.py                                0           0  0.08s           2026-03-31T09:51:14
================================================================================
[2026-03-31T09:52:12.320+0000] {manager.py:878} INFO - 
================================================================================
DAG File Processing Stats

File Path                               PID    Runtime      # DAGs    # Errors  Last Runtime    Last Run
--------------------------------------  -----  ---------  --------  ----------  --------------  -------------------
/opt/airflow/dags/e_commerce_dw_dag.py                           1           0  0.16s           2026-03-31T09:51:46
/opt/airflow/dags/example.py                                     1           0  0.13s           2026-03-31T09:51:46
/opt/airflow/dags/new_dags.py                                    1           0  0.13s           2026-03-31T09:51:46
/opt/airflow/dags/extract_data.py                                0           0  0.08s           2026-03-31T09:51:45
================================================================================
[2026-03-31T09:52:43.052+0000] {manager.py:878} INFO - 
================================================================================
DAG File Processing Stats

File Path                               PID    Runtime      # DAGs    # Errors  Last Runtime    Last Run
--------------------------------------  -----  ---------  --------  ----------  --------------  -------------------
/opt/airflow/dags/e_commerce_dw_dag.py                           1           0  0.21s           2026-03-31T09:52:17
/opt/airflow/dags/new_dags.py                                    1           0  0.14s           2026-03-31T09:52:17
/opt/airflow/dags/example.py                                     1           0  0.13s           2026-03-31T09:52:17
/opt/airflow/dags/extract_data.py                                0           0  0.10s           2026-03-31T09:52:16
================================================================================
[2026-03-31T09:53:11.684+0000] {manager.py:737} INFO - Searching for files in /opt/airflow/dags
[2026-03-31T09:53:11.797+0000] {manager.py:740} INFO - There are 4 files in /opt/airflow/dags
[2026-03-31T09:53:13.840+0000] {manager.py:878} INFO - 
================================================================================
DAG File Processing Stats

File Path                               PID    Runtime      # DAGs    # Errors  Last Runtime    Last Run
--------------------------------------  -----  ---------  --------  ----------  --------------  -------------------
/opt/airflow/dags/e_commerce_dw_dag.py                           1           0  0.19s           2026-03-31T09:52:48
/opt/airflow/dags/new_dags.py                                    1           0  0.14s           2026-03-31T09:52:48
/opt/airflow/dags/example.py                                     1           0  0.13s           2026-03-31T09:52:48
/opt/airflow/dags/extract_data.py                                0           0  0.06s           2026-03-31T09:52:47
================================================================================
[2026-03-31T09:53:44.570+0000] {manager.py:878} INFO - 
================================================================================
DAG File Processing Stats

File Path                               PID    Runtime      # DAGs    # Errors  Last Runtime    Last Run
--------------------------------------  -----  ---------  --------  ----------  --------------  -------------------
/opt/airflow/dags/e_commerce_dw_dag.py                           1           0  0.22s           2026-03-31T09:53:19
/opt/airflow/dags/example.py                                     1           0  0.15s           2026-03-31T09:53:19
/opt/airflow/dags/new_dags.py                                    1           0  0.15s           2026-03-31T09:53:19
/opt/airflow/dags/extract_data.py                                0           0  0.08s           2026-03-31T09:53:17
================================================================================
[2026-03-31T09:54:15.260+0000] {manager.py:878} INFO - 
================================================================================
DAG File Processing Stats

File Path                               PID    Runtime      # DAGs    # Errors  Last Runtime    Last Run
--------------------------------------  -----  ---------  --------  ----------  --------------  -------------------
/opt/airflow/dags/e_commerce_dw_dag.py                           1           0  0.19s           2026-03-31T09:53:49
/opt/airflow/dags/example.py                                     1           0  0.13s           2026-03-31T09:53:49
/opt/airflow/dags/new_dags.py                                    1           0  0.13s           2026-03-31T09:53:49
/opt/airflow/dags/extract_data.py                                0           0  0.06s           2026-03-31T09:53:48
================================================================================
[2026-03-31T09:54:45.954+0000] {manager.py:878} INFO - 
================================================================================
DAG File Processing Stats

File Path                               PID    Runtime      # DAGs    # Errors  Last Runtime    Last Run
--------------------------------------  -----  ---------  --------  ----------  --------------  -------------------
/opt/airflow/dags/e_commerce_dw_dag.py                           1           0  0.19s           2026-03-31T09:54:20
/opt/airflow/dags/new_dags.py                                    1           0  0.16s           2026-03-31T09:54:20
/opt/airflow/dags/example.py                                     1           0  0.14s           2026-03-31T09:54:20
/opt/airflow/dags/extract_data.py                                0           0  0.07s           2026-03-31T09:54:19
================================================================================
[2026-03-31T09:55:16.676+0000] {manager.py:878} INFO - 
================================================================================
DAG File Processing Stats

File Path                               PID    Runtime      # DAGs    # Errors  Last Runtime    Last Run
--------------------------------------  -----  ---------  --------  ----------  --------------  -------------------
/opt/airflow/dags/e_commerce_dw_dag.py                           1           0  0.19s           2026-03-31T09:54:51
/opt/airflow/dags/new_dags.py                                    1           0  0.14s           2026-03-31T09:54:51
/opt/airflow/dags/example.py                                     1           0  0.13s           2026-03-31T09:54:51
/opt/airflow/dags/extract_data.py                                0           0  0.10s           2026-03-31T09:54:50
================================================================================
[2026-03-31T09:55:47.427+0000] {manager.py:878} INFO - 
================================================================================
DAG File Processing Stats

File Path                               PID    Runtime      # DAGs    # Errors  Last Runtime    Last Run
--------------------------------------  -----  ---------  --------  ----------  --------------  -------------------
/opt/airflow/dags/e_commerce_dw_dag.py                           1           0  0.24s           2026-03-31T09:55:22
/opt/airflow/dags/example.py                                     1           0  0.17s           2026-03-31T09:55:22
/opt/airflow/dags/new_dags.py                                    1           0  0.14s           2026-03-31T09:55:22
/opt/airflow/dags/extract_data.py                                0           0  0.07s           2026-03-31T09:55:20
================================================================================
[2026-03-31T09:56:18.085+0000] {manager.py:878} INFO - 
================================================================================
DAG File Processing Stats

File Path                               PID    Runtime      # DAGs    # Errors  Last Runtime    Last Run
--------------------------------------  -----  ---------  --------  ----------  --------------  -------------------
/opt/airflow/dags/e_commerce_dw_dag.py                           1           0  0.17s           2026-03-31T09:55:52
/opt/airflow/dags/new_dags.py                                    1           0  0.15s           2026-03-31T09:55:52
/opt/airflow/dags/example.py                                     1           0  0.13s           2026-03-31T09:55:52
/opt/airflow/dags/extract_data.py                                0           0  0.07s           2026-03-31T09:55:51
================================================================================
[2026-03-31T09:56:48.745+0000] {manager.py:878} INFO - 
================================================================================
DAG File Processing Stats

File Path                               PID    Runtime      # DAGs    # Errors  Last Runtime    Last Run
--------------------------------------  -----  ---------  --------  ----------  --------------  -------------------
/opt/airflow/dags/e_commerce_dw_dag.py                           1           0  0.17s           2026-03-31T09:56:23
/opt/airflow/dags/example.py                                     1           0  0.13s           2026-03-31T09:56:23
/opt/airflow/dags/new_dags.py                                    1           0  0.13s           2026-03-31T09:56:23
/opt/airflow/dags/extract_data.py                                0           0  0.06s           2026-03-31T09:56:22
================================================================================
[2026-03-31T09:57:19.550+0000] {manager.py:878} INFO - 
================================================================================
DAG File Processing Stats

File Path                               PID    Runtime      # DAGs    # Errors  Last Runtime    Last Run
--------------------------------------  -----  ---------  --------  ----------  --------------  -------------------
/opt/airflow/dags/e_commerce_dw_dag.py                           1           0  0.33s           2026-03-31T09:56:54
/opt/airflow/dags/example.py                                     1           0  0.23s           2026-03-31T09:56:54
/opt/airflow/dags/new_dags.py                                    1           0  0.18s           2026-03-31T09:56:54
/opt/airflow/dags/extract_data.py                                0           0  0.07s           2026-03-31T09:56:52
================================================================================
[2026-03-31T09:57:50.169+0000] {manager.py:878} INFO - 
================================================================================
DAG File Processing Stats

File Path                               PID    Runtime      # DAGs    # Errors  Last Runtime    Last Run
--------------------------------------  -----  ---------  --------  ----------  --------------  -------------------
/opt/airflow/dags/e_commerce_dw_dag.py                           1           0  0.17s           2026-03-31T09:57:24
/opt/airflow/dags/new_dags.py                                    1           0  0.13s           2026-03-31T09:57:24
/opt/airflow/dags/example.py                                     1           0  0.13s           2026-03-31T09:57:24
/opt/airflow/dags/extract_data.py                                0           0  0.08s           2026-03-31T09:57:23
================================================================================
[2026-03-31T09:58:11.907+0000] {manager.py:737} INFO - Searching for files in /opt/airflow/dags
[2026-03-31T09:58:12.134+0000] {manager.py:740} INFO - There are 4 files in /opt/airflow/dags
[2026-03-31T09:58:20.284+0000] {manager.py:878} INFO - 
================================================================================
DAG File Processing Stats

File Path                               PID    Runtime      # DAGs    # Errors  Last Runtime    Last Run
--------------------------------------  -----  ---------  --------  ----------  --------------  -------------------
/opt/airflow/dags/e_commerce_dw_dag.py                           1           0  0.27s           2026-03-31T09:57:55
/opt/airflow/dags/new_dags.py                                    1           0  0.25s           2026-03-31T09:57:55
/opt/airflow/dags/example.py                                     1           0  0.19s           2026-03-31T09:57:55
/opt/airflow/dags/extract_data.py                                0           0  0.08s           2026-03-31T09:57:54
================================================================================
[2026-03-31T09:58:51.026+0000] {manager.py:878} INFO - 
================================================================================
DAG File Processing Stats

File Path                               PID    Runtime      # DAGs    # Errors  Last Runtime    Last Run
--------------------------------------  -----  ---------  --------  ----------  --------------  -------------------
/opt/airflow/dags/e_commerce_dw_dag.py                           1           0  0.26s           2026-03-31T09:58:26
/opt/airflow/dags/example.py                                     1           0  0.16s           2026-03-31T09:58:26
/opt/airflow/dags/new_dags.py                                    1           0  0.16s           2026-03-31T09:58:26
/opt/airflow/dags/extract_data.py                                0           0  0.09s           2026-03-31T09:58:24
================================================================================
[2026-03-31T09:59:21.168+0000] {manager.py:878} INFO - 
================================================================================
DAG File Processing Stats

File Path                               PID    Runtime      # DAGs    # Errors  Last Runtime    Last Run
--------------------------------------  -----  ---------  --------  ----------  --------------  -------------------
/opt/airflow/dags/e_commerce_dw_dag.py                           1           0  0.44s           2026-03-31T09:58:57
/opt/airflow/dags/example.py                                     1           0  0.31s           2026-03-31T09:58:57
/opt/airflow/dags/extract_data.py                                0           0  0.29s           2026-03-31T09:58:55
/opt/airflow/dags/new_dags.py                                    1           0  0.17s           2026-03-31T09:58:57
================================================================================
[2026-03-31T09:59:51.658+0000] {manager.py:878} INFO - 
================================================================================
DAG File Processing Stats

File Path                               PID    Runtime      # DAGs    # Errors  Last Runtime    Last Run
--------------------------------------  -----  ---------  --------  ----------  --------------  -------------------
/opt/airflow/dags/e_commerce_dw_dag.py                           1           0  0.18s           2026-03-31T09:59:28
/opt/airflow/dags/example.py                                     1           0  0.15s           2026-03-31T09:59:28
/opt/airflow/dags/new_dags.py                                    1           0  0.14s           2026-03-31T09:59:28
/opt/airflow/dags/extract_data.py                                0           0  0.10s           2026-03-31T09:59:26
================================================================================
[2026-03-31T10:00:22.380+0000] {manager.py:878} INFO - 
================================================================================
DAG File Processing Stats

File Path                               PID    Runtime      # DAGs    # Errors  Last Runtime    Last Run
--------------------------------------  -----  ---------  --------  ----------  --------------  -------------------
/opt/airflow/dags/e_commerce_dw_dag.py                           1           0  0.22s           2026-03-31T09:59:59
/opt/airflow/dags/example.py                                     1           0  0.16s           2026-03-31T09:59:58
/opt/airflow/dags/new_dags.py                                    1           0  0.13s           2026-03-31T09:59:59
/opt/airflow/dags/extract_data.py                                0           0  0.08s           2026-03-31T09:59:56
================================================================================
[2026-03-31T10:00:53.087+0000] {manager.py:878} INFO - 
================================================================================
DAG File Processing Stats

File Path                               PID    Runtime      # DAGs    # Errors  Last Runtime    Last Run
--------------------------------------  -----  ---------  --------  ----------  --------------  -------------------
/opt/airflow/dags/e_commerce_dw_dag.py                           1           0  0.21s           2026-03-31T10:00:29
/opt/airflow/dags/example.py                                     1           0  0.15s           2026-03-31T10:00:29
/opt/airflow/dags/new_dags.py                                    1           0  0.14s           2026-03-31T10:00:29
/opt/airflow/dags/extract_data.py                                0           0  0.07s           2026-03-31T10:00:27
================================================================================
[2026-03-31T10:01:23.740+0000] {manager.py:878} INFO - 
================================================================================
DAG File Processing Stats

File Path                               PID    Runtime      # DAGs    # Errors  Last Runtime    Last Run
--------------------------------------  -----  ---------  --------  ----------  --------------  -------------------
/opt/airflow/dags/e_commerce_dw_dag.py                           1           0  0.22s           2026-03-31T10:01:00
/opt/airflow/dags/example.py                                     1           0  0.17s           2026-03-31T10:01:00
/opt/airflow/dags/new_dags.py                                    1           0  0.13s           2026-03-31T10:01:00
/opt/airflow/dags/extract_data.py                                0           0  0.07s           2026-03-31T10:00:58
================================================================================
[2026-03-31T10:01:54.385+0000] {manager.py:878} INFO - 
================================================================================
DAG File Processing Stats

File Path                               PID    Runtime      # DAGs    # Errors  Last Runtime    Last Run
--------------------------------------  -----  ---------  --------  ----------  --------------  -------------------
/opt/airflow/dags/e_commerce_dw_dag.py                           1           0  0.22s           2026-03-31T10:01:31
/opt/airflow/dags/example.py                                     1           0  0.15s           2026-03-31T10:01:31
/opt/airflow/dags/new_dags.py                                    1           0  0.14s           2026-03-31T10:01:31
/opt/airflow/dags/extract_data.py                                0           0  0.09s           2026-03-31T10:01:28
================================================================================
[2026-03-31T10:02:24.976+0000] {manager.py:878} INFO - 
================================================================================
DAG File Processing Stats

File Path                               PID    Runtime      # DAGs    # Errors  Last Runtime    Last Run
--------------------------------------  -----  ---------  --------  ----------  --------------  -------------------
/opt/airflow/dags/e_commerce_dw_dag.py                           1           0  0.19s           2026-03-31T10:02:01
/opt/airflow/dags/new_dags.py                                    1           0  0.14s           2026-03-31T10:02:01
/opt/airflow/dags/example.py                                     1           0  0.13s           2026-03-31T10:02:01
/opt/airflow/dags/extract_data.py                                0           0  0.07s           2026-03-31T10:01:59
================================================================================
[2026-03-31T10:02:55.664+0000] {manager.py:878} INFO - 
================================================================================
DAG File Processing Stats

File Path                               PID    Runtime      # DAGs    # Errors  Last Runtime    Last Run
--------------------------------------  -----  ---------  --------  ----------  --------------  -------------------
/opt/airflow/dags/e_commerce_dw_dag.py                           1           0  0.20s           2026-03-31T10:02:32
/opt/airflow/dags/example.py                                     1           0  0.14s           2026-03-31T10:02:32
/opt/airflow/dags/new_dags.py                                    1           0  0.13s           2026-03-31T10:02:32
/opt/airflow/dags/extract_data.py                                0           0  0.07s           2026-03-31T10:02:30
================================================================================
[2026-03-31T10:03:12.179+0000] {manager.py:737} INFO - Searching for files in /opt/airflow/dags
[2026-03-31T10:03:12.341+0000] {manager.py:740} INFO - There are 4 files in /opt/airflow/dags
[2026-03-31T10:03:26.596+0000] {manager.py:878} INFO - 
================================================================================
DAG File Processing Stats

File Path                               PID    Runtime      # DAGs    # Errors  Last Runtime    Last Run
--------------------------------------  -----  ---------  --------  ----------  --------------  -------------------
/opt/airflow/dags/e_commerce_dw_dag.py                           1           0  0.17s           2026-03-31T10:03:03
/opt/airflow/dags/new_dags.py                                    1           0  0.13s           2026-03-31T10:03:03
/opt/airflow/dags/example.py                                     1           0  0.12s           2026-03-31T10:03:03
/opt/airflow/dags/extract_data.py                                0           0  0.07s           2026-03-31T10:03:00
================================================================================
[2026-03-31T10:03:57.361+0000] {manager.py:878} INFO - 
================================================================================
DAG File Processing Stats

File Path                               PID    Runtime      # DAGs    # Errors  Last Runtime    Last Run
--------------------------------------  -----  ---------  --------  ----------  --------------  -------------------
/opt/airflow/dags/e_commerce_dw_dag.py                           1           0  0.17s           2026-03-31T10:03:33
/opt/airflow/dags/new_dags.py                                    1           0  0.13s           2026-03-31T10:03:34
/opt/airflow/dags/example.py                                     1           0  0.13s           2026-03-31T10:03:33
/opt/airflow/dags/extract_data.py                                0           0  0.06s           2026-03-31T10:03:31
================================================================================
[2026-03-31T10:04:28.214+0000] {manager.py:878} INFO - 
================================================================================
DAG File Processing Stats

File Path                               PID    Runtime      # DAGs    # Errors  Last Runtime    Last Run
--------------------------------------  -----  ---------  --------  ----------  --------------  -------------------
/opt/airflow/dags/e_commerce_dw_dag.py                           1           0  0.20s           2026-03-31T10:04:04
/opt/airflow/dags/example.py                                     1           0  0.14s           2026-03-31T10:04:04
/opt/airflow/dags/new_dags.py                                    1           0  0.13s           2026-03-31T10:04:04
/opt/airflow/dags/extract_data.py                                0           0  0.06s           2026-03-31T10:04:02
================================================================================
[2026-03-31T10:04:59.019+0000] {manager.py:878} INFO - 
================================================================================
DAG File Processing Stats

File Path                               PID    Runtime      # DAGs    # Errors  Last Runtime    Last Run
--------------------------------------  -----  ---------  --------  ----------  --------------  -------------------
/opt/airflow/dags/e_commerce_dw_dag.py                           1           0  0.19s           2026-03-31T10:04:35
/opt/airflow/dags/example.py                                     1           0  0.14s           2026-03-31T10:04:35
/opt/airflow/dags/new_dags.py                                    1           0  0.13s           2026-03-31T10:04:35
/opt/airflow/dags/extract_data.py                                0           0  0.07s           2026-03-31T10:04:33
================================================================================
[2026-03-31T10:05:29.826+0000] {manager.py:878} INFO - 
================================================================================
DAG File Processing Stats

File Path                               PID    Runtime      # DAGs    # Errors  Last Runtime    Last Run
--------------------------------------  -----  ---------  --------  ----------  --------------  -------------------
/opt/airflow/dags/e_commerce_dw_dag.py                           1           0  0.21s           2026-03-31T10:05:06
/opt/airflow/dags/new_dags.py                                    1           0  0.15s           2026-03-31T10:05:06
/opt/airflow/dags/example.py                                     1           0  0.15s           2026-03-31T10:05:06
/opt/airflow/dags/extract_data.py                                0           0  0.08s           2026-03-31T10:05:04
================================================================================
[2026-03-31T10:06:00.610+0000] {manager.py:878} INFO - 
================================================================================
DAG File Processing Stats

File Path                               PID    Runtime      # DAGs    # Errors  Last Runtime    Last Run
--------------------------------------  -----  ---------  --------  ----------  --------------  -------------------
/opt/airflow/dags/e_commerce_dw_dag.py                           1           0  0.20s           2026-03-31T10:05:37
/opt/airflow/dags/example.py                                     1           0  0.14s           2026-03-31T10:05:37
/opt/airflow/dags/new_dags.py                                    1           0  0.13s           2026-03-31T10:05:37
/opt/airflow/dags/extract_data.py                                0           0  0.08s           2026-03-31T10:05:35
================================================================================
[2026-03-31T10:06:31.337+0000] {manager.py:878} INFO - 
================================================================================
DAG File Processing Stats

File Path                               PID    Runtime      # DAGs    # Errors  Last Runtime    Last Run
--------------------------------------  -----  ---------  --------  ----------  --------------  -------------------
/opt/airflow/dags/e_commerce_dw_dag.py                           1           0  0.20s           2026-03-31T10:06:07
/opt/airflow/dags/example.py                                     1           0  0.15s           2026-03-31T10:06:07
/opt/airflow/dags/new_dags.py                                    1           0  0.13s           2026-03-31T10:06:08
/opt/airflow/dags/extract_data.py                                0           0  0.09s           2026-03-31T10:06:05
================================================================================
[2026-03-31T10:07:02.108+0000] {manager.py:878} INFO - 
================================================================================
DAG File Processing Stats

File Path                               PID    Runtime      # DAGs    # Errors  Last Runtime    Last Run
--------------------------------------  -----  ---------  --------  ----------  --------------  -------------------
/opt/airflow/dags/e_commerce_dw_dag.py                           1           0  0.18s           2026-03-31T10:06:38
/opt/airflow/dags/new_dags.py                                    1           0  0.13s           2026-03-31T10:06:38
/opt/airflow/dags/example.py                                     1           0  0.13s           2026-03-31T10:06:38
/opt/airflow/dags/extract_data.py                                0           0  0.08s           2026-03-31T10:06:36
================================================================================
[2026-03-31T10:07:32.917+0000] {manager.py:878} INFO - 
================================================================================
DAG File Processing Stats

File Path                               PID    Runtime      # DAGs    # Errors  Last Runtime    Last Run
--------------------------------------  -----  ---------  --------  ----------  --------------  -------------------
/opt/airflow/dags/e_commerce_dw_dag.py                           1           0  0.20s           2026-03-31T10:07:09
/opt/airflow/dags/new_dags.py                                    1           0  0.15s           2026-03-31T10:07:09
/opt/airflow/dags/example.py                                     1           0  0.14s           2026-03-31T10:07:09
/opt/airflow/dags/extract_data.py                                0           0  0.08s           2026-03-31T10:07:07
================================================================================
[2026-03-31T10:08:03.727+0000] {manager.py:878} INFO - 
================================================================================
DAG File Processing Stats

File Path                               PID    Runtime      # DAGs    # Errors  Last Runtime    Last Run
--------------------------------------  -----  ---------  --------  ----------  --------------  -------------------
/opt/airflow/dags/e_commerce_dw_dag.py                           1           0  0.21s           2026-03-31T10:07:40
/opt/airflow/dags/new_dags.py                                    1           0  0.14s           2026-03-31T10:07:40
/opt/airflow/dags/example.py                                     1           0  0.13s           2026-03-31T10:07:40
/opt/airflow/dags/extract_data.py                                0           0  0.07s           2026-03-31T10:07:38
================================================================================
[2026-03-31T10:08:12.193+0000] {manager.py:737} INFO - Searching for files in /opt/airflow/dags
[2026-03-31T10:08:12.343+0000] {manager.py:740} INFO - There are 4 files in /opt/airflow/dags
[2026-03-31T10:08:33.735+0000] {manager.py:878} INFO - 
================================================================================
DAG File Processing Stats

File Path                               PID    Runtime      # DAGs    # Errors  Last Runtime    Last Run
--------------------------------------  -----  ---------  --------  ----------  --------------  -------------------
/opt/airflow/dags/e_commerce_dw_dag.py                           1           0  0.18s           2026-03-31T10:08:11
/opt/airflow/dags/new_dags.py                                    1           0  0.14s           2026-03-31T10:08:11
/opt/airflow/dags/example.py                                     1           0  0.13s           2026-03-31T10:08:11
/opt/airflow/dags/extract_data.py                                0           0  0.09s           2026-03-31T10:08:08
================================================================================
[2026-03-31T10:09:04.191+0000] {manager.py:878} INFO - 
================================================================================
DAG File Processing Stats

File Path                               PID    Runtime      # DAGs    # Errors  Last Runtime    Last Run
--------------------------------------  -----  ---------  --------  ----------  --------------  -------------------
/opt/airflow/dags/new_dags.py                                    1           0  0.18s           2026-03-31T10:08:41
/opt/airflow/dags/e_commerce_dw_dag.py                           1           0  0.18s           2026-03-31T10:08:41
/opt/airflow/dags/example.py                                     1           0  0.12s           2026-03-31T10:08:41
/opt/airflow/dags/extract_data.py                                0           0  0.07s           2026-03-31T10:08:39
================================================================================
[2026-03-31T10:09:34.909+0000] {manager.py:878} INFO - 
================================================================================
DAG File Processing Stats

File Path                               PID    Runtime      # DAGs    # Errors  Last Runtime    Last Run
--------------------------------------  -----  ---------  --------  ----------  --------------  -------------------
/opt/airflow/dags/e_commerce_dw_dag.py                           1           0  0.17s           2026-03-31T10:09:12
/opt/airflow/dags/new_dags.py                                    1           0  0.15s           2026-03-31T10:09:12
/opt/airflow/dags/example.py                                     1           0  0.13s           2026-03-31T10:09:12
/opt/airflow/dags/extract_data.py                                0           0  0.09s           2026-03-31T10:09:10
================================================================================
[2026-03-31T10:10:05.635+0000] {manager.py:878} INFO - 
================================================================================
DAG File Processing Stats

File Path                               PID    Runtime      # DAGs    # Errors  Last Runtime    Last Run
--------------------------------------  -----  ---------  --------  ----------  --------------  -------------------
/opt/airflow/dags/e_commerce_dw_dag.py                           1           0  0.17s           2026-03-31T10:09:43
/opt/airflow/dags/new_dags.py                                    1           0  0.13s           2026-03-31T10:09:43
/opt/airflow/dags/example.py                                     1           0  0.13s           2026-03-31T10:09:43
/opt/airflow/dags/extract_data.py                                0           0  0.09s           2026-03-31T10:09:41
================================================================================
[2026-03-31T10:10:36.394+0000] {manager.py:878} INFO - 
================================================================================
DAG File Processing Stats

File Path                               PID    Runtime      # DAGs    # Errors  Last Runtime    Last Run
--------------------------------------  -----  ---------  --------  ----------  --------------  -------------------
/opt/airflow/dags/e_commerce_dw_dag.py                           1           0  0.18s           2026-03-31T10:10:13
/opt/airflow/dags/example.py                                     1           0  0.13s           2026-03-31T10:10:13
/opt/airflow/dags/new_dags.py                                    1           0  0.13s           2026-03-31T10:10:14
/opt/airflow/dags/extract_data.py                                0           0  0.06s           2026-03-31T10:10:11
================================================================================
[2026-03-31T10:11:07.290+0000] {manager.py:878} INFO - 
================================================================================
DAG File Processing Stats

File Path                               PID    Runtime      # DAGs    # Errors  Last Runtime    Last Run
--------------------------------------  -----  ---------  --------  ----------  --------------  -------------------
/opt/airflow/dags/e_commerce_dw_dag.py                           1           0  0.26s           2026-03-31T10:10:44
/opt/airflow/dags/example.py                                     1           0  0.20s           2026-03-31T10:10:44
/opt/airflow/dags/new_dags.py                                    1           0  0.13s           2026-03-31T10:10:44
/opt/airflow/dags/extract_data.py                                0           0  0.06s           2026-03-31T10:10:42
================================================================================
[2026-03-31T10:11:38.037+0000] {manager.py:878} INFO - 
================================================================================
DAG File Processing Stats

File Path                               PID    Runtime      # DAGs    # Errors  Last Runtime    Last Run
--------------------------------------  -----  ---------  --------  ----------  --------------  -------------------
/opt/airflow/dags/e_commerce_dw_dag.py                           1           0  0.19s           2026-03-31T10:11:15
/opt/airflow/dags/example.py                                     1           0  0.15s           2026-03-31T10:11:15
/opt/airflow/dags/new_dags.py                                    1           0  0.14s           2026-03-31T10:11:15
/opt/airflow/dags/extract_data.py                                0           0  0.11s           2026-03-31T10:11:13
================================================================================
[2026-03-31T10:12:08.765+0000] {manager.py:878} INFO - 
================================================================================
DAG File Processing Stats

File Path                               PID    Runtime      # DAGs    # Errors  Last Runtime    Last Run
--------------------------------------  -----  ---------  --------  ----------  --------------  -------------------
/opt/airflow/dags/e_commerce_dw_dag.py                           1           0  0.18s           2026-03-31T10:11:46
/opt/airflow/dags/new_dags.py                                    1           0  0.13s           2026-03-31T10:11:46
/opt/airflow/dags/example.py                                     1           0  0.13s           2026-03-31T10:11:46
/opt/airflow/dags/extract_data.py                                0           0  0.08s           2026-03-31T10:11:44
================================================================================
[2026-03-31T10:12:39.569+0000] {manager.py:878} INFO - 
================================================================================
DAG File Processing Stats

File Path                               PID    Runtime      # DAGs    # Errors  Last Runtime    Last Run
--------------------------------------  -----  ---------  --------  ----------  --------------  -------------------
/opt/airflow/dags/e_commerce_dw_dag.py                           1           0  0.24s           2026-03-31T10:12:17
/opt/airflow/dags/example.py                                     1           0  0.19s           2026-03-31T10:12:17
/opt/airflow/dags/new_dags.py                                    1           0  0.14s           2026-03-31T10:12:17
/opt/airflow/dags/extract_data.py                                0           0  0.07s           2026-03-31T10:12:14
================================================================================
[2026-03-31T10:13:10.372+0000] {manager.py:878} INFO - 
================================================================================
DAG File Processing Stats

File Path                               PID    Runtime      # DAGs    # Errors  Last Runtime    Last Run
--------------------------------------  -----  ---------  --------  ----------  --------------  -------------------
/opt/airflow/dags/e_commerce_dw_dag.py                           1           0  0.18s           2026-03-31T10:12:47
/opt/airflow/dags/new_dags.py                                    1           0  0.13s           2026-03-31T10:12:48
/opt/airflow/dags/example.py                                     1           0  0.13s           2026-03-31T10:12:47
/opt/airflow/dags/extract_data.py                                0           0  0.06s           2026-03-31T10:12:45
================================================================================
[2026-03-31T10:13:12.395+0000] {manager.py:737} INFO - Searching for files in /opt/airflow/dags
[2026-03-31T10:13:12.618+0000] {manager.py:740} INFO - There are 4 files in /opt/airflow/dags
[2026-03-31T10:13:40.390+0000] {manager.py:878} INFO - 
================================================================================
DAG File Processing Stats

File Path                               PID    Runtime      # DAGs    # Errors  Last Runtime    Last Run
--------------------------------------  -----  ---------  --------  ----------  --------------  -------------------
/opt/airflow/dags/e_commerce_dw_dag.py                           1           0  0.18s           2026-03-31T10:13:18
/opt/airflow/dags/new_dags.py                                    1           0  0.13s           2026-03-31T10:13:19
/opt/airflow/dags/example.py                                     1           0  0.13s           2026-03-31T10:13:18
/opt/airflow/dags/extract_data.py                                0           0  0.06s           2026-03-31T10:13:16
================================================================================
[2026-03-31T10:14:11.047+0000] {manager.py:878} INFO - 
================================================================================
DAG File Processing Stats

File Path                               PID    Runtime      # DAGs    # Errors  Last Runtime    Last Run
--------------------------------------  -----  ---------  --------  ----------  --------------  -------------------
/opt/airflow/dags/e_commerce_dw_dag.py                           1           0  0.17s           2026-03-31T10:13:49
/opt/airflow/dags/new_dags.py                                    1           0  0.13s           2026-03-31T10:13:49
/opt/airflow/dags/example.py                                     1           0  0.13s           2026-03-31T10:13:49
/opt/airflow/dags/extract_data.py                                0           0  0.06s           2026-03-31T10:13:47
================================================================================
[2026-03-31T10:14:41.820+0000] {manager.py:878} INFO - 
================================================================================
DAG File Processing Stats

File Path                               PID    Runtime      # DAGs    # Errors  Last Runtime    Last Run
--------------------------------------  -----  ---------  --------  ----------  --------------  -------------------
/opt/airflow/dags/e_commerce_dw_dag.py                           1           0  0.18s           2026-03-31T10:14:20
/opt/airflow/dags/new_dags.py                                    1           0  0.14s           2026-03-31T10:14:20
/opt/airflow/dags/example.py                                     1           0  0.13s           2026-03-31T10:14:20
/opt/airflow/dags/extract_data.py                                0           0  0.06s           2026-03-31T10:14:18
================================================================================
[2026-03-31T10:15:12.562+0000] {manager.py:878} INFO - 
================================================================================
DAG File Processing Stats

File Path                               PID    Runtime      # DAGs    # Errors  Last Runtime    Last Run
--------------------------------------  -----  ---------  --------  ----------  --------------  -------------------
/opt/airflow/dags/e_commerce_dw_dag.py                           1           0  0.19s           2026-03-31T10:14:51
/opt/airflow/dags/example.py                                     1           0  0.14s           2026-03-31T10:14:51
/opt/airflow/dags/new_dags.py                                    1           0  0.13s           2026-03-31T10:14:51
/opt/airflow/dags/extract_data.py                                0           0  0.07s           2026-03-31T10:14:49
================================================================================
[2026-03-31T10:15:43.407+0000] {manager.py:878} INFO - 
================================================================================
DAG File Processing Stats

File Path                               PID    Runtime      # DAGs    # Errors  Last Runtime    Last Run
--------------------------------------  -----  ---------  --------  ----------  --------------  -------------------
/opt/airflow/dags/e_commerce_dw_dag.py                           1           0  0.19s           2026-03-31T10:15:21
/opt/airflow/dags/example.py                                     1           0  0.14s           2026-03-31T10:15:21
/opt/airflow/dags/new_dags.py                                    1           0  0.13s           2026-03-31T10:15:22
/opt/airflow/dags/extract_data.py                                0           0  0.08s           2026-03-31T10:15:19
================================================================================
[2026-03-31T10:16:12.313+0000] {manager.py:470} INFO - Processing files using up to 2 processes at a time 
[2026-03-31T10:16:12.314+0000] {manager.py:471} INFO - Process each file at most once every 30 seconds
[2026-03-31T10:16:12.315+0000] {manager.py:472} INFO - Checking for new files in /opt/airflow/dags every 300 seconds
[2026-03-31T10:16:12.317+0000] {manager.py:737} INFO - Searching for files in /opt/airflow/dags
[2026-03-31T10:16:12.444+0000] {manager.py:740} INFO - There are 4 files in /opt/airflow/dags
[2026-03-31T10:16:12.660+0000] {manager.py:878} INFO - 
================================================================================
DAG File Processing Stats

File Path                                 PID  Runtime      # DAGs    # Errors  Last Runtime    Last Run
--------------------------------------  -----  ---------  --------  ----------  --------------  ----------
/opt/airflow/dags/example.py                                     0           0
/opt/airflow/dags/extract_data.py        2668  0.04s             0           0
/opt/airflow/dags/e_commerce_dw_dag.py   2665  0.07s             0           0
/opt/airflow/dags/new_dags.py                                    0           0
================================================================================
[2026-03-31T10:16:43.403+0000] {manager.py:878} INFO - 
================================================================================
DAG File Processing Stats

File Path                                 PID  Runtime      # DAGs    # Errors  Last Runtime    Last Run
--------------------------------------  -----  ---------  --------  ----------  --------------  -------------------
/opt/airflow/dags/e_commerce_dw_dag.py   2691  0.03s             1           0  0.37s           2026-03-31T10:16:12
/opt/airflow/dags/example.py                                     1           0  0.26s           2026-03-31T10:16:12
/opt/airflow/dags/new_dags.py                                    1           0  0.23s           2026-03-31T10:16:13
/opt/airflow/dags/extract_data.py        2694  0.01s             0           0  0.10s           2026-03-31T10:16:12
================================================================================
[2026-03-31T10:17:06.763+0000] {manager.py:452} INFO - Exiting gracefully upon receiving signal 15
