[2026-03-25T08:35:29.032+0000] {processor.py:161} INFO - Started process (PID=207) to work on /opt/airflow/dags/e_commerce_dw_dag.py
[2026-03-25T08:35:29.049+0000] {processor.py:830} INFO - Processing file /opt/airflow/dags/e_commerce_dw_dag.py for tasks to queue
[2026-03-25T08:35:29.071+0000] {logging_mixin.py:188} INFO - [2026-03-25T08:35:29.070+0000] {dagbag.py:545} INFO - Filling up the DagBag from /opt/airflow/dags/e_commerce_dw_dag.py
[2026-03-25T08:35:30.351+0000] {processor.py:840} INFO - DAG(s) 'e_commerce_dw_etl' retrieved from /opt/airflow/dags/e_commerce_dw_dag.py
[2026-03-25T08:35:30.709+0000] {logging_mixin.py:188} INFO - [2026-03-25T08:35:30.708+0000] {override.py:1829} INFO - Created Permission View: can read on DAG:e_commerce_dw_etl
[2026-03-25T08:35:30.754+0000] {logging_mixin.py:188} INFO - [2026-03-25T08:35:30.753+0000] {override.py:1829} INFO - Created Permission View: can edit on DAG:e_commerce_dw_etl
[2026-03-25T08:35:30.783+0000] {logging_mixin.py:188} INFO - [2026-03-25T08:35:30.783+0000] {override.py:1829} INFO - Created Permission View: can delete on DAG:e_commerce_dw_etl
[2026-03-25T08:35:30.787+0000] {logging_mixin.py:188} INFO - [2026-03-25T08:35:30.787+0000] {dag.py:3096} INFO - Sync 1 DAGs
[2026-03-25T08:35:30.824+0000] {logging_mixin.py:188} INFO - [2026-03-25T08:35:30.823+0000] {dag.py:3118} INFO - Creating ORM DAG for e_commerce_dw_etl
[2026-03-25T08:35:30.851+0000] {logging_mixin.py:188} INFO - [2026-03-25T08:35:30.850+0000] {dag.py:3954} INFO - Setting next_dagrun for e_commerce_dw_etl to 2024-10-26 00:00:00+00:00, run_after=2024-10-27 00:00:00+00:00
[2026-03-25T08:35:30.917+0000] {processor.py:183} INFO - Processing /opt/airflow/dags/e_commerce_dw_dag.py took 1.910 seconds
[2026-03-25T08:36:01.215+0000] {processor.py:161} INFO - Started process (PID=241) to work on /opt/airflow/dags/e_commerce_dw_dag.py
[2026-03-25T08:36:01.216+0000] {processor.py:830} INFO - Processing file /opt/airflow/dags/e_commerce_dw_dag.py for tasks to queue
[2026-03-25T08:36:01.218+0000] {logging_mixin.py:188} INFO - [2026-03-25T08:36:01.218+0000] {dagbag.py:545} INFO - Filling up the DagBag from /opt/airflow/dags/e_commerce_dw_dag.py
[2026-03-25T08:36:01.285+0000] {processor.py:840} INFO - DAG(s) 'e_commerce_dw_etl' retrieved from /opt/airflow/dags/e_commerce_dw_dag.py
[2026-03-25T08:36:01.318+0000] {logging_mixin.py:188} INFO - [2026-03-25T08:36:01.317+0000] {dag.py:3096} INFO - Sync 1 DAGs
[2026-03-25T08:36:01.344+0000] {logging_mixin.py:188} INFO - [2026-03-25T08:36:01.343+0000] {dag.py:3954} INFO - Setting next_dagrun for e_commerce_dw_etl to 2024-10-26 00:00:00+00:00, run_after=2024-10-27 00:00:00+00:00
[2026-03-25T08:36:01.365+0000] {processor.py:183} INFO - Processing /opt/airflow/dags/e_commerce_dw_dag.py took 0.157 seconds
[2026-03-25T08:36:31.942+0000] {processor.py:161} INFO - Started process (PID=267) to work on /opt/airflow/dags/e_commerce_dw_dag.py
[2026-03-25T08:36:31.943+0000] {processor.py:830} INFO - Processing file /opt/airflow/dags/e_commerce_dw_dag.py for tasks to queue
[2026-03-25T08:36:31.945+0000] {logging_mixin.py:188} INFO - [2026-03-25T08:36:31.945+0000] {dagbag.py:545} INFO - Filling up the DagBag from /opt/airflow/dags/e_commerce_dw_dag.py
[2026-03-25T08:36:32.004+0000] {processor.py:840} INFO - DAG(s) 'e_commerce_dw_etl' retrieved from /opt/airflow/dags/e_commerce_dw_dag.py
[2026-03-25T08:36:32.041+0000] {logging_mixin.py:188} INFO - [2026-03-25T08:36:32.041+0000] {dag.py:3096} INFO - Sync 1 DAGs
[2026-03-25T08:36:32.064+0000] {logging_mixin.py:188} INFO - [2026-03-25T08:36:32.064+0000] {dag.py:3954} INFO - Setting next_dagrun for e_commerce_dw_etl to 2024-10-26 00:00:00+00:00, run_after=2024-10-27 00:00:00+00:00
[2026-03-25T08:36:32.087+0000] {processor.py:183} INFO - Processing /opt/airflow/dags/e_commerce_dw_dag.py took 0.151 seconds
[2026-03-25T08:37:02.746+0000] {processor.py:161} INFO - Started process (PID=293) to work on /opt/airflow/dags/e_commerce_dw_dag.py
[2026-03-25T08:37:02.747+0000] {processor.py:830} INFO - Processing file /opt/airflow/dags/e_commerce_dw_dag.py for tasks to queue
[2026-03-25T08:37:02.753+0000] {logging_mixin.py:188} INFO - [2026-03-25T08:37:02.753+0000] {dagbag.py:545} INFO - Filling up the DagBag from /opt/airflow/dags/e_commerce_dw_dag.py
[2026-03-25T08:37:02.816+0000] {processor.py:840} INFO - DAG(s) 'e_commerce_dw_etl' retrieved from /opt/airflow/dags/e_commerce_dw_dag.py
[2026-03-25T08:37:02.852+0000] {logging_mixin.py:188} INFO - [2026-03-25T08:37:02.852+0000] {dag.py:3096} INFO - Sync 1 DAGs
[2026-03-25T08:37:02.878+0000] {logging_mixin.py:188} INFO - [2026-03-25T08:37:02.878+0000] {dag.py:3954} INFO - Setting next_dagrun for e_commerce_dw_etl to 2024-10-26 00:00:00+00:00, run_after=2024-10-27 00:00:00+00:00
[2026-03-25T08:37:02.903+0000] {processor.py:183} INFO - Processing /opt/airflow/dags/e_commerce_dw_dag.py took 0.164 seconds
[2026-03-25T08:37:33.494+0000] {processor.py:161} INFO - Started process (PID=319) to work on /opt/airflow/dags/e_commerce_dw_dag.py
[2026-03-25T08:37:33.496+0000] {processor.py:830} INFO - Processing file /opt/airflow/dags/e_commerce_dw_dag.py for tasks to queue
[2026-03-25T08:37:33.498+0000] {logging_mixin.py:188} INFO - [2026-03-25T08:37:33.497+0000] {dagbag.py:545} INFO - Filling up the DagBag from /opt/airflow/dags/e_commerce_dw_dag.py
[2026-03-25T08:37:33.563+0000] {processor.py:840} INFO - DAG(s) 'e_commerce_dw_etl' retrieved from /opt/airflow/dags/e_commerce_dw_dag.py
[2026-03-25T08:37:33.593+0000] {logging_mixin.py:188} INFO - [2026-03-25T08:37:33.593+0000] {dag.py:3096} INFO - Sync 1 DAGs
[2026-03-25T08:37:33.614+0000] {logging_mixin.py:188} INFO - [2026-03-25T08:37:33.614+0000] {dag.py:3954} INFO - Setting next_dagrun for e_commerce_dw_etl to 2024-10-26 00:00:00+00:00, run_after=2024-10-27 00:00:00+00:00
[2026-03-25T08:37:33.635+0000] {processor.py:183} INFO - Processing /opt/airflow/dags/e_commerce_dw_dag.py took 0.154 seconds
[2026-03-25T08:38:04.260+0000] {processor.py:161} INFO - Started process (PID=345) to work on /opt/airflow/dags/e_commerce_dw_dag.py
[2026-03-25T08:38:04.261+0000] {processor.py:830} INFO - Processing file /opt/airflow/dags/e_commerce_dw_dag.py for tasks to queue
[2026-03-25T08:38:04.263+0000] {logging_mixin.py:188} INFO - [2026-03-25T08:38:04.263+0000] {dagbag.py:545} INFO - Filling up the DagBag from /opt/airflow/dags/e_commerce_dw_dag.py
[2026-03-25T08:38:04.326+0000] {processor.py:840} INFO - DAG(s) 'e_commerce_dw_etl' retrieved from /opt/airflow/dags/e_commerce_dw_dag.py
[2026-03-25T08:38:04.362+0000] {logging_mixin.py:188} INFO - [2026-03-25T08:38:04.362+0000] {dag.py:3096} INFO - Sync 1 DAGs
[2026-03-25T08:38:04.385+0000] {logging_mixin.py:188} INFO - [2026-03-25T08:38:04.385+0000] {dag.py:3954} INFO - Setting next_dagrun for e_commerce_dw_etl to 2024-10-26 00:00:00+00:00, run_after=2024-10-27 00:00:00+00:00
[2026-03-25T08:38:04.410+0000] {processor.py:183} INFO - Processing /opt/airflow/dags/e_commerce_dw_dag.py took 0.156 seconds
[2026-03-25T08:38:35.056+0000] {processor.py:161} INFO - Started process (PID=371) to work on /opt/airflow/dags/e_commerce_dw_dag.py
[2026-03-25T08:38:35.058+0000] {processor.py:830} INFO - Processing file /opt/airflow/dags/e_commerce_dw_dag.py for tasks to queue
[2026-03-25T08:38:35.060+0000] {logging_mixin.py:188} INFO - [2026-03-25T08:38:35.059+0000] {dagbag.py:545} INFO - Filling up the DagBag from /opt/airflow/dags/e_commerce_dw_dag.py
[2026-03-25T08:38:35.134+0000] {processor.py:840} INFO - DAG(s) 'e_commerce_dw_etl' retrieved from /opt/airflow/dags/e_commerce_dw_dag.py
[2026-03-25T08:38:35.188+0000] {logging_mixin.py:188} INFO - [2026-03-25T08:38:35.187+0000] {dag.py:3096} INFO - Sync 1 DAGs
[2026-03-25T08:38:35.229+0000] {logging_mixin.py:188} INFO - [2026-03-25T08:38:35.228+0000] {dag.py:3954} INFO - Setting next_dagrun for e_commerce_dw_etl to 2024-10-26 00:00:00+00:00, run_after=2024-10-27 00:00:00+00:00
[2026-03-25T08:38:35.260+0000] {processor.py:183} INFO - Processing /opt/airflow/dags/e_commerce_dw_dag.py took 0.210 seconds
[2026-03-25T08:39:05.850+0000] {processor.py:161} INFO - Started process (PID=398) to work on /opt/airflow/dags/e_commerce_dw_dag.py
[2026-03-25T08:39:05.851+0000] {processor.py:830} INFO - Processing file /opt/airflow/dags/e_commerce_dw_dag.py for tasks to queue
[2026-03-25T08:39:05.855+0000] {logging_mixin.py:188} INFO - [2026-03-25T08:39:05.854+0000] {dagbag.py:545} INFO - Filling up the DagBag from /opt/airflow/dags/e_commerce_dw_dag.py
[2026-03-25T08:39:05.948+0000] {processor.py:840} INFO - DAG(s) 'e_commerce_dw_etl' retrieved from /opt/airflow/dags/e_commerce_dw_dag.py
[2026-03-25T08:39:05.981+0000] {logging_mixin.py:188} INFO - [2026-03-25T08:39:05.981+0000] {dag.py:3096} INFO - Sync 1 DAGs
[2026-03-25T08:39:06.001+0000] {logging_mixin.py:188} INFO - [2026-03-25T08:39:06.001+0000] {dag.py:3954} INFO - Setting next_dagrun for e_commerce_dw_etl to 2024-10-26 00:00:00+00:00, run_after=2024-10-27 00:00:00+00:00
[2026-03-25T08:39:06.023+0000] {processor.py:183} INFO - Processing /opt/airflow/dags/e_commerce_dw_dag.py took 0.179 seconds
[2026-03-25T08:39:36.659+0000] {processor.py:161} INFO - Started process (PID=424) to work on /opt/airflow/dags/e_commerce_dw_dag.py
[2026-03-25T08:39:36.661+0000] {processor.py:830} INFO - Processing file /opt/airflow/dags/e_commerce_dw_dag.py for tasks to queue
[2026-03-25T08:39:36.663+0000] {logging_mixin.py:188} INFO - [2026-03-25T08:39:36.662+0000] {dagbag.py:545} INFO - Filling up the DagBag from /opt/airflow/dags/e_commerce_dw_dag.py
[2026-03-25T08:39:36.742+0000] {processor.py:840} INFO - DAG(s) 'e_commerce_dw_etl' retrieved from /opt/airflow/dags/e_commerce_dw_dag.py
[2026-03-25T08:39:36.779+0000] {logging_mixin.py:188} INFO - [2026-03-25T08:39:36.779+0000] {dag.py:3096} INFO - Sync 1 DAGs
[2026-03-25T08:39:36.801+0000] {logging_mixin.py:188} INFO - [2026-03-25T08:39:36.801+0000] {dag.py:3954} INFO - Setting next_dagrun for e_commerce_dw_etl to 2024-10-26 00:00:00+00:00, run_after=2024-10-27 00:00:00+00:00
[2026-03-25T08:39:36.824+0000] {processor.py:183} INFO - Processing /opt/airflow/dags/e_commerce_dw_dag.py took 0.171 seconds
[2026-03-25T08:40:07.412+0000] {processor.py:161} INFO - Started process (PID=450) to work on /opt/airflow/dags/e_commerce_dw_dag.py
[2026-03-25T08:40:07.413+0000] {processor.py:830} INFO - Processing file /opt/airflow/dags/e_commerce_dw_dag.py for tasks to queue
[2026-03-25T08:40:07.415+0000] {logging_mixin.py:188} INFO - [2026-03-25T08:40:07.415+0000] {dagbag.py:545} INFO - Filling up the DagBag from /opt/airflow/dags/e_commerce_dw_dag.py
[2026-03-25T08:40:07.486+0000] {processor.py:840} INFO - DAG(s) 'e_commerce_dw_etl' retrieved from /opt/airflow/dags/e_commerce_dw_dag.py
[2026-03-25T08:40:07.527+0000] {logging_mixin.py:188} INFO - [2026-03-25T08:40:07.526+0000] {dag.py:3096} INFO - Sync 1 DAGs
[2026-03-25T08:40:07.551+0000] {logging_mixin.py:188} INFO - [2026-03-25T08:40:07.551+0000] {dag.py:3954} INFO - Setting next_dagrun for e_commerce_dw_etl to 2024-10-26 00:00:00+00:00, run_after=2024-10-27 00:00:00+00:00
[2026-03-25T08:40:07.571+0000] {processor.py:183} INFO - Processing /opt/airflow/dags/e_commerce_dw_dag.py took 0.166 seconds
[2026-03-25T08:40:38.303+0000] {processor.py:161} INFO - Started process (PID=478) to work on /opt/airflow/dags/e_commerce_dw_dag.py
[2026-03-25T08:40:38.304+0000] {processor.py:830} INFO - Processing file /opt/airflow/dags/e_commerce_dw_dag.py for tasks to queue
[2026-03-25T08:40:38.307+0000] {logging_mixin.py:188} INFO - [2026-03-25T08:40:38.306+0000] {dagbag.py:545} INFO - Filling up the DagBag from /opt/airflow/dags/e_commerce_dw_dag.py
[2026-03-25T08:40:38.368+0000] {processor.py:840} INFO - DAG(s) 'e_commerce_dw_etl' retrieved from /opt/airflow/dags/e_commerce_dw_dag.py
[2026-03-25T08:40:38.406+0000] {logging_mixin.py:188} INFO - [2026-03-25T08:40:38.406+0000] {dag.py:3096} INFO - Sync 1 DAGs
[2026-03-25T08:40:38.431+0000] {logging_mixin.py:188} INFO - [2026-03-25T08:40:38.431+0000] {dag.py:3954} INFO - Setting next_dagrun for e_commerce_dw_etl to 2024-10-26 00:00:00+00:00, run_after=2024-10-27 00:00:00+00:00
[2026-03-25T08:40:38.455+0000] {processor.py:183} INFO - Processing /opt/airflow/dags/e_commerce_dw_dag.py took 0.158 seconds
[2026-03-25T08:41:09.127+0000] {processor.py:161} INFO - Started process (PID=505) to work on /opt/airflow/dags/e_commerce_dw_dag.py
[2026-03-25T08:41:09.131+0000] {processor.py:830} INFO - Processing file /opt/airflow/dags/e_commerce_dw_dag.py for tasks to queue
[2026-03-25T08:41:09.136+0000] {logging_mixin.py:188} INFO - [2026-03-25T08:41:09.136+0000] {dagbag.py:545} INFO - Filling up the DagBag from /opt/airflow/dags/e_commerce_dw_dag.py
[2026-03-25T08:41:09.352+0000] {processor.py:840} INFO - DAG(s) 'e_commerce_dw_etl' retrieved from /opt/airflow/dags/e_commerce_dw_dag.py
[2026-03-25T08:41:09.391+0000] {logging_mixin.py:188} INFO - [2026-03-25T08:41:09.391+0000] {dag.py:3096} INFO - Sync 1 DAGs
[2026-03-25T08:41:09.420+0000] {logging_mixin.py:188} INFO - [2026-03-25T08:41:09.420+0000] {dag.py:3954} INFO - Setting next_dagrun for e_commerce_dw_etl to 2024-10-26 00:00:00+00:00, run_after=2024-10-27 00:00:00+00:00
[2026-03-25T08:41:09.444+0000] {processor.py:183} INFO - Processing /opt/airflow/dags/e_commerce_dw_dag.py took 0.338 seconds
[2026-03-25T08:41:39.588+0000] {processor.py:161} INFO - Started process (PID=605) to work on /opt/airflow/dags/e_commerce_dw_dag.py
[2026-03-25T08:41:39.590+0000] {processor.py:830} INFO - Processing file /opt/airflow/dags/e_commerce_dw_dag.py for tasks to queue
[2026-03-25T08:41:39.594+0000] {logging_mixin.py:188} INFO - [2026-03-25T08:41:39.594+0000] {dagbag.py:545} INFO - Filling up the DagBag from /opt/airflow/dags/e_commerce_dw_dag.py
[2026-03-25T08:41:39.741+0000] {processor.py:840} INFO - DAG(s) 'e_commerce_dw_etl' retrieved from /opt/airflow/dags/e_commerce_dw_dag.py
[2026-03-25T08:41:39.797+0000] {logging_mixin.py:188} INFO - [2026-03-25T08:41:39.796+0000] {dag.py:3096} INFO - Sync 1 DAGs
[2026-03-25T08:41:39.833+0000] {logging_mixin.py:188} INFO - [2026-03-25T08:41:39.833+0000] {dag.py:3954} INFO - Setting next_dagrun for e_commerce_dw_etl to 2024-12-03 00:00:00+00:00, run_after=2024-12-04 00:00:00+00:00
[2026-03-25T08:41:39.874+0000] {processor.py:183} INFO - Processing /opt/airflow/dags/e_commerce_dw_dag.py took 0.296 seconds
[2026-03-25T08:42:10.522+0000] {processor.py:161} INFO - Started process (PID=715) to work on /opt/airflow/dags/e_commerce_dw_dag.py
[2026-03-25T08:42:10.524+0000] {processor.py:830} INFO - Processing file /opt/airflow/dags/e_commerce_dw_dag.py for tasks to queue
[2026-03-25T08:42:10.527+0000] {logging_mixin.py:188} INFO - [2026-03-25T08:42:10.527+0000] {dagbag.py:545} INFO - Filling up the DagBag from /opt/airflow/dags/e_commerce_dw_dag.py
[2026-03-25T08:42:10.639+0000] {processor.py:840} INFO - DAG(s) 'e_commerce_dw_etl' retrieved from /opt/airflow/dags/e_commerce_dw_dag.py
[2026-03-25T08:42:10.680+0000] {logging_mixin.py:188} INFO - [2026-03-25T08:42:10.679+0000] {dag.py:3096} INFO - Sync 1 DAGs
[2026-03-25T08:42:10.708+0000] {logging_mixin.py:188} INFO - [2026-03-25T08:42:10.708+0000] {dag.py:3954} INFO - Setting next_dagrun for e_commerce_dw_etl to 2025-01-12 00:00:00+00:00, run_after=2025-01-13 00:00:00+00:00
[2026-03-25T08:42:10.736+0000] {processor.py:183} INFO - Processing /opt/airflow/dags/e_commerce_dw_dag.py took 0.229 seconds
[2026-03-25T08:42:41.387+0000] {processor.py:161} INFO - Started process (PID=801) to work on /opt/airflow/dags/e_commerce_dw_dag.py
[2026-03-25T08:42:41.388+0000] {processor.py:830} INFO - Processing file /opt/airflow/dags/e_commerce_dw_dag.py for tasks to queue
[2026-03-25T08:42:41.391+0000] {logging_mixin.py:188} INFO - [2026-03-25T08:42:41.391+0000] {dagbag.py:545} INFO - Filling up the DagBag from /opt/airflow/dags/e_commerce_dw_dag.py
[2026-03-25T08:42:41.459+0000] {processor.py:840} INFO - DAG(s) 'e_commerce_dw_etl' retrieved from /opt/airflow/dags/e_commerce_dw_dag.py
[2026-03-25T08:42:41.487+0000] {logging_mixin.py:188} INFO - [2026-03-25T08:42:41.487+0000] {dag.py:3096} INFO - Sync 1 DAGs
[2026-03-25T08:42:41.510+0000] {logging_mixin.py:188} INFO - [2026-03-25T08:42:41.510+0000] {dag.py:3954} INFO - Setting next_dagrun for e_commerce_dw_etl to 2025-02-10 00:00:00+00:00, run_after=2025-02-11 00:00:00+00:00
[2026-03-25T08:42:41.537+0000] {processor.py:183} INFO - Processing /opt/airflow/dags/e_commerce_dw_dag.py took 0.156 seconds
[2026-03-25T08:43:11.618+0000] {processor.py:161} INFO - Started process (PID=935) to work on /opt/airflow/dags/e_commerce_dw_dag.py
[2026-03-25T08:43:11.619+0000] {processor.py:830} INFO - Processing file /opt/airflow/dags/e_commerce_dw_dag.py for tasks to queue
[2026-03-25T08:43:11.621+0000] {logging_mixin.py:188} INFO - [2026-03-25T08:43:11.621+0000] {dagbag.py:545} INFO - Filling up the DagBag from /opt/airflow/dags/e_commerce_dw_dag.py
[2026-03-25T08:43:11.726+0000] {processor.py:840} INFO - DAG(s) 'e_commerce_dw_etl' retrieved from /opt/airflow/dags/e_commerce_dw_dag.py
[2026-03-25T08:43:11.766+0000] {logging_mixin.py:188} INFO - [2026-03-25T08:43:11.766+0000] {dag.py:3096} INFO - Sync 1 DAGs
[2026-03-25T08:43:11.801+0000] {logging_mixin.py:188} INFO - [2026-03-25T08:43:11.801+0000] {dag.py:3954} INFO - Setting next_dagrun for e_commerce_dw_etl to 2025-04-06 00:00:00+00:00, run_after=2025-04-07 00:00:00+00:00
[2026-03-25T08:43:11.832+0000] {processor.py:183} INFO - Processing /opt/airflow/dags/e_commerce_dw_dag.py took 0.221 seconds
[2026-03-25T08:43:42.608+0000] {processor.py:161} INFO - Started process (PID=1059) to work on /opt/airflow/dags/e_commerce_dw_dag.py
[2026-03-25T08:43:42.611+0000] {processor.py:830} INFO - Processing file /opt/airflow/dags/e_commerce_dw_dag.py for tasks to queue
[2026-03-25T08:43:42.615+0000] {logging_mixin.py:188} INFO - [2026-03-25T08:43:42.614+0000] {dagbag.py:545} INFO - Filling up the DagBag from /opt/airflow/dags/e_commerce_dw_dag.py
[2026-03-25T08:43:42.819+0000] {processor.py:840} INFO - DAG(s) 'e_commerce_dw_etl' retrieved from /opt/airflow/dags/e_commerce_dw_dag.py
[2026-03-25T08:43:42.901+0000] {logging_mixin.py:188} INFO - [2026-03-25T08:43:42.901+0000] {dag.py:3096} INFO - Sync 1 DAGs
[2026-03-25T08:43:42.946+0000] {logging_mixin.py:188} INFO - [2026-03-25T08:43:42.945+0000] {dag.py:3954} INFO - Setting next_dagrun for e_commerce_dw_etl to 2025-05-26 00:00:00+00:00, run_after=2025-05-27 00:00:00+00:00
[2026-03-25T08:43:43.000+0000] {processor.py:183} INFO - Processing /opt/airflow/dags/e_commerce_dw_dag.py took 0.408 seconds
[2026-03-25T08:44:14.303+0000] {processor.py:161} INFO - Started process (PID=1193) to work on /opt/airflow/dags/e_commerce_dw_dag.py
[2026-03-25T08:44:14.312+0000] {processor.py:830} INFO - Processing file /opt/airflow/dags/e_commerce_dw_dag.py for tasks to queue
[2026-03-25T08:44:14.320+0000] {logging_mixin.py:188} INFO - [2026-03-25T08:44:14.319+0000] {dagbag.py:545} INFO - Filling up the DagBag from /opt/airflow/dags/e_commerce_dw_dag.py
[2026-03-25T08:44:14.974+0000] {processor.py:840} INFO - DAG(s) 'e_commerce_dw_etl' retrieved from /opt/airflow/dags/e_commerce_dw_dag.py
[2026-03-25T08:44:15.070+0000] {logging_mixin.py:188} INFO - [2026-03-25T08:44:15.069+0000] {dag.py:3096} INFO - Sync 1 DAGs
[2026-03-25T08:44:15.131+0000] {logging_mixin.py:188} INFO - [2026-03-25T08:44:15.130+0000] {dag.py:3954} INFO - Setting next_dagrun for e_commerce_dw_etl to 2025-07-18 00:00:00+00:00, run_after=2025-07-19 00:00:00+00:00
[2026-03-25T08:44:15.190+0000] {processor.py:183} INFO - Processing /opt/airflow/dags/e_commerce_dw_dag.py took 0.904 seconds
[2026-03-25T08:44:45.440+0000] {processor.py:161} INFO - Started process (PID=1312) to work on /opt/airflow/dags/e_commerce_dw_dag.py
[2026-03-25T08:44:45.445+0000] {processor.py:830} INFO - Processing file /opt/airflow/dags/e_commerce_dw_dag.py for tasks to queue
[2026-03-25T08:44:45.451+0000] {logging_mixin.py:188} INFO - [2026-03-25T08:44:45.450+0000] {dagbag.py:545} INFO - Filling up the DagBag from /opt/airflow/dags/e_commerce_dw_dag.py
[2026-03-25T08:44:45.595+0000] {processor.py:840} INFO - DAG(s) 'e_commerce_dw_etl' retrieved from /opt/airflow/dags/e_commerce_dw_dag.py
[2026-03-25T08:44:45.645+0000] {logging_mixin.py:188} INFO - [2026-03-25T08:44:45.645+0000] {dag.py:3096} INFO - Sync 1 DAGs
[2026-03-25T08:44:45.674+0000] {logging_mixin.py:188} INFO - [2026-03-25T08:44:45.674+0000] {dag.py:3954} INFO - Setting next_dagrun for e_commerce_dw_etl to 2025-08-30 00:00:00+00:00, run_after=2025-08-31 00:00:00+00:00
[2026-03-25T08:44:45.731+0000] {processor.py:183} INFO - Processing /opt/airflow/dags/e_commerce_dw_dag.py took 0.304 seconds
[2026-03-25T08:45:16.533+0000] {processor.py:161} INFO - Started process (PID=1435) to work on /opt/airflow/dags/e_commerce_dw_dag.py
[2026-03-25T08:45:16.536+0000] {processor.py:830} INFO - Processing file /opt/airflow/dags/e_commerce_dw_dag.py for tasks to queue
[2026-03-25T08:45:16.542+0000] {logging_mixin.py:188} INFO - [2026-03-25T08:45:16.541+0000] {dagbag.py:545} INFO - Filling up the DagBag from /opt/airflow/dags/e_commerce_dw_dag.py
[2026-03-25T08:45:16.875+0000] {processor.py:840} INFO - DAG(s) 'e_commerce_dw_etl' retrieved from /opt/airflow/dags/e_commerce_dw_dag.py
[2026-03-25T08:45:16.963+0000] {logging_mixin.py:188} INFO - [2026-03-25T08:45:16.962+0000] {dag.py:3096} INFO - Sync 1 DAGs
[2026-03-25T08:45:17.045+0000] {logging_mixin.py:188} INFO - [2026-03-25T08:45:17.043+0000] {dag.py:3954} INFO - Setting next_dagrun for e_commerce_dw_etl to 2025-10-20 00:00:00+00:00, run_after=2025-10-21 00:00:00+00:00
[2026-03-25T08:45:17.161+0000] {processor.py:183} INFO - Processing /opt/airflow/dags/e_commerce_dw_dag.py took 0.646 seconds
[2026-03-25T08:45:47.455+0000] {processor.py:161} INFO - Started process (PID=1560) to work on /opt/airflow/dags/e_commerce_dw_dag.py
[2026-03-25T08:45:47.457+0000] {processor.py:830} INFO - Processing file /opt/airflow/dags/e_commerce_dw_dag.py for tasks to queue
[2026-03-25T08:45:47.462+0000] {logging_mixin.py:188} INFO - [2026-03-25T08:45:47.461+0000] {dagbag.py:545} INFO - Filling up the DagBag from /opt/airflow/dags/e_commerce_dw_dag.py
[2026-03-25T08:45:47.649+0000] {processor.py:840} INFO - DAG(s) 'e_commerce_dw_etl' retrieved from /opt/airflow/dags/e_commerce_dw_dag.py
[2026-03-25T08:45:47.736+0000] {logging_mixin.py:188} INFO - [2026-03-25T08:45:47.735+0000] {dag.py:3096} INFO - Sync 1 DAGs
[2026-03-25T08:45:47.791+0000] {logging_mixin.py:188} INFO - [2026-03-25T08:45:47.790+0000] {dag.py:3954} INFO - Setting next_dagrun for e_commerce_dw_etl to 2025-12-05 00:00:00+00:00, run_after=2025-12-06 00:00:00+00:00
[2026-03-25T08:45:47.844+0000] {processor.py:183} INFO - Processing /opt/airflow/dags/e_commerce_dw_dag.py took 0.406 seconds
[2026-03-25T08:46:18.374+0000] {processor.py:161} INFO - Started process (PID=1689) to work on /opt/airflow/dags/e_commerce_dw_dag.py
[2026-03-25T08:46:18.403+0000] {processor.py:830} INFO - Processing file /opt/airflow/dags/e_commerce_dw_dag.py for tasks to queue
[2026-03-25T08:46:18.411+0000] {logging_mixin.py:188} INFO - [2026-03-25T08:46:18.410+0000] {dagbag.py:545} INFO - Filling up the DagBag from /opt/airflow/dags/e_commerce_dw_dag.py
[2026-03-25T08:46:18.794+0000] {processor.py:840} INFO - DAG(s) 'e_commerce_dw_etl' retrieved from /opt/airflow/dags/e_commerce_dw_dag.py
[2026-03-25T08:46:18.919+0000] {logging_mixin.py:188} INFO - [2026-03-25T08:46:18.918+0000] {dag.py:3096} INFO - Sync 1 DAGs
[2026-03-25T08:46:18.978+0000] {logging_mixin.py:188} INFO - [2026-03-25T08:46:18.977+0000] {dag.py:3954} INFO - Setting next_dagrun for e_commerce_dw_etl to 2026-01-26 00:00:00+00:00, run_after=2026-01-27 00:00:00+00:00
[2026-03-25T08:46:19.056+0000] {processor.py:183} INFO - Processing /opt/airflow/dags/e_commerce_dw_dag.py took 0.721 seconds
[2026-03-25T08:46:49.440+0000] {processor.py:161} INFO - Started process (PID=1821) to work on /opt/airflow/dags/e_commerce_dw_dag.py
[2026-03-25T08:46:49.443+0000] {processor.py:830} INFO - Processing file /opt/airflow/dags/e_commerce_dw_dag.py for tasks to queue
[2026-03-25T08:46:49.449+0000] {logging_mixin.py:188} INFO - [2026-03-25T08:46:49.449+0000] {dagbag.py:545} INFO - Filling up the DagBag from /opt/airflow/dags/e_commerce_dw_dag.py
[2026-03-25T08:46:49.720+0000] {processor.py:840} INFO - DAG(s) 'e_commerce_dw_etl' retrieved from /opt/airflow/dags/e_commerce_dw_dag.py
[2026-03-25T08:46:49.765+0000] {logging_mixin.py:188} INFO - [2026-03-25T08:46:49.764+0000] {dag.py:3096} INFO - Sync 1 DAGs
[2026-03-25T08:46:49.802+0000] {logging_mixin.py:188} INFO - [2026-03-25T08:46:49.802+0000] {dag.py:3954} INFO - Setting next_dagrun for e_commerce_dw_etl to 2026-03-20 00:00:00+00:00, run_after=2026-03-21 00:00:00+00:00
[2026-03-25T08:46:49.835+0000] {processor.py:183} INFO - Processing /opt/airflow/dags/e_commerce_dw_dag.py took 0.409 seconds
[2026-03-25T08:47:20.655+0000] {processor.py:161} INFO - Started process (PID=1864) to work on /opt/airflow/dags/e_commerce_dw_dag.py
[2026-03-25T08:47:20.656+0000] {processor.py:830} INFO - Processing file /opt/airflow/dags/e_commerce_dw_dag.py for tasks to queue
[2026-03-25T08:47:20.658+0000] {logging_mixin.py:188} INFO - [2026-03-25T08:47:20.658+0000] {dagbag.py:545} INFO - Filling up the DagBag from /opt/airflow/dags/e_commerce_dw_dag.py
[2026-03-25T08:47:20.711+0000] {processor.py:840} INFO - DAG(s) 'e_commerce_dw_etl' retrieved from /opt/airflow/dags/e_commerce_dw_dag.py
[2026-03-25T08:47:20.739+0000] {logging_mixin.py:188} INFO - [2026-03-25T08:47:20.739+0000] {dag.py:3096} INFO - Sync 1 DAGs
[2026-03-25T08:47:20.759+0000] {logging_mixin.py:188} INFO - [2026-03-25T08:47:20.759+0000] {dag.py:3954} INFO - Setting next_dagrun for e_commerce_dw_etl to 2026-03-25 00:00:00+00:00, run_after=2026-03-26 00:00:00+00:00
[2026-03-25T08:47:20.784+0000] {processor.py:183} INFO - Processing /opt/airflow/dags/e_commerce_dw_dag.py took 0.136 seconds
[2026-03-25T08:47:51.548+0000] {processor.py:161} INFO - Started process (PID=1906) to work on /opt/airflow/dags/e_commerce_dw_dag.py
[2026-03-25T08:47:51.550+0000] {processor.py:830} INFO - Processing file /opt/airflow/dags/e_commerce_dw_dag.py for tasks to queue
[2026-03-25T08:47:51.552+0000] {logging_mixin.py:188} INFO - [2026-03-25T08:47:51.551+0000] {dagbag.py:545} INFO - Filling up the DagBag from /opt/airflow/dags/e_commerce_dw_dag.py
[2026-03-25T08:47:51.618+0000] {logging_mixin.py:188} INFO - [2026-03-25T08:47:51.611+0000] {dagbag.py:355} ERROR - Failed to import: /opt/airflow/dags/e_commerce_dw_dag.py
Traceback (most recent call last):
  File "/home/airflow/.local/lib/python3.10/site-packages/airflow/models/dagbag.py", line 351, in parse
    loader.exec_module(new_module)
  File "<frozen importlib._bootstrap_external>", line 883, in exec_module
  File "<frozen importlib._bootstrap>", line 241, in _call_with_frames_removed
  File "/opt/airflow/dags/e_commerce_dw_dag.py", line 12, in <module>
    from extract_data import extract_and_load_to_staging
  File "/opt/airflow/dags/extract_data.py", line 8, in <module>
    from plugins.mysql_operator import MySQLOperators
ModuleNotFoundError: No module named 'plugins'
[2026-03-25T08:47:51.621+0000] {processor.py:842} WARNING - No viable dags retrieved from /opt/airflow/dags/e_commerce_dw_dag.py
[2026-03-25T08:47:51.642+0000] {processor.py:183} INFO - Processing /opt/airflow/dags/e_commerce_dw_dag.py took 0.100 seconds
[2026-03-25T08:48:22.214+0000] {processor.py:161} INFO - Started process (PID=1932) to work on /opt/airflow/dags/e_commerce_dw_dag.py
[2026-03-25T08:48:22.216+0000] {processor.py:830} INFO - Processing file /opt/airflow/dags/e_commerce_dw_dag.py for tasks to queue
[2026-03-25T08:48:22.217+0000] {logging_mixin.py:188} INFO - [2026-03-25T08:48:22.217+0000] {dagbag.py:545} INFO - Filling up the DagBag from /opt/airflow/dags/e_commerce_dw_dag.py
[2026-03-25T08:48:22.284+0000] {logging_mixin.py:188} INFO - [2026-03-25T08:48:22.275+0000] {dagbag.py:355} ERROR - Failed to import: /opt/airflow/dags/e_commerce_dw_dag.py
Traceback (most recent call last):
  File "/home/airflow/.local/lib/python3.10/site-packages/airflow/models/dagbag.py", line 351, in parse
    loader.exec_module(new_module)
  File "<frozen importlib._bootstrap_external>", line 883, in exec_module
  File "<frozen importlib._bootstrap>", line 241, in _call_with_frames_removed
  File "/opt/airflow/dags/e_commerce_dw_dag.py", line 5, in <module>
    from transform_dim_customers import transform_dim_customers
  File "/opt/airflow/dags/transform_dim_customers.py", line 3, in <module>
    from plugins.postgresql_operator import PostgresOperators
ModuleNotFoundError: No module named 'plugins'
[2026-03-25T08:48:22.286+0000] {processor.py:842} WARNING - No viable dags retrieved from /opt/airflow/dags/e_commerce_dw_dag.py
[2026-03-25T08:48:22.304+0000] {processor.py:183} INFO - Processing /opt/airflow/dags/e_commerce_dw_dag.py took 0.096 seconds
[2026-03-25T08:48:52.906+0000] {processor.py:161} INFO - Started process (PID=1958) to work on /opt/airflow/dags/e_commerce_dw_dag.py
[2026-03-25T08:48:52.908+0000] {processor.py:830} INFO - Processing file /opt/airflow/dags/e_commerce_dw_dag.py for tasks to queue
[2026-03-25T08:48:52.909+0000] {logging_mixin.py:188} INFO - [2026-03-25T08:48:52.909+0000] {dagbag.py:545} INFO - Filling up the DagBag from /opt/airflow/dags/e_commerce_dw_dag.py
[2026-03-25T08:48:52.957+0000] {logging_mixin.py:188} INFO - [2026-03-25T08:48:52.945+0000] {dagbag.py:355} ERROR - Failed to import: /opt/airflow/dags/e_commerce_dw_dag.py
Traceback (most recent call last):
  File "/home/airflow/.local/lib/python3.10/site-packages/airflow/models/dagbag.py", line 351, in parse
    loader.exec_module(new_module)
  File "<frozen importlib._bootstrap_external>", line 883, in exec_module
  File "<frozen importlib._bootstrap>", line 241, in _call_with_frames_removed
  File "/opt/airflow/dags/e_commerce_dw_dag.py", line 5, in <module>
    from transform_dim_customers import transform_dim_customers
  File "/opt/airflow/dags/transform_dim_customers.py", line 3, in <module>
    from plugins.postgresql_operator import PostgresOperators
ModuleNotFoundError: No module named 'plugins'
[2026-03-25T08:48:52.962+0000] {processor.py:842} WARNING - No viable dags retrieved from /opt/airflow/dags/e_commerce_dw_dag.py
[2026-03-25T08:48:52.984+0000] {processor.py:183} INFO - Processing /opt/airflow/dags/e_commerce_dw_dag.py took 0.084 seconds
[2026-03-25T08:49:51.546+0000] {processor.py:161} INFO - Started process (PID=190) to work on /opt/airflow/dags/e_commerce_dw_dag.py
[2026-03-25T08:49:51.548+0000] {processor.py:830} INFO - Processing file /opt/airflow/dags/e_commerce_dw_dag.py for tasks to queue
[2026-03-25T08:49:51.551+0000] {logging_mixin.py:188} INFO - [2026-03-25T08:49:51.550+0000] {dagbag.py:545} INFO - Filling up the DagBag from /opt/airflow/dags/e_commerce_dw_dag.py
[2026-03-25T08:49:51.619+0000] {logging_mixin.py:188} INFO - [2026-03-25T08:49:51.610+0000] {dagbag.py:355} ERROR - Failed to import: /opt/airflow/dags/e_commerce_dw_dag.py
Traceback (most recent call last):
  File "/home/airflow/.local/lib/python3.10/site-packages/airflow/models/dagbag.py", line 351, in parse
    loader.exec_module(new_module)
  File "<frozen importlib._bootstrap_external>", line 883, in exec_module
  File "<frozen importlib._bootstrap>", line 241, in _call_with_frames_removed
  File "/opt/airflow/dags/e_commerce_dw_dag.py", line 5, in <module>
    from transform_dim_customers import transform_dim_customers
  File "/opt/airflow/dags/transform_dim_customers.py", line 3, in <module>
    from plugins.postgresql_operator import PostgresOperators
ModuleNotFoundError: No module named 'plugins'
[2026-03-25T08:49:51.622+0000] {processor.py:842} WARNING - No viable dags retrieved from /opt/airflow/dags/e_commerce_dw_dag.py
[2026-03-25T08:49:51.644+0000] {processor.py:183} INFO - Processing /opt/airflow/dags/e_commerce_dw_dag.py took 0.105 seconds
[2026-03-25T08:50:21.747+0000] {processor.py:161} INFO - Started process (PID=216) to work on /opt/airflow/dags/e_commerce_dw_dag.py
[2026-03-25T08:50:21.748+0000] {processor.py:830} INFO - Processing file /opt/airflow/dags/e_commerce_dw_dag.py for tasks to queue
[2026-03-25T08:50:21.751+0000] {logging_mixin.py:188} INFO - [2026-03-25T08:50:21.750+0000] {dagbag.py:545} INFO - Filling up the DagBag from /opt/airflow/dags/e_commerce_dw_dag.py
[2026-03-25T08:50:21.778+0000] {logging_mixin.py:188} INFO - [2026-03-25T08:50:21.772+0000] {dagbag.py:355} ERROR - Failed to import: /opt/airflow/dags/e_commerce_dw_dag.py
Traceback (most recent call last):
  File "/home/airflow/.local/lib/python3.10/site-packages/airflow/models/dagbag.py", line 351, in parse
    loader.exec_module(new_module)
  File "<frozen importlib._bootstrap_external>", line 883, in exec_module
  File "<frozen importlib._bootstrap>", line 241, in _call_with_frames_removed
  File "/opt/airflow/dags/e_commerce_dw_dag.py", line 5, in <module>
    from transform_dim_customers import transform_dim_customers
  File "/opt/airflow/dags/transform_dim_customers.py", line 3, in <module>
    from plugins.postgresql_operator import PostgresOperators
ModuleNotFoundError: No module named 'plugins'
[2026-03-25T08:50:21.781+0000] {processor.py:842} WARNING - No viable dags retrieved from /opt/airflow/dags/e_commerce_dw_dag.py
[2026-03-25T08:50:21.806+0000] {processor.py:183} INFO - Processing /opt/airflow/dags/e_commerce_dw_dag.py took 0.067 seconds
[2026-03-25T08:50:52.304+0000] {processor.py:161} INFO - Started process (PID=243) to work on /opt/airflow/dags/e_commerce_dw_dag.py
[2026-03-25T08:50:52.305+0000] {processor.py:830} INFO - Processing file /opt/airflow/dags/e_commerce_dw_dag.py for tasks to queue
[2026-03-25T08:50:52.307+0000] {logging_mixin.py:188} INFO - [2026-03-25T08:50:52.307+0000] {dagbag.py:545} INFO - Filling up the DagBag from /opt/airflow/dags/e_commerce_dw_dag.py
[2026-03-25T08:50:52.341+0000] {logging_mixin.py:188} INFO - [2026-03-25T08:50:52.332+0000] {dagbag.py:355} ERROR - Failed to import: /opt/airflow/dags/e_commerce_dw_dag.py
Traceback (most recent call last):
  File "/home/airflow/.local/lib/python3.10/site-packages/airflow/models/dagbag.py", line 351, in parse
    loader.exec_module(new_module)
  File "<frozen importlib._bootstrap_external>", line 883, in exec_module
  File "<frozen importlib._bootstrap>", line 241, in _call_with_frames_removed
  File "/opt/airflow/dags/e_commerce_dw_dag.py", line 5, in <module>
    from transform_dim_customers import transform_dim_customers
  File "/opt/airflow/dags/transform_dim_customers.py", line 3, in <module>
    from plugins.postgresql_operator import PostgresOperators
ModuleNotFoundError: No module named 'plugins'
[2026-03-25T08:50:52.345+0000] {processor.py:842} WARNING - No viable dags retrieved from /opt/airflow/dags/e_commerce_dw_dag.py
[2026-03-25T08:50:52.370+0000] {processor.py:183} INFO - Processing /opt/airflow/dags/e_commerce_dw_dag.py took 0.073 seconds
[2026-03-25T08:51:23.054+0000] {processor.py:161} INFO - Started process (PID=269) to work on /opt/airflow/dags/e_commerce_dw_dag.py
[2026-03-25T08:51:23.056+0000] {processor.py:830} INFO - Processing file /opt/airflow/dags/e_commerce_dw_dag.py for tasks to queue
[2026-03-25T08:51:23.059+0000] {logging_mixin.py:188} INFO - [2026-03-25T08:51:23.058+0000] {dagbag.py:545} INFO - Filling up the DagBag from /opt/airflow/dags/e_commerce_dw_dag.py
[2026-03-25T08:51:23.100+0000] {logging_mixin.py:188} INFO - [2026-03-25T08:51:23.089+0000] {dagbag.py:355} ERROR - Failed to import: /opt/airflow/dags/e_commerce_dw_dag.py
Traceback (most recent call last):
  File "/home/airflow/.local/lib/python3.10/site-packages/airflow/models/dagbag.py", line 351, in parse
    loader.exec_module(new_module)
  File "<frozen importlib._bootstrap_external>", line 883, in exec_module
  File "<frozen importlib._bootstrap>", line 241, in _call_with_frames_removed
  File "/opt/airflow/dags/e_commerce_dw_dag.py", line 5, in <module>
    from transform_dim_customers import transform_dim_customers
  File "/opt/airflow/dags/transform_dim_customers.py", line 3, in <module>
    from plugins.postgresql_operator import PostgresOperators
ModuleNotFoundError: No module named 'plugins'
[2026-03-25T08:51:23.102+0000] {processor.py:842} WARNING - No viable dags retrieved from /opt/airflow/dags/e_commerce_dw_dag.py
[2026-03-25T08:51:23.121+0000] {processor.py:183} INFO - Processing /opt/airflow/dags/e_commerce_dw_dag.py took 0.075 seconds
[2026-03-25T08:51:53.642+0000] {processor.py:161} INFO - Started process (PID=295) to work on /opt/airflow/dags/e_commerce_dw_dag.py
[2026-03-25T08:51:53.643+0000] {processor.py:830} INFO - Processing file /opt/airflow/dags/e_commerce_dw_dag.py for tasks to queue
[2026-03-25T08:51:53.647+0000] {logging_mixin.py:188} INFO - [2026-03-25T08:51:53.647+0000] {dagbag.py:545} INFO - Filling up the DagBag from /opt/airflow/dags/e_commerce_dw_dag.py
[2026-03-25T08:51:53.674+0000] {logging_mixin.py:188} INFO - [2026-03-25T08:51:53.667+0000] {dagbag.py:355} ERROR - Failed to import: /opt/airflow/dags/e_commerce_dw_dag.py
Traceback (most recent call last):
  File "/home/airflow/.local/lib/python3.10/site-packages/airflow/models/dagbag.py", line 351, in parse
    loader.exec_module(new_module)
  File "<frozen importlib._bootstrap_external>", line 883, in exec_module
  File "<frozen importlib._bootstrap>", line 241, in _call_with_frames_removed
  File "/opt/airflow/dags/e_commerce_dw_dag.py", line 5, in <module>
    from transform_dim_customers import transform_dim_customers
  File "/opt/airflow/dags/transform_dim_customers.py", line 3, in <module>
    from plugins.postgresql_operator import PostgresOperators
ModuleNotFoundError: No module named 'plugins'
[2026-03-25T08:51:53.676+0000] {processor.py:842} WARNING - No viable dags retrieved from /opt/airflow/dags/e_commerce_dw_dag.py
[2026-03-25T08:51:53.700+0000] {processor.py:183} INFO - Processing /opt/airflow/dags/e_commerce_dw_dag.py took 0.065 seconds
[2026-03-25T08:52:24.359+0000] {processor.py:161} INFO - Started process (PID=321) to work on /opt/airflow/dags/e_commerce_dw_dag.py
[2026-03-25T08:52:24.362+0000] {processor.py:830} INFO - Processing file /opt/airflow/dags/e_commerce_dw_dag.py for tasks to queue
[2026-03-25T08:52:24.371+0000] {logging_mixin.py:188} INFO - [2026-03-25T08:52:24.371+0000] {dagbag.py:545} INFO - Filling up the DagBag from /opt/airflow/dags/e_commerce_dw_dag.py
[2026-03-25T08:52:24.461+0000] {logging_mixin.py:188} INFO - [2026-03-25T08:52:24.439+0000] {dagbag.py:355} ERROR - Failed to import: /opt/airflow/dags/e_commerce_dw_dag.py
Traceback (most recent call last):
  File "/home/airflow/.local/lib/python3.10/site-packages/airflow/models/dagbag.py", line 351, in parse
    loader.exec_module(new_module)
  File "<frozen importlib._bootstrap_external>", line 883, in exec_module
  File "<frozen importlib._bootstrap>", line 241, in _call_with_frames_removed
  File "/opt/airflow/dags/e_commerce_dw_dag.py", line 5, in <module>
    from transform_dim_customers import transform_dim_customers
  File "/opt/airflow/dags/transform_dim_customers.py", line 3, in <module>
    from plugins.postgresql_operator import PostgresOperators
ModuleNotFoundError: No module named 'plugins'
[2026-03-25T08:52:24.469+0000] {processor.py:842} WARNING - No viable dags retrieved from /opt/airflow/dags/e_commerce_dw_dag.py
[2026-03-25T08:52:24.501+0000] {processor.py:183} INFO - Processing /opt/airflow/dags/e_commerce_dw_dag.py took 0.156 seconds
[2026-03-25T08:52:55.302+0000] {processor.py:161} INFO - Started process (PID=357) to work on /opt/airflow/dags/e_commerce_dw_dag.py
[2026-03-25T08:52:55.303+0000] {processor.py:830} INFO - Processing file /opt/airflow/dags/e_commerce_dw_dag.py for tasks to queue
[2026-03-25T08:52:55.306+0000] {logging_mixin.py:188} INFO - [2026-03-25T08:52:55.306+0000] {dagbag.py:545} INFO - Filling up the DagBag from /opt/airflow/dags/e_commerce_dw_dag.py
[2026-03-25T08:52:55.332+0000] {logging_mixin.py:188} INFO - [2026-03-25T08:52:55.326+0000] {dagbag.py:355} ERROR - Failed to import: /opt/airflow/dags/e_commerce_dw_dag.py
Traceback (most recent call last):
  File "/home/airflow/.local/lib/python3.10/site-packages/airflow/models/dagbag.py", line 351, in parse
    loader.exec_module(new_module)
  File "<frozen importlib._bootstrap_external>", line 883, in exec_module
  File "<frozen importlib._bootstrap>", line 241, in _call_with_frames_removed
  File "/opt/airflow/dags/e_commerce_dw_dag.py", line 5, in <module>
    from transform_dim_customers import transform_dim_customers
  File "/opt/airflow/dags/transform_dim_customers.py", line 3, in <module>
    from plugins.postgresql_operator import PostgresOperators
ModuleNotFoundError: No module named 'plugins'
[2026-03-25T08:52:55.334+0000] {processor.py:842} WARNING - No viable dags retrieved from /opt/airflow/dags/e_commerce_dw_dag.py
[2026-03-25T08:52:55.354+0000] {processor.py:183} INFO - Processing /opt/airflow/dags/e_commerce_dw_dag.py took 0.062 seconds
[2026-03-25T08:53:25.983+0000] {processor.py:161} INFO - Started process (PID=389) to work on /opt/airflow/dags/e_commerce_dw_dag.py
[2026-03-25T08:53:25.984+0000] {processor.py:830} INFO - Processing file /opt/airflow/dags/e_commerce_dw_dag.py for tasks to queue
[2026-03-25T08:53:25.986+0000] {logging_mixin.py:188} INFO - [2026-03-25T08:53:25.986+0000] {dagbag.py:545} INFO - Filling up the DagBag from /opt/airflow/dags/e_commerce_dw_dag.py
[2026-03-25T08:53:26.010+0000] {logging_mixin.py:188} INFO - [2026-03-25T08:53:26.003+0000] {dagbag.py:355} ERROR - Failed to import: /opt/airflow/dags/e_commerce_dw_dag.py
Traceback (most recent call last):
  File "/home/airflow/.local/lib/python3.10/site-packages/airflow/models/dagbag.py", line 351, in parse
    loader.exec_module(new_module)
  File "<frozen importlib._bootstrap_external>", line 883, in exec_module
  File "<frozen importlib._bootstrap>", line 241, in _call_with_frames_removed
  File "/opt/airflow/dags/e_commerce_dw_dag.py", line 5, in <module>
    from transform_dim_customers import transform_dim_customers
  File "/opt/airflow/dags/transform_dim_customers.py", line 3, in <module>
    from plugins.postgresql_operator import PostgresOperators
ModuleNotFoundError: No module named 'plugins'
[2026-03-25T08:53:26.012+0000] {processor.py:842} WARNING - No viable dags retrieved from /opt/airflow/dags/e_commerce_dw_dag.py
[2026-03-25T08:53:26.032+0000] {processor.py:183} INFO - Processing /opt/airflow/dags/e_commerce_dw_dag.py took 0.055 seconds
[2026-03-25T08:53:35.255+0000] {processor.py:161} INFO - Started process (PID=404) to work on /opt/airflow/dags/e_commerce_dw_dag.py
[2026-03-25T08:53:35.257+0000] {processor.py:830} INFO - Processing file /opt/airflow/dags/e_commerce_dw_dag.py for tasks to queue
[2026-03-25T08:53:35.260+0000] {logging_mixin.py:188} INFO - [2026-03-25T08:53:35.259+0000] {dagbag.py:545} INFO - Filling up the DagBag from /opt/airflow/dags/e_commerce_dw_dag.py
[2026-03-25T08:53:35.296+0000] {logging_mixin.py:188} INFO - [2026-03-25T08:53:35.291+0000] {dagbag.py:355} ERROR - Failed to import: /opt/airflow/dags/e_commerce_dw_dag.py
Traceback (most recent call last):
  File "/home/airflow/.local/lib/python3.10/site-packages/airflow/models/dagbag.py", line 351, in parse
    loader.exec_module(new_module)
  File "<frozen importlib._bootstrap_external>", line 883, in exec_module
  File "<frozen importlib._bootstrap>", line 241, in _call_with_frames_removed
  File "/opt/airflow/dags/e_commerce_dw_dag.py", line 2, in <module>
    from airflow.providers.standard.operators.python import PythonOperator
ModuleNotFoundError: No module named 'airflow.providers.standard'
[2026-03-25T08:53:35.298+0000] {processor.py:842} WARNING - No viable dags retrieved from /opt/airflow/dags/e_commerce_dw_dag.py
[2026-03-25T08:53:35.319+0000] {processor.py:183} INFO - Processing /opt/airflow/dags/e_commerce_dw_dag.py took 0.073 seconds
[2026-03-25T08:53:40.446+0000] {processor.py:161} INFO - Started process (PID=409) to work on /opt/airflow/dags/e_commerce_dw_dag.py
[2026-03-25T08:53:40.448+0000] {processor.py:830} INFO - Processing file /opt/airflow/dags/e_commerce_dw_dag.py for tasks to queue
[2026-03-25T08:53:40.451+0000] {logging_mixin.py:188} INFO - [2026-03-25T08:53:40.450+0000] {dagbag.py:545} INFO - Filling up the DagBag from /opt/airflow/dags/e_commerce_dw_dag.py
[2026-03-25T08:53:40.499+0000] {logging_mixin.py:188} INFO - [2026-03-25T08:53:40.493+0000] {dagbag.py:355} ERROR - Failed to import: /opt/airflow/dags/e_commerce_dw_dag.py
Traceback (most recent call last):
  File "/home/airflow/.local/lib/python3.10/site-packages/airflow/models/dagbag.py", line 351, in parse
    loader.exec_module(new_module)
  File "<frozen importlib._bootstrap_external>", line 883, in exec_module
  File "<frozen importlib._bootstrap>", line 241, in _call_with_frames_removed
  File "/opt/airflow/dags/e_commerce_dw_dag.py", line 5, in <module>
    from transform_dim_customers import transform_dim_customers
  File "/opt/airflow/dags/transform_dim_customers.py", line 3, in <module>
    from plugins.postgresql_operator import PostgresOperators
ModuleNotFoundError: No module named 'plugins'
[2026-03-25T08:53:40.503+0000] {processor.py:842} WARNING - No viable dags retrieved from /opt/airflow/dags/e_commerce_dw_dag.py
[2026-03-25T08:53:40.526+0000] {processor.py:183} INFO - Processing /opt/airflow/dags/e_commerce_dw_dag.py took 0.087 seconds
[2026-03-25T08:54:11.249+0000] {processor.py:161} INFO - Started process (PID=435) to work on /opt/airflow/dags/e_commerce_dw_dag.py
[2026-03-25T08:54:11.251+0000] {processor.py:830} INFO - Processing file /opt/airflow/dags/e_commerce_dw_dag.py for tasks to queue
[2026-03-25T08:54:11.253+0000] {logging_mixin.py:188} INFO - [2026-03-25T08:54:11.253+0000] {dagbag.py:545} INFO - Filling up the DagBag from /opt/airflow/dags/e_commerce_dw_dag.py
[2026-03-25T08:54:11.280+0000] {logging_mixin.py:188} INFO - [2026-03-25T08:54:11.274+0000] {dagbag.py:355} ERROR - Failed to import: /opt/airflow/dags/e_commerce_dw_dag.py
Traceback (most recent call last):
  File "/home/airflow/.local/lib/python3.10/site-packages/airflow/models/dagbag.py", line 351, in parse
    loader.exec_module(new_module)
  File "<frozen importlib._bootstrap_external>", line 883, in exec_module
  File "<frozen importlib._bootstrap>", line 241, in _call_with_frames_removed
  File "/opt/airflow/dags/e_commerce_dw_dag.py", line 5, in <module>
    from transform_dim_customers import transform_dim_customers
  File "/opt/airflow/dags/transform_dim_customers.py", line 3, in <module>
    from plugins.postgresql_operator import PostgresOperators
ModuleNotFoundError: No module named 'plugins'
[2026-03-25T08:54:11.282+0000] {processor.py:842} WARNING - No viable dags retrieved from /opt/airflow/dags/e_commerce_dw_dag.py
[2026-03-25T08:54:11.301+0000] {processor.py:183} INFO - Processing /opt/airflow/dags/e_commerce_dw_dag.py took 0.057 seconds
[2026-03-25T08:54:42.154+0000] {processor.py:161} INFO - Started process (PID=476) to work on /opt/airflow/dags/e_commerce_dw_dag.py
[2026-03-25T08:54:42.156+0000] {processor.py:830} INFO - Processing file /opt/airflow/dags/e_commerce_dw_dag.py for tasks to queue
[2026-03-25T08:54:42.158+0000] {logging_mixin.py:188} INFO - [2026-03-25T08:54:42.157+0000] {dagbag.py:545} INFO - Filling up the DagBag from /opt/airflow/dags/e_commerce_dw_dag.py
[2026-03-25T08:54:42.188+0000] {logging_mixin.py:188} INFO - [2026-03-25T08:54:42.182+0000] {dagbag.py:355} ERROR - Failed to import: /opt/airflow/dags/e_commerce_dw_dag.py
Traceback (most recent call last):
  File "/home/airflow/.local/lib/python3.10/site-packages/airflow/models/dagbag.py", line 351, in parse
    loader.exec_module(new_module)
  File "<frozen importlib._bootstrap_external>", line 883, in exec_module
  File "<frozen importlib._bootstrap>", line 241, in _call_with_frames_removed
  File "/opt/airflow/dags/e_commerce_dw_dag.py", line 5, in <module>
    from transform_dim_customers import transform_dim_customers
  File "/opt/airflow/dags/transform_dim_customers.py", line 3, in <module>
    from plugins.postgresql_operator import PostgresOperators
ModuleNotFoundError: No module named 'plugins'
[2026-03-25T08:54:42.190+0000] {processor.py:842} WARNING - No viable dags retrieved from /opt/airflow/dags/e_commerce_dw_dag.py
[2026-03-25T08:54:42.209+0000] {processor.py:183} INFO - Processing /opt/airflow/dags/e_commerce_dw_dag.py took 0.061 seconds
[2026-03-25T08:55:12.922+0000] {processor.py:161} INFO - Started process (PID=502) to work on /opt/airflow/dags/e_commerce_dw_dag.py
[2026-03-25T08:55:12.923+0000] {processor.py:830} INFO - Processing file /opt/airflow/dags/e_commerce_dw_dag.py for tasks to queue
[2026-03-25T08:55:12.925+0000] {logging_mixin.py:188} INFO - [2026-03-25T08:55:12.925+0000] {dagbag.py:545} INFO - Filling up the DagBag from /opt/airflow/dags/e_commerce_dw_dag.py
[2026-03-25T08:55:12.958+0000] {logging_mixin.py:188} INFO - [2026-03-25T08:55:12.952+0000] {dagbag.py:355} ERROR - Failed to import: /opt/airflow/dags/e_commerce_dw_dag.py
Traceback (most recent call last):
  File "/home/airflow/.local/lib/python3.10/site-packages/airflow/models/dagbag.py", line 351, in parse
    loader.exec_module(new_module)
  File "<frozen importlib._bootstrap_external>", line 883, in exec_module
  File "<frozen importlib._bootstrap>", line 241, in _call_with_frames_removed
  File "/opt/airflow/dags/e_commerce_dw_dag.py", line 5, in <module>
    from transform_dim_customers import transform_dim_customers
  File "/opt/airflow/dags/transform_dim_customers.py", line 3, in <module>
    from plugins.postgresql_operator import PostgresOperators
ModuleNotFoundError: No module named 'plugins'
[2026-03-25T08:55:12.961+0000] {processor.py:842} WARNING - No viable dags retrieved from /opt/airflow/dags/e_commerce_dw_dag.py
[2026-03-25T08:55:12.979+0000] {processor.py:183} INFO - Processing /opt/airflow/dags/e_commerce_dw_dag.py took 0.063 seconds
[2026-03-25T08:55:43.497+0000] {processor.py:161} INFO - Started process (PID=528) to work on /opt/airflow/dags/e_commerce_dw_dag.py
[2026-03-25T08:55:43.498+0000] {processor.py:830} INFO - Processing file /opt/airflow/dags/e_commerce_dw_dag.py for tasks to queue
[2026-03-25T08:55:43.501+0000] {logging_mixin.py:188} INFO - [2026-03-25T08:55:43.501+0000] {dagbag.py:545} INFO - Filling up the DagBag from /opt/airflow/dags/e_commerce_dw_dag.py
[2026-03-25T08:55:43.536+0000] {logging_mixin.py:188} INFO - [2026-03-25T08:55:43.529+0000] {dagbag.py:355} ERROR - Failed to import: /opt/airflow/dags/e_commerce_dw_dag.py
Traceback (most recent call last):
  File "/home/airflow/.local/lib/python3.10/site-packages/airflow/models/dagbag.py", line 351, in parse
    loader.exec_module(new_module)
  File "<frozen importlib._bootstrap_external>", line 883, in exec_module
  File "<frozen importlib._bootstrap>", line 241, in _call_with_frames_removed
  File "/opt/airflow/dags/e_commerce_dw_dag.py", line 5, in <module>
    from transform_dim_customers import transform_dim_customers
  File "/opt/airflow/dags/transform_dim_customers.py", line 3, in <module>
    from plugins.postgresql_operator import PostgresOperators
ModuleNotFoundError: No module named 'plugins'
[2026-03-25T08:55:43.539+0000] {processor.py:842} WARNING - No viable dags retrieved from /opt/airflow/dags/e_commerce_dw_dag.py
[2026-03-25T08:55:43.558+0000] {processor.py:183} INFO - Processing /opt/airflow/dags/e_commerce_dw_dag.py took 0.067 seconds
[2026-03-25T08:56:14.138+0000] {processor.py:161} INFO - Started process (PID=554) to work on /opt/airflow/dags/e_commerce_dw_dag.py
[2026-03-25T08:56:14.142+0000] {processor.py:830} INFO - Processing file /opt/airflow/dags/e_commerce_dw_dag.py for tasks to queue
[2026-03-25T08:56:14.148+0000] {logging_mixin.py:188} INFO - [2026-03-25T08:56:14.148+0000] {dagbag.py:545} INFO - Filling up the DagBag from /opt/airflow/dags/e_commerce_dw_dag.py
[2026-03-25T08:56:14.196+0000] {logging_mixin.py:188} INFO - [2026-03-25T08:56:14.185+0000] {dagbag.py:355} ERROR - Failed to import: /opt/airflow/dags/e_commerce_dw_dag.py
Traceback (most recent call last):
  File "/home/airflow/.local/lib/python3.10/site-packages/airflow/models/dagbag.py", line 351, in parse
    loader.exec_module(new_module)
  File "<frozen importlib._bootstrap_external>", line 883, in exec_module
  File "<frozen importlib._bootstrap>", line 241, in _call_with_frames_removed
  File "/opt/airflow/dags/e_commerce_dw_dag.py", line 5, in <module>
    from transform_dim_customers import transform_dim_customers
  File "/opt/airflow/dags/transform_dim_customers.py", line 3, in <module>
    from plugins.postgresql_operator import PostgresOperators
ModuleNotFoundError: No module named 'plugins'
[2026-03-25T08:56:14.201+0000] {processor.py:842} WARNING - No viable dags retrieved from /opt/airflow/dags/e_commerce_dw_dag.py
[2026-03-25T08:56:14.231+0000] {processor.py:183} INFO - Processing /opt/airflow/dags/e_commerce_dw_dag.py took 0.103 seconds
[2026-03-25T08:56:44.863+0000] {processor.py:161} INFO - Started process (PID=580) to work on /opt/airflow/dags/e_commerce_dw_dag.py
[2026-03-25T08:56:44.865+0000] {processor.py:830} INFO - Processing file /opt/airflow/dags/e_commerce_dw_dag.py for tasks to queue
[2026-03-25T08:56:44.867+0000] {logging_mixin.py:188} INFO - [2026-03-25T08:56:44.866+0000] {dagbag.py:545} INFO - Filling up the DagBag from /opt/airflow/dags/e_commerce_dw_dag.py
[2026-03-25T08:56:44.903+0000] {logging_mixin.py:188} INFO - [2026-03-25T08:56:44.894+0000] {dagbag.py:355} ERROR - Failed to import: /opt/airflow/dags/e_commerce_dw_dag.py
Traceback (most recent call last):
  File "/home/airflow/.local/lib/python3.10/site-packages/airflow/models/dagbag.py", line 351, in parse
    loader.exec_module(new_module)
  File "<frozen importlib._bootstrap_external>", line 883, in exec_module
  File "<frozen importlib._bootstrap>", line 241, in _call_with_frames_removed
  File "/opt/airflow/dags/e_commerce_dw_dag.py", line 5, in <module>
    from transform_dim_customers import transform_dim_customers
  File "/opt/airflow/dags/transform_dim_customers.py", line 3, in <module>
    from plugins.postgresql_operator import PostgresOperators
ModuleNotFoundError: No module named 'plugins'
[2026-03-25T08:56:44.906+0000] {processor.py:842} WARNING - No viable dags retrieved from /opt/airflow/dags/e_commerce_dw_dag.py
[2026-03-25T08:56:44.928+0000] {processor.py:183} INFO - Processing /opt/airflow/dags/e_commerce_dw_dag.py took 0.071 seconds
[2026-03-25T08:57:15.657+0000] {processor.py:161} INFO - Started process (PID=606) to work on /opt/airflow/dags/e_commerce_dw_dag.py
[2026-03-25T08:57:15.658+0000] {processor.py:830} INFO - Processing file /opt/airflow/dags/e_commerce_dw_dag.py for tasks to queue
[2026-03-25T08:57:15.661+0000] {logging_mixin.py:188} INFO - [2026-03-25T08:57:15.660+0000] {dagbag.py:545} INFO - Filling up the DagBag from /opt/airflow/dags/e_commerce_dw_dag.py
[2026-03-25T08:57:15.693+0000] {logging_mixin.py:188} INFO - [2026-03-25T08:57:15.683+0000] {dagbag.py:355} ERROR - Failed to import: /opt/airflow/dags/e_commerce_dw_dag.py
Traceback (most recent call last):
  File "/home/airflow/.local/lib/python3.10/site-packages/airflow/models/dagbag.py", line 351, in parse
    loader.exec_module(new_module)
  File "<frozen importlib._bootstrap_external>", line 883, in exec_module
  File "<frozen importlib._bootstrap>", line 241, in _call_with_frames_removed
  File "/opt/airflow/dags/e_commerce_dw_dag.py", line 5, in <module>
    from transform_dim_customers import transform_dim_customers
  File "/opt/airflow/dags/transform_dim_customers.py", line 3, in <module>
    from plugins.postgresql_operator import PostgresOperators
ModuleNotFoundError: No module named 'plugins'
[2026-03-25T08:57:15.696+0000] {processor.py:842} WARNING - No viable dags retrieved from /opt/airflow/dags/e_commerce_dw_dag.py
[2026-03-25T08:57:15.719+0000] {processor.py:183} INFO - Processing /opt/airflow/dags/e_commerce_dw_dag.py took 0.069 seconds
[2026-03-25T08:57:46.245+0000] {processor.py:161} INFO - Started process (PID=633) to work on /opt/airflow/dags/e_commerce_dw_dag.py
[2026-03-25T08:57:46.246+0000] {processor.py:830} INFO - Processing file /opt/airflow/dags/e_commerce_dw_dag.py for tasks to queue
[2026-03-25T08:57:46.248+0000] {logging_mixin.py:188} INFO - [2026-03-25T08:57:46.248+0000] {dagbag.py:545} INFO - Filling up the DagBag from /opt/airflow/dags/e_commerce_dw_dag.py
[2026-03-25T08:57:46.289+0000] {logging_mixin.py:188} INFO - [2026-03-25T08:57:46.278+0000] {dagbag.py:355} ERROR - Failed to import: /opt/airflow/dags/e_commerce_dw_dag.py
Traceback (most recent call last):
  File "/home/airflow/.local/lib/python3.10/site-packages/airflow/models/dagbag.py", line 351, in parse
    loader.exec_module(new_module)
  File "<frozen importlib._bootstrap_external>", line 883, in exec_module
  File "<frozen importlib._bootstrap>", line 241, in _call_with_frames_removed
  File "/opt/airflow/dags/e_commerce_dw_dag.py", line 5, in <module>
    from transform_dim_customers import transform_dim_customers
  File "/opt/airflow/dags/transform_dim_customers.py", line 3, in <module>
    from plugins.postgresql_operator import PostgresOperators
ModuleNotFoundError: No module named 'plugins'
[2026-03-25T08:57:46.293+0000] {processor.py:842} WARNING - No viable dags retrieved from /opt/airflow/dags/e_commerce_dw_dag.py
[2026-03-25T08:57:46.322+0000] {processor.py:183} INFO - Processing /opt/airflow/dags/e_commerce_dw_dag.py took 0.085 seconds
[2026-03-25T08:58:16.920+0000] {processor.py:161} INFO - Started process (PID=659) to work on /opt/airflow/dags/e_commerce_dw_dag.py
[2026-03-25T08:58:16.922+0000] {processor.py:830} INFO - Processing file /opt/airflow/dags/e_commerce_dw_dag.py for tasks to queue
[2026-03-25T08:58:16.925+0000] {logging_mixin.py:188} INFO - [2026-03-25T08:58:16.925+0000] {dagbag.py:545} INFO - Filling up the DagBag from /opt/airflow/dags/e_commerce_dw_dag.py
[2026-03-25T08:58:16.970+0000] {logging_mixin.py:188} INFO - [2026-03-25T08:58:16.958+0000] {dagbag.py:355} ERROR - Failed to import: /opt/airflow/dags/e_commerce_dw_dag.py
Traceback (most recent call last):
  File "/home/airflow/.local/lib/python3.10/site-packages/airflow/models/dagbag.py", line 351, in parse
    loader.exec_module(new_module)
  File "<frozen importlib._bootstrap_external>", line 883, in exec_module
  File "<frozen importlib._bootstrap>", line 241, in _call_with_frames_removed
  File "/opt/airflow/dags/e_commerce_dw_dag.py", line 5, in <module>
    from transform_dim_customers import transform_dim_customers
  File "/opt/airflow/dags/transform_dim_customers.py", line 3, in <module>
    from plugins.postgresql_operator import PostgresOperators
ModuleNotFoundError: No module named 'plugins'
[2026-03-25T08:58:16.974+0000] {processor.py:842} WARNING - No viable dags retrieved from /opt/airflow/dags/e_commerce_dw_dag.py
[2026-03-25T08:58:16.994+0000] {processor.py:183} INFO - Processing /opt/airflow/dags/e_commerce_dw_dag.py took 0.080 seconds
[2026-03-25T08:58:47.540+0000] {processor.py:161} INFO - Started process (PID=685) to work on /opt/airflow/dags/e_commerce_dw_dag.py
[2026-03-25T08:58:47.541+0000] {processor.py:830} INFO - Processing file /opt/airflow/dags/e_commerce_dw_dag.py for tasks to queue
[2026-03-25T08:58:47.544+0000] {logging_mixin.py:188} INFO - [2026-03-25T08:58:47.543+0000] {dagbag.py:545} INFO - Filling up the DagBag from /opt/airflow/dags/e_commerce_dw_dag.py
[2026-03-25T08:58:47.568+0000] {logging_mixin.py:188} INFO - [2026-03-25T08:58:47.562+0000] {dagbag.py:355} ERROR - Failed to import: /opt/airflow/dags/e_commerce_dw_dag.py
Traceback (most recent call last):
  File "/home/airflow/.local/lib/python3.10/site-packages/airflow/models/dagbag.py", line 351, in parse
    loader.exec_module(new_module)
  File "<frozen importlib._bootstrap_external>", line 883, in exec_module
  File "<frozen importlib._bootstrap>", line 241, in _call_with_frames_removed
  File "/opt/airflow/dags/e_commerce_dw_dag.py", line 5, in <module>
    from transform_dim_customers import transform_dim_customers
  File "/opt/airflow/dags/transform_dim_customers.py", line 3, in <module>
    from plugins.postgresql_operator import PostgresOperators
ModuleNotFoundError: No module named 'plugins'
[2026-03-25T08:58:47.570+0000] {processor.py:842} WARNING - No viable dags retrieved from /opt/airflow/dags/e_commerce_dw_dag.py
[2026-03-25T08:58:47.588+0000] {processor.py:183} INFO - Processing /opt/airflow/dags/e_commerce_dw_dag.py took 0.055 seconds
[2026-03-25T08:59:18.306+0000] {processor.py:161} INFO - Started process (PID=711) to work on /opt/airflow/dags/e_commerce_dw_dag.py
[2026-03-25T08:59:18.307+0000] {processor.py:830} INFO - Processing file /opt/airflow/dags/e_commerce_dw_dag.py for tasks to queue
[2026-03-25T08:59:18.309+0000] {logging_mixin.py:188} INFO - [2026-03-25T08:59:18.309+0000] {dagbag.py:545} INFO - Filling up the DagBag from /opt/airflow/dags/e_commerce_dw_dag.py
[2026-03-25T08:59:18.337+0000] {logging_mixin.py:188} INFO - [2026-03-25T08:59:18.332+0000] {dagbag.py:355} ERROR - Failed to import: /opt/airflow/dags/e_commerce_dw_dag.py
Traceback (most recent call last):
  File "/home/airflow/.local/lib/python3.10/site-packages/airflow/models/dagbag.py", line 351, in parse
    loader.exec_module(new_module)
  File "<frozen importlib._bootstrap_external>", line 883, in exec_module
  File "<frozen importlib._bootstrap>", line 241, in _call_with_frames_removed
  File "/opt/airflow/dags/e_commerce_dw_dag.py", line 5, in <module>
    from transform_dim_customers import transform_dim_customers
  File "/opt/airflow/dags/transform_dim_customers.py", line 3, in <module>
    from plugins.postgresql_operator import PostgresOperators
ModuleNotFoundError: No module named 'plugins'
[2026-03-25T08:59:18.339+0000] {processor.py:842} WARNING - No viable dags retrieved from /opt/airflow/dags/e_commerce_dw_dag.py
[2026-03-25T08:59:18.357+0000] {processor.py:183} INFO - Processing /opt/airflow/dags/e_commerce_dw_dag.py took 0.058 seconds
[2026-03-25T08:59:49.005+0000] {processor.py:161} INFO - Started process (PID=801) to work on /opt/airflow/dags/e_commerce_dw_dag.py
[2026-03-25T08:59:49.009+0000] {processor.py:830} INFO - Processing file /opt/airflow/dags/e_commerce_dw_dag.py for tasks to queue
[2026-03-25T08:59:49.013+0000] {logging_mixin.py:188} INFO - [2026-03-25T08:59:49.012+0000] {dagbag.py:545} INFO - Filling up the DagBag from /opt/airflow/dags/e_commerce_dw_dag.py
[2026-03-25T08:59:49.093+0000] {logging_mixin.py:188} INFO - [2026-03-25T08:59:49.082+0000] {dagbag.py:355} ERROR - Failed to import: /opt/airflow/dags/e_commerce_dw_dag.py
Traceback (most recent call last):
  File "/home/airflow/.local/lib/python3.10/site-packages/airflow/models/dagbag.py", line 351, in parse
    loader.exec_module(new_module)
  File "<frozen importlib._bootstrap_external>", line 883, in exec_module
  File "<frozen importlib._bootstrap>", line 241, in _call_with_frames_removed
  File "/opt/airflow/dags/e_commerce_dw_dag.py", line 5, in <module>
    from transform_dim_customers import transform_dim_customers
  File "/opt/airflow/dags/transform_dim_customers.py", line 3, in <module>
    from plugins.postgresql_operator import PostgresOperators
ModuleNotFoundError: No module named 'plugins'
[2026-03-25T08:59:49.097+0000] {processor.py:842} WARNING - No viable dags retrieved from /opt/airflow/dags/e_commerce_dw_dag.py
[2026-03-25T08:59:49.152+0000] {processor.py:183} INFO - Processing /opt/airflow/dags/e_commerce_dw_dag.py took 0.163 seconds
[2026-03-25T09:05:10.123+0000] {processor.py:161} INFO - Started process (PID=188) to work on /opt/airflow/dags/e_commerce_dw_dag.py
[2026-03-25T09:05:10.124+0000] {processor.py:830} INFO - Processing file /opt/airflow/dags/e_commerce_dw_dag.py for tasks to queue
[2026-03-25T09:05:10.128+0000] {logging_mixin.py:188} INFO - [2026-03-25T09:05:10.127+0000] {dagbag.py:545} INFO - Filling up the DagBag from /opt/airflow/dags/e_commerce_dw_dag.py
[2026-03-25T09:05:10.193+0000] {logging_mixin.py:188} INFO - [2026-03-25T09:05:10.181+0000] {dagbag.py:355} ERROR - Failed to import: /opt/airflow/dags/e_commerce_dw_dag.py
Traceback (most recent call last):
  File "/home/airflow/.local/lib/python3.10/site-packages/airflow/models/dagbag.py", line 351, in parse
    loader.exec_module(new_module)
  File "<frozen importlib._bootstrap_external>", line 883, in exec_module
  File "<frozen importlib._bootstrap>", line 241, in _call_with_frames_removed
  File "/opt/airflow/dags/e_commerce_dw_dag.py", line 5, in <module>
    from transform_dim_customers import transform_dim_customers
  File "/opt/airflow/dags/transform_dim_customers.py", line 3, in <module>
    from plugins.postgresql_operator import PostgresOperators
ModuleNotFoundError: No module named 'plugins'
[2026-03-25T09:05:10.196+0000] {processor.py:842} WARNING - No viable dags retrieved from /opt/airflow/dags/e_commerce_dw_dag.py
[2026-03-25T09:05:10.223+0000] {processor.py:183} INFO - Processing /opt/airflow/dags/e_commerce_dw_dag.py took 0.112 seconds
[2026-03-25T09:05:40.647+0000] {processor.py:161} INFO - Started process (PID=214) to work on /opt/airflow/dags/e_commerce_dw_dag.py
[2026-03-25T09:05:40.649+0000] {processor.py:830} INFO - Processing file /opt/airflow/dags/e_commerce_dw_dag.py for tasks to queue
[2026-03-25T09:05:40.652+0000] {logging_mixin.py:188} INFO - [2026-03-25T09:05:40.652+0000] {dagbag.py:545} INFO - Filling up the DagBag from /opt/airflow/dags/e_commerce_dw_dag.py
[2026-03-25T09:05:40.698+0000] {logging_mixin.py:188} INFO - [2026-03-25T09:05:40.686+0000] {dagbag.py:355} ERROR - Failed to import: /opt/airflow/dags/e_commerce_dw_dag.py
Traceback (most recent call last):
  File "/home/airflow/.local/lib/python3.10/site-packages/airflow/models/dagbag.py", line 351, in parse
    loader.exec_module(new_module)
  File "<frozen importlib._bootstrap_external>", line 883, in exec_module
  File "<frozen importlib._bootstrap>", line 241, in _call_with_frames_removed
  File "/opt/airflow/dags/e_commerce_dw_dag.py", line 5, in <module>
    from transform_dim_customers import transform_dim_customers
  File "/opt/airflow/dags/transform_dim_customers.py", line 3, in <module>
    from plugins.postgresql_operator import PostgresOperators
ModuleNotFoundError: No module named 'plugins'
[2026-03-25T09:05:40.701+0000] {processor.py:842} WARNING - No viable dags retrieved from /opt/airflow/dags/e_commerce_dw_dag.py
[2026-03-25T09:05:40.728+0000] {processor.py:183} INFO - Processing /opt/airflow/dags/e_commerce_dw_dag.py took 0.092 seconds
[2026-03-25T09:06:11.467+0000] {processor.py:161} INFO - Started process (PID=246) to work on /opt/airflow/dags/e_commerce_dw_dag.py
[2026-03-25T09:06:11.470+0000] {processor.py:830} INFO - Processing file /opt/airflow/dags/e_commerce_dw_dag.py for tasks to queue
[2026-03-25T09:06:11.477+0000] {logging_mixin.py:188} INFO - [2026-03-25T09:06:11.475+0000] {dagbag.py:545} INFO - Filling up the DagBag from /opt/airflow/dags/e_commerce_dw_dag.py
[2026-03-25T09:06:11.582+0000] {logging_mixin.py:188} INFO - [2026-03-25T09:06:11.548+0000] {dagbag.py:355} ERROR - Failed to import: /opt/airflow/dags/e_commerce_dw_dag.py
Traceback (most recent call last):
  File "/home/airflow/.local/lib/python3.10/site-packages/airflow/models/dagbag.py", line 351, in parse
    loader.exec_module(new_module)
  File "<frozen importlib._bootstrap_external>", line 883, in exec_module
  File "<frozen importlib._bootstrap>", line 241, in _call_with_frames_removed
  File "/opt/airflow/dags/e_commerce_dw_dag.py", line 5, in <module>
    from transform_dim_customers import transform_dim_customers
  File "/opt/airflow/dags/transform_dim_customers.py", line 3, in <module>
    from plugins.postgresql_operator import PostgresOperators
ModuleNotFoundError: No module named 'plugins'
[2026-03-25T09:06:11.589+0000] {processor.py:842} WARNING - No viable dags retrieved from /opt/airflow/dags/e_commerce_dw_dag.py
[2026-03-25T09:06:11.661+0000] {processor.py:183} INFO - Processing /opt/airflow/dags/e_commerce_dw_dag.py took 0.211 seconds
[2026-03-25T09:06:41.914+0000] {processor.py:161} INFO - Started process (PID=272) to work on /opt/airflow/dags/e_commerce_dw_dag.py
[2026-03-25T09:06:41.921+0000] {processor.py:830} INFO - Processing file /opt/airflow/dags/e_commerce_dw_dag.py for tasks to queue
[2026-03-25T09:06:41.928+0000] {logging_mixin.py:188} INFO - [2026-03-25T09:06:41.928+0000] {dagbag.py:545} INFO - Filling up the DagBag from /opt/airflow/dags/e_commerce_dw_dag.py
[2026-03-25T09:06:42.022+0000] {logging_mixin.py:188} INFO - [2026-03-25T09:06:41.974+0000] {dagbag.py:355} ERROR - Failed to import: /opt/airflow/dags/e_commerce_dw_dag.py
Traceback (most recent call last):
  File "/home/airflow/.local/lib/python3.10/site-packages/airflow/models/dagbag.py", line 351, in parse
    loader.exec_module(new_module)
  File "<frozen importlib._bootstrap_external>", line 883, in exec_module
  File "<frozen importlib._bootstrap>", line 241, in _call_with_frames_removed
  File "/opt/airflow/dags/e_commerce_dw_dag.py", line 5, in <module>
    from transform_dim_customers import transform_dim_customers
  File "/opt/airflow/dags/transform_dim_customers.py", line 3, in <module>
    from plugins.postgresql_operator import PostgresOperators
ModuleNotFoundError: No module named 'plugins'
[2026-03-25T09:06:42.028+0000] {processor.py:842} WARNING - No viable dags retrieved from /opt/airflow/dags/e_commerce_dw_dag.py
[2026-03-25T09:06:42.090+0000] {processor.py:183} INFO - Processing /opt/airflow/dags/e_commerce_dw_dag.py took 0.195 seconds
[2026-03-25T09:07:12.692+0000] {processor.py:161} INFO - Started process (PID=298) to work on /opt/airflow/dags/e_commerce_dw_dag.py
[2026-03-25T09:07:12.694+0000] {processor.py:830} INFO - Processing file /opt/airflow/dags/e_commerce_dw_dag.py for tasks to queue
[2026-03-25T09:07:12.696+0000] {logging_mixin.py:188} INFO - [2026-03-25T09:07:12.696+0000] {dagbag.py:545} INFO - Filling up the DagBag from /opt/airflow/dags/e_commerce_dw_dag.py
[2026-03-25T09:07:12.727+0000] {logging_mixin.py:188} INFO - [2026-03-25T09:07:12.719+0000] {dagbag.py:355} ERROR - Failed to import: /opt/airflow/dags/e_commerce_dw_dag.py
Traceback (most recent call last):
  File "/home/airflow/.local/lib/python3.10/site-packages/airflow/models/dagbag.py", line 351, in parse
    loader.exec_module(new_module)
  File "<frozen importlib._bootstrap_external>", line 883, in exec_module
  File "<frozen importlib._bootstrap>", line 241, in _call_with_frames_removed
  File "/opt/airflow/dags/e_commerce_dw_dag.py", line 5, in <module>
    from transform_dim_customers import transform_dim_customers
  File "/opt/airflow/dags/transform_dim_customers.py", line 3, in <module>
    from plugins.postgresql_operator import PostgresOperators
ModuleNotFoundError: No module named 'plugins'
[2026-03-25T09:07:12.730+0000] {processor.py:842} WARNING - No viable dags retrieved from /opt/airflow/dags/e_commerce_dw_dag.py
[2026-03-25T09:07:12.755+0000] {processor.py:183} INFO - Processing /opt/airflow/dags/e_commerce_dw_dag.py took 0.070 seconds
[2026-03-25T09:07:43.429+0000] {processor.py:161} INFO - Started process (PID=324) to work on /opt/airflow/dags/e_commerce_dw_dag.py
[2026-03-25T09:07:43.431+0000] {processor.py:830} INFO - Processing file /opt/airflow/dags/e_commerce_dw_dag.py for tasks to queue
[2026-03-25T09:07:43.436+0000] {logging_mixin.py:188} INFO - [2026-03-25T09:07:43.435+0000] {dagbag.py:545} INFO - Filling up the DagBag from /opt/airflow/dags/e_commerce_dw_dag.py
[2026-03-25T09:07:43.506+0000] {logging_mixin.py:188} INFO - [2026-03-25T09:07:43.486+0000] {dagbag.py:355} ERROR - Failed to import: /opt/airflow/dags/e_commerce_dw_dag.py
Traceback (most recent call last):
  File "/home/airflow/.local/lib/python3.10/site-packages/airflow/models/dagbag.py", line 351, in parse
    loader.exec_module(new_module)
  File "<frozen importlib._bootstrap_external>", line 883, in exec_module
  File "<frozen importlib._bootstrap>", line 241, in _call_with_frames_removed
  File "/opt/airflow/dags/e_commerce_dw_dag.py", line 5, in <module>
    from transform_dim_customers import transform_dim_customers
  File "/opt/airflow/dags/transform_dim_customers.py", line 3, in <module>
    from plugins.postgresql_operator import PostgresOperators
ModuleNotFoundError: No module named 'plugins'
[2026-03-25T09:07:43.511+0000] {processor.py:842} WARNING - No viable dags retrieved from /opt/airflow/dags/e_commerce_dw_dag.py
[2026-03-25T09:07:43.556+0000] {processor.py:183} INFO - Processing /opt/airflow/dags/e_commerce_dw_dag.py took 0.139 seconds
[2026-03-25T09:08:03.179+0000] {processor.py:161} INFO - Started process (PID=341) to work on /opt/airflow/dags/e_commerce_dw_dag.py
[2026-03-25T09:08:03.181+0000] {processor.py:830} INFO - Processing file /opt/airflow/dags/e_commerce_dw_dag.py for tasks to queue
[2026-03-25T09:08:03.183+0000] {logging_mixin.py:188} INFO - [2026-03-25T09:08:03.182+0000] {dagbag.py:545} INFO - Filling up the DagBag from /opt/airflow/dags/e_commerce_dw_dag.py
[2026-03-25T09:08:03.241+0000] {logging_mixin.py:188} INFO - [2026-03-25T09:08:03.231+0000] {dagbag.py:355} ERROR - Failed to import: /opt/airflow/dags/e_commerce_dw_dag.py
Traceback (most recent call last):
  File "/home/airflow/.local/lib/python3.10/site-packages/airflow/models/dagbag.py", line 351, in parse
    loader.exec_module(new_module)
  File "<frozen importlib._bootstrap_external>", line 883, in exec_module
  File "<frozen importlib._bootstrap>", line 241, in _call_with_frames_removed
  File "/opt/airflow/dags/e_commerce_dw_dag.py", line 5, in <module>
    from transform_dim_customers import transform_dim_customers
  File "/opt/airflow/dags/transform_dim_customers.py", line 3, in <module>
    from plugins.postgresql_operator import PostgresOperators
ModuleNotFoundError: No module named 'plugins'
[2026-03-25T09:08:03.244+0000] {processor.py:842} WARNING - No viable dags retrieved from /opt/airflow/dags/e_commerce_dw_dag.py
[2026-03-25T09:08:03.272+0000] {processor.py:183} INFO - Processing /opt/airflow/dags/e_commerce_dw_dag.py took 0.102 seconds
[2026-03-25T09:08:08.328+0000] {processor.py:161} INFO - Started process (PID=346) to work on /opt/airflow/dags/e_commerce_dw_dag.py
[2026-03-25T09:08:08.329+0000] {processor.py:830} INFO - Processing file /opt/airflow/dags/e_commerce_dw_dag.py for tasks to queue
[2026-03-25T09:08:08.331+0000] {logging_mixin.py:188} INFO - [2026-03-25T09:08:08.331+0000] {dagbag.py:545} INFO - Filling up the DagBag from /opt/airflow/dags/e_commerce_dw_dag.py
[2026-03-25T09:08:08.475+0000] {logging_mixin.py:188} INFO - [2026-03-25T09:08:08.463+0000] {dagbag.py:355} ERROR - Failed to import: /opt/airflow/dags/e_commerce_dw_dag.py
Traceback (most recent call last):
  File "/home/airflow/.local/lib/python3.10/site-packages/airflow/models/dagbag.py", line 351, in parse
    loader.exec_module(new_module)
  File "<frozen importlib._bootstrap_external>", line 883, in exec_module
  File "<frozen importlib._bootstrap>", line 241, in _call_with_frames_removed
  File "/opt/airflow/dags/e_commerce_dw_dag.py", line 5, in <module>
    from transform_dim_customers import transform_dim_customers
  File "/opt/airflow/dags/transform_dim_customers.py", line 3, in <module>
    from plugins.postgresql_operator import PostgresOperators
ModuleNotFoundError: No module named 'plugins'
[2026-03-25T09:08:08.481+0000] {processor.py:842} WARNING - No viable dags retrieved from /opt/airflow/dags/e_commerce_dw_dag.py
[2026-03-25T09:08:08.507+0000] {processor.py:183} INFO - Processing /opt/airflow/dags/e_commerce_dw_dag.py took 0.189 seconds
[2026-03-25T09:08:39.325+0000] {processor.py:161} INFO - Started process (PID=372) to work on /opt/airflow/dags/e_commerce_dw_dag.py
[2026-03-25T09:08:39.327+0000] {processor.py:830} INFO - Processing file /opt/airflow/dags/e_commerce_dw_dag.py for tasks to queue
[2026-03-25T09:08:39.331+0000] {logging_mixin.py:188} INFO - [2026-03-25T09:08:39.330+0000] {dagbag.py:545} INFO - Filling up the DagBag from /opt/airflow/dags/e_commerce_dw_dag.py
[2026-03-25T09:08:39.392+0000] {logging_mixin.py:188} INFO - [2026-03-25T09:08:39.378+0000] {dagbag.py:355} ERROR - Failed to import: /opt/airflow/dags/e_commerce_dw_dag.py
Traceback (most recent call last):
  File "/home/airflow/.local/lib/python3.10/site-packages/airflow/models/dagbag.py", line 351, in parse
    loader.exec_module(new_module)
  File "<frozen importlib._bootstrap_external>", line 883, in exec_module
  File "<frozen importlib._bootstrap>", line 241, in _call_with_frames_removed
  File "/opt/airflow/dags/e_commerce_dw_dag.py", line 5, in <module>
    from transform_dim_customers import transform_dim_customers
  File "/opt/airflow/dags/transform_dim_customers.py", line 3, in <module>
    from plugins.postgresql_operator import PostgresOperators
ModuleNotFoundError: No module named 'plugins'
[2026-03-25T09:08:39.396+0000] {processor.py:842} WARNING - No viable dags retrieved from /opt/airflow/dags/e_commerce_dw_dag.py
[2026-03-25T09:08:39.433+0000] {processor.py:183} INFO - Processing /opt/airflow/dags/e_commerce_dw_dag.py took 0.116 seconds
[2026-03-25T09:09:09.947+0000] {processor.py:161} INFO - Started process (PID=398) to work on /opt/airflow/dags/e_commerce_dw_dag.py
[2026-03-25T09:09:09.953+0000] {processor.py:830} INFO - Processing file /opt/airflow/dags/e_commerce_dw_dag.py for tasks to queue
[2026-03-25T09:09:09.960+0000] {logging_mixin.py:188} INFO - [2026-03-25T09:09:09.960+0000] {dagbag.py:545} INFO - Filling up the DagBag from /opt/airflow/dags/e_commerce_dw_dag.py
[2026-03-25T09:09:10.094+0000] {logging_mixin.py:188} INFO - [2026-03-25T09:09:10.082+0000] {dagbag.py:355} ERROR - Failed to import: /opt/airflow/dags/e_commerce_dw_dag.py
Traceback (most recent call last):
  File "/home/airflow/.local/lib/python3.10/site-packages/airflow/models/dagbag.py", line 351, in parse
    loader.exec_module(new_module)
  File "<frozen importlib._bootstrap_external>", line 883, in exec_module
  File "<frozen importlib._bootstrap>", line 241, in _call_with_frames_removed
  File "/opt/airflow/dags/e_commerce_dw_dag.py", line 5, in <module>
    from transform_dim_customers import transform_dim_customers
  File "/opt/airflow/dags/transform_dim_customers.py", line 3, in <module>
    from plugins.postgresql_operator import PostgresOperators
ModuleNotFoundError: No module named 'plugins'
[2026-03-25T09:09:10.098+0000] {processor.py:842} WARNING - No viable dags retrieved from /opt/airflow/dags/e_commerce_dw_dag.py
[2026-03-25T09:09:10.129+0000] {processor.py:183} INFO - Processing /opt/airflow/dags/e_commerce_dw_dag.py took 0.198 seconds
[2026-03-25T09:09:40.672+0000] {processor.py:161} INFO - Started process (PID=425) to work on /opt/airflow/dags/e_commerce_dw_dag.py
[2026-03-25T09:09:40.674+0000] {processor.py:830} INFO - Processing file /opt/airflow/dags/e_commerce_dw_dag.py for tasks to queue
[2026-03-25T09:09:40.676+0000] {logging_mixin.py:188} INFO - [2026-03-25T09:09:40.676+0000] {dagbag.py:545} INFO - Filling up the DagBag from /opt/airflow/dags/e_commerce_dw_dag.py
[2026-03-25T09:09:40.711+0000] {logging_mixin.py:188} INFO - [2026-03-25T09:09:40.703+0000] {dagbag.py:355} ERROR - Failed to import: /opt/airflow/dags/e_commerce_dw_dag.py
Traceback (most recent call last):
  File "/home/airflow/.local/lib/python3.10/site-packages/airflow/models/dagbag.py", line 351, in parse
    loader.exec_module(new_module)
  File "<frozen importlib._bootstrap_external>", line 883, in exec_module
  File "<frozen importlib._bootstrap>", line 241, in _call_with_frames_removed
  File "/opt/airflow/dags/e_commerce_dw_dag.py", line 5, in <module>
    from transform_dim_customers import transform_dim_customers
  File "/opt/airflow/dags/transform_dim_customers.py", line 3, in <module>
    from plugins.postgresql_operator import PostgresOperators
ModuleNotFoundError: No module named 'plugins'
[2026-03-25T09:09:40.715+0000] {processor.py:842} WARNING - No viable dags retrieved from /opt/airflow/dags/e_commerce_dw_dag.py
[2026-03-25T09:09:40.737+0000] {processor.py:183} INFO - Processing /opt/airflow/dags/e_commerce_dw_dag.py took 0.072 seconds
[2026-03-25T09:10:11.440+0000] {processor.py:161} INFO - Started process (PID=451) to work on /opt/airflow/dags/e_commerce_dw_dag.py
[2026-03-25T09:10:11.442+0000] {processor.py:830} INFO - Processing file /opt/airflow/dags/e_commerce_dw_dag.py for tasks to queue
[2026-03-25T09:10:11.445+0000] {logging_mixin.py:188} INFO - [2026-03-25T09:10:11.445+0000] {dagbag.py:545} INFO - Filling up the DagBag from /opt/airflow/dags/e_commerce_dw_dag.py
[2026-03-25T09:10:11.477+0000] {logging_mixin.py:188} INFO - [2026-03-25T09:10:11.470+0000] {dagbag.py:355} ERROR - Failed to import: /opt/airflow/dags/e_commerce_dw_dag.py
Traceback (most recent call last):
  File "/home/airflow/.local/lib/python3.10/site-packages/airflow/models/dagbag.py", line 351, in parse
    loader.exec_module(new_module)
  File "<frozen importlib._bootstrap_external>", line 883, in exec_module
  File "<frozen importlib._bootstrap>", line 241, in _call_with_frames_removed
  File "/opt/airflow/dags/e_commerce_dw_dag.py", line 5, in <module>
    from transform_dim_customers import transform_dim_customers
  File "/opt/airflow/dags/transform_dim_customers.py", line 3, in <module>
    from plugins.postgresql_operator import PostgresOperators
ModuleNotFoundError: No module named 'plugins'
[2026-03-25T09:10:11.479+0000] {processor.py:842} WARNING - No viable dags retrieved from /opt/airflow/dags/e_commerce_dw_dag.py
[2026-03-25T09:10:11.498+0000] {processor.py:183} INFO - Processing /opt/airflow/dags/e_commerce_dw_dag.py took 0.065 seconds
[2026-03-25T09:10:42.000+0000] {processor.py:161} INFO - Started process (PID=477) to work on /opt/airflow/dags/e_commerce_dw_dag.py
[2026-03-25T09:10:42.002+0000] {processor.py:830} INFO - Processing file /opt/airflow/dags/e_commerce_dw_dag.py for tasks to queue
[2026-03-25T09:10:42.004+0000] {logging_mixin.py:188} INFO - [2026-03-25T09:10:42.004+0000] {dagbag.py:545} INFO - Filling up the DagBag from /opt/airflow/dags/e_commerce_dw_dag.py
[2026-03-25T09:10:42.049+0000] {logging_mixin.py:188} INFO - [2026-03-25T09:10:42.032+0000] {dagbag.py:355} ERROR - Failed to import: /opt/airflow/dags/e_commerce_dw_dag.py
Traceback (most recent call last):
  File "/home/airflow/.local/lib/python3.10/site-packages/airflow/models/dagbag.py", line 351, in parse
    loader.exec_module(new_module)
  File "<frozen importlib._bootstrap_external>", line 883, in exec_module
  File "<frozen importlib._bootstrap>", line 241, in _call_with_frames_removed
  File "/opt/airflow/dags/e_commerce_dw_dag.py", line 5, in <module>
    from transform_dim_customers import transform_dim_customers
  File "/opt/airflow/dags/transform_dim_customers.py", line 3, in <module>
    from plugins.postgresql_operator import PostgresOperators
ModuleNotFoundError: No module named 'plugins'
[2026-03-25T09:10:42.054+0000] {processor.py:842} WARNING - No viable dags retrieved from /opt/airflow/dags/e_commerce_dw_dag.py
[2026-03-25T09:10:42.076+0000] {processor.py:183} INFO - Processing /opt/airflow/dags/e_commerce_dw_dag.py took 0.083 seconds
[2026-03-25T09:11:12.695+0000] {processor.py:161} INFO - Started process (PID=509) to work on /opt/airflow/dags/e_commerce_dw_dag.py
[2026-03-25T09:11:12.696+0000] {processor.py:830} INFO - Processing file /opt/airflow/dags/e_commerce_dw_dag.py for tasks to queue
[2026-03-25T09:11:12.698+0000] {logging_mixin.py:188} INFO - [2026-03-25T09:11:12.697+0000] {dagbag.py:545} INFO - Filling up the DagBag from /opt/airflow/dags/e_commerce_dw_dag.py
[2026-03-25T09:11:12.722+0000] {logging_mixin.py:188} INFO - [2026-03-25T09:11:12.716+0000] {dagbag.py:355} ERROR - Failed to import: /opt/airflow/dags/e_commerce_dw_dag.py
Traceback (most recent call last):
  File "/home/airflow/.local/lib/python3.10/site-packages/airflow/models/dagbag.py", line 351, in parse
    loader.exec_module(new_module)
  File "<frozen importlib._bootstrap_external>", line 883, in exec_module
  File "<frozen importlib._bootstrap>", line 241, in _call_with_frames_removed
  File "/opt/airflow/dags/e_commerce_dw_dag.py", line 5, in <module>
    from transform_dim_customers import transform_dim_customers
  File "/opt/airflow/dags/transform_dim_customers.py", line 3, in <module>
    from plugins.postgresql_operator import PostgresOperators
ModuleNotFoundError: No module named 'plugins'
[2026-03-25T09:11:12.724+0000] {processor.py:842} WARNING - No viable dags retrieved from /opt/airflow/dags/e_commerce_dw_dag.py
[2026-03-25T09:11:12.741+0000] {processor.py:183} INFO - Processing /opt/airflow/dags/e_commerce_dw_dag.py took 0.052 seconds
[2026-03-25T09:11:43.339+0000] {processor.py:161} INFO - Started process (PID=535) to work on /opt/airflow/dags/e_commerce_dw_dag.py
[2026-03-25T09:11:43.340+0000] {processor.py:830} INFO - Processing file /opt/airflow/dags/e_commerce_dw_dag.py for tasks to queue
[2026-03-25T09:11:43.342+0000] {logging_mixin.py:188} INFO - [2026-03-25T09:11:43.342+0000] {dagbag.py:545} INFO - Filling up the DagBag from /opt/airflow/dags/e_commerce_dw_dag.py
[2026-03-25T09:11:43.371+0000] {logging_mixin.py:188} INFO - [2026-03-25T09:11:43.363+0000] {dagbag.py:355} ERROR - Failed to import: /opt/airflow/dags/e_commerce_dw_dag.py
Traceback (most recent call last):
  File "/home/airflow/.local/lib/python3.10/site-packages/airflow/models/dagbag.py", line 351, in parse
    loader.exec_module(new_module)
  File "<frozen importlib._bootstrap_external>", line 883, in exec_module
  File "<frozen importlib._bootstrap>", line 241, in _call_with_frames_removed
  File "/opt/airflow/dags/e_commerce_dw_dag.py", line 5, in <module>
    from transform_dim_customers import transform_dim_customers
  File "/opt/airflow/dags/transform_dim_customers.py", line 3, in <module>
    from plugins.postgresql_operator import PostgresOperators
ModuleNotFoundError: No module named 'plugins'
[2026-03-25T09:11:43.373+0000] {processor.py:842} WARNING - No viable dags retrieved from /opt/airflow/dags/e_commerce_dw_dag.py
[2026-03-25T09:11:43.397+0000] {processor.py:183} INFO - Processing /opt/airflow/dags/e_commerce_dw_dag.py took 0.064 seconds
[2026-03-25T09:12:14.082+0000] {processor.py:161} INFO - Started process (PID=561) to work on /opt/airflow/dags/e_commerce_dw_dag.py
[2026-03-25T09:12:14.083+0000] {processor.py:830} INFO - Processing file /opt/airflow/dags/e_commerce_dw_dag.py for tasks to queue
[2026-03-25T09:12:14.086+0000] {logging_mixin.py:188} INFO - [2026-03-25T09:12:14.085+0000] {dagbag.py:545} INFO - Filling up the DagBag from /opt/airflow/dags/e_commerce_dw_dag.py
[2026-03-25T09:12:14.109+0000] {logging_mixin.py:188} INFO - [2026-03-25T09:12:14.104+0000] {dagbag.py:355} ERROR - Failed to import: /opt/airflow/dags/e_commerce_dw_dag.py
Traceback (most recent call last):
  File "/home/airflow/.local/lib/python3.10/site-packages/airflow/models/dagbag.py", line 351, in parse
    loader.exec_module(new_module)
  File "<frozen importlib._bootstrap_external>", line 883, in exec_module
  File "<frozen importlib._bootstrap>", line 241, in _call_with_frames_removed
  File "/opt/airflow/dags/e_commerce_dw_dag.py", line 5, in <module>
    from transform_dim_customers import transform_dim_customers
  File "/opt/airflow/dags/transform_dim_customers.py", line 3, in <module>
    from plugins.postgresql_operator import PostgresOperators
ModuleNotFoundError: No module named 'plugins'
[2026-03-25T09:12:14.111+0000] {processor.py:842} WARNING - No viable dags retrieved from /opt/airflow/dags/e_commerce_dw_dag.py
[2026-03-25T09:12:14.129+0000] {processor.py:183} INFO - Processing /opt/airflow/dags/e_commerce_dw_dag.py took 0.053 seconds
[2026-03-25T09:12:44.777+0000] {processor.py:161} INFO - Started process (PID=587) to work on /opt/airflow/dags/e_commerce_dw_dag.py
[2026-03-25T09:12:44.778+0000] {processor.py:830} INFO - Processing file /opt/airflow/dags/e_commerce_dw_dag.py for tasks to queue
[2026-03-25T09:12:44.780+0000] {logging_mixin.py:188} INFO - [2026-03-25T09:12:44.780+0000] {dagbag.py:545} INFO - Filling up the DagBag from /opt/airflow/dags/e_commerce_dw_dag.py
[2026-03-25T09:12:44.802+0000] {logging_mixin.py:188} INFO - [2026-03-25T09:12:44.798+0000] {dagbag.py:355} ERROR - Failed to import: /opt/airflow/dags/e_commerce_dw_dag.py
Traceback (most recent call last):
  File "/home/airflow/.local/lib/python3.10/site-packages/airflow/models/dagbag.py", line 351, in parse
    loader.exec_module(new_module)
  File "<frozen importlib._bootstrap_external>", line 883, in exec_module
  File "<frozen importlib._bootstrap>", line 241, in _call_with_frames_removed
  File "/opt/airflow/dags/e_commerce_dw_dag.py", line 5, in <module>
    from transform_dim_customers import transform_dim_customers
  File "/opt/airflow/dags/transform_dim_customers.py", line 3, in <module>
    from plugins.postgresql_operator import PostgresOperators
ModuleNotFoundError: No module named 'plugins'
[2026-03-25T09:12:44.804+0000] {processor.py:842} WARNING - No viable dags retrieved from /opt/airflow/dags/e_commerce_dw_dag.py
[2026-03-25T09:12:44.823+0000] {processor.py:183} INFO - Processing /opt/airflow/dags/e_commerce_dw_dag.py took 0.053 seconds
[2026-03-25T09:13:15.345+0000] {processor.py:161} INFO - Started process (PID=613) to work on /opt/airflow/dags/e_commerce_dw_dag.py
[2026-03-25T09:13:15.346+0000] {processor.py:830} INFO - Processing file /opt/airflow/dags/e_commerce_dw_dag.py for tasks to queue
[2026-03-25T09:13:15.349+0000] {logging_mixin.py:188} INFO - [2026-03-25T09:13:15.348+0000] {dagbag.py:545} INFO - Filling up the DagBag from /opt/airflow/dags/e_commerce_dw_dag.py
[2026-03-25T09:13:15.386+0000] {logging_mixin.py:188} INFO - [2026-03-25T09:13:15.376+0000] {dagbag.py:355} ERROR - Failed to import: /opt/airflow/dags/e_commerce_dw_dag.py
Traceback (most recent call last):
  File "/home/airflow/.local/lib/python3.10/site-packages/airflow/models/dagbag.py", line 351, in parse
    loader.exec_module(new_module)
  File "<frozen importlib._bootstrap_external>", line 883, in exec_module
  File "<frozen importlib._bootstrap>", line 241, in _call_with_frames_removed
  File "/opt/airflow/dags/e_commerce_dw_dag.py", line 5, in <module>
    from transform_dim_customers import transform_dim_customers
  File "/opt/airflow/dags/transform_dim_customers.py", line 3, in <module>
    from plugins.postgresql_operator import PostgresOperators
ModuleNotFoundError: No module named 'plugins'
[2026-03-25T09:13:15.389+0000] {processor.py:842} WARNING - No viable dags retrieved from /opt/airflow/dags/e_commerce_dw_dag.py
[2026-03-25T09:13:15.417+0000] {processor.py:183} INFO - Processing /opt/airflow/dags/e_commerce_dw_dag.py took 0.080 seconds
[2026-03-25T09:13:45.972+0000] {processor.py:161} INFO - Started process (PID=639) to work on /opt/airflow/dags/e_commerce_dw_dag.py
[2026-03-25T09:13:45.975+0000] {processor.py:830} INFO - Processing file /opt/airflow/dags/e_commerce_dw_dag.py for tasks to queue
[2026-03-25T09:13:45.979+0000] {logging_mixin.py:188} INFO - [2026-03-25T09:13:45.978+0000] {dagbag.py:545} INFO - Filling up the DagBag from /opt/airflow/dags/e_commerce_dw_dag.py
[2026-03-25T09:13:46.052+0000] {logging_mixin.py:188} INFO - [2026-03-25T09:13:46.033+0000] {dagbag.py:355} ERROR - Failed to import: /opt/airflow/dags/e_commerce_dw_dag.py
Traceback (most recent call last):
  File "/home/airflow/.local/lib/python3.10/site-packages/airflow/models/dagbag.py", line 351, in parse
    loader.exec_module(new_module)
  File "<frozen importlib._bootstrap_external>", line 883, in exec_module
  File "<frozen importlib._bootstrap>", line 241, in _call_with_frames_removed
  File "/opt/airflow/dags/e_commerce_dw_dag.py", line 5, in <module>
    from transform_dim_customers import transform_dim_customers
  File "/opt/airflow/dags/transform_dim_customers.py", line 3, in <module>
    from plugins.postgresql_operator import PostgresOperators
ModuleNotFoundError: No module named 'plugins'
[2026-03-25T09:13:46.059+0000] {processor.py:842} WARNING - No viable dags retrieved from /opt/airflow/dags/e_commerce_dw_dag.py
[2026-03-25T09:13:46.090+0000] {processor.py:183} INFO - Processing /opt/airflow/dags/e_commerce_dw_dag.py took 0.126 seconds
[2026-03-25T09:14:16.783+0000] {processor.py:161} INFO - Started process (PID=665) to work on /opt/airflow/dags/e_commerce_dw_dag.py
[2026-03-25T09:14:16.784+0000] {processor.py:830} INFO - Processing file /opt/airflow/dags/e_commerce_dw_dag.py for tasks to queue
[2026-03-25T09:14:16.787+0000] {logging_mixin.py:188} INFO - [2026-03-25T09:14:16.786+0000] {dagbag.py:545} INFO - Filling up the DagBag from /opt/airflow/dags/e_commerce_dw_dag.py
[2026-03-25T09:14:16.816+0000] {logging_mixin.py:188} INFO - [2026-03-25T09:14:16.810+0000] {dagbag.py:355} ERROR - Failed to import: /opt/airflow/dags/e_commerce_dw_dag.py
Traceback (most recent call last):
  File "/home/airflow/.local/lib/python3.10/site-packages/airflow/models/dagbag.py", line 351, in parse
    loader.exec_module(new_module)
  File "<frozen importlib._bootstrap_external>", line 883, in exec_module
  File "<frozen importlib._bootstrap>", line 241, in _call_with_frames_removed
  File "/opt/airflow/dags/e_commerce_dw_dag.py", line 5, in <module>
    from transform_dim_customers import transform_dim_customers
  File "/opt/airflow/dags/transform_dim_customers.py", line 3, in <module>
    from plugins.postgresql_operator import PostgresOperators
ModuleNotFoundError: No module named 'plugins'
[2026-03-25T09:14:16.820+0000] {processor.py:842} WARNING - No viable dags retrieved from /opt/airflow/dags/e_commerce_dw_dag.py
[2026-03-25T09:14:16.837+0000] {processor.py:183} INFO - Processing /opt/airflow/dags/e_commerce_dw_dag.py took 0.060 seconds
[2026-03-25T09:14:47.380+0000] {processor.py:161} INFO - Started process (PID=691) to work on /opt/airflow/dags/e_commerce_dw_dag.py
[2026-03-25T09:14:47.383+0000] {processor.py:830} INFO - Processing file /opt/airflow/dags/e_commerce_dw_dag.py for tasks to queue
[2026-03-25T09:14:47.385+0000] {logging_mixin.py:188} INFO - [2026-03-25T09:14:47.385+0000] {dagbag.py:545} INFO - Filling up the DagBag from /opt/airflow/dags/e_commerce_dw_dag.py
[2026-03-25T09:14:47.413+0000] {logging_mixin.py:188} INFO - [2026-03-25T09:14:47.407+0000] {dagbag.py:355} ERROR - Failed to import: /opt/airflow/dags/e_commerce_dw_dag.py
Traceback (most recent call last):
  File "/home/airflow/.local/lib/python3.10/site-packages/airflow/models/dagbag.py", line 351, in parse
    loader.exec_module(new_module)
  File "<frozen importlib._bootstrap_external>", line 883, in exec_module
  File "<frozen importlib._bootstrap>", line 241, in _call_with_frames_removed
  File "/opt/airflow/dags/e_commerce_dw_dag.py", line 5, in <module>
    from transform_dim_customers import transform_dim_customers
  File "/opt/airflow/dags/transform_dim_customers.py", line 3, in <module>
    from plugins.postgresql_operator import PostgresOperators
ModuleNotFoundError: No module named 'plugins'
[2026-03-25T09:14:47.415+0000] {processor.py:842} WARNING - No viable dags retrieved from /opt/airflow/dags/e_commerce_dw_dag.py
[2026-03-25T09:14:47.435+0000] {processor.py:183} INFO - Processing /opt/airflow/dags/e_commerce_dw_dag.py took 0.062 seconds
[2026-03-25T09:15:18.020+0000] {processor.py:161} INFO - Started process (PID=717) to work on /opt/airflow/dags/e_commerce_dw_dag.py
[2026-03-25T09:15:18.022+0000] {processor.py:830} INFO - Processing file /opt/airflow/dags/e_commerce_dw_dag.py for tasks to queue
[2026-03-25T09:15:18.024+0000] {logging_mixin.py:188} INFO - [2026-03-25T09:15:18.024+0000] {dagbag.py:545} INFO - Filling up the DagBag from /opt/airflow/dags/e_commerce_dw_dag.py
[2026-03-25T09:15:18.050+0000] {logging_mixin.py:188} INFO - [2026-03-25T09:15:18.042+0000] {dagbag.py:355} ERROR - Failed to import: /opt/airflow/dags/e_commerce_dw_dag.py
Traceback (most recent call last):
  File "/home/airflow/.local/lib/python3.10/site-packages/airflow/models/dagbag.py", line 351, in parse
    loader.exec_module(new_module)
  File "<frozen importlib._bootstrap_external>", line 883, in exec_module
  File "<frozen importlib._bootstrap>", line 241, in _call_with_frames_removed
  File "/opt/airflow/dags/e_commerce_dw_dag.py", line 5, in <module>
    from transform_dim_customers import transform_dim_customers
  File "/opt/airflow/dags/transform_dim_customers.py", line 3, in <module>
    from plugins.postgresql_operator import PostgresOperators
ModuleNotFoundError: No module named 'plugins'
[2026-03-25T09:15:18.052+0000] {processor.py:842} WARNING - No viable dags retrieved from /opt/airflow/dags/e_commerce_dw_dag.py
[2026-03-25T09:15:18.072+0000] {processor.py:183} INFO - Processing /opt/airflow/dags/e_commerce_dw_dag.py took 0.058 seconds
[2026-03-25T09:15:48.668+0000] {processor.py:161} INFO - Started process (PID=743) to work on /opt/airflow/dags/e_commerce_dw_dag.py
[2026-03-25T09:15:48.670+0000] {processor.py:830} INFO - Processing file /opt/airflow/dags/e_commerce_dw_dag.py for tasks to queue
[2026-03-25T09:15:48.672+0000] {logging_mixin.py:188} INFO - [2026-03-25T09:15:48.671+0000] {dagbag.py:545} INFO - Filling up the DagBag from /opt/airflow/dags/e_commerce_dw_dag.py
[2026-03-25T09:15:48.711+0000] {logging_mixin.py:188} INFO - [2026-03-25T09:15:48.705+0000] {dagbag.py:355} ERROR - Failed to import: /opt/airflow/dags/e_commerce_dw_dag.py
Traceback (most recent call last):
  File "/home/airflow/.local/lib/python3.10/site-packages/airflow/models/dagbag.py", line 351, in parse
    loader.exec_module(new_module)
  File "<frozen importlib._bootstrap_external>", line 883, in exec_module
  File "<frozen importlib._bootstrap>", line 241, in _call_with_frames_removed
  File "/opt/airflow/dags/e_commerce_dw_dag.py", line 5, in <module>
    from transform_dim_customers import transform_dim_customers
  File "/opt/airflow/dags/transform_dim_customers.py", line 3, in <module>
    from plugins.postgresql_operator import PostgresOperators
ModuleNotFoundError: No module named 'plugins'
[2026-03-25T09:15:48.713+0000] {processor.py:842} WARNING - No viable dags retrieved from /opt/airflow/dags/e_commerce_dw_dag.py
[2026-03-25T09:15:48.732+0000] {processor.py:183} INFO - Processing /opt/airflow/dags/e_commerce_dw_dag.py took 0.070 seconds
[2026-03-25T09:16:19.382+0000] {processor.py:161} INFO - Started process (PID=769) to work on /opt/airflow/dags/e_commerce_dw_dag.py
[2026-03-25T09:16:19.384+0000] {processor.py:830} INFO - Processing file /opt/airflow/dags/e_commerce_dw_dag.py for tasks to queue
[2026-03-25T09:16:19.386+0000] {logging_mixin.py:188} INFO - [2026-03-25T09:16:19.386+0000] {dagbag.py:545} INFO - Filling up the DagBag from /opt/airflow/dags/e_commerce_dw_dag.py
[2026-03-25T09:16:19.417+0000] {logging_mixin.py:188} INFO - [2026-03-25T09:16:19.412+0000] {dagbag.py:355} ERROR - Failed to import: /opt/airflow/dags/e_commerce_dw_dag.py
Traceback (most recent call last):
  File "/home/airflow/.local/lib/python3.10/site-packages/airflow/models/dagbag.py", line 351, in parse
    loader.exec_module(new_module)
  File "<frozen importlib._bootstrap_external>", line 883, in exec_module
  File "<frozen importlib._bootstrap>", line 241, in _call_with_frames_removed
  File "/opt/airflow/dags/e_commerce_dw_dag.py", line 5, in <module>
    from transform_dim_customers import transform_dim_customers
  File "/opt/airflow/dags/transform_dim_customers.py", line 3, in <module>
    from plugins.postgresql_operator import PostgresOperators
ModuleNotFoundError: No module named 'plugins'
[2026-03-25T09:16:19.419+0000] {processor.py:842} WARNING - No viable dags retrieved from /opt/airflow/dags/e_commerce_dw_dag.py
[2026-03-25T09:16:19.441+0000] {processor.py:183} INFO - Processing /opt/airflow/dags/e_commerce_dw_dag.py took 0.066 seconds
[2026-03-25T09:16:50.021+0000] {processor.py:161} INFO - Started process (PID=795) to work on /opt/airflow/dags/e_commerce_dw_dag.py
[2026-03-25T09:16:50.022+0000] {processor.py:830} INFO - Processing file /opt/airflow/dags/e_commerce_dw_dag.py for tasks to queue
[2026-03-25T09:16:50.025+0000] {logging_mixin.py:188} INFO - [2026-03-25T09:16:50.024+0000] {dagbag.py:545} INFO - Filling up the DagBag from /opt/airflow/dags/e_commerce_dw_dag.py
[2026-03-25T09:16:50.050+0000] {logging_mixin.py:188} INFO - [2026-03-25T09:16:50.044+0000] {dagbag.py:355} ERROR - Failed to import: /opt/airflow/dags/e_commerce_dw_dag.py
Traceback (most recent call last):
  File "/home/airflow/.local/lib/python3.10/site-packages/airflow/models/dagbag.py", line 351, in parse
    loader.exec_module(new_module)
  File "<frozen importlib._bootstrap_external>", line 883, in exec_module
  File "<frozen importlib._bootstrap>", line 241, in _call_with_frames_removed
  File "/opt/airflow/dags/e_commerce_dw_dag.py", line 5, in <module>
    from transform_dim_customers import transform_dim_customers
  File "/opt/airflow/dags/transform_dim_customers.py", line 3, in <module>
    from plugins.postgresql_operator import PostgresOperators
ModuleNotFoundError: No module named 'plugins'
[2026-03-25T09:16:50.052+0000] {processor.py:842} WARNING - No viable dags retrieved from /opt/airflow/dags/e_commerce_dw_dag.py
[2026-03-25T09:16:50.070+0000] {processor.py:183} INFO - Processing /opt/airflow/dags/e_commerce_dw_dag.py took 0.055 seconds
[2026-03-25T09:19:16.119+0000] {processor.py:161} INFO - Started process (PID=179) to work on /opt/airflow/dags/e_commerce_dw_dag.py
[2026-03-25T09:19:16.121+0000] {processor.py:830} INFO - Processing file /opt/airflow/dags/e_commerce_dw_dag.py for tasks to queue
[2026-03-25T09:19:16.125+0000] {logging_mixin.py:188} INFO - [2026-03-25T09:19:16.124+0000] {dagbag.py:545} INFO - Filling up the DagBag from /opt/airflow/dags/e_commerce_dw_dag.py
[2026-03-25T09:19:16.189+0000] {logging_mixin.py:188} INFO - [2026-03-25T09:19:16.179+0000] {dagbag.py:355} ERROR - Failed to import: /opt/airflow/dags/e_commerce_dw_dag.py
Traceback (most recent call last):
  File "/home/airflow/.local/lib/python3.10/site-packages/airflow/models/dagbag.py", line 351, in parse
    loader.exec_module(new_module)
  File "<frozen importlib._bootstrap_external>", line 883, in exec_module
  File "<frozen importlib._bootstrap>", line 241, in _call_with_frames_removed
  File "/opt/airflow/dags/e_commerce_dw_dag.py", line 5, in <module>
    from transform_dim_customers import transform_dim_customers
  File "/opt/airflow/dags/transform_dim_customers.py", line 3, in <module>
    from plugins.postgresql_operator import PostgresOperators
ModuleNotFoundError: No module named 'plugins'
[2026-03-25T09:19:16.192+0000] {processor.py:842} WARNING - No viable dags retrieved from /opt/airflow/dags/e_commerce_dw_dag.py
[2026-03-25T09:19:16.217+0000] {processor.py:183} INFO - Processing /opt/airflow/dags/e_commerce_dw_dag.py took 0.110 seconds
[2026-03-25T09:19:46.378+0000] {processor.py:161} INFO - Started process (PID=205) to work on /opt/airflow/dags/e_commerce_dw_dag.py
[2026-03-25T09:19:46.380+0000] {processor.py:830} INFO - Processing file /opt/airflow/dags/e_commerce_dw_dag.py for tasks to queue
[2026-03-25T09:19:46.383+0000] {logging_mixin.py:188} INFO - [2026-03-25T09:19:46.382+0000] {dagbag.py:545} INFO - Filling up the DagBag from /opt/airflow/dags/e_commerce_dw_dag.py
[2026-03-25T09:19:46.412+0000] {logging_mixin.py:188} INFO - [2026-03-25T09:19:46.404+0000] {dagbag.py:355} ERROR - Failed to import: /opt/airflow/dags/e_commerce_dw_dag.py
Traceback (most recent call last):
  File "/home/airflow/.local/lib/python3.10/site-packages/airflow/models/dagbag.py", line 351, in parse
    loader.exec_module(new_module)
  File "<frozen importlib._bootstrap_external>", line 883, in exec_module
  File "<frozen importlib._bootstrap>", line 241, in _call_with_frames_removed
  File "/opt/airflow/dags/e_commerce_dw_dag.py", line 5, in <module>
    from transform_dim_customers import transform_dim_customers
  File "/opt/airflow/dags/transform_dim_customers.py", line 3, in <module>
    from plugins.postgresql_operator import PostgresOperators
ModuleNotFoundError: No module named 'plugins'
[2026-03-25T09:19:46.414+0000] {processor.py:842} WARNING - No viable dags retrieved from /opt/airflow/dags/e_commerce_dw_dag.py
[2026-03-25T09:19:46.437+0000] {processor.py:183} INFO - Processing /opt/airflow/dags/e_commerce_dw_dag.py took 0.068 seconds
[2026-03-25T09:20:17.086+0000] {processor.py:161} INFO - Started process (PID=231) to work on /opt/airflow/dags/e_commerce_dw_dag.py
[2026-03-25T09:20:17.088+0000] {processor.py:830} INFO - Processing file /opt/airflow/dags/e_commerce_dw_dag.py for tasks to queue
[2026-03-25T09:20:17.091+0000] {logging_mixin.py:188} INFO - [2026-03-25T09:20:17.090+0000] {dagbag.py:545} INFO - Filling up the DagBag from /opt/airflow/dags/e_commerce_dw_dag.py
[2026-03-25T09:20:17.119+0000] {logging_mixin.py:188} INFO - [2026-03-25T09:20:17.111+0000] {dagbag.py:355} ERROR - Failed to import: /opt/airflow/dags/e_commerce_dw_dag.py
Traceback (most recent call last):
  File "/home/airflow/.local/lib/python3.10/site-packages/airflow/models/dagbag.py", line 351, in parse
    loader.exec_module(new_module)
  File "<frozen importlib._bootstrap_external>", line 883, in exec_module
  File "<frozen importlib._bootstrap>", line 241, in _call_with_frames_removed
  File "/opt/airflow/dags/e_commerce_dw_dag.py", line 5, in <module>
    from transform_dim_customers import transform_dim_customers
  File "/opt/airflow/dags/transform_dim_customers.py", line 3, in <module>
    from plugins.postgresql_operator import PostgresOperators
ModuleNotFoundError: No module named 'plugins'
[2026-03-25T09:20:17.121+0000] {processor.py:842} WARNING - No viable dags retrieved from /opt/airflow/dags/e_commerce_dw_dag.py
[2026-03-25T09:20:17.142+0000] {processor.py:183} INFO - Processing /opt/airflow/dags/e_commerce_dw_dag.py took 0.067 seconds
[2026-03-25T09:20:47.688+0000] {processor.py:161} INFO - Started process (PID=263) to work on /opt/airflow/dags/e_commerce_dw_dag.py
[2026-03-25T09:20:47.689+0000] {processor.py:830} INFO - Processing file /opt/airflow/dags/e_commerce_dw_dag.py for tasks to queue
[2026-03-25T09:20:47.691+0000] {logging_mixin.py:188} INFO - [2026-03-25T09:20:47.691+0000] {dagbag.py:545} INFO - Filling up the DagBag from /opt/airflow/dags/e_commerce_dw_dag.py
[2026-03-25T09:20:47.723+0000] {logging_mixin.py:188} INFO - [2026-03-25T09:20:47.715+0000] {dagbag.py:355} ERROR - Failed to import: /opt/airflow/dags/e_commerce_dw_dag.py
Traceback (most recent call last):
  File "/home/airflow/.local/lib/python3.10/site-packages/airflow/models/dagbag.py", line 351, in parse
    loader.exec_module(new_module)
  File "<frozen importlib._bootstrap_external>", line 883, in exec_module
  File "<frozen importlib._bootstrap>", line 241, in _call_with_frames_removed
  File "/opt/airflow/dags/e_commerce_dw_dag.py", line 5, in <module>
    from transform_dim_customers import transform_dim_customers
  File "/opt/airflow/dags/transform_dim_customers.py", line 3, in <module>
    from plugins.postgresql_operator import PostgresOperators
ModuleNotFoundError: No module named 'plugins'
[2026-03-25T09:20:47.726+0000] {processor.py:842} WARNING - No viable dags retrieved from /opt/airflow/dags/e_commerce_dw_dag.py
[2026-03-25T09:20:47.752+0000] {processor.py:183} INFO - Processing /opt/airflow/dags/e_commerce_dw_dag.py took 0.071 seconds
[2026-03-25T09:21:18.356+0000] {processor.py:161} INFO - Started process (PID=289) to work on /opt/airflow/dags/e_commerce_dw_dag.py
[2026-03-25T09:21:18.357+0000] {processor.py:830} INFO - Processing file /opt/airflow/dags/e_commerce_dw_dag.py for tasks to queue
[2026-03-25T09:21:18.361+0000] {logging_mixin.py:188} INFO - [2026-03-25T09:21:18.361+0000] {dagbag.py:545} INFO - Filling up the DagBag from /opt/airflow/dags/e_commerce_dw_dag.py
[2026-03-25T09:21:18.393+0000] {logging_mixin.py:188} INFO - [2026-03-25T09:21:18.386+0000] {dagbag.py:355} ERROR - Failed to import: /opt/airflow/dags/e_commerce_dw_dag.py
Traceback (most recent call last):
  File "/home/airflow/.local/lib/python3.10/site-packages/airflow/models/dagbag.py", line 351, in parse
    loader.exec_module(new_module)
  File "<frozen importlib._bootstrap_external>", line 883, in exec_module
  File "<frozen importlib._bootstrap>", line 241, in _call_with_frames_removed
  File "/opt/airflow/dags/e_commerce_dw_dag.py", line 5, in <module>
    from transform_dim_customers import transform_dim_customers
  File "/opt/airflow/dags/transform_dim_customers.py", line 3, in <module>
    from plugins.postgresql_operator import PostgresOperators
ModuleNotFoundError: No module named 'plugins'
[2026-03-25T09:21:18.397+0000] {processor.py:842} WARNING - No viable dags retrieved from /opt/airflow/dags/e_commerce_dw_dag.py
[2026-03-25T09:21:18.419+0000] {processor.py:183} INFO - Processing /opt/airflow/dags/e_commerce_dw_dag.py took 0.074 seconds
[2026-03-25T09:21:49.107+0000] {processor.py:161} INFO - Started process (PID=316) to work on /opt/airflow/dags/e_commerce_dw_dag.py
[2026-03-25T09:21:49.109+0000] {processor.py:830} INFO - Processing file /opt/airflow/dags/e_commerce_dw_dag.py for tasks to queue
[2026-03-25T09:21:49.112+0000] {logging_mixin.py:188} INFO - [2026-03-25T09:21:49.112+0000] {dagbag.py:545} INFO - Filling up the DagBag from /opt/airflow/dags/e_commerce_dw_dag.py
[2026-03-25T09:21:49.147+0000] {logging_mixin.py:188} INFO - [2026-03-25T09:21:49.139+0000] {dagbag.py:355} ERROR - Failed to import: /opt/airflow/dags/e_commerce_dw_dag.py
Traceback (most recent call last):
  File "/home/airflow/.local/lib/python3.10/site-packages/airflow/models/dagbag.py", line 351, in parse
    loader.exec_module(new_module)
  File "<frozen importlib._bootstrap_external>", line 883, in exec_module
  File "<frozen importlib._bootstrap>", line 241, in _call_with_frames_removed
  File "/opt/airflow/dags/e_commerce_dw_dag.py", line 5, in <module>
    from transform_dim_customers import transform_dim_customers
  File "/opt/airflow/dags/transform_dim_customers.py", line 3, in <module>
    from plugins.postgresql_operator import PostgresOperators
ModuleNotFoundError: No module named 'plugins'
[2026-03-25T09:21:49.149+0000] {processor.py:842} WARNING - No viable dags retrieved from /opt/airflow/dags/e_commerce_dw_dag.py
[2026-03-25T09:21:49.172+0000] {processor.py:183} INFO - Processing /opt/airflow/dags/e_commerce_dw_dag.py took 0.073 seconds
[2026-03-25T09:21:53.328+0000] {processor.py:161} INFO - Started process (PID=336) to work on /opt/airflow/dags/e_commerce_dw_dag.py
[2026-03-25T09:21:53.329+0000] {processor.py:830} INFO - Processing file /opt/airflow/dags/e_commerce_dw_dag.py for tasks to queue
[2026-03-25T09:21:53.331+0000] {logging_mixin.py:188} INFO - [2026-03-25T09:21:53.331+0000] {dagbag.py:545} INFO - Filling up the DagBag from /opt/airflow/dags/e_commerce_dw_dag.py
[2026-03-25T09:21:53.378+0000] {logging_mixin.py:188} INFO - [2026-03-25T09:21:53.370+0000] {dagbag.py:355} ERROR - Failed to import: /opt/airflow/dags/e_commerce_dw_dag.py
Traceback (most recent call last):
  File "/home/airflow/.local/lib/python3.10/site-packages/airflow/models/dagbag.py", line 351, in parse
    loader.exec_module(new_module)
  File "<frozen importlib._bootstrap_external>", line 883, in exec_module
  File "<frozen importlib._bootstrap>", line 241, in _call_with_frames_removed
  File "/opt/airflow/dags/e_commerce_dw_dag.py", line 5, in <module>
    from transform_dim_customers import transform_dim_customers
  File "/opt/airflow/dags/transform_dim_customers.py", line 3, in <module>
    from plugins.postgresql_operator import PostgresOperators
ModuleNotFoundError: No module named 'plugins'
[2026-03-25T09:21:53.380+0000] {processor.py:842} WARNING - No viable dags retrieved from /opt/airflow/dags/e_commerce_dw_dag.py
[2026-03-25T09:21:53.408+0000] {processor.py:183} INFO - Processing /opt/airflow/dags/e_commerce_dw_dag.py took 0.087 seconds
[2026-03-25T09:22:58.188+0000] {processor.py:161} INFO - Started process (PID=184) to work on /opt/airflow/dags/e_commerce_dw_dag.py
[2026-03-25T09:22:58.190+0000] {processor.py:830} INFO - Processing file /opt/airflow/dags/e_commerce_dw_dag.py for tasks to queue
[2026-03-25T09:22:58.193+0000] {logging_mixin.py:188} INFO - [2026-03-25T09:22:58.193+0000] {dagbag.py:545} INFO - Filling up the DagBag from /opt/airflow/dags/e_commerce_dw_dag.py
[2026-03-25T09:22:58.276+0000] {logging_mixin.py:188} INFO - [2026-03-25T09:22:58.262+0000] {dagbag.py:355} ERROR - Failed to import: /opt/airflow/dags/e_commerce_dw_dag.py
Traceback (most recent call last):
  File "/home/airflow/.local/lib/python3.10/site-packages/airflow/models/dagbag.py", line 351, in parse
    loader.exec_module(new_module)
  File "<frozen importlib._bootstrap_external>", line 883, in exec_module
  File "<frozen importlib._bootstrap>", line 241, in _call_with_frames_removed
  File "/opt/airflow/dags/e_commerce_dw_dag.py", line 5, in <module>
    from transform_dim_customers import transform_dim_customers
  File "/opt/airflow/dags/transform_dim_customers.py", line 3, in <module>
    from plugins.postgresql_operator import PostgresOperators
ModuleNotFoundError: No module named 'plugins'
[2026-03-25T09:22:58.279+0000] {processor.py:842} WARNING - No viable dags retrieved from /opt/airflow/dags/e_commerce_dw_dag.py
[2026-03-25T09:22:58.348+0000] {processor.py:183} INFO - Processing /opt/airflow/dags/e_commerce_dw_dag.py took 0.174 seconds
[2026-03-25T09:23:28.488+0000] {processor.py:161} INFO - Started process (PID=210) to work on /opt/airflow/dags/e_commerce_dw_dag.py
[2026-03-25T09:23:28.490+0000] {processor.py:830} INFO - Processing file /opt/airflow/dags/e_commerce_dw_dag.py for tasks to queue
[2026-03-25T09:23:28.492+0000] {logging_mixin.py:188} INFO - [2026-03-25T09:23:28.492+0000] {dagbag.py:545} INFO - Filling up the DagBag from /opt/airflow/dags/e_commerce_dw_dag.py
[2026-03-25T09:23:28.526+0000] {logging_mixin.py:188} INFO - [2026-03-25T09:23:28.518+0000] {dagbag.py:355} ERROR - Failed to import: /opt/airflow/dags/e_commerce_dw_dag.py
Traceback (most recent call last):
  File "/home/airflow/.local/lib/python3.10/site-packages/airflow/models/dagbag.py", line 351, in parse
    loader.exec_module(new_module)
  File "<frozen importlib._bootstrap_external>", line 883, in exec_module
  File "<frozen importlib._bootstrap>", line 241, in _call_with_frames_removed
  File "/opt/airflow/dags/e_commerce_dw_dag.py", line 5, in <module>
    from transform_dim_customers import transform_dim_customers
  File "/opt/airflow/dags/transform_dim_customers.py", line 3, in <module>
    from plugins.postgresql_operator import PostgresOperators
ModuleNotFoundError: No module named 'plugins'
[2026-03-25T09:23:28.529+0000] {processor.py:842} WARNING - No viable dags retrieved from /opt/airflow/dags/e_commerce_dw_dag.py
[2026-03-25T09:23:29.659+0000] {processor.py:183} INFO - Processing /opt/airflow/dags/e_commerce_dw_dag.py took 1.179 seconds
[2026-03-25T09:24:00.160+0000] {processor.py:161} INFO - Started process (PID=236) to work on /opt/airflow/dags/e_commerce_dw_dag.py
[2026-03-25T09:24:00.161+0000] {processor.py:830} INFO - Processing file /opt/airflow/dags/e_commerce_dw_dag.py for tasks to queue
[2026-03-25T09:24:00.164+0000] {logging_mixin.py:188} INFO - [2026-03-25T09:24:00.163+0000] {dagbag.py:545} INFO - Filling up the DagBag from /opt/airflow/dags/e_commerce_dw_dag.py
[2026-03-25T09:24:00.196+0000] {logging_mixin.py:188} INFO - [2026-03-25T09:24:00.188+0000] {dagbag.py:355} ERROR - Failed to import: /opt/airflow/dags/e_commerce_dw_dag.py
Traceback (most recent call last):
  File "/home/airflow/.local/lib/python3.10/site-packages/airflow/models/dagbag.py", line 351, in parse
    loader.exec_module(new_module)
  File "<frozen importlib._bootstrap_external>", line 883, in exec_module
  File "<frozen importlib._bootstrap>", line 241, in _call_with_frames_removed
  File "/opt/airflow/dags/e_commerce_dw_dag.py", line 5, in <module>
    from transform_dim_customers import transform_dim_customers
  File "/opt/airflow/dags/transform_dim_customers.py", line 3, in <module>
    from plugins.postgresql_operator import PostgresOperators
ModuleNotFoundError: No module named 'plugins'
[2026-03-25T09:24:00.199+0000] {processor.py:842} WARNING - No viable dags retrieved from /opt/airflow/dags/e_commerce_dw_dag.py
[2026-03-25T09:24:00.224+0000] {processor.py:183} INFO - Processing /opt/airflow/dags/e_commerce_dw_dag.py took 0.073 seconds
[2026-03-25T09:24:30.653+0000] {processor.py:161} INFO - Started process (PID=262) to work on /opt/airflow/dags/e_commerce_dw_dag.py
[2026-03-25T09:24:30.655+0000] {processor.py:830} INFO - Processing file /opt/airflow/dags/e_commerce_dw_dag.py for tasks to queue
[2026-03-25T09:24:30.657+0000] {logging_mixin.py:188} INFO - [2026-03-25T09:24:30.657+0000] {dagbag.py:545} INFO - Filling up the DagBag from /opt/airflow/dags/e_commerce_dw_dag.py
[2026-03-25T09:24:30.687+0000] {logging_mixin.py:188} INFO - [2026-03-25T09:24:30.680+0000] {dagbag.py:355} ERROR - Failed to import: /opt/airflow/dags/e_commerce_dw_dag.py
Traceback (most recent call last):
  File "/home/airflow/.local/lib/python3.10/site-packages/airflow/models/dagbag.py", line 351, in parse
    loader.exec_module(new_module)
  File "<frozen importlib._bootstrap_external>", line 883, in exec_module
  File "<frozen importlib._bootstrap>", line 241, in _call_with_frames_removed
  File "/opt/airflow/dags/e_commerce_dw_dag.py", line 5, in <module>
    from transform_dim_customers import transform_dim_customers
  File "/opt/airflow/dags/transform_dim_customers.py", line 3, in <module>
    from plugins.postgresql_operator import PostgresOperators
ModuleNotFoundError: No module named 'plugins'
[2026-03-25T09:24:30.689+0000] {processor.py:842} WARNING - No viable dags retrieved from /opt/airflow/dags/e_commerce_dw_dag.py
[2026-03-25T09:24:30.713+0000] {processor.py:183} INFO - Processing /opt/airflow/dags/e_commerce_dw_dag.py took 0.069 seconds
[2026-03-25T09:25:01.262+0000] {processor.py:161} INFO - Started process (PID=288) to work on /opt/airflow/dags/e_commerce_dw_dag.py
[2026-03-25T09:25:01.263+0000] {processor.py:830} INFO - Processing file /opt/airflow/dags/e_commerce_dw_dag.py for tasks to queue
[2026-03-25T09:25:01.266+0000] {logging_mixin.py:188} INFO - [2026-03-25T09:25:01.266+0000] {dagbag.py:545} INFO - Filling up the DagBag from /opt/airflow/dags/e_commerce_dw_dag.py
[2026-03-25T09:25:01.296+0000] {logging_mixin.py:188} INFO - [2026-03-25T09:25:01.290+0000] {dagbag.py:355} ERROR - Failed to import: /opt/airflow/dags/e_commerce_dw_dag.py
Traceback (most recent call last):
  File "/home/airflow/.local/lib/python3.10/site-packages/airflow/models/dagbag.py", line 351, in parse
    loader.exec_module(new_module)
  File "<frozen importlib._bootstrap_external>", line 883, in exec_module
  File "<frozen importlib._bootstrap>", line 241, in _call_with_frames_removed
  File "/opt/airflow/dags/e_commerce_dw_dag.py", line 5, in <module>
    from transform_dim_customers import transform_dim_customers
  File "/opt/airflow/dags/transform_dim_customers.py", line 3, in <module>
    from plugins.postgresql_operator import PostgresOperators
ModuleNotFoundError: No module named 'plugins'
[2026-03-25T09:25:01.299+0000] {processor.py:842} WARNING - No viable dags retrieved from /opt/airflow/dags/e_commerce_dw_dag.py
[2026-03-25T09:25:01.323+0000] {processor.py:183} INFO - Processing /opt/airflow/dags/e_commerce_dw_dag.py took 0.070 seconds
[2026-03-25T09:26:08.662+0000] {processor.py:161} INFO - Started process (PID=189) to work on /opt/airflow/dags/e_commerce_dw_dag.py
[2026-03-25T09:26:08.664+0000] {processor.py:830} INFO - Processing file /opt/airflow/dags/e_commerce_dw_dag.py for tasks to queue
[2026-03-25T09:26:08.667+0000] {logging_mixin.py:188} INFO - [2026-03-25T09:26:08.667+0000] {dagbag.py:545} INFO - Filling up the DagBag from /opt/airflow/dags/e_commerce_dw_dag.py
[2026-03-25T09:26:08.736+0000] {logging_mixin.py:188} INFO - [2026-03-25T09:26:08.719+0000] {dagbag.py:355} ERROR - Failed to import: /opt/airflow/dags/e_commerce_dw_dag.py
Traceback (most recent call last):
  File "/home/airflow/.local/lib/python3.10/site-packages/airflow/models/dagbag.py", line 351, in parse
    loader.exec_module(new_module)
  File "<frozen importlib._bootstrap_external>", line 883, in exec_module
  File "<frozen importlib._bootstrap>", line 241, in _call_with_frames_removed
  File "/opt/airflow/dags/e_commerce_dw_dag.py", line 5, in <module>
    from transform_dim_customers import transform_dim_customers
  File "/opt/airflow/dags/transform_dim_customers.py", line 3, in <module>
    from plugins.postgresql_operator import PostgresOperators
ModuleNotFoundError: No module named 'plugins'
[2026-03-25T09:26:08.740+0000] {processor.py:842} WARNING - No viable dags retrieved from /opt/airflow/dags/e_commerce_dw_dag.py
[2026-03-25T09:26:08.766+0000] {processor.py:183} INFO - Processing /opt/airflow/dags/e_commerce_dw_dag.py took 0.114 seconds
[2026-03-25T09:26:39.380+0000] {processor.py:161} INFO - Started process (PID=215) to work on /opt/airflow/dags/e_commerce_dw_dag.py
[2026-03-25T09:26:39.381+0000] {processor.py:830} INFO - Processing file /opt/airflow/dags/e_commerce_dw_dag.py for tasks to queue
[2026-03-25T09:26:39.384+0000] {logging_mixin.py:188} INFO - [2026-03-25T09:26:39.383+0000] {dagbag.py:545} INFO - Filling up the DagBag from /opt/airflow/dags/e_commerce_dw_dag.py
[2026-03-25T09:26:39.412+0000] {logging_mixin.py:188} INFO - [2026-03-25T09:26:39.404+0000] {dagbag.py:355} ERROR - Failed to import: /opt/airflow/dags/e_commerce_dw_dag.py
Traceback (most recent call last):
  File "/home/airflow/.local/lib/python3.10/site-packages/airflow/models/dagbag.py", line 351, in parse
    loader.exec_module(new_module)
  File "<frozen importlib._bootstrap_external>", line 883, in exec_module
  File "<frozen importlib._bootstrap>", line 241, in _call_with_frames_removed
  File "/opt/airflow/dags/e_commerce_dw_dag.py", line 5, in <module>
    from transform_dim_customers import transform_dim_customers
  File "/opt/airflow/dags/transform_dim_customers.py", line 3, in <module>
    from plugins.postgresql_operator import PostgresOperators
ModuleNotFoundError: No module named 'plugins'
[2026-03-25T09:26:39.415+0000] {processor.py:842} WARNING - No viable dags retrieved from /opt/airflow/dags/e_commerce_dw_dag.py
[2026-03-25T09:26:39.437+0000] {processor.py:183} INFO - Processing /opt/airflow/dags/e_commerce_dw_dag.py took 0.065 seconds
[2026-03-25T09:26:53.898+0000] {processor.py:161} INFO - Started process (PID=238) to work on /opt/airflow/dags/e_commerce_dw_dag.py
[2026-03-25T09:26:53.899+0000] {processor.py:830} INFO - Processing file /opt/airflow/dags/e_commerce_dw_dag.py for tasks to queue
[2026-03-25T09:26:53.901+0000] {logging_mixin.py:188} INFO - [2026-03-25T09:26:53.901+0000] {dagbag.py:545} INFO - Filling up the DagBag from /opt/airflow/dags/e_commerce_dw_dag.py
[2026-03-25T09:26:53.949+0000] {logging_mixin.py:188} INFO - [2026-03-25T09:26:53.935+0000] {dagbag.py:355} ERROR - Failed to import: /opt/airflow/dags/e_commerce_dw_dag.py
Traceback (most recent call last):
  File "/home/airflow/.local/lib/python3.10/site-packages/airflow/models/dagbag.py", line 351, in parse
    loader.exec_module(new_module)
  File "<frozen importlib._bootstrap_external>", line 883, in exec_module
  File "<frozen importlib._bootstrap>", line 241, in _call_with_frames_removed
  File "/opt/airflow/dags/e_commerce_dw_dag.py", line 5, in <module>
    from transform_dim_customers import transform_dim_customers
  File "/opt/airflow/dags/transform_dim_customers.py", line 3, in <module>
    from plugins.postgresql_operator import PostgresOperators
ModuleNotFoundError: No module named 'plugins'
[2026-03-25T09:26:53.952+0000] {processor.py:842} WARNING - No viable dags retrieved from /opt/airflow/dags/e_commerce_dw_dag.py
[2026-03-25T09:26:53.975+0000] {processor.py:183} INFO - Processing /opt/airflow/dags/e_commerce_dw_dag.py took 0.084 seconds
[2026-03-25T09:26:54.980+0000] {processor.py:161} INFO - Started process (PID=243) to work on /opt/airflow/dags/e_commerce_dw_dag.py
[2026-03-25T09:26:54.982+0000] {processor.py:830} INFO - Processing file /opt/airflow/dags/e_commerce_dw_dag.py for tasks to queue
[2026-03-25T09:26:54.984+0000] {logging_mixin.py:188} INFO - [2026-03-25T09:26:54.983+0000] {dagbag.py:545} INFO - Filling up the DagBag from /opt/airflow/dags/e_commerce_dw_dag.py
[2026-03-25T09:26:55.025+0000] {logging_mixin.py:188} INFO - [2026-03-25T09:26:55.016+0000] {dagbag.py:355} ERROR - Failed to import: /opt/airflow/dags/e_commerce_dw_dag.py
Traceback (most recent call last):
  File "/home/airflow/.local/lib/python3.10/site-packages/airflow/models/dagbag.py", line 351, in parse
    loader.exec_module(new_module)
  File "<frozen importlib._bootstrap_external>", line 883, in exec_module
  File "<frozen importlib._bootstrap>", line 241, in _call_with_frames_removed
  File "/opt/airflow/dags/e_commerce_dw_dag.py", line 5, in <module>
    from transform_dim_customers import transform_dim_customers
  File "/opt/airflow/dags/transform_dim_customers.py", line 3, in <module>
    from plugins.postgresql_operator import PostgresOperators
ModuleNotFoundError: No module named 'plugins'
[2026-03-25T09:26:55.027+0000] {processor.py:842} WARNING - No viable dags retrieved from /opt/airflow/dags/e_commerce_dw_dag.py
[2026-03-25T09:26:55.046+0000] {processor.py:183} INFO - Processing /opt/airflow/dags/e_commerce_dw_dag.py took 0.071 seconds
[2026-03-25T09:27:25.644+0000] {processor.py:161} INFO - Started process (PID=269) to work on /opt/airflow/dags/e_commerce_dw_dag.py
[2026-03-25T09:27:25.645+0000] {processor.py:830} INFO - Processing file /opt/airflow/dags/e_commerce_dw_dag.py for tasks to queue
[2026-03-25T09:27:25.647+0000] {logging_mixin.py:188} INFO - [2026-03-25T09:27:25.647+0000] {dagbag.py:545} INFO - Filling up the DagBag from /opt/airflow/dags/e_commerce_dw_dag.py
[2026-03-25T09:27:25.677+0000] {logging_mixin.py:188} INFO - [2026-03-25T09:27:25.671+0000] {dagbag.py:355} ERROR - Failed to import: /opt/airflow/dags/e_commerce_dw_dag.py
Traceback (most recent call last):
  File "/home/airflow/.local/lib/python3.10/site-packages/airflow/models/dagbag.py", line 351, in parse
    loader.exec_module(new_module)
  File "<frozen importlib._bootstrap_external>", line 883, in exec_module
  File "<frozen importlib._bootstrap>", line 241, in _call_with_frames_removed
  File "/opt/airflow/dags/e_commerce_dw_dag.py", line 5, in <module>
    from transform_dim_customers import transform_dim_customers
  File "/opt/airflow/dags/transform_dim_customers.py", line 3, in <module>
    from plugins.postgresql_operator import PostgresOperators
ModuleNotFoundError: No module named 'plugins'
[2026-03-25T09:27:25.678+0000] {processor.py:842} WARNING - No viable dags retrieved from /opt/airflow/dags/e_commerce_dw_dag.py
[2026-03-25T09:27:25.696+0000] {processor.py:183} INFO - Processing /opt/airflow/dags/e_commerce_dw_dag.py took 0.059 seconds
[2026-03-25T09:27:55.338+0000] {processor.py:161} INFO - Started process (PID=295) to work on /opt/airflow/dags/e_commerce_dw_dag.py
[2026-03-25T09:27:55.339+0000] {processor.py:830} INFO - Processing file /opt/airflow/dags/e_commerce_dw_dag.py for tasks to queue
[2026-03-25T09:27:55.341+0000] {logging_mixin.py:188} INFO - [2026-03-25T09:27:55.341+0000] {dagbag.py:545} INFO - Filling up the DagBag from /opt/airflow/dags/e_commerce_dw_dag.py
[2026-03-25T09:27:55.376+0000] {logging_mixin.py:188} INFO - [2026-03-25T09:27:55.369+0000] {dagbag.py:355} ERROR - Failed to import: /opt/airflow/dags/e_commerce_dw_dag.py
Traceback (most recent call last):
  File "/home/airflow/.local/lib/python3.10/site-packages/airflow/models/dagbag.py", line 351, in parse
    loader.exec_module(new_module)
  File "<frozen importlib._bootstrap_external>", line 883, in exec_module
  File "<frozen importlib._bootstrap>", line 241, in _call_with_frames_removed
  File "/opt/airflow/dags/e_commerce_dw_dag.py", line 5, in <module>
    from transform_dim_customers import transform_dim_customers
  File "/opt/airflow/dags/transform_dim_customers.py", line 3, in <module>
    from plugins.postgresql_operator import PostgresOperators
ModuleNotFoundError: No module named 'plugins'
[2026-03-25T09:27:55.378+0000] {processor.py:842} WARNING - No viable dags retrieved from /opt/airflow/dags/e_commerce_dw_dag.py
[2026-03-25T09:27:55.397+0000] {processor.py:183} INFO - Processing /opt/airflow/dags/e_commerce_dw_dag.py took 0.065 seconds
[2026-03-25T09:28:26.056+0000] {processor.py:161} INFO - Started process (PID=321) to work on /opt/airflow/dags/e_commerce_dw_dag.py
[2026-03-25T09:28:26.058+0000] {processor.py:830} INFO - Processing file /opt/airflow/dags/e_commerce_dw_dag.py for tasks to queue
[2026-03-25T09:28:26.060+0000] {logging_mixin.py:188} INFO - [2026-03-25T09:28:26.060+0000] {dagbag.py:545} INFO - Filling up the DagBag from /opt/airflow/dags/e_commerce_dw_dag.py
[2026-03-25T09:28:26.182+0000] {logging_mixin.py:188} INFO - [2026-03-25T09:28:26.171+0000] {dagbag.py:355} ERROR - Failed to import: /opt/airflow/dags/e_commerce_dw_dag.py
Traceback (most recent call last):
  File "/home/airflow/.local/lib/python3.10/site-packages/airflow/models/dagbag.py", line 351, in parse
    loader.exec_module(new_module)
  File "<frozen importlib._bootstrap_external>", line 883, in exec_module
  File "<frozen importlib._bootstrap>", line 241, in _call_with_frames_removed
  File "/opt/airflow/dags/e_commerce_dw_dag.py", line 6, in <module>
    from transform_dim_products import transform_dim_products
  File "/opt/airflow/dags/transform_dim_products.py", line 2, in <module>
    from plugins.postgresql_operator import PostgresOperators
ModuleNotFoundError: No module named 'plugins'
[2026-03-25T09:28:26.185+0000] {processor.py:842} WARNING - No viable dags retrieved from /opt/airflow/dags/e_commerce_dw_dag.py
[2026-03-25T09:28:26.210+0000] {processor.py:183} INFO - Processing /opt/airflow/dags/e_commerce_dw_dag.py took 0.160 seconds
[2026-03-25T09:29:41.451+0000] {processor.py:161} INFO - Started process (PID=178) to work on /opt/airflow/dags/e_commerce_dw_dag.py
[2026-03-25T09:29:41.452+0000] {processor.py:830} INFO - Processing file /opt/airflow/dags/e_commerce_dw_dag.py for tasks to queue
[2026-03-25T09:29:41.456+0000] {logging_mixin.py:188} INFO - [2026-03-25T09:29:41.456+0000] {dagbag.py:545} INFO - Filling up the DagBag from /opt/airflow/dags/e_commerce_dw_dag.py
[2026-03-25T09:29:41.668+0000] {processor.py:840} INFO - DAG(s) 'e_commerce_dw_etl' retrieved from /opt/airflow/dags/e_commerce_dw_dag.py
[2026-03-25T09:29:41.903+0000] {logging_mixin.py:188} INFO - [2026-03-25T09:29:41.902+0000] {override.py:1829} INFO - Created Permission View: can read on DAG:e_commerce_dw_etl
[2026-03-25T09:29:41.916+0000] {logging_mixin.py:188} INFO - [2026-03-25T09:29:41.916+0000] {override.py:1829} INFO - Created Permission View: can delete on DAG:e_commerce_dw_etl
[2026-03-25T09:29:41.925+0000] {logging_mixin.py:188} INFO - [2026-03-25T09:29:41.925+0000] {override.py:1829} INFO - Created Permission View: can edit on DAG:e_commerce_dw_etl
[2026-03-25T09:29:41.926+0000] {logging_mixin.py:188} INFO - [2026-03-25T09:29:41.926+0000] {dag.py:3096} INFO - Sync 1 DAGs
[2026-03-25T09:29:41.939+0000] {logging_mixin.py:188} INFO - [2026-03-25T09:29:41.939+0000] {dag.py:3118} INFO - Creating ORM DAG for e_commerce_dw_etl
[2026-03-25T09:29:41.955+0000] {logging_mixin.py:188} INFO - [2026-03-25T09:29:41.955+0000] {dag.py:3954} INFO - Setting next_dagrun for e_commerce_dw_etl to 2024-10-26 00:00:00+00:00, run_after=2024-10-27 00:00:00+00:00
[2026-03-25T09:29:41.986+0000] {processor.py:183} INFO - Processing /opt/airflow/dags/e_commerce_dw_dag.py took 0.544 seconds
[2026-03-25T09:30:12.855+0000] {processor.py:161} INFO - Started process (PID=248) to work on /opt/airflow/dags/e_commerce_dw_dag.py
[2026-03-25T09:30:12.857+0000] {processor.py:830} INFO - Processing file /opt/airflow/dags/e_commerce_dw_dag.py for tasks to queue
[2026-03-25T09:30:12.862+0000] {logging_mixin.py:188} INFO - [2026-03-25T09:30:12.861+0000] {dagbag.py:545} INFO - Filling up the DagBag from /opt/airflow/dags/e_commerce_dw_dag.py
[2026-03-25T09:30:13.126+0000] {processor.py:840} INFO - DAG(s) 'e_commerce_dw_etl' retrieved from /opt/airflow/dags/e_commerce_dw_dag.py
[2026-03-25T09:30:13.214+0000] {logging_mixin.py:188} INFO - [2026-03-25T09:30:13.214+0000] {dag.py:3096} INFO - Sync 1 DAGs
[2026-03-25T09:30:13.310+0000] {logging_mixin.py:188} INFO - [2026-03-25T09:30:13.310+0000] {dag.py:3954} INFO - Setting next_dagrun for e_commerce_dw_etl to 2024-11-17 00:00:00+00:00, run_after=2024-11-18 00:00:00+00:00
[2026-03-25T09:30:13.373+0000] {processor.py:183} INFO - Processing /opt/airflow/dags/e_commerce_dw_dag.py took 0.532 seconds
[2026-03-25T09:30:43.576+0000] {processor.py:161} INFO - Started process (PID=390) to work on /opt/airflow/dags/e_commerce_dw_dag.py
[2026-03-25T09:30:43.578+0000] {processor.py:830} INFO - Processing file /opt/airflow/dags/e_commerce_dw_dag.py for tasks to queue
[2026-03-25T09:30:43.581+0000] {logging_mixin.py:188} INFO - [2026-03-25T09:30:43.580+0000] {dagbag.py:545} INFO - Filling up the DagBag from /opt/airflow/dags/e_commerce_dw_dag.py
[2026-03-25T09:30:43.698+0000] {processor.py:840} INFO - DAG(s) 'e_commerce_dw_etl' retrieved from /opt/airflow/dags/e_commerce_dw_dag.py
[2026-03-25T09:30:43.748+0000] {logging_mixin.py:188} INFO - [2026-03-25T09:30:43.747+0000] {dag.py:3096} INFO - Sync 1 DAGs
[2026-03-25T09:30:43.825+0000] {logging_mixin.py:188} INFO - [2026-03-25T09:30:43.824+0000] {dag.py:3954} INFO - Setting next_dagrun for e_commerce_dw_etl to 2025-01-08 00:00:00+00:00, run_after=2025-01-09 00:00:00+00:00
[2026-03-25T09:30:43.903+0000] {processor.py:183} INFO - Processing /opt/airflow/dags/e_commerce_dw_dag.py took 0.337 seconds
[2026-03-25T09:31:14.264+0000] {processor.py:161} INFO - Started process (PID=530) to work on /opt/airflow/dags/e_commerce_dw_dag.py
[2026-03-25T09:31:14.266+0000] {processor.py:830} INFO - Processing file /opt/airflow/dags/e_commerce_dw_dag.py for tasks to queue
[2026-03-25T09:31:14.271+0000] {logging_mixin.py:188} INFO - [2026-03-25T09:31:14.271+0000] {dagbag.py:545} INFO - Filling up the DagBag from /opt/airflow/dags/e_commerce_dw_dag.py
[2026-03-25T09:31:14.491+0000] {processor.py:840} INFO - DAG(s) 'e_commerce_dw_etl' retrieved from /opt/airflow/dags/e_commerce_dw_dag.py
[2026-03-25T09:31:14.562+0000] {logging_mixin.py:188} INFO - [2026-03-25T09:31:14.561+0000] {dag.py:3096} INFO - Sync 1 DAGs
[2026-03-25T09:31:14.605+0000] {logging_mixin.py:188} INFO - [2026-03-25T09:31:14.604+0000] {dag.py:3954} INFO - Setting next_dagrun for e_commerce_dw_etl to 2025-03-04 00:00:00+00:00, run_after=2025-03-05 00:00:00+00:00
[2026-03-25T09:31:14.643+0000] {processor.py:183} INFO - Processing /opt/airflow/dags/e_commerce_dw_dag.py took 0.394 seconds
[2026-03-25T09:31:45.055+0000] {processor.py:161} INFO - Started process (PID=663) to work on /opt/airflow/dags/e_commerce_dw_dag.py
[2026-03-25T09:31:45.058+0000] {processor.py:830} INFO - Processing file /opt/airflow/dags/e_commerce_dw_dag.py for tasks to queue
[2026-03-25T09:31:45.069+0000] {logging_mixin.py:188} INFO - [2026-03-25T09:31:45.068+0000] {dagbag.py:545} INFO - Filling up the DagBag from /opt/airflow/dags/e_commerce_dw_dag.py
[2026-03-25T09:31:45.294+0000] {processor.py:840} INFO - DAG(s) 'e_commerce_dw_etl' retrieved from /opt/airflow/dags/e_commerce_dw_dag.py
[2026-03-25T09:31:45.390+0000] {logging_mixin.py:188} INFO - [2026-03-25T09:31:45.390+0000] {dag.py:3096} INFO - Sync 1 DAGs
[2026-03-25T09:31:45.454+0000] {logging_mixin.py:188} INFO - [2026-03-25T09:31:45.454+0000] {dag.py:3954} INFO - Setting next_dagrun for e_commerce_dw_etl to 2025-04-26 00:00:00+00:00, run_after=2025-04-27 00:00:00+00:00
[2026-03-25T09:31:45.515+0000] {processor.py:183} INFO - Processing /opt/airflow/dags/e_commerce_dw_dag.py took 0.473 seconds
[2026-03-25T09:32:15.871+0000] {processor.py:161} INFO - Started process (PID=780) to work on /opt/airflow/dags/e_commerce_dw_dag.py
[2026-03-25T09:32:15.877+0000] {processor.py:830} INFO - Processing file /opt/airflow/dags/e_commerce_dw_dag.py for tasks to queue
[2026-03-25T09:32:15.884+0000] {logging_mixin.py:188} INFO - [2026-03-25T09:32:15.883+0000] {dagbag.py:545} INFO - Filling up the DagBag from /opt/airflow/dags/e_commerce_dw_dag.py
[2026-03-25T09:32:16.076+0000] {processor.py:840} INFO - DAG(s) 'e_commerce_dw_etl' retrieved from /opt/airflow/dags/e_commerce_dw_dag.py
[2026-03-25T09:32:16.143+0000] {logging_mixin.py:188} INFO - [2026-03-25T09:32:16.142+0000] {dag.py:3096} INFO - Sync 1 DAGs
[2026-03-25T09:32:16.204+0000] {logging_mixin.py:188} INFO - [2026-03-25T09:32:16.202+0000] {dag.py:3954} INFO - Setting next_dagrun for e_commerce_dw_etl to 2025-06-14 00:00:00+00:00, run_after=2025-06-15 00:00:00+00:00
[2026-03-25T09:32:16.249+0000] {processor.py:183} INFO - Processing /opt/airflow/dags/e_commerce_dw_dag.py took 0.400 seconds
[2026-03-25T09:32:46.543+0000] {processor.py:161} INFO - Started process (PID=914) to work on /opt/airflow/dags/e_commerce_dw_dag.py
[2026-03-25T09:32:46.545+0000] {processor.py:830} INFO - Processing file /opt/airflow/dags/e_commerce_dw_dag.py for tasks to queue
[2026-03-25T09:32:46.549+0000] {logging_mixin.py:188} INFO - [2026-03-25T09:32:46.548+0000] {dagbag.py:545} INFO - Filling up the DagBag from /opt/airflow/dags/e_commerce_dw_dag.py
[2026-03-25T09:32:46.786+0000] {processor.py:840} INFO - DAG(s) 'e_commerce_dw_etl' retrieved from /opt/airflow/dags/e_commerce_dw_dag.py
[2026-03-25T09:32:46.843+0000] {logging_mixin.py:188} INFO - [2026-03-25T09:32:46.842+0000] {dag.py:3096} INFO - Sync 1 DAGs
[2026-03-25T09:32:46.883+0000] {logging_mixin.py:188} INFO - [2026-03-25T09:32:46.883+0000] {dag.py:3954} INFO - Setting next_dagrun for e_commerce_dw_etl to 2025-08-06 00:00:00+00:00, run_after=2025-08-07 00:00:00+00:00
[2026-03-25T09:32:46.930+0000] {processor.py:183} INFO - Processing /opt/airflow/dags/e_commerce_dw_dag.py took 0.403 seconds
[2026-03-25T09:33:17.187+0000] {processor.py:161} INFO - Started process (PID=1024) to work on /opt/airflow/dags/e_commerce_dw_dag.py
[2026-03-25T09:33:17.189+0000] {processor.py:830} INFO - Processing file /opt/airflow/dags/e_commerce_dw_dag.py for tasks to queue
[2026-03-25T09:33:17.192+0000] {logging_mixin.py:188} INFO - [2026-03-25T09:33:17.192+0000] {dagbag.py:545} INFO - Filling up the DagBag from /opt/airflow/dags/e_commerce_dw_dag.py
[2026-03-25T09:33:17.384+0000] {processor.py:840} INFO - DAG(s) 'e_commerce_dw_etl' retrieved from /opt/airflow/dags/e_commerce_dw_dag.py
[2026-03-25T09:33:17.443+0000] {logging_mixin.py:188} INFO - [2026-03-25T09:33:17.442+0000] {dag.py:3096} INFO - Sync 1 DAGs
[2026-03-25T09:33:17.493+0000] {logging_mixin.py:188} INFO - [2026-03-25T09:33:17.492+0000] {dag.py:3954} INFO - Setting next_dagrun for e_commerce_dw_etl to 2025-09-19 00:00:00+00:00, run_after=2025-09-20 00:00:00+00:00
[2026-03-25T09:33:17.536+0000] {processor.py:183} INFO - Processing /opt/airflow/dags/e_commerce_dw_dag.py took 0.358 seconds
[2026-03-25T09:33:48.448+0000] {processor.py:161} INFO - Started process (PID=1162) to work on /opt/airflow/dags/e_commerce_dw_dag.py
[2026-03-25T09:33:48.455+0000] {processor.py:830} INFO - Processing file /opt/airflow/dags/e_commerce_dw_dag.py for tasks to queue
[2026-03-25T09:33:48.461+0000] {logging_mixin.py:188} INFO - [2026-03-25T09:33:48.459+0000] {dagbag.py:545} INFO - Filling up the DagBag from /opt/airflow/dags/e_commerce_dw_dag.py
[2026-03-25T09:33:48.940+0000] {processor.py:840} INFO - DAG(s) 'e_commerce_dw_etl' retrieved from /opt/airflow/dags/e_commerce_dw_dag.py
[2026-03-25T09:33:49.083+0000] {logging_mixin.py:188} INFO - [2026-03-25T09:33:49.083+0000] {dag.py:3096} INFO - Sync 1 DAGs
[2026-03-25T09:33:49.145+0000] {logging_mixin.py:188} INFO - [2026-03-25T09:33:49.144+0000] {dag.py:3954} INFO - Setting next_dagrun for e_commerce_dw_etl to 2025-11-13 00:00:00+00:00, run_after=2025-11-14 00:00:00+00:00
[2026-03-25T09:33:49.213+0000] {processor.py:183} INFO - Processing /opt/airflow/dags/e_commerce_dw_dag.py took 0.806 seconds
[2026-03-25T09:34:19.973+0000] {processor.py:161} INFO - Started process (PID=1283) to work on /opt/airflow/dags/e_commerce_dw_dag.py
[2026-03-25T09:34:19.976+0000] {processor.py:830} INFO - Processing file /opt/airflow/dags/e_commerce_dw_dag.py for tasks to queue
[2026-03-25T09:34:19.991+0000] {logging_mixin.py:188} INFO - [2026-03-25T09:34:19.991+0000] {dagbag.py:545} INFO - Filling up the DagBag from /opt/airflow/dags/e_commerce_dw_dag.py
[2026-03-25T09:34:20.453+0000] {processor.py:840} INFO - DAG(s) 'e_commerce_dw_etl' retrieved from /opt/airflow/dags/e_commerce_dw_dag.py
[2026-03-25T09:34:20.535+0000] {logging_mixin.py:188} INFO - [2026-03-25T09:34:20.534+0000] {dag.py:3096} INFO - Sync 1 DAGs
[2026-03-25T09:34:20.614+0000] {logging_mixin.py:188} INFO - [2026-03-25T09:34:20.612+0000] {dag.py:3954} INFO - Setting next_dagrun for e_commerce_dw_etl to 2025-12-28 00:00:00+00:00, run_after=2025-12-29 00:00:00+00:00
[2026-03-25T09:34:20.675+0000] {processor.py:183} INFO - Processing /opt/airflow/dags/e_commerce_dw_dag.py took 0.724 seconds
[2026-03-25T09:34:50.975+0000] {processor.py:161} INFO - Started process (PID=1413) to work on /opt/airflow/dags/e_commerce_dw_dag.py
[2026-03-25T09:34:50.980+0000] {processor.py:830} INFO - Processing file /opt/airflow/dags/e_commerce_dw_dag.py for tasks to queue
[2026-03-25T09:34:50.985+0000] {logging_mixin.py:188} INFO - [2026-03-25T09:34:50.985+0000] {dagbag.py:545} INFO - Filling up the DagBag from /opt/airflow/dags/e_commerce_dw_dag.py
[2026-03-25T09:34:51.360+0000] {processor.py:840} INFO - DAG(s) 'e_commerce_dw_etl' retrieved from /opt/airflow/dags/e_commerce_dw_dag.py
[2026-03-25T09:34:51.449+0000] {logging_mixin.py:188} INFO - [2026-03-25T09:34:51.449+0000] {dag.py:3096} INFO - Sync 1 DAGs
[2026-03-25T09:34:51.516+0000] {logging_mixin.py:188} INFO - [2026-03-25T09:34:51.515+0000] {dag.py:3954} INFO - Setting next_dagrun for e_commerce_dw_etl to 2026-02-18 00:00:00+00:00, run_after=2026-02-19 00:00:00+00:00
[2026-03-25T09:34:51.618+0000] {processor.py:183} INFO - Processing /opt/airflow/dags/e_commerce_dw_dag.py took 0.669 seconds
[2026-03-25T09:35:22.618+0000] {processor.py:161} INFO - Started process (PID=1516) to work on /opt/airflow/dags/e_commerce_dw_dag.py
[2026-03-25T09:35:22.619+0000] {processor.py:830} INFO - Processing file /opt/airflow/dags/e_commerce_dw_dag.py for tasks to queue
[2026-03-25T09:35:22.622+0000] {logging_mixin.py:188} INFO - [2026-03-25T09:35:22.622+0000] {dagbag.py:545} INFO - Filling up the DagBag from /opt/airflow/dags/e_commerce_dw_dag.py
[2026-03-25T09:35:22.774+0000] {processor.py:840} INFO - DAG(s) 'e_commerce_dw_etl' retrieved from /opt/airflow/dags/e_commerce_dw_dag.py
[2026-03-25T09:35:22.809+0000] {logging_mixin.py:188} INFO - [2026-03-25T09:35:22.808+0000] {dag.py:3096} INFO - Sync 1 DAGs
[2026-03-25T09:35:22.833+0000] {logging_mixin.py:188} INFO - [2026-03-25T09:35:22.832+0000] {dag.py:3954} INFO - Setting next_dagrun for e_commerce_dw_etl to 2026-03-25 00:00:00+00:00, run_after=2026-03-26 00:00:00+00:00
[2026-03-25T09:35:22.866+0000] {processor.py:183} INFO - Processing /opt/airflow/dags/e_commerce_dw_dag.py took 0.254 seconds
[2026-03-25T09:35:53.311+0000] {processor.py:161} INFO - Started process (PID=1542) to work on /opt/airflow/dags/e_commerce_dw_dag.py
[2026-03-25T09:35:53.314+0000] {processor.py:830} INFO - Processing file /opt/airflow/dags/e_commerce_dw_dag.py for tasks to queue
[2026-03-25T09:35:53.317+0000] {logging_mixin.py:188} INFO - [2026-03-25T09:35:53.316+0000] {dagbag.py:545} INFO - Filling up the DagBag from /opt/airflow/dags/e_commerce_dw_dag.py
[2026-03-25T09:35:53.397+0000] {processor.py:840} INFO - DAG(s) 'e_commerce_dw_etl' retrieved from /opt/airflow/dags/e_commerce_dw_dag.py
[2026-03-25T09:35:53.428+0000] {logging_mixin.py:188} INFO - [2026-03-25T09:35:53.427+0000] {dag.py:3096} INFO - Sync 1 DAGs
[2026-03-25T09:35:53.448+0000] {logging_mixin.py:188} INFO - [2026-03-25T09:35:53.448+0000] {dag.py:3954} INFO - Setting next_dagrun for e_commerce_dw_etl to 2026-03-25 00:00:00+00:00, run_after=2026-03-26 00:00:00+00:00
[2026-03-25T09:35:53.474+0000] {processor.py:183} INFO - Processing /opt/airflow/dags/e_commerce_dw_dag.py took 0.172 seconds
[2026-03-25T09:36:23.997+0000] {processor.py:161} INFO - Started process (PID=1568) to work on /opt/airflow/dags/e_commerce_dw_dag.py
[2026-03-25T09:36:23.999+0000] {processor.py:830} INFO - Processing file /opt/airflow/dags/e_commerce_dw_dag.py for tasks to queue
[2026-03-25T09:36:24.002+0000] {logging_mixin.py:188} INFO - [2026-03-25T09:36:24.001+0000] {dagbag.py:545} INFO - Filling up the DagBag from /opt/airflow/dags/e_commerce_dw_dag.py
[2026-03-25T09:36:24.129+0000] {processor.py:840} INFO - DAG(s) 'e_commerce_dw_etl' retrieved from /opt/airflow/dags/e_commerce_dw_dag.py
[2026-03-25T09:36:24.159+0000] {logging_mixin.py:188} INFO - [2026-03-25T09:36:24.159+0000] {dag.py:3096} INFO - Sync 1 DAGs
[2026-03-25T09:36:24.179+0000] {logging_mixin.py:188} INFO - [2026-03-25T09:36:24.179+0000] {dag.py:3954} INFO - Setting next_dagrun for e_commerce_dw_etl to 2026-03-25 00:00:00+00:00, run_after=2026-03-26 00:00:00+00:00
[2026-03-25T09:36:24.200+0000] {processor.py:183} INFO - Processing /opt/airflow/dags/e_commerce_dw_dag.py took 0.209 seconds
[2026-03-25T09:36:54.689+0000] {processor.py:161} INFO - Started process (PID=1594) to work on /opt/airflow/dags/e_commerce_dw_dag.py
[2026-03-25T09:36:54.690+0000] {processor.py:830} INFO - Processing file /opt/airflow/dags/e_commerce_dw_dag.py for tasks to queue
[2026-03-25T09:36:54.693+0000] {logging_mixin.py:188} INFO - [2026-03-25T09:36:54.692+0000] {dagbag.py:545} INFO - Filling up the DagBag from /opt/airflow/dags/e_commerce_dw_dag.py
[2026-03-25T09:36:54.771+0000] {processor.py:840} INFO - DAG(s) 'e_commerce_dw_etl' retrieved from /opt/airflow/dags/e_commerce_dw_dag.py
[2026-03-25T09:36:54.802+0000] {logging_mixin.py:188} INFO - [2026-03-25T09:36:54.802+0000] {dag.py:3096} INFO - Sync 1 DAGs
[2026-03-25T09:36:54.824+0000] {logging_mixin.py:188} INFO - [2026-03-25T09:36:54.823+0000] {dag.py:3954} INFO - Setting next_dagrun for e_commerce_dw_etl to 2026-03-25 00:00:00+00:00, run_after=2026-03-26 00:00:00+00:00
[2026-03-25T09:36:54.850+0000] {processor.py:183} INFO - Processing /opt/airflow/dags/e_commerce_dw_dag.py took 0.168 seconds
[2026-03-25T09:37:25.378+0000] {processor.py:161} INFO - Started process (PID=1620) to work on /opt/airflow/dags/e_commerce_dw_dag.py
[2026-03-25T09:37:25.381+0000] {processor.py:830} INFO - Processing file /opt/airflow/dags/e_commerce_dw_dag.py for tasks to queue
[2026-03-25T09:37:25.384+0000] {logging_mixin.py:188} INFO - [2026-03-25T09:37:25.384+0000] {dagbag.py:545} INFO - Filling up the DagBag from /opt/airflow/dags/e_commerce_dw_dag.py
[2026-03-25T09:37:25.509+0000] {processor.py:840} INFO - DAG(s) 'e_commerce_dw_etl' retrieved from /opt/airflow/dags/e_commerce_dw_dag.py
[2026-03-25T09:37:25.537+0000] {logging_mixin.py:188} INFO - [2026-03-25T09:37:25.537+0000] {dag.py:3096} INFO - Sync 1 DAGs
[2026-03-25T09:37:25.558+0000] {logging_mixin.py:188} INFO - [2026-03-25T09:37:25.558+0000] {dag.py:3954} INFO - Setting next_dagrun for e_commerce_dw_etl to 2026-03-25 00:00:00+00:00, run_after=2026-03-26 00:00:00+00:00
[2026-03-25T09:37:25.582+0000] {processor.py:183} INFO - Processing /opt/airflow/dags/e_commerce_dw_dag.py took 0.215 seconds
[2026-03-25T09:37:56.066+0000] {processor.py:161} INFO - Started process (PID=1646) to work on /opt/airflow/dags/e_commerce_dw_dag.py
[2026-03-25T09:37:56.069+0000] {processor.py:830} INFO - Processing file /opt/airflow/dags/e_commerce_dw_dag.py for tasks to queue
[2026-03-25T09:37:56.072+0000] {logging_mixin.py:188} INFO - [2026-03-25T09:37:56.072+0000] {dagbag.py:545} INFO - Filling up the DagBag from /opt/airflow/dags/e_commerce_dw_dag.py
[2026-03-25T09:37:56.169+0000] {processor.py:840} INFO - DAG(s) 'e_commerce_dw_etl' retrieved from /opt/airflow/dags/e_commerce_dw_dag.py
[2026-03-25T09:37:56.201+0000] {logging_mixin.py:188} INFO - [2026-03-25T09:37:56.201+0000] {dag.py:3096} INFO - Sync 1 DAGs
[2026-03-25T09:37:56.220+0000] {logging_mixin.py:188} INFO - [2026-03-25T09:37:56.220+0000] {dag.py:3954} INFO - Setting next_dagrun for e_commerce_dw_etl to 2026-03-25 00:00:00+00:00, run_after=2026-03-26 00:00:00+00:00
[2026-03-25T09:37:56.243+0000] {processor.py:183} INFO - Processing /opt/airflow/dags/e_commerce_dw_dag.py took 0.186 seconds
[2026-03-25T09:38:26.675+0000] {processor.py:161} INFO - Started process (PID=1674) to work on /opt/airflow/dags/e_commerce_dw_dag.py
[2026-03-25T09:38:26.677+0000] {processor.py:830} INFO - Processing file /opt/airflow/dags/e_commerce_dw_dag.py for tasks to queue
[2026-03-25T09:38:26.681+0000] {logging_mixin.py:188} INFO - [2026-03-25T09:38:26.681+0000] {dagbag.py:545} INFO - Filling up the DagBag from /opt/airflow/dags/e_commerce_dw_dag.py
[2026-03-25T09:38:26.818+0000] {processor.py:840} INFO - DAG(s) 'e_commerce_dw_etl' retrieved from /opt/airflow/dags/e_commerce_dw_dag.py
[2026-03-25T09:38:26.857+0000] {logging_mixin.py:188} INFO - [2026-03-25T09:38:26.857+0000] {dag.py:3096} INFO - Sync 1 DAGs
[2026-03-25T09:38:26.888+0000] {logging_mixin.py:188} INFO - [2026-03-25T09:38:26.888+0000] {dag.py:3954} INFO - Setting next_dagrun for e_commerce_dw_etl to 2026-03-25 00:00:00+00:00, run_after=2026-03-26 00:00:00+00:00
[2026-03-25T09:38:26.911+0000] {processor.py:183} INFO - Processing /opt/airflow/dags/e_commerce_dw_dag.py took 0.246 seconds
[2026-03-25T09:38:57.446+0000] {processor.py:161} INFO - Started process (PID=1700) to work on /opt/airflow/dags/e_commerce_dw_dag.py
[2026-03-25T09:38:57.448+0000] {processor.py:830} INFO - Processing file /opt/airflow/dags/e_commerce_dw_dag.py for tasks to queue
[2026-03-25T09:38:57.454+0000] {logging_mixin.py:188} INFO - [2026-03-25T09:38:57.453+0000] {dagbag.py:545} INFO - Filling up the DagBag from /opt/airflow/dags/e_commerce_dw_dag.py
[2026-03-25T09:38:57.583+0000] {processor.py:840} INFO - DAG(s) 'e_commerce_dw_etl' retrieved from /opt/airflow/dags/e_commerce_dw_dag.py
[2026-03-25T09:38:57.617+0000] {logging_mixin.py:188} INFO - [2026-03-25T09:38:57.616+0000] {dag.py:3096} INFO - Sync 1 DAGs
[2026-03-25T09:38:57.640+0000] {logging_mixin.py:188} INFO - [2026-03-25T09:38:57.640+0000] {dag.py:3954} INFO - Setting next_dagrun for e_commerce_dw_etl to 2026-03-25 00:00:00+00:00, run_after=2026-03-26 00:00:00+00:00
[2026-03-25T09:38:57.665+0000] {processor.py:183} INFO - Processing /opt/airflow/dags/e_commerce_dw_dag.py took 0.227 seconds
[2026-03-25T09:39:28.213+0000] {processor.py:161} INFO - Started process (PID=1726) to work on /opt/airflow/dags/e_commerce_dw_dag.py
[2026-03-25T09:39:28.214+0000] {processor.py:830} INFO - Processing file /opt/airflow/dags/e_commerce_dw_dag.py for tasks to queue
[2026-03-25T09:39:28.216+0000] {logging_mixin.py:188} INFO - [2026-03-25T09:39:28.215+0000] {dagbag.py:545} INFO - Filling up the DagBag from /opt/airflow/dags/e_commerce_dw_dag.py
[2026-03-25T09:39:28.313+0000] {processor.py:840} INFO - DAG(s) 'e_commerce_dw_etl' retrieved from /opt/airflow/dags/e_commerce_dw_dag.py
[2026-03-25T09:39:28.346+0000] {logging_mixin.py:188} INFO - [2026-03-25T09:39:28.345+0000] {dag.py:3096} INFO - Sync 1 DAGs
[2026-03-25T09:39:28.366+0000] {logging_mixin.py:188} INFO - [2026-03-25T09:39:28.366+0000] {dag.py:3954} INFO - Setting next_dagrun for e_commerce_dw_etl to 2026-03-25 00:00:00+00:00, run_after=2026-03-26 00:00:00+00:00
[2026-03-25T09:39:28.403+0000] {processor.py:183} INFO - Processing /opt/airflow/dags/e_commerce_dw_dag.py took 0.198 seconds
[2026-03-25T09:39:59.187+0000] {processor.py:161} INFO - Started process (PID=1752) to work on /opt/airflow/dags/e_commerce_dw_dag.py
[2026-03-25T09:39:59.189+0000] {processor.py:830} INFO - Processing file /opt/airflow/dags/e_commerce_dw_dag.py for tasks to queue
[2026-03-25T09:39:59.193+0000] {logging_mixin.py:188} INFO - [2026-03-25T09:39:59.193+0000] {dagbag.py:545} INFO - Filling up the DagBag from /opt/airflow/dags/e_commerce_dw_dag.py
[2026-03-25T09:39:59.316+0000] {processor.py:840} INFO - DAG(s) 'e_commerce_dw_etl' retrieved from /opt/airflow/dags/e_commerce_dw_dag.py
[2026-03-25T09:39:59.353+0000] {logging_mixin.py:188} INFO - [2026-03-25T09:39:59.353+0000] {dag.py:3096} INFO - Sync 1 DAGs
[2026-03-25T09:39:59.376+0000] {logging_mixin.py:188} INFO - [2026-03-25T09:39:59.376+0000] {dag.py:3954} INFO - Setting next_dagrun for e_commerce_dw_etl to 2026-03-25 00:00:00+00:00, run_after=2026-03-26 00:00:00+00:00
[2026-03-25T09:39:59.411+0000] {processor.py:183} INFO - Processing /opt/airflow/dags/e_commerce_dw_dag.py took 0.229 seconds
[2026-03-25T09:40:29.892+0000] {processor.py:161} INFO - Started process (PID=1778) to work on /opt/airflow/dags/e_commerce_dw_dag.py
[2026-03-25T09:40:29.894+0000] {processor.py:830} INFO - Processing file /opt/airflow/dags/e_commerce_dw_dag.py for tasks to queue
[2026-03-25T09:40:29.897+0000] {logging_mixin.py:188} INFO - [2026-03-25T09:40:29.896+0000] {dagbag.py:545} INFO - Filling up the DagBag from /opt/airflow/dags/e_commerce_dw_dag.py
[2026-03-25T09:40:29.990+0000] {processor.py:840} INFO - DAG(s) 'e_commerce_dw_etl' retrieved from /opt/airflow/dags/e_commerce_dw_dag.py
[2026-03-25T09:40:30.019+0000] {logging_mixin.py:188} INFO - [2026-03-25T09:40:30.019+0000] {dag.py:3096} INFO - Sync 1 DAGs
[2026-03-25T09:40:30.041+0000] {logging_mixin.py:188} INFO - [2026-03-25T09:40:30.041+0000] {dag.py:3954} INFO - Setting next_dagrun for e_commerce_dw_etl to 2026-03-25 00:00:00+00:00, run_after=2026-03-26 00:00:00+00:00
[2026-03-25T09:40:30.066+0000] {processor.py:183} INFO - Processing /opt/airflow/dags/e_commerce_dw_dag.py took 0.180 seconds
[2026-03-25T09:41:00.562+0000] {processor.py:161} INFO - Started process (PID=1804) to work on /opt/airflow/dags/e_commerce_dw_dag.py
[2026-03-25T09:41:00.563+0000] {processor.py:830} INFO - Processing file /opt/airflow/dags/e_commerce_dw_dag.py for tasks to queue
[2026-03-25T09:41:00.566+0000] {logging_mixin.py:188} INFO - [2026-03-25T09:41:00.566+0000] {dagbag.py:545} INFO - Filling up the DagBag from /opt/airflow/dags/e_commerce_dw_dag.py
[2026-03-25T09:41:00.656+0000] {processor.py:840} INFO - DAG(s) 'e_commerce_dw_etl' retrieved from /opt/airflow/dags/e_commerce_dw_dag.py
[2026-03-25T09:41:00.695+0000] {logging_mixin.py:188} INFO - [2026-03-25T09:41:00.695+0000] {dag.py:3096} INFO - Sync 1 DAGs
[2026-03-25T09:41:00.726+0000] {logging_mixin.py:188} INFO - [2026-03-25T09:41:00.726+0000] {dag.py:3954} INFO - Setting next_dagrun for e_commerce_dw_etl to 2026-03-25 00:00:00+00:00, run_after=2026-03-26 00:00:00+00:00
[2026-03-25T09:41:00.756+0000] {processor.py:183} INFO - Processing /opt/airflow/dags/e_commerce_dw_dag.py took 0.201 seconds
[2026-03-25T09:41:31.395+0000] {processor.py:161} INFO - Started process (PID=1830) to work on /opt/airflow/dags/e_commerce_dw_dag.py
[2026-03-25T09:41:31.396+0000] {processor.py:830} INFO - Processing file /opt/airflow/dags/e_commerce_dw_dag.py for tasks to queue
[2026-03-25T09:41:31.398+0000] {logging_mixin.py:188} INFO - [2026-03-25T09:41:31.398+0000] {dagbag.py:545} INFO - Filling up the DagBag from /opt/airflow/dags/e_commerce_dw_dag.py
[2026-03-25T09:41:31.471+0000] {processor.py:840} INFO - DAG(s) 'e_commerce_dw_etl' retrieved from /opt/airflow/dags/e_commerce_dw_dag.py
[2026-03-25T09:41:31.506+0000] {logging_mixin.py:188} INFO - [2026-03-25T09:41:31.505+0000] {dag.py:3096} INFO - Sync 1 DAGs
[2026-03-25T09:41:31.530+0000] {logging_mixin.py:188} INFO - [2026-03-25T09:41:31.530+0000] {dag.py:3954} INFO - Setting next_dagrun for e_commerce_dw_etl to 2026-03-25 00:00:00+00:00, run_after=2026-03-26 00:00:00+00:00
[2026-03-25T09:41:31.554+0000] {processor.py:183} INFO - Processing /opt/airflow/dags/e_commerce_dw_dag.py took 0.165 seconds
[2026-03-25T09:42:02.174+0000] {processor.py:161} INFO - Started process (PID=1856) to work on /opt/airflow/dags/e_commerce_dw_dag.py
[2026-03-25T09:42:02.176+0000] {processor.py:830} INFO - Processing file /opt/airflow/dags/e_commerce_dw_dag.py for tasks to queue
[2026-03-25T09:42:02.179+0000] {logging_mixin.py:188} INFO - [2026-03-25T09:42:02.178+0000] {dagbag.py:545} INFO - Filling up the DagBag from /opt/airflow/dags/e_commerce_dw_dag.py
[2026-03-25T09:42:02.298+0000] {processor.py:840} INFO - DAG(s) 'e_commerce_dw_etl' retrieved from /opt/airflow/dags/e_commerce_dw_dag.py
[2026-03-25T09:42:02.335+0000] {logging_mixin.py:188} INFO - [2026-03-25T09:42:02.335+0000] {dag.py:3096} INFO - Sync 1 DAGs
[2026-03-25T09:42:02.358+0000] {logging_mixin.py:188} INFO - [2026-03-25T09:42:02.358+0000] {dag.py:3954} INFO - Setting next_dagrun for e_commerce_dw_etl to 2026-03-25 00:00:00+00:00, run_after=2026-03-26 00:00:00+00:00
[2026-03-25T09:42:02.384+0000] {processor.py:183} INFO - Processing /opt/airflow/dags/e_commerce_dw_dag.py took 0.217 seconds
[2026-03-25T09:42:32.901+0000] {processor.py:161} INFO - Started process (PID=1882) to work on /opt/airflow/dags/e_commerce_dw_dag.py
[2026-03-25T09:42:32.902+0000] {processor.py:830} INFO - Processing file /opt/airflow/dags/e_commerce_dw_dag.py for tasks to queue
[2026-03-25T09:42:32.905+0000] {logging_mixin.py:188} INFO - [2026-03-25T09:42:32.905+0000] {dagbag.py:545} INFO - Filling up the DagBag from /opt/airflow/dags/e_commerce_dw_dag.py
[2026-03-25T09:42:33.002+0000] {processor.py:840} INFO - DAG(s) 'e_commerce_dw_etl' retrieved from /opt/airflow/dags/e_commerce_dw_dag.py
[2026-03-25T09:42:33.054+0000] {logging_mixin.py:188} INFO - [2026-03-25T09:42:33.054+0000] {dag.py:3096} INFO - Sync 1 DAGs
[2026-03-25T09:42:33.081+0000] {logging_mixin.py:188} INFO - [2026-03-25T09:42:33.081+0000] {dag.py:3954} INFO - Setting next_dagrun for e_commerce_dw_etl to 2026-03-25 00:00:00+00:00, run_after=2026-03-26 00:00:00+00:00
[2026-03-25T09:42:33.111+0000] {processor.py:183} INFO - Processing /opt/airflow/dags/e_commerce_dw_dag.py took 0.219 seconds
[2026-03-25T09:43:03.770+0000] {processor.py:161} INFO - Started process (PID=1908) to work on /opt/airflow/dags/e_commerce_dw_dag.py
[2026-03-25T09:43:03.771+0000] {processor.py:830} INFO - Processing file /opt/airflow/dags/e_commerce_dw_dag.py for tasks to queue
[2026-03-25T09:43:03.773+0000] {logging_mixin.py:188} INFO - [2026-03-25T09:43:03.773+0000] {dagbag.py:545} INFO - Filling up the DagBag from /opt/airflow/dags/e_commerce_dw_dag.py
[2026-03-25T09:43:03.846+0000] {processor.py:840} INFO - DAG(s) 'e_commerce_dw_etl' retrieved from /opt/airflow/dags/e_commerce_dw_dag.py
[2026-03-25T09:43:03.874+0000] {logging_mixin.py:188} INFO - [2026-03-25T09:43:03.874+0000] {dag.py:3096} INFO - Sync 1 DAGs
[2026-03-25T09:43:03.894+0000] {logging_mixin.py:188} INFO - [2026-03-25T09:43:03.894+0000] {dag.py:3954} INFO - Setting next_dagrun for e_commerce_dw_etl to 2026-03-25 00:00:00+00:00, run_after=2026-03-26 00:00:00+00:00
[2026-03-25T09:43:03.919+0000] {processor.py:183} INFO - Processing /opt/airflow/dags/e_commerce_dw_dag.py took 0.158 seconds
[2026-03-25T09:43:34.409+0000] {processor.py:161} INFO - Started process (PID=1934) to work on /opt/airflow/dags/e_commerce_dw_dag.py
[2026-03-25T09:43:34.411+0000] {processor.py:830} INFO - Processing file /opt/airflow/dags/e_commerce_dw_dag.py for tasks to queue
[2026-03-25T09:43:34.414+0000] {logging_mixin.py:188} INFO - [2026-03-25T09:43:34.413+0000] {dagbag.py:545} INFO - Filling up the DagBag from /opt/airflow/dags/e_commerce_dw_dag.py
[2026-03-25T09:43:34.514+0000] {processor.py:840} INFO - DAG(s) 'e_commerce_dw_etl' retrieved from /opt/airflow/dags/e_commerce_dw_dag.py
[2026-03-25T09:43:34.542+0000] {logging_mixin.py:188} INFO - [2026-03-25T09:43:34.541+0000] {dag.py:3096} INFO - Sync 1 DAGs
[2026-03-25T09:43:34.562+0000] {logging_mixin.py:188} INFO - [2026-03-25T09:43:34.561+0000] {dag.py:3954} INFO - Setting next_dagrun for e_commerce_dw_etl to 2026-03-25 00:00:00+00:00, run_after=2026-03-26 00:00:00+00:00
[2026-03-25T09:43:34.586+0000] {processor.py:183} INFO - Processing /opt/airflow/dags/e_commerce_dw_dag.py took 0.183 seconds
[2026-03-25T09:44:05.150+0000] {processor.py:161} INFO - Started process (PID=1960) to work on /opt/airflow/dags/e_commerce_dw_dag.py
[2026-03-25T09:44:05.151+0000] {processor.py:830} INFO - Processing file /opt/airflow/dags/e_commerce_dw_dag.py for tasks to queue
[2026-03-25T09:44:05.153+0000] {logging_mixin.py:188} INFO - [2026-03-25T09:44:05.153+0000] {dagbag.py:545} INFO - Filling up the DagBag from /opt/airflow/dags/e_commerce_dw_dag.py
[2026-03-25T09:44:05.249+0000] {processor.py:840} INFO - DAG(s) 'e_commerce_dw_etl' retrieved from /opt/airflow/dags/e_commerce_dw_dag.py
[2026-03-25T09:44:05.291+0000] {logging_mixin.py:188} INFO - [2026-03-25T09:44:05.290+0000] {dag.py:3096} INFO - Sync 1 DAGs
[2026-03-25T09:44:05.332+0000] {logging_mixin.py:188} INFO - [2026-03-25T09:44:05.332+0000] {dag.py:3954} INFO - Setting next_dagrun for e_commerce_dw_etl to 2026-03-25 00:00:00+00:00, run_after=2026-03-26 00:00:00+00:00
[2026-03-25T09:44:05.361+0000] {processor.py:183} INFO - Processing /opt/airflow/dags/e_commerce_dw_dag.py took 0.219 seconds
[2026-03-25T09:44:35.873+0000] {processor.py:161} INFO - Started process (PID=1986) to work on /opt/airflow/dags/e_commerce_dw_dag.py
[2026-03-25T09:44:35.874+0000] {processor.py:830} INFO - Processing file /opt/airflow/dags/e_commerce_dw_dag.py for tasks to queue
[2026-03-25T09:44:35.877+0000] {logging_mixin.py:188} INFO - [2026-03-25T09:44:35.876+0000] {dagbag.py:545} INFO - Filling up the DagBag from /opt/airflow/dags/e_commerce_dw_dag.py
[2026-03-25T09:44:35.964+0000] {processor.py:840} INFO - DAG(s) 'e_commerce_dw_etl' retrieved from /opt/airflow/dags/e_commerce_dw_dag.py
[2026-03-25T09:44:35.995+0000] {logging_mixin.py:188} INFO - [2026-03-25T09:44:35.994+0000] {dag.py:3096} INFO - Sync 1 DAGs
[2026-03-25T09:44:36.015+0000] {logging_mixin.py:188} INFO - [2026-03-25T09:44:36.015+0000] {dag.py:3954} INFO - Setting next_dagrun for e_commerce_dw_etl to 2026-03-25 00:00:00+00:00, run_after=2026-03-26 00:00:00+00:00
[2026-03-25T09:44:36.039+0000] {processor.py:183} INFO - Processing /opt/airflow/dags/e_commerce_dw_dag.py took 0.175 seconds
[2026-03-25T09:45:06.839+0000] {processor.py:161} INFO - Started process (PID=2012) to work on /opt/airflow/dags/e_commerce_dw_dag.py
[2026-03-25T09:45:06.841+0000] {processor.py:830} INFO - Processing file /opt/airflow/dags/e_commerce_dw_dag.py for tasks to queue
[2026-03-25T09:45:06.843+0000] {logging_mixin.py:188} INFO - [2026-03-25T09:45:06.843+0000] {dagbag.py:545} INFO - Filling up the DagBag from /opt/airflow/dags/e_commerce_dw_dag.py
[2026-03-25T09:45:06.946+0000] {processor.py:840} INFO - DAG(s) 'e_commerce_dw_etl' retrieved from /opt/airflow/dags/e_commerce_dw_dag.py
[2026-03-25T09:45:07.021+0000] {logging_mixin.py:188} INFO - [2026-03-25T09:45:07.021+0000] {dag.py:3096} INFO - Sync 1 DAGs
[2026-03-25T09:45:07.068+0000] {logging_mixin.py:188} INFO - [2026-03-25T09:45:07.068+0000] {dag.py:3954} INFO - Setting next_dagrun for e_commerce_dw_etl to 2026-03-25 00:00:00+00:00, run_after=2026-03-26 00:00:00+00:00
[2026-03-25T09:45:07.138+0000] {processor.py:183} INFO - Processing /opt/airflow/dags/e_commerce_dw_dag.py took 0.305 seconds
[2026-03-25T09:45:37.534+0000] {processor.py:161} INFO - Started process (PID=2038) to work on /opt/airflow/dags/e_commerce_dw_dag.py
[2026-03-25T09:45:37.535+0000] {processor.py:830} INFO - Processing file /opt/airflow/dags/e_commerce_dw_dag.py for tasks to queue
[2026-03-25T09:45:37.538+0000] {logging_mixin.py:188} INFO - [2026-03-25T09:45:37.538+0000] {dagbag.py:545} INFO - Filling up the DagBag from /opt/airflow/dags/e_commerce_dw_dag.py
[2026-03-25T09:45:37.642+0000] {processor.py:840} INFO - DAG(s) 'e_commerce_dw_etl' retrieved from /opt/airflow/dags/e_commerce_dw_dag.py
[2026-03-25T09:45:37.671+0000] {logging_mixin.py:188} INFO - [2026-03-25T09:45:37.671+0000] {dag.py:3096} INFO - Sync 1 DAGs
[2026-03-25T09:45:37.691+0000] {logging_mixin.py:188} INFO - [2026-03-25T09:45:37.691+0000] {dag.py:3954} INFO - Setting next_dagrun for e_commerce_dw_etl to 2026-03-25 00:00:00+00:00, run_after=2026-03-26 00:00:00+00:00
[2026-03-25T09:45:37.716+0000] {processor.py:183} INFO - Processing /opt/airflow/dags/e_commerce_dw_dag.py took 0.189 seconds
[2026-03-25T09:46:08.269+0000] {processor.py:161} INFO - Started process (PID=2064) to work on /opt/airflow/dags/e_commerce_dw_dag.py
[2026-03-25T09:46:08.270+0000] {processor.py:830} INFO - Processing file /opt/airflow/dags/e_commerce_dw_dag.py for tasks to queue
[2026-03-25T09:46:08.272+0000] {logging_mixin.py:188} INFO - [2026-03-25T09:46:08.272+0000] {dagbag.py:545} INFO - Filling up the DagBag from /opt/airflow/dags/e_commerce_dw_dag.py
[2026-03-25T09:46:08.337+0000] {processor.py:840} INFO - DAG(s) 'e_commerce_dw_etl' retrieved from /opt/airflow/dags/e_commerce_dw_dag.py
[2026-03-25T09:46:08.366+0000] {logging_mixin.py:188} INFO - [2026-03-25T09:46:08.365+0000] {dag.py:3096} INFO - Sync 1 DAGs
[2026-03-25T09:46:08.385+0000] {logging_mixin.py:188} INFO - [2026-03-25T09:46:08.385+0000] {dag.py:3954} INFO - Setting next_dagrun for e_commerce_dw_etl to 2026-03-25 00:00:00+00:00, run_after=2026-03-26 00:00:00+00:00
[2026-03-25T09:46:08.408+0000] {processor.py:183} INFO - Processing /opt/airflow/dags/e_commerce_dw_dag.py took 0.145 seconds
[2026-03-25T09:46:38.960+0000] {processor.py:161} INFO - Started process (PID=2090) to work on /opt/airflow/dags/e_commerce_dw_dag.py
[2026-03-25T09:46:38.961+0000] {processor.py:830} INFO - Processing file /opt/airflow/dags/e_commerce_dw_dag.py for tasks to queue
[2026-03-25T09:46:38.964+0000] {logging_mixin.py:188} INFO - [2026-03-25T09:46:38.964+0000] {dagbag.py:545} INFO - Filling up the DagBag from /opt/airflow/dags/e_commerce_dw_dag.py
[2026-03-25T09:46:39.068+0000] {processor.py:840} INFO - DAG(s) 'e_commerce_dw_etl' retrieved from /opt/airflow/dags/e_commerce_dw_dag.py
[2026-03-25T09:46:39.103+0000] {logging_mixin.py:188} INFO - [2026-03-25T09:46:39.102+0000] {dag.py:3096} INFO - Sync 1 DAGs
[2026-03-25T09:46:39.126+0000] {logging_mixin.py:188} INFO - [2026-03-25T09:46:39.126+0000] {dag.py:3954} INFO - Setting next_dagrun for e_commerce_dw_etl to 2026-03-25 00:00:00+00:00, run_after=2026-03-26 00:00:00+00:00
[2026-03-25T09:46:39.152+0000] {processor.py:183} INFO - Processing /opt/airflow/dags/e_commerce_dw_dag.py took 0.202 seconds
[2026-03-25T09:48:17.973+0000] {processor.py:161} INFO - Started process (PID=184) to work on /opt/airflow/dags/e_commerce_dw_dag.py
[2026-03-25T09:48:17.976+0000] {processor.py:830} INFO - Processing file /opt/airflow/dags/e_commerce_dw_dag.py for tasks to queue
[2026-03-25T09:48:17.982+0000] {logging_mixin.py:188} INFO - [2026-03-25T09:48:17.981+0000] {dagbag.py:545} INFO - Filling up the DagBag from /opt/airflow/dags/e_commerce_dw_dag.py
[2026-03-25T09:48:18.193+0000] {processor.py:840} INFO - DAG(s) 'e_commerce_dw_etl' retrieved from /opt/airflow/dags/e_commerce_dw_dag.py
[2026-03-25T09:48:18.637+0000] {logging_mixin.py:188} INFO - [2026-03-25T09:48:18.637+0000] {dag.py:3096} INFO - Sync 1 DAGs
[2026-03-25T09:48:18.669+0000] {logging_mixin.py:188} INFO - [2026-03-25T09:48:18.669+0000] {dag.py:3954} INFO - Setting next_dagrun for e_commerce_dw_etl to 2026-03-25 00:00:00+00:00, run_after=2026-03-26 00:00:00+00:00
[2026-03-25T09:48:18.702+0000] {processor.py:183} INFO - Processing /opt/airflow/dags/e_commerce_dw_dag.py took 0.756 seconds
[2026-03-25T09:48:48.773+0000] {processor.py:161} INFO - Started process (PID=217) to work on /opt/airflow/dags/e_commerce_dw_dag.py
[2026-03-25T09:48:48.775+0000] {processor.py:830} INFO - Processing file /opt/airflow/dags/e_commerce_dw_dag.py for tasks to queue
[2026-03-25T09:48:48.777+0000] {logging_mixin.py:188} INFO - [2026-03-25T09:48:48.777+0000] {dagbag.py:545} INFO - Filling up the DagBag from /opt/airflow/dags/e_commerce_dw_dag.py
[2026-03-25T09:48:48.861+0000] {processor.py:840} INFO - DAG(s) 'e_commerce_dw_etl' retrieved from /opt/airflow/dags/e_commerce_dw_dag.py
[2026-03-25T09:48:48.899+0000] {logging_mixin.py:188} INFO - [2026-03-25T09:48:48.899+0000] {dag.py:3096} INFO - Sync 1 DAGs
[2026-03-25T09:48:48.925+0000] {logging_mixin.py:188} INFO - [2026-03-25T09:48:48.925+0000] {dag.py:3954} INFO - Setting next_dagrun for e_commerce_dw_etl to 2026-03-25 00:00:00+00:00, run_after=2026-03-26 00:00:00+00:00
[2026-03-25T09:48:48.952+0000] {processor.py:183} INFO - Processing /opt/airflow/dags/e_commerce_dw_dag.py took 0.185 seconds
[2026-03-25T09:49:19.448+0000] {processor.py:161} INFO - Started process (PID=238) to work on /opt/airflow/dags/e_commerce_dw_dag.py
[2026-03-25T09:49:19.449+0000] {processor.py:830} INFO - Processing file /opt/airflow/dags/e_commerce_dw_dag.py for tasks to queue
[2026-03-25T09:49:19.452+0000] {logging_mixin.py:188} INFO - [2026-03-25T09:49:19.452+0000] {dagbag.py:545} INFO - Filling up the DagBag from /opt/airflow/dags/e_commerce_dw_dag.py
[2026-03-25T09:49:19.532+0000] {processor.py:840} INFO - DAG(s) 'e_commerce_dw_etl' retrieved from /opt/airflow/dags/e_commerce_dw_dag.py
[2026-03-25T09:49:19.567+0000] {logging_mixin.py:188} INFO - [2026-03-25T09:49:19.566+0000] {dag.py:3096} INFO - Sync 1 DAGs
[2026-03-25T09:49:19.589+0000] {logging_mixin.py:188} INFO - [2026-03-25T09:49:19.589+0000] {dag.py:3954} INFO - Setting next_dagrun for e_commerce_dw_etl to 2026-03-25 00:00:00+00:00, run_after=2026-03-26 00:00:00+00:00
[2026-03-25T09:49:19.614+0000] {processor.py:183} INFO - Processing /opt/airflow/dags/e_commerce_dw_dag.py took 0.176 seconds
[2026-03-25T09:49:50.131+0000] {processor.py:161} INFO - Started process (PID=264) to work on /opt/airflow/dags/e_commerce_dw_dag.py
[2026-03-25T09:49:50.133+0000] {processor.py:830} INFO - Processing file /opt/airflow/dags/e_commerce_dw_dag.py for tasks to queue
[2026-03-25T09:49:50.136+0000] {logging_mixin.py:188} INFO - [2026-03-25T09:49:50.135+0000] {dagbag.py:545} INFO - Filling up the DagBag from /opt/airflow/dags/e_commerce_dw_dag.py
[2026-03-25T09:49:50.227+0000] {processor.py:840} INFO - DAG(s) 'e_commerce_dw_etl' retrieved from /opt/airflow/dags/e_commerce_dw_dag.py
[2026-03-25T09:49:50.275+0000] {logging_mixin.py:188} INFO - [2026-03-25T09:49:50.274+0000] {dag.py:3096} INFO - Sync 1 DAGs
[2026-03-25T09:49:50.300+0000] {logging_mixin.py:188} INFO - [2026-03-25T09:49:50.299+0000] {dag.py:3954} INFO - Setting next_dagrun for e_commerce_dw_etl to 2026-03-25 00:00:00+00:00, run_after=2026-03-26 00:00:00+00:00
[2026-03-25T09:49:50.322+0000] {processor.py:183} INFO - Processing /opt/airflow/dags/e_commerce_dw_dag.py took 0.199 seconds
[2026-03-25T09:50:20.844+0000] {processor.py:161} INFO - Started process (PID=296) to work on /opt/airflow/dags/e_commerce_dw_dag.py
[2026-03-25T09:50:20.846+0000] {processor.py:830} INFO - Processing file /opt/airflow/dags/e_commerce_dw_dag.py for tasks to queue
[2026-03-25T09:50:20.849+0000] {logging_mixin.py:188} INFO - [2026-03-25T09:50:20.849+0000] {dagbag.py:545} INFO - Filling up the DagBag from /opt/airflow/dags/e_commerce_dw_dag.py
[2026-03-25T09:50:20.926+0000] {processor.py:840} INFO - DAG(s) 'e_commerce_dw_etl' retrieved from /opt/airflow/dags/e_commerce_dw_dag.py
[2026-03-25T09:50:20.957+0000] {logging_mixin.py:188} INFO - [2026-03-25T09:50:20.956+0000] {dag.py:3096} INFO - Sync 1 DAGs
[2026-03-25T09:50:20.980+0000] {logging_mixin.py:188} INFO - [2026-03-25T09:50:20.979+0000] {dag.py:3954} INFO - Setting next_dagrun for e_commerce_dw_etl to 2026-03-25 00:00:00+00:00, run_after=2026-03-26 00:00:00+00:00
[2026-03-25T09:50:21.003+0000] {processor.py:183} INFO - Processing /opt/airflow/dags/e_commerce_dw_dag.py took 0.165 seconds
[2026-03-25T09:50:51.511+0000] {processor.py:161} INFO - Started process (PID=324) to work on /opt/airflow/dags/e_commerce_dw_dag.py
[2026-03-25T09:50:51.512+0000] {processor.py:830} INFO - Processing file /opt/airflow/dags/e_commerce_dw_dag.py for tasks to queue
[2026-03-25T09:50:51.516+0000] {logging_mixin.py:188} INFO - [2026-03-25T09:50:51.515+0000] {dagbag.py:545} INFO - Filling up the DagBag from /opt/airflow/dags/e_commerce_dw_dag.py
[2026-03-25T09:50:51.610+0000] {processor.py:840} INFO - DAG(s) 'e_commerce_dw_etl' retrieved from /opt/airflow/dags/e_commerce_dw_dag.py
[2026-03-25T09:50:51.654+0000] {logging_mixin.py:188} INFO - [2026-03-25T09:50:51.654+0000] {dag.py:3096} INFO - Sync 1 DAGs
[2026-03-25T09:50:51.688+0000] {logging_mixin.py:188} INFO - [2026-03-25T09:50:51.688+0000] {dag.py:3954} INFO - Setting next_dagrun for e_commerce_dw_etl to 2026-03-25 00:00:00+00:00, run_after=2026-03-26 00:00:00+00:00
[2026-03-25T09:50:51.720+0000] {processor.py:183} INFO - Processing /opt/airflow/dags/e_commerce_dw_dag.py took 0.219 seconds
[2026-03-25T09:51:22.410+0000] {processor.py:161} INFO - Started process (PID=350) to work on /opt/airflow/dags/e_commerce_dw_dag.py
[2026-03-25T09:51:22.412+0000] {processor.py:830} INFO - Processing file /opt/airflow/dags/e_commerce_dw_dag.py for tasks to queue
[2026-03-25T09:51:22.415+0000] {logging_mixin.py:188} INFO - [2026-03-25T09:51:22.414+0000] {dagbag.py:545} INFO - Filling up the DagBag from /opt/airflow/dags/e_commerce_dw_dag.py
[2026-03-25T09:51:22.508+0000] {processor.py:840} INFO - DAG(s) 'e_commerce_dw_etl' retrieved from /opt/airflow/dags/e_commerce_dw_dag.py
[2026-03-25T09:51:22.566+0000] {logging_mixin.py:188} INFO - [2026-03-25T09:51:22.566+0000] {dag.py:3096} INFO - Sync 1 DAGs
[2026-03-25T09:51:22.624+0000] {logging_mixin.py:188} INFO - [2026-03-25T09:51:22.623+0000] {dag.py:3954} INFO - Setting next_dagrun for e_commerce_dw_etl to 2026-03-25 00:00:00+00:00, run_after=2026-03-26 00:00:00+00:00
[2026-03-25T09:51:22.676+0000] {processor.py:183} INFO - Processing /opt/airflow/dags/e_commerce_dw_dag.py took 0.277 seconds
[2026-03-25T09:51:53.251+0000] {processor.py:161} INFO - Started process (PID=378) to work on /opt/airflow/dags/e_commerce_dw_dag.py
[2026-03-25T09:51:53.253+0000] {processor.py:830} INFO - Processing file /opt/airflow/dags/e_commerce_dw_dag.py for tasks to queue
[2026-03-25T09:51:53.256+0000] {logging_mixin.py:188} INFO - [2026-03-25T09:51:53.256+0000] {dagbag.py:545} INFO - Filling up the DagBag from /opt/airflow/dags/e_commerce_dw_dag.py
[2026-03-25T09:51:53.352+0000] {processor.py:840} INFO - DAG(s) 'e_commerce_dw_etl' retrieved from /opt/airflow/dags/e_commerce_dw_dag.py
[2026-03-25T09:51:53.392+0000] {logging_mixin.py:188} INFO - [2026-03-25T09:51:53.391+0000] {dag.py:3096} INFO - Sync 1 DAGs
[2026-03-25T09:51:53.419+0000] {logging_mixin.py:188} INFO - [2026-03-25T09:51:53.419+0000] {dag.py:3954} INFO - Setting next_dagrun for e_commerce_dw_etl to 2026-03-25 00:00:00+00:00, run_after=2026-03-26 00:00:00+00:00
[2026-03-25T09:51:53.444+0000] {processor.py:183} INFO - Processing /opt/airflow/dags/e_commerce_dw_dag.py took 0.202 seconds
[2026-03-25T09:52:23.960+0000] {processor.py:161} INFO - Started process (PID=404) to work on /opt/airflow/dags/e_commerce_dw_dag.py
[2026-03-25T09:52:23.961+0000] {processor.py:830} INFO - Processing file /opt/airflow/dags/e_commerce_dw_dag.py for tasks to queue
[2026-03-25T09:52:23.965+0000] {logging_mixin.py:188} INFO - [2026-03-25T09:52:23.964+0000] {dagbag.py:545} INFO - Filling up the DagBag from /opt/airflow/dags/e_commerce_dw_dag.py
[2026-03-25T09:52:24.050+0000] {processor.py:840} INFO - DAG(s) 'e_commerce_dw_etl' retrieved from /opt/airflow/dags/e_commerce_dw_dag.py
[2026-03-25T09:52:24.090+0000] {logging_mixin.py:188} INFO - [2026-03-25T09:52:24.089+0000] {dag.py:3096} INFO - Sync 1 DAGs
[2026-03-25T09:52:24.123+0000] {logging_mixin.py:188} INFO - [2026-03-25T09:52:24.123+0000] {dag.py:3954} INFO - Setting next_dagrun for e_commerce_dw_etl to 2026-03-25 00:00:00+00:00, run_after=2026-03-26 00:00:00+00:00
[2026-03-25T09:52:24.146+0000] {processor.py:183} INFO - Processing /opt/airflow/dags/e_commerce_dw_dag.py took 0.196 seconds
[2026-03-25T09:52:54.697+0000] {processor.py:161} INFO - Started process (PID=430) to work on /opt/airflow/dags/e_commerce_dw_dag.py
[2026-03-25T09:52:54.698+0000] {processor.py:830} INFO - Processing file /opt/airflow/dags/e_commerce_dw_dag.py for tasks to queue
[2026-03-25T09:52:54.701+0000] {logging_mixin.py:188} INFO - [2026-03-25T09:52:54.701+0000] {dagbag.py:545} INFO - Filling up the DagBag from /opt/airflow/dags/e_commerce_dw_dag.py
[2026-03-25T09:52:54.798+0000] {processor.py:840} INFO - DAG(s) 'e_commerce_dw_etl' retrieved from /opt/airflow/dags/e_commerce_dw_dag.py
[2026-03-25T09:52:54.843+0000] {logging_mixin.py:188} INFO - [2026-03-25T09:52:54.842+0000] {dag.py:3096} INFO - Sync 1 DAGs
[2026-03-25T09:52:54.870+0000] {logging_mixin.py:188} INFO - [2026-03-25T09:52:54.869+0000] {dag.py:3954} INFO - Setting next_dagrun for e_commerce_dw_etl to 2026-03-25 00:00:00+00:00, run_after=2026-03-26 00:00:00+00:00
[2026-03-25T09:52:54.897+0000] {processor.py:183} INFO - Processing /opt/airflow/dags/e_commerce_dw_dag.py took 0.209 seconds
[2026-03-25T09:53:25.480+0000] {processor.py:161} INFO - Started process (PID=456) to work on /opt/airflow/dags/e_commerce_dw_dag.py
[2026-03-25T09:53:25.482+0000] {processor.py:830} INFO - Processing file /opt/airflow/dags/e_commerce_dw_dag.py for tasks to queue
[2026-03-25T09:53:25.485+0000] {logging_mixin.py:188} INFO - [2026-03-25T09:53:25.484+0000] {dagbag.py:545} INFO - Filling up the DagBag from /opt/airflow/dags/e_commerce_dw_dag.py
[2026-03-25T09:53:25.573+0000] {processor.py:840} INFO - DAG(s) 'e_commerce_dw_etl' retrieved from /opt/airflow/dags/e_commerce_dw_dag.py
[2026-03-25T09:53:25.604+0000] {logging_mixin.py:188} INFO - [2026-03-25T09:53:25.604+0000] {dag.py:3096} INFO - Sync 1 DAGs
[2026-03-25T09:53:25.627+0000] {logging_mixin.py:188} INFO - [2026-03-25T09:53:25.627+0000] {dag.py:3954} INFO - Setting next_dagrun for e_commerce_dw_etl to 2026-03-25 00:00:00+00:00, run_after=2026-03-26 00:00:00+00:00
[2026-03-25T09:53:25.650+0000] {processor.py:183} INFO - Processing /opt/airflow/dags/e_commerce_dw_dag.py took 0.177 seconds
[2026-03-25T10:18:44.629+0000] {processor.py:161} INFO - Started process (PID=186) to work on /opt/airflow/dags/e_commerce_dw_dag.py
[2026-03-25T10:18:44.631+0000] {processor.py:830} INFO - Processing file /opt/airflow/dags/e_commerce_dw_dag.py for tasks to queue
[2026-03-25T10:18:44.637+0000] {logging_mixin.py:188} INFO - [2026-03-25T10:18:44.636+0000] {dagbag.py:545} INFO - Filling up the DagBag from /opt/airflow/dags/e_commerce_dw_dag.py
[2026-03-25T10:18:44.806+0000] {processor.py:840} INFO - DAG(s) 'e_commerce_dw_etl' retrieved from /opt/airflow/dags/e_commerce_dw_dag.py
[2026-03-25T10:18:45.144+0000] {logging_mixin.py:188} INFO - [2026-03-25T10:18:45.144+0000] {override.py:1829} INFO - Created Permission View: can delete on DAG:e_commerce_dw_etl
[2026-03-25T10:18:45.157+0000] {logging_mixin.py:188} INFO - [2026-03-25T10:18:45.156+0000] {override.py:1829} INFO - Created Permission View: can read on DAG:e_commerce_dw_etl
[2026-03-25T10:18:45.168+0000] {logging_mixin.py:188} INFO - [2026-03-25T10:18:45.167+0000] {override.py:1829} INFO - Created Permission View: can edit on DAG:e_commerce_dw_etl
[2026-03-25T10:18:45.168+0000] {logging_mixin.py:188} INFO - [2026-03-25T10:18:45.168+0000] {dag.py:3096} INFO - Sync 1 DAGs
[2026-03-25T10:18:45.183+0000] {logging_mixin.py:188} INFO - [2026-03-25T10:18:45.182+0000] {dag.py:3118} INFO - Creating ORM DAG for e_commerce_dw_etl
[2026-03-25T10:18:45.194+0000] {logging_mixin.py:188} INFO - [2026-03-25T10:18:45.194+0000] {dag.py:3954} INFO - Setting next_dagrun for e_commerce_dw_etl to 2024-10-26 00:00:00+00:00, run_after=2024-10-27 00:00:00+00:00
[2026-03-25T10:18:45.223+0000] {processor.py:183} INFO - Processing /opt/airflow/dags/e_commerce_dw_dag.py took 0.608 seconds
[2026-03-25T10:19:15.299+0000] {processor.py:161} INFO - Started process (PID=217) to work on /opt/airflow/dags/e_commerce_dw_dag.py
[2026-03-25T10:19:15.300+0000] {processor.py:830} INFO - Processing file /opt/airflow/dags/e_commerce_dw_dag.py for tasks to queue
[2026-03-25T10:19:15.302+0000] {logging_mixin.py:188} INFO - [2026-03-25T10:19:15.302+0000] {dagbag.py:545} INFO - Filling up the DagBag from /opt/airflow/dags/e_commerce_dw_dag.py
[2026-03-25T10:19:15.359+0000] {processor.py:840} INFO - DAG(s) 'e_commerce_dw_etl' retrieved from /opt/airflow/dags/e_commerce_dw_dag.py
[2026-03-25T10:19:15.395+0000] {logging_mixin.py:188} INFO - [2026-03-25T10:19:15.395+0000] {dag.py:3096} INFO - Sync 1 DAGs
[2026-03-25T10:19:15.422+0000] {logging_mixin.py:188} INFO - [2026-03-25T10:19:15.422+0000] {dag.py:3954} INFO - Setting next_dagrun for e_commerce_dw_etl to 2024-10-26 00:00:00+00:00, run_after=2024-10-27 00:00:00+00:00
[2026-03-25T10:19:15.455+0000] {processor.py:183} INFO - Processing /opt/airflow/dags/e_commerce_dw_dag.py took 0.162 seconds
[2026-03-25T10:19:45.763+0000] {processor.py:161} INFO - Started process (PID=270) to work on /opt/airflow/dags/e_commerce_dw_dag.py
[2026-03-25T10:19:45.765+0000] {processor.py:830} INFO - Processing file /opt/airflow/dags/e_commerce_dw_dag.py for tasks to queue
[2026-03-25T10:19:45.768+0000] {logging_mixin.py:188} INFO - [2026-03-25T10:19:45.767+0000] {dagbag.py:545} INFO - Filling up the DagBag from /opt/airflow/dags/e_commerce_dw_dag.py
[2026-03-25T10:19:45.901+0000] {processor.py:840} INFO - DAG(s) 'e_commerce_dw_etl' retrieved from /opt/airflow/dags/e_commerce_dw_dag.py
[2026-03-25T10:19:45.976+0000] {logging_mixin.py:188} INFO - [2026-03-25T10:19:45.975+0000] {dag.py:3096} INFO - Sync 1 DAGs
[2026-03-25T10:19:45.997+0000] {logging_mixin.py:188} INFO - [2026-03-25T10:19:45.997+0000] {dag.py:3954} INFO - Setting next_dagrun for e_commerce_dw_etl to 2024-11-10 00:00:00+00:00, run_after=2024-11-11 00:00:00+00:00
[2026-03-25T10:19:46.225+0000] {processor.py:183} INFO - Processing /opt/airflow/dags/e_commerce_dw_dag.py took 0.470 seconds
[2026-03-25T10:20:17.016+0000] {processor.py:161} INFO - Started process (PID=359) to work on /opt/airflow/dags/e_commerce_dw_dag.py
[2026-03-25T10:20:17.018+0000] {processor.py:830} INFO - Processing file /opt/airflow/dags/e_commerce_dw_dag.py for tasks to queue
[2026-03-25T10:20:17.020+0000] {logging_mixin.py:188} INFO - [2026-03-25T10:20:17.020+0000] {dagbag.py:545} INFO - Filling up the DagBag from /opt/airflow/dags/e_commerce_dw_dag.py
[2026-03-25T10:20:17.129+0000] {processor.py:840} INFO - DAG(s) 'e_commerce_dw_etl' retrieved from /opt/airflow/dags/e_commerce_dw_dag.py
[2026-03-25T10:20:17.261+0000] {logging_mixin.py:188} INFO - [2026-03-25T10:20:17.260+0000] {dag.py:3096} INFO - Sync 1 DAGs
[2026-03-25T10:20:17.401+0000] {processor.py:183} INFO - Processing /opt/airflow/dags/e_commerce_dw_dag.py took 0.394 seconds
[2026-03-25T10:20:47.944+0000] {processor.py:161} INFO - Started process (PID=449) to work on /opt/airflow/dags/e_commerce_dw_dag.py
[2026-03-25T10:20:47.946+0000] {processor.py:830} INFO - Processing file /opt/airflow/dags/e_commerce_dw_dag.py for tasks to queue
[2026-03-25T10:20:47.949+0000] {logging_mixin.py:188} INFO - [2026-03-25T10:20:47.949+0000] {dagbag.py:545} INFO - Filling up the DagBag from /opt/airflow/dags/e_commerce_dw_dag.py
[2026-03-25T10:20:48.011+0000] {processor.py:840} INFO - DAG(s) 'e_commerce_dw_etl' retrieved from /opt/airflow/dags/e_commerce_dw_dag.py
[2026-03-25T10:20:48.047+0000] {logging_mixin.py:188} INFO - [2026-03-25T10:20:48.047+0000] {dag.py:3096} INFO - Sync 1 DAGs
[2026-03-25T10:20:48.104+0000] {processor.py:183} INFO - Processing /opt/airflow/dags/e_commerce_dw_dag.py took 0.166 seconds
[2026-03-25T10:21:18.529+0000] {processor.py:161} INFO - Started process (PID=538) to work on /opt/airflow/dags/e_commerce_dw_dag.py
[2026-03-25T10:21:18.532+0000] {processor.py:830} INFO - Processing file /opt/airflow/dags/e_commerce_dw_dag.py for tasks to queue
[2026-03-25T10:21:18.539+0000] {logging_mixin.py:188} INFO - [2026-03-25T10:21:18.538+0000] {dagbag.py:545} INFO - Filling up the DagBag from /opt/airflow/dags/e_commerce_dw_dag.py
[2026-03-25T10:21:18.679+0000] {processor.py:840} INFO - DAG(s) 'e_commerce_dw_etl' retrieved from /opt/airflow/dags/e_commerce_dw_dag.py
[2026-03-25T10:21:18.839+0000] {logging_mixin.py:188} INFO - [2026-03-25T10:21:18.838+0000] {dag.py:3096} INFO - Sync 1 DAGs
[2026-03-25T10:21:18.958+0000] {processor.py:183} INFO - Processing /opt/airflow/dags/e_commerce_dw_dag.py took 0.462 seconds
[2026-03-25T10:21:49.879+0000] {processor.py:161} INFO - Started process (PID=618) to work on /opt/airflow/dags/e_commerce_dw_dag.py
[2026-03-25T10:21:49.882+0000] {processor.py:830} INFO - Processing file /opt/airflow/dags/e_commerce_dw_dag.py for tasks to queue
[2026-03-25T10:21:49.887+0000] {logging_mixin.py:188} INFO - [2026-03-25T10:21:49.886+0000] {dagbag.py:545} INFO - Filling up the DagBag from /opt/airflow/dags/e_commerce_dw_dag.py
[2026-03-25T10:21:50.019+0000] {processor.py:840} INFO - DAG(s) 'e_commerce_dw_etl' retrieved from /opt/airflow/dags/e_commerce_dw_dag.py
[2026-03-25T10:21:50.101+0000] {logging_mixin.py:188} INFO - [2026-03-25T10:21:50.100+0000] {dag.py:3096} INFO - Sync 1 DAGs
[2026-03-25T10:21:50.160+0000] {logging_mixin.py:188} INFO - [2026-03-25T10:21:50.159+0000] {dag.py:3954} INFO - Setting next_dagrun for e_commerce_dw_etl to 2025-03-10 00:00:00+00:00, run_after=2025-03-11 00:00:00+00:00
[2026-03-25T10:21:50.204+0000] {processor.py:183} INFO - Processing /opt/airflow/dags/e_commerce_dw_dag.py took 0.343 seconds
[2026-03-25T10:22:20.986+0000] {processor.py:161} INFO - Started process (PID=686) to work on /opt/airflow/dags/e_commerce_dw_dag.py
[2026-03-25T10:22:20.987+0000] {processor.py:830} INFO - Processing file /opt/airflow/dags/e_commerce_dw_dag.py for tasks to queue
[2026-03-25T10:22:20.990+0000] {logging_mixin.py:188} INFO - [2026-03-25T10:22:20.990+0000] {dagbag.py:545} INFO - Filling up the DagBag from /opt/airflow/dags/e_commerce_dw_dag.py
[2026-03-25T10:22:21.082+0000] {processor.py:840} INFO - DAG(s) 'e_commerce_dw_etl' retrieved from /opt/airflow/dags/e_commerce_dw_dag.py
[2026-03-25T10:22:21.116+0000] {logging_mixin.py:188} INFO - [2026-03-25T10:22:21.116+0000] {dag.py:3096} INFO - Sync 1 DAGs
[2026-03-25T10:22:21.152+0000] {logging_mixin.py:188} INFO - [2026-03-25T10:22:21.151+0000] {dag.py:3954} INFO - Setting next_dagrun for e_commerce_dw_etl to 2025-03-28 00:00:00+00:00, run_after=2025-03-29 00:00:00+00:00
[2026-03-25T10:22:21.176+0000] {processor.py:183} INFO - Processing /opt/airflow/dags/e_commerce_dw_dag.py took 0.200 seconds
[2026-03-25T10:53:31.677+0000] {processor.py:161} INFO - Started process (PID=186) to work on /opt/airflow/dags/e_commerce_dw_dag.py
[2026-03-25T10:53:31.682+0000] {processor.py:830} INFO - Processing file /opt/airflow/dags/e_commerce_dw_dag.py for tasks to queue
[2026-03-25T10:53:31.694+0000] {logging_mixin.py:188} INFO - [2026-03-25T10:53:31.694+0000] {dagbag.py:545} INFO - Filling up the DagBag from /opt/airflow/dags/e_commerce_dw_dag.py
[2026-03-25T10:53:32.063+0000] {processor.py:840} INFO - DAG(s) 'e_commerce_dw_etl' retrieved from /opt/airflow/dags/e_commerce_dw_dag.py
[2026-03-25T10:53:32.529+0000] {logging_mixin.py:188} INFO - [2026-03-25T10:53:32.528+0000] {override.py:1829} INFO - Created Permission View: can delete on DAG:e_commerce_dw_etl
[2026-03-25T10:53:32.546+0000] {logging_mixin.py:188} INFO - [2026-03-25T10:53:32.545+0000] {override.py:1829} INFO - Created Permission View: can read on DAG:e_commerce_dw_etl
[2026-03-25T10:53:32.557+0000] {logging_mixin.py:188} INFO - [2026-03-25T10:53:32.556+0000] {override.py:1829} INFO - Created Permission View: can edit on DAG:e_commerce_dw_etl
[2026-03-25T10:53:32.558+0000] {logging_mixin.py:188} INFO - [2026-03-25T10:53:32.557+0000] {dag.py:3096} INFO - Sync 1 DAGs
[2026-03-25T10:53:32.576+0000] {logging_mixin.py:188} INFO - [2026-03-25T10:53:32.575+0000] {dag.py:3118} INFO - Creating ORM DAG for e_commerce_dw_etl
[2026-03-25T10:53:32.592+0000] {logging_mixin.py:188} INFO - [2026-03-25T10:53:32.592+0000] {dag.py:3954} INFO - Setting next_dagrun for e_commerce_dw_etl to 2024-10-26 00:00:00+00:00, run_after=2024-10-27 00:00:00+00:00
[2026-03-25T10:53:32.621+0000] {processor.py:183} INFO - Processing /opt/airflow/dags/e_commerce_dw_dag.py took 0.981 seconds
[2026-03-25T10:54:03.143+0000] {processor.py:161} INFO - Started process (PID=217) to work on /opt/airflow/dags/e_commerce_dw_dag.py
[2026-03-25T10:54:03.144+0000] {processor.py:830} INFO - Processing file /opt/airflow/dags/e_commerce_dw_dag.py for tasks to queue
[2026-03-25T10:54:03.147+0000] {logging_mixin.py:188} INFO - [2026-03-25T10:54:03.146+0000] {dagbag.py:545} INFO - Filling up the DagBag from /opt/airflow/dags/e_commerce_dw_dag.py
[2026-03-25T10:54:03.214+0000] {processor.py:840} INFO - DAG(s) 'e_commerce_dw_etl' retrieved from /opt/airflow/dags/e_commerce_dw_dag.py
[2026-03-25T10:54:03.249+0000] {logging_mixin.py:188} INFO - [2026-03-25T10:54:03.248+0000] {dag.py:3096} INFO - Sync 1 DAGs
[2026-03-25T10:54:03.273+0000] {logging_mixin.py:188} INFO - [2026-03-25T10:54:03.273+0000] {dag.py:3954} INFO - Setting next_dagrun for e_commerce_dw_etl to 2024-10-26 00:00:00+00:00, run_after=2024-10-27 00:00:00+00:00
[2026-03-25T10:54:03.930+0000] {processor.py:183} INFO - Processing /opt/airflow/dags/e_commerce_dw_dag.py took 0.797 seconds
[2026-03-25T10:54:34.054+0000] {processor.py:161} INFO - Started process (PID=276) to work on /opt/airflow/dags/e_commerce_dw_dag.py
[2026-03-25T10:54:34.059+0000] {processor.py:830} INFO - Processing file /opt/airflow/dags/e_commerce_dw_dag.py for tasks to queue
[2026-03-25T10:54:34.066+0000] {logging_mixin.py:188} INFO - [2026-03-25T10:54:34.065+0000] {dagbag.py:545} INFO - Filling up the DagBag from /opt/airflow/dags/e_commerce_dw_dag.py
[2026-03-25T10:54:34.191+0000] {processor.py:840} INFO - DAG(s) 'e_commerce_dw_etl' retrieved from /opt/airflow/dags/e_commerce_dw_dag.py
[2026-03-25T10:54:34.277+0000] {logging_mixin.py:188} INFO - [2026-03-25T10:54:34.277+0000] {dag.py:3096} INFO - Sync 1 DAGs
[2026-03-25T10:54:34.326+0000] {logging_mixin.py:188} INFO - [2026-03-25T10:54:34.326+0000] {dag.py:3954} INFO - Setting next_dagrun for e_commerce_dw_etl to 2024-11-10 00:00:00+00:00, run_after=2024-11-11 00:00:00+00:00
[2026-03-25T10:54:34.399+0000] {processor.py:183} INFO - Processing /opt/airflow/dags/e_commerce_dw_dag.py took 0.354 seconds
[2026-03-25T10:55:04.569+0000] {processor.py:161} INFO - Started process (PID=354) to work on /opt/airflow/dags/e_commerce_dw_dag.py
[2026-03-25T10:55:04.571+0000] {processor.py:830} INFO - Processing file /opt/airflow/dags/e_commerce_dw_dag.py for tasks to queue
[2026-03-25T10:55:04.573+0000] {logging_mixin.py:188} INFO - [2026-03-25T10:55:04.573+0000] {dagbag.py:545} INFO - Filling up the DagBag from /opt/airflow/dags/e_commerce_dw_dag.py
[2026-03-25T10:55:04.717+0000] {processor.py:840} INFO - DAG(s) 'e_commerce_dw_etl' retrieved from /opt/airflow/dags/e_commerce_dw_dag.py
[2026-03-25T10:55:04.916+0000] {logging_mixin.py:188} INFO - [2026-03-25T10:55:04.915+0000] {dag.py:3096} INFO - Sync 1 DAGs
[2026-03-25T10:55:05.061+0000] {processor.py:183} INFO - Processing /opt/airflow/dags/e_commerce_dw_dag.py took 0.499 seconds
[2026-03-25T10:55:35.274+0000] {processor.py:161} INFO - Started process (PID=444) to work on /opt/airflow/dags/e_commerce_dw_dag.py
[2026-03-25T10:55:35.277+0000] {processor.py:830} INFO - Processing file /opt/airflow/dags/e_commerce_dw_dag.py for tasks to queue
[2026-03-25T10:55:35.284+0000] {logging_mixin.py:188} INFO - [2026-03-25T10:55:35.283+0000] {dagbag.py:545} INFO - Filling up the DagBag from /opt/airflow/dags/e_commerce_dw_dag.py
[2026-03-25T10:55:35.416+0000] {processor.py:840} INFO - DAG(s) 'e_commerce_dw_etl' retrieved from /opt/airflow/dags/e_commerce_dw_dag.py
[2026-03-25T10:55:35.461+0000] {logging_mixin.py:188} INFO - [2026-03-25T10:55:35.461+0000] {dag.py:3096} INFO - Sync 1 DAGs
[2026-03-25T10:55:35.517+0000] {processor.py:183} INFO - Processing /opt/airflow/dags/e_commerce_dw_dag.py took 0.259 seconds
[2026-03-25T10:56:05.913+0000] {processor.py:161} INFO - Started process (PID=515) to work on /opt/airflow/dags/e_commerce_dw_dag.py
[2026-03-25T10:56:05.915+0000] {processor.py:830} INFO - Processing file /opt/airflow/dags/e_commerce_dw_dag.py for tasks to queue
[2026-03-25T10:56:05.920+0000] {logging_mixin.py:188} INFO - [2026-03-25T10:56:05.919+0000] {dagbag.py:545} INFO - Filling up the DagBag from /opt/airflow/dags/e_commerce_dw_dag.py
[2026-03-25T10:56:06.355+0000] {processor.py:840} INFO - DAG(s) 'e_commerce_dw_etl' retrieved from /opt/airflow/dags/e_commerce_dw_dag.py
[2026-03-25T10:56:06.440+0000] {logging_mixin.py:188} INFO - [2026-03-25T10:56:06.440+0000] {dag.py:3096} INFO - Sync 1 DAGs
[2026-03-25T10:56:06.509+0000] {logging_mixin.py:188} INFO - [2026-03-25T10:56:06.508+0000] {dag.py:3954} INFO - Setting next_dagrun for e_commerce_dw_etl to 2025-02-02 00:00:00+00:00, run_after=2025-02-03 00:00:00+00:00
[2026-03-25T10:56:06.579+0000] {processor.py:183} INFO - Processing /opt/airflow/dags/e_commerce_dw_dag.py took 0.685 seconds
[2026-03-25T10:56:37.324+0000] {processor.py:161} INFO - Started process (PID=610) to work on /opt/airflow/dags/e_commerce_dw_dag.py
[2026-03-25T10:56:37.331+0000] {processor.py:830} INFO - Processing file /opt/airflow/dags/e_commerce_dw_dag.py for tasks to queue
[2026-03-25T10:56:37.335+0000] {logging_mixin.py:188} INFO - [2026-03-25T10:56:37.334+0000] {dagbag.py:545} INFO - Filling up the DagBag from /opt/airflow/dags/e_commerce_dw_dag.py
[2026-03-25T10:56:37.542+0000] {processor.py:840} INFO - DAG(s) 'e_commerce_dw_etl' retrieved from /opt/airflow/dags/e_commerce_dw_dag.py
[2026-03-25T10:56:37.620+0000] {logging_mixin.py:188} INFO - [2026-03-25T10:56:37.619+0000] {dag.py:3096} INFO - Sync 1 DAGs
[2026-03-25T10:56:37.693+0000] {logging_mixin.py:188} INFO - [2026-03-25T10:56:37.693+0000] {dag.py:3954} INFO - Setting next_dagrun for e_commerce_dw_etl to 2025-03-07 00:00:00+00:00, run_after=2025-03-08 00:00:00+00:00
[2026-03-25T10:56:37.761+0000] {processor.py:183} INFO - Processing /opt/airflow/dags/e_commerce_dw_dag.py took 0.469 seconds
[2026-03-25T10:57:08.465+0000] {processor.py:161} INFO - Started process (PID=702) to work on /opt/airflow/dags/e_commerce_dw_dag.py
[2026-03-25T10:57:08.468+0000] {processor.py:830} INFO - Processing file /opt/airflow/dags/e_commerce_dw_dag.py for tasks to queue
[2026-03-25T10:57:08.473+0000] {logging_mixin.py:188} INFO - [2026-03-25T10:57:08.473+0000] {dagbag.py:545} INFO - Filling up the DagBag from /opt/airflow/dags/e_commerce_dw_dag.py
[2026-03-25T10:57:08.705+0000] {processor.py:840} INFO - DAG(s) 'e_commerce_dw_etl' retrieved from /opt/airflow/dags/e_commerce_dw_dag.py
[2026-03-25T10:57:08.781+0000] {logging_mixin.py:188} INFO - [2026-03-25T10:57:08.781+0000] {dag.py:3096} INFO - Sync 1 DAGs
[2026-03-25T10:57:08.824+0000] {logging_mixin.py:188} INFO - [2026-03-25T10:57:08.824+0000] {dag.py:3954} INFO - Setting next_dagrun for e_commerce_dw_etl to 2025-04-09 00:00:00+00:00, run_after=2025-04-10 00:00:00+00:00
[2026-03-25T10:57:08.869+0000] {processor.py:183} INFO - Processing /opt/airflow/dags/e_commerce_dw_dag.py took 0.431 seconds
[2026-03-25T10:57:39.611+0000] {processor.py:161} INFO - Started process (PID=772) to work on /opt/airflow/dags/e_commerce_dw_dag.py
[2026-03-25T10:57:39.613+0000] {processor.py:830} INFO - Processing file /opt/airflow/dags/e_commerce_dw_dag.py for tasks to queue
[2026-03-25T10:57:39.616+0000] {logging_mixin.py:188} INFO - [2026-03-25T10:57:39.616+0000] {dagbag.py:545} INFO - Filling up the DagBag from /opt/airflow/dags/e_commerce_dw_dag.py
[2026-03-25T10:57:39.713+0000] {processor.py:840} INFO - DAG(s) 'e_commerce_dw_etl' retrieved from /opt/airflow/dags/e_commerce_dw_dag.py
[2026-03-25T10:57:39.754+0000] {logging_mixin.py:188} INFO - [2026-03-25T10:57:39.754+0000] {dag.py:3096} INFO - Sync 1 DAGs
[2026-03-25T10:57:39.784+0000] {logging_mixin.py:188} INFO - [2026-03-25T10:57:39.784+0000] {dag.py:3954} INFO - Setting next_dagrun for e_commerce_dw_etl to 2025-04-27 00:00:00+00:00, run_after=2025-04-28 00:00:00+00:00
[2026-03-25T10:57:39.811+0000] {processor.py:183} INFO - Processing /opt/airflow/dags/e_commerce_dw_dag.py took 0.210 seconds
[2026-03-25T10:58:10.436+0000] {processor.py:161} INFO - Started process (PID=862) to work on /opt/airflow/dags/e_commerce_dw_dag.py
[2026-03-25T10:58:10.437+0000] {processor.py:830} INFO - Processing file /opt/airflow/dags/e_commerce_dw_dag.py for tasks to queue
[2026-03-25T10:58:10.440+0000] {logging_mixin.py:188} INFO - [2026-03-25T10:58:10.439+0000] {dagbag.py:545} INFO - Filling up the DagBag from /opt/airflow/dags/e_commerce_dw_dag.py
[2026-03-25T10:58:10.528+0000] {processor.py:840} INFO - DAG(s) 'e_commerce_dw_etl' retrieved from /opt/airflow/dags/e_commerce_dw_dag.py
[2026-03-25T10:58:10.566+0000] {logging_mixin.py:188} INFO - [2026-03-25T10:58:10.566+0000] {dag.py:3096} INFO - Sync 1 DAGs
[2026-03-25T10:58:10.588+0000] {logging_mixin.py:188} INFO - [2026-03-25T10:58:10.588+0000] {dag.py:3954} INFO - Setting next_dagrun for e_commerce_dw_etl to 2025-05-29 00:00:00+00:00, run_after=2025-05-30 00:00:00+00:00
[2026-03-25T10:58:10.615+0000] {processor.py:183} INFO - Processing /opt/airflow/dags/e_commerce_dw_dag.py took 0.188 seconds
[2026-03-25T10:58:40.819+0000] {processor.py:161} INFO - Started process (PID=957) to work on /opt/airflow/dags/e_commerce_dw_dag.py
[2026-03-25T10:58:40.820+0000] {processor.py:830} INFO - Processing file /opt/airflow/dags/e_commerce_dw_dag.py for tasks to queue
[2026-03-25T10:58:40.823+0000] {logging_mixin.py:188} INFO - [2026-03-25T10:58:40.822+0000] {dagbag.py:545} INFO - Filling up the DagBag from /opt/airflow/dags/e_commerce_dw_dag.py
[2026-03-25T10:58:40.890+0000] {processor.py:840} INFO - DAG(s) 'e_commerce_dw_etl' retrieved from /opt/airflow/dags/e_commerce_dw_dag.py
[2026-03-25T10:58:40.923+0000] {logging_mixin.py:188} INFO - [2026-03-25T10:58:40.922+0000] {dag.py:3096} INFO - Sync 1 DAGs
[2026-03-25T10:58:40.948+0000] {logging_mixin.py:188} INFO - [2026-03-25T10:58:40.947+0000] {dag.py:3954} INFO - Setting next_dagrun for e_commerce_dw_etl to 2025-06-30 00:00:00+00:00, run_after=2025-07-01 00:00:00+00:00
[2026-03-25T10:58:40.973+0000] {processor.py:183} INFO - Processing /opt/airflow/dags/e_commerce_dw_dag.py took 0.161 seconds
[2026-03-25T10:59:11.545+0000] {processor.py:161} INFO - Started process (PID=1042) to work on /opt/airflow/dags/e_commerce_dw_dag.py
[2026-03-25T10:59:11.547+0000] {processor.py:830} INFO - Processing file /opt/airflow/dags/e_commerce_dw_dag.py for tasks to queue
[2026-03-25T10:59:11.550+0000] {logging_mixin.py:188} INFO - [2026-03-25T10:59:11.549+0000] {dagbag.py:545} INFO - Filling up the DagBag from /opt/airflow/dags/e_commerce_dw_dag.py
[2026-03-25T10:59:11.644+0000] {processor.py:840} INFO - DAG(s) 'e_commerce_dw_etl' retrieved from /opt/airflow/dags/e_commerce_dw_dag.py
[2026-03-25T10:59:11.682+0000] {logging_mixin.py:188} INFO - [2026-03-25T10:59:11.682+0000] {dag.py:3096} INFO - Sync 1 DAGs
[2026-03-25T10:59:11.714+0000] {logging_mixin.py:188} INFO - [2026-03-25T10:59:11.714+0000] {dag.py:3954} INFO - Setting next_dagrun for e_commerce_dw_etl to 2025-08-01 00:00:00+00:00, run_after=2025-08-02 00:00:00+00:00
[2026-03-25T10:59:11.747+0000] {processor.py:183} INFO - Processing /opt/airflow/dags/e_commerce_dw_dag.py took 0.215 seconds
[2026-03-25T10:59:42.088+0000] {processor.py:161} INFO - Started process (PID=1135) to work on /opt/airflow/dags/e_commerce_dw_dag.py
[2026-03-25T10:59:42.094+0000] {processor.py:830} INFO - Processing file /opt/airflow/dags/e_commerce_dw_dag.py for tasks to queue
[2026-03-25T10:59:42.121+0000] {logging_mixin.py:188} INFO - [2026-03-25T10:59:42.119+0000] {dagbag.py:545} INFO - Filling up the DagBag from /opt/airflow/dags/e_commerce_dw_dag.py
[2026-03-25T10:59:42.378+0000] {processor.py:840} INFO - DAG(s) 'e_commerce_dw_etl' retrieved from /opt/airflow/dags/e_commerce_dw_dag.py
[2026-03-25T10:59:42.511+0000] {logging_mixin.py:188} INFO - [2026-03-25T10:59:42.511+0000] {dag.py:3096} INFO - Sync 1 DAGs
[2026-03-25T10:59:42.584+0000] {processor.py:183} INFO - Processing /opt/airflow/dags/e_commerce_dw_dag.py took 0.602 seconds
[2026-03-25T11:00:12.936+0000] {processor.py:161} INFO - Started process (PID=1214) to work on /opt/airflow/dags/e_commerce_dw_dag.py
[2026-03-25T11:00:12.940+0000] {processor.py:830} INFO - Processing file /opt/airflow/dags/e_commerce_dw_dag.py for tasks to queue
[2026-03-25T11:00:12.946+0000] {logging_mixin.py:188} INFO - [2026-03-25T11:00:12.945+0000] {dagbag.py:545} INFO - Filling up the DagBag from /opt/airflow/dags/e_commerce_dw_dag.py
[2026-03-25T11:00:13.160+0000] {processor.py:840} INFO - DAG(s) 'e_commerce_dw_etl' retrieved from /opt/airflow/dags/e_commerce_dw_dag.py
[2026-03-25T11:00:13.237+0000] {logging_mixin.py:188} INFO - [2026-03-25T11:00:13.237+0000] {dag.py:3096} INFO - Sync 1 DAGs
[2026-03-25T11:00:13.310+0000] {logging_mixin.py:188} INFO - [2026-03-25T11:00:13.309+0000] {dag.py:3954} INFO - Setting next_dagrun for e_commerce_dw_etl to 2025-10-03 00:00:00+00:00, run_after=2025-10-04 00:00:00+00:00
[2026-03-25T11:00:13.350+0000] {processor.py:183} INFO - Processing /opt/airflow/dags/e_commerce_dw_dag.py took 0.440 seconds
[2026-03-25T11:00:43.967+0000] {processor.py:161} INFO - Started process (PID=1280) to work on /opt/airflow/dags/e_commerce_dw_dag.py
[2026-03-25T11:00:43.969+0000] {processor.py:830} INFO - Processing file /opt/airflow/dags/e_commerce_dw_dag.py for tasks to queue
[2026-03-25T11:00:43.972+0000] {logging_mixin.py:188} INFO - [2026-03-25T11:00:43.972+0000] {dagbag.py:545} INFO - Filling up the DagBag from /opt/airflow/dags/e_commerce_dw_dag.py
[2026-03-25T11:00:44.068+0000] {processor.py:840} INFO - DAG(s) 'e_commerce_dw_etl' retrieved from /opt/airflow/dags/e_commerce_dw_dag.py
[2026-03-25T11:00:44.105+0000] {logging_mixin.py:188} INFO - [2026-03-25T11:00:44.105+0000] {dag.py:3096} INFO - Sync 1 DAGs
[2026-03-25T11:00:44.133+0000] {logging_mixin.py:188} INFO - [2026-03-25T11:00:44.132+0000] {dag.py:3954} INFO - Setting next_dagrun for e_commerce_dw_etl to 2025-10-20 00:00:00+00:00, run_after=2025-10-21 00:00:00+00:00
[2026-03-25T11:00:44.156+0000] {processor.py:183} INFO - Processing /opt/airflow/dags/e_commerce_dw_dag.py took 0.196 seconds
[2026-03-25T11:01:14.826+0000] {processor.py:161} INFO - Started process (PID=1370) to work on /opt/airflow/dags/e_commerce_dw_dag.py
[2026-03-25T11:01:14.827+0000] {processor.py:830} INFO - Processing file /opt/airflow/dags/e_commerce_dw_dag.py for tasks to queue
[2026-03-25T11:01:14.829+0000] {logging_mixin.py:188} INFO - [2026-03-25T11:01:14.829+0000] {dagbag.py:545} INFO - Filling up the DagBag from /opt/airflow/dags/e_commerce_dw_dag.py
[2026-03-25T11:01:14.910+0000] {processor.py:840} INFO - DAG(s) 'e_commerce_dw_etl' retrieved from /opt/airflow/dags/e_commerce_dw_dag.py
[2026-03-25T11:01:14.943+0000] {logging_mixin.py:188} INFO - [2026-03-25T11:01:14.943+0000] {dag.py:3096} INFO - Sync 1 DAGs
[2026-03-25T11:01:14.969+0000] {logging_mixin.py:188} INFO - [2026-03-25T11:01:14.969+0000] {dag.py:3954} INFO - Setting next_dagrun for e_commerce_dw_etl to 2025-11-21 00:00:00+00:00, run_after=2025-11-22 00:00:00+00:00
[2026-03-25T11:01:15.001+0000] {processor.py:183} INFO - Processing /opt/airflow/dags/e_commerce_dw_dag.py took 0.182 seconds
[2026-03-25T11:01:45.835+0000] {processor.py:161} INFO - Started process (PID=1462) to work on /opt/airflow/dags/e_commerce_dw_dag.py
[2026-03-25T11:01:45.837+0000] {processor.py:830} INFO - Processing file /opt/airflow/dags/e_commerce_dw_dag.py for tasks to queue
[2026-03-25T11:01:45.840+0000] {logging_mixin.py:188} INFO - [2026-03-25T11:01:45.839+0000] {dagbag.py:545} INFO - Filling up the DagBag from /opt/airflow/dags/e_commerce_dw_dag.py
[2026-03-25T11:01:45.945+0000] {processor.py:840} INFO - DAG(s) 'e_commerce_dw_etl' retrieved from /opt/airflow/dags/e_commerce_dw_dag.py
[2026-03-25T11:01:46.089+0000] {logging_mixin.py:188} INFO - [2026-03-25T11:01:46.089+0000] {dag.py:3096} INFO - Sync 1 DAGs
[2026-03-25T11:01:46.186+0000] {processor.py:183} INFO - Processing /opt/airflow/dags/e_commerce_dw_dag.py took 0.358 seconds
[2026-03-25T11:02:16.963+0000] {processor.py:161} INFO - Started process (PID=1552) to work on /opt/airflow/dags/e_commerce_dw_dag.py
[2026-03-25T11:02:16.965+0000] {processor.py:830} INFO - Processing file /opt/airflow/dags/e_commerce_dw_dag.py for tasks to queue
[2026-03-25T11:02:16.968+0000] {logging_mixin.py:188} INFO - [2026-03-25T11:02:16.967+0000] {dagbag.py:545} INFO - Filling up the DagBag from /opt/airflow/dags/e_commerce_dw_dag.py
[2026-03-25T11:02:17.055+0000] {processor.py:840} INFO - DAG(s) 'e_commerce_dw_etl' retrieved from /opt/airflow/dags/e_commerce_dw_dag.py
[2026-03-25T11:02:17.098+0000] {logging_mixin.py:188} INFO - [2026-03-25T11:02:17.098+0000] {dag.py:3096} INFO - Sync 1 DAGs
[2026-03-25T11:02:17.148+0000] {processor.py:183} INFO - Processing /opt/airflow/dags/e_commerce_dw_dag.py took 0.193 seconds
[2026-03-25T11:02:47.850+0000] {processor.py:161} INFO - Started process (PID=1642) to work on /opt/airflow/dags/e_commerce_dw_dag.py
[2026-03-25T11:02:47.853+0000] {processor.py:830} INFO - Processing file /opt/airflow/dags/e_commerce_dw_dag.py for tasks to queue
[2026-03-25T11:02:47.860+0000] {logging_mixin.py:188} INFO - [2026-03-25T11:02:47.859+0000] {dagbag.py:545} INFO - Filling up the DagBag from /opt/airflow/dags/e_commerce_dw_dag.py
[2026-03-25T11:02:48.003+0000] {processor.py:840} INFO - DAG(s) 'e_commerce_dw_etl' retrieved from /opt/airflow/dags/e_commerce_dw_dag.py
[2026-03-25T11:02:48.064+0000] {logging_mixin.py:188} INFO - [2026-03-25T11:02:48.063+0000] {dag.py:3096} INFO - Sync 1 DAGs
[2026-03-25T11:02:48.128+0000] {processor.py:183} INFO - Processing /opt/airflow/dags/e_commerce_dw_dag.py took 0.292 seconds
[2026-03-25T11:03:18.759+0000] {processor.py:161} INFO - Started process (PID=1724) to work on /opt/airflow/dags/e_commerce_dw_dag.py
[2026-03-25T11:03:18.770+0000] {processor.py:830} INFO - Processing file /opt/airflow/dags/e_commerce_dw_dag.py for tasks to queue
[2026-03-25T11:03:18.774+0000] {logging_mixin.py:188} INFO - [2026-03-25T11:03:18.774+0000] {dagbag.py:545} INFO - Filling up the DagBag from /opt/airflow/dags/e_commerce_dw_dag.py
[2026-03-25T11:03:18.906+0000] {processor.py:840} INFO - DAG(s) 'e_commerce_dw_etl' retrieved from /opt/airflow/dags/e_commerce_dw_dag.py
[2026-03-25T11:03:18.962+0000] {logging_mixin.py:188} INFO - [2026-03-25T11:03:18.962+0000] {dag.py:3096} INFO - Sync 1 DAGs
[2026-03-25T11:03:19.008+0000] {logging_mixin.py:188} INFO - [2026-03-25T11:03:19.007+0000] {dag.py:3954} INFO - Setting next_dagrun for e_commerce_dw_etl to 2026-03-25 00:00:00+00:00, run_after=2026-03-26 00:00:00+00:00
[2026-03-25T11:03:19.042+0000] {processor.py:183} INFO - Processing /opt/airflow/dags/e_commerce_dw_dag.py took 0.294 seconds
[2026-03-25T11:03:50.016+0000] {processor.py:161} INFO - Started process (PID=1750) to work on /opt/airflow/dags/e_commerce_dw_dag.py
[2026-03-25T11:03:50.018+0000] {processor.py:830} INFO - Processing file /opt/airflow/dags/e_commerce_dw_dag.py for tasks to queue
[2026-03-25T11:03:50.022+0000] {logging_mixin.py:188} INFO - [2026-03-25T11:03:50.021+0000] {dagbag.py:545} INFO - Filling up the DagBag from /opt/airflow/dags/e_commerce_dw_dag.py
[2026-03-25T11:03:50.175+0000] {processor.py:840} INFO - DAG(s) 'e_commerce_dw_etl' retrieved from /opt/airflow/dags/e_commerce_dw_dag.py
[2026-03-25T11:03:50.214+0000] {logging_mixin.py:188} INFO - [2026-03-25T11:03:50.214+0000] {dag.py:3096} INFO - Sync 1 DAGs
[2026-03-25T11:03:50.243+0000] {logging_mixin.py:188} INFO - [2026-03-25T11:03:50.243+0000] {dag.py:3954} INFO - Setting next_dagrun for e_commerce_dw_etl to 2026-03-25 00:00:00+00:00, run_after=2026-03-26 00:00:00+00:00
[2026-03-25T11:03:50.277+0000] {processor.py:183} INFO - Processing /opt/airflow/dags/e_commerce_dw_dag.py took 0.271 seconds
[2026-03-25T11:04:20.907+0000] {processor.py:161} INFO - Started process (PID=1776) to work on /opt/airflow/dags/e_commerce_dw_dag.py
[2026-03-25T11:04:20.909+0000] {processor.py:830} INFO - Processing file /opt/airflow/dags/e_commerce_dw_dag.py for tasks to queue
[2026-03-25T11:04:20.911+0000] {logging_mixin.py:188} INFO - [2026-03-25T11:04:20.911+0000] {dagbag.py:545} INFO - Filling up the DagBag from /opt/airflow/dags/e_commerce_dw_dag.py
[2026-03-25T11:04:20.995+0000] {processor.py:840} INFO - DAG(s) 'e_commerce_dw_etl' retrieved from /opt/airflow/dags/e_commerce_dw_dag.py
[2026-03-25T11:04:21.028+0000] {logging_mixin.py:188} INFO - [2026-03-25T11:04:21.028+0000] {dag.py:3096} INFO - Sync 1 DAGs
[2026-03-25T11:04:21.052+0000] {logging_mixin.py:188} INFO - [2026-03-25T11:04:21.052+0000] {dag.py:3954} INFO - Setting next_dagrun for e_commerce_dw_etl to 2026-03-25 00:00:00+00:00, run_after=2026-03-26 00:00:00+00:00
[2026-03-25T11:04:21.081+0000] {processor.py:183} INFO - Processing /opt/airflow/dags/e_commerce_dw_dag.py took 0.184 seconds
[2026-03-25T11:04:51.666+0000] {processor.py:161} INFO - Started process (PID=1803) to work on /opt/airflow/dags/e_commerce_dw_dag.py
[2026-03-25T11:04:51.667+0000] {processor.py:830} INFO - Processing file /opt/airflow/dags/e_commerce_dw_dag.py for tasks to queue
[2026-03-25T11:04:51.670+0000] {logging_mixin.py:188} INFO - [2026-03-25T11:04:51.669+0000] {dagbag.py:545} INFO - Filling up the DagBag from /opt/airflow/dags/e_commerce_dw_dag.py
[2026-03-25T11:04:51.733+0000] {processor.py:840} INFO - DAG(s) 'e_commerce_dw_etl' retrieved from /opt/airflow/dags/e_commerce_dw_dag.py
[2026-03-25T11:04:51.763+0000] {logging_mixin.py:188} INFO - [2026-03-25T11:04:51.763+0000] {dag.py:3096} INFO - Sync 1 DAGs
[2026-03-25T11:04:51.787+0000] {logging_mixin.py:188} INFO - [2026-03-25T11:04:51.787+0000] {dag.py:3954} INFO - Setting next_dagrun for e_commerce_dw_etl to 2026-03-25 00:00:00+00:00, run_after=2026-03-26 00:00:00+00:00
[2026-03-25T11:04:51.813+0000] {processor.py:183} INFO - Processing /opt/airflow/dags/e_commerce_dw_dag.py took 0.153 seconds
[2026-03-25T11:05:22.361+0000] {processor.py:161} INFO - Started process (PID=1829) to work on /opt/airflow/dags/e_commerce_dw_dag.py
[2026-03-25T11:05:22.362+0000] {processor.py:830} INFO - Processing file /opt/airflow/dags/e_commerce_dw_dag.py for tasks to queue
[2026-03-25T11:05:22.365+0000] {logging_mixin.py:188} INFO - [2026-03-25T11:05:22.364+0000] {dagbag.py:545} INFO - Filling up the DagBag from /opt/airflow/dags/e_commerce_dw_dag.py
[2026-03-25T11:05:22.436+0000] {processor.py:840} INFO - DAG(s) 'e_commerce_dw_etl' retrieved from /opt/airflow/dags/e_commerce_dw_dag.py
[2026-03-25T11:05:22.467+0000] {logging_mixin.py:188} INFO - [2026-03-25T11:05:22.467+0000] {dag.py:3096} INFO - Sync 1 DAGs
[2026-03-25T11:05:22.491+0000] {logging_mixin.py:188} INFO - [2026-03-25T11:05:22.491+0000] {dag.py:3954} INFO - Setting next_dagrun for e_commerce_dw_etl to 2026-03-25 00:00:00+00:00, run_after=2026-03-26 00:00:00+00:00
[2026-03-25T11:05:22.516+0000] {processor.py:183} INFO - Processing /opt/airflow/dags/e_commerce_dw_dag.py took 0.162 seconds
[2026-03-25T11:12:39.865+0000] {processor.py:161} INFO - Started process (PID=180) to work on /opt/airflow/dags/e_commerce_dw_dag.py
[2026-03-25T11:12:39.867+0000] {processor.py:830} INFO - Processing file /opt/airflow/dags/e_commerce_dw_dag.py for tasks to queue
[2026-03-25T11:12:39.871+0000] {logging_mixin.py:188} INFO - [2026-03-25T11:12:39.870+0000] {dagbag.py:545} INFO - Filling up the DagBag from /opt/airflow/dags/e_commerce_dw_dag.py
[2026-03-25T11:12:40.015+0000] {processor.py:840} INFO - DAG(s) 'e_commerce_dw_etl' retrieved from /opt/airflow/dags/e_commerce_dw_dag.py
[2026-03-25T11:12:40.411+0000] {logging_mixin.py:188} INFO - [2026-03-25T11:12:40.410+0000] {override.py:1829} INFO - Created Permission View: can edit on DAG:e_commerce_dw_etl
[2026-03-25T11:12:40.430+0000] {logging_mixin.py:188} INFO - [2026-03-25T11:12:40.429+0000] {override.py:1829} INFO - Created Permission View: can delete on DAG:e_commerce_dw_etl
[2026-03-25T11:12:40.444+0000] {logging_mixin.py:188} INFO - [2026-03-25T11:12:40.444+0000] {override.py:1829} INFO - Created Permission View: can read on DAG:e_commerce_dw_etl
[2026-03-25T11:12:40.446+0000] {logging_mixin.py:188} INFO - [2026-03-25T11:12:40.446+0000] {dag.py:3096} INFO - Sync 1 DAGs
[2026-03-25T11:12:40.462+0000] {logging_mixin.py:188} INFO - [2026-03-25T11:12:40.462+0000] {dag.py:3118} INFO - Creating ORM DAG for e_commerce_dw_etl
[2026-03-25T11:12:40.477+0000] {logging_mixin.py:188} INFO - [2026-03-25T11:12:40.476+0000] {dag.py:3954} INFO - Setting next_dagrun for e_commerce_dw_etl to 2024-10-26 00:00:00+00:00, run_after=2024-10-27 00:00:00+00:00
[2026-03-25T11:12:40.507+0000] {processor.py:183} INFO - Processing /opt/airflow/dags/e_commerce_dw_dag.py took 0.655 seconds
[2026-03-25T11:13:11.146+0000] {processor.py:161} INFO - Started process (PID=211) to work on /opt/airflow/dags/e_commerce_dw_dag.py
[2026-03-25T11:13:11.148+0000] {processor.py:830} INFO - Processing file /opt/airflow/dags/e_commerce_dw_dag.py for tasks to queue
[2026-03-25T11:13:11.153+0000] {logging_mixin.py:188} INFO - [2026-03-25T11:13:11.152+0000] {dagbag.py:545} INFO - Filling up the DagBag from /opt/airflow/dags/e_commerce_dw_dag.py
[2026-03-25T11:13:11.250+0000] {processor.py:840} INFO - DAG(s) 'e_commerce_dw_etl' retrieved from /opt/airflow/dags/e_commerce_dw_dag.py
[2026-03-25T11:13:11.315+0000] {logging_mixin.py:188} INFO - [2026-03-25T11:13:11.315+0000] {dag.py:3096} INFO - Sync 1 DAGs
[2026-03-25T11:13:11.344+0000] {logging_mixin.py:188} INFO - [2026-03-25T11:13:11.344+0000] {dag.py:3954} INFO - Setting next_dagrun for e_commerce_dw_etl to 2024-10-26 00:00:00+00:00, run_after=2024-10-27 00:00:00+00:00
[2026-03-25T11:13:11.377+0000] {processor.py:183} INFO - Processing /opt/airflow/dags/e_commerce_dw_dag.py took 0.244 seconds
[2026-03-25T11:13:42.297+0000] {processor.py:161} INFO - Started process (PID=243) to work on /opt/airflow/dags/e_commerce_dw_dag.py
[2026-03-25T11:13:42.298+0000] {processor.py:830} INFO - Processing file /opt/airflow/dags/e_commerce_dw_dag.py for tasks to queue
[2026-03-25T11:13:42.301+0000] {logging_mixin.py:188} INFO - [2026-03-25T11:13:42.300+0000] {dagbag.py:545} INFO - Filling up the DagBag from /opt/airflow/dags/e_commerce_dw_dag.py
[2026-03-25T11:13:42.368+0000] {processor.py:840} INFO - DAG(s) 'e_commerce_dw_etl' retrieved from /opt/airflow/dags/e_commerce_dw_dag.py
[2026-03-25T11:13:42.403+0000] {logging_mixin.py:188} INFO - [2026-03-25T11:13:42.403+0000] {dag.py:3096} INFO - Sync 1 DAGs
[2026-03-25T11:13:42.426+0000] {logging_mixin.py:188} INFO - [2026-03-25T11:13:42.425+0000] {dag.py:3954} INFO - Setting next_dagrun for e_commerce_dw_etl to 2024-10-26 00:00:00+00:00, run_after=2024-10-27 00:00:00+00:00
[2026-03-25T11:13:42.449+0000] {processor.py:183} INFO - Processing /opt/airflow/dags/e_commerce_dw_dag.py took 0.160 seconds
[2026-03-25T11:14:13.056+0000] {processor.py:161} INFO - Started process (PID=269) to work on /opt/airflow/dags/e_commerce_dw_dag.py
[2026-03-25T11:14:13.057+0000] {processor.py:830} INFO - Processing file /opt/airflow/dags/e_commerce_dw_dag.py for tasks to queue
[2026-03-25T11:14:13.060+0000] {logging_mixin.py:188} INFO - [2026-03-25T11:14:13.059+0000] {dagbag.py:545} INFO - Filling up the DagBag from /opt/airflow/dags/e_commerce_dw_dag.py
[2026-03-25T11:14:13.130+0000] {processor.py:840} INFO - DAG(s) 'e_commerce_dw_etl' retrieved from /opt/airflow/dags/e_commerce_dw_dag.py
[2026-03-25T11:14:13.169+0000] {logging_mixin.py:188} INFO - [2026-03-25T11:14:13.169+0000] {dag.py:3096} INFO - Sync 1 DAGs
[2026-03-25T11:14:13.193+0000] {logging_mixin.py:188} INFO - [2026-03-25T11:14:13.193+0000] {dag.py:3954} INFO - Setting next_dagrun for e_commerce_dw_etl to 2024-10-26 00:00:00+00:00, run_after=2024-10-27 00:00:00+00:00
[2026-03-25T11:14:13.219+0000] {processor.py:183} INFO - Processing /opt/airflow/dags/e_commerce_dw_dag.py took 0.170 seconds
[2026-03-25T11:14:43.468+0000] {processor.py:161} INFO - Started process (PID=356) to work on /opt/airflow/dags/e_commerce_dw_dag.py
[2026-03-25T11:14:43.475+0000] {processor.py:830} INFO - Processing file /opt/airflow/dags/e_commerce_dw_dag.py for tasks to queue
[2026-03-25T11:14:43.495+0000] {logging_mixin.py:188} INFO - [2026-03-25T11:14:43.494+0000] {dagbag.py:545} INFO - Filling up the DagBag from /opt/airflow/dags/e_commerce_dw_dag.py
[2026-03-25T11:14:43.704+0000] {processor.py:840} INFO - DAG(s) 'e_commerce_dw_etl' retrieved from /opt/airflow/dags/e_commerce_dw_dag.py
[2026-03-25T11:14:43.768+0000] {logging_mixin.py:188} INFO - [2026-03-25T11:14:43.767+0000] {dag.py:3096} INFO - Sync 1 DAGs
[2026-03-25T11:14:43.855+0000] {processor.py:183} INFO - Processing /opt/airflow/dags/e_commerce_dw_dag.py took 0.407 seconds
[2026-03-25T11:15:14.204+0000] {processor.py:161} INFO - Started process (PID=445) to work on /opt/airflow/dags/e_commerce_dw_dag.py
[2026-03-25T11:15:14.206+0000] {processor.py:830} INFO - Processing file /opt/airflow/dags/e_commerce_dw_dag.py for tasks to queue
[2026-03-25T11:15:14.215+0000] {logging_mixin.py:188} INFO - [2026-03-25T11:15:14.215+0000] {dagbag.py:545} INFO - Filling up the DagBag from /opt/airflow/dags/e_commerce_dw_dag.py
[2026-03-25T11:15:14.408+0000] {processor.py:840} INFO - DAG(s) 'e_commerce_dw_etl' retrieved from /opt/airflow/dags/e_commerce_dw_dag.py
[2026-03-25T11:15:14.489+0000] {logging_mixin.py:188} INFO - [2026-03-25T11:15:14.489+0000] {dag.py:3096} INFO - Sync 1 DAGs
[2026-03-25T11:15:14.545+0000] {logging_mixin.py:188} INFO - [2026-03-25T11:15:14.544+0000] {dag.py:3954} INFO - Setting next_dagrun for e_commerce_dw_etl to 2024-12-26 00:00:00+00:00, run_after=2024-12-27 00:00:00+00:00
[2026-03-25T11:15:14.603+0000] {processor.py:183} INFO - Processing /opt/airflow/dags/e_commerce_dw_dag.py took 0.414 seconds
[2026-03-25T11:15:45.240+0000] {processor.py:161} INFO - Started process (PID=539) to work on /opt/airflow/dags/e_commerce_dw_dag.py
[2026-03-25T11:15:45.243+0000] {processor.py:830} INFO - Processing file /opt/airflow/dags/e_commerce_dw_dag.py for tasks to queue
[2026-03-25T11:15:45.245+0000] {logging_mixin.py:188} INFO - [2026-03-25T11:15:45.245+0000] {dagbag.py:545} INFO - Filling up the DagBag from /opt/airflow/dags/e_commerce_dw_dag.py
[2026-03-25T11:15:45.358+0000] {processor.py:840} INFO - DAG(s) 'e_commerce_dw_etl' retrieved from /opt/airflow/dags/e_commerce_dw_dag.py
[2026-03-25T11:15:45.425+0000] {logging_mixin.py:188} INFO - [2026-03-25T11:15:45.425+0000] {dag.py:3096} INFO - Sync 1 DAGs
[2026-03-25T11:15:45.501+0000] {processor.py:183} INFO - Processing /opt/airflow/dags/e_commerce_dw_dag.py took 0.273 seconds
[2026-03-25T11:16:16.033+0000] {processor.py:161} INFO - Started process (PID=636) to work on /opt/airflow/dags/e_commerce_dw_dag.py
[2026-03-25T11:16:16.037+0000] {processor.py:830} INFO - Processing file /opt/airflow/dags/e_commerce_dw_dag.py for tasks to queue
[2026-03-25T11:16:16.051+0000] {logging_mixin.py:188} INFO - [2026-03-25T11:16:16.049+0000] {dagbag.py:545} INFO - Filling up the DagBag from /opt/airflow/dags/e_commerce_dw_dag.py
[2026-03-25T11:16:16.256+0000] {processor.py:840} INFO - DAG(s) 'e_commerce_dw_etl' retrieved from /opt/airflow/dags/e_commerce_dw_dag.py
[2026-03-25T11:16:16.383+0000] {logging_mixin.py:188} INFO - [2026-03-25T11:16:16.382+0000] {dag.py:3096} INFO - Sync 1 DAGs
[2026-03-25T11:16:16.517+0000] {processor.py:183} INFO - Processing /opt/airflow/dags/e_commerce_dw_dag.py took 0.516 seconds
[2026-03-25T11:16:47.076+0000] {processor.py:161} INFO - Started process (PID=722) to work on /opt/airflow/dags/e_commerce_dw_dag.py
[2026-03-25T11:16:47.082+0000] {processor.py:830} INFO - Processing file /opt/airflow/dags/e_commerce_dw_dag.py for tasks to queue
[2026-03-25T11:16:47.091+0000] {logging_mixin.py:188} INFO - [2026-03-25T11:16:47.090+0000] {dagbag.py:545} INFO - Filling up the DagBag from /opt/airflow/dags/e_commerce_dw_dag.py
[2026-03-25T11:16:47.690+0000] {processor.py:840} INFO - DAG(s) 'e_commerce_dw_etl' retrieved from /opt/airflow/dags/e_commerce_dw_dag.py
[2026-03-25T11:16:47.839+0000] {logging_mixin.py:188} INFO - [2026-03-25T11:16:47.838+0000] {dag.py:3096} INFO - Sync 1 DAGs
[2026-03-25T11:16:47.893+0000] {logging_mixin.py:188} INFO - [2026-03-25T11:16:47.892+0000] {dag.py:3954} INFO - Setting next_dagrun for e_commerce_dw_etl to 2025-04-01 00:00:00+00:00, run_after=2025-04-02 00:00:00+00:00
[2026-03-25T11:16:47.959+0000] {processor.py:183} INFO - Processing /opt/airflow/dags/e_commerce_dw_dag.py took 0.906 seconds
[2026-03-25T11:17:18.412+0000] {processor.py:161} INFO - Started process (PID=794) to work on /opt/airflow/dags/e_commerce_dw_dag.py
[2026-03-25T11:17:18.426+0000] {processor.py:830} INFO - Processing file /opt/airflow/dags/e_commerce_dw_dag.py for tasks to queue
[2026-03-25T11:17:18.452+0000] {logging_mixin.py:188} INFO - [2026-03-25T11:17:18.451+0000] {dagbag.py:545} INFO - Filling up the DagBag from /opt/airflow/dags/e_commerce_dw_dag.py
[2026-03-25T11:17:19.636+0000] {processor.py:840} INFO - DAG(s) 'e_commerce_dw_etl' retrieved from /opt/airflow/dags/e_commerce_dw_dag.py
[2026-03-25T11:17:19.760+0000] {logging_mixin.py:188} INFO - [2026-03-25T11:17:19.754+0000] {dag.py:3096} INFO - Sync 1 DAGs
[2026-03-25T11:17:19.857+0000] {logging_mixin.py:188} INFO - [2026-03-25T11:17:19.856+0000] {dag.py:3954} INFO - Setting next_dagrun for e_commerce_dw_etl to 2025-04-27 00:00:00+00:00, run_after=2025-04-28 00:00:00+00:00
[2026-03-25T11:17:19.970+0000] {processor.py:183} INFO - Processing /opt/airflow/dags/e_commerce_dw_dag.py took 1.592 seconds
[2026-03-25T11:17:50.411+0000] {processor.py:161} INFO - Started process (PID=894) to work on /opt/airflow/dags/e_commerce_dw_dag.py
[2026-03-25T11:17:50.414+0000] {processor.py:830} INFO - Processing file /opt/airflow/dags/e_commerce_dw_dag.py for tasks to queue
[2026-03-25T11:17:50.422+0000] {logging_mixin.py:188} INFO - [2026-03-25T11:17:50.422+0000] {dagbag.py:545} INFO - Filling up the DagBag from /opt/airflow/dags/e_commerce_dw_dag.py
[2026-03-25T11:17:50.687+0000] {processor.py:840} INFO - DAG(s) 'e_commerce_dw_etl' retrieved from /opt/airflow/dags/e_commerce_dw_dag.py
[2026-03-25T11:17:50.748+0000] {logging_mixin.py:188} INFO - [2026-03-25T11:17:50.748+0000] {dag.py:3096} INFO - Sync 1 DAGs
[2026-03-25T11:17:50.808+0000] {logging_mixin.py:188} INFO - [2026-03-25T11:17:50.807+0000] {dag.py:3954} INFO - Setting next_dagrun for e_commerce_dw_etl to 2025-05-30 00:00:00+00:00, run_after=2025-05-31 00:00:00+00:00
[2026-03-25T11:17:50.852+0000] {processor.py:183} INFO - Processing /opt/airflow/dags/e_commerce_dw_dag.py took 0.450 seconds
[2026-03-25T11:18:21.699+0000] {processor.py:161} INFO - Started process (PID=977) to work on /opt/airflow/dags/e_commerce_dw_dag.py
[2026-03-25T11:18:21.701+0000] {processor.py:830} INFO - Processing file /opt/airflow/dags/e_commerce_dw_dag.py for tasks to queue
[2026-03-25T11:18:21.713+0000] {logging_mixin.py:188} INFO - [2026-03-25T11:18:21.712+0000] {dagbag.py:545} INFO - Filling up the DagBag from /opt/airflow/dags/e_commerce_dw_dag.py
[2026-03-25T11:18:21.987+0000] {processor.py:840} INFO - DAG(s) 'e_commerce_dw_etl' retrieved from /opt/airflow/dags/e_commerce_dw_dag.py
[2026-03-25T11:18:22.044+0000] {logging_mixin.py:188} INFO - [2026-03-25T11:18:22.044+0000] {dag.py:3096} INFO - Sync 1 DAGs
[2026-03-25T11:18:22.081+0000] {logging_mixin.py:188} INFO - [2026-03-25T11:18:22.080+0000] {dag.py:3954} INFO - Setting next_dagrun for e_commerce_dw_etl to 2025-06-28 00:00:00+00:00, run_after=2025-06-29 00:00:00+00:00
[2026-03-25T11:18:22.123+0000] {processor.py:183} INFO - Processing /opt/airflow/dags/e_commerce_dw_dag.py took 0.443 seconds
[2026-03-25T11:18:52.941+0000] {processor.py:161} INFO - Started process (PID=1071) to work on /opt/airflow/dags/e_commerce_dw_dag.py
[2026-03-25T11:18:52.943+0000] {processor.py:830} INFO - Processing file /opt/airflow/dags/e_commerce_dw_dag.py for tasks to queue
[2026-03-25T11:18:52.947+0000] {logging_mixin.py:188} INFO - [2026-03-25T11:18:52.947+0000] {dagbag.py:545} INFO - Filling up the DagBag from /opt/airflow/dags/e_commerce_dw_dag.py
[2026-03-25T11:18:53.336+0000] {processor.py:840} INFO - DAG(s) 'e_commerce_dw_etl' retrieved from /opt/airflow/dags/e_commerce_dw_dag.py
[2026-03-25T11:18:53.446+0000] {logging_mixin.py:188} INFO - [2026-03-25T11:18:53.445+0000] {dag.py:3096} INFO - Sync 1 DAGs
[2026-03-25T11:18:53.518+0000] {logging_mixin.py:188} INFO - [2026-03-25T11:18:53.517+0000] {dag.py:3954} INFO - Setting next_dagrun for e_commerce_dw_etl to 2025-08-01 00:00:00+00:00, run_after=2025-08-02 00:00:00+00:00
[2026-03-25T11:18:53.581+0000] {processor.py:183} INFO - Processing /opt/airflow/dags/e_commerce_dw_dag.py took 0.652 seconds
[2026-03-25T11:19:23.738+0000] {processor.py:161} INFO - Started process (PID=1150) to work on /opt/airflow/dags/e_commerce_dw_dag.py
[2026-03-25T11:19:23.739+0000] {processor.py:830} INFO - Processing file /opt/airflow/dags/e_commerce_dw_dag.py for tasks to queue
[2026-03-25T11:19:23.743+0000] {logging_mixin.py:188} INFO - [2026-03-25T11:19:23.742+0000] {dagbag.py:545} INFO - Filling up the DagBag from /opt/airflow/dags/e_commerce_dw_dag.py
[2026-03-25T11:19:23.831+0000] {processor.py:840} INFO - DAG(s) 'e_commerce_dw_etl' retrieved from /opt/airflow/dags/e_commerce_dw_dag.py
[2026-03-25T11:19:23.866+0000] {logging_mixin.py:188} INFO - [2026-03-25T11:19:23.865+0000] {dag.py:3096} INFO - Sync 1 DAGs
[2026-03-25T11:19:23.889+0000] {logging_mixin.py:188} INFO - [2026-03-25T11:19:23.888+0000] {dag.py:3954} INFO - Setting next_dagrun for e_commerce_dw_etl to 2025-08-24 00:00:00+00:00, run_after=2025-08-25 00:00:00+00:00
[2026-03-25T11:19:23.916+0000] {processor.py:183} INFO - Processing /opt/airflow/dags/e_commerce_dw_dag.py took 0.185 seconds
[2026-03-25T11:19:54.038+0000] {processor.py:161} INFO - Started process (PID=1240) to work on /opt/airflow/dags/e_commerce_dw_dag.py
[2026-03-25T11:19:54.039+0000] {processor.py:830} INFO - Processing file /opt/airflow/dags/e_commerce_dw_dag.py for tasks to queue
[2026-03-25T11:19:54.042+0000] {logging_mixin.py:188} INFO - [2026-03-25T11:19:54.042+0000] {dagbag.py:545} INFO - Filling up the DagBag from /opt/airflow/dags/e_commerce_dw_dag.py
[2026-03-25T11:19:54.121+0000] {processor.py:840} INFO - DAG(s) 'e_commerce_dw_etl' retrieved from /opt/airflow/dags/e_commerce_dw_dag.py
[2026-03-25T11:19:54.153+0000] {logging_mixin.py:188} INFO - [2026-03-25T11:19:54.152+0000] {dag.py:3096} INFO - Sync 1 DAGs
[2026-03-25T11:19:54.174+0000] {logging_mixin.py:188} INFO - [2026-03-25T11:19:54.174+0000] {dag.py:3954} INFO - Setting next_dagrun for e_commerce_dw_etl to 2025-09-25 00:00:00+00:00, run_after=2025-09-26 00:00:00+00:00
[2026-03-25T11:19:54.202+0000] {processor.py:183} INFO - Processing /opt/airflow/dags/e_commerce_dw_dag.py took 0.170 seconds
[2026-03-25T11:20:24.948+0000] {processor.py:161} INFO - Started process (PID=1333) to work on /opt/airflow/dags/e_commerce_dw_dag.py
[2026-03-25T11:20:24.950+0000] {processor.py:830} INFO - Processing file /opt/airflow/dags/e_commerce_dw_dag.py for tasks to queue
[2026-03-25T11:20:24.953+0000] {logging_mixin.py:188} INFO - [2026-03-25T11:20:24.953+0000] {dagbag.py:545} INFO - Filling up the DagBag from /opt/airflow/dags/e_commerce_dw_dag.py
[2026-03-25T11:20:25.101+0000] {processor.py:840} INFO - DAG(s) 'e_commerce_dw_etl' retrieved from /opt/airflow/dags/e_commerce_dw_dag.py
[2026-03-25T11:20:25.159+0000] {logging_mixin.py:188} INFO - [2026-03-25T11:20:25.158+0000] {dag.py:3096} INFO - Sync 1 DAGs
[2026-03-25T11:20:25.198+0000] {logging_mixin.py:188} INFO - [2026-03-25T11:20:25.197+0000] {dag.py:3954} INFO - Setting next_dagrun for e_commerce_dw_etl to 2025-11-01 00:00:00+00:00, run_after=2025-11-02 00:00:00+00:00
[2026-03-25T11:20:25.232+0000] {processor.py:183} INFO - Processing /opt/airflow/dags/e_commerce_dw_dag.py took 0.294 seconds
[2026-03-25T11:20:55.678+0000] {processor.py:161} INFO - Started process (PID=1436) to work on /opt/airflow/dags/e_commerce_dw_dag.py
[2026-03-25T11:20:55.680+0000] {processor.py:830} INFO - Processing file /opt/airflow/dags/e_commerce_dw_dag.py for tasks to queue
[2026-03-25T11:20:55.683+0000] {logging_mixin.py:188} INFO - [2026-03-25T11:20:55.682+0000] {dagbag.py:545} INFO - Filling up the DagBag from /opt/airflow/dags/e_commerce_dw_dag.py
[2026-03-25T11:20:55.832+0000] {processor.py:840} INFO - DAG(s) 'e_commerce_dw_etl' retrieved from /opt/airflow/dags/e_commerce_dw_dag.py
[2026-03-25T11:20:55.880+0000] {logging_mixin.py:188} INFO - [2026-03-25T11:20:55.880+0000] {dag.py:3096} INFO - Sync 1 DAGs
[2026-03-25T11:20:55.915+0000] {logging_mixin.py:188} INFO - [2026-03-25T11:20:55.915+0000] {dag.py:3954} INFO - Setting next_dagrun for e_commerce_dw_etl to 2025-12-09 00:00:00+00:00, run_after=2025-12-10 00:00:00+00:00
[2026-03-25T11:20:55.950+0000] {processor.py:183} INFO - Processing /opt/airflow/dags/e_commerce_dw_dag.py took 0.282 seconds
[2026-03-25T11:21:26.441+0000] {processor.py:161} INFO - Started process (PID=1534) to work on /opt/airflow/dags/e_commerce_dw_dag.py
[2026-03-25T11:21:26.443+0000] {processor.py:830} INFO - Processing file /opt/airflow/dags/e_commerce_dw_dag.py for tasks to queue
[2026-03-25T11:21:26.449+0000] {logging_mixin.py:188} INFO - [2026-03-25T11:21:26.449+0000] {dagbag.py:545} INFO - Filling up the DagBag from /opt/airflow/dags/e_commerce_dw_dag.py
[2026-03-25T11:21:26.644+0000] {processor.py:840} INFO - DAG(s) 'e_commerce_dw_etl' retrieved from /opt/airflow/dags/e_commerce_dw_dag.py
[2026-03-25T11:21:26.708+0000] {logging_mixin.py:188} INFO - [2026-03-25T11:21:26.706+0000] {dag.py:3096} INFO - Sync 1 DAGs
[2026-03-25T11:21:26.765+0000] {logging_mixin.py:188} INFO - [2026-03-25T11:21:26.765+0000] {dag.py:3954} INFO - Setting next_dagrun for e_commerce_dw_etl to 2026-01-14 00:00:00+00:00, run_after=2026-01-15 00:00:00+00:00
[2026-03-25T11:21:26.812+0000] {processor.py:183} INFO - Processing /opt/airflow/dags/e_commerce_dw_dag.py took 0.386 seconds
[2026-03-25T11:21:57.773+0000] {processor.py:161} INFO - Started process (PID=1628) to work on /opt/airflow/dags/e_commerce_dw_dag.py
[2026-03-25T11:21:57.775+0000] {processor.py:830} INFO - Processing file /opt/airflow/dags/e_commerce_dw_dag.py for tasks to queue
[2026-03-25T11:21:57.779+0000] {logging_mixin.py:188} INFO - [2026-03-25T11:21:57.778+0000] {dagbag.py:545} INFO - Filling up the DagBag from /opt/airflow/dags/e_commerce_dw_dag.py
[2026-03-25T11:21:57.935+0000] {processor.py:840} INFO - DAG(s) 'e_commerce_dw_etl' retrieved from /opt/airflow/dags/e_commerce_dw_dag.py
[2026-03-25T11:21:58.000+0000] {logging_mixin.py:188} INFO - [2026-03-25T11:21:57.999+0000] {dag.py:3096} INFO - Sync 1 DAGs
[2026-03-25T11:21:58.085+0000] {processor.py:183} INFO - Processing /opt/airflow/dags/e_commerce_dw_dag.py took 0.324 seconds
[2026-03-25T11:22:29.050+0000] {processor.py:161} INFO - Started process (PID=1707) to work on /opt/airflow/dags/e_commerce_dw_dag.py
[2026-03-25T11:22:29.056+0000] {processor.py:830} INFO - Processing file /opt/airflow/dags/e_commerce_dw_dag.py for tasks to queue
[2026-03-25T11:22:29.071+0000] {logging_mixin.py:188} INFO - [2026-03-25T11:22:29.069+0000] {dagbag.py:545} INFO - Filling up the DagBag from /opt/airflow/dags/e_commerce_dw_dag.py
[2026-03-25T11:22:29.569+0000] {processor.py:840} INFO - DAG(s) 'e_commerce_dw_etl' retrieved from /opt/airflow/dags/e_commerce_dw_dag.py
[2026-03-25T11:22:29.658+0000] {logging_mixin.py:188} INFO - [2026-03-25T11:22:29.658+0000] {dag.py:3096} INFO - Sync 1 DAGs
[2026-03-25T11:22:29.742+0000] {logging_mixin.py:188} INFO - [2026-03-25T11:22:29.741+0000] {dag.py:3954} INFO - Setting next_dagrun for e_commerce_dw_etl to 2026-03-16 00:00:00+00:00, run_after=2026-03-17 00:00:00+00:00
[2026-03-25T11:22:29.802+0000] {processor.py:183} INFO - Processing /opt/airflow/dags/e_commerce_dw_dag.py took 0.820 seconds
[2026-03-25T11:22:59.931+0000] {processor.py:161} INFO - Started process (PID=1758) to work on /opt/airflow/dags/e_commerce_dw_dag.py
[2026-03-25T11:22:59.933+0000] {processor.py:830} INFO - Processing file /opt/airflow/dags/e_commerce_dw_dag.py for tasks to queue
[2026-03-25T11:22:59.937+0000] {logging_mixin.py:188} INFO - [2026-03-25T11:22:59.936+0000] {dagbag.py:545} INFO - Filling up the DagBag from /opt/airflow/dags/e_commerce_dw_dag.py
[2026-03-25T11:23:00.072+0000] {processor.py:840} INFO - DAG(s) 'e_commerce_dw_etl' retrieved from /opt/airflow/dags/e_commerce_dw_dag.py
[2026-03-25T11:23:00.112+0000] {logging_mixin.py:188} INFO - [2026-03-25T11:23:00.112+0000] {dag.py:3096} INFO - Sync 1 DAGs
[2026-03-25T11:23:00.147+0000] {logging_mixin.py:188} INFO - [2026-03-25T11:23:00.147+0000] {dag.py:3954} INFO - Setting next_dagrun for e_commerce_dw_etl to 2026-03-25 00:00:00+00:00, run_after=2026-03-26 00:00:00+00:00
[2026-03-25T11:23:00.180+0000] {processor.py:183} INFO - Processing /opt/airflow/dags/e_commerce_dw_dag.py took 0.258 seconds
[2026-03-25T11:23:30.924+0000] {processor.py:161} INFO - Started process (PID=1785) to work on /opt/airflow/dags/e_commerce_dw_dag.py
[2026-03-25T11:23:30.926+0000] {processor.py:830} INFO - Processing file /opt/airflow/dags/e_commerce_dw_dag.py for tasks to queue
[2026-03-25T11:23:30.929+0000] {logging_mixin.py:188} INFO - [2026-03-25T11:23:30.928+0000] {dagbag.py:545} INFO - Filling up the DagBag from /opt/airflow/dags/e_commerce_dw_dag.py
[2026-03-25T11:23:31.031+0000] {processor.py:840} INFO - DAG(s) 'e_commerce_dw_etl' retrieved from /opt/airflow/dags/e_commerce_dw_dag.py
[2026-03-25T11:23:31.072+0000] {logging_mixin.py:188} INFO - [2026-03-25T11:23:31.072+0000] {dag.py:3096} INFO - Sync 1 DAGs
[2026-03-25T11:23:31.098+0000] {logging_mixin.py:188} INFO - [2026-03-25T11:23:31.097+0000] {dag.py:3954} INFO - Setting next_dagrun for e_commerce_dw_etl to 2026-03-25 00:00:00+00:00, run_after=2026-03-26 00:00:00+00:00
[2026-03-25T11:23:31.125+0000] {processor.py:183} INFO - Processing /opt/airflow/dags/e_commerce_dw_dag.py took 0.209 seconds
[2026-03-25T11:24:01.840+0000] {processor.py:161} INFO - Started process (PID=1811) to work on /opt/airflow/dags/e_commerce_dw_dag.py
[2026-03-25T11:24:01.842+0000] {processor.py:830} INFO - Processing file /opt/airflow/dags/e_commerce_dw_dag.py for tasks to queue
[2026-03-25T11:24:01.845+0000] {logging_mixin.py:188} INFO - [2026-03-25T11:24:01.845+0000] {dagbag.py:545} INFO - Filling up the DagBag from /opt/airflow/dags/e_commerce_dw_dag.py
[2026-03-25T11:24:02.006+0000] {processor.py:840} INFO - DAG(s) 'e_commerce_dw_etl' retrieved from /opt/airflow/dags/e_commerce_dw_dag.py
[2026-03-25T11:24:02.039+0000] {logging_mixin.py:188} INFO - [2026-03-25T11:24:02.039+0000] {dag.py:3096} INFO - Sync 1 DAGs
[2026-03-25T11:24:02.063+0000] {logging_mixin.py:188} INFO - [2026-03-25T11:24:02.063+0000] {dag.py:3954} INFO - Setting next_dagrun for e_commerce_dw_etl to 2026-03-25 00:00:00+00:00, run_after=2026-03-26 00:00:00+00:00
[2026-03-25T11:24:02.093+0000] {processor.py:183} INFO - Processing /opt/airflow/dags/e_commerce_dw_dag.py took 0.259 seconds
[2026-03-25T11:24:32.725+0000] {processor.py:161} INFO - Started process (PID=1837) to work on /opt/airflow/dags/e_commerce_dw_dag.py
[2026-03-25T11:24:32.727+0000] {processor.py:830} INFO - Processing file /opt/airflow/dags/e_commerce_dw_dag.py for tasks to queue
[2026-03-25T11:24:32.729+0000] {logging_mixin.py:188} INFO - [2026-03-25T11:24:32.729+0000] {dagbag.py:545} INFO - Filling up the DagBag from /opt/airflow/dags/e_commerce_dw_dag.py
[2026-03-25T11:24:32.829+0000] {processor.py:840} INFO - DAG(s) 'e_commerce_dw_etl' retrieved from /opt/airflow/dags/e_commerce_dw_dag.py
[2026-03-25T11:24:32.862+0000] {logging_mixin.py:188} INFO - [2026-03-25T11:24:32.861+0000] {dag.py:3096} INFO - Sync 1 DAGs
[2026-03-25T11:24:32.886+0000] {logging_mixin.py:188} INFO - [2026-03-25T11:24:32.886+0000] {dag.py:3954} INFO - Setting next_dagrun for e_commerce_dw_etl to 2026-03-25 00:00:00+00:00, run_after=2026-03-26 00:00:00+00:00
[2026-03-25T11:24:32.911+0000] {processor.py:183} INFO - Processing /opt/airflow/dags/e_commerce_dw_dag.py took 0.195 seconds
[2026-03-25T11:25:03.481+0000] {processor.py:161} INFO - Started process (PID=1863) to work on /opt/airflow/dags/e_commerce_dw_dag.py
[2026-03-25T11:25:03.482+0000] {processor.py:830} INFO - Processing file /opt/airflow/dags/e_commerce_dw_dag.py for tasks to queue
[2026-03-25T11:25:03.485+0000] {logging_mixin.py:188} INFO - [2026-03-25T11:25:03.485+0000] {dagbag.py:545} INFO - Filling up the DagBag from /opt/airflow/dags/e_commerce_dw_dag.py
[2026-03-25T11:25:03.570+0000] {processor.py:840} INFO - DAG(s) 'e_commerce_dw_etl' retrieved from /opt/airflow/dags/e_commerce_dw_dag.py
[2026-03-25T11:25:03.611+0000] {logging_mixin.py:188} INFO - [2026-03-25T11:25:03.610+0000] {dag.py:3096} INFO - Sync 1 DAGs
[2026-03-25T11:25:03.635+0000] {logging_mixin.py:188} INFO - [2026-03-25T11:25:03.635+0000] {dag.py:3954} INFO - Setting next_dagrun for e_commerce_dw_etl to 2026-03-25 00:00:00+00:00, run_after=2026-03-26 00:00:00+00:00
[2026-03-25T11:25:03.665+0000] {processor.py:183} INFO - Processing /opt/airflow/dags/e_commerce_dw_dag.py took 0.191 seconds
[2026-03-25T11:25:34.399+0000] {processor.py:161} INFO - Started process (PID=1889) to work on /opt/airflow/dags/e_commerce_dw_dag.py
[2026-03-25T11:25:34.401+0000] {processor.py:830} INFO - Processing file /opt/airflow/dags/e_commerce_dw_dag.py for tasks to queue
[2026-03-25T11:25:34.405+0000] {logging_mixin.py:188} INFO - [2026-03-25T11:25:34.405+0000] {dagbag.py:545} INFO - Filling up the DagBag from /opt/airflow/dags/e_commerce_dw_dag.py
[2026-03-25T11:25:34.491+0000] {processor.py:840} INFO - DAG(s) 'e_commerce_dw_etl' retrieved from /opt/airflow/dags/e_commerce_dw_dag.py
[2026-03-25T11:25:34.523+0000] {logging_mixin.py:188} INFO - [2026-03-25T11:25:34.523+0000] {dag.py:3096} INFO - Sync 1 DAGs
[2026-03-25T11:25:34.544+0000] {logging_mixin.py:188} INFO - [2026-03-25T11:25:34.543+0000] {dag.py:3954} INFO - Setting next_dagrun for e_commerce_dw_etl to 2026-03-25 00:00:00+00:00, run_after=2026-03-26 00:00:00+00:00
[2026-03-25T11:25:34.573+0000] {processor.py:183} INFO - Processing /opt/airflow/dags/e_commerce_dw_dag.py took 0.181 seconds
[2026-03-25T11:29:56.851+0000] {processor.py:161} INFO - Started process (PID=185) to work on /opt/airflow/dags/e_commerce_dw_dag.py
[2026-03-25T11:29:56.859+0000] {processor.py:830} INFO - Processing file /opt/airflow/dags/e_commerce_dw_dag.py for tasks to queue
[2026-03-25T11:29:56.878+0000] {logging_mixin.py:188} INFO - [2026-03-25T11:29:56.878+0000] {dagbag.py:545} INFO - Filling up the DagBag from /opt/airflow/dags/e_commerce_dw_dag.py
[2026-03-25T11:29:57.145+0000] {processor.py:840} INFO - DAG(s) 'e_commerce_dw_etl' retrieved from /opt/airflow/dags/e_commerce_dw_dag.py
[2026-03-25T11:29:57.626+0000] {logging_mixin.py:188} INFO - [2026-03-25T11:29:57.625+0000] {override.py:1829} INFO - Created Permission View: can edit on DAG:e_commerce_dw_etl
[2026-03-25T11:29:57.641+0000] {logging_mixin.py:188} INFO - [2026-03-25T11:29:57.640+0000] {override.py:1829} INFO - Created Permission View: can read on DAG:e_commerce_dw_etl
[2026-03-25T11:29:57.651+0000] {logging_mixin.py:188} INFO - [2026-03-25T11:29:57.651+0000] {override.py:1829} INFO - Created Permission View: can delete on DAG:e_commerce_dw_etl
[2026-03-25T11:29:57.652+0000] {logging_mixin.py:188} INFO - [2026-03-25T11:29:57.652+0000] {dag.py:3096} INFO - Sync 1 DAGs
[2026-03-25T11:29:57.672+0000] {logging_mixin.py:188} INFO - [2026-03-25T11:29:57.672+0000] {dag.py:3118} INFO - Creating ORM DAG for e_commerce_dw_etl
[2026-03-25T11:29:57.690+0000] {logging_mixin.py:188} INFO - [2026-03-25T11:29:57.690+0000] {dag.py:3954} INFO - Setting next_dagrun for e_commerce_dw_etl to 2024-10-26 00:00:00+00:00, run_after=2024-10-27 00:00:00+00:00
[2026-03-25T11:29:57.722+0000] {processor.py:183} INFO - Processing /opt/airflow/dags/e_commerce_dw_dag.py took 0.901 seconds
[2026-03-25T11:30:28.696+0000] {processor.py:161} INFO - Started process (PID=229) to work on /opt/airflow/dags/e_commerce_dw_dag.py
[2026-03-25T11:30:28.698+0000] {processor.py:830} INFO - Processing file /opt/airflow/dags/e_commerce_dw_dag.py for tasks to queue
[2026-03-25T11:30:28.702+0000] {logging_mixin.py:188} INFO - [2026-03-25T11:30:28.701+0000] {dagbag.py:545} INFO - Filling up the DagBag from /opt/airflow/dags/e_commerce_dw_dag.py
[2026-03-25T11:30:28.829+0000] {processor.py:840} INFO - DAG(s) 'e_commerce_dw_etl' retrieved from /opt/airflow/dags/e_commerce_dw_dag.py
[2026-03-25T11:30:28.885+0000] {logging_mixin.py:188} INFO - [2026-03-25T11:30:28.884+0000] {dag.py:3096} INFO - Sync 1 DAGs
[2026-03-25T11:30:28.917+0000] {logging_mixin.py:188} INFO - [2026-03-25T11:30:28.916+0000] {dag.py:3954} INFO - Setting next_dagrun for e_commerce_dw_etl to 2024-10-26 00:00:00+00:00, run_after=2024-10-27 00:00:00+00:00
[2026-03-25T11:30:28.937+0000] {processor.py:183} INFO - Processing /opt/airflow/dags/e_commerce_dw_dag.py took 0.250 seconds
[2026-03-25T11:30:59.559+0000] {processor.py:161} INFO - Started process (PID=256) to work on /opt/airflow/dags/e_commerce_dw_dag.py
[2026-03-25T11:30:59.560+0000] {processor.py:830} INFO - Processing file /opt/airflow/dags/e_commerce_dw_dag.py for tasks to queue
[2026-03-25T11:30:59.563+0000] {logging_mixin.py:188} INFO - [2026-03-25T11:30:59.562+0000] {dagbag.py:545} INFO - Filling up the DagBag from /opt/airflow/dags/e_commerce_dw_dag.py
[2026-03-25T11:30:59.641+0000] {processor.py:840} INFO - DAG(s) 'e_commerce_dw_etl' retrieved from /opt/airflow/dags/e_commerce_dw_dag.py
[2026-03-25T11:30:59.676+0000] {logging_mixin.py:188} INFO - [2026-03-25T11:30:59.676+0000] {dag.py:3096} INFO - Sync 1 DAGs
[2026-03-25T11:30:59.699+0000] {logging_mixin.py:188} INFO - [2026-03-25T11:30:59.698+0000] {dag.py:3954} INFO - Setting next_dagrun for e_commerce_dw_etl to 2024-10-26 00:00:00+00:00, run_after=2024-10-27 00:00:00+00:00
[2026-03-25T11:30:59.721+0000] {processor.py:183} INFO - Processing /opt/airflow/dags/e_commerce_dw_dag.py took 0.169 seconds
[2026-03-25T11:31:30.308+0000] {processor.py:161} INFO - Started process (PID=283) to work on /opt/airflow/dags/e_commerce_dw_dag.py
[2026-03-25T11:31:30.310+0000] {processor.py:830} INFO - Processing file /opt/airflow/dags/e_commerce_dw_dag.py for tasks to queue
[2026-03-25T11:31:30.313+0000] {logging_mixin.py:188} INFO - [2026-03-25T11:31:30.312+0000] {dagbag.py:545} INFO - Filling up the DagBag from /opt/airflow/dags/e_commerce_dw_dag.py
[2026-03-25T11:31:30.377+0000] {processor.py:840} INFO - DAG(s) 'e_commerce_dw_etl' retrieved from /opt/airflow/dags/e_commerce_dw_dag.py
[2026-03-25T11:31:30.409+0000] {logging_mixin.py:188} INFO - [2026-03-25T11:31:30.409+0000] {dag.py:3096} INFO - Sync 1 DAGs
[2026-03-25T11:31:30.432+0000] {logging_mixin.py:188} INFO - [2026-03-25T11:31:30.432+0000] {dag.py:3954} INFO - Setting next_dagrun for e_commerce_dw_etl to 2024-10-26 00:00:00+00:00, run_after=2024-10-27 00:00:00+00:00
[2026-03-25T11:31:30.454+0000] {processor.py:183} INFO - Processing /opt/airflow/dags/e_commerce_dw_dag.py took 0.153 seconds
[2026-03-25T11:32:01.104+0000] {processor.py:161} INFO - Started process (PID=310) to work on /opt/airflow/dags/e_commerce_dw_dag.py
[2026-03-25T11:32:01.107+0000] {processor.py:830} INFO - Processing file /opt/airflow/dags/e_commerce_dw_dag.py for tasks to queue
[2026-03-25T11:32:01.111+0000] {logging_mixin.py:188} INFO - [2026-03-25T11:32:01.110+0000] {dagbag.py:545} INFO - Filling up the DagBag from /opt/airflow/dags/e_commerce_dw_dag.py
[2026-03-25T11:32:01.231+0000] {processor.py:840} INFO - DAG(s) 'e_commerce_dw_etl' retrieved from /opt/airflow/dags/e_commerce_dw_dag.py
[2026-03-25T11:32:01.275+0000] {logging_mixin.py:188} INFO - [2026-03-25T11:32:01.275+0000] {dag.py:3096} INFO - Sync 1 DAGs
[2026-03-25T11:32:01.298+0000] {logging_mixin.py:188} INFO - [2026-03-25T11:32:01.297+0000] {dag.py:3954} INFO - Setting next_dagrun for e_commerce_dw_etl to 2024-10-26 00:00:00+00:00, run_after=2024-10-27 00:00:00+00:00
[2026-03-25T11:32:01.326+0000] {processor.py:183} INFO - Processing /opt/airflow/dags/e_commerce_dw_dag.py took 0.231 seconds
[2026-03-25T11:32:31.931+0000] {processor.py:161} INFO - Started process (PID=338) to work on /opt/airflow/dags/e_commerce_dw_dag.py
[2026-03-25T11:32:31.932+0000] {processor.py:830} INFO - Processing file /opt/airflow/dags/e_commerce_dw_dag.py for tasks to queue
[2026-03-25T11:32:31.934+0000] {logging_mixin.py:188} INFO - [2026-03-25T11:32:31.933+0000] {dagbag.py:545} INFO - Filling up the DagBag from /opt/airflow/dags/e_commerce_dw_dag.py
[2026-03-25T11:32:31.994+0000] {processor.py:840} INFO - DAG(s) 'e_commerce_dw_etl' retrieved from /opt/airflow/dags/e_commerce_dw_dag.py
[2026-03-25T11:32:32.033+0000] {logging_mixin.py:188} INFO - [2026-03-25T11:32:32.033+0000] {dag.py:3096} INFO - Sync 1 DAGs
[2026-03-25T11:32:32.056+0000] {logging_mixin.py:188} INFO - [2026-03-25T11:32:32.056+0000] {dag.py:3954} INFO - Setting next_dagrun for e_commerce_dw_etl to 2024-10-26 00:00:00+00:00, run_after=2024-10-27 00:00:00+00:00
[2026-03-25T11:32:32.080+0000] {processor.py:183} INFO - Processing /opt/airflow/dags/e_commerce_dw_dag.py took 0.155 seconds
[2026-03-25T11:33:02.655+0000] {processor.py:161} INFO - Started process (PID=364) to work on /opt/airflow/dags/e_commerce_dw_dag.py
[2026-03-25T11:33:02.656+0000] {processor.py:830} INFO - Processing file /opt/airflow/dags/e_commerce_dw_dag.py for tasks to queue
[2026-03-25T11:33:02.660+0000] {logging_mixin.py:188} INFO - [2026-03-25T11:33:02.660+0000] {dagbag.py:545} INFO - Filling up the DagBag from /opt/airflow/dags/e_commerce_dw_dag.py
[2026-03-25T11:33:02.742+0000] {processor.py:840} INFO - DAG(s) 'e_commerce_dw_etl' retrieved from /opt/airflow/dags/e_commerce_dw_dag.py
[2026-03-25T11:33:02.780+0000] {logging_mixin.py:188} INFO - [2026-03-25T11:33:02.779+0000] {dag.py:3096} INFO - Sync 1 DAGs
[2026-03-25T11:33:02.805+0000] {logging_mixin.py:188} INFO - [2026-03-25T11:33:02.805+0000] {dag.py:3954} INFO - Setting next_dagrun for e_commerce_dw_etl to 2024-10-26 00:00:00+00:00, run_after=2024-10-27 00:00:00+00:00
[2026-03-25T11:33:02.830+0000] {processor.py:183} INFO - Processing /opt/airflow/dags/e_commerce_dw_dag.py took 0.183 seconds
[2026-03-25T11:33:33.459+0000] {processor.py:161} INFO - Started process (PID=390) to work on /opt/airflow/dags/e_commerce_dw_dag.py
[2026-03-25T11:33:33.461+0000] {processor.py:830} INFO - Processing file /opt/airflow/dags/e_commerce_dw_dag.py for tasks to queue
[2026-03-25T11:33:33.463+0000] {logging_mixin.py:188} INFO - [2026-03-25T11:33:33.463+0000] {dagbag.py:545} INFO - Filling up the DagBag from /opt/airflow/dags/e_commerce_dw_dag.py
[2026-03-25T11:33:33.539+0000] {processor.py:840} INFO - DAG(s) 'e_commerce_dw_etl' retrieved from /opt/airflow/dags/e_commerce_dw_dag.py
[2026-03-25T11:33:33.577+0000] {logging_mixin.py:188} INFO - [2026-03-25T11:33:33.576+0000] {dag.py:3096} INFO - Sync 1 DAGs
[2026-03-25T11:33:33.602+0000] {logging_mixin.py:188} INFO - [2026-03-25T11:33:33.601+0000] {dag.py:3954} INFO - Setting next_dagrun for e_commerce_dw_etl to 2024-10-26 00:00:00+00:00, run_after=2024-10-27 00:00:00+00:00
[2026-03-25T11:33:33.624+0000] {processor.py:183} INFO - Processing /opt/airflow/dags/e_commerce_dw_dag.py took 0.172 seconds
[2026-03-25T11:34:04.155+0000] {processor.py:161} INFO - Started process (PID=416) to work on /opt/airflow/dags/e_commerce_dw_dag.py
[2026-03-25T11:34:04.156+0000] {processor.py:830} INFO - Processing file /opt/airflow/dags/e_commerce_dw_dag.py for tasks to queue
[2026-03-25T11:34:04.159+0000] {logging_mixin.py:188} INFO - [2026-03-25T11:34:04.159+0000] {dagbag.py:545} INFO - Filling up the DagBag from /opt/airflow/dags/e_commerce_dw_dag.py
[2026-03-25T11:34:04.241+0000] {processor.py:840} INFO - DAG(s) 'e_commerce_dw_etl' retrieved from /opt/airflow/dags/e_commerce_dw_dag.py
[2026-03-25T11:34:04.277+0000] {logging_mixin.py:188} INFO - [2026-03-25T11:34:04.277+0000] {dag.py:3096} INFO - Sync 1 DAGs
[2026-03-25T11:34:04.299+0000] {logging_mixin.py:188} INFO - [2026-03-25T11:34:04.298+0000] {dag.py:3954} INFO - Setting next_dagrun for e_commerce_dw_etl to 2024-10-26 00:00:00+00:00, run_after=2024-10-27 00:00:00+00:00
[2026-03-25T11:34:04.322+0000] {processor.py:183} INFO - Processing /opt/airflow/dags/e_commerce_dw_dag.py took 0.177 seconds
[2026-03-25T11:34:34.981+0000] {processor.py:161} INFO - Started process (PID=442) to work on /opt/airflow/dags/e_commerce_dw_dag.py
[2026-03-25T11:34:34.982+0000] {processor.py:830} INFO - Processing file /opt/airflow/dags/e_commerce_dw_dag.py for tasks to queue
[2026-03-25T11:34:34.984+0000] {logging_mixin.py:188} INFO - [2026-03-25T11:34:34.984+0000] {dagbag.py:545} INFO - Filling up the DagBag from /opt/airflow/dags/e_commerce_dw_dag.py
[2026-03-25T11:34:35.065+0000] {processor.py:840} INFO - DAG(s) 'e_commerce_dw_etl' retrieved from /opt/airflow/dags/e_commerce_dw_dag.py
[2026-03-25T11:34:35.100+0000] {logging_mixin.py:188} INFO - [2026-03-25T11:34:35.099+0000] {dag.py:3096} INFO - Sync 1 DAGs
[2026-03-25T11:34:35.121+0000] {logging_mixin.py:188} INFO - [2026-03-25T11:34:35.121+0000] {dag.py:3954} INFO - Setting next_dagrun for e_commerce_dw_etl to 2024-10-26 00:00:00+00:00, run_after=2024-10-27 00:00:00+00:00
[2026-03-25T11:34:35.147+0000] {processor.py:183} INFO - Processing /opt/airflow/dags/e_commerce_dw_dag.py took 0.172 seconds
[2026-03-25T11:35:05.913+0000] {processor.py:161} INFO - Started process (PID=468) to work on /opt/airflow/dags/e_commerce_dw_dag.py
[2026-03-25T11:35:05.914+0000] {processor.py:830} INFO - Processing file /opt/airflow/dags/e_commerce_dw_dag.py for tasks to queue
[2026-03-25T11:35:05.916+0000] {logging_mixin.py:188} INFO - [2026-03-25T11:35:05.916+0000] {dagbag.py:545} INFO - Filling up the DagBag from /opt/airflow/dags/e_commerce_dw_dag.py
[2026-03-25T11:35:05.979+0000] {processor.py:840} INFO - DAG(s) 'e_commerce_dw_etl' retrieved from /opt/airflow/dags/e_commerce_dw_dag.py
[2026-03-25T11:35:06.013+0000] {logging_mixin.py:188} INFO - [2026-03-25T11:35:06.013+0000] {dag.py:3096} INFO - Sync 1 DAGs
[2026-03-25T11:35:06.036+0000] {logging_mixin.py:188} INFO - [2026-03-25T11:35:06.036+0000] {dag.py:3954} INFO - Setting next_dagrun for e_commerce_dw_etl to 2024-10-26 00:00:00+00:00, run_after=2024-10-27 00:00:00+00:00
[2026-03-25T11:35:06.060+0000] {processor.py:183} INFO - Processing /opt/airflow/dags/e_commerce_dw_dag.py took 0.155 seconds
[2026-03-25T11:35:36.665+0000] {processor.py:161} INFO - Started process (PID=494) to work on /opt/airflow/dags/e_commerce_dw_dag.py
[2026-03-25T11:35:36.666+0000] {processor.py:830} INFO - Processing file /opt/airflow/dags/e_commerce_dw_dag.py for tasks to queue
[2026-03-25T11:35:36.673+0000] {logging_mixin.py:188} INFO - [2026-03-25T11:35:36.672+0000] {dagbag.py:545} INFO - Filling up the DagBag from /opt/airflow/dags/e_commerce_dw_dag.py
[2026-03-25T11:35:36.787+0000] {processor.py:840} INFO - DAG(s) 'e_commerce_dw_etl' retrieved from /opt/airflow/dags/e_commerce_dw_dag.py
[2026-03-25T11:35:36.821+0000] {logging_mixin.py:188} INFO - [2026-03-25T11:35:36.821+0000] {dag.py:3096} INFO - Sync 1 DAGs
[2026-03-25T11:35:36.845+0000] {logging_mixin.py:188} INFO - [2026-03-25T11:35:36.845+0000] {dag.py:3954} INFO - Setting next_dagrun for e_commerce_dw_etl to 2024-10-26 00:00:00+00:00, run_after=2024-10-27 00:00:00+00:00
[2026-03-25T11:35:36.871+0000] {processor.py:183} INFO - Processing /opt/airflow/dags/e_commerce_dw_dag.py took 0.213 seconds
[2026-03-25T11:36:07.541+0000] {processor.py:161} INFO - Started process (PID=520) to work on /opt/airflow/dags/e_commerce_dw_dag.py
[2026-03-25T11:36:07.542+0000] {processor.py:830} INFO - Processing file /opt/airflow/dags/e_commerce_dw_dag.py for tasks to queue
[2026-03-25T11:36:07.545+0000] {logging_mixin.py:188} INFO - [2026-03-25T11:36:07.545+0000] {dagbag.py:545} INFO - Filling up the DagBag from /opt/airflow/dags/e_commerce_dw_dag.py
[2026-03-25T11:36:07.611+0000] {processor.py:840} INFO - DAG(s) 'e_commerce_dw_etl' retrieved from /opt/airflow/dags/e_commerce_dw_dag.py
[2026-03-25T11:36:07.653+0000] {logging_mixin.py:188} INFO - [2026-03-25T11:36:07.652+0000] {dag.py:3096} INFO - Sync 1 DAGs
[2026-03-25T11:36:07.690+0000] {logging_mixin.py:188} INFO - [2026-03-25T11:36:07.690+0000] {dag.py:3954} INFO - Setting next_dagrun for e_commerce_dw_etl to 2024-10-26 00:00:00+00:00, run_after=2024-10-27 00:00:00+00:00
[2026-03-25T11:36:07.727+0000] {processor.py:183} INFO - Processing /opt/airflow/dags/e_commerce_dw_dag.py took 0.193 seconds
[2026-03-25T11:36:38.239+0000] {processor.py:161} INFO - Started process (PID=546) to work on /opt/airflow/dags/e_commerce_dw_dag.py
[2026-03-25T11:36:38.240+0000] {processor.py:830} INFO - Processing file /opt/airflow/dags/e_commerce_dw_dag.py for tasks to queue
[2026-03-25T11:36:38.242+0000] {logging_mixin.py:188} INFO - [2026-03-25T11:36:38.241+0000] {dagbag.py:545} INFO - Filling up the DagBag from /opt/airflow/dags/e_commerce_dw_dag.py
[2026-03-25T11:36:38.333+0000] {processor.py:840} INFO - DAG(s) 'e_commerce_dw_etl' retrieved from /opt/airflow/dags/e_commerce_dw_dag.py
[2026-03-25T11:36:38.367+0000] {logging_mixin.py:188} INFO - [2026-03-25T11:36:38.367+0000] {dag.py:3096} INFO - Sync 1 DAGs
[2026-03-25T11:36:38.392+0000] {logging_mixin.py:188} INFO - [2026-03-25T11:36:38.392+0000] {dag.py:3954} INFO - Setting next_dagrun for e_commerce_dw_etl to 2024-10-26 00:00:00+00:00, run_after=2024-10-27 00:00:00+00:00
[2026-03-25T11:36:38.423+0000] {processor.py:183} INFO - Processing /opt/airflow/dags/e_commerce_dw_dag.py took 0.190 seconds
[2026-03-25T11:37:09.055+0000] {processor.py:161} INFO - Started process (PID=572) to work on /opt/airflow/dags/e_commerce_dw_dag.py
[2026-03-25T11:37:09.057+0000] {processor.py:830} INFO - Processing file /opt/airflow/dags/e_commerce_dw_dag.py for tasks to queue
[2026-03-25T11:37:09.061+0000] {logging_mixin.py:188} INFO - [2026-03-25T11:37:09.061+0000] {dagbag.py:545} INFO - Filling up the DagBag from /opt/airflow/dags/e_commerce_dw_dag.py
[2026-03-25T11:37:09.176+0000] {processor.py:840} INFO - DAG(s) 'e_commerce_dw_etl' retrieved from /opt/airflow/dags/e_commerce_dw_dag.py
[2026-03-25T11:37:09.211+0000] {logging_mixin.py:188} INFO - [2026-03-25T11:37:09.210+0000] {dag.py:3096} INFO - Sync 1 DAGs
[2026-03-25T11:37:09.236+0000] {logging_mixin.py:188} INFO - [2026-03-25T11:37:09.236+0000] {dag.py:3954} INFO - Setting next_dagrun for e_commerce_dw_etl to 2024-10-26 00:00:00+00:00, run_after=2024-10-27 00:00:00+00:00
[2026-03-25T11:37:09.260+0000] {processor.py:183} INFO - Processing /opt/airflow/dags/e_commerce_dw_dag.py took 0.215 seconds
[2026-03-25T11:38:32.477+0000] {processor.py:161} INFO - Started process (PID=185) to work on /opt/airflow/dags/e_commerce_dw_dag.py
[2026-03-25T11:38:32.485+0000] {processor.py:830} INFO - Processing file /opt/airflow/dags/e_commerce_dw_dag.py for tasks to queue
[2026-03-25T11:38:32.489+0000] {logging_mixin.py:188} INFO - [2026-03-25T11:38:32.487+0000] {dagbag.py:545} INFO - Filling up the DagBag from /opt/airflow/dags/e_commerce_dw_dag.py
[2026-03-25T11:38:32.660+0000] {processor.py:840} INFO - DAG(s) 'e_commerce_dw_etl' retrieved from /opt/airflow/dags/e_commerce_dw_dag.py
[2026-03-25T11:38:32.982+0000] {logging_mixin.py:188} INFO - [2026-03-25T11:38:32.981+0000] {override.py:1829} INFO - Created Permission View: can delete on DAG:e_commerce_dw_etl
[2026-03-25T11:38:33.012+0000] {logging_mixin.py:188} INFO - [2026-03-25T11:38:33.011+0000] {override.py:1829} INFO - Created Permission View: can read on DAG:e_commerce_dw_etl
[2026-03-25T11:38:33.028+0000] {logging_mixin.py:188} INFO - [2026-03-25T11:38:33.028+0000] {override.py:1829} INFO - Created Permission View: can edit on DAG:e_commerce_dw_etl
[2026-03-25T11:38:33.029+0000] {logging_mixin.py:188} INFO - [2026-03-25T11:38:33.029+0000] {dag.py:3096} INFO - Sync 1 DAGs
[2026-03-25T11:38:33.051+0000] {logging_mixin.py:188} INFO - [2026-03-25T11:38:33.050+0000] {dag.py:3118} INFO - Creating ORM DAG for e_commerce_dw_etl
[2026-03-25T11:38:33.071+0000] {logging_mixin.py:188} INFO - [2026-03-25T11:38:33.071+0000] {dag.py:3954} INFO - Setting next_dagrun for e_commerce_dw_etl to 2024-10-26 00:00:00+00:00, run_after=2024-10-27 00:00:00+00:00
[2026-03-25T11:38:33.111+0000] {processor.py:183} INFO - Processing /opt/airflow/dags/e_commerce_dw_dag.py took 0.661 seconds
[2026-03-25T11:39:04.071+0000] {processor.py:161} INFO - Started process (PID=222) to work on /opt/airflow/dags/e_commerce_dw_dag.py
[2026-03-25T11:39:04.082+0000] {processor.py:830} INFO - Processing file /opt/airflow/dags/e_commerce_dw_dag.py for tasks to queue
[2026-03-25T11:39:04.089+0000] {logging_mixin.py:188} INFO - [2026-03-25T11:39:04.088+0000] {dagbag.py:545} INFO - Filling up the DagBag from /opt/airflow/dags/e_commerce_dw_dag.py
[2026-03-25T11:39:04.498+0000] {processor.py:840} INFO - DAG(s) 'e_commerce_dw_etl' retrieved from /opt/airflow/dags/e_commerce_dw_dag.py
[2026-03-25T11:39:04.656+0000] {logging_mixin.py:188} INFO - [2026-03-25T11:39:04.647+0000] {dag.py:3096} INFO - Sync 1 DAGs
[2026-03-25T11:39:04.738+0000] {logging_mixin.py:188} INFO - [2026-03-25T11:39:04.737+0000] {dag.py:3954} INFO - Setting next_dagrun for e_commerce_dw_etl to 2024-10-27 00:00:00+00:00, run_after=2024-10-28 00:00:00+00:00
[2026-03-25T11:39:04.834+0000] {processor.py:183} INFO - Processing /opt/airflow/dags/e_commerce_dw_dag.py took 0.785 seconds
[2026-03-25T11:39:34.943+0000] {processor.py:161} INFO - Started process (PID=354) to work on /opt/airflow/dags/e_commerce_dw_dag.py
[2026-03-25T11:39:34.948+0000] {processor.py:830} INFO - Processing file /opt/airflow/dags/e_commerce_dw_dag.py for tasks to queue
[2026-03-25T11:39:34.951+0000] {logging_mixin.py:188} INFO - [2026-03-25T11:39:34.950+0000] {dagbag.py:545} INFO - Filling up the DagBag from /opt/airflow/dags/e_commerce_dw_dag.py
[2026-03-25T11:39:35.026+0000] {processor.py:840} INFO - DAG(s) 'e_commerce_dw_etl' retrieved from /opt/airflow/dags/e_commerce_dw_dag.py
[2026-03-25T11:39:35.060+0000] {logging_mixin.py:188} INFO - [2026-03-25T11:39:35.060+0000] {dag.py:3096} INFO - Sync 1 DAGs
[2026-03-25T11:39:35.084+0000] {logging_mixin.py:188} INFO - [2026-03-25T11:39:35.083+0000] {dag.py:3954} INFO - Setting next_dagrun for e_commerce_dw_etl to 2024-12-17 00:00:00+00:00, run_after=2024-12-18 00:00:00+00:00
[2026-03-25T11:39:35.109+0000] {processor.py:183} INFO - Processing /opt/airflow/dags/e_commerce_dw_dag.py took 0.172 seconds
[2026-03-25T11:40:05.511+0000] {processor.py:161} INFO - Started process (PID=468) to work on /opt/airflow/dags/e_commerce_dw_dag.py
[2026-03-25T11:40:05.513+0000] {processor.py:830} INFO - Processing file /opt/airflow/dags/e_commerce_dw_dag.py for tasks to queue
[2026-03-25T11:40:05.517+0000] {logging_mixin.py:188} INFO - [2026-03-25T11:40:05.517+0000] {dagbag.py:545} INFO - Filling up the DagBag from /opt/airflow/dags/e_commerce_dw_dag.py
[2026-03-25T11:40:05.670+0000] {processor.py:840} INFO - DAG(s) 'e_commerce_dw_etl' retrieved from /opt/airflow/dags/e_commerce_dw_dag.py
[2026-03-25T11:40:05.777+0000] {logging_mixin.py:188} INFO - [2026-03-25T11:40:05.776+0000] {dag.py:3096} INFO - Sync 1 DAGs
[2026-03-25T11:40:05.845+0000] {logging_mixin.py:188} INFO - [2026-03-25T11:40:05.844+0000] {dag.py:3954} INFO - Setting next_dagrun for e_commerce_dw_etl to 2025-01-30 00:00:00+00:00, run_after=2025-01-31 00:00:00+00:00
[2026-03-25T11:40:05.889+0000] {processor.py:183} INFO - Processing /opt/airflow/dags/e_commerce_dw_dag.py took 0.394 seconds
[2026-03-25T11:40:36.142+0000] {processor.py:161} INFO - Started process (PID=558) to work on /opt/airflow/dags/e_commerce_dw_dag.py
[2026-03-25T11:40:36.144+0000] {processor.py:830} INFO - Processing file /opt/airflow/dags/e_commerce_dw_dag.py for tasks to queue
[2026-03-25T11:40:36.149+0000] {logging_mixin.py:188} INFO - [2026-03-25T11:40:36.148+0000] {dagbag.py:545} INFO - Filling up the DagBag from /opt/airflow/dags/e_commerce_dw_dag.py
[2026-03-25T11:40:36.251+0000] {processor.py:840} INFO - DAG(s) 'e_commerce_dw_etl' retrieved from /opt/airflow/dags/e_commerce_dw_dag.py
[2026-03-25T11:40:36.290+0000] {logging_mixin.py:188} INFO - [2026-03-25T11:40:36.290+0000] {dag.py:3096} INFO - Sync 1 DAGs
[2026-03-25T11:40:36.319+0000] {logging_mixin.py:188} INFO - [2026-03-25T11:40:36.319+0000] {dag.py:3954} INFO - Setting next_dagrun for e_commerce_dw_etl to 2025-03-02 00:00:00+00:00, run_after=2025-03-03 00:00:00+00:00
[2026-03-25T11:40:36.344+0000] {processor.py:183} INFO - Processing /opt/airflow/dags/e_commerce_dw_dag.py took 0.211 seconds
[2026-03-25T11:41:07.073+0000] {processor.py:161} INFO - Started process (PID=636) to work on /opt/airflow/dags/e_commerce_dw_dag.py
[2026-03-25T11:41:07.076+0000] {processor.py:830} INFO - Processing file /opt/airflow/dags/e_commerce_dw_dag.py for tasks to queue
[2026-03-25T11:41:07.080+0000] {logging_mixin.py:188} INFO - [2026-03-25T11:41:07.079+0000] {dagbag.py:545} INFO - Filling up the DagBag from /opt/airflow/dags/e_commerce_dw_dag.py
[2026-03-25T11:41:07.269+0000] {processor.py:840} INFO - DAG(s) 'e_commerce_dw_etl' retrieved from /opt/airflow/dags/e_commerce_dw_dag.py
[2026-03-25T11:41:07.330+0000] {logging_mixin.py:188} INFO - [2026-03-25T11:41:07.329+0000] {dag.py:3096} INFO - Sync 1 DAGs
[2026-03-25T11:41:07.382+0000] {logging_mixin.py:188} INFO - [2026-03-25T11:41:07.381+0000] {dag.py:3954} INFO - Setting next_dagrun for e_commerce_dw_etl to 2025-04-01 00:00:00+00:00, run_after=2025-04-02 00:00:00+00:00
[2026-03-25T11:41:07.426+0000] {processor.py:183} INFO - Processing /opt/airflow/dags/e_commerce_dw_dag.py took 0.366 seconds
[2026-03-25T11:41:37.612+0000] {processor.py:161} INFO - Started process (PID=751) to work on /opt/airflow/dags/e_commerce_dw_dag.py
[2026-03-25T11:41:37.614+0000] {processor.py:830} INFO - Processing file /opt/airflow/dags/e_commerce_dw_dag.py for tasks to queue
[2026-03-25T11:41:37.618+0000] {logging_mixin.py:188} INFO - [2026-03-25T11:41:37.617+0000] {dagbag.py:545} INFO - Filling up the DagBag from /opt/airflow/dags/e_commerce_dw_dag.py
[2026-03-25T11:41:37.724+0000] {processor.py:840} INFO - DAG(s) 'e_commerce_dw_etl' retrieved from /opt/airflow/dags/e_commerce_dw_dag.py
[2026-03-25T11:41:37.771+0000] {logging_mixin.py:188} INFO - [2026-03-25T11:41:37.770+0000] {dag.py:3096} INFO - Sync 1 DAGs
[2026-03-25T11:41:37.795+0000] {logging_mixin.py:188} INFO - [2026-03-25T11:41:37.795+0000] {dag.py:3954} INFO - Setting next_dagrun for e_commerce_dw_etl to 2025-05-09 00:00:00+00:00, run_after=2025-05-10 00:00:00+00:00
[2026-03-25T11:41:37.825+0000] {processor.py:183} INFO - Processing /opt/airflow/dags/e_commerce_dw_dag.py took 0.220 seconds
[2026-03-25T11:42:07.912+0000] {processor.py:161} INFO - Started process (PID=888) to work on /opt/airflow/dags/e_commerce_dw_dag.py
[2026-03-25T11:42:07.913+0000] {processor.py:830} INFO - Processing file /opt/airflow/dags/e_commerce_dw_dag.py for tasks to queue
[2026-03-25T11:42:07.916+0000] {logging_mixin.py:188} INFO - [2026-03-25T11:42:07.916+0000] {dagbag.py:545} INFO - Filling up the DagBag from /opt/airflow/dags/e_commerce_dw_dag.py
[2026-03-25T11:42:08.029+0000] {processor.py:840} INFO - DAG(s) 'e_commerce_dw_etl' retrieved from /opt/airflow/dags/e_commerce_dw_dag.py
[2026-03-25T11:42:08.076+0000] {logging_mixin.py:188} INFO - [2026-03-25T11:42:08.076+0000] {dag.py:3096} INFO - Sync 1 DAGs
[2026-03-25T11:42:08.111+0000] {logging_mixin.py:188} INFO - [2026-03-25T11:42:08.110+0000] {dag.py:3954} INFO - Setting next_dagrun for e_commerce_dw_etl to 2025-07-08 00:00:00+00:00, run_after=2025-07-09 00:00:00+00:00
[2026-03-25T11:42:08.144+0000] {processor.py:183} INFO - Processing /opt/airflow/dags/e_commerce_dw_dag.py took 0.242 seconds
[2026-03-25T11:42:38.557+0000] {processor.py:161} INFO - Started process (PID=1034) to work on /opt/airflow/dags/e_commerce_dw_dag.py
[2026-03-25T11:42:38.558+0000] {processor.py:830} INFO - Processing file /opt/airflow/dags/e_commerce_dw_dag.py for tasks to queue
[2026-03-25T11:42:38.559+0000] {logging_mixin.py:188} INFO - [2026-03-25T11:42:38.559+0000] {dagbag.py:545} INFO - Filling up the DagBag from /opt/airflow/dags/e_commerce_dw_dag.py
[2026-03-25T11:42:38.631+0000] {processor.py:840} INFO - DAG(s) 'e_commerce_dw_etl' retrieved from /opt/airflow/dags/e_commerce_dw_dag.py
[2026-03-25T11:42:38.662+0000] {logging_mixin.py:188} INFO - [2026-03-25T11:42:38.662+0000] {dag.py:3096} INFO - Sync 1 DAGs
[2026-03-25T11:42:38.683+0000] {logging_mixin.py:188} INFO - [2026-03-25T11:42:38.682+0000] {dag.py:3954} INFO - Setting next_dagrun for e_commerce_dw_etl to 2025-09-04 00:00:00+00:00, run_after=2025-09-05 00:00:00+00:00
[2026-03-25T11:42:38.708+0000] {processor.py:183} INFO - Processing /opt/airflow/dags/e_commerce_dw_dag.py took 0.158 seconds
[2026-03-25T11:43:09.403+0000] {processor.py:161} INFO - Started process (PID=1166) to work on /opt/airflow/dags/e_commerce_dw_dag.py
[2026-03-25T11:43:09.404+0000] {processor.py:830} INFO - Processing file /opt/airflow/dags/e_commerce_dw_dag.py for tasks to queue
[2026-03-25T11:43:09.407+0000] {logging_mixin.py:188} INFO - [2026-03-25T11:43:09.406+0000] {dagbag.py:545} INFO - Filling up the DagBag from /opt/airflow/dags/e_commerce_dw_dag.py
[2026-03-25T11:43:09.477+0000] {processor.py:840} INFO - DAG(s) 'e_commerce_dw_etl' retrieved from /opt/airflow/dags/e_commerce_dw_dag.py
[2026-03-25T11:43:09.509+0000] {logging_mixin.py:188} INFO - [2026-03-25T11:43:09.508+0000] {dag.py:3096} INFO - Sync 1 DAGs
[2026-03-25T11:43:09.531+0000] {logging_mixin.py:188} INFO - [2026-03-25T11:43:09.531+0000] {dag.py:3954} INFO - Setting next_dagrun for e_commerce_dw_etl to 2025-10-27 00:00:00+00:00, run_after=2025-10-28 00:00:00+00:00
[2026-03-25T11:43:09.555+0000] {processor.py:183} INFO - Processing /opt/airflow/dags/e_commerce_dw_dag.py took 0.159 seconds
[2026-03-25T11:43:39.725+0000] {processor.py:161} INFO - Started process (PID=1316) to work on /opt/airflow/dags/e_commerce_dw_dag.py
[2026-03-25T11:43:39.727+0000] {processor.py:830} INFO - Processing file /opt/airflow/dags/e_commerce_dw_dag.py for tasks to queue
[2026-03-25T11:43:39.732+0000] {logging_mixin.py:188} INFO - [2026-03-25T11:43:39.731+0000] {dagbag.py:545} INFO - Filling up the DagBag from /opt/airflow/dags/e_commerce_dw_dag.py
[2026-03-25T11:43:39.948+0000] {processor.py:840} INFO - DAG(s) 'e_commerce_dw_etl' retrieved from /opt/airflow/dags/e_commerce_dw_dag.py
[2026-03-25T11:43:40.008+0000] {logging_mixin.py:188} INFO - [2026-03-25T11:43:40.007+0000] {dag.py:3096} INFO - Sync 1 DAGs
[2026-03-25T11:43:40.058+0000] {logging_mixin.py:188} INFO - [2026-03-25T11:43:40.058+0000] {dag.py:3954} INFO - Setting next_dagrun for e_commerce_dw_etl to 2025-12-30 00:00:00+00:00, run_after=2025-12-31 00:00:00+00:00
[2026-03-25T11:43:40.091+0000] {processor.py:183} INFO - Processing /opt/airflow/dags/e_commerce_dw_dag.py took 0.376 seconds
[2026-03-25T11:44:10.369+0000] {processor.py:161} INFO - Started process (PID=1399) to work on /opt/airflow/dags/e_commerce_dw_dag.py
[2026-03-25T11:44:10.371+0000] {processor.py:830} INFO - Processing file /opt/airflow/dags/e_commerce_dw_dag.py for tasks to queue
[2026-03-25T11:44:10.382+0000] {logging_mixin.py:188} INFO - [2026-03-25T11:44:10.381+0000] {dagbag.py:545} INFO - Filling up the DagBag from /opt/airflow/dags/e_commerce_dw_dag.py
[2026-03-25T11:44:10.629+0000] {processor.py:840} INFO - DAG(s) 'e_commerce_dw_etl' retrieved from /opt/airflow/dags/e_commerce_dw_dag.py
[2026-03-25T11:44:10.745+0000] {logging_mixin.py:188} INFO - [2026-03-25T11:44:10.738+0000] {dag.py:3096} INFO - Sync 1 DAGs
[2026-03-25T11:44:10.818+0000] {logging_mixin.py:188} INFO - [2026-03-25T11:44:10.817+0000] {dag.py:3954} INFO - Setting next_dagrun for e_commerce_dw_etl to 2026-01-30 00:00:00+00:00, run_after=2026-01-31 00:00:00+00:00
[2026-03-25T11:44:10.880+0000] {processor.py:183} INFO - Processing /opt/airflow/dags/e_commerce_dw_dag.py took 0.522 seconds
[2026-03-25T11:44:41.640+0000] {processor.py:161} INFO - Started process (PID=1542) to work on /opt/airflow/dags/e_commerce_dw_dag.py
[2026-03-25T11:44:41.641+0000] {processor.py:830} INFO - Processing file /opt/airflow/dags/e_commerce_dw_dag.py for tasks to queue
[2026-03-25T11:44:41.643+0000] {logging_mixin.py:188} INFO - [2026-03-25T11:44:41.643+0000] {dagbag.py:545} INFO - Filling up the DagBag from /opt/airflow/dags/e_commerce_dw_dag.py
[2026-03-25T11:44:41.706+0000] {processor.py:840} INFO - DAG(s) 'e_commerce_dw_etl' retrieved from /opt/airflow/dags/e_commerce_dw_dag.py
[2026-03-25T11:44:41.736+0000] {logging_mixin.py:188} INFO - [2026-03-25T11:44:41.735+0000] {dag.py:3096} INFO - Sync 1 DAGs
[2026-03-25T11:44:41.757+0000] {logging_mixin.py:188} INFO - [2026-03-25T11:44:41.757+0000] {dag.py:3954} INFO - Setting next_dagrun for e_commerce_dw_etl to 2026-03-25 00:00:00+00:00, run_after=2026-03-26 00:00:00+00:00
[2026-03-25T11:44:41.780+0000] {processor.py:183} INFO - Processing /opt/airflow/dags/e_commerce_dw_dag.py took 0.146 seconds
[2026-03-25T11:45:12.321+0000] {processor.py:161} INFO - Started process (PID=1568) to work on /opt/airflow/dags/e_commerce_dw_dag.py
[2026-03-25T11:45:12.323+0000] {processor.py:830} INFO - Processing file /opt/airflow/dags/e_commerce_dw_dag.py for tasks to queue
[2026-03-25T11:45:12.325+0000] {logging_mixin.py:188} INFO - [2026-03-25T11:45:12.324+0000] {dagbag.py:545} INFO - Filling up the DagBag from /opt/airflow/dags/e_commerce_dw_dag.py
[2026-03-25T11:45:12.393+0000] {processor.py:840} INFO - DAG(s) 'e_commerce_dw_etl' retrieved from /opt/airflow/dags/e_commerce_dw_dag.py
[2026-03-25T11:45:12.424+0000] {logging_mixin.py:188} INFO - [2026-03-25T11:45:12.423+0000] {dag.py:3096} INFO - Sync 1 DAGs
[2026-03-25T11:45:12.447+0000] {logging_mixin.py:188} INFO - [2026-03-25T11:45:12.446+0000] {dag.py:3954} INFO - Setting next_dagrun for e_commerce_dw_etl to 2026-03-25 00:00:00+00:00, run_after=2026-03-26 00:00:00+00:00
[2026-03-25T11:45:12.468+0000] {processor.py:183} INFO - Processing /opt/airflow/dags/e_commerce_dw_dag.py took 0.154 seconds
[2026-03-25T11:45:43.093+0000] {processor.py:161} INFO - Started process (PID=1594) to work on /opt/airflow/dags/e_commerce_dw_dag.py
[2026-03-25T11:45:43.094+0000] {processor.py:830} INFO - Processing file /opt/airflow/dags/e_commerce_dw_dag.py for tasks to queue
[2026-03-25T11:45:43.097+0000] {logging_mixin.py:188} INFO - [2026-03-25T11:45:43.096+0000] {dagbag.py:545} INFO - Filling up the DagBag from /opt/airflow/dags/e_commerce_dw_dag.py
[2026-03-25T11:45:43.179+0000] {processor.py:840} INFO - DAG(s) 'e_commerce_dw_etl' retrieved from /opt/airflow/dags/e_commerce_dw_dag.py
[2026-03-25T11:45:43.213+0000] {logging_mixin.py:188} INFO - [2026-03-25T11:45:43.213+0000] {dag.py:3096} INFO - Sync 1 DAGs
[2026-03-25T11:45:43.237+0000] {logging_mixin.py:188} INFO - [2026-03-25T11:45:43.237+0000] {dag.py:3954} INFO - Setting next_dagrun for e_commerce_dw_etl to 2026-03-25 00:00:00+00:00, run_after=2026-03-26 00:00:00+00:00
[2026-03-25T11:45:43.267+0000] {processor.py:183} INFO - Processing /opt/airflow/dags/e_commerce_dw_dag.py took 0.183 seconds
[2026-03-25T11:46:13.930+0000] {processor.py:161} INFO - Started process (PID=1620) to work on /opt/airflow/dags/e_commerce_dw_dag.py
[2026-03-25T11:46:13.931+0000] {processor.py:830} INFO - Processing file /opt/airflow/dags/e_commerce_dw_dag.py for tasks to queue
[2026-03-25T11:46:13.933+0000] {logging_mixin.py:188} INFO - [2026-03-25T11:46:13.933+0000] {dagbag.py:545} INFO - Filling up the DagBag from /opt/airflow/dags/e_commerce_dw_dag.py
[2026-03-25T11:46:14.040+0000] {processor.py:840} INFO - DAG(s) 'e_commerce_dw_etl' retrieved from /opt/airflow/dags/e_commerce_dw_dag.py
[2026-03-25T11:46:14.073+0000] {logging_mixin.py:188} INFO - [2026-03-25T11:46:14.073+0000] {dag.py:3096} INFO - Sync 1 DAGs
[2026-03-25T11:46:14.093+0000] {logging_mixin.py:188} INFO - [2026-03-25T11:46:14.093+0000] {dag.py:3954} INFO - Setting next_dagrun for e_commerce_dw_etl to 2026-03-25 00:00:00+00:00, run_after=2026-03-26 00:00:00+00:00
[2026-03-25T11:46:14.117+0000] {processor.py:183} INFO - Processing /opt/airflow/dags/e_commerce_dw_dag.py took 0.196 seconds
[2026-03-25T11:46:44.779+0000] {processor.py:161} INFO - Started process (PID=1646) to work on /opt/airflow/dags/e_commerce_dw_dag.py
[2026-03-25T11:46:44.781+0000] {processor.py:830} INFO - Processing file /opt/airflow/dags/e_commerce_dw_dag.py for tasks to queue
[2026-03-25T11:46:44.783+0000] {logging_mixin.py:188} INFO - [2026-03-25T11:46:44.782+0000] {dagbag.py:545} INFO - Filling up the DagBag from /opt/airflow/dags/e_commerce_dw_dag.py
[2026-03-25T11:46:44.848+0000] {processor.py:840} INFO - DAG(s) 'e_commerce_dw_etl' retrieved from /opt/airflow/dags/e_commerce_dw_dag.py
[2026-03-25T11:46:44.878+0000] {logging_mixin.py:188} INFO - [2026-03-25T11:46:44.878+0000] {dag.py:3096} INFO - Sync 1 DAGs
[2026-03-25T11:46:44.899+0000] {logging_mixin.py:188} INFO - [2026-03-25T11:46:44.899+0000] {dag.py:3954} INFO - Setting next_dagrun for e_commerce_dw_etl to 2026-03-25 00:00:00+00:00, run_after=2026-03-26 00:00:00+00:00
[2026-03-25T11:46:44.925+0000] {processor.py:183} INFO - Processing /opt/airflow/dags/e_commerce_dw_dag.py took 0.151 seconds
[2026-03-25T11:47:15.674+0000] {processor.py:161} INFO - Started process (PID=1672) to work on /opt/airflow/dags/e_commerce_dw_dag.py
[2026-03-25T11:47:15.675+0000] {processor.py:830} INFO - Processing file /opt/airflow/dags/e_commerce_dw_dag.py for tasks to queue
[2026-03-25T11:47:15.677+0000] {logging_mixin.py:188} INFO - [2026-03-25T11:47:15.676+0000] {dagbag.py:545} INFO - Filling up the DagBag from /opt/airflow/dags/e_commerce_dw_dag.py
[2026-03-25T11:47:15.743+0000] {processor.py:840} INFO - DAG(s) 'e_commerce_dw_etl' retrieved from /opt/airflow/dags/e_commerce_dw_dag.py
[2026-03-25T11:47:15.784+0000] {logging_mixin.py:188} INFO - [2026-03-25T11:47:15.783+0000] {dag.py:3096} INFO - Sync 1 DAGs
[2026-03-25T11:47:15.810+0000] {logging_mixin.py:188} INFO - [2026-03-25T11:47:15.810+0000] {dag.py:3954} INFO - Setting next_dagrun for e_commerce_dw_etl to 2026-03-25 00:00:00+00:00, run_after=2026-03-26 00:00:00+00:00
[2026-03-25T11:47:15.835+0000] {processor.py:183} INFO - Processing /opt/airflow/dags/e_commerce_dw_dag.py took 0.168 seconds
[2026-03-25T11:47:46.538+0000] {processor.py:161} INFO - Started process (PID=1698) to work on /opt/airflow/dags/e_commerce_dw_dag.py
[2026-03-25T11:47:46.539+0000] {processor.py:830} INFO - Processing file /opt/airflow/dags/e_commerce_dw_dag.py for tasks to queue
[2026-03-25T11:47:46.541+0000] {logging_mixin.py:188} INFO - [2026-03-25T11:47:46.541+0000] {dagbag.py:545} INFO - Filling up the DagBag from /opt/airflow/dags/e_commerce_dw_dag.py
[2026-03-25T11:47:46.640+0000] {processor.py:840} INFO - DAG(s) 'e_commerce_dw_etl' retrieved from /opt/airflow/dags/e_commerce_dw_dag.py
[2026-03-25T11:47:46.671+0000] {logging_mixin.py:188} INFO - [2026-03-25T11:47:46.671+0000] {dag.py:3096} INFO - Sync 1 DAGs
[2026-03-25T11:47:46.691+0000] {logging_mixin.py:188} INFO - [2026-03-25T11:47:46.691+0000] {dag.py:3954} INFO - Setting next_dagrun for e_commerce_dw_etl to 2026-03-25 00:00:00+00:00, run_after=2026-03-26 00:00:00+00:00
[2026-03-25T11:47:46.717+0000] {processor.py:183} INFO - Processing /opt/airflow/dags/e_commerce_dw_dag.py took 0.186 seconds
[2026-03-25T11:48:17.464+0000] {processor.py:161} INFO - Started process (PID=1724) to work on /opt/airflow/dags/e_commerce_dw_dag.py
[2026-03-25T11:48:17.465+0000] {processor.py:830} INFO - Processing file /opt/airflow/dags/e_commerce_dw_dag.py for tasks to queue
[2026-03-25T11:48:17.467+0000] {logging_mixin.py:188} INFO - [2026-03-25T11:48:17.467+0000] {dagbag.py:545} INFO - Filling up the DagBag from /opt/airflow/dags/e_commerce_dw_dag.py
[2026-03-25T11:48:17.525+0000] {processor.py:840} INFO - DAG(s) 'e_commerce_dw_etl' retrieved from /opt/airflow/dags/e_commerce_dw_dag.py
[2026-03-25T11:48:17.553+0000] {logging_mixin.py:188} INFO - [2026-03-25T11:48:17.553+0000] {dag.py:3096} INFO - Sync 1 DAGs
[2026-03-25T11:48:17.573+0000] {logging_mixin.py:188} INFO - [2026-03-25T11:48:17.573+0000] {dag.py:3954} INFO - Setting next_dagrun for e_commerce_dw_etl to 2026-03-25 00:00:00+00:00, run_after=2026-03-26 00:00:00+00:00
[2026-03-25T11:48:17.597+0000] {processor.py:183} INFO - Processing /opt/airflow/dags/e_commerce_dw_dag.py took 0.139 seconds
[2026-03-25T11:48:48.344+0000] {processor.py:161} INFO - Started process (PID=1751) to work on /opt/airflow/dags/e_commerce_dw_dag.py
[2026-03-25T11:48:48.345+0000] {processor.py:830} INFO - Processing file /opt/airflow/dags/e_commerce_dw_dag.py for tasks to queue
[2026-03-25T11:48:48.348+0000] {logging_mixin.py:188} INFO - [2026-03-25T11:48:48.348+0000] {dagbag.py:545} INFO - Filling up the DagBag from /opt/airflow/dags/e_commerce_dw_dag.py
[2026-03-25T11:48:48.437+0000] {processor.py:840} INFO - DAG(s) 'e_commerce_dw_etl' retrieved from /opt/airflow/dags/e_commerce_dw_dag.py
[2026-03-25T11:48:48.473+0000] {logging_mixin.py:188} INFO - [2026-03-25T11:48:48.473+0000] {dag.py:3096} INFO - Sync 1 DAGs
[2026-03-25T11:48:48.503+0000] {logging_mixin.py:188} INFO - [2026-03-25T11:48:48.503+0000] {dag.py:3954} INFO - Setting next_dagrun for e_commerce_dw_etl to 2026-03-25 00:00:00+00:00, run_after=2026-03-26 00:00:00+00:00
[2026-03-25T11:48:48.528+0000] {processor.py:183} INFO - Processing /opt/airflow/dags/e_commerce_dw_dag.py took 0.193 seconds
[2026-03-25T11:49:19.072+0000] {processor.py:161} INFO - Started process (PID=1777) to work on /opt/airflow/dags/e_commerce_dw_dag.py
[2026-03-25T11:49:19.073+0000] {processor.py:830} INFO - Processing file /opt/airflow/dags/e_commerce_dw_dag.py for tasks to queue
[2026-03-25T11:49:19.075+0000] {logging_mixin.py:188} INFO - [2026-03-25T11:49:19.075+0000] {dagbag.py:545} INFO - Filling up the DagBag from /opt/airflow/dags/e_commerce_dw_dag.py
[2026-03-25T11:49:19.153+0000] {processor.py:840} INFO - DAG(s) 'e_commerce_dw_etl' retrieved from /opt/airflow/dags/e_commerce_dw_dag.py
[2026-03-25T11:49:19.194+0000] {logging_mixin.py:188} INFO - [2026-03-25T11:49:19.193+0000] {dag.py:3096} INFO - Sync 1 DAGs
[2026-03-25T11:49:19.221+0000] {logging_mixin.py:188} INFO - [2026-03-25T11:49:19.221+0000] {dag.py:3954} INFO - Setting next_dagrun for e_commerce_dw_etl to 2026-03-25 00:00:00+00:00, run_after=2026-03-26 00:00:00+00:00
[2026-03-25T11:49:19.247+0000] {processor.py:183} INFO - Processing /opt/airflow/dags/e_commerce_dw_dag.py took 0.182 seconds
[2026-03-25T11:49:49.725+0000] {processor.py:161} INFO - Started process (PID=1803) to work on /opt/airflow/dags/e_commerce_dw_dag.py
[2026-03-25T11:49:49.727+0000] {processor.py:830} INFO - Processing file /opt/airflow/dags/e_commerce_dw_dag.py for tasks to queue
[2026-03-25T11:49:49.729+0000] {logging_mixin.py:188} INFO - [2026-03-25T11:49:49.729+0000] {dagbag.py:545} INFO - Filling up the DagBag from /opt/airflow/dags/e_commerce_dw_dag.py
[2026-03-25T11:49:49.817+0000] {processor.py:840} INFO - DAG(s) 'e_commerce_dw_etl' retrieved from /opt/airflow/dags/e_commerce_dw_dag.py
[2026-03-25T11:49:49.849+0000] {logging_mixin.py:188} INFO - [2026-03-25T11:49:49.849+0000] {dag.py:3096} INFO - Sync 1 DAGs
[2026-03-25T11:49:49.871+0000] {logging_mixin.py:188} INFO - [2026-03-25T11:49:49.871+0000] {dag.py:3954} INFO - Setting next_dagrun for e_commerce_dw_etl to 2026-03-25 00:00:00+00:00, run_after=2026-03-26 00:00:00+00:00
[2026-03-25T11:49:49.894+0000] {processor.py:183} INFO - Processing /opt/airflow/dags/e_commerce_dw_dag.py took 0.174 seconds
[2026-03-25T11:50:20.440+0000] {processor.py:161} INFO - Started process (PID=1829) to work on /opt/airflow/dags/e_commerce_dw_dag.py
[2026-03-25T11:50:20.441+0000] {processor.py:830} INFO - Processing file /opt/airflow/dags/e_commerce_dw_dag.py for tasks to queue
[2026-03-25T11:50:20.443+0000] {logging_mixin.py:188} INFO - [2026-03-25T11:50:20.442+0000] {dagbag.py:545} INFO - Filling up the DagBag from /opt/airflow/dags/e_commerce_dw_dag.py
[2026-03-25T11:50:20.503+0000] {processor.py:840} INFO - DAG(s) 'e_commerce_dw_etl' retrieved from /opt/airflow/dags/e_commerce_dw_dag.py
[2026-03-25T11:50:20.535+0000] {logging_mixin.py:188} INFO - [2026-03-25T11:50:20.535+0000] {dag.py:3096} INFO - Sync 1 DAGs
[2026-03-25T11:50:20.558+0000] {logging_mixin.py:188} INFO - [2026-03-25T11:50:20.558+0000] {dag.py:3954} INFO - Setting next_dagrun for e_commerce_dw_etl to 2026-03-25 00:00:00+00:00, run_after=2026-03-26 00:00:00+00:00
[2026-03-25T11:50:20.581+0000] {processor.py:183} INFO - Processing /opt/airflow/dags/e_commerce_dw_dag.py took 0.147 seconds
[2026-03-25T11:50:51.129+0000] {processor.py:161} INFO - Started process (PID=1855) to work on /opt/airflow/dags/e_commerce_dw_dag.py
[2026-03-25T11:50:51.130+0000] {processor.py:830} INFO - Processing file /opt/airflow/dags/e_commerce_dw_dag.py for tasks to queue
[2026-03-25T11:50:51.132+0000] {logging_mixin.py:188} INFO - [2026-03-25T11:50:51.132+0000] {dagbag.py:545} INFO - Filling up the DagBag from /opt/airflow/dags/e_commerce_dw_dag.py
[2026-03-25T11:50:51.287+0000] {processor.py:840} INFO - DAG(s) 'e_commerce_dw_etl' retrieved from /opt/airflow/dags/e_commerce_dw_dag.py
[2026-03-25T11:50:51.367+0000] {logging_mixin.py:188} INFO - [2026-03-25T11:50:51.366+0000] {dag.py:3096} INFO - Sync 1 DAGs
[2026-03-25T11:50:51.388+0000] {logging_mixin.py:188} INFO - [2026-03-25T11:50:51.388+0000] {dag.py:3954} INFO - Setting next_dagrun for e_commerce_dw_etl to 2026-03-25 00:00:00+00:00, run_after=2026-03-26 00:00:00+00:00
[2026-03-25T11:50:51.412+0000] {processor.py:183} INFO - Processing /opt/airflow/dags/e_commerce_dw_dag.py took 0.291 seconds
[2026-03-25T11:51:21.920+0000] {processor.py:161} INFO - Started process (PID=1881) to work on /opt/airflow/dags/e_commerce_dw_dag.py
[2026-03-25T11:51:21.922+0000] {processor.py:830} INFO - Processing file /opt/airflow/dags/e_commerce_dw_dag.py for tasks to queue
[2026-03-25T11:51:21.924+0000] {logging_mixin.py:188} INFO - [2026-03-25T11:51:21.924+0000] {dagbag.py:545} INFO - Filling up the DagBag from /opt/airflow/dags/e_commerce_dw_dag.py
[2026-03-25T11:51:22.033+0000] {processor.py:840} INFO - DAG(s) 'e_commerce_dw_etl' retrieved from /opt/airflow/dags/e_commerce_dw_dag.py
[2026-03-25T11:51:22.068+0000] {logging_mixin.py:188} INFO - [2026-03-25T11:51:22.068+0000] {dag.py:3096} INFO - Sync 1 DAGs
[2026-03-25T11:51:22.087+0000] {logging_mixin.py:188} INFO - [2026-03-25T11:51:22.087+0000] {dag.py:3954} INFO - Setting next_dagrun for e_commerce_dw_etl to 2026-03-25 00:00:00+00:00, run_after=2026-03-26 00:00:00+00:00
[2026-03-25T11:51:22.109+0000] {processor.py:183} INFO - Processing /opt/airflow/dags/e_commerce_dw_dag.py took 0.195 seconds
[2026-03-25T11:51:52.754+0000] {processor.py:161} INFO - Started process (PID=1908) to work on /opt/airflow/dags/e_commerce_dw_dag.py
[2026-03-25T11:51:52.755+0000] {processor.py:830} INFO - Processing file /opt/airflow/dags/e_commerce_dw_dag.py for tasks to queue
[2026-03-25T11:51:52.757+0000] {logging_mixin.py:188} INFO - [2026-03-25T11:51:52.756+0000] {dagbag.py:545} INFO - Filling up the DagBag from /opt/airflow/dags/e_commerce_dw_dag.py
[2026-03-25T11:51:52.817+0000] {processor.py:840} INFO - DAG(s) 'e_commerce_dw_etl' retrieved from /opt/airflow/dags/e_commerce_dw_dag.py
[2026-03-25T11:51:52.848+0000] {logging_mixin.py:188} INFO - [2026-03-25T11:51:52.848+0000] {dag.py:3096} INFO - Sync 1 DAGs
[2026-03-25T11:51:52.871+0000] {logging_mixin.py:188} INFO - [2026-03-25T11:51:52.871+0000] {dag.py:3954} INFO - Setting next_dagrun for e_commerce_dw_etl to 2026-03-25 00:00:00+00:00, run_after=2026-03-26 00:00:00+00:00
[2026-03-25T11:51:52.896+0000] {processor.py:183} INFO - Processing /opt/airflow/dags/e_commerce_dw_dag.py took 0.149 seconds
[2026-03-25T11:52:23.514+0000] {processor.py:161} INFO - Started process (PID=1934) to work on /opt/airflow/dags/e_commerce_dw_dag.py
[2026-03-25T11:52:23.515+0000] {processor.py:830} INFO - Processing file /opt/airflow/dags/e_commerce_dw_dag.py for tasks to queue
[2026-03-25T11:52:23.517+0000] {logging_mixin.py:188} INFO - [2026-03-25T11:52:23.517+0000] {dagbag.py:545} INFO - Filling up the DagBag from /opt/airflow/dags/e_commerce_dw_dag.py
[2026-03-25T11:52:23.585+0000] {processor.py:840} INFO - DAG(s) 'e_commerce_dw_etl' retrieved from /opt/airflow/dags/e_commerce_dw_dag.py
[2026-03-25T11:52:23.617+0000] {logging_mixin.py:188} INFO - [2026-03-25T11:52:23.616+0000] {dag.py:3096} INFO - Sync 1 DAGs
[2026-03-25T11:52:23.640+0000] {logging_mixin.py:188} INFO - [2026-03-25T11:52:23.640+0000] {dag.py:3954} INFO - Setting next_dagrun for e_commerce_dw_etl to 2026-03-25 00:00:00+00:00, run_after=2026-03-26 00:00:00+00:00
[2026-03-25T11:52:23.665+0000] {processor.py:183} INFO - Processing /opt/airflow/dags/e_commerce_dw_dag.py took 0.157 seconds
[2026-03-25T11:52:54.377+0000] {processor.py:161} INFO - Started process (PID=1960) to work on /opt/airflow/dags/e_commerce_dw_dag.py
[2026-03-25T11:52:54.378+0000] {processor.py:830} INFO - Processing file /opt/airflow/dags/e_commerce_dw_dag.py for tasks to queue
[2026-03-25T11:52:54.380+0000] {logging_mixin.py:188} INFO - [2026-03-25T11:52:54.379+0000] {dagbag.py:545} INFO - Filling up the DagBag from /opt/airflow/dags/e_commerce_dw_dag.py
[2026-03-25T11:52:54.440+0000] {processor.py:840} INFO - DAG(s) 'e_commerce_dw_etl' retrieved from /opt/airflow/dags/e_commerce_dw_dag.py
[2026-03-25T11:52:54.474+0000] {logging_mixin.py:188} INFO - [2026-03-25T11:52:54.474+0000] {dag.py:3096} INFO - Sync 1 DAGs
[2026-03-25T11:52:54.497+0000] {logging_mixin.py:188} INFO - [2026-03-25T11:52:54.496+0000] {dag.py:3954} INFO - Setting next_dagrun for e_commerce_dw_etl to 2026-03-25 00:00:00+00:00, run_after=2026-03-26 00:00:00+00:00
[2026-03-25T11:52:54.519+0000] {processor.py:183} INFO - Processing /opt/airflow/dags/e_commerce_dw_dag.py took 0.150 seconds
[2026-03-25T11:53:25.204+0000] {processor.py:161} INFO - Started process (PID=1986) to work on /opt/airflow/dags/e_commerce_dw_dag.py
[2026-03-25T11:53:25.205+0000] {processor.py:830} INFO - Processing file /opt/airflow/dags/e_commerce_dw_dag.py for tasks to queue
[2026-03-25T11:53:25.208+0000] {logging_mixin.py:188} INFO - [2026-03-25T11:53:25.207+0000] {dagbag.py:545} INFO - Filling up the DagBag from /opt/airflow/dags/e_commerce_dw_dag.py
[2026-03-25T11:53:25.287+0000] {processor.py:840} INFO - DAG(s) 'e_commerce_dw_etl' retrieved from /opt/airflow/dags/e_commerce_dw_dag.py
[2026-03-25T11:53:25.320+0000] {logging_mixin.py:188} INFO - [2026-03-25T11:53:25.320+0000] {dag.py:3096} INFO - Sync 1 DAGs
[2026-03-25T11:53:25.341+0000] {logging_mixin.py:188} INFO - [2026-03-25T11:53:25.341+0000] {dag.py:3954} INFO - Setting next_dagrun for e_commerce_dw_etl to 2026-03-25 00:00:00+00:00, run_after=2026-03-26 00:00:00+00:00
[2026-03-25T11:53:25.364+0000] {processor.py:183} INFO - Processing /opt/airflow/dags/e_commerce_dw_dag.py took 0.167 seconds
[2026-03-25T11:53:56.286+0000] {processor.py:161} INFO - Started process (PID=2012) to work on /opt/airflow/dags/e_commerce_dw_dag.py
[2026-03-25T11:53:56.288+0000] {processor.py:830} INFO - Processing file /opt/airflow/dags/e_commerce_dw_dag.py for tasks to queue
[2026-03-25T11:53:56.290+0000] {logging_mixin.py:188} INFO - [2026-03-25T11:53:56.290+0000] {dagbag.py:545} INFO - Filling up the DagBag from /opt/airflow/dags/e_commerce_dw_dag.py
[2026-03-25T11:53:56.358+0000] {processor.py:840} INFO - DAG(s) 'e_commerce_dw_etl' retrieved from /opt/airflow/dags/e_commerce_dw_dag.py
[2026-03-25T11:53:56.392+0000] {logging_mixin.py:188} INFO - [2026-03-25T11:53:56.391+0000] {dag.py:3096} INFO - Sync 1 DAGs
[2026-03-25T11:53:56.413+0000] {logging_mixin.py:188} INFO - [2026-03-25T11:53:56.413+0000] {dag.py:3954} INFO - Setting next_dagrun for e_commerce_dw_etl to 2026-03-25 00:00:00+00:00, run_after=2026-03-26 00:00:00+00:00
[2026-03-25T11:53:56.436+0000] {processor.py:183} INFO - Processing /opt/airflow/dags/e_commerce_dw_dag.py took 0.157 seconds
[2026-03-25T11:54:27.238+0000] {processor.py:161} INFO - Started process (PID=2038) to work on /opt/airflow/dags/e_commerce_dw_dag.py
[2026-03-25T11:54:27.240+0000] {processor.py:830} INFO - Processing file /opt/airflow/dags/e_commerce_dw_dag.py for tasks to queue
[2026-03-25T11:54:27.242+0000] {logging_mixin.py:188} INFO - [2026-03-25T11:54:27.241+0000] {dagbag.py:545} INFO - Filling up the DagBag from /opt/airflow/dags/e_commerce_dw_dag.py
[2026-03-25T11:54:27.342+0000] {processor.py:840} INFO - DAG(s) 'e_commerce_dw_etl' retrieved from /opt/airflow/dags/e_commerce_dw_dag.py
[2026-03-25T11:54:27.376+0000] {logging_mixin.py:188} INFO - [2026-03-25T11:54:27.376+0000] {dag.py:3096} INFO - Sync 1 DAGs
[2026-03-25T11:54:27.397+0000] {logging_mixin.py:188} INFO - [2026-03-25T11:54:27.396+0000] {dag.py:3954} INFO - Setting next_dagrun for e_commerce_dw_etl to 2026-03-25 00:00:00+00:00, run_after=2026-03-26 00:00:00+00:00
[2026-03-25T11:54:27.418+0000] {processor.py:183} INFO - Processing /opt/airflow/dags/e_commerce_dw_dag.py took 0.187 seconds
[2026-03-25T11:54:58.162+0000] {processor.py:161} INFO - Started process (PID=2064) to work on /opt/airflow/dags/e_commerce_dw_dag.py
[2026-03-25T11:54:58.163+0000] {processor.py:830} INFO - Processing file /opt/airflow/dags/e_commerce_dw_dag.py for tasks to queue
[2026-03-25T11:54:58.165+0000] {logging_mixin.py:188} INFO - [2026-03-25T11:54:58.165+0000] {dagbag.py:545} INFO - Filling up the DagBag from /opt/airflow/dags/e_commerce_dw_dag.py
[2026-03-25T11:54:58.221+0000] {processor.py:840} INFO - DAG(s) 'e_commerce_dw_etl' retrieved from /opt/airflow/dags/e_commerce_dw_dag.py
[2026-03-25T11:54:58.252+0000] {logging_mixin.py:188} INFO - [2026-03-25T11:54:58.252+0000] {dag.py:3096} INFO - Sync 1 DAGs
[2026-03-25T11:54:58.275+0000] {logging_mixin.py:188} INFO - [2026-03-25T11:54:58.275+0000] {dag.py:3954} INFO - Setting next_dagrun for e_commerce_dw_etl to 2026-03-25 00:00:00+00:00, run_after=2026-03-26 00:00:00+00:00
[2026-03-25T11:54:58.299+0000] {processor.py:183} INFO - Processing /opt/airflow/dags/e_commerce_dw_dag.py took 0.144 seconds
[2026-03-25T11:55:29.007+0000] {processor.py:161} INFO - Started process (PID=2090) to work on /opt/airflow/dags/e_commerce_dw_dag.py
[2026-03-25T11:55:29.009+0000] {processor.py:830} INFO - Processing file /opt/airflow/dags/e_commerce_dw_dag.py for tasks to queue
[2026-03-25T11:55:29.011+0000] {logging_mixin.py:188} INFO - [2026-03-25T11:55:29.011+0000] {dagbag.py:545} INFO - Filling up the DagBag from /opt/airflow/dags/e_commerce_dw_dag.py
[2026-03-25T11:55:29.074+0000] {processor.py:840} INFO - DAG(s) 'e_commerce_dw_etl' retrieved from /opt/airflow/dags/e_commerce_dw_dag.py
[2026-03-25T11:55:29.108+0000] {logging_mixin.py:188} INFO - [2026-03-25T11:55:29.108+0000] {dag.py:3096} INFO - Sync 1 DAGs
[2026-03-25T11:55:29.130+0000] {logging_mixin.py:188} INFO - [2026-03-25T11:55:29.130+0000] {dag.py:3954} INFO - Setting next_dagrun for e_commerce_dw_etl to 2026-03-25 00:00:00+00:00, run_after=2026-03-26 00:00:00+00:00
[2026-03-25T11:55:29.152+0000] {processor.py:183} INFO - Processing /opt/airflow/dags/e_commerce_dw_dag.py took 0.151 seconds
[2026-03-25T11:55:59.916+0000] {processor.py:161} INFO - Started process (PID=2116) to work on /opt/airflow/dags/e_commerce_dw_dag.py
[2026-03-25T11:55:59.917+0000] {processor.py:830} INFO - Processing file /opt/airflow/dags/e_commerce_dw_dag.py for tasks to queue
[2026-03-25T11:55:59.919+0000] {logging_mixin.py:188} INFO - [2026-03-25T11:55:59.919+0000] {dagbag.py:545} INFO - Filling up the DagBag from /opt/airflow/dags/e_commerce_dw_dag.py
[2026-03-25T11:55:59.979+0000] {processor.py:840} INFO - DAG(s) 'e_commerce_dw_etl' retrieved from /opt/airflow/dags/e_commerce_dw_dag.py
[2026-03-25T11:56:00.011+0000] {logging_mixin.py:188} INFO - [2026-03-25T11:56:00.011+0000] {dag.py:3096} INFO - Sync 1 DAGs
[2026-03-25T11:56:00.042+0000] {logging_mixin.py:188} INFO - [2026-03-25T11:56:00.042+0000] {dag.py:3954} INFO - Setting next_dagrun for e_commerce_dw_etl to 2026-03-25 00:00:00+00:00, run_after=2026-03-26 00:00:00+00:00
[2026-03-25T11:56:00.063+0000] {processor.py:183} INFO - Processing /opt/airflow/dags/e_commerce_dw_dag.py took 0.153 seconds
[2026-03-25T11:56:30.780+0000] {processor.py:161} INFO - Started process (PID=2142) to work on /opt/airflow/dags/e_commerce_dw_dag.py
[2026-03-25T11:56:30.781+0000] {processor.py:830} INFO - Processing file /opt/airflow/dags/e_commerce_dw_dag.py for tasks to queue
[2026-03-25T11:56:30.783+0000] {logging_mixin.py:188} INFO - [2026-03-25T11:56:30.783+0000] {dagbag.py:545} INFO - Filling up the DagBag from /opt/airflow/dags/e_commerce_dw_dag.py
[2026-03-25T11:56:30.861+0000] {processor.py:840} INFO - DAG(s) 'e_commerce_dw_etl' retrieved from /opt/airflow/dags/e_commerce_dw_dag.py
[2026-03-25T11:56:30.896+0000] {logging_mixin.py:188} INFO - [2026-03-25T11:56:30.896+0000] {dag.py:3096} INFO - Sync 1 DAGs
[2026-03-25T11:56:30.924+0000] {logging_mixin.py:188} INFO - [2026-03-25T11:56:30.924+0000] {dag.py:3954} INFO - Setting next_dagrun for e_commerce_dw_etl to 2026-03-25 00:00:00+00:00, run_after=2026-03-26 00:00:00+00:00
[2026-03-25T11:56:30.955+0000] {processor.py:183} INFO - Processing /opt/airflow/dags/e_commerce_dw_dag.py took 0.182 seconds
[2026-03-25T11:57:01.485+0000] {processor.py:161} INFO - Started process (PID=2168) to work on /opt/airflow/dags/e_commerce_dw_dag.py
[2026-03-25T11:57:01.487+0000] {processor.py:830} INFO - Processing file /opt/airflow/dags/e_commerce_dw_dag.py for tasks to queue
[2026-03-25T11:57:01.491+0000] {logging_mixin.py:188} INFO - [2026-03-25T11:57:01.490+0000] {dagbag.py:545} INFO - Filling up the DagBag from /opt/airflow/dags/e_commerce_dw_dag.py
[2026-03-25T11:57:01.574+0000] {processor.py:840} INFO - DAG(s) 'e_commerce_dw_etl' retrieved from /opt/airflow/dags/e_commerce_dw_dag.py
[2026-03-25T11:57:01.610+0000] {logging_mixin.py:188} INFO - [2026-03-25T11:57:01.610+0000] {dag.py:3096} INFO - Sync 1 DAGs
[2026-03-25T11:57:01.635+0000] {logging_mixin.py:188} INFO - [2026-03-25T11:57:01.635+0000] {dag.py:3954} INFO - Setting next_dagrun for e_commerce_dw_etl to 2026-03-25 00:00:00+00:00, run_after=2026-03-26 00:00:00+00:00
[2026-03-25T11:57:01.656+0000] {processor.py:183} INFO - Processing /opt/airflow/dags/e_commerce_dw_dag.py took 0.182 seconds
[2026-03-25T11:57:32.089+0000] {processor.py:161} INFO - Started process (PID=2194) to work on /opt/airflow/dags/e_commerce_dw_dag.py
[2026-03-25T11:57:32.090+0000] {processor.py:830} INFO - Processing file /opt/airflow/dags/e_commerce_dw_dag.py for tasks to queue
[2026-03-25T11:57:32.092+0000] {logging_mixin.py:188} INFO - [2026-03-25T11:57:32.092+0000] {dagbag.py:545} INFO - Filling up the DagBag from /opt/airflow/dags/e_commerce_dw_dag.py
[2026-03-25T11:57:32.182+0000] {processor.py:840} INFO - DAG(s) 'e_commerce_dw_etl' retrieved from /opt/airflow/dags/e_commerce_dw_dag.py
[2026-03-25T11:57:32.223+0000] {logging_mixin.py:188} INFO - [2026-03-25T11:57:32.222+0000] {dag.py:3096} INFO - Sync 1 DAGs
[2026-03-25T11:57:32.246+0000] {logging_mixin.py:188} INFO - [2026-03-25T11:57:32.246+0000] {dag.py:3954} INFO - Setting next_dagrun for e_commerce_dw_etl to 2026-03-25 00:00:00+00:00, run_after=2026-03-26 00:00:00+00:00
[2026-03-25T11:57:32.271+0000] {processor.py:183} INFO - Processing /opt/airflow/dags/e_commerce_dw_dag.py took 0.189 seconds
[2026-03-25T11:58:02.743+0000] {processor.py:161} INFO - Started process (PID=2220) to work on /opt/airflow/dags/e_commerce_dw_dag.py
[2026-03-25T11:58:02.744+0000] {processor.py:830} INFO - Processing file /opt/airflow/dags/e_commerce_dw_dag.py for tasks to queue
[2026-03-25T11:58:02.747+0000] {logging_mixin.py:188} INFO - [2026-03-25T11:58:02.747+0000] {dagbag.py:545} INFO - Filling up the DagBag from /opt/airflow/dags/e_commerce_dw_dag.py
[2026-03-25T11:58:02.818+0000] {processor.py:840} INFO - DAG(s) 'e_commerce_dw_etl' retrieved from /opt/airflow/dags/e_commerce_dw_dag.py
[2026-03-25T11:58:02.853+0000] {logging_mixin.py:188} INFO - [2026-03-25T11:58:02.853+0000] {dag.py:3096} INFO - Sync 1 DAGs
[2026-03-25T11:58:02.878+0000] {logging_mixin.py:188} INFO - [2026-03-25T11:58:02.878+0000] {dag.py:3954} INFO - Setting next_dagrun for e_commerce_dw_etl to 2026-03-25 00:00:00+00:00, run_after=2026-03-26 00:00:00+00:00
[2026-03-25T11:58:02.902+0000] {processor.py:183} INFO - Processing /opt/airflow/dags/e_commerce_dw_dag.py took 0.166 seconds
[2026-03-25T11:58:33.454+0000] {processor.py:161} INFO - Started process (PID=2246) to work on /opt/airflow/dags/e_commerce_dw_dag.py
[2026-03-25T11:58:33.456+0000] {processor.py:830} INFO - Processing file /opt/airflow/dags/e_commerce_dw_dag.py for tasks to queue
[2026-03-25T11:58:33.458+0000] {logging_mixin.py:188} INFO - [2026-03-25T11:58:33.457+0000] {dagbag.py:545} INFO - Filling up the DagBag from /opt/airflow/dags/e_commerce_dw_dag.py
[2026-03-25T11:58:33.527+0000] {processor.py:840} INFO - DAG(s) 'e_commerce_dw_etl' retrieved from /opt/airflow/dags/e_commerce_dw_dag.py
[2026-03-25T11:58:33.562+0000] {logging_mixin.py:188} INFO - [2026-03-25T11:58:33.561+0000] {dag.py:3096} INFO - Sync 1 DAGs
[2026-03-25T11:58:33.585+0000] {logging_mixin.py:188} INFO - [2026-03-25T11:58:33.585+0000] {dag.py:3954} INFO - Setting next_dagrun for e_commerce_dw_etl to 2026-03-25 00:00:00+00:00, run_after=2026-03-26 00:00:00+00:00
[2026-03-25T11:58:33.607+0000] {processor.py:183} INFO - Processing /opt/airflow/dags/e_commerce_dw_dag.py took 0.161 seconds
[2026-03-25T11:59:04.135+0000] {processor.py:161} INFO - Started process (PID=2273) to work on /opt/airflow/dags/e_commerce_dw_dag.py
[2026-03-25T11:59:04.136+0000] {processor.py:830} INFO - Processing file /opt/airflow/dags/e_commerce_dw_dag.py for tasks to queue
[2026-03-25T11:59:04.138+0000] {logging_mixin.py:188} INFO - [2026-03-25T11:59:04.138+0000] {dagbag.py:545} INFO - Filling up the DagBag from /opt/airflow/dags/e_commerce_dw_dag.py
[2026-03-25T11:59:04.194+0000] {processor.py:840} INFO - DAG(s) 'e_commerce_dw_etl' retrieved from /opt/airflow/dags/e_commerce_dw_dag.py
[2026-03-25T11:59:04.226+0000] {logging_mixin.py:188} INFO - [2026-03-25T11:59:04.226+0000] {dag.py:3096} INFO - Sync 1 DAGs
[2026-03-25T11:59:04.249+0000] {logging_mixin.py:188} INFO - [2026-03-25T11:59:04.248+0000] {dag.py:3954} INFO - Setting next_dagrun for e_commerce_dw_etl to 2026-03-25 00:00:00+00:00, run_after=2026-03-26 00:00:00+00:00
[2026-03-25T11:59:04.270+0000] {processor.py:183} INFO - Processing /opt/airflow/dags/e_commerce_dw_dag.py took 0.141 seconds
[2026-03-25T11:59:34.930+0000] {processor.py:161} INFO - Started process (PID=2299) to work on /opt/airflow/dags/e_commerce_dw_dag.py
[2026-03-25T11:59:34.932+0000] {processor.py:830} INFO - Processing file /opt/airflow/dags/e_commerce_dw_dag.py for tasks to queue
[2026-03-25T11:59:34.937+0000] {logging_mixin.py:188} INFO - [2026-03-25T11:59:34.936+0000] {dagbag.py:545} INFO - Filling up the DagBag from /opt/airflow/dags/e_commerce_dw_dag.py
[2026-03-25T11:59:35.028+0000] {processor.py:840} INFO - DAG(s) 'e_commerce_dw_etl' retrieved from /opt/airflow/dags/e_commerce_dw_dag.py
[2026-03-25T11:59:35.063+0000] {logging_mixin.py:188} INFO - [2026-03-25T11:59:35.063+0000] {dag.py:3096} INFO - Sync 1 DAGs
[2026-03-25T11:59:35.084+0000] {logging_mixin.py:188} INFO - [2026-03-25T11:59:35.084+0000] {dag.py:3954} INFO - Setting next_dagrun for e_commerce_dw_etl to 2026-03-25 00:00:00+00:00, run_after=2026-03-26 00:00:00+00:00
[2026-03-25T11:59:35.106+0000] {processor.py:183} INFO - Processing /opt/airflow/dags/e_commerce_dw_dag.py took 0.185 seconds
[2026-03-25T12:00:05.792+0000] {processor.py:161} INFO - Started process (PID=2325) to work on /opt/airflow/dags/e_commerce_dw_dag.py
[2026-03-25T12:00:05.793+0000] {processor.py:830} INFO - Processing file /opt/airflow/dags/e_commerce_dw_dag.py for tasks to queue
[2026-03-25T12:00:05.795+0000] {logging_mixin.py:188} INFO - [2026-03-25T12:00:05.795+0000] {dagbag.py:545} INFO - Filling up the DagBag from /opt/airflow/dags/e_commerce_dw_dag.py
[2026-03-25T12:00:05.850+0000] {processor.py:840} INFO - DAG(s) 'e_commerce_dw_etl' retrieved from /opt/airflow/dags/e_commerce_dw_dag.py
[2026-03-25T12:00:05.882+0000] {logging_mixin.py:188} INFO - [2026-03-25T12:00:05.882+0000] {dag.py:3096} INFO - Sync 1 DAGs
[2026-03-25T12:00:05.904+0000] {logging_mixin.py:188} INFO - [2026-03-25T12:00:05.904+0000] {dag.py:3954} INFO - Setting next_dagrun for e_commerce_dw_etl to 2026-03-25 00:00:00+00:00, run_after=2026-03-26 00:00:00+00:00
[2026-03-25T12:00:05.927+0000] {processor.py:183} INFO - Processing /opt/airflow/dags/e_commerce_dw_dag.py took 0.141 seconds
[2026-03-25T12:00:36.580+0000] {processor.py:161} INFO - Started process (PID=2351) to work on /opt/airflow/dags/e_commerce_dw_dag.py
[2026-03-25T12:00:36.581+0000] {processor.py:830} INFO - Processing file /opt/airflow/dags/e_commerce_dw_dag.py for tasks to queue
[2026-03-25T12:00:36.583+0000] {logging_mixin.py:188} INFO - [2026-03-25T12:00:36.582+0000] {dagbag.py:545} INFO - Filling up the DagBag from /opt/airflow/dags/e_commerce_dw_dag.py
[2026-03-25T12:00:36.639+0000] {processor.py:840} INFO - DAG(s) 'e_commerce_dw_etl' retrieved from /opt/airflow/dags/e_commerce_dw_dag.py
[2026-03-25T12:00:36.668+0000] {logging_mixin.py:188} INFO - [2026-03-25T12:00:36.668+0000] {dag.py:3096} INFO - Sync 1 DAGs
[2026-03-25T12:00:36.691+0000] {logging_mixin.py:188} INFO - [2026-03-25T12:00:36.690+0000] {dag.py:3954} INFO - Setting next_dagrun for e_commerce_dw_etl to 2026-03-25 00:00:00+00:00, run_after=2026-03-26 00:00:00+00:00
[2026-03-25T12:00:36.711+0000] {processor.py:183} INFO - Processing /opt/airflow/dags/e_commerce_dw_dag.py took 0.137 seconds
[2026-03-25T12:01:07.437+0000] {processor.py:161} INFO - Started process (PID=2384) to work on /opt/airflow/dags/e_commerce_dw_dag.py
[2026-03-25T12:01:07.438+0000] {processor.py:830} INFO - Processing file /opt/airflow/dags/e_commerce_dw_dag.py for tasks to queue
[2026-03-25T12:01:07.440+0000] {logging_mixin.py:188} INFO - [2026-03-25T12:01:07.440+0000] {dagbag.py:545} INFO - Filling up the DagBag from /opt/airflow/dags/e_commerce_dw_dag.py
[2026-03-25T12:01:07.552+0000] {processor.py:840} INFO - DAG(s) 'e_commerce_dw_etl' retrieved from /opt/airflow/dags/e_commerce_dw_dag.py
[2026-03-25T12:01:07.589+0000] {logging_mixin.py:188} INFO - [2026-03-25T12:01:07.589+0000] {dag.py:3096} INFO - Sync 1 DAGs
[2026-03-25T12:01:07.610+0000] {logging_mixin.py:188} INFO - [2026-03-25T12:01:07.610+0000] {dag.py:3954} INFO - Setting next_dagrun for e_commerce_dw_etl to 2026-03-25 00:00:00+00:00, run_after=2026-03-26 00:00:00+00:00
[2026-03-25T12:01:07.633+0000] {processor.py:183} INFO - Processing /opt/airflow/dags/e_commerce_dw_dag.py took 0.204 seconds
[2026-03-25T12:01:38.305+0000] {processor.py:161} INFO - Started process (PID=2410) to work on /opt/airflow/dags/e_commerce_dw_dag.py
[2026-03-25T12:01:38.306+0000] {processor.py:830} INFO - Processing file /opt/airflow/dags/e_commerce_dw_dag.py for tasks to queue
[2026-03-25T12:01:38.308+0000] {logging_mixin.py:188} INFO - [2026-03-25T12:01:38.308+0000] {dagbag.py:545} INFO - Filling up the DagBag from /opt/airflow/dags/e_commerce_dw_dag.py
[2026-03-25T12:01:38.366+0000] {processor.py:840} INFO - DAG(s) 'e_commerce_dw_etl' retrieved from /opt/airflow/dags/e_commerce_dw_dag.py
[2026-03-25T12:01:38.397+0000] {logging_mixin.py:188} INFO - [2026-03-25T12:01:38.397+0000] {dag.py:3096} INFO - Sync 1 DAGs
[2026-03-25T12:01:38.419+0000] {logging_mixin.py:188} INFO - [2026-03-25T12:01:38.418+0000] {dag.py:3954} INFO - Setting next_dagrun for e_commerce_dw_etl to 2026-03-25 00:00:00+00:00, run_after=2026-03-26 00:00:00+00:00
[2026-03-25T12:01:38.442+0000] {processor.py:183} INFO - Processing /opt/airflow/dags/e_commerce_dw_dag.py took 0.143 seconds
[2026-03-25T12:02:09.234+0000] {processor.py:161} INFO - Started process (PID=2436) to work on /opt/airflow/dags/e_commerce_dw_dag.py
[2026-03-25T12:02:09.236+0000] {processor.py:830} INFO - Processing file /opt/airflow/dags/e_commerce_dw_dag.py for tasks to queue
[2026-03-25T12:02:09.239+0000] {logging_mixin.py:188} INFO - [2026-03-25T12:02:09.238+0000] {dagbag.py:545} INFO - Filling up the DagBag from /opt/airflow/dags/e_commerce_dw_dag.py
[2026-03-25T12:02:09.306+0000] {processor.py:840} INFO - DAG(s) 'e_commerce_dw_etl' retrieved from /opt/airflow/dags/e_commerce_dw_dag.py
[2026-03-25T12:02:09.341+0000] {logging_mixin.py:188} INFO - [2026-03-25T12:02:09.341+0000] {dag.py:3096} INFO - Sync 1 DAGs
[2026-03-25T12:02:09.369+0000] {logging_mixin.py:188} INFO - [2026-03-25T12:02:09.369+0000] {dag.py:3954} INFO - Setting next_dagrun for e_commerce_dw_etl to 2026-03-25 00:00:00+00:00, run_after=2026-03-26 00:00:00+00:00
[2026-03-25T12:02:09.394+0000] {processor.py:183} INFO - Processing /opt/airflow/dags/e_commerce_dw_dag.py took 0.166 seconds
[2026-03-25T12:02:40.111+0000] {processor.py:161} INFO - Started process (PID=2462) to work on /opt/airflow/dags/e_commerce_dw_dag.py
[2026-03-25T12:02:40.113+0000] {processor.py:830} INFO - Processing file /opt/airflow/dags/e_commerce_dw_dag.py for tasks to queue
[2026-03-25T12:02:40.116+0000] {logging_mixin.py:188} INFO - [2026-03-25T12:02:40.115+0000] {dagbag.py:545} INFO - Filling up the DagBag from /opt/airflow/dags/e_commerce_dw_dag.py
[2026-03-25T12:02:40.236+0000] {processor.py:840} INFO - DAG(s) 'e_commerce_dw_etl' retrieved from /opt/airflow/dags/e_commerce_dw_dag.py
[2026-03-25T12:02:40.267+0000] {logging_mixin.py:188} INFO - [2026-03-25T12:02:40.266+0000] {dag.py:3096} INFO - Sync 1 DAGs
[2026-03-25T12:02:40.286+0000] {logging_mixin.py:188} INFO - [2026-03-25T12:02:40.285+0000] {dag.py:3954} INFO - Setting next_dagrun for e_commerce_dw_etl to 2026-03-25 00:00:00+00:00, run_after=2026-03-26 00:00:00+00:00
[2026-03-25T12:02:40.303+0000] {processor.py:183} INFO - Processing /opt/airflow/dags/e_commerce_dw_dag.py took 0.201 seconds
[2026-03-25T12:03:10.936+0000] {processor.py:161} INFO - Started process (PID=2488) to work on /opt/airflow/dags/e_commerce_dw_dag.py
[2026-03-25T12:03:10.937+0000] {processor.py:830} INFO - Processing file /opt/airflow/dags/e_commerce_dw_dag.py for tasks to queue
[2026-03-25T12:03:10.939+0000] {logging_mixin.py:188} INFO - [2026-03-25T12:03:10.939+0000] {dagbag.py:545} INFO - Filling up the DagBag from /opt/airflow/dags/e_commerce_dw_dag.py
[2026-03-25T12:03:10.996+0000] {processor.py:840} INFO - DAG(s) 'e_commerce_dw_etl' retrieved from /opt/airflow/dags/e_commerce_dw_dag.py
[2026-03-25T12:03:11.028+0000] {logging_mixin.py:188} INFO - [2026-03-25T12:03:11.028+0000] {dag.py:3096} INFO - Sync 1 DAGs
[2026-03-25T12:03:11.051+0000] {logging_mixin.py:188} INFO - [2026-03-25T12:03:11.050+0000] {dag.py:3954} INFO - Setting next_dagrun for e_commerce_dw_etl to 2026-03-25 00:00:00+00:00, run_after=2026-03-26 00:00:00+00:00
[2026-03-25T12:03:11.073+0000] {processor.py:183} INFO - Processing /opt/airflow/dags/e_commerce_dw_dag.py took 0.144 seconds
[2026-03-25T12:03:41.709+0000] {processor.py:161} INFO - Started process (PID=2515) to work on /opt/airflow/dags/e_commerce_dw_dag.py
[2026-03-25T12:03:41.710+0000] {processor.py:830} INFO - Processing file /opt/airflow/dags/e_commerce_dw_dag.py for tasks to queue
[2026-03-25T12:03:41.712+0000] {logging_mixin.py:188} INFO - [2026-03-25T12:03:41.712+0000] {dagbag.py:545} INFO - Filling up the DagBag from /opt/airflow/dags/e_commerce_dw_dag.py
[2026-03-25T12:03:41.773+0000] {processor.py:840} INFO - DAG(s) 'e_commerce_dw_etl' retrieved from /opt/airflow/dags/e_commerce_dw_dag.py
[2026-03-25T12:03:41.804+0000] {logging_mixin.py:188} INFO - [2026-03-25T12:03:41.804+0000] {dag.py:3096} INFO - Sync 1 DAGs
[2026-03-25T12:03:41.827+0000] {logging_mixin.py:188} INFO - [2026-03-25T12:03:41.827+0000] {dag.py:3954} INFO - Setting next_dagrun for e_commerce_dw_etl to 2026-03-25 00:00:00+00:00, run_after=2026-03-26 00:00:00+00:00
[2026-03-25T12:03:41.848+0000] {processor.py:183} INFO - Processing /opt/airflow/dags/e_commerce_dw_dag.py took 0.146 seconds
[2026-03-25T12:04:12.582+0000] {processor.py:161} INFO - Started process (PID=2541) to work on /opt/airflow/dags/e_commerce_dw_dag.py
[2026-03-25T12:04:12.583+0000] {processor.py:830} INFO - Processing file /opt/airflow/dags/e_commerce_dw_dag.py for tasks to queue
[2026-03-25T12:04:12.585+0000] {logging_mixin.py:188} INFO - [2026-03-25T12:04:12.585+0000] {dagbag.py:545} INFO - Filling up the DagBag from /opt/airflow/dags/e_commerce_dw_dag.py
[2026-03-25T12:04:12.641+0000] {processor.py:840} INFO - DAG(s) 'e_commerce_dw_etl' retrieved from /opt/airflow/dags/e_commerce_dw_dag.py
[2026-03-25T12:04:12.673+0000] {logging_mixin.py:188} INFO - [2026-03-25T12:04:12.672+0000] {dag.py:3096} INFO - Sync 1 DAGs
[2026-03-25T12:04:12.696+0000] {logging_mixin.py:188} INFO - [2026-03-25T12:04:12.696+0000] {dag.py:3954} INFO - Setting next_dagrun for e_commerce_dw_etl to 2026-03-25 00:00:00+00:00, run_after=2026-03-26 00:00:00+00:00
[2026-03-25T12:04:12.718+0000] {processor.py:183} INFO - Processing /opt/airflow/dags/e_commerce_dw_dag.py took 0.143 seconds
[2026-03-25T12:04:43.472+0000] {processor.py:161} INFO - Started process (PID=2567) to work on /opt/airflow/dags/e_commerce_dw_dag.py
[2026-03-25T12:04:43.473+0000] {processor.py:830} INFO - Processing file /opt/airflow/dags/e_commerce_dw_dag.py for tasks to queue
[2026-03-25T12:04:43.475+0000] {logging_mixin.py:188} INFO - [2026-03-25T12:04:43.475+0000] {dagbag.py:545} INFO - Filling up the DagBag from /opt/airflow/dags/e_commerce_dw_dag.py
[2026-03-25T12:04:43.533+0000] {processor.py:840} INFO - DAG(s) 'e_commerce_dw_etl' retrieved from /opt/airflow/dags/e_commerce_dw_dag.py
[2026-03-25T12:04:43.566+0000] {logging_mixin.py:188} INFO - [2026-03-25T12:04:43.566+0000] {dag.py:3096} INFO - Sync 1 DAGs
[2026-03-25T12:04:43.588+0000] {logging_mixin.py:188} INFO - [2026-03-25T12:04:43.588+0000] {dag.py:3954} INFO - Setting next_dagrun for e_commerce_dw_etl to 2026-03-25 00:00:00+00:00, run_after=2026-03-26 00:00:00+00:00
[2026-03-25T12:04:43.609+0000] {processor.py:183} INFO - Processing /opt/airflow/dags/e_commerce_dw_dag.py took 0.143 seconds
[2026-03-25T12:05:14.314+0000] {processor.py:161} INFO - Started process (PID=2594) to work on /opt/airflow/dags/e_commerce_dw_dag.py
[2026-03-25T12:05:14.316+0000] {processor.py:830} INFO - Processing file /opt/airflow/dags/e_commerce_dw_dag.py for tasks to queue
[2026-03-25T12:05:14.319+0000] {logging_mixin.py:188} INFO - [2026-03-25T12:05:14.318+0000] {dagbag.py:545} INFO - Filling up the DagBag from /opt/airflow/dags/e_commerce_dw_dag.py
[2026-03-25T12:05:14.367+0000] {processor.py:840} INFO - DAG(s) 'e_commerce_dw_etl' retrieved from /opt/airflow/dags/e_commerce_dw_dag.py
[2026-03-25T12:05:14.396+0000] {logging_mixin.py:188} INFO - [2026-03-25T12:05:14.396+0000] {dag.py:3096} INFO - Sync 1 DAGs
[2026-03-25T12:05:14.418+0000] {logging_mixin.py:188} INFO - [2026-03-25T12:05:14.417+0000] {dag.py:3954} INFO - Setting next_dagrun for e_commerce_dw_etl to 2026-03-25 00:00:00+00:00, run_after=2026-03-26 00:00:00+00:00
[2026-03-25T12:05:14.441+0000] {processor.py:183} INFO - Processing /opt/airflow/dags/e_commerce_dw_dag.py took 0.133 seconds
[2026-03-25T12:05:45.282+0000] {processor.py:161} INFO - Started process (PID=2620) to work on /opt/airflow/dags/e_commerce_dw_dag.py
[2026-03-25T12:05:45.283+0000] {processor.py:830} INFO - Processing file /opt/airflow/dags/e_commerce_dw_dag.py for tasks to queue
[2026-03-25T12:05:45.286+0000] {logging_mixin.py:188} INFO - [2026-03-25T12:05:45.286+0000] {dagbag.py:545} INFO - Filling up the DagBag from /opt/airflow/dags/e_commerce_dw_dag.py
[2026-03-25T12:05:45.336+0000] {processor.py:840} INFO - DAG(s) 'e_commerce_dw_etl' retrieved from /opt/airflow/dags/e_commerce_dw_dag.py
[2026-03-25T12:05:45.366+0000] {logging_mixin.py:188} INFO - [2026-03-25T12:05:45.366+0000] {dag.py:3096} INFO - Sync 1 DAGs
[2026-03-25T12:05:45.387+0000] {logging_mixin.py:188} INFO - [2026-03-25T12:05:45.387+0000] {dag.py:3954} INFO - Setting next_dagrun for e_commerce_dw_etl to 2026-03-25 00:00:00+00:00, run_after=2026-03-26 00:00:00+00:00
[2026-03-25T12:05:45.411+0000] {processor.py:183} INFO - Processing /opt/airflow/dags/e_commerce_dw_dag.py took 0.137 seconds
[2026-03-25T12:06:16.078+0000] {processor.py:161} INFO - Started process (PID=2646) to work on /opt/airflow/dags/e_commerce_dw_dag.py
[2026-03-25T12:06:16.080+0000] {processor.py:830} INFO - Processing file /opt/airflow/dags/e_commerce_dw_dag.py for tasks to queue
[2026-03-25T12:06:16.081+0000] {logging_mixin.py:188} INFO - [2026-03-25T12:06:16.081+0000] {dagbag.py:545} INFO - Filling up the DagBag from /opt/airflow/dags/e_commerce_dw_dag.py
[2026-03-25T12:06:16.137+0000] {processor.py:840} INFO - DAG(s) 'e_commerce_dw_etl' retrieved from /opt/airflow/dags/e_commerce_dw_dag.py
[2026-03-25T12:06:16.168+0000] {logging_mixin.py:188} INFO - [2026-03-25T12:06:16.167+0000] {dag.py:3096} INFO - Sync 1 DAGs
[2026-03-25T12:06:16.190+0000] {logging_mixin.py:188} INFO - [2026-03-25T12:06:16.190+0000] {dag.py:3954} INFO - Setting next_dagrun for e_commerce_dw_etl to 2026-03-25 00:00:00+00:00, run_after=2026-03-26 00:00:00+00:00
[2026-03-25T12:06:16.213+0000] {processor.py:183} INFO - Processing /opt/airflow/dags/e_commerce_dw_dag.py took 0.140 seconds
[2026-03-25T12:06:46.852+0000] {processor.py:161} INFO - Started process (PID=2672) to work on /opt/airflow/dags/e_commerce_dw_dag.py
[2026-03-25T12:06:46.853+0000] {processor.py:830} INFO - Processing file /opt/airflow/dags/e_commerce_dw_dag.py for tasks to queue
[2026-03-25T12:06:46.855+0000] {logging_mixin.py:188} INFO - [2026-03-25T12:06:46.855+0000] {dagbag.py:545} INFO - Filling up the DagBag from /opt/airflow/dags/e_commerce_dw_dag.py
[2026-03-25T12:06:46.918+0000] {processor.py:840} INFO - DAG(s) 'e_commerce_dw_etl' retrieved from /opt/airflow/dags/e_commerce_dw_dag.py
[2026-03-25T12:06:46.977+0000] {logging_mixin.py:188} INFO - [2026-03-25T12:06:46.977+0000] {dag.py:3096} INFO - Sync 1 DAGs
[2026-03-25T12:06:47.039+0000] {logging_mixin.py:188} INFO - [2026-03-25T12:06:47.038+0000] {dag.py:3954} INFO - Setting next_dagrun for e_commerce_dw_etl to 2026-03-25 00:00:00+00:00, run_after=2026-03-26 00:00:00+00:00
[2026-03-25T12:06:47.095+0000] {processor.py:183} INFO - Processing /opt/airflow/dags/e_commerce_dw_dag.py took 0.250 seconds
[2026-03-25T12:07:17.659+0000] {processor.py:161} INFO - Started process (PID=2698) to work on /opt/airflow/dags/e_commerce_dw_dag.py
[2026-03-25T12:07:17.660+0000] {processor.py:830} INFO - Processing file /opt/airflow/dags/e_commerce_dw_dag.py for tasks to queue
[2026-03-25T12:07:17.662+0000] {logging_mixin.py:188} INFO - [2026-03-25T12:07:17.661+0000] {dagbag.py:545} INFO - Filling up the DagBag from /opt/airflow/dags/e_commerce_dw_dag.py
[2026-03-25T12:07:17.736+0000] {processor.py:840} INFO - DAG(s) 'e_commerce_dw_etl' retrieved from /opt/airflow/dags/e_commerce_dw_dag.py
[2026-03-25T12:07:17.778+0000] {logging_mixin.py:188} INFO - [2026-03-25T12:07:17.778+0000] {dag.py:3096} INFO - Sync 1 DAGs
[2026-03-25T12:07:17.804+0000] {logging_mixin.py:188} INFO - [2026-03-25T12:07:17.804+0000] {dag.py:3954} INFO - Setting next_dagrun for e_commerce_dw_etl to 2026-03-25 00:00:00+00:00, run_after=2026-03-26 00:00:00+00:00
[2026-03-25T12:07:17.825+0000] {processor.py:183} INFO - Processing /opt/airflow/dags/e_commerce_dw_dag.py took 0.173 seconds
[2026-03-25T12:07:48.456+0000] {processor.py:161} INFO - Started process (PID=2724) to work on /opt/airflow/dags/e_commerce_dw_dag.py
[2026-03-25T12:07:48.457+0000] {processor.py:830} INFO - Processing file /opt/airflow/dags/e_commerce_dw_dag.py for tasks to queue
[2026-03-25T12:07:48.459+0000] {logging_mixin.py:188} INFO - [2026-03-25T12:07:48.459+0000] {dagbag.py:545} INFO - Filling up the DagBag from /opt/airflow/dags/e_commerce_dw_dag.py
[2026-03-25T12:07:48.516+0000] {processor.py:840} INFO - DAG(s) 'e_commerce_dw_etl' retrieved from /opt/airflow/dags/e_commerce_dw_dag.py
[2026-03-25T12:07:48.547+0000] {logging_mixin.py:188} INFO - [2026-03-25T12:07:48.547+0000] {dag.py:3096} INFO - Sync 1 DAGs
[2026-03-25T12:07:48.569+0000] {logging_mixin.py:188} INFO - [2026-03-25T12:07:48.569+0000] {dag.py:3954} INFO - Setting next_dagrun for e_commerce_dw_etl to 2026-03-25 00:00:00+00:00, run_after=2026-03-26 00:00:00+00:00
[2026-03-25T12:07:48.591+0000] {processor.py:183} INFO - Processing /opt/airflow/dags/e_commerce_dw_dag.py took 0.141 seconds
[2026-03-25T12:08:19.179+0000] {processor.py:161} INFO - Started process (PID=2750) to work on /opt/airflow/dags/e_commerce_dw_dag.py
[2026-03-25T12:08:19.180+0000] {processor.py:830} INFO - Processing file /opt/airflow/dags/e_commerce_dw_dag.py for tasks to queue
[2026-03-25T12:08:19.182+0000] {logging_mixin.py:188} INFO - [2026-03-25T12:08:19.181+0000] {dagbag.py:545} INFO - Filling up the DagBag from /opt/airflow/dags/e_commerce_dw_dag.py
[2026-03-25T12:08:19.236+0000] {processor.py:840} INFO - DAG(s) 'e_commerce_dw_etl' retrieved from /opt/airflow/dags/e_commerce_dw_dag.py
[2026-03-25T12:08:19.268+0000] {logging_mixin.py:188} INFO - [2026-03-25T12:08:19.268+0000] {dag.py:3096} INFO - Sync 1 DAGs
[2026-03-25T12:08:19.291+0000] {logging_mixin.py:188} INFO - [2026-03-25T12:08:19.290+0000] {dag.py:3954} INFO - Setting next_dagrun for e_commerce_dw_etl to 2026-03-25 00:00:00+00:00, run_after=2026-03-26 00:00:00+00:00
[2026-03-25T12:08:19.312+0000] {processor.py:183} INFO - Processing /opt/airflow/dags/e_commerce_dw_dag.py took 0.140 seconds
[2026-03-25T12:08:50.006+0000] {processor.py:161} INFO - Started process (PID=2776) to work on /opt/airflow/dags/e_commerce_dw_dag.py
[2026-03-25T12:08:50.008+0000] {processor.py:830} INFO - Processing file /opt/airflow/dags/e_commerce_dw_dag.py for tasks to queue
[2026-03-25T12:08:50.010+0000] {logging_mixin.py:188} INFO - [2026-03-25T12:08:50.009+0000] {dagbag.py:545} INFO - Filling up the DagBag from /opt/airflow/dags/e_commerce_dw_dag.py
[2026-03-25T12:08:50.064+0000] {processor.py:840} INFO - DAG(s) 'e_commerce_dw_etl' retrieved from /opt/airflow/dags/e_commerce_dw_dag.py
[2026-03-25T12:08:50.096+0000] {logging_mixin.py:188} INFO - [2026-03-25T12:08:50.095+0000] {dag.py:3096} INFO - Sync 1 DAGs
[2026-03-25T12:08:50.118+0000] {logging_mixin.py:188} INFO - [2026-03-25T12:08:50.117+0000] {dag.py:3954} INFO - Setting next_dagrun for e_commerce_dw_etl to 2026-03-25 00:00:00+00:00, run_after=2026-03-26 00:00:00+00:00
[2026-03-25T12:08:50.141+0000] {processor.py:183} INFO - Processing /opt/airflow/dags/e_commerce_dw_dag.py took 0.140 seconds
[2026-03-25T12:09:20.768+0000] {processor.py:161} INFO - Started process (PID=2802) to work on /opt/airflow/dags/e_commerce_dw_dag.py
[2026-03-25T12:09:20.769+0000] {processor.py:830} INFO - Processing file /opt/airflow/dags/e_commerce_dw_dag.py for tasks to queue
[2026-03-25T12:09:20.771+0000] {logging_mixin.py:188} INFO - [2026-03-25T12:09:20.771+0000] {dagbag.py:545} INFO - Filling up the DagBag from /opt/airflow/dags/e_commerce_dw_dag.py
[2026-03-25T12:09:20.827+0000] {processor.py:840} INFO - DAG(s) 'e_commerce_dw_etl' retrieved from /opt/airflow/dags/e_commerce_dw_dag.py
[2026-03-25T12:09:20.859+0000] {logging_mixin.py:188} INFO - [2026-03-25T12:09:20.859+0000] {dag.py:3096} INFO - Sync 1 DAGs
[2026-03-25T12:09:20.883+0000] {logging_mixin.py:188} INFO - [2026-03-25T12:09:20.883+0000] {dag.py:3954} INFO - Setting next_dagrun for e_commerce_dw_etl to 2026-03-25 00:00:00+00:00, run_after=2026-03-26 00:00:00+00:00
[2026-03-25T12:09:20.905+0000] {processor.py:183} INFO - Processing /opt/airflow/dags/e_commerce_dw_dag.py took 0.143 seconds
[2026-03-25T12:09:51.696+0000] {processor.py:161} INFO - Started process (PID=2828) to work on /opt/airflow/dags/e_commerce_dw_dag.py
[2026-03-25T12:09:51.697+0000] {processor.py:830} INFO - Processing file /opt/airflow/dags/e_commerce_dw_dag.py for tasks to queue
[2026-03-25T12:09:51.699+0000] {logging_mixin.py:188} INFO - [2026-03-25T12:09:51.699+0000] {dagbag.py:545} INFO - Filling up the DagBag from /opt/airflow/dags/e_commerce_dw_dag.py
[2026-03-25T12:09:51.766+0000] {processor.py:840} INFO - DAG(s) 'e_commerce_dw_etl' retrieved from /opt/airflow/dags/e_commerce_dw_dag.py
[2026-03-25T12:09:51.798+0000] {logging_mixin.py:188} INFO - [2026-03-25T12:09:51.798+0000] {dag.py:3096} INFO - Sync 1 DAGs
[2026-03-25T12:09:51.819+0000] {logging_mixin.py:188} INFO - [2026-03-25T12:09:51.819+0000] {dag.py:3954} INFO - Setting next_dagrun for e_commerce_dw_etl to 2026-03-25 00:00:00+00:00, run_after=2026-03-26 00:00:00+00:00
[2026-03-25T12:09:51.841+0000] {processor.py:183} INFO - Processing /opt/airflow/dags/e_commerce_dw_dag.py took 0.151 seconds
[2026-03-25T12:10:22.467+0000] {processor.py:161} INFO - Started process (PID=2854) to work on /opt/airflow/dags/e_commerce_dw_dag.py
[2026-03-25T12:10:22.468+0000] {processor.py:830} INFO - Processing file /opt/airflow/dags/e_commerce_dw_dag.py for tasks to queue
[2026-03-25T12:10:22.470+0000] {logging_mixin.py:188} INFO - [2026-03-25T12:10:22.470+0000] {dagbag.py:545} INFO - Filling up the DagBag from /opt/airflow/dags/e_commerce_dw_dag.py
[2026-03-25T12:10:22.525+0000] {processor.py:840} INFO - DAG(s) 'e_commerce_dw_etl' retrieved from /opt/airflow/dags/e_commerce_dw_dag.py
[2026-03-25T12:10:22.555+0000] {logging_mixin.py:188} INFO - [2026-03-25T12:10:22.555+0000] {dag.py:3096} INFO - Sync 1 DAGs
[2026-03-25T12:10:22.577+0000] {logging_mixin.py:188} INFO - [2026-03-25T12:10:22.576+0000] {dag.py:3954} INFO - Setting next_dagrun for e_commerce_dw_etl to 2026-03-25 00:00:00+00:00, run_after=2026-03-26 00:00:00+00:00
[2026-03-25T12:10:22.600+0000] {processor.py:183} INFO - Processing /opt/airflow/dags/e_commerce_dw_dag.py took 0.139 seconds
[2026-03-25T12:10:53.413+0000] {processor.py:161} INFO - Started process (PID=2880) to work on /opt/airflow/dags/e_commerce_dw_dag.py
[2026-03-25T12:10:53.415+0000] {processor.py:830} INFO - Processing file /opt/airflow/dags/e_commerce_dw_dag.py for tasks to queue
[2026-03-25T12:10:53.416+0000] {logging_mixin.py:188} INFO - [2026-03-25T12:10:53.416+0000] {dagbag.py:545} INFO - Filling up the DagBag from /opt/airflow/dags/e_commerce_dw_dag.py
[2026-03-25T12:10:53.471+0000] {processor.py:840} INFO - DAG(s) 'e_commerce_dw_etl' retrieved from /opt/airflow/dags/e_commerce_dw_dag.py
[2026-03-25T12:10:53.504+0000] {logging_mixin.py:188} INFO - [2026-03-25T12:10:53.504+0000] {dag.py:3096} INFO - Sync 1 DAGs
[2026-03-25T12:10:53.526+0000] {logging_mixin.py:188} INFO - [2026-03-25T12:10:53.526+0000] {dag.py:3954} INFO - Setting next_dagrun for e_commerce_dw_etl to 2026-03-25 00:00:00+00:00, run_after=2026-03-26 00:00:00+00:00
[2026-03-25T12:10:53.548+0000] {processor.py:183} INFO - Processing /opt/airflow/dags/e_commerce_dw_dag.py took 0.141 seconds
[2026-03-25T12:11:24.261+0000] {processor.py:161} INFO - Started process (PID=2906) to work on /opt/airflow/dags/e_commerce_dw_dag.py
[2026-03-25T12:11:24.263+0000] {processor.py:830} INFO - Processing file /opt/airflow/dags/e_commerce_dw_dag.py for tasks to queue
[2026-03-25T12:11:24.265+0000] {logging_mixin.py:188} INFO - [2026-03-25T12:11:24.265+0000] {dagbag.py:545} INFO - Filling up the DagBag from /opt/airflow/dags/e_commerce_dw_dag.py
[2026-03-25T12:11:24.348+0000] {processor.py:840} INFO - DAG(s) 'e_commerce_dw_etl' retrieved from /opt/airflow/dags/e_commerce_dw_dag.py
[2026-03-25T12:11:24.404+0000] {logging_mixin.py:188} INFO - [2026-03-25T12:11:24.403+0000] {dag.py:3096} INFO - Sync 1 DAGs
[2026-03-25T12:11:24.425+0000] {logging_mixin.py:188} INFO - [2026-03-25T12:11:24.425+0000] {dag.py:3954} INFO - Setting next_dagrun for e_commerce_dw_etl to 2026-03-25 00:00:00+00:00, run_after=2026-03-26 00:00:00+00:00
[2026-03-25T12:11:24.445+0000] {processor.py:183} INFO - Processing /opt/airflow/dags/e_commerce_dw_dag.py took 0.190 seconds
[2026-03-25T12:11:55.248+0000] {processor.py:161} INFO - Started process (PID=2932) to work on /opt/airflow/dags/e_commerce_dw_dag.py
[2026-03-25T12:11:55.249+0000] {processor.py:830} INFO - Processing file /opt/airflow/dags/e_commerce_dw_dag.py for tasks to queue
[2026-03-25T12:11:55.251+0000] {logging_mixin.py:188} INFO - [2026-03-25T12:11:55.251+0000] {dagbag.py:545} INFO - Filling up the DagBag from /opt/airflow/dags/e_commerce_dw_dag.py
[2026-03-25T12:11:55.310+0000] {processor.py:840} INFO - DAG(s) 'e_commerce_dw_etl' retrieved from /opt/airflow/dags/e_commerce_dw_dag.py
[2026-03-25T12:11:55.346+0000] {logging_mixin.py:188} INFO - [2026-03-25T12:11:55.346+0000] {dag.py:3096} INFO - Sync 1 DAGs
[2026-03-25T12:11:55.370+0000] {logging_mixin.py:188} INFO - [2026-03-25T12:11:55.370+0000] {dag.py:3954} INFO - Setting next_dagrun for e_commerce_dw_etl to 2026-03-25 00:00:00+00:00, run_after=2026-03-26 00:00:00+00:00
[2026-03-25T12:11:55.397+0000] {processor.py:183} INFO - Processing /opt/airflow/dags/e_commerce_dw_dag.py took 0.155 seconds
[2026-03-25T12:12:26.078+0000] {processor.py:161} INFO - Started process (PID=2958) to work on /opt/airflow/dags/e_commerce_dw_dag.py
[2026-03-25T12:12:26.079+0000] {processor.py:830} INFO - Processing file /opt/airflow/dags/e_commerce_dw_dag.py for tasks to queue
[2026-03-25T12:12:26.081+0000] {logging_mixin.py:188} INFO - [2026-03-25T12:12:26.081+0000] {dagbag.py:545} INFO - Filling up the DagBag from /opt/airflow/dags/e_commerce_dw_dag.py
[2026-03-25T12:12:26.136+0000] {processor.py:840} INFO - DAG(s) 'e_commerce_dw_etl' retrieved from /opt/airflow/dags/e_commerce_dw_dag.py
[2026-03-25T12:12:26.169+0000] {logging_mixin.py:188} INFO - [2026-03-25T12:12:26.168+0000] {dag.py:3096} INFO - Sync 1 DAGs
[2026-03-25T12:12:26.194+0000] {logging_mixin.py:188} INFO - [2026-03-25T12:12:26.194+0000] {dag.py:3954} INFO - Setting next_dagrun for e_commerce_dw_etl to 2026-03-25 00:00:00+00:00, run_after=2026-03-26 00:00:00+00:00
[2026-03-25T12:12:26.217+0000] {processor.py:183} INFO - Processing /opt/airflow/dags/e_commerce_dw_dag.py took 0.145 seconds
[2026-03-25T12:12:56.970+0000] {processor.py:161} INFO - Started process (PID=2984) to work on /opt/airflow/dags/e_commerce_dw_dag.py
[2026-03-25T12:12:56.972+0000] {processor.py:830} INFO - Processing file /opt/airflow/dags/e_commerce_dw_dag.py for tasks to queue
[2026-03-25T12:12:56.974+0000] {logging_mixin.py:188} INFO - [2026-03-25T12:12:56.974+0000] {dagbag.py:545} INFO - Filling up the DagBag from /opt/airflow/dags/e_commerce_dw_dag.py
[2026-03-25T12:12:57.064+0000] {processor.py:840} INFO - DAG(s) 'e_commerce_dw_etl' retrieved from /opt/airflow/dags/e_commerce_dw_dag.py
[2026-03-25T12:12:57.102+0000] {logging_mixin.py:188} INFO - [2026-03-25T12:12:57.102+0000] {dag.py:3096} INFO - Sync 1 DAGs
[2026-03-25T12:12:57.126+0000] {logging_mixin.py:188} INFO - [2026-03-25T12:12:57.126+0000] {dag.py:3954} INFO - Setting next_dagrun for e_commerce_dw_etl to 2026-03-25 00:00:00+00:00, run_after=2026-03-26 00:00:00+00:00
[2026-03-25T12:12:57.146+0000] {processor.py:183} INFO - Processing /opt/airflow/dags/e_commerce_dw_dag.py took 0.182 seconds
[2026-03-25T12:13:27.924+0000] {processor.py:161} INFO - Started process (PID=3010) to work on /opt/airflow/dags/e_commerce_dw_dag.py
[2026-03-25T12:13:27.925+0000] {processor.py:830} INFO - Processing file /opt/airflow/dags/e_commerce_dw_dag.py for tasks to queue
[2026-03-25T12:13:27.927+0000] {logging_mixin.py:188} INFO - [2026-03-25T12:13:27.927+0000] {dagbag.py:545} INFO - Filling up the DagBag from /opt/airflow/dags/e_commerce_dw_dag.py
[2026-03-25T12:13:28.051+0000] {processor.py:840} INFO - DAG(s) 'e_commerce_dw_etl' retrieved from /opt/airflow/dags/e_commerce_dw_dag.py
[2026-03-25T12:13:28.084+0000] {logging_mixin.py:188} INFO - [2026-03-25T12:13:28.084+0000] {dag.py:3096} INFO - Sync 1 DAGs
[2026-03-25T12:13:28.105+0000] {logging_mixin.py:188} INFO - [2026-03-25T12:13:28.105+0000] {dag.py:3954} INFO - Setting next_dagrun for e_commerce_dw_etl to 2026-03-25 00:00:00+00:00, run_after=2026-03-26 00:00:00+00:00
[2026-03-25T12:13:28.129+0000] {processor.py:183} INFO - Processing /opt/airflow/dags/e_commerce_dw_dag.py took 0.212 seconds
[2026-03-25T12:13:58.952+0000] {processor.py:161} INFO - Started process (PID=3036) to work on /opt/airflow/dags/e_commerce_dw_dag.py
[2026-03-25T12:13:58.953+0000] {processor.py:830} INFO - Processing file /opt/airflow/dags/e_commerce_dw_dag.py for tasks to queue
[2026-03-25T12:13:58.954+0000] {logging_mixin.py:188} INFO - [2026-03-25T12:13:58.954+0000] {dagbag.py:545} INFO - Filling up the DagBag from /opt/airflow/dags/e_commerce_dw_dag.py
[2026-03-25T12:13:59.009+0000] {processor.py:840} INFO - DAG(s) 'e_commerce_dw_etl' retrieved from /opt/airflow/dags/e_commerce_dw_dag.py
[2026-03-25T12:13:59.043+0000] {logging_mixin.py:188} INFO - [2026-03-25T12:13:59.042+0000] {dag.py:3096} INFO - Sync 1 DAGs
[2026-03-25T12:13:59.065+0000] {logging_mixin.py:188} INFO - [2026-03-25T12:13:59.065+0000] {dag.py:3954} INFO - Setting next_dagrun for e_commerce_dw_etl to 2026-03-25 00:00:00+00:00, run_after=2026-03-26 00:00:00+00:00
[2026-03-25T12:13:59.088+0000] {processor.py:183} INFO - Processing /opt/airflow/dags/e_commerce_dw_dag.py took 0.142 seconds
[2026-03-25T12:14:29.791+0000] {processor.py:161} INFO - Started process (PID=3062) to work on /opt/airflow/dags/e_commerce_dw_dag.py
[2026-03-25T12:14:29.792+0000] {processor.py:830} INFO - Processing file /opt/airflow/dags/e_commerce_dw_dag.py for tasks to queue
[2026-03-25T12:14:29.794+0000] {logging_mixin.py:188} INFO - [2026-03-25T12:14:29.794+0000] {dagbag.py:545} INFO - Filling up the DagBag from /opt/airflow/dags/e_commerce_dw_dag.py
[2026-03-25T12:14:29.849+0000] {processor.py:840} INFO - DAG(s) 'e_commerce_dw_etl' retrieved from /opt/airflow/dags/e_commerce_dw_dag.py
[2026-03-25T12:14:29.879+0000] {logging_mixin.py:188} INFO - [2026-03-25T12:14:29.879+0000] {dag.py:3096} INFO - Sync 1 DAGs
[2026-03-25T12:14:29.903+0000] {logging_mixin.py:188} INFO - [2026-03-25T12:14:29.902+0000] {dag.py:3954} INFO - Setting next_dagrun for e_commerce_dw_etl to 2026-03-25 00:00:00+00:00, run_after=2026-03-26 00:00:00+00:00
[2026-03-25T12:14:29.928+0000] {processor.py:183} INFO - Processing /opt/airflow/dags/e_commerce_dw_dag.py took 0.144 seconds
[2026-03-25T12:15:00.701+0000] {processor.py:161} INFO - Started process (PID=3089) to work on /opt/airflow/dags/e_commerce_dw_dag.py
[2026-03-25T12:15:00.702+0000] {processor.py:830} INFO - Processing file /opt/airflow/dags/e_commerce_dw_dag.py for tasks to queue
[2026-03-25T12:15:00.704+0000] {logging_mixin.py:188} INFO - [2026-03-25T12:15:00.704+0000] {dagbag.py:545} INFO - Filling up the DagBag from /opt/airflow/dags/e_commerce_dw_dag.py
[2026-03-25T12:15:00.760+0000] {processor.py:840} INFO - DAG(s) 'e_commerce_dw_etl' retrieved from /opt/airflow/dags/e_commerce_dw_dag.py
[2026-03-25T12:15:00.793+0000] {logging_mixin.py:188} INFO - [2026-03-25T12:15:00.792+0000] {dag.py:3096} INFO - Sync 1 DAGs
[2026-03-25T12:15:00.815+0000] {logging_mixin.py:188} INFO - [2026-03-25T12:15:00.815+0000] {dag.py:3954} INFO - Setting next_dagrun for e_commerce_dw_etl to 2026-03-25 00:00:00+00:00, run_after=2026-03-26 00:00:00+00:00
[2026-03-25T12:15:00.834+0000] {processor.py:183} INFO - Processing /opt/airflow/dags/e_commerce_dw_dag.py took 0.140 seconds
[2026-03-25T12:15:31.557+0000] {processor.py:161} INFO - Started process (PID=3115) to work on /opt/airflow/dags/e_commerce_dw_dag.py
[2026-03-25T12:15:31.558+0000] {processor.py:830} INFO - Processing file /opt/airflow/dags/e_commerce_dw_dag.py for tasks to queue
[2026-03-25T12:15:31.560+0000] {logging_mixin.py:188} INFO - [2026-03-25T12:15:31.560+0000] {dagbag.py:545} INFO - Filling up the DagBag from /opt/airflow/dags/e_commerce_dw_dag.py
[2026-03-25T12:15:31.615+0000] {processor.py:840} INFO - DAG(s) 'e_commerce_dw_etl' retrieved from /opt/airflow/dags/e_commerce_dw_dag.py
[2026-03-25T12:15:31.647+0000] {logging_mixin.py:188} INFO - [2026-03-25T12:15:31.647+0000] {dag.py:3096} INFO - Sync 1 DAGs
[2026-03-25T12:15:31.668+0000] {logging_mixin.py:188} INFO - [2026-03-25T12:15:31.668+0000] {dag.py:3954} INFO - Setting next_dagrun for e_commerce_dw_etl to 2026-03-25 00:00:00+00:00, run_after=2026-03-26 00:00:00+00:00
[2026-03-25T12:15:31.690+0000] {processor.py:183} INFO - Processing /opt/airflow/dags/e_commerce_dw_dag.py took 0.139 seconds
[2026-03-25T12:16:02.362+0000] {processor.py:161} INFO - Started process (PID=3141) to work on /opt/airflow/dags/e_commerce_dw_dag.py
[2026-03-25T12:16:02.363+0000] {processor.py:830} INFO - Processing file /opt/airflow/dags/e_commerce_dw_dag.py for tasks to queue
[2026-03-25T12:16:02.365+0000] {logging_mixin.py:188} INFO - [2026-03-25T12:16:02.365+0000] {dagbag.py:545} INFO - Filling up the DagBag from /opt/airflow/dags/e_commerce_dw_dag.py
[2026-03-25T12:16:02.419+0000] {processor.py:840} INFO - DAG(s) 'e_commerce_dw_etl' retrieved from /opt/airflow/dags/e_commerce_dw_dag.py
[2026-03-25T12:16:02.449+0000] {logging_mixin.py:188} INFO - [2026-03-25T12:16:02.449+0000] {dag.py:3096} INFO - Sync 1 DAGs
[2026-03-25T12:16:02.472+0000] {logging_mixin.py:188} INFO - [2026-03-25T12:16:02.472+0000] {dag.py:3954} INFO - Setting next_dagrun for e_commerce_dw_etl to 2026-03-25 00:00:00+00:00, run_after=2026-03-26 00:00:00+00:00
[2026-03-25T12:16:02.494+0000] {processor.py:183} INFO - Processing /opt/airflow/dags/e_commerce_dw_dag.py took 0.138 seconds
[2026-03-25T12:16:33.162+0000] {processor.py:161} INFO - Started process (PID=3167) to work on /opt/airflow/dags/e_commerce_dw_dag.py
[2026-03-25T12:16:33.163+0000] {processor.py:830} INFO - Processing file /opt/airflow/dags/e_commerce_dw_dag.py for tasks to queue
[2026-03-25T12:16:33.165+0000] {logging_mixin.py:188} INFO - [2026-03-25T12:16:33.165+0000] {dagbag.py:545} INFO - Filling up the DagBag from /opt/airflow/dags/e_commerce_dw_dag.py
[2026-03-25T12:16:33.223+0000] {processor.py:840} INFO - DAG(s) 'e_commerce_dw_etl' retrieved from /opt/airflow/dags/e_commerce_dw_dag.py
[2026-03-25T12:16:33.252+0000] {logging_mixin.py:188} INFO - [2026-03-25T12:16:33.251+0000] {dag.py:3096} INFO - Sync 1 DAGs
[2026-03-25T12:16:33.273+0000] {logging_mixin.py:188} INFO - [2026-03-25T12:16:33.273+0000] {dag.py:3954} INFO - Setting next_dagrun for e_commerce_dw_etl to 2026-03-25 00:00:00+00:00, run_after=2026-03-26 00:00:00+00:00
[2026-03-25T12:16:33.298+0000] {processor.py:183} INFO - Processing /opt/airflow/dags/e_commerce_dw_dag.py took 0.146 seconds
[2026-03-25T12:17:03.911+0000] {processor.py:161} INFO - Started process (PID=3193) to work on /opt/airflow/dags/e_commerce_dw_dag.py
[2026-03-25T12:17:03.912+0000] {processor.py:830} INFO - Processing file /opt/airflow/dags/e_commerce_dw_dag.py for tasks to queue
[2026-03-25T12:17:03.913+0000] {logging_mixin.py:188} INFO - [2026-03-25T12:17:03.913+0000] {dagbag.py:545} INFO - Filling up the DagBag from /opt/airflow/dags/e_commerce_dw_dag.py
[2026-03-25T12:17:03.969+0000] {processor.py:840} INFO - DAG(s) 'e_commerce_dw_etl' retrieved from /opt/airflow/dags/e_commerce_dw_dag.py
[2026-03-25T12:17:04.001+0000] {logging_mixin.py:188} INFO - [2026-03-25T12:17:04.001+0000] {dag.py:3096} INFO - Sync 1 DAGs
[2026-03-25T12:17:04.025+0000] {logging_mixin.py:188} INFO - [2026-03-25T12:17:04.024+0000] {dag.py:3954} INFO - Setting next_dagrun for e_commerce_dw_etl to 2026-03-25 00:00:00+00:00, run_after=2026-03-26 00:00:00+00:00
[2026-03-25T12:17:04.045+0000] {processor.py:183} INFO - Processing /opt/airflow/dags/e_commerce_dw_dag.py took 0.140 seconds
[2026-03-25T12:17:34.728+0000] {processor.py:161} INFO - Started process (PID=3219) to work on /opt/airflow/dags/e_commerce_dw_dag.py
[2026-03-25T12:17:34.730+0000] {processor.py:830} INFO - Processing file /opt/airflow/dags/e_commerce_dw_dag.py for tasks to queue
[2026-03-25T12:17:34.732+0000] {logging_mixin.py:188} INFO - [2026-03-25T12:17:34.732+0000] {dagbag.py:545} INFO - Filling up the DagBag from /opt/airflow/dags/e_commerce_dw_dag.py
[2026-03-25T12:17:34.790+0000] {processor.py:840} INFO - DAG(s) 'e_commerce_dw_etl' retrieved from /opt/airflow/dags/e_commerce_dw_dag.py
[2026-03-25T12:17:34.821+0000] {logging_mixin.py:188} INFO - [2026-03-25T12:17:34.820+0000] {dag.py:3096} INFO - Sync 1 DAGs
[2026-03-25T12:17:34.843+0000] {logging_mixin.py:188} INFO - [2026-03-25T12:17:34.843+0000] {dag.py:3954} INFO - Setting next_dagrun for e_commerce_dw_etl to 2026-03-25 00:00:00+00:00, run_after=2026-03-26 00:00:00+00:00
[2026-03-25T12:17:34.864+0000] {processor.py:183} INFO - Processing /opt/airflow/dags/e_commerce_dw_dag.py took 0.142 seconds
[2026-03-25T12:18:05.557+0000] {processor.py:161} INFO - Started process (PID=3246) to work on /opt/airflow/dags/e_commerce_dw_dag.py
[2026-03-25T12:18:05.558+0000] {processor.py:830} INFO - Processing file /opt/airflow/dags/e_commerce_dw_dag.py for tasks to queue
[2026-03-25T12:18:05.560+0000] {logging_mixin.py:188} INFO - [2026-03-25T12:18:05.560+0000] {dagbag.py:545} INFO - Filling up the DagBag from /opt/airflow/dags/e_commerce_dw_dag.py
[2026-03-25T12:18:05.621+0000] {processor.py:840} INFO - DAG(s) 'e_commerce_dw_etl' retrieved from /opt/airflow/dags/e_commerce_dw_dag.py
[2026-03-25T12:18:05.653+0000] {logging_mixin.py:188} INFO - [2026-03-25T12:18:05.653+0000] {dag.py:3096} INFO - Sync 1 DAGs
[2026-03-25T12:18:05.683+0000] {logging_mixin.py:188} INFO - [2026-03-25T12:18:05.682+0000] {dag.py:3954} INFO - Setting next_dagrun for e_commerce_dw_etl to 2026-03-25 00:00:00+00:00, run_after=2026-03-26 00:00:00+00:00
[2026-03-25T12:18:05.714+0000] {processor.py:183} INFO - Processing /opt/airflow/dags/e_commerce_dw_dag.py took 0.164 seconds
[2026-03-25T12:18:36.584+0000] {processor.py:161} INFO - Started process (PID=3272) to work on /opt/airflow/dags/e_commerce_dw_dag.py
[2026-03-25T12:18:36.585+0000] {processor.py:830} INFO - Processing file /opt/airflow/dags/e_commerce_dw_dag.py for tasks to queue
[2026-03-25T12:18:36.587+0000] {logging_mixin.py:188} INFO - [2026-03-25T12:18:36.587+0000] {dagbag.py:545} INFO - Filling up the DagBag from /opt/airflow/dags/e_commerce_dw_dag.py
[2026-03-25T12:18:36.644+0000] {processor.py:840} INFO - DAG(s) 'e_commerce_dw_etl' retrieved from /opt/airflow/dags/e_commerce_dw_dag.py
[2026-03-25T12:18:36.677+0000] {logging_mixin.py:188} INFO - [2026-03-25T12:18:36.676+0000] {dag.py:3096} INFO - Sync 1 DAGs
[2026-03-25T12:18:36.699+0000] {logging_mixin.py:188} INFO - [2026-03-25T12:18:36.698+0000] {dag.py:3954} INFO - Setting next_dagrun for e_commerce_dw_etl to 2026-03-25 00:00:00+00:00, run_after=2026-03-26 00:00:00+00:00
[2026-03-25T12:18:36.720+0000] {processor.py:183} INFO - Processing /opt/airflow/dags/e_commerce_dw_dag.py took 0.142 seconds
[2026-03-25T12:19:07.379+0000] {processor.py:161} INFO - Started process (PID=3298) to work on /opt/airflow/dags/e_commerce_dw_dag.py
[2026-03-25T12:19:07.380+0000] {processor.py:830} INFO - Processing file /opt/airflow/dags/e_commerce_dw_dag.py for tasks to queue
[2026-03-25T12:19:07.383+0000] {logging_mixin.py:188} INFO - [2026-03-25T12:19:07.382+0000] {dagbag.py:545} INFO - Filling up the DagBag from /opt/airflow/dags/e_commerce_dw_dag.py
[2026-03-25T12:19:07.441+0000] {processor.py:840} INFO - DAG(s) 'e_commerce_dw_etl' retrieved from /opt/airflow/dags/e_commerce_dw_dag.py
[2026-03-25T12:19:07.474+0000] {logging_mixin.py:188} INFO - [2026-03-25T12:19:07.474+0000] {dag.py:3096} INFO - Sync 1 DAGs
[2026-03-25T12:19:07.496+0000] {logging_mixin.py:188} INFO - [2026-03-25T12:19:07.496+0000] {dag.py:3954} INFO - Setting next_dagrun for e_commerce_dw_etl to 2026-03-25 00:00:00+00:00, run_after=2026-03-26 00:00:00+00:00
[2026-03-25T12:19:07.519+0000] {processor.py:183} INFO - Processing /opt/airflow/dags/e_commerce_dw_dag.py took 0.146 seconds
[2026-03-25T12:19:38.184+0000] {processor.py:161} INFO - Started process (PID=3324) to work on /opt/airflow/dags/e_commerce_dw_dag.py
[2026-03-25T12:19:38.185+0000] {processor.py:830} INFO - Processing file /opt/airflow/dags/e_commerce_dw_dag.py for tasks to queue
[2026-03-25T12:19:38.187+0000] {logging_mixin.py:188} INFO - [2026-03-25T12:19:38.187+0000] {dagbag.py:545} INFO - Filling up the DagBag from /opt/airflow/dags/e_commerce_dw_dag.py
[2026-03-25T12:19:38.275+0000] {processor.py:840} INFO - DAG(s) 'e_commerce_dw_etl' retrieved from /opt/airflow/dags/e_commerce_dw_dag.py
[2026-03-25T12:19:38.310+0000] {logging_mixin.py:188} INFO - [2026-03-25T12:19:38.309+0000] {dag.py:3096} INFO - Sync 1 DAGs
[2026-03-25T12:19:38.330+0000] {logging_mixin.py:188} INFO - [2026-03-25T12:19:38.329+0000] {dag.py:3954} INFO - Setting next_dagrun for e_commerce_dw_etl to 2026-03-25 00:00:00+00:00, run_after=2026-03-26 00:00:00+00:00
[2026-03-25T12:19:38.356+0000] {processor.py:183} INFO - Processing /opt/airflow/dags/e_commerce_dw_dag.py took 0.178 seconds
[2026-03-25T12:20:09.050+0000] {processor.py:161} INFO - Started process (PID=3350) to work on /opt/airflow/dags/e_commerce_dw_dag.py
[2026-03-25T12:20:09.051+0000] {processor.py:830} INFO - Processing file /opt/airflow/dags/e_commerce_dw_dag.py for tasks to queue
[2026-03-25T12:20:09.053+0000] {logging_mixin.py:188} INFO - [2026-03-25T12:20:09.053+0000] {dagbag.py:545} INFO - Filling up the DagBag from /opt/airflow/dags/e_commerce_dw_dag.py
[2026-03-25T12:20:09.109+0000] {processor.py:840} INFO - DAG(s) 'e_commerce_dw_etl' retrieved from /opt/airflow/dags/e_commerce_dw_dag.py
[2026-03-25T12:20:09.141+0000] {logging_mixin.py:188} INFO - [2026-03-25T12:20:09.141+0000] {dag.py:3096} INFO - Sync 1 DAGs
[2026-03-25T12:20:09.163+0000] {logging_mixin.py:188} INFO - [2026-03-25T12:20:09.163+0000] {dag.py:3954} INFO - Setting next_dagrun for e_commerce_dw_etl to 2026-03-25 00:00:00+00:00, run_after=2026-03-26 00:00:00+00:00
[2026-03-25T12:20:09.183+0000] {processor.py:183} INFO - Processing /opt/airflow/dags/e_commerce_dw_dag.py took 0.140 seconds
[2026-03-25T12:20:39.938+0000] {processor.py:161} INFO - Started process (PID=3376) to work on /opt/airflow/dags/e_commerce_dw_dag.py
[2026-03-25T12:20:39.939+0000] {processor.py:830} INFO - Processing file /opt/airflow/dags/e_commerce_dw_dag.py for tasks to queue
[2026-03-25T12:20:39.941+0000] {logging_mixin.py:188} INFO - [2026-03-25T12:20:39.941+0000] {dagbag.py:545} INFO - Filling up the DagBag from /opt/airflow/dags/e_commerce_dw_dag.py
[2026-03-25T12:20:40.023+0000] {processor.py:840} INFO - DAG(s) 'e_commerce_dw_etl' retrieved from /opt/airflow/dags/e_commerce_dw_dag.py
[2026-03-25T12:20:40.057+0000] {logging_mixin.py:188} INFO - [2026-03-25T12:20:40.056+0000] {dag.py:3096} INFO - Sync 1 DAGs
[2026-03-25T12:20:40.081+0000] {logging_mixin.py:188} INFO - [2026-03-25T12:20:40.080+0000] {dag.py:3954} INFO - Setting next_dagrun for e_commerce_dw_etl to 2026-03-25 00:00:00+00:00, run_after=2026-03-26 00:00:00+00:00
[2026-03-25T12:20:40.104+0000] {processor.py:183} INFO - Processing /opt/airflow/dags/e_commerce_dw_dag.py took 0.173 seconds
[2026-03-25T12:21:10.788+0000] {processor.py:161} INFO - Started process (PID=3408) to work on /opt/airflow/dags/e_commerce_dw_dag.py
[2026-03-25T12:21:10.789+0000] {processor.py:830} INFO - Processing file /opt/airflow/dags/e_commerce_dw_dag.py for tasks to queue
[2026-03-25T12:21:10.792+0000] {logging_mixin.py:188} INFO - [2026-03-25T12:21:10.792+0000] {dagbag.py:545} INFO - Filling up the DagBag from /opt/airflow/dags/e_commerce_dw_dag.py
[2026-03-25T12:21:10.846+0000] {processor.py:840} INFO - DAG(s) 'e_commerce_dw_etl' retrieved from /opt/airflow/dags/e_commerce_dw_dag.py
[2026-03-25T12:21:10.879+0000] {logging_mixin.py:188} INFO - [2026-03-25T12:21:10.879+0000] {dag.py:3096} INFO - Sync 1 DAGs
[2026-03-25T12:21:10.901+0000] {logging_mixin.py:188} INFO - [2026-03-25T12:21:10.901+0000] {dag.py:3954} INFO - Setting next_dagrun for e_commerce_dw_etl to 2026-03-25 00:00:00+00:00, run_after=2026-03-26 00:00:00+00:00
[2026-03-25T12:21:10.922+0000] {processor.py:183} INFO - Processing /opt/airflow/dags/e_commerce_dw_dag.py took 0.140 seconds
[2026-03-25T12:21:41.566+0000] {processor.py:161} INFO - Started process (PID=3434) to work on /opt/airflow/dags/e_commerce_dw_dag.py
[2026-03-25T12:21:41.567+0000] {processor.py:830} INFO - Processing file /opt/airflow/dags/e_commerce_dw_dag.py for tasks to queue
[2026-03-25T12:21:41.569+0000] {logging_mixin.py:188} INFO - [2026-03-25T12:21:41.569+0000] {dagbag.py:545} INFO - Filling up the DagBag from /opt/airflow/dags/e_commerce_dw_dag.py
[2026-03-25T12:21:41.640+0000] {processor.py:840} INFO - DAG(s) 'e_commerce_dw_etl' retrieved from /opt/airflow/dags/e_commerce_dw_dag.py
[2026-03-25T12:21:41.676+0000] {logging_mixin.py:188} INFO - [2026-03-25T12:21:41.676+0000] {dag.py:3096} INFO - Sync 1 DAGs
[2026-03-25T12:21:41.702+0000] {logging_mixin.py:188} INFO - [2026-03-25T12:21:41.702+0000] {dag.py:3954} INFO - Setting next_dagrun for e_commerce_dw_etl to 2026-03-25 00:00:00+00:00, run_after=2026-03-26 00:00:00+00:00
[2026-03-25T12:21:41.727+0000] {processor.py:183} INFO - Processing /opt/airflow/dags/e_commerce_dw_dag.py took 0.168 seconds
[2026-03-25T12:22:12.389+0000] {processor.py:161} INFO - Started process (PID=3460) to work on /opt/airflow/dags/e_commerce_dw_dag.py
[2026-03-25T12:22:12.390+0000] {processor.py:830} INFO - Processing file /opt/airflow/dags/e_commerce_dw_dag.py for tasks to queue
[2026-03-25T12:22:12.392+0000] {logging_mixin.py:188} INFO - [2026-03-25T12:22:12.392+0000] {dagbag.py:545} INFO - Filling up the DagBag from /opt/airflow/dags/e_commerce_dw_dag.py
[2026-03-25T12:22:12.447+0000] {processor.py:840} INFO - DAG(s) 'e_commerce_dw_etl' retrieved from /opt/airflow/dags/e_commerce_dw_dag.py
[2026-03-25T12:22:12.479+0000] {logging_mixin.py:188} INFO - [2026-03-25T12:22:12.479+0000] {dag.py:3096} INFO - Sync 1 DAGs
[2026-03-25T12:22:12.502+0000] {logging_mixin.py:188} INFO - [2026-03-25T12:22:12.501+0000] {dag.py:3954} INFO - Setting next_dagrun for e_commerce_dw_etl to 2026-03-25 00:00:00+00:00, run_after=2026-03-26 00:00:00+00:00
[2026-03-25T12:22:12.527+0000] {processor.py:183} INFO - Processing /opt/airflow/dags/e_commerce_dw_dag.py took 0.144 seconds
[2026-03-25T12:22:43.260+0000] {processor.py:161} INFO - Started process (PID=3486) to work on /opt/airflow/dags/e_commerce_dw_dag.py
[2026-03-25T12:22:43.261+0000] {processor.py:830} INFO - Processing file /opt/airflow/dags/e_commerce_dw_dag.py for tasks to queue
[2026-03-25T12:22:43.262+0000] {logging_mixin.py:188} INFO - [2026-03-25T12:22:43.262+0000] {dagbag.py:545} INFO - Filling up the DagBag from /opt/airflow/dags/e_commerce_dw_dag.py
[2026-03-25T12:22:43.323+0000] {processor.py:840} INFO - DAG(s) 'e_commerce_dw_etl' retrieved from /opt/airflow/dags/e_commerce_dw_dag.py
[2026-03-25T12:22:43.353+0000] {logging_mixin.py:188} INFO - [2026-03-25T12:22:43.353+0000] {dag.py:3096} INFO - Sync 1 DAGs
[2026-03-25T12:22:43.375+0000] {logging_mixin.py:188} INFO - [2026-03-25T12:22:43.375+0000] {dag.py:3954} INFO - Setting next_dagrun for e_commerce_dw_etl to 2026-03-25 00:00:00+00:00, run_after=2026-03-26 00:00:00+00:00
[2026-03-25T12:22:43.397+0000] {processor.py:183} INFO - Processing /opt/airflow/dags/e_commerce_dw_dag.py took 0.144 seconds
[2026-03-25T12:23:14.141+0000] {processor.py:161} INFO - Started process (PID=3512) to work on /opt/airflow/dags/e_commerce_dw_dag.py
[2026-03-25T12:23:14.142+0000] {processor.py:830} INFO - Processing file /opt/airflow/dags/e_commerce_dw_dag.py for tasks to queue
[2026-03-25T12:23:14.144+0000] {logging_mixin.py:188} INFO - [2026-03-25T12:23:14.144+0000] {dagbag.py:545} INFO - Filling up the DagBag from /opt/airflow/dags/e_commerce_dw_dag.py
[2026-03-25T12:23:14.199+0000] {processor.py:840} INFO - DAG(s) 'e_commerce_dw_etl' retrieved from /opt/airflow/dags/e_commerce_dw_dag.py
[2026-03-25T12:23:14.228+0000] {logging_mixin.py:188} INFO - [2026-03-25T12:23:14.228+0000] {dag.py:3096} INFO - Sync 1 DAGs
[2026-03-25T12:23:14.251+0000] {logging_mixin.py:188} INFO - [2026-03-25T12:23:14.251+0000] {dag.py:3954} INFO - Setting next_dagrun for e_commerce_dw_etl to 2026-03-25 00:00:00+00:00, run_after=2026-03-26 00:00:00+00:00
[2026-03-25T12:23:14.273+0000] {processor.py:183} INFO - Processing /opt/airflow/dags/e_commerce_dw_dag.py took 0.138 seconds
[2026-03-25T12:23:45.146+0000] {processor.py:161} INFO - Started process (PID=3538) to work on /opt/airflow/dags/e_commerce_dw_dag.py
[2026-03-25T12:23:45.147+0000] {processor.py:830} INFO - Processing file /opt/airflow/dags/e_commerce_dw_dag.py for tasks to queue
[2026-03-25T12:23:45.149+0000] {logging_mixin.py:188} INFO - [2026-03-25T12:23:45.148+0000] {dagbag.py:545} INFO - Filling up the DagBag from /opt/airflow/dags/e_commerce_dw_dag.py
[2026-03-25T12:23:45.205+0000] {processor.py:840} INFO - DAG(s) 'e_commerce_dw_etl' retrieved from /opt/airflow/dags/e_commerce_dw_dag.py
[2026-03-25T12:23:45.238+0000] {logging_mixin.py:188} INFO - [2026-03-25T12:23:45.238+0000] {dag.py:3096} INFO - Sync 1 DAGs
[2026-03-25T12:23:45.260+0000] {logging_mixin.py:188} INFO - [2026-03-25T12:23:45.260+0000] {dag.py:3954} INFO - Setting next_dagrun for e_commerce_dw_etl to 2026-03-25 00:00:00+00:00, run_after=2026-03-26 00:00:00+00:00
[2026-03-25T12:23:45.281+0000] {processor.py:183} INFO - Processing /opt/airflow/dags/e_commerce_dw_dag.py took 0.142 seconds
[2026-03-25T12:24:15.985+0000] {processor.py:161} INFO - Started process (PID=3564) to work on /opt/airflow/dags/e_commerce_dw_dag.py
[2026-03-25T12:24:15.987+0000] {processor.py:830} INFO - Processing file /opt/airflow/dags/e_commerce_dw_dag.py for tasks to queue
[2026-03-25T12:24:15.990+0000] {logging_mixin.py:188} INFO - [2026-03-25T12:24:15.990+0000] {dagbag.py:545} INFO - Filling up the DagBag from /opt/airflow/dags/e_commerce_dw_dag.py
[2026-03-25T12:24:16.114+0000] {processor.py:840} INFO - DAG(s) 'e_commerce_dw_etl' retrieved from /opt/airflow/dags/e_commerce_dw_dag.py
[2026-03-25T12:24:16.165+0000] {logging_mixin.py:188} INFO - [2026-03-25T12:24:16.165+0000] {dag.py:3096} INFO - Sync 1 DAGs
[2026-03-25T12:24:16.187+0000] {logging_mixin.py:188} INFO - [2026-03-25T12:24:16.187+0000] {dag.py:3954} INFO - Setting next_dagrun for e_commerce_dw_etl to 2026-03-25 00:00:00+00:00, run_after=2026-03-26 00:00:00+00:00
[2026-03-25T12:24:16.205+0000] {processor.py:183} INFO - Processing /opt/airflow/dags/e_commerce_dw_dag.py took 0.234 seconds
[2026-03-25T12:24:46.929+0000] {processor.py:161} INFO - Started process (PID=3590) to work on /opt/airflow/dags/e_commerce_dw_dag.py
[2026-03-25T12:24:46.930+0000] {processor.py:830} INFO - Processing file /opt/airflow/dags/e_commerce_dw_dag.py for tasks to queue
[2026-03-25T12:24:46.932+0000] {logging_mixin.py:188} INFO - [2026-03-25T12:24:46.932+0000] {dagbag.py:545} INFO - Filling up the DagBag from /opt/airflow/dags/e_commerce_dw_dag.py
[2026-03-25T12:24:46.991+0000] {processor.py:840} INFO - DAG(s) 'e_commerce_dw_etl' retrieved from /opt/airflow/dags/e_commerce_dw_dag.py
[2026-03-25T12:24:47.023+0000] {logging_mixin.py:188} INFO - [2026-03-25T12:24:47.023+0000] {dag.py:3096} INFO - Sync 1 DAGs
[2026-03-25T12:24:47.045+0000] {logging_mixin.py:188} INFO - [2026-03-25T12:24:47.045+0000] {dag.py:3954} INFO - Setting next_dagrun for e_commerce_dw_etl to 2026-03-25 00:00:00+00:00, run_after=2026-03-26 00:00:00+00:00
[2026-03-25T12:24:47.068+0000] {processor.py:183} INFO - Processing /opt/airflow/dags/e_commerce_dw_dag.py took 0.145 seconds
[2026-03-25T12:25:17.815+0000] {processor.py:161} INFO - Started process (PID=3616) to work on /opt/airflow/dags/e_commerce_dw_dag.py
[2026-03-25T12:25:17.816+0000] {processor.py:830} INFO - Processing file /opt/airflow/dags/e_commerce_dw_dag.py for tasks to queue
[2026-03-25T12:25:17.819+0000] {logging_mixin.py:188} INFO - [2026-03-25T12:25:17.818+0000] {dagbag.py:545} INFO - Filling up the DagBag from /opt/airflow/dags/e_commerce_dw_dag.py
[2026-03-25T12:25:17.869+0000] {processor.py:840} INFO - DAG(s) 'e_commerce_dw_etl' retrieved from /opt/airflow/dags/e_commerce_dw_dag.py
[2026-03-25T12:25:17.900+0000] {logging_mixin.py:188} INFO - [2026-03-25T12:25:17.900+0000] {dag.py:3096} INFO - Sync 1 DAGs
[2026-03-25T12:25:17.923+0000] {logging_mixin.py:188} INFO - [2026-03-25T12:25:17.923+0000] {dag.py:3954} INFO - Setting next_dagrun for e_commerce_dw_etl to 2026-03-25 00:00:00+00:00, run_after=2026-03-26 00:00:00+00:00
[2026-03-25T12:25:17.945+0000] {processor.py:183} INFO - Processing /opt/airflow/dags/e_commerce_dw_dag.py took 0.137 seconds
[2026-03-25T12:25:48.587+0000] {processor.py:161} INFO - Started process (PID=3642) to work on /opt/airflow/dags/e_commerce_dw_dag.py
[2026-03-25T12:25:48.588+0000] {processor.py:830} INFO - Processing file /opt/airflow/dags/e_commerce_dw_dag.py for tasks to queue
[2026-03-25T12:25:48.591+0000] {logging_mixin.py:188} INFO - [2026-03-25T12:25:48.590+0000] {dagbag.py:545} INFO - Filling up the DagBag from /opt/airflow/dags/e_commerce_dw_dag.py
[2026-03-25T12:25:48.670+0000] {processor.py:840} INFO - DAG(s) 'e_commerce_dw_etl' retrieved from /opt/airflow/dags/e_commerce_dw_dag.py
[2026-03-25T12:25:48.710+0000] {logging_mixin.py:188} INFO - [2026-03-25T12:25:48.709+0000] {dag.py:3096} INFO - Sync 1 DAGs
[2026-03-25T12:25:48.730+0000] {logging_mixin.py:188} INFO - [2026-03-25T12:25:48.729+0000] {dag.py:3954} INFO - Setting next_dagrun for e_commerce_dw_etl to 2026-03-25 00:00:00+00:00, run_after=2026-03-26 00:00:00+00:00
[2026-03-25T12:25:48.751+0000] {processor.py:183} INFO - Processing /opt/airflow/dags/e_commerce_dw_dag.py took 0.170 seconds
[2026-03-25T12:26:19.461+0000] {processor.py:161} INFO - Started process (PID=3668) to work on /opt/airflow/dags/e_commerce_dw_dag.py
[2026-03-25T12:26:19.462+0000] {processor.py:830} INFO - Processing file /opt/airflow/dags/e_commerce_dw_dag.py for tasks to queue
[2026-03-25T12:26:19.464+0000] {logging_mixin.py:188} INFO - [2026-03-25T12:26:19.464+0000] {dagbag.py:545} INFO - Filling up the DagBag from /opt/airflow/dags/e_commerce_dw_dag.py
[2026-03-25T12:26:19.524+0000] {processor.py:840} INFO - DAG(s) 'e_commerce_dw_etl' retrieved from /opt/airflow/dags/e_commerce_dw_dag.py
[2026-03-25T12:26:19.555+0000] {logging_mixin.py:188} INFO - [2026-03-25T12:26:19.555+0000] {dag.py:3096} INFO - Sync 1 DAGs
[2026-03-25T12:26:19.579+0000] {logging_mixin.py:188} INFO - [2026-03-25T12:26:19.578+0000] {dag.py:3954} INFO - Setting next_dagrun for e_commerce_dw_etl to 2026-03-25 00:00:00+00:00, run_after=2026-03-26 00:00:00+00:00
[2026-03-25T12:26:19.601+0000] {processor.py:183} INFO - Processing /opt/airflow/dags/e_commerce_dw_dag.py took 0.147 seconds
[2026-03-25T12:26:50.282+0000] {processor.py:161} INFO - Started process (PID=3694) to work on /opt/airflow/dags/e_commerce_dw_dag.py
[2026-03-25T12:26:50.284+0000] {processor.py:830} INFO - Processing file /opt/airflow/dags/e_commerce_dw_dag.py for tasks to queue
[2026-03-25T12:26:50.286+0000] {logging_mixin.py:188} INFO - [2026-03-25T12:26:50.285+0000] {dagbag.py:545} INFO - Filling up the DagBag from /opt/airflow/dags/e_commerce_dw_dag.py
[2026-03-25T12:26:50.342+0000] {processor.py:840} INFO - DAG(s) 'e_commerce_dw_etl' retrieved from /opt/airflow/dags/e_commerce_dw_dag.py
[2026-03-25T12:26:50.373+0000] {logging_mixin.py:188} INFO - [2026-03-25T12:26:50.373+0000] {dag.py:3096} INFO - Sync 1 DAGs
[2026-03-25T12:26:50.398+0000] {logging_mixin.py:188} INFO - [2026-03-25T12:26:50.397+0000] {dag.py:3954} INFO - Setting next_dagrun for e_commerce_dw_etl to 2026-03-25 00:00:00+00:00, run_after=2026-03-26 00:00:00+00:00
[2026-03-25T12:26:50.421+0000] {processor.py:183} INFO - Processing /opt/airflow/dags/e_commerce_dw_dag.py took 0.145 seconds
[2026-03-25T12:27:21.134+0000] {processor.py:161} INFO - Started process (PID=3720) to work on /opt/airflow/dags/e_commerce_dw_dag.py
[2026-03-25T12:27:21.135+0000] {processor.py:830} INFO - Processing file /opt/airflow/dags/e_commerce_dw_dag.py for tasks to queue
[2026-03-25T12:27:21.138+0000] {logging_mixin.py:188} INFO - [2026-03-25T12:27:21.137+0000] {dagbag.py:545} INFO - Filling up the DagBag from /opt/airflow/dags/e_commerce_dw_dag.py
[2026-03-25T12:27:21.197+0000] {processor.py:840} INFO - DAG(s) 'e_commerce_dw_etl' retrieved from /opt/airflow/dags/e_commerce_dw_dag.py
[2026-03-25T12:27:21.230+0000] {logging_mixin.py:188} INFO - [2026-03-25T12:27:21.229+0000] {dag.py:3096} INFO - Sync 1 DAGs
[2026-03-25T12:27:21.251+0000] {logging_mixin.py:188} INFO - [2026-03-25T12:27:21.250+0000] {dag.py:3954} INFO - Setting next_dagrun for e_commerce_dw_etl to 2026-03-25 00:00:00+00:00, run_after=2026-03-26 00:00:00+00:00
[2026-03-25T12:27:21.273+0000] {processor.py:183} INFO - Processing /opt/airflow/dags/e_commerce_dw_dag.py took 0.145 seconds
[2026-03-25T12:27:51.913+0000] {processor.py:161} INFO - Started process (PID=3746) to work on /opt/airflow/dags/e_commerce_dw_dag.py
[2026-03-25T12:27:51.914+0000] {processor.py:830} INFO - Processing file /opt/airflow/dags/e_commerce_dw_dag.py for tasks to queue
[2026-03-25T12:27:51.916+0000] {logging_mixin.py:188} INFO - [2026-03-25T12:27:51.916+0000] {dagbag.py:545} INFO - Filling up the DagBag from /opt/airflow/dags/e_commerce_dw_dag.py
[2026-03-25T12:27:51.973+0000] {processor.py:840} INFO - DAG(s) 'e_commerce_dw_etl' retrieved from /opt/airflow/dags/e_commerce_dw_dag.py
[2026-03-25T12:27:52.003+0000] {logging_mixin.py:188} INFO - [2026-03-25T12:27:52.002+0000] {dag.py:3096} INFO - Sync 1 DAGs
[2026-03-25T12:27:52.025+0000] {logging_mixin.py:188} INFO - [2026-03-25T12:27:52.025+0000] {dag.py:3954} INFO - Setting next_dagrun for e_commerce_dw_etl to 2026-03-25 00:00:00+00:00, run_after=2026-03-26 00:00:00+00:00
[2026-03-25T12:27:52.048+0000] {processor.py:183} INFO - Processing /opt/airflow/dags/e_commerce_dw_dag.py took 0.141 seconds
[2026-03-25T12:28:22.835+0000] {processor.py:161} INFO - Started process (PID=3772) to work on /opt/airflow/dags/e_commerce_dw_dag.py
[2026-03-25T12:28:22.836+0000] {processor.py:830} INFO - Processing file /opt/airflow/dags/e_commerce_dw_dag.py for tasks to queue
[2026-03-25T12:28:22.838+0000] {logging_mixin.py:188} INFO - [2026-03-25T12:28:22.838+0000] {dagbag.py:545} INFO - Filling up the DagBag from /opt/airflow/dags/e_commerce_dw_dag.py
[2026-03-25T12:28:22.900+0000] {processor.py:840} INFO - DAG(s) 'e_commerce_dw_etl' retrieved from /opt/airflow/dags/e_commerce_dw_dag.py
[2026-03-25T12:28:22.934+0000] {logging_mixin.py:188} INFO - [2026-03-25T12:28:22.934+0000] {dag.py:3096} INFO - Sync 1 DAGs
[2026-03-25T12:28:22.956+0000] {logging_mixin.py:188} INFO - [2026-03-25T12:28:22.956+0000] {dag.py:3954} INFO - Setting next_dagrun for e_commerce_dw_etl to 2026-03-25 00:00:00+00:00, run_after=2026-03-26 00:00:00+00:00
[2026-03-25T12:28:22.979+0000] {processor.py:183} INFO - Processing /opt/airflow/dags/e_commerce_dw_dag.py took 0.149 seconds
[2026-03-25T12:28:53.876+0000] {processor.py:161} INFO - Started process (PID=3798) to work on /opt/airflow/dags/e_commerce_dw_dag.py
[2026-03-25T12:28:53.878+0000] {processor.py:830} INFO - Processing file /opt/airflow/dags/e_commerce_dw_dag.py for tasks to queue
[2026-03-25T12:28:53.881+0000] {logging_mixin.py:188} INFO - [2026-03-25T12:28:53.880+0000] {dagbag.py:545} INFO - Filling up the DagBag from /opt/airflow/dags/e_commerce_dw_dag.py
[2026-03-25T12:28:53.932+0000] {processor.py:840} INFO - DAG(s) 'e_commerce_dw_etl' retrieved from /opt/airflow/dags/e_commerce_dw_dag.py
[2026-03-25T12:28:53.963+0000] {logging_mixin.py:188} INFO - [2026-03-25T12:28:53.963+0000] {dag.py:3096} INFO - Sync 1 DAGs
[2026-03-25T12:28:53.985+0000] {logging_mixin.py:188} INFO - [2026-03-25T12:28:53.985+0000] {dag.py:3954} INFO - Setting next_dagrun for e_commerce_dw_etl to 2026-03-25 00:00:00+00:00, run_after=2026-03-26 00:00:00+00:00
[2026-03-25T12:28:54.008+0000] {processor.py:183} INFO - Processing /opt/airflow/dags/e_commerce_dw_dag.py took 0.138 seconds
[2026-03-25T12:29:24.764+0000] {processor.py:161} INFO - Started process (PID=3824) to work on /opt/airflow/dags/e_commerce_dw_dag.py
[2026-03-25T12:29:24.765+0000] {processor.py:830} INFO - Processing file /opt/airflow/dags/e_commerce_dw_dag.py for tasks to queue
[2026-03-25T12:29:24.768+0000] {logging_mixin.py:188} INFO - [2026-03-25T12:29:24.767+0000] {dagbag.py:545} INFO - Filling up the DagBag from /opt/airflow/dags/e_commerce_dw_dag.py
[2026-03-25T12:29:24.822+0000] {processor.py:840} INFO - DAG(s) 'e_commerce_dw_etl' retrieved from /opt/airflow/dags/e_commerce_dw_dag.py
[2026-03-25T12:29:24.852+0000] {logging_mixin.py:188} INFO - [2026-03-25T12:29:24.851+0000] {dag.py:3096} INFO - Sync 1 DAGs
[2026-03-25T12:29:24.873+0000] {logging_mixin.py:188} INFO - [2026-03-25T12:29:24.873+0000] {dag.py:3954} INFO - Setting next_dagrun for e_commerce_dw_etl to 2026-03-25 00:00:00+00:00, run_after=2026-03-26 00:00:00+00:00
[2026-03-25T12:29:24.894+0000] {processor.py:183} INFO - Processing /opt/airflow/dags/e_commerce_dw_dag.py took 0.140 seconds
[2026-03-25T12:29:55.529+0000] {processor.py:161} INFO - Started process (PID=3850) to work on /opt/airflow/dags/e_commerce_dw_dag.py
[2026-03-25T12:29:55.530+0000] {processor.py:830} INFO - Processing file /opt/airflow/dags/e_commerce_dw_dag.py for tasks to queue
[2026-03-25T12:29:55.532+0000] {logging_mixin.py:188} INFO - [2026-03-25T12:29:55.531+0000] {dagbag.py:545} INFO - Filling up the DagBag from /opt/airflow/dags/e_commerce_dw_dag.py
[2026-03-25T12:29:55.588+0000] {processor.py:840} INFO - DAG(s) 'e_commerce_dw_etl' retrieved from /opt/airflow/dags/e_commerce_dw_dag.py
[2026-03-25T12:29:55.622+0000] {logging_mixin.py:188} INFO - [2026-03-25T12:29:55.622+0000] {dag.py:3096} INFO - Sync 1 DAGs
[2026-03-25T12:29:55.643+0000] {logging_mixin.py:188} INFO - [2026-03-25T12:29:55.643+0000] {dag.py:3954} INFO - Setting next_dagrun for e_commerce_dw_etl to 2026-03-25 00:00:00+00:00, run_after=2026-03-26 00:00:00+00:00
[2026-03-25T12:29:55.665+0000] {processor.py:183} INFO - Processing /opt/airflow/dags/e_commerce_dw_dag.py took 0.142 seconds
[2026-03-25T12:30:26.390+0000] {processor.py:161} INFO - Started process (PID=3876) to work on /opt/airflow/dags/e_commerce_dw_dag.py
[2026-03-25T12:30:26.392+0000] {processor.py:830} INFO - Processing file /opt/airflow/dags/e_commerce_dw_dag.py for tasks to queue
[2026-03-25T12:30:26.394+0000] {logging_mixin.py:188} INFO - [2026-03-25T12:30:26.393+0000] {dagbag.py:545} INFO - Filling up the DagBag from /opt/airflow/dags/e_commerce_dw_dag.py
[2026-03-25T12:30:26.474+0000] {processor.py:840} INFO - DAG(s) 'e_commerce_dw_etl' retrieved from /opt/airflow/dags/e_commerce_dw_dag.py
[2026-03-25T12:30:26.507+0000] {logging_mixin.py:188} INFO - [2026-03-25T12:30:26.507+0000] {dag.py:3096} INFO - Sync 1 DAGs
[2026-03-25T12:30:26.528+0000] {logging_mixin.py:188} INFO - [2026-03-25T12:30:26.528+0000] {dag.py:3954} INFO - Setting next_dagrun for e_commerce_dw_etl to 2026-03-25 00:00:00+00:00, run_after=2026-03-26 00:00:00+00:00
[2026-03-25T12:30:26.551+0000] {processor.py:183} INFO - Processing /opt/airflow/dags/e_commerce_dw_dag.py took 0.168 seconds
[2026-03-25T12:30:57.293+0000] {processor.py:161} INFO - Started process (PID=3902) to work on /opt/airflow/dags/e_commerce_dw_dag.py
[2026-03-25T12:30:57.294+0000] {processor.py:830} INFO - Processing file /opt/airflow/dags/e_commerce_dw_dag.py for tasks to queue
[2026-03-25T12:30:57.297+0000] {logging_mixin.py:188} INFO - [2026-03-25T12:30:57.297+0000] {dagbag.py:545} INFO - Filling up the DagBag from /opt/airflow/dags/e_commerce_dw_dag.py
[2026-03-25T12:30:57.354+0000] {processor.py:840} INFO - DAG(s) 'e_commerce_dw_etl' retrieved from /opt/airflow/dags/e_commerce_dw_dag.py
[2026-03-25T12:30:57.387+0000] {logging_mixin.py:188} INFO - [2026-03-25T12:30:57.387+0000] {dag.py:3096} INFO - Sync 1 DAGs
[2026-03-25T12:30:57.411+0000] {logging_mixin.py:188} INFO - [2026-03-25T12:30:57.410+0000] {dag.py:3954} INFO - Setting next_dagrun for e_commerce_dw_etl to 2026-03-25 00:00:00+00:00, run_after=2026-03-26 00:00:00+00:00
[2026-03-25T12:30:57.431+0000] {processor.py:183} INFO - Processing /opt/airflow/dags/e_commerce_dw_dag.py took 0.145 seconds
[2026-03-25T12:31:28.173+0000] {processor.py:161} INFO - Started process (PID=3928) to work on /opt/airflow/dags/e_commerce_dw_dag.py
[2026-03-25T12:31:28.174+0000] {processor.py:830} INFO - Processing file /opt/airflow/dags/e_commerce_dw_dag.py for tasks to queue
[2026-03-25T12:31:28.176+0000] {logging_mixin.py:188} INFO - [2026-03-25T12:31:28.176+0000] {dagbag.py:545} INFO - Filling up the DagBag from /opt/airflow/dags/e_commerce_dw_dag.py
[2026-03-25T12:31:28.249+0000] {processor.py:840} INFO - DAG(s) 'e_commerce_dw_etl' retrieved from /opt/airflow/dags/e_commerce_dw_dag.py
[2026-03-25T12:31:28.281+0000] {logging_mixin.py:188} INFO - [2026-03-25T12:31:28.281+0000] {dag.py:3096} INFO - Sync 1 DAGs
[2026-03-25T12:31:28.303+0000] {logging_mixin.py:188} INFO - [2026-03-25T12:31:28.303+0000] {dag.py:3954} INFO - Setting next_dagrun for e_commerce_dw_etl to 2026-03-25 00:00:00+00:00, run_after=2026-03-26 00:00:00+00:00
[2026-03-25T12:31:28.327+0000] {processor.py:183} INFO - Processing /opt/airflow/dags/e_commerce_dw_dag.py took 0.162 seconds
[2026-03-25T12:31:59.089+0000] {processor.py:161} INFO - Started process (PID=3954) to work on /opt/airflow/dags/e_commerce_dw_dag.py
[2026-03-25T12:31:59.090+0000] {processor.py:830} INFO - Processing file /opt/airflow/dags/e_commerce_dw_dag.py for tasks to queue
[2026-03-25T12:31:59.092+0000] {logging_mixin.py:188} INFO - [2026-03-25T12:31:59.091+0000] {dagbag.py:545} INFO - Filling up the DagBag from /opt/airflow/dags/e_commerce_dw_dag.py
[2026-03-25T12:31:59.147+0000] {processor.py:840} INFO - DAG(s) 'e_commerce_dw_etl' retrieved from /opt/airflow/dags/e_commerce_dw_dag.py
[2026-03-25T12:31:59.178+0000] {logging_mixin.py:188} INFO - [2026-03-25T12:31:59.178+0000] {dag.py:3096} INFO - Sync 1 DAGs
[2026-03-25T12:31:59.200+0000] {logging_mixin.py:188} INFO - [2026-03-25T12:31:59.200+0000] {dag.py:3954} INFO - Setting next_dagrun for e_commerce_dw_etl to 2026-03-25 00:00:00+00:00, run_after=2026-03-26 00:00:00+00:00
[2026-03-25T12:31:59.224+0000] {processor.py:183} INFO - Processing /opt/airflow/dags/e_commerce_dw_dag.py took 0.142 seconds
[2026-03-25T12:32:29.879+0000] {processor.py:161} INFO - Started process (PID=3980) to work on /opt/airflow/dags/e_commerce_dw_dag.py
[2026-03-25T12:32:29.880+0000] {processor.py:830} INFO - Processing file /opt/airflow/dags/e_commerce_dw_dag.py for tasks to queue
[2026-03-25T12:32:29.882+0000] {logging_mixin.py:188} INFO - [2026-03-25T12:32:29.882+0000] {dagbag.py:545} INFO - Filling up the DagBag from /opt/airflow/dags/e_commerce_dw_dag.py
[2026-03-25T12:32:29.941+0000] {processor.py:840} INFO - DAG(s) 'e_commerce_dw_etl' retrieved from /opt/airflow/dags/e_commerce_dw_dag.py
[2026-03-25T12:32:29.972+0000] {logging_mixin.py:188} INFO - [2026-03-25T12:32:29.972+0000] {dag.py:3096} INFO - Sync 1 DAGs
[2026-03-25T12:32:29.994+0000] {logging_mixin.py:188} INFO - [2026-03-25T12:32:29.994+0000] {dag.py:3954} INFO - Setting next_dagrun for e_commerce_dw_etl to 2026-03-25 00:00:00+00:00, run_after=2026-03-26 00:00:00+00:00
[2026-03-25T12:32:30.017+0000] {processor.py:183} INFO - Processing /opt/airflow/dags/e_commerce_dw_dag.py took 0.145 seconds
[2026-03-25T12:33:00.755+0000] {processor.py:161} INFO - Started process (PID=4006) to work on /opt/airflow/dags/e_commerce_dw_dag.py
[2026-03-25T12:33:00.757+0000] {processor.py:830} INFO - Processing file /opt/airflow/dags/e_commerce_dw_dag.py for tasks to queue
[2026-03-25T12:33:00.759+0000] {logging_mixin.py:188} INFO - [2026-03-25T12:33:00.759+0000] {dagbag.py:545} INFO - Filling up the DagBag from /opt/airflow/dags/e_commerce_dw_dag.py
[2026-03-25T12:33:00.813+0000] {processor.py:840} INFO - DAG(s) 'e_commerce_dw_etl' retrieved from /opt/airflow/dags/e_commerce_dw_dag.py
[2026-03-25T12:33:00.843+0000] {logging_mixin.py:188} INFO - [2026-03-25T12:33:00.843+0000] {dag.py:3096} INFO - Sync 1 DAGs
[2026-03-25T12:33:00.865+0000] {logging_mixin.py:188} INFO - [2026-03-25T12:33:00.865+0000] {dag.py:3954} INFO - Setting next_dagrun for e_commerce_dw_etl to 2026-03-25 00:00:00+00:00, run_after=2026-03-26 00:00:00+00:00
[2026-03-25T12:33:00.887+0000] {processor.py:183} INFO - Processing /opt/airflow/dags/e_commerce_dw_dag.py took 0.139 seconds
[2026-03-25T12:33:31.508+0000] {processor.py:161} INFO - Started process (PID=4032) to work on /opt/airflow/dags/e_commerce_dw_dag.py
[2026-03-25T12:33:31.509+0000] {processor.py:830} INFO - Processing file /opt/airflow/dags/e_commerce_dw_dag.py for tasks to queue
[2026-03-25T12:33:31.511+0000] {logging_mixin.py:188} INFO - [2026-03-25T12:33:31.510+0000] {dagbag.py:545} INFO - Filling up the DagBag from /opt/airflow/dags/e_commerce_dw_dag.py
[2026-03-25T12:33:31.567+0000] {processor.py:840} INFO - DAG(s) 'e_commerce_dw_etl' retrieved from /opt/airflow/dags/e_commerce_dw_dag.py
[2026-03-25T12:33:31.599+0000] {logging_mixin.py:188} INFO - [2026-03-25T12:33:31.599+0000] {dag.py:3096} INFO - Sync 1 DAGs
[2026-03-25T12:33:31.621+0000] {logging_mixin.py:188} INFO - [2026-03-25T12:33:31.621+0000] {dag.py:3954} INFO - Setting next_dagrun for e_commerce_dw_etl to 2026-03-25 00:00:00+00:00, run_after=2026-03-26 00:00:00+00:00
[2026-03-25T12:33:31.641+0000] {processor.py:183} INFO - Processing /opt/airflow/dags/e_commerce_dw_dag.py took 0.139 seconds
[2026-03-25T12:34:02.510+0000] {processor.py:161} INFO - Started process (PID=4058) to work on /opt/airflow/dags/e_commerce_dw_dag.py
[2026-03-25T12:34:02.511+0000] {processor.py:830} INFO - Processing file /opt/airflow/dags/e_commerce_dw_dag.py for tasks to queue
[2026-03-25T12:34:02.513+0000] {logging_mixin.py:188} INFO - [2026-03-25T12:34:02.513+0000] {dagbag.py:545} INFO - Filling up the DagBag from /opt/airflow/dags/e_commerce_dw_dag.py
[2026-03-25T12:34:02.571+0000] {processor.py:840} INFO - DAG(s) 'e_commerce_dw_etl' retrieved from /opt/airflow/dags/e_commerce_dw_dag.py
[2026-03-25T12:34:02.603+0000] {logging_mixin.py:188} INFO - [2026-03-25T12:34:02.603+0000] {dag.py:3096} INFO - Sync 1 DAGs
[2026-03-25T12:34:02.626+0000] {logging_mixin.py:188} INFO - [2026-03-25T12:34:02.626+0000] {dag.py:3954} INFO - Setting next_dagrun for e_commerce_dw_etl to 2026-03-25 00:00:00+00:00, run_after=2026-03-26 00:00:00+00:00
[2026-03-25T12:34:02.648+0000] {processor.py:183} INFO - Processing /opt/airflow/dags/e_commerce_dw_dag.py took 0.143 seconds
[2026-03-25T12:34:33.358+0000] {processor.py:161} INFO - Started process (PID=4084) to work on /opt/airflow/dags/e_commerce_dw_dag.py
[2026-03-25T12:34:33.359+0000] {processor.py:830} INFO - Processing file /opt/airflow/dags/e_commerce_dw_dag.py for tasks to queue
[2026-03-25T12:34:33.361+0000] {logging_mixin.py:188} INFO - [2026-03-25T12:34:33.361+0000] {dagbag.py:545} INFO - Filling up the DagBag from /opt/airflow/dags/e_commerce_dw_dag.py
[2026-03-25T12:34:33.420+0000] {processor.py:840} INFO - DAG(s) 'e_commerce_dw_etl' retrieved from /opt/airflow/dags/e_commerce_dw_dag.py
[2026-03-25T12:34:33.453+0000] {logging_mixin.py:188} INFO - [2026-03-25T12:34:33.453+0000] {dag.py:3096} INFO - Sync 1 DAGs
[2026-03-25T12:34:33.475+0000] {logging_mixin.py:188} INFO - [2026-03-25T12:34:33.475+0000] {dag.py:3954} INFO - Setting next_dagrun for e_commerce_dw_etl to 2026-03-25 00:00:00+00:00, run_after=2026-03-26 00:00:00+00:00
[2026-03-25T12:34:33.497+0000] {processor.py:183} INFO - Processing /opt/airflow/dags/e_commerce_dw_dag.py took 0.146 seconds
[2026-03-25T12:35:04.159+0000] {processor.py:161} INFO - Started process (PID=4110) to work on /opt/airflow/dags/e_commerce_dw_dag.py
[2026-03-25T12:35:04.161+0000] {processor.py:830} INFO - Processing file /opt/airflow/dags/e_commerce_dw_dag.py for tasks to queue
[2026-03-25T12:35:04.163+0000] {logging_mixin.py:188} INFO - [2026-03-25T12:35:04.162+0000] {dagbag.py:545} INFO - Filling up the DagBag from /opt/airflow/dags/e_commerce_dw_dag.py
[2026-03-25T12:35:04.217+0000] {processor.py:840} INFO - DAG(s) 'e_commerce_dw_etl' retrieved from /opt/airflow/dags/e_commerce_dw_dag.py
[2026-03-25T12:35:04.247+0000] {logging_mixin.py:188} INFO - [2026-03-25T12:35:04.247+0000] {dag.py:3096} INFO - Sync 1 DAGs
[2026-03-25T12:35:04.271+0000] {logging_mixin.py:188} INFO - [2026-03-25T12:35:04.271+0000] {dag.py:3954} INFO - Setting next_dagrun for e_commerce_dw_etl to 2026-03-25 00:00:00+00:00, run_after=2026-03-26 00:00:00+00:00
[2026-03-25T12:35:04.293+0000] {processor.py:183} INFO - Processing /opt/airflow/dags/e_commerce_dw_dag.py took 0.139 seconds
[2026-03-25T12:35:35.073+0000] {processor.py:161} INFO - Started process (PID=4136) to work on /opt/airflow/dags/e_commerce_dw_dag.py
[2026-03-25T12:35:35.074+0000] {processor.py:830} INFO - Processing file /opt/airflow/dags/e_commerce_dw_dag.py for tasks to queue
[2026-03-25T12:35:35.076+0000] {logging_mixin.py:188} INFO - [2026-03-25T12:35:35.075+0000] {dagbag.py:545} INFO - Filling up the DagBag from /opt/airflow/dags/e_commerce_dw_dag.py
[2026-03-25T12:35:35.129+0000] {processor.py:840} INFO - DAG(s) 'e_commerce_dw_etl' retrieved from /opt/airflow/dags/e_commerce_dw_dag.py
[2026-03-25T12:35:35.161+0000] {logging_mixin.py:188} INFO - [2026-03-25T12:35:35.160+0000] {dag.py:3096} INFO - Sync 1 DAGs
[2026-03-25T12:35:35.183+0000] {logging_mixin.py:188} INFO - [2026-03-25T12:35:35.183+0000] {dag.py:3954} INFO - Setting next_dagrun for e_commerce_dw_etl to 2026-03-25 00:00:00+00:00, run_after=2026-03-26 00:00:00+00:00
[2026-03-25T12:35:35.204+0000] {processor.py:183} INFO - Processing /opt/airflow/dags/e_commerce_dw_dag.py took 0.137 seconds
[2026-03-25T12:36:05.862+0000] {processor.py:161} INFO - Started process (PID=4162) to work on /opt/airflow/dags/e_commerce_dw_dag.py
[2026-03-25T12:36:05.863+0000] {processor.py:830} INFO - Processing file /opt/airflow/dags/e_commerce_dw_dag.py for tasks to queue
[2026-03-25T12:36:05.871+0000] {logging_mixin.py:188} INFO - [2026-03-25T12:36:05.870+0000] {dagbag.py:545} INFO - Filling up the DagBag from /opt/airflow/dags/e_commerce_dw_dag.py
[2026-03-25T12:36:05.932+0000] {processor.py:840} INFO - DAG(s) 'e_commerce_dw_etl' retrieved from /opt/airflow/dags/e_commerce_dw_dag.py
[2026-03-25T12:36:05.964+0000] {logging_mixin.py:188} INFO - [2026-03-25T12:36:05.964+0000] {dag.py:3096} INFO - Sync 1 DAGs
[2026-03-25T12:36:05.986+0000] {logging_mixin.py:188} INFO - [2026-03-25T12:36:05.986+0000] {dag.py:3954} INFO - Setting next_dagrun for e_commerce_dw_etl to 2026-03-25 00:00:00+00:00, run_after=2026-03-26 00:00:00+00:00
[2026-03-25T12:36:06.009+0000] {processor.py:183} INFO - Processing /opt/airflow/dags/e_commerce_dw_dag.py took 0.152 seconds
[2026-03-25T12:36:36.664+0000] {processor.py:161} INFO - Started process (PID=4188) to work on /opt/airflow/dags/e_commerce_dw_dag.py
[2026-03-25T12:36:36.665+0000] {processor.py:830} INFO - Processing file /opt/airflow/dags/e_commerce_dw_dag.py for tasks to queue
[2026-03-25T12:36:36.670+0000] {logging_mixin.py:188} INFO - [2026-03-25T12:36:36.669+0000] {dagbag.py:545} INFO - Filling up the DagBag from /opt/airflow/dags/e_commerce_dw_dag.py
[2026-03-25T12:36:36.737+0000] {processor.py:840} INFO - DAG(s) 'e_commerce_dw_etl' retrieved from /opt/airflow/dags/e_commerce_dw_dag.py
[2026-03-25T12:36:36.776+0000] {logging_mixin.py:188} INFO - [2026-03-25T12:36:36.775+0000] {dag.py:3096} INFO - Sync 1 DAGs
[2026-03-25T12:36:36.800+0000] {logging_mixin.py:188} INFO - [2026-03-25T12:36:36.800+0000] {dag.py:3954} INFO - Setting next_dagrun for e_commerce_dw_etl to 2026-03-25 00:00:00+00:00, run_after=2026-03-26 00:00:00+00:00
[2026-03-25T12:36:36.820+0000] {processor.py:183} INFO - Processing /opt/airflow/dags/e_commerce_dw_dag.py took 0.167 seconds
[2026-03-25T12:37:07.619+0000] {processor.py:161} INFO - Started process (PID=4214) to work on /opt/airflow/dags/e_commerce_dw_dag.py
[2026-03-25T12:37:07.620+0000] {processor.py:830} INFO - Processing file /opt/airflow/dags/e_commerce_dw_dag.py for tasks to queue
[2026-03-25T12:37:07.622+0000] {logging_mixin.py:188} INFO - [2026-03-25T12:37:07.621+0000] {dagbag.py:545} INFO - Filling up the DagBag from /opt/airflow/dags/e_commerce_dw_dag.py
[2026-03-25T12:37:07.678+0000] {processor.py:840} INFO - DAG(s) 'e_commerce_dw_etl' retrieved from /opt/airflow/dags/e_commerce_dw_dag.py
[2026-03-25T12:37:07.710+0000] {logging_mixin.py:188} INFO - [2026-03-25T12:37:07.710+0000] {dag.py:3096} INFO - Sync 1 DAGs
[2026-03-25T12:37:07.731+0000] {logging_mixin.py:188} INFO - [2026-03-25T12:37:07.731+0000] {dag.py:3954} INFO - Setting next_dagrun for e_commerce_dw_etl to 2026-03-25 00:00:00+00:00, run_after=2026-03-26 00:00:00+00:00
[2026-03-25T12:37:07.755+0000] {processor.py:183} INFO - Processing /opt/airflow/dags/e_commerce_dw_dag.py took 0.143 seconds
[2026-03-25T12:37:38.415+0000] {processor.py:161} INFO - Started process (PID=4240) to work on /opt/airflow/dags/e_commerce_dw_dag.py
[2026-03-25T12:37:38.416+0000] {processor.py:830} INFO - Processing file /opt/airflow/dags/e_commerce_dw_dag.py for tasks to queue
[2026-03-25T12:37:38.418+0000] {logging_mixin.py:188} INFO - [2026-03-25T12:37:38.418+0000] {dagbag.py:545} INFO - Filling up the DagBag from /opt/airflow/dags/e_commerce_dw_dag.py
[2026-03-25T12:37:38.475+0000] {processor.py:840} INFO - DAG(s) 'e_commerce_dw_etl' retrieved from /opt/airflow/dags/e_commerce_dw_dag.py
[2026-03-25T12:37:38.512+0000] {logging_mixin.py:188} INFO - [2026-03-25T12:37:38.511+0000] {dag.py:3096} INFO - Sync 1 DAGs
[2026-03-25T12:37:38.538+0000] {logging_mixin.py:188} INFO - [2026-03-25T12:37:38.538+0000] {dag.py:3954} INFO - Setting next_dagrun for e_commerce_dw_etl to 2026-03-25 00:00:00+00:00, run_after=2026-03-26 00:00:00+00:00
[2026-03-25T12:37:38.558+0000] {processor.py:183} INFO - Processing /opt/airflow/dags/e_commerce_dw_dag.py took 0.151 seconds
[2026-03-25T12:38:09.318+0000] {processor.py:161} INFO - Started process (PID=4266) to work on /opt/airflow/dags/e_commerce_dw_dag.py
[2026-03-25T12:38:09.319+0000] {processor.py:830} INFO - Processing file /opt/airflow/dags/e_commerce_dw_dag.py for tasks to queue
[2026-03-25T12:38:09.321+0000] {logging_mixin.py:188} INFO - [2026-03-25T12:38:09.320+0000] {dagbag.py:545} INFO - Filling up the DagBag from /opt/airflow/dags/e_commerce_dw_dag.py
[2026-03-25T12:38:09.376+0000] {processor.py:840} INFO - DAG(s) 'e_commerce_dw_etl' retrieved from /opt/airflow/dags/e_commerce_dw_dag.py
[2026-03-25T12:38:09.408+0000] {logging_mixin.py:188} INFO - [2026-03-25T12:38:09.408+0000] {dag.py:3096} INFO - Sync 1 DAGs
[2026-03-25T12:38:09.431+0000] {logging_mixin.py:188} INFO - [2026-03-25T12:38:09.430+0000] {dag.py:3954} INFO - Setting next_dagrun for e_commerce_dw_etl to 2026-03-25 00:00:00+00:00, run_after=2026-03-26 00:00:00+00:00
[2026-03-25T12:38:09.453+0000] {processor.py:183} INFO - Processing /opt/airflow/dags/e_commerce_dw_dag.py took 0.141 seconds
[2026-03-25T12:38:40.276+0000] {processor.py:161} INFO - Started process (PID=4292) to work on /opt/airflow/dags/e_commerce_dw_dag.py
[2026-03-25T12:38:40.278+0000] {processor.py:830} INFO - Processing file /opt/airflow/dags/e_commerce_dw_dag.py for tasks to queue
[2026-03-25T12:38:40.280+0000] {logging_mixin.py:188} INFO - [2026-03-25T12:38:40.280+0000] {dagbag.py:545} INFO - Filling up the DagBag from /opt/airflow/dags/e_commerce_dw_dag.py
[2026-03-25T12:38:40.384+0000] {processor.py:840} INFO - DAG(s) 'e_commerce_dw_etl' retrieved from /opt/airflow/dags/e_commerce_dw_dag.py
[2026-03-25T12:38:40.431+0000] {logging_mixin.py:188} INFO - [2026-03-25T12:38:40.430+0000] {dag.py:3096} INFO - Sync 1 DAGs
[2026-03-25T12:38:40.461+0000] {logging_mixin.py:188} INFO - [2026-03-25T12:38:40.460+0000] {dag.py:3954} INFO - Setting next_dagrun for e_commerce_dw_etl to 2026-03-25 00:00:00+00:00, run_after=2026-03-26 00:00:00+00:00
[2026-03-25T12:38:40.490+0000] {processor.py:183} INFO - Processing /opt/airflow/dags/e_commerce_dw_dag.py took 0.220 seconds
[2026-03-25T12:39:11.174+0000] {processor.py:161} INFO - Started process (PID=4318) to work on /opt/airflow/dags/e_commerce_dw_dag.py
[2026-03-25T12:39:11.175+0000] {processor.py:830} INFO - Processing file /opt/airflow/dags/e_commerce_dw_dag.py for tasks to queue
[2026-03-25T12:39:11.177+0000] {logging_mixin.py:188} INFO - [2026-03-25T12:39:11.177+0000] {dagbag.py:545} INFO - Filling up the DagBag from /opt/airflow/dags/e_commerce_dw_dag.py
[2026-03-25T12:39:11.231+0000] {processor.py:840} INFO - DAG(s) 'e_commerce_dw_etl' retrieved from /opt/airflow/dags/e_commerce_dw_dag.py
[2026-03-25T12:39:11.263+0000] {logging_mixin.py:188} INFO - [2026-03-25T12:39:11.262+0000] {dag.py:3096} INFO - Sync 1 DAGs
[2026-03-25T12:39:11.286+0000] {logging_mixin.py:188} INFO - [2026-03-25T12:39:11.286+0000] {dag.py:3954} INFO - Setting next_dagrun for e_commerce_dw_etl to 2026-03-25 00:00:00+00:00, run_after=2026-03-26 00:00:00+00:00
[2026-03-25T12:39:11.307+0000] {processor.py:183} INFO - Processing /opt/airflow/dags/e_commerce_dw_dag.py took 0.139 seconds
[2026-03-25T12:39:41.962+0000] {processor.py:161} INFO - Started process (PID=4344) to work on /opt/airflow/dags/e_commerce_dw_dag.py
[2026-03-25T12:39:41.963+0000] {processor.py:830} INFO - Processing file /opt/airflow/dags/e_commerce_dw_dag.py for tasks to queue
[2026-03-25T12:39:41.965+0000] {logging_mixin.py:188} INFO - [2026-03-25T12:39:41.965+0000] {dagbag.py:545} INFO - Filling up the DagBag from /opt/airflow/dags/e_commerce_dw_dag.py
[2026-03-25T12:39:42.024+0000] {processor.py:840} INFO - DAG(s) 'e_commerce_dw_etl' retrieved from /opt/airflow/dags/e_commerce_dw_dag.py
[2026-03-25T12:39:42.058+0000] {logging_mixin.py:188} INFO - [2026-03-25T12:39:42.058+0000] {dag.py:3096} INFO - Sync 1 DAGs
[2026-03-25T12:39:42.079+0000] {logging_mixin.py:188} INFO - [2026-03-25T12:39:42.079+0000] {dag.py:3954} INFO - Setting next_dagrun for e_commerce_dw_etl to 2026-03-25 00:00:00+00:00, run_after=2026-03-26 00:00:00+00:00
[2026-03-25T12:39:42.100+0000] {processor.py:183} INFO - Processing /opt/airflow/dags/e_commerce_dw_dag.py took 0.147 seconds
[2026-03-25T12:40:12.851+0000] {processor.py:161} INFO - Started process (PID=4376) to work on /opt/airflow/dags/e_commerce_dw_dag.py
[2026-03-25T12:40:12.852+0000] {processor.py:830} INFO - Processing file /opt/airflow/dags/e_commerce_dw_dag.py for tasks to queue
[2026-03-25T12:40:12.854+0000] {logging_mixin.py:188} INFO - [2026-03-25T12:40:12.854+0000] {dagbag.py:545} INFO - Filling up the DagBag from /opt/airflow/dags/e_commerce_dw_dag.py
[2026-03-25T12:40:12.906+0000] {processor.py:840} INFO - DAG(s) 'e_commerce_dw_etl' retrieved from /opt/airflow/dags/e_commerce_dw_dag.py
[2026-03-25T12:40:12.937+0000] {logging_mixin.py:188} INFO - [2026-03-25T12:40:12.937+0000] {dag.py:3096} INFO - Sync 1 DAGs
[2026-03-25T12:40:12.959+0000] {logging_mixin.py:188} INFO - [2026-03-25T12:40:12.959+0000] {dag.py:3954} INFO - Setting next_dagrun for e_commerce_dw_etl to 2026-03-25 00:00:00+00:00, run_after=2026-03-26 00:00:00+00:00
[2026-03-25T12:40:12.981+0000] {processor.py:183} INFO - Processing /opt/airflow/dags/e_commerce_dw_dag.py took 0.138 seconds
[2026-03-25T12:40:43.668+0000] {processor.py:161} INFO - Started process (PID=4402) to work on /opt/airflow/dags/e_commerce_dw_dag.py
[2026-03-25T12:40:43.669+0000] {processor.py:830} INFO - Processing file /opt/airflow/dags/e_commerce_dw_dag.py for tasks to queue
[2026-03-25T12:40:43.672+0000] {logging_mixin.py:188} INFO - [2026-03-25T12:40:43.672+0000] {dagbag.py:545} INFO - Filling up the DagBag from /opt/airflow/dags/e_commerce_dw_dag.py
[2026-03-25T12:40:43.730+0000] {processor.py:840} INFO - DAG(s) 'e_commerce_dw_etl' retrieved from /opt/airflow/dags/e_commerce_dw_dag.py
[2026-03-25T12:40:43.762+0000] {logging_mixin.py:188} INFO - [2026-03-25T12:40:43.761+0000] {dag.py:3096} INFO - Sync 1 DAGs
[2026-03-25T12:40:43.784+0000] {logging_mixin.py:188} INFO - [2026-03-25T12:40:43.784+0000] {dag.py:3954} INFO - Setting next_dagrun for e_commerce_dw_etl to 2026-03-25 00:00:00+00:00, run_after=2026-03-26 00:00:00+00:00
[2026-03-25T12:40:43.807+0000] {processor.py:183} INFO - Processing /opt/airflow/dags/e_commerce_dw_dag.py took 0.145 seconds
[2026-03-25T12:41:14.450+0000] {processor.py:161} INFO - Started process (PID=4428) to work on /opt/airflow/dags/e_commerce_dw_dag.py
[2026-03-25T12:41:14.451+0000] {processor.py:830} INFO - Processing file /opt/airflow/dags/e_commerce_dw_dag.py for tasks to queue
[2026-03-25T12:41:14.453+0000] {logging_mixin.py:188} INFO - [2026-03-25T12:41:14.453+0000] {dagbag.py:545} INFO - Filling up the DagBag from /opt/airflow/dags/e_commerce_dw_dag.py
[2026-03-25T12:41:14.508+0000] {processor.py:840} INFO - DAG(s) 'e_commerce_dw_etl' retrieved from /opt/airflow/dags/e_commerce_dw_dag.py
[2026-03-25T12:41:14.539+0000] {logging_mixin.py:188} INFO - [2026-03-25T12:41:14.539+0000] {dag.py:3096} INFO - Sync 1 DAGs
[2026-03-25T12:41:14.561+0000] {logging_mixin.py:188} INFO - [2026-03-25T12:41:14.561+0000] {dag.py:3954} INFO - Setting next_dagrun for e_commerce_dw_etl to 2026-03-25 00:00:00+00:00, run_after=2026-03-26 00:00:00+00:00
[2026-03-25T12:41:14.585+0000] {processor.py:183} INFO - Processing /opt/airflow/dags/e_commerce_dw_dag.py took 0.141 seconds
[2026-03-25T12:41:45.309+0000] {processor.py:161} INFO - Started process (PID=4454) to work on /opt/airflow/dags/e_commerce_dw_dag.py
[2026-03-25T12:41:45.310+0000] {processor.py:830} INFO - Processing file /opt/airflow/dags/e_commerce_dw_dag.py for tasks to queue
[2026-03-25T12:41:45.312+0000] {logging_mixin.py:188} INFO - [2026-03-25T12:41:45.311+0000] {dagbag.py:545} INFO - Filling up the DagBag from /opt/airflow/dags/e_commerce_dw_dag.py
[2026-03-25T12:41:45.365+0000] {processor.py:840} INFO - DAG(s) 'e_commerce_dw_etl' retrieved from /opt/airflow/dags/e_commerce_dw_dag.py
[2026-03-25T12:41:45.397+0000] {logging_mixin.py:188} INFO - [2026-03-25T12:41:45.396+0000] {dag.py:3096} INFO - Sync 1 DAGs
[2026-03-25T12:41:45.419+0000] {logging_mixin.py:188} INFO - [2026-03-25T12:41:45.419+0000] {dag.py:3954} INFO - Setting next_dagrun for e_commerce_dw_etl to 2026-03-25 00:00:00+00:00, run_after=2026-03-26 00:00:00+00:00
[2026-03-25T12:41:45.443+0000] {processor.py:183} INFO - Processing /opt/airflow/dags/e_commerce_dw_dag.py took 0.141 seconds
[2026-03-25T12:42:16.179+0000] {processor.py:161} INFO - Started process (PID=4481) to work on /opt/airflow/dags/e_commerce_dw_dag.py
[2026-03-25T12:42:16.180+0000] {processor.py:830} INFO - Processing file /opt/airflow/dags/e_commerce_dw_dag.py for tasks to queue
[2026-03-25T12:42:16.183+0000] {logging_mixin.py:188} INFO - [2026-03-25T12:42:16.182+0000] {dagbag.py:545} INFO - Filling up the DagBag from /opt/airflow/dags/e_commerce_dw_dag.py
[2026-03-25T12:42:16.278+0000] {processor.py:840} INFO - DAG(s) 'e_commerce_dw_etl' retrieved from /opt/airflow/dags/e_commerce_dw_dag.py
[2026-03-25T12:42:16.313+0000] {logging_mixin.py:188} INFO - [2026-03-25T12:42:16.313+0000] {dag.py:3096} INFO - Sync 1 DAGs
[2026-03-25T12:42:16.333+0000] {logging_mixin.py:188} INFO - [2026-03-25T12:42:16.332+0000] {dag.py:3954} INFO - Setting next_dagrun for e_commerce_dw_etl to 2026-03-25 00:00:00+00:00, run_after=2026-03-26 00:00:00+00:00
[2026-03-25T12:42:16.354+0000] {processor.py:183} INFO - Processing /opt/airflow/dags/e_commerce_dw_dag.py took 0.183 seconds
[2026-03-25T12:42:46.981+0000] {processor.py:161} INFO - Started process (PID=4507) to work on /opt/airflow/dags/e_commerce_dw_dag.py
[2026-03-25T12:42:46.982+0000] {processor.py:830} INFO - Processing file /opt/airflow/dags/e_commerce_dw_dag.py for tasks to queue
[2026-03-25T12:42:46.985+0000] {logging_mixin.py:188} INFO - [2026-03-25T12:42:46.984+0000] {dagbag.py:545} INFO - Filling up the DagBag from /opt/airflow/dags/e_commerce_dw_dag.py
[2026-03-25T12:42:47.047+0000] {processor.py:840} INFO - DAG(s) 'e_commerce_dw_etl' retrieved from /opt/airflow/dags/e_commerce_dw_dag.py
[2026-03-25T12:42:47.077+0000] {logging_mixin.py:188} INFO - [2026-03-25T12:42:47.077+0000] {dag.py:3096} INFO - Sync 1 DAGs
[2026-03-25T12:42:47.098+0000] {logging_mixin.py:188} INFO - [2026-03-25T12:42:47.098+0000] {dag.py:3954} INFO - Setting next_dagrun for e_commerce_dw_etl to 2026-03-25 00:00:00+00:00, run_after=2026-03-26 00:00:00+00:00
[2026-03-25T12:42:47.119+0000] {processor.py:183} INFO - Processing /opt/airflow/dags/e_commerce_dw_dag.py took 0.146 seconds
[2026-03-25T12:43:17.849+0000] {processor.py:161} INFO - Started process (PID=4533) to work on /opt/airflow/dags/e_commerce_dw_dag.py
[2026-03-25T12:43:17.850+0000] {processor.py:830} INFO - Processing file /opt/airflow/dags/e_commerce_dw_dag.py for tasks to queue
[2026-03-25T12:43:17.852+0000] {logging_mixin.py:188} INFO - [2026-03-25T12:43:17.852+0000] {dagbag.py:545} INFO - Filling up the DagBag from /opt/airflow/dags/e_commerce_dw_dag.py
[2026-03-25T12:43:17.905+0000] {processor.py:840} INFO - DAG(s) 'e_commerce_dw_etl' retrieved from /opt/airflow/dags/e_commerce_dw_dag.py
[2026-03-25T12:43:17.937+0000] {logging_mixin.py:188} INFO - [2026-03-25T12:43:17.936+0000] {dag.py:3096} INFO - Sync 1 DAGs
[2026-03-25T12:43:17.959+0000] {logging_mixin.py:188} INFO - [2026-03-25T12:43:17.959+0000] {dag.py:3954} INFO - Setting next_dagrun for e_commerce_dw_etl to 2026-03-25 00:00:00+00:00, run_after=2026-03-26 00:00:00+00:00
[2026-03-25T12:43:17.981+0000] {processor.py:183} INFO - Processing /opt/airflow/dags/e_commerce_dw_dag.py took 0.138 seconds
[2026-03-25T12:43:48.847+0000] {processor.py:161} INFO - Started process (PID=4559) to work on /opt/airflow/dags/e_commerce_dw_dag.py
[2026-03-25T12:43:48.848+0000] {processor.py:830} INFO - Processing file /opt/airflow/dags/e_commerce_dw_dag.py for tasks to queue
[2026-03-25T12:43:48.850+0000] {logging_mixin.py:188} INFO - [2026-03-25T12:43:48.850+0000] {dagbag.py:545} INFO - Filling up the DagBag from /opt/airflow/dags/e_commerce_dw_dag.py
[2026-03-25T12:43:48.904+0000] {processor.py:840} INFO - DAG(s) 'e_commerce_dw_etl' retrieved from /opt/airflow/dags/e_commerce_dw_dag.py
[2026-03-25T12:43:48.935+0000] {logging_mixin.py:188} INFO - [2026-03-25T12:43:48.934+0000] {dag.py:3096} INFO - Sync 1 DAGs
[2026-03-25T12:43:48.957+0000] {logging_mixin.py:188} INFO - [2026-03-25T12:43:48.956+0000] {dag.py:3954} INFO - Setting next_dagrun for e_commerce_dw_etl to 2026-03-25 00:00:00+00:00, run_after=2026-03-26 00:00:00+00:00
[2026-03-25T12:43:48.978+0000] {processor.py:183} INFO - Processing /opt/airflow/dags/e_commerce_dw_dag.py took 0.137 seconds
[2026-03-25T12:44:19.654+0000] {processor.py:161} INFO - Started process (PID=4585) to work on /opt/airflow/dags/e_commerce_dw_dag.py
[2026-03-25T12:44:19.656+0000] {processor.py:830} INFO - Processing file /opt/airflow/dags/e_commerce_dw_dag.py for tasks to queue
[2026-03-25T12:44:19.658+0000] {logging_mixin.py:188} INFO - [2026-03-25T12:44:19.658+0000] {dagbag.py:545} INFO - Filling up the DagBag from /opt/airflow/dags/e_commerce_dw_dag.py
[2026-03-25T12:44:19.741+0000] {processor.py:840} INFO - DAG(s) 'e_commerce_dw_etl' retrieved from /opt/airflow/dags/e_commerce_dw_dag.py
[2026-03-25T12:44:19.779+0000] {logging_mixin.py:188} INFO - [2026-03-25T12:44:19.779+0000] {dag.py:3096} INFO - Sync 1 DAGs
[2026-03-25T12:44:19.802+0000] {logging_mixin.py:188} INFO - [2026-03-25T12:44:19.801+0000] {dag.py:3954} INFO - Setting next_dagrun for e_commerce_dw_etl to 2026-03-25 00:00:00+00:00, run_after=2026-03-26 00:00:00+00:00
[2026-03-25T12:44:19.821+0000] {processor.py:183} INFO - Processing /opt/airflow/dags/e_commerce_dw_dag.py took 0.174 seconds
[2026-03-25T12:44:50.563+0000] {processor.py:161} INFO - Started process (PID=4611) to work on /opt/airflow/dags/e_commerce_dw_dag.py
[2026-03-25T12:44:50.564+0000] {processor.py:830} INFO - Processing file /opt/airflow/dags/e_commerce_dw_dag.py for tasks to queue
[2026-03-25T12:44:50.567+0000] {logging_mixin.py:188} INFO - [2026-03-25T12:44:50.566+0000] {dagbag.py:545} INFO - Filling up the DagBag from /opt/airflow/dags/e_commerce_dw_dag.py
[2026-03-25T12:44:50.627+0000] {processor.py:840} INFO - DAG(s) 'e_commerce_dw_etl' retrieved from /opt/airflow/dags/e_commerce_dw_dag.py
[2026-03-25T12:44:50.657+0000] {logging_mixin.py:188} INFO - [2026-03-25T12:44:50.656+0000] {dag.py:3096} INFO - Sync 1 DAGs
[2026-03-25T12:44:50.679+0000] {logging_mixin.py:188} INFO - [2026-03-25T12:44:50.679+0000] {dag.py:3954} INFO - Setting next_dagrun for e_commerce_dw_etl to 2026-03-25 00:00:00+00:00, run_after=2026-03-26 00:00:00+00:00
[2026-03-25T12:44:50.700+0000] {processor.py:183} INFO - Processing /opt/airflow/dags/e_commerce_dw_dag.py took 0.143 seconds
[2026-03-25T12:45:21.332+0000] {processor.py:161} INFO - Started process (PID=4637) to work on /opt/airflow/dags/e_commerce_dw_dag.py
[2026-03-25T12:45:21.333+0000] {processor.py:830} INFO - Processing file /opt/airflow/dags/e_commerce_dw_dag.py for tasks to queue
[2026-03-25T12:45:21.335+0000] {logging_mixin.py:188} INFO - [2026-03-25T12:45:21.334+0000] {dagbag.py:545} INFO - Filling up the DagBag from /opt/airflow/dags/e_commerce_dw_dag.py
[2026-03-25T12:45:21.407+0000] {processor.py:840} INFO - DAG(s) 'e_commerce_dw_etl' retrieved from /opt/airflow/dags/e_commerce_dw_dag.py
[2026-03-25T12:45:21.446+0000] {logging_mixin.py:188} INFO - [2026-03-25T12:45:21.445+0000] {dag.py:3096} INFO - Sync 1 DAGs
[2026-03-25T12:45:21.471+0000] {logging_mixin.py:188} INFO - [2026-03-25T12:45:21.471+0000] {dag.py:3954} INFO - Setting next_dagrun for e_commerce_dw_etl to 2026-03-25 00:00:00+00:00, run_after=2026-03-26 00:00:00+00:00
[2026-03-25T12:45:21.489+0000] {processor.py:183} INFO - Processing /opt/airflow/dags/e_commerce_dw_dag.py took 0.163 seconds
[2026-03-25T12:45:52.273+0000] {processor.py:161} INFO - Started process (PID=4664) to work on /opt/airflow/dags/e_commerce_dw_dag.py
[2026-03-25T12:45:52.275+0000] {processor.py:830} INFO - Processing file /opt/airflow/dags/e_commerce_dw_dag.py for tasks to queue
[2026-03-25T12:45:52.277+0000] {logging_mixin.py:188} INFO - [2026-03-25T12:45:52.276+0000] {dagbag.py:545} INFO - Filling up the DagBag from /opt/airflow/dags/e_commerce_dw_dag.py
[2026-03-25T12:45:52.347+0000] {processor.py:840} INFO - DAG(s) 'e_commerce_dw_etl' retrieved from /opt/airflow/dags/e_commerce_dw_dag.py
[2026-03-25T12:45:52.382+0000] {logging_mixin.py:188} INFO - [2026-03-25T12:45:52.381+0000] {dag.py:3096} INFO - Sync 1 DAGs
[2026-03-25T12:45:52.406+0000] {logging_mixin.py:188} INFO - [2026-03-25T12:45:52.405+0000] {dag.py:3954} INFO - Setting next_dagrun for e_commerce_dw_etl to 2026-03-25 00:00:00+00:00, run_after=2026-03-26 00:00:00+00:00
[2026-03-25T12:45:52.434+0000] {processor.py:183} INFO - Processing /opt/airflow/dags/e_commerce_dw_dag.py took 0.169 seconds
[2026-03-25T12:46:23.181+0000] {processor.py:161} INFO - Started process (PID=4690) to work on /opt/airflow/dags/e_commerce_dw_dag.py
[2026-03-25T12:46:23.182+0000] {processor.py:830} INFO - Processing file /opt/airflow/dags/e_commerce_dw_dag.py for tasks to queue
[2026-03-25T12:46:23.184+0000] {logging_mixin.py:188} INFO - [2026-03-25T12:46:23.184+0000] {dagbag.py:545} INFO - Filling up the DagBag from /opt/airflow/dags/e_commerce_dw_dag.py
[2026-03-25T12:46:23.260+0000] {processor.py:840} INFO - DAG(s) 'e_commerce_dw_etl' retrieved from /opt/airflow/dags/e_commerce_dw_dag.py
[2026-03-25T12:46:23.294+0000] {logging_mixin.py:188} INFO - [2026-03-25T12:46:23.293+0000] {dag.py:3096} INFO - Sync 1 DAGs
[2026-03-25T12:46:23.328+0000] {logging_mixin.py:188} INFO - [2026-03-25T12:46:23.328+0000] {dag.py:3954} INFO - Setting next_dagrun for e_commerce_dw_etl to 2026-03-25 00:00:00+00:00, run_after=2026-03-26 00:00:00+00:00
[2026-03-25T12:46:23.357+0000] {processor.py:183} INFO - Processing /opt/airflow/dags/e_commerce_dw_dag.py took 0.183 seconds
[2026-03-25T12:46:54.069+0000] {processor.py:161} INFO - Started process (PID=4716) to work on /opt/airflow/dags/e_commerce_dw_dag.py
[2026-03-25T12:46:54.070+0000] {processor.py:830} INFO - Processing file /opt/airflow/dags/e_commerce_dw_dag.py for tasks to queue
[2026-03-25T12:46:54.072+0000] {logging_mixin.py:188} INFO - [2026-03-25T12:46:54.072+0000] {dagbag.py:545} INFO - Filling up the DagBag from /opt/airflow/dags/e_commerce_dw_dag.py
[2026-03-25T12:46:54.139+0000] {processor.py:840} INFO - DAG(s) 'e_commerce_dw_etl' retrieved from /opt/airflow/dags/e_commerce_dw_dag.py
[2026-03-25T12:46:54.175+0000] {logging_mixin.py:188} INFO - [2026-03-25T12:46:54.175+0000] {dag.py:3096} INFO - Sync 1 DAGs
[2026-03-25T12:46:54.200+0000] {logging_mixin.py:188} INFO - [2026-03-25T12:46:54.200+0000] {dag.py:3954} INFO - Setting next_dagrun for e_commerce_dw_etl to 2026-03-25 00:00:00+00:00, run_after=2026-03-26 00:00:00+00:00
[2026-03-25T12:46:54.226+0000] {processor.py:183} INFO - Processing /opt/airflow/dags/e_commerce_dw_dag.py took 0.164 seconds
[2026-03-25T12:47:24.959+0000] {processor.py:161} INFO - Started process (PID=4742) to work on /opt/airflow/dags/e_commerce_dw_dag.py
[2026-03-25T12:47:24.961+0000] {processor.py:830} INFO - Processing file /opt/airflow/dags/e_commerce_dw_dag.py for tasks to queue
[2026-03-25T12:47:24.963+0000] {logging_mixin.py:188} INFO - [2026-03-25T12:47:24.963+0000] {dagbag.py:545} INFO - Filling up the DagBag from /opt/airflow/dags/e_commerce_dw_dag.py
[2026-03-25T12:47:25.029+0000] {processor.py:840} INFO - DAG(s) 'e_commerce_dw_etl' retrieved from /opt/airflow/dags/e_commerce_dw_dag.py
[2026-03-25T12:47:25.062+0000] {logging_mixin.py:188} INFO - [2026-03-25T12:47:25.062+0000] {dag.py:3096} INFO - Sync 1 DAGs
[2026-03-25T12:47:25.083+0000] {logging_mixin.py:188} INFO - [2026-03-25T12:47:25.082+0000] {dag.py:3954} INFO - Setting next_dagrun for e_commerce_dw_etl to 2026-03-25 00:00:00+00:00, run_after=2026-03-26 00:00:00+00:00
[2026-03-25T12:47:25.105+0000] {processor.py:183} INFO - Processing /opt/airflow/dags/e_commerce_dw_dag.py took 0.152 seconds
[2026-03-25T12:47:55.763+0000] {processor.py:161} INFO - Started process (PID=4768) to work on /opt/airflow/dags/e_commerce_dw_dag.py
[2026-03-25T12:47:55.764+0000] {processor.py:830} INFO - Processing file /opt/airflow/dags/e_commerce_dw_dag.py for tasks to queue
[2026-03-25T12:47:55.766+0000] {logging_mixin.py:188} INFO - [2026-03-25T12:47:55.765+0000] {dagbag.py:545} INFO - Filling up the DagBag from /opt/airflow/dags/e_commerce_dw_dag.py
[2026-03-25T12:47:55.821+0000] {processor.py:840} INFO - DAG(s) 'e_commerce_dw_etl' retrieved from /opt/airflow/dags/e_commerce_dw_dag.py
[2026-03-25T12:47:55.853+0000] {logging_mixin.py:188} INFO - [2026-03-25T12:47:55.852+0000] {dag.py:3096} INFO - Sync 1 DAGs
[2026-03-25T12:47:55.876+0000] {logging_mixin.py:188} INFO - [2026-03-25T12:47:55.876+0000] {dag.py:3954} INFO - Setting next_dagrun for e_commerce_dw_etl to 2026-03-25 00:00:00+00:00, run_after=2026-03-26 00:00:00+00:00
[2026-03-25T12:47:55.899+0000] {processor.py:183} INFO - Processing /opt/airflow/dags/e_commerce_dw_dag.py took 0.142 seconds
[2026-03-25T12:48:26.593+0000] {processor.py:161} INFO - Started process (PID=4794) to work on /opt/airflow/dags/e_commerce_dw_dag.py
[2026-03-25T12:48:26.594+0000] {processor.py:830} INFO - Processing file /opt/airflow/dags/e_commerce_dw_dag.py for tasks to queue
[2026-03-25T12:48:26.596+0000] {logging_mixin.py:188} INFO - [2026-03-25T12:48:26.596+0000] {dagbag.py:545} INFO - Filling up the DagBag from /opt/airflow/dags/e_commerce_dw_dag.py
[2026-03-25T12:48:26.654+0000] {processor.py:840} INFO - DAG(s) 'e_commerce_dw_etl' retrieved from /opt/airflow/dags/e_commerce_dw_dag.py
[2026-03-25T12:48:26.686+0000] {logging_mixin.py:188} INFO - [2026-03-25T12:48:26.685+0000] {dag.py:3096} INFO - Sync 1 DAGs
[2026-03-25T12:48:26.707+0000] {logging_mixin.py:188} INFO - [2026-03-25T12:48:26.707+0000] {dag.py:3954} INFO - Setting next_dagrun for e_commerce_dw_etl to 2026-03-25 00:00:00+00:00, run_after=2026-03-26 00:00:00+00:00
[2026-03-25T12:48:26.728+0000] {processor.py:183} INFO - Processing /opt/airflow/dags/e_commerce_dw_dag.py took 0.141 seconds
[2026-03-25T12:48:57.529+0000] {processor.py:161} INFO - Started process (PID=4820) to work on /opt/airflow/dags/e_commerce_dw_dag.py
[2026-03-25T12:48:57.530+0000] {processor.py:830} INFO - Processing file /opt/airflow/dags/e_commerce_dw_dag.py for tasks to queue
[2026-03-25T12:48:57.532+0000] {logging_mixin.py:188} INFO - [2026-03-25T12:48:57.532+0000] {dagbag.py:545} INFO - Filling up the DagBag from /opt/airflow/dags/e_commerce_dw_dag.py
[2026-03-25T12:48:57.585+0000] {processor.py:840} INFO - DAG(s) 'e_commerce_dw_etl' retrieved from /opt/airflow/dags/e_commerce_dw_dag.py
[2026-03-25T12:48:57.616+0000] {logging_mixin.py:188} INFO - [2026-03-25T12:48:57.616+0000] {dag.py:3096} INFO - Sync 1 DAGs
[2026-03-25T12:48:57.638+0000] {logging_mixin.py:188} INFO - [2026-03-25T12:48:57.638+0000] {dag.py:3954} INFO - Setting next_dagrun for e_commerce_dw_etl to 2026-03-25 00:00:00+00:00, run_after=2026-03-26 00:00:00+00:00
[2026-03-25T12:48:57.659+0000] {processor.py:183} INFO - Processing /opt/airflow/dags/e_commerce_dw_dag.py took 0.137 seconds
[2026-03-25T12:49:28.447+0000] {processor.py:161} INFO - Started process (PID=4846) to work on /opt/airflow/dags/e_commerce_dw_dag.py
[2026-03-25T12:49:28.448+0000] {processor.py:830} INFO - Processing file /opt/airflow/dags/e_commerce_dw_dag.py for tasks to queue
[2026-03-25T12:49:28.450+0000] {logging_mixin.py:188} INFO - [2026-03-25T12:49:28.450+0000] {dagbag.py:545} INFO - Filling up the DagBag from /opt/airflow/dags/e_commerce_dw_dag.py
[2026-03-25T12:49:28.507+0000] {processor.py:840} INFO - DAG(s) 'e_commerce_dw_etl' retrieved from /opt/airflow/dags/e_commerce_dw_dag.py
[2026-03-25T12:49:28.539+0000] {logging_mixin.py:188} INFO - [2026-03-25T12:49:28.539+0000] {dag.py:3096} INFO - Sync 1 DAGs
[2026-03-25T12:49:28.563+0000] {logging_mixin.py:188} INFO - [2026-03-25T12:49:28.562+0000] {dag.py:3954} INFO - Setting next_dagrun for e_commerce_dw_etl to 2026-03-25 00:00:00+00:00, run_after=2026-03-26 00:00:00+00:00
[2026-03-25T12:49:28.587+0000] {processor.py:183} INFO - Processing /opt/airflow/dags/e_commerce_dw_dag.py took 0.146 seconds
[2026-03-25T12:49:59.235+0000] {processor.py:161} INFO - Started process (PID=4872) to work on /opt/airflow/dags/e_commerce_dw_dag.py
[2026-03-25T12:49:59.237+0000] {processor.py:830} INFO - Processing file /opt/airflow/dags/e_commerce_dw_dag.py for tasks to queue
[2026-03-25T12:49:59.238+0000] {logging_mixin.py:188} INFO - [2026-03-25T12:49:59.238+0000] {dagbag.py:545} INFO - Filling up the DagBag from /opt/airflow/dags/e_commerce_dw_dag.py
[2026-03-25T12:49:59.305+0000] {processor.py:840} INFO - DAG(s) 'e_commerce_dw_etl' retrieved from /opt/airflow/dags/e_commerce_dw_dag.py
[2026-03-25T12:49:59.347+0000] {logging_mixin.py:188} INFO - [2026-03-25T12:49:59.347+0000] {dag.py:3096} INFO - Sync 1 DAGs
[2026-03-25T12:49:59.372+0000] {logging_mixin.py:188} INFO - [2026-03-25T12:49:59.371+0000] {dag.py:3954} INFO - Setting next_dagrun for e_commerce_dw_etl to 2026-03-25 00:00:00+00:00, run_after=2026-03-26 00:00:00+00:00
[2026-03-25T12:49:59.394+0000] {processor.py:183} INFO - Processing /opt/airflow/dags/e_commerce_dw_dag.py took 0.165 seconds
[2026-03-25T12:50:30.180+0000] {processor.py:161} INFO - Started process (PID=4898) to work on /opt/airflow/dags/e_commerce_dw_dag.py
[2026-03-25T12:50:30.182+0000] {processor.py:830} INFO - Processing file /opt/airflow/dags/e_commerce_dw_dag.py for tasks to queue
[2026-03-25T12:50:30.184+0000] {logging_mixin.py:188} INFO - [2026-03-25T12:50:30.184+0000] {dagbag.py:545} INFO - Filling up the DagBag from /opt/airflow/dags/e_commerce_dw_dag.py
[2026-03-25T12:50:30.239+0000] {processor.py:840} INFO - DAG(s) 'e_commerce_dw_etl' retrieved from /opt/airflow/dags/e_commerce_dw_dag.py
[2026-03-25T12:50:30.269+0000] {logging_mixin.py:188} INFO - [2026-03-25T12:50:30.269+0000] {dag.py:3096} INFO - Sync 1 DAGs
[2026-03-25T12:50:30.293+0000] {logging_mixin.py:188} INFO - [2026-03-25T12:50:30.292+0000] {dag.py:3954} INFO - Setting next_dagrun for e_commerce_dw_etl to 2026-03-25 00:00:00+00:00, run_after=2026-03-26 00:00:00+00:00
[2026-03-25T12:50:30.314+0000] {processor.py:183} INFO - Processing /opt/airflow/dags/e_commerce_dw_dag.py took 0.140 seconds
[2026-03-25T12:51:00.993+0000] {processor.py:161} INFO - Started process (PID=4924) to work on /opt/airflow/dags/e_commerce_dw_dag.py
[2026-03-25T12:51:00.994+0000] {processor.py:830} INFO - Processing file /opt/airflow/dags/e_commerce_dw_dag.py for tasks to queue
[2026-03-25T12:51:00.995+0000] {logging_mixin.py:188} INFO - [2026-03-25T12:51:00.995+0000] {dagbag.py:545} INFO - Filling up the DagBag from /opt/airflow/dags/e_commerce_dw_dag.py
[2026-03-25T12:51:01.052+0000] {processor.py:840} INFO - DAG(s) 'e_commerce_dw_etl' retrieved from /opt/airflow/dags/e_commerce_dw_dag.py
[2026-03-25T12:51:01.084+0000] {logging_mixin.py:188} INFO - [2026-03-25T12:51:01.084+0000] {dag.py:3096} INFO - Sync 1 DAGs
[2026-03-25T12:51:01.107+0000] {logging_mixin.py:188} INFO - [2026-03-25T12:51:01.107+0000] {dag.py:3954} INFO - Setting next_dagrun for e_commerce_dw_etl to 2026-03-25 00:00:00+00:00, run_after=2026-03-26 00:00:00+00:00
[2026-03-25T12:51:01.130+0000] {processor.py:183} INFO - Processing /opt/airflow/dags/e_commerce_dw_dag.py took 0.143 seconds
[2026-03-25T12:51:31.731+0000] {processor.py:161} INFO - Started process (PID=4950) to work on /opt/airflow/dags/e_commerce_dw_dag.py
[2026-03-25T12:51:31.732+0000] {processor.py:830} INFO - Processing file /opt/airflow/dags/e_commerce_dw_dag.py for tasks to queue
[2026-03-25T12:51:31.734+0000] {logging_mixin.py:188} INFO - [2026-03-25T12:51:31.734+0000] {dagbag.py:545} INFO - Filling up the DagBag from /opt/airflow/dags/e_commerce_dw_dag.py
[2026-03-25T12:51:31.793+0000] {processor.py:840} INFO - DAG(s) 'e_commerce_dw_etl' retrieved from /opt/airflow/dags/e_commerce_dw_dag.py
[2026-03-25T12:51:31.823+0000] {logging_mixin.py:188} INFO - [2026-03-25T12:51:31.822+0000] {dag.py:3096} INFO - Sync 1 DAGs
[2026-03-25T12:51:31.846+0000] {logging_mixin.py:188} INFO - [2026-03-25T12:51:31.845+0000] {dag.py:3954} INFO - Setting next_dagrun for e_commerce_dw_etl to 2026-03-25 00:00:00+00:00, run_after=2026-03-26 00:00:00+00:00
[2026-03-25T12:51:31.867+0000] {processor.py:183} INFO - Processing /opt/airflow/dags/e_commerce_dw_dag.py took 0.142 seconds
[2026-03-25T12:52:02.606+0000] {processor.py:161} INFO - Started process (PID=4976) to work on /opt/airflow/dags/e_commerce_dw_dag.py
[2026-03-25T12:52:02.607+0000] {processor.py:830} INFO - Processing file /opt/airflow/dags/e_commerce_dw_dag.py for tasks to queue
[2026-03-25T12:52:02.609+0000] {logging_mixin.py:188} INFO - [2026-03-25T12:52:02.609+0000] {dagbag.py:545} INFO - Filling up the DagBag from /opt/airflow/dags/e_commerce_dw_dag.py
[2026-03-25T12:52:02.663+0000] {processor.py:840} INFO - DAG(s) 'e_commerce_dw_etl' retrieved from /opt/airflow/dags/e_commerce_dw_dag.py
[2026-03-25T12:52:02.693+0000] {logging_mixin.py:188} INFO - [2026-03-25T12:52:02.692+0000] {dag.py:3096} INFO - Sync 1 DAGs
[2026-03-25T12:52:02.715+0000] {logging_mixin.py:188} INFO - [2026-03-25T12:52:02.715+0000] {dag.py:3954} INFO - Setting next_dagrun for e_commerce_dw_etl to 2026-03-25 00:00:00+00:00, run_after=2026-03-26 00:00:00+00:00
[2026-03-25T12:52:02.736+0000] {processor.py:183} INFO - Processing /opt/airflow/dags/e_commerce_dw_dag.py took 0.137 seconds
[2026-03-25T12:52:33.507+0000] {processor.py:161} INFO - Started process (PID=5002) to work on /opt/airflow/dags/e_commerce_dw_dag.py
[2026-03-25T12:52:33.508+0000] {processor.py:830} INFO - Processing file /opt/airflow/dags/e_commerce_dw_dag.py for tasks to queue
[2026-03-25T12:52:33.510+0000] {logging_mixin.py:188} INFO - [2026-03-25T12:52:33.510+0000] {dagbag.py:545} INFO - Filling up the DagBag from /opt/airflow/dags/e_commerce_dw_dag.py
[2026-03-25T12:52:33.565+0000] {processor.py:840} INFO - DAG(s) 'e_commerce_dw_etl' retrieved from /opt/airflow/dags/e_commerce_dw_dag.py
[2026-03-25T12:52:33.595+0000] {logging_mixin.py:188} INFO - [2026-03-25T12:52:33.595+0000] {dag.py:3096} INFO - Sync 1 DAGs
[2026-03-25T12:52:33.618+0000] {logging_mixin.py:188} INFO - [2026-03-25T12:52:33.618+0000] {dag.py:3954} INFO - Setting next_dagrun for e_commerce_dw_etl to 2026-03-25 00:00:00+00:00, run_after=2026-03-26 00:00:00+00:00
[2026-03-25T12:52:33.637+0000] {processor.py:183} INFO - Processing /opt/airflow/dags/e_commerce_dw_dag.py took 0.136 seconds
[2026-03-25T12:53:04.285+0000] {processor.py:161} INFO - Started process (PID=5028) to work on /opt/airflow/dags/e_commerce_dw_dag.py
[2026-03-25T12:53:04.286+0000] {processor.py:830} INFO - Processing file /opt/airflow/dags/e_commerce_dw_dag.py for tasks to queue
[2026-03-25T12:53:04.288+0000] {logging_mixin.py:188} INFO - [2026-03-25T12:53:04.288+0000] {dagbag.py:545} INFO - Filling up the DagBag from /opt/airflow/dags/e_commerce_dw_dag.py
[2026-03-25T12:53:04.358+0000] {processor.py:840} INFO - DAG(s) 'e_commerce_dw_etl' retrieved from /opt/airflow/dags/e_commerce_dw_dag.py
[2026-03-25T12:53:04.389+0000] {logging_mixin.py:188} INFO - [2026-03-25T12:53:04.388+0000] {dag.py:3096} INFO - Sync 1 DAGs
[2026-03-25T12:53:04.412+0000] {logging_mixin.py:188} INFO - [2026-03-25T12:53:04.411+0000] {dag.py:3954} INFO - Setting next_dagrun for e_commerce_dw_etl to 2026-03-25 00:00:00+00:00, run_after=2026-03-26 00:00:00+00:00
[2026-03-25T12:53:04.432+0000] {processor.py:183} INFO - Processing /opt/airflow/dags/e_commerce_dw_dag.py took 0.155 seconds
[2026-03-25T12:53:35.217+0000] {processor.py:161} INFO - Started process (PID=5054) to work on /opt/airflow/dags/e_commerce_dw_dag.py
[2026-03-25T12:53:35.218+0000] {processor.py:830} INFO - Processing file /opt/airflow/dags/e_commerce_dw_dag.py for tasks to queue
[2026-03-25T12:53:35.220+0000] {logging_mixin.py:188} INFO - [2026-03-25T12:53:35.220+0000] {dagbag.py:545} INFO - Filling up the DagBag from /opt/airflow/dags/e_commerce_dw_dag.py
[2026-03-25T12:53:35.277+0000] {processor.py:840} INFO - DAG(s) 'e_commerce_dw_etl' retrieved from /opt/airflow/dags/e_commerce_dw_dag.py
[2026-03-25T12:53:35.306+0000] {logging_mixin.py:188} INFO - [2026-03-25T12:53:35.306+0000] {dag.py:3096} INFO - Sync 1 DAGs
[2026-03-25T12:53:35.326+0000] {logging_mixin.py:188} INFO - [2026-03-25T12:53:35.326+0000] {dag.py:3954} INFO - Setting next_dagrun for e_commerce_dw_etl to 2026-03-25 00:00:00+00:00, run_after=2026-03-26 00:00:00+00:00
[2026-03-25T12:53:35.349+0000] {processor.py:183} INFO - Processing /opt/airflow/dags/e_commerce_dw_dag.py took 0.137 seconds
[2026-03-25T12:54:05.434+0000] {processor.py:161} INFO - Started process (PID=5080) to work on /opt/airflow/dags/e_commerce_dw_dag.py
[2026-03-25T12:54:05.435+0000] {processor.py:830} INFO - Processing file /opt/airflow/dags/e_commerce_dw_dag.py for tasks to queue
[2026-03-25T12:54:05.437+0000] {logging_mixin.py:188} INFO - [2026-03-25T12:54:05.437+0000] {dagbag.py:545} INFO - Filling up the DagBag from /opt/airflow/dags/e_commerce_dw_dag.py
[2026-03-25T12:54:05.492+0000] {processor.py:840} INFO - DAG(s) 'e_commerce_dw_etl' retrieved from /opt/airflow/dags/e_commerce_dw_dag.py
[2026-03-25T12:54:05.520+0000] {logging_mixin.py:188} INFO - [2026-03-25T12:54:05.520+0000] {dag.py:3096} INFO - Sync 1 DAGs
[2026-03-25T12:54:05.542+0000] {logging_mixin.py:188} INFO - [2026-03-25T12:54:05.542+0000] {dag.py:3954} INFO - Setting next_dagrun for e_commerce_dw_etl to 2026-03-25 00:00:00+00:00, run_after=2026-03-26 00:00:00+00:00
[2026-03-25T12:54:05.563+0000] {processor.py:183} INFO - Processing /opt/airflow/dags/e_commerce_dw_dag.py took 0.135 seconds
[2026-03-25T12:54:36.249+0000] {processor.py:161} INFO - Started process (PID=5106) to work on /opt/airflow/dags/e_commerce_dw_dag.py
[2026-03-25T12:54:36.251+0000] {processor.py:830} INFO - Processing file /opt/airflow/dags/e_commerce_dw_dag.py for tasks to queue
[2026-03-25T12:54:36.253+0000] {logging_mixin.py:188} INFO - [2026-03-25T12:54:36.252+0000] {dagbag.py:545} INFO - Filling up the DagBag from /opt/airflow/dags/e_commerce_dw_dag.py
[2026-03-25T12:54:36.306+0000] {processor.py:840} INFO - DAG(s) 'e_commerce_dw_etl' retrieved from /opt/airflow/dags/e_commerce_dw_dag.py
[2026-03-25T12:54:36.336+0000] {logging_mixin.py:188} INFO - [2026-03-25T12:54:36.336+0000] {dag.py:3096} INFO - Sync 1 DAGs
[2026-03-25T12:54:36.359+0000] {logging_mixin.py:188} INFO - [2026-03-25T12:54:36.359+0000] {dag.py:3954} INFO - Setting next_dagrun for e_commerce_dw_etl to 2026-03-25 00:00:00+00:00, run_after=2026-03-26 00:00:00+00:00
[2026-03-25T12:54:36.381+0000] {processor.py:183} INFO - Processing /opt/airflow/dags/e_commerce_dw_dag.py took 0.138 seconds
[2026-03-25T12:55:07.101+0000] {processor.py:161} INFO - Started process (PID=5132) to work on /opt/airflow/dags/e_commerce_dw_dag.py
[2026-03-25T12:55:07.102+0000] {processor.py:830} INFO - Processing file /opt/airflow/dags/e_commerce_dw_dag.py for tasks to queue
[2026-03-25T12:55:07.105+0000] {logging_mixin.py:188} INFO - [2026-03-25T12:55:07.105+0000] {dagbag.py:545} INFO - Filling up the DagBag from /opt/airflow/dags/e_commerce_dw_dag.py
[2026-03-25T12:55:07.156+0000] {processor.py:840} INFO - DAG(s) 'e_commerce_dw_etl' retrieved from /opt/airflow/dags/e_commerce_dw_dag.py
[2026-03-25T12:55:07.185+0000] {logging_mixin.py:188} INFO - [2026-03-25T12:55:07.185+0000] {dag.py:3096} INFO - Sync 1 DAGs
[2026-03-25T12:55:07.208+0000] {logging_mixin.py:188} INFO - [2026-03-25T12:55:07.207+0000] {dag.py:3954} INFO - Setting next_dagrun for e_commerce_dw_etl to 2026-03-25 00:00:00+00:00, run_after=2026-03-26 00:00:00+00:00
[2026-03-25T12:55:07.230+0000] {processor.py:183} INFO - Processing /opt/airflow/dags/e_commerce_dw_dag.py took 0.134 seconds
[2026-03-25T12:55:37.864+0000] {processor.py:161} INFO - Started process (PID=5158) to work on /opt/airflow/dags/e_commerce_dw_dag.py
[2026-03-25T12:55:37.865+0000] {processor.py:830} INFO - Processing file /opt/airflow/dags/e_commerce_dw_dag.py for tasks to queue
[2026-03-25T12:55:37.867+0000] {logging_mixin.py:188} INFO - [2026-03-25T12:55:37.866+0000] {dagbag.py:545} INFO - Filling up the DagBag from /opt/airflow/dags/e_commerce_dw_dag.py
[2026-03-25T12:55:37.924+0000] {processor.py:840} INFO - DAG(s) 'e_commerce_dw_etl' retrieved from /opt/airflow/dags/e_commerce_dw_dag.py
[2026-03-25T12:55:37.951+0000] {logging_mixin.py:188} INFO - [2026-03-25T12:55:37.951+0000] {dag.py:3096} INFO - Sync 1 DAGs
[2026-03-25T12:55:37.975+0000] {logging_mixin.py:188} INFO - [2026-03-25T12:55:37.975+0000] {dag.py:3954} INFO - Setting next_dagrun for e_commerce_dw_etl to 2026-03-25 00:00:00+00:00, run_after=2026-03-26 00:00:00+00:00
[2026-03-25T12:55:37.998+0000] {processor.py:183} INFO - Processing /opt/airflow/dags/e_commerce_dw_dag.py took 0.140 seconds
[2026-03-25T12:56:08.803+0000] {processor.py:161} INFO - Started process (PID=5184) to work on /opt/airflow/dags/e_commerce_dw_dag.py
[2026-03-25T12:56:08.804+0000] {processor.py:830} INFO - Processing file /opt/airflow/dags/e_commerce_dw_dag.py for tasks to queue
[2026-03-25T12:56:08.806+0000] {logging_mixin.py:188} INFO - [2026-03-25T12:56:08.806+0000] {dagbag.py:545} INFO - Filling up the DagBag from /opt/airflow/dags/e_commerce_dw_dag.py
[2026-03-25T12:56:08.865+0000] {processor.py:840} INFO - DAG(s) 'e_commerce_dw_etl' retrieved from /opt/airflow/dags/e_commerce_dw_dag.py
[2026-03-25T12:56:08.898+0000] {logging_mixin.py:188} INFO - [2026-03-25T12:56:08.897+0000] {dag.py:3096} INFO - Sync 1 DAGs
[2026-03-25T12:56:08.924+0000] {logging_mixin.py:188} INFO - [2026-03-25T12:56:08.924+0000] {dag.py:3954} INFO - Setting next_dagrun for e_commerce_dw_etl to 2026-03-25 00:00:00+00:00, run_after=2026-03-26 00:00:00+00:00
[2026-03-25T12:56:08.949+0000] {processor.py:183} INFO - Processing /opt/airflow/dags/e_commerce_dw_dag.py took 0.154 seconds
[2026-03-25T12:56:39.709+0000] {processor.py:161} INFO - Started process (PID=5210) to work on /opt/airflow/dags/e_commerce_dw_dag.py
[2026-03-25T12:56:39.711+0000] {processor.py:830} INFO - Processing file /opt/airflow/dags/e_commerce_dw_dag.py for tasks to queue
[2026-03-25T12:56:39.713+0000] {logging_mixin.py:188} INFO - [2026-03-25T12:56:39.712+0000] {dagbag.py:545} INFO - Filling up the DagBag from /opt/airflow/dags/e_commerce_dw_dag.py
[2026-03-25T12:56:39.799+0000] {processor.py:840} INFO - DAG(s) 'e_commerce_dw_etl' retrieved from /opt/airflow/dags/e_commerce_dw_dag.py
[2026-03-25T12:56:39.832+0000] {logging_mixin.py:188} INFO - [2026-03-25T12:56:39.831+0000] {dag.py:3096} INFO - Sync 1 DAGs
[2026-03-25T12:56:39.851+0000] {logging_mixin.py:188} INFO - [2026-03-25T12:56:39.850+0000] {dag.py:3954} INFO - Setting next_dagrun for e_commerce_dw_etl to 2026-03-25 00:00:00+00:00, run_after=2026-03-26 00:00:00+00:00
[2026-03-25T12:56:39.877+0000] {processor.py:183} INFO - Processing /opt/airflow/dags/e_commerce_dw_dag.py took 0.175 seconds
[2026-03-25T12:57:10.602+0000] {processor.py:161} INFO - Started process (PID=5236) to work on /opt/airflow/dags/e_commerce_dw_dag.py
[2026-03-25T12:57:10.603+0000] {processor.py:830} INFO - Processing file /opt/airflow/dags/e_commerce_dw_dag.py for tasks to queue
[2026-03-25T12:57:10.606+0000] {logging_mixin.py:188} INFO - [2026-03-25T12:57:10.606+0000] {dagbag.py:545} INFO - Filling up the DagBag from /opt/airflow/dags/e_commerce_dw_dag.py
[2026-03-25T12:57:10.659+0000] {processor.py:840} INFO - DAG(s) 'e_commerce_dw_etl' retrieved from /opt/airflow/dags/e_commerce_dw_dag.py
[2026-03-25T12:57:10.686+0000] {logging_mixin.py:188} INFO - [2026-03-25T12:57:10.686+0000] {dag.py:3096} INFO - Sync 1 DAGs
[2026-03-25T12:57:10.708+0000] {logging_mixin.py:188} INFO - [2026-03-25T12:57:10.707+0000] {dag.py:3954} INFO - Setting next_dagrun for e_commerce_dw_etl to 2026-03-25 00:00:00+00:00, run_after=2026-03-26 00:00:00+00:00
[2026-03-25T12:57:10.729+0000] {processor.py:183} INFO - Processing /opt/airflow/dags/e_commerce_dw_dag.py took 0.133 seconds
[2026-03-25T12:57:41.442+0000] {processor.py:161} INFO - Started process (PID=5262) to work on /opt/airflow/dags/e_commerce_dw_dag.py
[2026-03-25T12:57:41.443+0000] {processor.py:830} INFO - Processing file /opt/airflow/dags/e_commerce_dw_dag.py for tasks to queue
[2026-03-25T12:57:41.445+0000] {logging_mixin.py:188} INFO - [2026-03-25T12:57:41.445+0000] {dagbag.py:545} INFO - Filling up the DagBag from /opt/airflow/dags/e_commerce_dw_dag.py
[2026-03-25T12:57:41.497+0000] {processor.py:840} INFO - DAG(s) 'e_commerce_dw_etl' retrieved from /opt/airflow/dags/e_commerce_dw_dag.py
[2026-03-25T12:57:41.527+0000] {logging_mixin.py:188} INFO - [2026-03-25T12:57:41.527+0000] {dag.py:3096} INFO - Sync 1 DAGs
[2026-03-25T12:57:41.549+0000] {logging_mixin.py:188} INFO - [2026-03-25T12:57:41.549+0000] {dag.py:3954} INFO - Setting next_dagrun for e_commerce_dw_etl to 2026-03-25 00:00:00+00:00, run_after=2026-03-26 00:00:00+00:00
[2026-03-25T12:57:41.571+0000] {processor.py:183} INFO - Processing /opt/airflow/dags/e_commerce_dw_dag.py took 0.135 seconds
[2026-03-25T12:58:12.245+0000] {processor.py:161} INFO - Started process (PID=5288) to work on /opt/airflow/dags/e_commerce_dw_dag.py
[2026-03-25T12:58:12.246+0000] {processor.py:830} INFO - Processing file /opt/airflow/dags/e_commerce_dw_dag.py for tasks to queue
[2026-03-25T12:58:12.247+0000] {logging_mixin.py:188} INFO - [2026-03-25T12:58:12.247+0000] {dagbag.py:545} INFO - Filling up the DagBag from /opt/airflow/dags/e_commerce_dw_dag.py
[2026-03-25T12:58:12.302+0000] {processor.py:840} INFO - DAG(s) 'e_commerce_dw_etl' retrieved from /opt/airflow/dags/e_commerce_dw_dag.py
[2026-03-25T12:58:12.331+0000] {logging_mixin.py:188} INFO - [2026-03-25T12:58:12.331+0000] {dag.py:3096} INFO - Sync 1 DAGs
[2026-03-25T12:58:12.355+0000] {logging_mixin.py:188} INFO - [2026-03-25T12:58:12.355+0000] {dag.py:3954} INFO - Setting next_dagrun for e_commerce_dw_etl to 2026-03-25 00:00:00+00:00, run_after=2026-03-26 00:00:00+00:00
[2026-03-25T12:58:12.376+0000] {processor.py:183} INFO - Processing /opt/airflow/dags/e_commerce_dw_dag.py took 0.137 seconds
[2026-03-25T12:58:43.204+0000] {processor.py:161} INFO - Started process (PID=5314) to work on /opt/airflow/dags/e_commerce_dw_dag.py
[2026-03-25T12:58:43.205+0000] {processor.py:830} INFO - Processing file /opt/airflow/dags/e_commerce_dw_dag.py for tasks to queue
[2026-03-25T12:58:43.208+0000] {logging_mixin.py:188} INFO - [2026-03-25T12:58:43.207+0000] {dagbag.py:545} INFO - Filling up the DagBag from /opt/airflow/dags/e_commerce_dw_dag.py
[2026-03-25T12:58:43.265+0000] {processor.py:840} INFO - DAG(s) 'e_commerce_dw_etl' retrieved from /opt/airflow/dags/e_commerce_dw_dag.py
[2026-03-25T12:58:43.294+0000] {logging_mixin.py:188} INFO - [2026-03-25T12:58:43.293+0000] {dag.py:3096} INFO - Sync 1 DAGs
[2026-03-25T12:58:43.315+0000] {logging_mixin.py:188} INFO - [2026-03-25T12:58:43.314+0000] {dag.py:3954} INFO - Setting next_dagrun for e_commerce_dw_etl to 2026-03-25 00:00:00+00:00, run_after=2026-03-26 00:00:00+00:00
[2026-03-25T12:58:43.337+0000] {processor.py:183} INFO - Processing /opt/airflow/dags/e_commerce_dw_dag.py took 0.140 seconds
[2026-03-25T12:59:14.127+0000] {processor.py:161} INFO - Started process (PID=5340) to work on /opt/airflow/dags/e_commerce_dw_dag.py
[2026-03-25T12:59:14.128+0000] {processor.py:830} INFO - Processing file /opt/airflow/dags/e_commerce_dw_dag.py for tasks to queue
[2026-03-25T12:59:14.130+0000] {logging_mixin.py:188} INFO - [2026-03-25T12:59:14.129+0000] {dagbag.py:545} INFO - Filling up the DagBag from /opt/airflow/dags/e_commerce_dw_dag.py
[2026-03-25T12:59:14.186+0000] {processor.py:840} INFO - DAG(s) 'e_commerce_dw_etl' retrieved from /opt/airflow/dags/e_commerce_dw_dag.py
[2026-03-25T12:59:14.218+0000] {logging_mixin.py:188} INFO - [2026-03-25T12:59:14.218+0000] {dag.py:3096} INFO - Sync 1 DAGs
[2026-03-25T12:59:14.241+0000] {logging_mixin.py:188} INFO - [2026-03-25T12:59:14.240+0000] {dag.py:3954} INFO - Setting next_dagrun for e_commerce_dw_etl to 2026-03-25 00:00:00+00:00, run_after=2026-03-26 00:00:00+00:00
[2026-03-25T12:59:14.263+0000] {processor.py:183} INFO - Processing /opt/airflow/dags/e_commerce_dw_dag.py took 0.143 seconds
[2026-03-25T12:59:44.933+0000] {processor.py:161} INFO - Started process (PID=5366) to work on /opt/airflow/dags/e_commerce_dw_dag.py
[2026-03-25T12:59:44.934+0000] {processor.py:830} INFO - Processing file /opt/airflow/dags/e_commerce_dw_dag.py for tasks to queue
[2026-03-25T12:59:44.936+0000] {logging_mixin.py:188} INFO - [2026-03-25T12:59:44.936+0000] {dagbag.py:545} INFO - Filling up the DagBag from /opt/airflow/dags/e_commerce_dw_dag.py
[2026-03-25T12:59:44.989+0000] {processor.py:840} INFO - DAG(s) 'e_commerce_dw_etl' retrieved from /opt/airflow/dags/e_commerce_dw_dag.py
[2026-03-25T12:59:45.018+0000] {logging_mixin.py:188} INFO - [2026-03-25T12:59:45.018+0000] {dag.py:3096} INFO - Sync 1 DAGs
[2026-03-25T12:59:45.041+0000] {logging_mixin.py:188} INFO - [2026-03-25T12:59:45.040+0000] {dag.py:3954} INFO - Setting next_dagrun for e_commerce_dw_etl to 2026-03-25 00:00:00+00:00, run_after=2026-03-26 00:00:00+00:00
[2026-03-25T12:59:45.066+0000] {processor.py:183} INFO - Processing /opt/airflow/dags/e_commerce_dw_dag.py took 0.139 seconds
[2026-03-25T13:00:15.874+0000] {processor.py:161} INFO - Started process (PID=5398) to work on /opt/airflow/dags/e_commerce_dw_dag.py
[2026-03-25T13:00:15.875+0000] {processor.py:830} INFO - Processing file /opt/airflow/dags/e_commerce_dw_dag.py for tasks to queue
[2026-03-25T13:00:15.876+0000] {logging_mixin.py:188} INFO - [2026-03-25T13:00:15.876+0000] {dagbag.py:545} INFO - Filling up the DagBag from /opt/airflow/dags/e_commerce_dw_dag.py
[2026-03-25T13:00:15.931+0000] {processor.py:840} INFO - DAG(s) 'e_commerce_dw_etl' retrieved from /opt/airflow/dags/e_commerce_dw_dag.py
[2026-03-25T13:00:15.964+0000] {logging_mixin.py:188} INFO - [2026-03-25T13:00:15.964+0000] {dag.py:3096} INFO - Sync 1 DAGs
[2026-03-25T13:00:15.986+0000] {logging_mixin.py:188} INFO - [2026-03-25T13:00:15.986+0000] {dag.py:3954} INFO - Setting next_dagrun for e_commerce_dw_etl to 2026-03-25 00:00:00+00:00, run_after=2026-03-26 00:00:00+00:00
[2026-03-25T13:00:16.010+0000] {processor.py:183} INFO - Processing /opt/airflow/dags/e_commerce_dw_dag.py took 0.143 seconds
[2026-03-25T13:00:46.694+0000] {processor.py:161} INFO - Started process (PID=5424) to work on /opt/airflow/dags/e_commerce_dw_dag.py
[2026-03-25T13:00:46.696+0000] {processor.py:830} INFO - Processing file /opt/airflow/dags/e_commerce_dw_dag.py for tasks to queue
[2026-03-25T13:00:46.699+0000] {logging_mixin.py:188} INFO - [2026-03-25T13:00:46.699+0000] {dagbag.py:545} INFO - Filling up the DagBag from /opt/airflow/dags/e_commerce_dw_dag.py
[2026-03-25T13:00:46.770+0000] {processor.py:840} INFO - DAG(s) 'e_commerce_dw_etl' retrieved from /opt/airflow/dags/e_commerce_dw_dag.py
[2026-03-25T13:00:46.805+0000] {logging_mixin.py:188} INFO - [2026-03-25T13:00:46.805+0000] {dag.py:3096} INFO - Sync 1 DAGs
[2026-03-25T13:00:46.832+0000] {logging_mixin.py:188} INFO - [2026-03-25T13:00:46.831+0000] {dag.py:3954} INFO - Setting next_dagrun for e_commerce_dw_etl to 2026-03-25 00:00:00+00:00, run_after=2026-03-26 00:00:00+00:00
[2026-03-25T13:00:46.850+0000] {processor.py:183} INFO - Processing /opt/airflow/dags/e_commerce_dw_dag.py took 0.161 seconds
[2026-03-25T13:01:17.522+0000] {processor.py:161} INFO - Started process (PID=5450) to work on /opt/airflow/dags/e_commerce_dw_dag.py
[2026-03-25T13:01:17.523+0000] {processor.py:830} INFO - Processing file /opt/airflow/dags/e_commerce_dw_dag.py for tasks to queue
[2026-03-25T13:01:17.525+0000] {logging_mixin.py:188} INFO - [2026-03-25T13:01:17.524+0000] {dagbag.py:545} INFO - Filling up the DagBag from /opt/airflow/dags/e_commerce_dw_dag.py
[2026-03-25T13:01:17.581+0000] {processor.py:840} INFO - DAG(s) 'e_commerce_dw_etl' retrieved from /opt/airflow/dags/e_commerce_dw_dag.py
[2026-03-25T13:01:17.613+0000] {logging_mixin.py:188} INFO - [2026-03-25T13:01:17.613+0000] {dag.py:3096} INFO - Sync 1 DAGs
[2026-03-25T13:01:17.635+0000] {logging_mixin.py:188} INFO - [2026-03-25T13:01:17.635+0000] {dag.py:3954} INFO - Setting next_dagrun for e_commerce_dw_etl to 2026-03-25 00:00:00+00:00, run_after=2026-03-26 00:00:00+00:00
[2026-03-25T13:01:17.654+0000] {processor.py:183} INFO - Processing /opt/airflow/dags/e_commerce_dw_dag.py took 0.138 seconds
[2026-03-25T13:01:48.398+0000] {processor.py:161} INFO - Started process (PID=5476) to work on /opt/airflow/dags/e_commerce_dw_dag.py
[2026-03-25T13:01:48.400+0000] {processor.py:830} INFO - Processing file /opt/airflow/dags/e_commerce_dw_dag.py for tasks to queue
[2026-03-25T13:01:48.402+0000] {logging_mixin.py:188} INFO - [2026-03-25T13:01:48.401+0000] {dagbag.py:545} INFO - Filling up the DagBag from /opt/airflow/dags/e_commerce_dw_dag.py
[2026-03-25T13:01:48.483+0000] {processor.py:840} INFO - DAG(s) 'e_commerce_dw_etl' retrieved from /opt/airflow/dags/e_commerce_dw_dag.py
[2026-03-25T13:01:48.517+0000] {logging_mixin.py:188} INFO - [2026-03-25T13:01:48.516+0000] {dag.py:3096} INFO - Sync 1 DAGs
[2026-03-25T13:01:48.536+0000] {logging_mixin.py:188} INFO - [2026-03-25T13:01:48.535+0000] {dag.py:3954} INFO - Setting next_dagrun for e_commerce_dw_etl to 2026-03-25 00:00:00+00:00, run_after=2026-03-26 00:00:00+00:00
[2026-03-25T13:01:48.562+0000] {processor.py:183} INFO - Processing /opt/airflow/dags/e_commerce_dw_dag.py took 0.171 seconds
[2026-03-25T13:02:19.227+0000] {processor.py:161} INFO - Started process (PID=5502) to work on /opt/airflow/dags/e_commerce_dw_dag.py
[2026-03-25T13:02:19.228+0000] {processor.py:830} INFO - Processing file /opt/airflow/dags/e_commerce_dw_dag.py for tasks to queue
[2026-03-25T13:02:19.230+0000] {logging_mixin.py:188} INFO - [2026-03-25T13:02:19.230+0000] {dagbag.py:545} INFO - Filling up the DagBag from /opt/airflow/dags/e_commerce_dw_dag.py
[2026-03-25T13:02:19.288+0000] {processor.py:840} INFO - DAG(s) 'e_commerce_dw_etl' retrieved from /opt/airflow/dags/e_commerce_dw_dag.py
[2026-03-25T13:02:19.319+0000] {logging_mixin.py:188} INFO - [2026-03-25T13:02:19.319+0000] {dag.py:3096} INFO - Sync 1 DAGs
[2026-03-25T13:02:19.342+0000] {logging_mixin.py:188} INFO - [2026-03-25T13:02:19.342+0000] {dag.py:3954} INFO - Setting next_dagrun for e_commerce_dw_etl to 2026-03-25 00:00:00+00:00, run_after=2026-03-26 00:00:00+00:00
[2026-03-25T13:02:19.364+0000] {processor.py:183} INFO - Processing /opt/airflow/dags/e_commerce_dw_dag.py took 0.143 seconds
[2026-03-25T13:02:50.045+0000] {processor.py:161} INFO - Started process (PID=5528) to work on /opt/airflow/dags/e_commerce_dw_dag.py
[2026-03-25T13:02:50.047+0000] {processor.py:830} INFO - Processing file /opt/airflow/dags/e_commerce_dw_dag.py for tasks to queue
[2026-03-25T13:02:50.049+0000] {logging_mixin.py:188} INFO - [2026-03-25T13:02:50.049+0000] {dagbag.py:545} INFO - Filling up the DagBag from /opt/airflow/dags/e_commerce_dw_dag.py
[2026-03-25T13:02:50.133+0000] {processor.py:840} INFO - DAG(s) 'e_commerce_dw_etl' retrieved from /opt/airflow/dags/e_commerce_dw_dag.py
[2026-03-25T13:02:50.167+0000] {logging_mixin.py:188} INFO - [2026-03-25T13:02:50.166+0000] {dag.py:3096} INFO - Sync 1 DAGs
[2026-03-25T13:02:50.187+0000] {logging_mixin.py:188} INFO - [2026-03-25T13:02:50.187+0000] {dag.py:3954} INFO - Setting next_dagrun for e_commerce_dw_etl to 2026-03-25 00:00:00+00:00, run_after=2026-03-26 00:00:00+00:00
[2026-03-25T13:02:50.212+0000] {processor.py:183} INFO - Processing /opt/airflow/dags/e_commerce_dw_dag.py took 0.173 seconds
[2026-03-25T13:03:20.842+0000] {processor.py:161} INFO - Started process (PID=5554) to work on /opt/airflow/dags/e_commerce_dw_dag.py
[2026-03-25T13:03:20.843+0000] {processor.py:830} INFO - Processing file /opt/airflow/dags/e_commerce_dw_dag.py for tasks to queue
[2026-03-25T13:03:20.845+0000] {logging_mixin.py:188} INFO - [2026-03-25T13:03:20.845+0000] {dagbag.py:545} INFO - Filling up the DagBag from /opt/airflow/dags/e_commerce_dw_dag.py
[2026-03-25T13:03:20.901+0000] {processor.py:840} INFO - DAG(s) 'e_commerce_dw_etl' retrieved from /opt/airflow/dags/e_commerce_dw_dag.py
[2026-03-25T13:03:20.934+0000] {logging_mixin.py:188} INFO - [2026-03-25T13:03:20.934+0000] {dag.py:3096} INFO - Sync 1 DAGs
[2026-03-25T13:03:20.957+0000] {logging_mixin.py:188} INFO - [2026-03-25T13:03:20.956+0000] {dag.py:3954} INFO - Setting next_dagrun for e_commerce_dw_etl to 2026-03-25 00:00:00+00:00, run_after=2026-03-26 00:00:00+00:00
[2026-03-25T13:03:20.979+0000] {processor.py:183} INFO - Processing /opt/airflow/dags/e_commerce_dw_dag.py took 0.144 seconds
[2026-03-25T13:03:51.900+0000] {processor.py:161} INFO - Started process (PID=5580) to work on /opt/airflow/dags/e_commerce_dw_dag.py
[2026-03-25T13:03:51.901+0000] {processor.py:830} INFO - Processing file /opt/airflow/dags/e_commerce_dw_dag.py for tasks to queue
[2026-03-25T13:03:51.903+0000] {logging_mixin.py:188} INFO - [2026-03-25T13:03:51.903+0000] {dagbag.py:545} INFO - Filling up the DagBag from /opt/airflow/dags/e_commerce_dw_dag.py
[2026-03-25T13:03:51.963+0000] {processor.py:840} INFO - DAG(s) 'e_commerce_dw_etl' retrieved from /opt/airflow/dags/e_commerce_dw_dag.py
[2026-03-25T13:03:51.995+0000] {logging_mixin.py:188} INFO - [2026-03-25T13:03:51.994+0000] {dag.py:3096} INFO - Sync 1 DAGs
[2026-03-25T13:03:52.018+0000] {logging_mixin.py:188} INFO - [2026-03-25T13:03:52.017+0000] {dag.py:3954} INFO - Setting next_dagrun for e_commerce_dw_etl to 2026-03-25 00:00:00+00:00, run_after=2026-03-26 00:00:00+00:00
[2026-03-25T13:03:52.041+0000] {processor.py:183} INFO - Processing /opt/airflow/dags/e_commerce_dw_dag.py took 0.149 seconds
[2026-03-25T13:04:22.809+0000] {processor.py:161} INFO - Started process (PID=5606) to work on /opt/airflow/dags/e_commerce_dw_dag.py
[2026-03-25T13:04:22.810+0000] {processor.py:830} INFO - Processing file /opt/airflow/dags/e_commerce_dw_dag.py for tasks to queue
[2026-03-25T13:04:22.812+0000] {logging_mixin.py:188} INFO - [2026-03-25T13:04:22.812+0000] {dagbag.py:545} INFO - Filling up the DagBag from /opt/airflow/dags/e_commerce_dw_dag.py
[2026-03-25T13:04:22.867+0000] {processor.py:840} INFO - DAG(s) 'e_commerce_dw_etl' retrieved from /opt/airflow/dags/e_commerce_dw_dag.py
[2026-03-25T13:04:22.899+0000] {logging_mixin.py:188} INFO - [2026-03-25T13:04:22.898+0000] {dag.py:3096} INFO - Sync 1 DAGs
[2026-03-25T13:04:22.921+0000] {logging_mixin.py:188} INFO - [2026-03-25T13:04:22.921+0000] {dag.py:3954} INFO - Setting next_dagrun for e_commerce_dw_etl to 2026-03-25 00:00:00+00:00, run_after=2026-03-26 00:00:00+00:00
[2026-03-25T13:04:22.944+0000] {processor.py:183} INFO - Processing /opt/airflow/dags/e_commerce_dw_dag.py took 0.142 seconds
[2026-03-25T13:04:53.618+0000] {processor.py:161} INFO - Started process (PID=5632) to work on /opt/airflow/dags/e_commerce_dw_dag.py
[2026-03-25T13:04:53.619+0000] {processor.py:830} INFO - Processing file /opt/airflow/dags/e_commerce_dw_dag.py for tasks to queue
[2026-03-25T13:04:53.622+0000] {logging_mixin.py:188} INFO - [2026-03-25T13:04:53.621+0000] {dagbag.py:545} INFO - Filling up the DagBag from /opt/airflow/dags/e_commerce_dw_dag.py
[2026-03-25T13:04:53.678+0000] {processor.py:840} INFO - DAG(s) 'e_commerce_dw_etl' retrieved from /opt/airflow/dags/e_commerce_dw_dag.py
[2026-03-25T13:04:53.710+0000] {logging_mixin.py:188} INFO - [2026-03-25T13:04:53.709+0000] {dag.py:3096} INFO - Sync 1 DAGs
[2026-03-25T13:04:53.733+0000] {logging_mixin.py:188} INFO - [2026-03-25T13:04:53.732+0000] {dag.py:3954} INFO - Setting next_dagrun for e_commerce_dw_etl to 2026-03-25 00:00:00+00:00, run_after=2026-03-26 00:00:00+00:00
[2026-03-25T13:04:53.754+0000] {processor.py:183} INFO - Processing /opt/airflow/dags/e_commerce_dw_dag.py took 0.143 seconds
[2026-03-25T13:05:24.473+0000] {processor.py:161} INFO - Started process (PID=5658) to work on /opt/airflow/dags/e_commerce_dw_dag.py
[2026-03-25T13:05:24.474+0000] {processor.py:830} INFO - Processing file /opt/airflow/dags/e_commerce_dw_dag.py for tasks to queue
[2026-03-25T13:05:24.476+0000] {logging_mixin.py:188} INFO - [2026-03-25T13:05:24.475+0000] {dagbag.py:545} INFO - Filling up the DagBag from /opt/airflow/dags/e_commerce_dw_dag.py
[2026-03-25T13:05:24.535+0000] {processor.py:840} INFO - DAG(s) 'e_commerce_dw_etl' retrieved from /opt/airflow/dags/e_commerce_dw_dag.py
[2026-03-25T13:05:24.568+0000] {logging_mixin.py:188} INFO - [2026-03-25T13:05:24.568+0000] {dag.py:3096} INFO - Sync 1 DAGs
[2026-03-25T13:05:24.590+0000] {logging_mixin.py:188} INFO - [2026-03-25T13:05:24.590+0000] {dag.py:3954} INFO - Setting next_dagrun for e_commerce_dw_etl to 2026-03-25 00:00:00+00:00, run_after=2026-03-26 00:00:00+00:00
[2026-03-25T13:05:24.612+0000] {processor.py:183} INFO - Processing /opt/airflow/dags/e_commerce_dw_dag.py took 0.147 seconds
[2026-03-25T13:05:55.258+0000] {processor.py:161} INFO - Started process (PID=5684) to work on /opt/airflow/dags/e_commerce_dw_dag.py
[2026-03-25T13:05:55.259+0000] {processor.py:830} INFO - Processing file /opt/airflow/dags/e_commerce_dw_dag.py for tasks to queue
[2026-03-25T13:05:55.261+0000] {logging_mixin.py:188} INFO - [2026-03-25T13:05:55.260+0000] {dagbag.py:545} INFO - Filling up the DagBag from /opt/airflow/dags/e_commerce_dw_dag.py
[2026-03-25T13:05:55.317+0000] {processor.py:840} INFO - DAG(s) 'e_commerce_dw_etl' retrieved from /opt/airflow/dags/e_commerce_dw_dag.py
[2026-03-25T13:05:55.348+0000] {logging_mixin.py:188} INFO - [2026-03-25T13:05:55.348+0000] {dag.py:3096} INFO - Sync 1 DAGs
[2026-03-25T13:05:55.372+0000] {logging_mixin.py:188} INFO - [2026-03-25T13:05:55.371+0000] {dag.py:3954} INFO - Setting next_dagrun for e_commerce_dw_etl to 2026-03-25 00:00:00+00:00, run_after=2026-03-26 00:00:00+00:00
[2026-03-25T13:05:55.393+0000] {processor.py:183} INFO - Processing /opt/airflow/dags/e_commerce_dw_dag.py took 0.142 seconds
[2026-03-25T13:06:26.129+0000] {processor.py:161} INFO - Started process (PID=5710) to work on /opt/airflow/dags/e_commerce_dw_dag.py
[2026-03-25T13:06:26.131+0000] {processor.py:830} INFO - Processing file /opt/airflow/dags/e_commerce_dw_dag.py for tasks to queue
[2026-03-25T13:06:26.133+0000] {logging_mixin.py:188} INFO - [2026-03-25T13:06:26.133+0000] {dagbag.py:545} INFO - Filling up the DagBag from /opt/airflow/dags/e_commerce_dw_dag.py
[2026-03-25T13:06:26.223+0000] {processor.py:840} INFO - DAG(s) 'e_commerce_dw_etl' retrieved from /opt/airflow/dags/e_commerce_dw_dag.py
[2026-03-25T13:06:26.264+0000] {logging_mixin.py:188} INFO - [2026-03-25T13:06:26.264+0000] {dag.py:3096} INFO - Sync 1 DAGs
[2026-03-25T13:06:26.289+0000] {logging_mixin.py:188} INFO - [2026-03-25T13:06:26.289+0000] {dag.py:3954} INFO - Setting next_dagrun for e_commerce_dw_etl to 2026-03-25 00:00:00+00:00, run_after=2026-03-26 00:00:00+00:00
[2026-03-25T13:06:26.310+0000] {processor.py:183} INFO - Processing /opt/airflow/dags/e_commerce_dw_dag.py took 0.188 seconds
[2026-03-25T13:07:53.496+0000] {processor.py:161} INFO - Started process (PID=179) to work on /opt/airflow/dags/e_commerce_dw_dag.py
[2026-03-25T13:07:53.498+0000] {processor.py:830} INFO - Processing file /opt/airflow/dags/e_commerce_dw_dag.py for tasks to queue
[2026-03-25T13:07:53.502+0000] {logging_mixin.py:188} INFO - [2026-03-25T13:07:53.501+0000] {dagbag.py:545} INFO - Filling up the DagBag from /opt/airflow/dags/e_commerce_dw_dag.py
[2026-03-25T13:07:53.650+0000] {processor.py:840} INFO - DAG(s) 'e_commerce_dw_etl' retrieved from /opt/airflow/dags/e_commerce_dw_dag.py
[2026-03-25T13:07:57.906+0000] {logging_mixin.py:188} INFO - [2026-03-25T13:07:57.905+0000] {override.py:1829} INFO - Created Permission View: can edit on DAG:e_commerce_dw_etl
[2026-03-25T13:07:57.920+0000] {logging_mixin.py:188} INFO - [2026-03-25T13:07:57.920+0000] {override.py:1829} INFO - Created Permission View: can delete on DAG:e_commerce_dw_etl
[2026-03-25T13:07:57.931+0000] {logging_mixin.py:188} INFO - [2026-03-25T13:07:57.931+0000] {override.py:1829} INFO - Created Permission View: can read on DAG:e_commerce_dw_etl
[2026-03-25T13:07:57.932+0000] {logging_mixin.py:188} INFO - [2026-03-25T13:07:57.932+0000] {dag.py:3096} INFO - Sync 1 DAGs
[2026-03-25T13:07:57.945+0000] {logging_mixin.py:188} INFO - [2026-03-25T13:07:57.945+0000] {dag.py:3118} INFO - Creating ORM DAG for e_commerce_dw_etl
[2026-03-25T13:07:57.958+0000] {logging_mixin.py:188} INFO - [2026-03-25T13:07:57.957+0000] {dag.py:3954} INFO - Setting next_dagrun for e_commerce_dw_etl to 2024-10-26 00:00:00+00:00, run_after=2024-10-27 00:00:00+00:00
[2026-03-25T13:07:57.983+0000] {processor.py:183} INFO - Processing /opt/airflow/dags/e_commerce_dw_dag.py took 4.500 seconds
[2026-03-25T13:08:28.919+0000] {processor.py:161} INFO - Started process (PID=216) to work on /opt/airflow/dags/e_commerce_dw_dag.py
[2026-03-25T13:08:28.921+0000] {processor.py:830} INFO - Processing file /opt/airflow/dags/e_commerce_dw_dag.py for tasks to queue
[2026-03-25T13:08:28.932+0000] {logging_mixin.py:188} INFO - [2026-03-25T13:08:28.931+0000] {dagbag.py:545} INFO - Filling up the DagBag from /opt/airflow/dags/e_commerce_dw_dag.py
[2026-03-25T13:08:29.058+0000] {processor.py:840} INFO - DAG(s) 'e_commerce_dw_etl' retrieved from /opt/airflow/dags/e_commerce_dw_dag.py
[2026-03-25T13:08:29.097+0000] {logging_mixin.py:188} INFO - [2026-03-25T13:08:29.096+0000] {dag.py:3096} INFO - Sync 1 DAGs
[2026-03-25T13:08:29.122+0000] {logging_mixin.py:188} INFO - [2026-03-25T13:08:29.121+0000] {dag.py:3954} INFO - Setting next_dagrun for e_commerce_dw_etl to 2024-10-26 00:00:00+00:00, run_after=2024-10-27 00:00:00+00:00
[2026-03-25T13:08:29.141+0000] {processor.py:183} INFO - Processing /opt/airflow/dags/e_commerce_dw_dag.py took 0.231 seconds
[2026-03-25T13:08:59.785+0000] {processor.py:161} INFO - Started process (PID=242) to work on /opt/airflow/dags/e_commerce_dw_dag.py
[2026-03-25T13:08:59.787+0000] {processor.py:830} INFO - Processing file /opt/airflow/dags/e_commerce_dw_dag.py for tasks to queue
[2026-03-25T13:08:59.793+0000] {logging_mixin.py:188} INFO - [2026-03-25T13:08:59.793+0000] {dagbag.py:545} INFO - Filling up the DagBag from /opt/airflow/dags/e_commerce_dw_dag.py
[2026-03-25T13:08:59.877+0000] {processor.py:840} INFO - DAG(s) 'e_commerce_dw_etl' retrieved from /opt/airflow/dags/e_commerce_dw_dag.py
[2026-03-25T13:08:59.916+0000] {logging_mixin.py:188} INFO - [2026-03-25T13:08:59.915+0000] {dag.py:3096} INFO - Sync 1 DAGs
[2026-03-25T13:08:59.939+0000] {logging_mixin.py:188} INFO - [2026-03-25T13:08:59.938+0000] {dag.py:3954} INFO - Setting next_dagrun for e_commerce_dw_etl to 2024-10-26 00:00:00+00:00, run_after=2024-10-27 00:00:00+00:00
[2026-03-25T13:08:59.961+0000] {processor.py:183} INFO - Processing /opt/airflow/dags/e_commerce_dw_dag.py took 0.185 seconds
[2026-03-25T13:09:30.721+0000] {processor.py:161} INFO - Started process (PID=268) to work on /opt/airflow/dags/e_commerce_dw_dag.py
[2026-03-25T13:09:30.722+0000] {processor.py:830} INFO - Processing file /opt/airflow/dags/e_commerce_dw_dag.py for tasks to queue
[2026-03-25T13:09:30.725+0000] {logging_mixin.py:188} INFO - [2026-03-25T13:09:30.724+0000] {dagbag.py:545} INFO - Filling up the DagBag from /opt/airflow/dags/e_commerce_dw_dag.py
[2026-03-25T13:09:30.787+0000] {processor.py:840} INFO - DAG(s) 'e_commerce_dw_etl' retrieved from /opt/airflow/dags/e_commerce_dw_dag.py
[2026-03-25T13:09:30.821+0000] {logging_mixin.py:188} INFO - [2026-03-25T13:09:30.821+0000] {dag.py:3096} INFO - Sync 1 DAGs
[2026-03-25T13:09:30.845+0000] {logging_mixin.py:188} INFO - [2026-03-25T13:09:30.845+0000] {dag.py:3954} INFO - Setting next_dagrun for e_commerce_dw_etl to 2024-10-26 00:00:00+00:00, run_after=2024-10-27 00:00:00+00:00
[2026-03-25T13:09:30.866+0000] {processor.py:183} INFO - Processing /opt/airflow/dags/e_commerce_dw_dag.py took 0.152 seconds
[2026-03-25T13:10:01.396+0000] {processor.py:161} INFO - Started process (PID=294) to work on /opt/airflow/dags/e_commerce_dw_dag.py
[2026-03-25T13:10:01.398+0000] {processor.py:830} INFO - Processing file /opt/airflow/dags/e_commerce_dw_dag.py for tasks to queue
[2026-03-25T13:10:01.401+0000] {logging_mixin.py:188} INFO - [2026-03-25T13:10:01.401+0000] {dagbag.py:545} INFO - Filling up the DagBag from /opt/airflow/dags/e_commerce_dw_dag.py
[2026-03-25T13:10:01.519+0000] {processor.py:840} INFO - DAG(s) 'e_commerce_dw_etl' retrieved from /opt/airflow/dags/e_commerce_dw_dag.py
[2026-03-25T13:10:01.551+0000] {logging_mixin.py:188} INFO - [2026-03-25T13:10:01.550+0000] {dag.py:3096} INFO - Sync 1 DAGs
[2026-03-25T13:10:01.570+0000] {logging_mixin.py:188} INFO - [2026-03-25T13:10:01.569+0000] {dag.py:3954} INFO - Setting next_dagrun for e_commerce_dw_etl to 2024-10-26 00:00:00+00:00, run_after=2024-10-27 00:00:00+00:00
[2026-03-25T13:10:01.592+0000] {processor.py:183} INFO - Processing /opt/airflow/dags/e_commerce_dw_dag.py took 0.204 seconds
[2026-03-25T13:10:32.284+0000] {processor.py:161} INFO - Started process (PID=320) to work on /opt/airflow/dags/e_commerce_dw_dag.py
[2026-03-25T13:10:32.285+0000] {processor.py:830} INFO - Processing file /opt/airflow/dags/e_commerce_dw_dag.py for tasks to queue
[2026-03-25T13:10:32.288+0000] {logging_mixin.py:188} INFO - [2026-03-25T13:10:32.287+0000] {dagbag.py:545} INFO - Filling up the DagBag from /opt/airflow/dags/e_commerce_dw_dag.py
[2026-03-25T13:10:32.351+0000] {processor.py:840} INFO - DAG(s) 'e_commerce_dw_etl' retrieved from /opt/airflow/dags/e_commerce_dw_dag.py
[2026-03-25T13:10:32.384+0000] {logging_mixin.py:188} INFO - [2026-03-25T13:10:32.383+0000] {dag.py:3096} INFO - Sync 1 DAGs
[2026-03-25T13:10:32.406+0000] {logging_mixin.py:188} INFO - [2026-03-25T13:10:32.406+0000] {dag.py:3954} INFO - Setting next_dagrun for e_commerce_dw_etl to 2024-10-26 00:00:00+00:00, run_after=2024-10-27 00:00:00+00:00
[2026-03-25T13:10:32.430+0000] {processor.py:183} INFO - Processing /opt/airflow/dags/e_commerce_dw_dag.py took 0.155 seconds
[2026-03-25T13:11:02.996+0000] {processor.py:161} INFO - Started process (PID=346) to work on /opt/airflow/dags/e_commerce_dw_dag.py
[2026-03-25T13:11:02.997+0000] {processor.py:830} INFO - Processing file /opt/airflow/dags/e_commerce_dw_dag.py for tasks to queue
[2026-03-25T13:11:02.999+0000] {logging_mixin.py:188} INFO - [2026-03-25T13:11:02.999+0000] {dagbag.py:545} INFO - Filling up the DagBag from /opt/airflow/dags/e_commerce_dw_dag.py
[2026-03-25T13:11:03.056+0000] {processor.py:840} INFO - DAG(s) 'e_commerce_dw_etl' retrieved from /opt/airflow/dags/e_commerce_dw_dag.py
[2026-03-25T13:11:03.088+0000] {logging_mixin.py:188} INFO - [2026-03-25T13:11:03.087+0000] {dag.py:3096} INFO - Sync 1 DAGs
[2026-03-25T13:11:03.111+0000] {logging_mixin.py:188} INFO - [2026-03-25T13:11:03.111+0000] {dag.py:3954} INFO - Setting next_dagrun for e_commerce_dw_etl to 2024-10-26 00:00:00+00:00, run_after=2024-10-27 00:00:00+00:00
[2026-03-25T13:11:03.136+0000] {processor.py:183} INFO - Processing /opt/airflow/dags/e_commerce_dw_dag.py took 0.146 seconds
[2026-03-25T13:11:33.614+0000] {processor.py:161} INFO - Started process (PID=372) to work on /opt/airflow/dags/e_commerce_dw_dag.py
[2026-03-25T13:11:33.615+0000] {processor.py:830} INFO - Processing file /opt/airflow/dags/e_commerce_dw_dag.py for tasks to queue
[2026-03-25T13:11:33.617+0000] {logging_mixin.py:188} INFO - [2026-03-25T13:11:33.617+0000] {dagbag.py:545} INFO - Filling up the DagBag from /opt/airflow/dags/e_commerce_dw_dag.py
[2026-03-25T13:11:33.713+0000] {processor.py:840} INFO - DAG(s) 'e_commerce_dw_etl' retrieved from /opt/airflow/dags/e_commerce_dw_dag.py
[2026-03-25T13:11:33.751+0000] {logging_mixin.py:188} INFO - [2026-03-25T13:11:33.751+0000] {dag.py:3096} INFO - Sync 1 DAGs
[2026-03-25T13:11:33.775+0000] {logging_mixin.py:188} INFO - [2026-03-25T13:11:33.775+0000] {dag.py:3954} INFO - Setting next_dagrun for e_commerce_dw_etl to 2024-10-26 00:00:00+00:00, run_after=2024-10-27 00:00:00+00:00
[2026-03-25T13:11:33.796+0000] {processor.py:183} INFO - Processing /opt/airflow/dags/e_commerce_dw_dag.py took 0.189 seconds
[2026-03-25T13:12:04.445+0000] {processor.py:161} INFO - Started process (PID=398) to work on /opt/airflow/dags/e_commerce_dw_dag.py
[2026-03-25T13:12:04.446+0000] {processor.py:830} INFO - Processing file /opt/airflow/dags/e_commerce_dw_dag.py for tasks to queue
[2026-03-25T13:12:04.448+0000] {logging_mixin.py:188} INFO - [2026-03-25T13:12:04.448+0000] {dagbag.py:545} INFO - Filling up the DagBag from /opt/airflow/dags/e_commerce_dw_dag.py
[2026-03-25T13:12:04.502+0000] {processor.py:840} INFO - DAG(s) 'e_commerce_dw_etl' retrieved from /opt/airflow/dags/e_commerce_dw_dag.py
[2026-03-25T13:12:04.532+0000] {logging_mixin.py:188} INFO - [2026-03-25T13:12:04.532+0000] {dag.py:3096} INFO - Sync 1 DAGs
[2026-03-25T13:12:04.554+0000] {logging_mixin.py:188} INFO - [2026-03-25T13:12:04.553+0000] {dag.py:3954} INFO - Setting next_dagrun for e_commerce_dw_etl to 2024-10-26 00:00:00+00:00, run_after=2024-10-27 00:00:00+00:00
[2026-03-25T13:12:04.577+0000] {processor.py:183} INFO - Processing /opt/airflow/dags/e_commerce_dw_dag.py took 0.138 seconds
[2026-03-25T13:12:35.322+0000] {processor.py:161} INFO - Started process (PID=424) to work on /opt/airflow/dags/e_commerce_dw_dag.py
[2026-03-25T13:12:35.323+0000] {processor.py:830} INFO - Processing file /opt/airflow/dags/e_commerce_dw_dag.py for tasks to queue
[2026-03-25T13:12:35.325+0000] {logging_mixin.py:188} INFO - [2026-03-25T13:12:35.325+0000] {dagbag.py:545} INFO - Filling up the DagBag from /opt/airflow/dags/e_commerce_dw_dag.py
[2026-03-25T13:12:35.385+0000] {processor.py:840} INFO - DAG(s) 'e_commerce_dw_etl' retrieved from /opt/airflow/dags/e_commerce_dw_dag.py
[2026-03-25T13:12:35.416+0000] {logging_mixin.py:188} INFO - [2026-03-25T13:12:35.416+0000] {dag.py:3096} INFO - Sync 1 DAGs
[2026-03-25T13:12:35.437+0000] {logging_mixin.py:188} INFO - [2026-03-25T13:12:35.437+0000] {dag.py:3954} INFO - Setting next_dagrun for e_commerce_dw_etl to 2024-10-26 00:00:00+00:00, run_after=2024-10-27 00:00:00+00:00
[2026-03-25T13:12:35.459+0000] {processor.py:183} INFO - Processing /opt/airflow/dags/e_commerce_dw_dag.py took 0.143 seconds
[2026-03-25T13:13:06.302+0000] {processor.py:161} INFO - Started process (PID=450) to work on /opt/airflow/dags/e_commerce_dw_dag.py
[2026-03-25T13:13:06.303+0000] {processor.py:830} INFO - Processing file /opt/airflow/dags/e_commerce_dw_dag.py for tasks to queue
[2026-03-25T13:13:06.306+0000] {logging_mixin.py:188} INFO - [2026-03-25T13:13:06.306+0000] {dagbag.py:545} INFO - Filling up the DagBag from /opt/airflow/dags/e_commerce_dw_dag.py
[2026-03-25T13:13:06.438+0000] {processor.py:840} INFO - DAG(s) 'e_commerce_dw_etl' retrieved from /opt/airflow/dags/e_commerce_dw_dag.py
[2026-03-25T13:13:06.486+0000] {logging_mixin.py:188} INFO - [2026-03-25T13:13:06.485+0000] {dag.py:3096} INFO - Sync 1 DAGs
[2026-03-25T13:13:06.517+0000] {logging_mixin.py:188} INFO - [2026-03-25T13:13:06.517+0000] {dag.py:3954} INFO - Setting next_dagrun for e_commerce_dw_etl to 2024-10-26 00:00:00+00:00, run_after=2024-10-27 00:00:00+00:00
[2026-03-25T13:13:06.551+0000] {processor.py:183} INFO - Processing /opt/airflow/dags/e_commerce_dw_dag.py took 0.261 seconds
[2026-03-25T13:13:37.234+0000] {processor.py:161} INFO - Started process (PID=476) to work on /opt/airflow/dags/e_commerce_dw_dag.py
[2026-03-25T13:13:37.235+0000] {processor.py:830} INFO - Processing file /opt/airflow/dags/e_commerce_dw_dag.py for tasks to queue
[2026-03-25T13:13:37.237+0000] {logging_mixin.py:188} INFO - [2026-03-25T13:13:37.236+0000] {dagbag.py:545} INFO - Filling up the DagBag from /opt/airflow/dags/e_commerce_dw_dag.py
[2026-03-25T13:13:37.292+0000] {processor.py:840} INFO - DAG(s) 'e_commerce_dw_etl' retrieved from /opt/airflow/dags/e_commerce_dw_dag.py
[2026-03-25T13:13:37.327+0000] {logging_mixin.py:188} INFO - [2026-03-25T13:13:37.327+0000] {dag.py:3096} INFO - Sync 1 DAGs
[2026-03-25T13:13:37.350+0000] {logging_mixin.py:188} INFO - [2026-03-25T13:13:37.350+0000] {dag.py:3954} INFO - Setting next_dagrun for e_commerce_dw_etl to 2024-10-26 00:00:00+00:00, run_after=2024-10-27 00:00:00+00:00
[2026-03-25T13:13:37.371+0000] {processor.py:183} INFO - Processing /opt/airflow/dags/e_commerce_dw_dag.py took 0.144 seconds
[2026-03-25T13:14:08.142+0000] {processor.py:161} INFO - Started process (PID=502) to work on /opt/airflow/dags/e_commerce_dw_dag.py
[2026-03-25T13:14:08.143+0000] {processor.py:830} INFO - Processing file /opt/airflow/dags/e_commerce_dw_dag.py for tasks to queue
[2026-03-25T13:14:08.146+0000] {logging_mixin.py:188} INFO - [2026-03-25T13:14:08.146+0000] {dagbag.py:545} INFO - Filling up the DagBag from /opt/airflow/dags/e_commerce_dw_dag.py
[2026-03-25T13:14:08.208+0000] {processor.py:840} INFO - DAG(s) 'e_commerce_dw_etl' retrieved from /opt/airflow/dags/e_commerce_dw_dag.py
[2026-03-25T13:14:08.239+0000] {logging_mixin.py:188} INFO - [2026-03-25T13:14:08.239+0000] {dag.py:3096} INFO - Sync 1 DAGs
[2026-03-25T13:14:08.261+0000] {logging_mixin.py:188} INFO - [2026-03-25T13:14:08.260+0000] {dag.py:3954} INFO - Setting next_dagrun for e_commerce_dw_etl to 2024-10-26 00:00:00+00:00, run_after=2024-10-27 00:00:00+00:00
[2026-03-25T13:14:08.284+0000] {processor.py:183} INFO - Processing /opt/airflow/dags/e_commerce_dw_dag.py took 0.148 seconds
[2026-03-25T13:14:38.932+0000] {processor.py:161} INFO - Started process (PID=528) to work on /opt/airflow/dags/e_commerce_dw_dag.py
[2026-03-25T13:14:38.936+0000] {processor.py:830} INFO - Processing file /opt/airflow/dags/e_commerce_dw_dag.py for tasks to queue
[2026-03-25T13:14:38.940+0000] {logging_mixin.py:188} INFO - [2026-03-25T13:14:38.939+0000] {dagbag.py:545} INFO - Filling up the DagBag from /opt/airflow/dags/e_commerce_dw_dag.py
[2026-03-25T13:14:39.022+0000] {processor.py:840} INFO - DAG(s) 'e_commerce_dw_etl' retrieved from /opt/airflow/dags/e_commerce_dw_dag.py
[2026-03-25T13:14:39.059+0000] {logging_mixin.py:188} INFO - [2026-03-25T13:14:39.059+0000] {dag.py:3096} INFO - Sync 1 DAGs
[2026-03-25T13:14:39.088+0000] {logging_mixin.py:188} INFO - [2026-03-25T13:14:39.087+0000] {dag.py:3954} INFO - Setting next_dagrun for e_commerce_dw_etl to 2024-10-26 00:00:00+00:00, run_after=2024-10-27 00:00:00+00:00
[2026-03-25T13:14:39.126+0000] {processor.py:183} INFO - Processing /opt/airflow/dags/e_commerce_dw_dag.py took 0.205 seconds
[2026-03-25T13:15:09.689+0000] {processor.py:161} INFO - Started process (PID=554) to work on /opt/airflow/dags/e_commerce_dw_dag.py
[2026-03-25T13:15:09.690+0000] {processor.py:830} INFO - Processing file /opt/airflow/dags/e_commerce_dw_dag.py for tasks to queue
[2026-03-25T13:15:09.692+0000] {logging_mixin.py:188} INFO - [2026-03-25T13:15:09.691+0000] {dagbag.py:545} INFO - Filling up the DagBag from /opt/airflow/dags/e_commerce_dw_dag.py
[2026-03-25T13:15:09.752+0000] {processor.py:840} INFO - DAG(s) 'e_commerce_dw_etl' retrieved from /opt/airflow/dags/e_commerce_dw_dag.py
[2026-03-25T13:15:09.786+0000] {logging_mixin.py:188} INFO - [2026-03-25T13:15:09.786+0000] {dag.py:3096} INFO - Sync 1 DAGs
[2026-03-25T13:15:09.808+0000] {logging_mixin.py:188} INFO - [2026-03-25T13:15:09.808+0000] {dag.py:3954} INFO - Setting next_dagrun for e_commerce_dw_etl to 2024-10-26 00:00:00+00:00, run_after=2024-10-27 00:00:00+00:00
[2026-03-25T13:15:09.831+0000] {processor.py:183} INFO - Processing /opt/airflow/dags/e_commerce_dw_dag.py took 0.148 seconds
[2026-03-25T13:15:40.403+0000] {processor.py:161} INFO - Started process (PID=580) to work on /opt/airflow/dags/e_commerce_dw_dag.py
[2026-03-25T13:15:40.404+0000] {processor.py:830} INFO - Processing file /opt/airflow/dags/e_commerce_dw_dag.py for tasks to queue
[2026-03-25T13:15:40.406+0000] {logging_mixin.py:188} INFO - [2026-03-25T13:15:40.406+0000] {dagbag.py:545} INFO - Filling up the DagBag from /opt/airflow/dags/e_commerce_dw_dag.py
[2026-03-25T13:15:40.466+0000] {processor.py:840} INFO - DAG(s) 'e_commerce_dw_etl' retrieved from /opt/airflow/dags/e_commerce_dw_dag.py
[2026-03-25T13:15:40.499+0000] {logging_mixin.py:188} INFO - [2026-03-25T13:15:40.499+0000] {dag.py:3096} INFO - Sync 1 DAGs
[2026-03-25T13:15:40.521+0000] {logging_mixin.py:188} INFO - [2026-03-25T13:15:40.520+0000] {dag.py:3954} INFO - Setting next_dagrun for e_commerce_dw_etl to 2024-10-26 00:00:00+00:00, run_after=2024-10-27 00:00:00+00:00
[2026-03-25T13:15:40.541+0000] {processor.py:183} INFO - Processing /opt/airflow/dags/e_commerce_dw_dag.py took 0.144 seconds
[2026-03-25T13:16:11.272+0000] {processor.py:161} INFO - Started process (PID=606) to work on /opt/airflow/dags/e_commerce_dw_dag.py
[2026-03-25T13:16:11.273+0000] {processor.py:830} INFO - Processing file /opt/airflow/dags/e_commerce_dw_dag.py for tasks to queue
[2026-03-25T13:16:11.276+0000] {logging_mixin.py:188} INFO - [2026-03-25T13:16:11.275+0000] {dagbag.py:545} INFO - Filling up the DagBag from /opt/airflow/dags/e_commerce_dw_dag.py
[2026-03-25T13:16:11.373+0000] {processor.py:840} INFO - DAG(s) 'e_commerce_dw_etl' retrieved from /opt/airflow/dags/e_commerce_dw_dag.py
[2026-03-25T13:16:11.409+0000] {logging_mixin.py:188} INFO - [2026-03-25T13:16:11.409+0000] {dag.py:3096} INFO - Sync 1 DAGs
[2026-03-25T13:16:11.433+0000] {logging_mixin.py:188} INFO - [2026-03-25T13:16:11.432+0000] {dag.py:3954} INFO - Setting next_dagrun for e_commerce_dw_etl to 2024-10-26 00:00:00+00:00, run_after=2024-10-27 00:00:00+00:00
[2026-03-25T13:16:11.453+0000] {processor.py:183} INFO - Processing /opt/airflow/dags/e_commerce_dw_dag.py took 0.189 seconds
[2026-03-25T13:16:42.072+0000] {processor.py:161} INFO - Started process (PID=632) to work on /opt/airflow/dags/e_commerce_dw_dag.py
[2026-03-25T13:16:42.073+0000] {processor.py:830} INFO - Processing file /opt/airflow/dags/e_commerce_dw_dag.py for tasks to queue
[2026-03-25T13:16:42.077+0000] {logging_mixin.py:188} INFO - [2026-03-25T13:16:42.076+0000] {dagbag.py:545} INFO - Filling up the DagBag from /opt/airflow/dags/e_commerce_dw_dag.py
[2026-03-25T13:16:42.139+0000] {processor.py:840} INFO - DAG(s) 'e_commerce_dw_etl' retrieved from /opt/airflow/dags/e_commerce_dw_dag.py
[2026-03-25T13:16:42.172+0000] {logging_mixin.py:188} INFO - [2026-03-25T13:16:42.172+0000] {dag.py:3096} INFO - Sync 1 DAGs
[2026-03-25T13:16:42.195+0000] {logging_mixin.py:188} INFO - [2026-03-25T13:16:42.194+0000] {dag.py:3954} INFO - Setting next_dagrun for e_commerce_dw_etl to 2024-10-26 00:00:00+00:00, run_after=2024-10-27 00:00:00+00:00
[2026-03-25T13:16:42.215+0000] {processor.py:183} INFO - Processing /opt/airflow/dags/e_commerce_dw_dag.py took 0.151 seconds
[2026-03-25T13:17:12.941+0000] {processor.py:161} INFO - Started process (PID=658) to work on /opt/airflow/dags/e_commerce_dw_dag.py
[2026-03-25T13:17:12.942+0000] {processor.py:830} INFO - Processing file /opt/airflow/dags/e_commerce_dw_dag.py for tasks to queue
[2026-03-25T13:17:12.944+0000] {logging_mixin.py:188} INFO - [2026-03-25T13:17:12.944+0000] {dagbag.py:545} INFO - Filling up the DagBag from /opt/airflow/dags/e_commerce_dw_dag.py
[2026-03-25T13:17:13.019+0000] {processor.py:840} INFO - DAG(s) 'e_commerce_dw_etl' retrieved from /opt/airflow/dags/e_commerce_dw_dag.py
[2026-03-25T13:17:13.053+0000] {logging_mixin.py:188} INFO - [2026-03-25T13:17:13.053+0000] {dag.py:3096} INFO - Sync 1 DAGs
[2026-03-25T13:17:13.075+0000] {logging_mixin.py:188} INFO - [2026-03-25T13:17:13.075+0000] {dag.py:3954} INFO - Setting next_dagrun for e_commerce_dw_etl to 2024-10-26 00:00:00+00:00, run_after=2024-10-27 00:00:00+00:00
[2026-03-25T13:17:13.096+0000] {processor.py:183} INFO - Processing /opt/airflow/dags/e_commerce_dw_dag.py took 0.162 seconds
[2026-03-25T13:17:43.759+0000] {processor.py:161} INFO - Started process (PID=684) to work on /opt/airflow/dags/e_commerce_dw_dag.py
[2026-03-25T13:17:43.760+0000] {processor.py:830} INFO - Processing file /opt/airflow/dags/e_commerce_dw_dag.py for tasks to queue
[2026-03-25T13:17:43.762+0000] {logging_mixin.py:188} INFO - [2026-03-25T13:17:43.762+0000] {dagbag.py:545} INFO - Filling up the DagBag from /opt/airflow/dags/e_commerce_dw_dag.py
[2026-03-25T13:17:43.819+0000] {processor.py:840} INFO - DAG(s) 'e_commerce_dw_etl' retrieved from /opt/airflow/dags/e_commerce_dw_dag.py
[2026-03-25T13:17:43.851+0000] {logging_mixin.py:188} INFO - [2026-03-25T13:17:43.851+0000] {dag.py:3096} INFO - Sync 1 DAGs
[2026-03-25T13:17:43.873+0000] {logging_mixin.py:188} INFO - [2026-03-25T13:17:43.872+0000] {dag.py:3954} INFO - Setting next_dagrun for e_commerce_dw_etl to 2024-10-26 00:00:00+00:00, run_after=2024-10-27 00:00:00+00:00
[2026-03-25T13:17:43.894+0000] {processor.py:183} INFO - Processing /opt/airflow/dags/e_commerce_dw_dag.py took 0.142 seconds
[2026-03-25T13:18:14.707+0000] {processor.py:161} INFO - Started process (PID=710) to work on /opt/airflow/dags/e_commerce_dw_dag.py
[2026-03-25T13:18:14.708+0000] {processor.py:830} INFO - Processing file /opt/airflow/dags/e_commerce_dw_dag.py for tasks to queue
[2026-03-25T13:18:14.710+0000] {logging_mixin.py:188} INFO - [2026-03-25T13:18:14.710+0000] {dagbag.py:545} INFO - Filling up the DagBag from /opt/airflow/dags/e_commerce_dw_dag.py
[2026-03-25T13:18:14.765+0000] {processor.py:840} INFO - DAG(s) 'e_commerce_dw_etl' retrieved from /opt/airflow/dags/e_commerce_dw_dag.py
[2026-03-25T13:18:14.797+0000] {logging_mixin.py:188} INFO - [2026-03-25T13:18:14.797+0000] {dag.py:3096} INFO - Sync 1 DAGs
[2026-03-25T13:18:14.819+0000] {logging_mixin.py:188} INFO - [2026-03-25T13:18:14.819+0000] {dag.py:3954} INFO - Setting next_dagrun for e_commerce_dw_etl to 2024-10-26 00:00:00+00:00, run_after=2024-10-27 00:00:00+00:00
[2026-03-25T13:18:14.844+0000] {processor.py:183} INFO - Processing /opt/airflow/dags/e_commerce_dw_dag.py took 0.144 seconds
[2026-03-25T13:18:45.559+0000] {processor.py:161} INFO - Started process (PID=737) to work on /opt/airflow/dags/e_commerce_dw_dag.py
[2026-03-25T13:18:45.560+0000] {processor.py:830} INFO - Processing file /opt/airflow/dags/e_commerce_dw_dag.py for tasks to queue
[2026-03-25T13:18:45.563+0000] {logging_mixin.py:188} INFO - [2026-03-25T13:18:45.562+0000] {dagbag.py:545} INFO - Filling up the DagBag from /opt/airflow/dags/e_commerce_dw_dag.py
[2026-03-25T13:18:45.622+0000] {processor.py:840} INFO - DAG(s) 'e_commerce_dw_etl' retrieved from /opt/airflow/dags/e_commerce_dw_dag.py
[2026-03-25T13:18:45.653+0000] {logging_mixin.py:188} INFO - [2026-03-25T13:18:45.653+0000] {dag.py:3096} INFO - Sync 1 DAGs
[2026-03-25T13:18:45.675+0000] {logging_mixin.py:188} INFO - [2026-03-25T13:18:45.675+0000] {dag.py:3954} INFO - Setting next_dagrun for e_commerce_dw_etl to 2024-10-26 00:00:00+00:00, run_after=2024-10-27 00:00:00+00:00
[2026-03-25T13:18:45.699+0000] {processor.py:183} INFO - Processing /opt/airflow/dags/e_commerce_dw_dag.py took 0.147 seconds
[2026-03-25T13:19:16.379+0000] {processor.py:161} INFO - Started process (PID=763) to work on /opt/airflow/dags/e_commerce_dw_dag.py
[2026-03-25T13:19:16.380+0000] {processor.py:830} INFO - Processing file /opt/airflow/dags/e_commerce_dw_dag.py for tasks to queue
[2026-03-25T13:19:16.382+0000] {logging_mixin.py:188} INFO - [2026-03-25T13:19:16.382+0000] {dagbag.py:545} INFO - Filling up the DagBag from /opt/airflow/dags/e_commerce_dw_dag.py
[2026-03-25T13:19:16.440+0000] {processor.py:840} INFO - DAG(s) 'e_commerce_dw_etl' retrieved from /opt/airflow/dags/e_commerce_dw_dag.py
[2026-03-25T13:19:16.472+0000] {logging_mixin.py:188} INFO - [2026-03-25T13:19:16.472+0000] {dag.py:3096} INFO - Sync 1 DAGs
[2026-03-25T13:19:16.494+0000] {logging_mixin.py:188} INFO - [2026-03-25T13:19:16.494+0000] {dag.py:3954} INFO - Setting next_dagrun for e_commerce_dw_etl to 2024-10-26 00:00:00+00:00, run_after=2024-10-27 00:00:00+00:00
[2026-03-25T13:19:16.517+0000] {processor.py:183} INFO - Processing /opt/airflow/dags/e_commerce_dw_dag.py took 0.143 seconds
[2026-03-25T13:19:47.308+0000] {processor.py:161} INFO - Started process (PID=789) to work on /opt/airflow/dags/e_commerce_dw_dag.py
[2026-03-25T13:19:47.309+0000] {processor.py:830} INFO - Processing file /opt/airflow/dags/e_commerce_dw_dag.py for tasks to queue
[2026-03-25T13:19:47.311+0000] {logging_mixin.py:188} INFO - [2026-03-25T13:19:47.311+0000] {dagbag.py:545} INFO - Filling up the DagBag from /opt/airflow/dags/e_commerce_dw_dag.py
[2026-03-25T13:19:47.388+0000] {processor.py:840} INFO - DAG(s) 'e_commerce_dw_etl' retrieved from /opt/airflow/dags/e_commerce_dw_dag.py
[2026-03-25T13:19:47.423+0000] {logging_mixin.py:188} INFO - [2026-03-25T13:19:47.423+0000] {dag.py:3096} INFO - Sync 1 DAGs
[2026-03-25T13:19:47.449+0000] {logging_mixin.py:188} INFO - [2026-03-25T13:19:47.449+0000] {dag.py:3954} INFO - Setting next_dagrun for e_commerce_dw_etl to 2024-10-26 00:00:00+00:00, run_after=2024-10-27 00:00:00+00:00
[2026-03-25T13:19:47.473+0000] {processor.py:183} INFO - Processing /opt/airflow/dags/e_commerce_dw_dag.py took 0.173 seconds
[2026-03-25T13:20:18.088+0000] {processor.py:161} INFO - Started process (PID=815) to work on /opt/airflow/dags/e_commerce_dw_dag.py
[2026-03-25T13:20:18.090+0000] {processor.py:830} INFO - Processing file /opt/airflow/dags/e_commerce_dw_dag.py for tasks to queue
[2026-03-25T13:20:18.094+0000] {logging_mixin.py:188} INFO - [2026-03-25T13:20:18.094+0000] {dagbag.py:545} INFO - Filling up the DagBag from /opt/airflow/dags/e_commerce_dw_dag.py
[2026-03-25T13:20:18.169+0000] {processor.py:840} INFO - DAG(s) 'e_commerce_dw_etl' retrieved from /opt/airflow/dags/e_commerce_dw_dag.py
[2026-03-25T13:20:18.216+0000] {logging_mixin.py:188} INFO - [2026-03-25T13:20:18.215+0000] {dag.py:3096} INFO - Sync 1 DAGs
[2026-03-25T13:20:18.248+0000] {logging_mixin.py:188} INFO - [2026-03-25T13:20:18.247+0000] {dag.py:3954} INFO - Setting next_dagrun for e_commerce_dw_etl to 2024-10-26 00:00:00+00:00, run_after=2024-10-27 00:00:00+00:00
[2026-03-25T13:20:18.282+0000] {processor.py:183} INFO - Processing /opt/airflow/dags/e_commerce_dw_dag.py took 0.206 seconds
[2026-03-25T13:20:49.259+0000] {processor.py:161} INFO - Started process (PID=841) to work on /opt/airflow/dags/e_commerce_dw_dag.py
[2026-03-25T13:20:49.260+0000] {processor.py:830} INFO - Processing file /opt/airflow/dags/e_commerce_dw_dag.py for tasks to queue
[2026-03-25T13:20:49.262+0000] {logging_mixin.py:188} INFO - [2026-03-25T13:20:49.262+0000] {dagbag.py:545} INFO - Filling up the DagBag from /opt/airflow/dags/e_commerce_dw_dag.py
[2026-03-25T13:20:49.318+0000] {processor.py:840} INFO - DAG(s) 'e_commerce_dw_etl' retrieved from /opt/airflow/dags/e_commerce_dw_dag.py
[2026-03-25T13:20:49.355+0000] {logging_mixin.py:188} INFO - [2026-03-25T13:20:49.354+0000] {dag.py:3096} INFO - Sync 1 DAGs
[2026-03-25T13:20:49.393+0000] {logging_mixin.py:188} INFO - [2026-03-25T13:20:49.392+0000] {dag.py:3954} INFO - Setting next_dagrun for e_commerce_dw_etl to 2024-10-26 00:00:00+00:00, run_after=2024-10-27 00:00:00+00:00
[2026-03-25T13:20:49.428+0000] {processor.py:183} INFO - Processing /opt/airflow/dags/e_commerce_dw_dag.py took 0.176 seconds
[2026-03-25T13:21:20.184+0000] {processor.py:161} INFO - Started process (PID=867) to work on /opt/airflow/dags/e_commerce_dw_dag.py
[2026-03-25T13:21:20.185+0000] {processor.py:830} INFO - Processing file /opt/airflow/dags/e_commerce_dw_dag.py for tasks to queue
[2026-03-25T13:21:20.188+0000] {logging_mixin.py:188} INFO - [2026-03-25T13:21:20.187+0000] {dagbag.py:545} INFO - Filling up the DagBag from /opt/airflow/dags/e_commerce_dw_dag.py
[2026-03-25T13:21:20.242+0000] {processor.py:840} INFO - DAG(s) 'e_commerce_dw_etl' retrieved from /opt/airflow/dags/e_commerce_dw_dag.py
[2026-03-25T13:21:20.275+0000] {logging_mixin.py:188} INFO - [2026-03-25T13:21:20.275+0000] {dag.py:3096} INFO - Sync 1 DAGs
[2026-03-25T13:21:20.298+0000] {logging_mixin.py:188} INFO - [2026-03-25T13:21:20.297+0000] {dag.py:3954} INFO - Setting next_dagrun for e_commerce_dw_etl to 2024-10-26 00:00:00+00:00, run_after=2024-10-27 00:00:00+00:00
[2026-03-25T13:21:20.325+0000] {processor.py:183} INFO - Processing /opt/airflow/dags/e_commerce_dw_dag.py took 0.147 seconds
[2026-03-25T13:21:50.927+0000] {processor.py:161} INFO - Started process (PID=893) to work on /opt/airflow/dags/e_commerce_dw_dag.py
[2026-03-25T13:21:50.928+0000] {processor.py:830} INFO - Processing file /opt/airflow/dags/e_commerce_dw_dag.py for tasks to queue
[2026-03-25T13:21:50.930+0000] {logging_mixin.py:188} INFO - [2026-03-25T13:21:50.929+0000] {dagbag.py:545} INFO - Filling up the DagBag from /opt/airflow/dags/e_commerce_dw_dag.py
[2026-03-25T13:21:50.987+0000] {processor.py:840} INFO - DAG(s) 'e_commerce_dw_etl' retrieved from /opt/airflow/dags/e_commerce_dw_dag.py
[2026-03-25T13:21:51.018+0000] {logging_mixin.py:188} INFO - [2026-03-25T13:21:51.018+0000] {dag.py:3096} INFO - Sync 1 DAGs
[2026-03-25T13:21:51.042+0000] {logging_mixin.py:188} INFO - [2026-03-25T13:21:51.041+0000] {dag.py:3954} INFO - Setting next_dagrun for e_commerce_dw_etl to 2024-10-26 00:00:00+00:00, run_after=2024-10-27 00:00:00+00:00
[2026-03-25T13:21:51.063+0000] {processor.py:183} INFO - Processing /opt/airflow/dags/e_commerce_dw_dag.py took 0.142 seconds
[2026-03-25T13:22:21.704+0000] {processor.py:161} INFO - Started process (PID=919) to work on /opt/airflow/dags/e_commerce_dw_dag.py
[2026-03-25T13:22:21.706+0000] {processor.py:830} INFO - Processing file /opt/airflow/dags/e_commerce_dw_dag.py for tasks to queue
[2026-03-25T13:22:21.708+0000] {logging_mixin.py:188} INFO - [2026-03-25T13:22:21.708+0000] {dagbag.py:545} INFO - Filling up the DagBag from /opt/airflow/dags/e_commerce_dw_dag.py
[2026-03-25T13:22:21.784+0000] {processor.py:840} INFO - DAG(s) 'e_commerce_dw_etl' retrieved from /opt/airflow/dags/e_commerce_dw_dag.py
[2026-03-25T13:22:21.817+0000] {logging_mixin.py:188} INFO - [2026-03-25T13:22:21.817+0000] {dag.py:3096} INFO - Sync 1 DAGs
[2026-03-25T13:22:21.844+0000] {logging_mixin.py:188} INFO - [2026-03-25T13:22:21.844+0000] {dag.py:3954} INFO - Setting next_dagrun for e_commerce_dw_etl to 2024-10-26 00:00:00+00:00, run_after=2024-10-27 00:00:00+00:00
[2026-03-25T13:22:21.870+0000] {processor.py:183} INFO - Processing /opt/airflow/dags/e_commerce_dw_dag.py took 0.173 seconds
[2026-03-25T13:22:52.441+0000] {processor.py:161} INFO - Started process (PID=945) to work on /opt/airflow/dags/e_commerce_dw_dag.py
[2026-03-25T13:22:52.442+0000] {processor.py:830} INFO - Processing file /opt/airflow/dags/e_commerce_dw_dag.py for tasks to queue
[2026-03-25T13:22:52.445+0000] {logging_mixin.py:188} INFO - [2026-03-25T13:22:52.444+0000] {dagbag.py:545} INFO - Filling up the DagBag from /opt/airflow/dags/e_commerce_dw_dag.py
[2026-03-25T13:22:52.502+0000] {processor.py:840} INFO - DAG(s) 'e_commerce_dw_etl' retrieved from /opt/airflow/dags/e_commerce_dw_dag.py
[2026-03-25T13:22:52.537+0000] {logging_mixin.py:188} INFO - [2026-03-25T13:22:52.536+0000] {dag.py:3096} INFO - Sync 1 DAGs
[2026-03-25T13:22:52.558+0000] {logging_mixin.py:188} INFO - [2026-03-25T13:22:52.558+0000] {dag.py:3954} INFO - Setting next_dagrun for e_commerce_dw_etl to 2024-10-26 00:00:00+00:00, run_after=2024-10-27 00:00:00+00:00
[2026-03-25T13:22:52.579+0000] {processor.py:183} INFO - Processing /opt/airflow/dags/e_commerce_dw_dag.py took 0.145 seconds
[2026-03-25T13:23:23.255+0000] {processor.py:161} INFO - Started process (PID=971) to work on /opt/airflow/dags/e_commerce_dw_dag.py
[2026-03-25T13:23:23.257+0000] {processor.py:830} INFO - Processing file /opt/airflow/dags/e_commerce_dw_dag.py for tasks to queue
[2026-03-25T13:23:23.260+0000] {logging_mixin.py:188} INFO - [2026-03-25T13:23:23.259+0000] {dagbag.py:545} INFO - Filling up the DagBag from /opt/airflow/dags/e_commerce_dw_dag.py
[2026-03-25T13:23:23.349+0000] {processor.py:840} INFO - DAG(s) 'e_commerce_dw_etl' retrieved from /opt/airflow/dags/e_commerce_dw_dag.py
[2026-03-25T13:23:23.386+0000] {logging_mixin.py:188} INFO - [2026-03-25T13:23:23.386+0000] {dag.py:3096} INFO - Sync 1 DAGs
[2026-03-25T13:23:23.411+0000] {logging_mixin.py:188} INFO - [2026-03-25T13:23:23.410+0000] {dag.py:3954} INFO - Setting next_dagrun for e_commerce_dw_etl to 2024-10-26 00:00:00+00:00, run_after=2024-10-27 00:00:00+00:00
[2026-03-25T13:23:23.441+0000] {processor.py:183} INFO - Processing /opt/airflow/dags/e_commerce_dw_dag.py took 0.193 seconds
[2026-03-25T13:23:53.994+0000] {processor.py:161} INFO - Started process (PID=997) to work on /opt/airflow/dags/e_commerce_dw_dag.py
[2026-03-25T13:23:53.995+0000] {processor.py:830} INFO - Processing file /opt/airflow/dags/e_commerce_dw_dag.py for tasks to queue
[2026-03-25T13:23:53.998+0000] {logging_mixin.py:188} INFO - [2026-03-25T13:23:53.997+0000] {dagbag.py:545} INFO - Filling up the DagBag from /opt/airflow/dags/e_commerce_dw_dag.py
[2026-03-25T13:23:54.052+0000] {processor.py:840} INFO - DAG(s) 'e_commerce_dw_etl' retrieved from /opt/airflow/dags/e_commerce_dw_dag.py
[2026-03-25T13:23:54.082+0000] {logging_mixin.py:188} INFO - [2026-03-25T13:23:54.082+0000] {dag.py:3096} INFO - Sync 1 DAGs
[2026-03-25T13:23:54.104+0000] {logging_mixin.py:188} INFO - [2026-03-25T13:23:54.103+0000] {dag.py:3954} INFO - Setting next_dagrun for e_commerce_dw_etl to 2024-10-26 00:00:00+00:00, run_after=2024-10-27 00:00:00+00:00
[2026-03-25T13:23:54.130+0000] {processor.py:183} INFO - Processing /opt/airflow/dags/e_commerce_dw_dag.py took 0.141 seconds
[2026-03-25T13:24:24.751+0000] {processor.py:161} INFO - Started process (PID=1023) to work on /opt/airflow/dags/e_commerce_dw_dag.py
[2026-03-25T13:24:24.752+0000] {processor.py:830} INFO - Processing file /opt/airflow/dags/e_commerce_dw_dag.py for tasks to queue
[2026-03-25T13:24:24.754+0000] {logging_mixin.py:188} INFO - [2026-03-25T13:24:24.754+0000] {dagbag.py:545} INFO - Filling up the DagBag from /opt/airflow/dags/e_commerce_dw_dag.py
[2026-03-25T13:24:24.807+0000] {processor.py:840} INFO - DAG(s) 'e_commerce_dw_etl' retrieved from /opt/airflow/dags/e_commerce_dw_dag.py
[2026-03-25T13:24:24.840+0000] {logging_mixin.py:188} INFO - [2026-03-25T13:24:24.840+0000] {dag.py:3096} INFO - Sync 1 DAGs
[2026-03-25T13:24:24.863+0000] {logging_mixin.py:188} INFO - [2026-03-25T13:24:24.863+0000] {dag.py:3954} INFO - Setting next_dagrun for e_commerce_dw_etl to 2024-10-26 00:00:00+00:00, run_after=2024-10-27 00:00:00+00:00
[2026-03-25T13:24:24.883+0000] {processor.py:183} INFO - Processing /opt/airflow/dags/e_commerce_dw_dag.py took 0.139 seconds
[2026-03-25T13:24:55.564+0000] {processor.py:161} INFO - Started process (PID=1049) to work on /opt/airflow/dags/e_commerce_dw_dag.py
[2026-03-25T13:24:55.565+0000] {processor.py:830} INFO - Processing file /opt/airflow/dags/e_commerce_dw_dag.py for tasks to queue
[2026-03-25T13:24:55.568+0000] {logging_mixin.py:188} INFO - [2026-03-25T13:24:55.567+0000] {dagbag.py:545} INFO - Filling up the DagBag from /opt/airflow/dags/e_commerce_dw_dag.py
[2026-03-25T13:24:55.632+0000] {processor.py:840} INFO - DAG(s) 'e_commerce_dw_etl' retrieved from /opt/airflow/dags/e_commerce_dw_dag.py
[2026-03-25T13:24:55.664+0000] {logging_mixin.py:188} INFO - [2026-03-25T13:24:55.664+0000] {dag.py:3096} INFO - Sync 1 DAGs
[2026-03-25T13:24:55.689+0000] {logging_mixin.py:188} INFO - [2026-03-25T13:24:55.689+0000] {dag.py:3954} INFO - Setting next_dagrun for e_commerce_dw_etl to 2024-10-26 00:00:00+00:00, run_after=2024-10-27 00:00:00+00:00
[2026-03-25T13:24:55.717+0000] {processor.py:183} INFO - Processing /opt/airflow/dags/e_commerce_dw_dag.py took 0.160 seconds
[2026-03-25T13:25:26.255+0000] {processor.py:161} INFO - Started process (PID=1075) to work on /opt/airflow/dags/e_commerce_dw_dag.py
[2026-03-25T13:25:26.256+0000] {processor.py:830} INFO - Processing file /opt/airflow/dags/e_commerce_dw_dag.py for tasks to queue
[2026-03-25T13:25:26.259+0000] {logging_mixin.py:188} INFO - [2026-03-25T13:25:26.259+0000] {dagbag.py:545} INFO - Filling up the DagBag from /opt/airflow/dags/e_commerce_dw_dag.py
[2026-03-25T13:25:26.331+0000] {processor.py:840} INFO - DAG(s) 'e_commerce_dw_etl' retrieved from /opt/airflow/dags/e_commerce_dw_dag.py
[2026-03-25T13:25:26.367+0000] {logging_mixin.py:188} INFO - [2026-03-25T13:25:26.367+0000] {dag.py:3096} INFO - Sync 1 DAGs
[2026-03-25T13:25:26.389+0000] {logging_mixin.py:188} INFO - [2026-03-25T13:25:26.388+0000] {dag.py:3954} INFO - Setting next_dagrun for e_commerce_dw_etl to 2024-10-26 00:00:00+00:00, run_after=2024-10-27 00:00:00+00:00
[2026-03-25T13:25:26.412+0000] {processor.py:183} INFO - Processing /opt/airflow/dags/e_commerce_dw_dag.py took 0.165 seconds
[2026-03-25T13:25:57.054+0000] {processor.py:161} INFO - Started process (PID=1101) to work on /opt/airflow/dags/e_commerce_dw_dag.py
[2026-03-25T13:25:57.055+0000] {processor.py:830} INFO - Processing file /opt/airflow/dags/e_commerce_dw_dag.py for tasks to queue
[2026-03-25T13:25:57.058+0000] {logging_mixin.py:188} INFO - [2026-03-25T13:25:57.057+0000] {dagbag.py:545} INFO - Filling up the DagBag from /opt/airflow/dags/e_commerce_dw_dag.py
[2026-03-25T13:25:57.161+0000] {processor.py:840} INFO - DAG(s) 'e_commerce_dw_etl' retrieved from /opt/airflow/dags/e_commerce_dw_dag.py
[2026-03-25T13:25:57.196+0000] {logging_mixin.py:188} INFO - [2026-03-25T13:25:57.196+0000] {dag.py:3096} INFO - Sync 1 DAGs
[2026-03-25T13:25:57.217+0000] {logging_mixin.py:188} INFO - [2026-03-25T13:25:57.216+0000] {dag.py:3954} INFO - Setting next_dagrun for e_commerce_dw_etl to 2024-10-26 00:00:00+00:00, run_after=2024-10-27 00:00:00+00:00
[2026-03-25T13:25:57.239+0000] {processor.py:183} INFO - Processing /opt/airflow/dags/e_commerce_dw_dag.py took 0.191 seconds
[2026-03-25T13:26:27.853+0000] {processor.py:161} INFO - Started process (PID=1133) to work on /opt/airflow/dags/e_commerce_dw_dag.py
[2026-03-25T13:26:27.854+0000] {processor.py:830} INFO - Processing file /opt/airflow/dags/e_commerce_dw_dag.py for tasks to queue
[2026-03-25T13:26:27.856+0000] {logging_mixin.py:188} INFO - [2026-03-25T13:26:27.856+0000] {dagbag.py:545} INFO - Filling up the DagBag from /opt/airflow/dags/e_commerce_dw_dag.py
[2026-03-25T13:26:27.911+0000] {processor.py:840} INFO - DAG(s) 'e_commerce_dw_etl' retrieved from /opt/airflow/dags/e_commerce_dw_dag.py
[2026-03-25T13:26:27.940+0000] {logging_mixin.py:188} INFO - [2026-03-25T13:26:27.940+0000] {dag.py:3096} INFO - Sync 1 DAGs
[2026-03-25T13:26:27.961+0000] {logging_mixin.py:188} INFO - [2026-03-25T13:26:27.961+0000] {dag.py:3954} INFO - Setting next_dagrun for e_commerce_dw_etl to 2024-10-26 00:00:00+00:00, run_after=2024-10-27 00:00:00+00:00
[2026-03-25T13:26:27.983+0000] {processor.py:183} INFO - Processing /opt/airflow/dags/e_commerce_dw_dag.py took 0.137 seconds
[2026-03-25T13:26:58.600+0000] {processor.py:161} INFO - Started process (PID=1159) to work on /opt/airflow/dags/e_commerce_dw_dag.py
[2026-03-25T13:26:58.601+0000] {processor.py:830} INFO - Processing file /opt/airflow/dags/e_commerce_dw_dag.py for tasks to queue
[2026-03-25T13:26:58.603+0000] {logging_mixin.py:188} INFO - [2026-03-25T13:26:58.603+0000] {dagbag.py:545} INFO - Filling up the DagBag from /opt/airflow/dags/e_commerce_dw_dag.py
[2026-03-25T13:26:58.665+0000] {processor.py:840} INFO - DAG(s) 'e_commerce_dw_etl' retrieved from /opt/airflow/dags/e_commerce_dw_dag.py
[2026-03-25T13:26:58.695+0000] {logging_mixin.py:188} INFO - [2026-03-25T13:26:58.695+0000] {dag.py:3096} INFO - Sync 1 DAGs
[2026-03-25T13:26:58.716+0000] {logging_mixin.py:188} INFO - [2026-03-25T13:26:58.716+0000] {dag.py:3954} INFO - Setting next_dagrun for e_commerce_dw_etl to 2024-10-26 00:00:00+00:00, run_after=2024-10-27 00:00:00+00:00
[2026-03-25T13:26:58.739+0000] {processor.py:183} INFO - Processing /opt/airflow/dags/e_commerce_dw_dag.py took 0.145 seconds
[2026-03-25T13:27:29.405+0000] {processor.py:161} INFO - Started process (PID=1185) to work on /opt/airflow/dags/e_commerce_dw_dag.py
[2026-03-25T13:27:29.406+0000] {processor.py:830} INFO - Processing file /opt/airflow/dags/e_commerce_dw_dag.py for tasks to queue
[2026-03-25T13:27:29.408+0000] {logging_mixin.py:188} INFO - [2026-03-25T13:27:29.407+0000] {dagbag.py:545} INFO - Filling up the DagBag from /opt/airflow/dags/e_commerce_dw_dag.py
[2026-03-25T13:27:29.469+0000] {processor.py:840} INFO - DAG(s) 'e_commerce_dw_etl' retrieved from /opt/airflow/dags/e_commerce_dw_dag.py
[2026-03-25T13:27:29.499+0000] {logging_mixin.py:188} INFO - [2026-03-25T13:27:29.499+0000] {dag.py:3096} INFO - Sync 1 DAGs
[2026-03-25T13:27:29.523+0000] {logging_mixin.py:188} INFO - [2026-03-25T13:27:29.523+0000] {dag.py:3954} INFO - Setting next_dagrun for e_commerce_dw_etl to 2024-10-26 00:00:00+00:00, run_after=2024-10-27 00:00:00+00:00
[2026-03-25T13:27:29.548+0000] {processor.py:183} INFO - Processing /opt/airflow/dags/e_commerce_dw_dag.py took 0.149 seconds
[2026-03-25T13:28:00.362+0000] {processor.py:161} INFO - Started process (PID=1211) to work on /opt/airflow/dags/e_commerce_dw_dag.py
[2026-03-25T13:28:00.363+0000] {processor.py:830} INFO - Processing file /opt/airflow/dags/e_commerce_dw_dag.py for tasks to queue
[2026-03-25T13:28:00.366+0000] {logging_mixin.py:188} INFO - [2026-03-25T13:28:00.365+0000] {dagbag.py:545} INFO - Filling up the DagBag from /opt/airflow/dags/e_commerce_dw_dag.py
[2026-03-25T13:28:00.423+0000] {processor.py:840} INFO - DAG(s) 'e_commerce_dw_etl' retrieved from /opt/airflow/dags/e_commerce_dw_dag.py
[2026-03-25T13:28:00.453+0000] {logging_mixin.py:188} INFO - [2026-03-25T13:28:00.453+0000] {dag.py:3096} INFO - Sync 1 DAGs
[2026-03-25T13:28:00.476+0000] {logging_mixin.py:188} INFO - [2026-03-25T13:28:00.476+0000] {dag.py:3954} INFO - Setting next_dagrun for e_commerce_dw_etl to 2024-10-26 00:00:00+00:00, run_after=2024-10-27 00:00:00+00:00
[2026-03-25T13:28:00.498+0000] {processor.py:183} INFO - Processing /opt/airflow/dags/e_commerce_dw_dag.py took 0.143 seconds
[2026-03-25T13:28:31.115+0000] {processor.py:161} INFO - Started process (PID=1237) to work on /opt/airflow/dags/e_commerce_dw_dag.py
[2026-03-25T13:28:31.117+0000] {processor.py:830} INFO - Processing file /opt/airflow/dags/e_commerce_dw_dag.py for tasks to queue
[2026-03-25T13:28:31.119+0000] {logging_mixin.py:188} INFO - [2026-03-25T13:28:31.119+0000] {dagbag.py:545} INFO - Filling up the DagBag from /opt/airflow/dags/e_commerce_dw_dag.py
[2026-03-25T13:28:31.181+0000] {processor.py:840} INFO - DAG(s) 'e_commerce_dw_etl' retrieved from /opt/airflow/dags/e_commerce_dw_dag.py
[2026-03-25T13:28:31.216+0000] {logging_mixin.py:188} INFO - [2026-03-25T13:28:31.216+0000] {dag.py:3096} INFO - Sync 1 DAGs
[2026-03-25T13:28:31.239+0000] {logging_mixin.py:188} INFO - [2026-03-25T13:28:31.239+0000] {dag.py:3954} INFO - Setting next_dagrun for e_commerce_dw_etl to 2024-10-26 00:00:00+00:00, run_after=2024-10-27 00:00:00+00:00
[2026-03-25T13:28:31.261+0000] {processor.py:183} INFO - Processing /opt/airflow/dags/e_commerce_dw_dag.py took 0.153 seconds
[2026-03-25T13:29:01.951+0000] {processor.py:161} INFO - Started process (PID=1263) to work on /opt/airflow/dags/e_commerce_dw_dag.py
[2026-03-25T13:29:01.952+0000] {processor.py:830} INFO - Processing file /opt/airflow/dags/e_commerce_dw_dag.py for tasks to queue
[2026-03-25T13:29:01.955+0000] {logging_mixin.py:188} INFO - [2026-03-25T13:29:01.954+0000] {dagbag.py:545} INFO - Filling up the DagBag from /opt/airflow/dags/e_commerce_dw_dag.py
[2026-03-25T13:29:02.040+0000] {processor.py:840} INFO - DAG(s) 'e_commerce_dw_etl' retrieved from /opt/airflow/dags/e_commerce_dw_dag.py
[2026-03-25T13:29:02.074+0000] {logging_mixin.py:188} INFO - [2026-03-25T13:29:02.074+0000] {dag.py:3096} INFO - Sync 1 DAGs
[2026-03-25T13:29:02.100+0000] {logging_mixin.py:188} INFO - [2026-03-25T13:29:02.100+0000] {dag.py:3954} INFO - Setting next_dagrun for e_commerce_dw_etl to 2024-10-26 00:00:00+00:00, run_after=2024-10-27 00:00:00+00:00
[2026-03-25T13:29:02.124+0000] {processor.py:183} INFO - Processing /opt/airflow/dags/e_commerce_dw_dag.py took 0.182 seconds
[2026-03-25T13:29:32.809+0000] {processor.py:161} INFO - Started process (PID=1289) to work on /opt/airflow/dags/e_commerce_dw_dag.py
[2026-03-25T13:29:32.811+0000] {processor.py:830} INFO - Processing file /opt/airflow/dags/e_commerce_dw_dag.py for tasks to queue
[2026-03-25T13:29:32.814+0000] {logging_mixin.py:188} INFO - [2026-03-25T13:29:32.814+0000] {dagbag.py:545} INFO - Filling up the DagBag from /opt/airflow/dags/e_commerce_dw_dag.py
[2026-03-25T13:29:32.880+0000] {processor.py:840} INFO - DAG(s) 'e_commerce_dw_etl' retrieved from /opt/airflow/dags/e_commerce_dw_dag.py
[2026-03-25T13:29:32.912+0000] {logging_mixin.py:188} INFO - [2026-03-25T13:29:32.912+0000] {dag.py:3096} INFO - Sync 1 DAGs
[2026-03-25T13:29:32.935+0000] {logging_mixin.py:188} INFO - [2026-03-25T13:29:32.935+0000] {dag.py:3954} INFO - Setting next_dagrun for e_commerce_dw_etl to 2024-10-26 00:00:00+00:00, run_after=2024-10-27 00:00:00+00:00
[2026-03-25T13:29:32.958+0000] {processor.py:183} INFO - Processing /opt/airflow/dags/e_commerce_dw_dag.py took 0.157 seconds
[2026-03-25T13:30:03.698+0000] {processor.py:161} INFO - Started process (PID=1315) to work on /opt/airflow/dags/e_commerce_dw_dag.py
[2026-03-25T13:30:03.699+0000] {processor.py:830} INFO - Processing file /opt/airflow/dags/e_commerce_dw_dag.py for tasks to queue
[2026-03-25T13:30:03.702+0000] {logging_mixin.py:188} INFO - [2026-03-25T13:30:03.701+0000] {dagbag.py:545} INFO - Filling up the DagBag from /opt/airflow/dags/e_commerce_dw_dag.py
[2026-03-25T13:30:03.778+0000] {processor.py:840} INFO - DAG(s) 'e_commerce_dw_etl' retrieved from /opt/airflow/dags/e_commerce_dw_dag.py
[2026-03-25T13:30:03.813+0000] {logging_mixin.py:188} INFO - [2026-03-25T13:30:03.813+0000] {dag.py:3096} INFO - Sync 1 DAGs
[2026-03-25T13:30:03.838+0000] {logging_mixin.py:188} INFO - [2026-03-25T13:30:03.838+0000] {dag.py:3954} INFO - Setting next_dagrun for e_commerce_dw_etl to 2024-10-26 00:00:00+00:00, run_after=2024-10-27 00:00:00+00:00
[2026-03-25T13:30:03.859+0000] {processor.py:183} INFO - Processing /opt/airflow/dags/e_commerce_dw_dag.py took 0.169 seconds
[2026-03-25T13:30:34.528+0000] {processor.py:161} INFO - Started process (PID=1341) to work on /opt/airflow/dags/e_commerce_dw_dag.py
[2026-03-25T13:30:34.529+0000] {processor.py:830} INFO - Processing file /opt/airflow/dags/e_commerce_dw_dag.py for tasks to queue
[2026-03-25T13:30:34.532+0000] {logging_mixin.py:188} INFO - [2026-03-25T13:30:34.531+0000] {dagbag.py:545} INFO - Filling up the DagBag from /opt/airflow/dags/e_commerce_dw_dag.py
[2026-03-25T13:30:34.591+0000] {processor.py:840} INFO - DAG(s) 'e_commerce_dw_etl' retrieved from /opt/airflow/dags/e_commerce_dw_dag.py
[2026-03-25T13:30:34.623+0000] {logging_mixin.py:188} INFO - [2026-03-25T13:30:34.623+0000] {dag.py:3096} INFO - Sync 1 DAGs
[2026-03-25T13:30:34.645+0000] {logging_mixin.py:188} INFO - [2026-03-25T13:30:34.644+0000] {dag.py:3954} INFO - Setting next_dagrun for e_commerce_dw_etl to 2024-10-26 00:00:00+00:00, run_after=2024-10-27 00:00:00+00:00
[2026-03-25T13:30:34.667+0000] {processor.py:183} INFO - Processing /opt/airflow/dags/e_commerce_dw_dag.py took 0.145 seconds
[2026-03-25T13:31:05.289+0000] {processor.py:161} INFO - Started process (PID=1368) to work on /opt/airflow/dags/e_commerce_dw_dag.py
[2026-03-25T13:31:05.290+0000] {processor.py:830} INFO - Processing file /opt/airflow/dags/e_commerce_dw_dag.py for tasks to queue
[2026-03-25T13:31:05.293+0000] {logging_mixin.py:188} INFO - [2026-03-25T13:31:05.292+0000] {dagbag.py:545} INFO - Filling up the DagBag from /opt/airflow/dags/e_commerce_dw_dag.py
[2026-03-25T13:31:05.349+0000] {processor.py:840} INFO - DAG(s) 'e_commerce_dw_etl' retrieved from /opt/airflow/dags/e_commerce_dw_dag.py
[2026-03-25T13:31:05.380+0000] {logging_mixin.py:188} INFO - [2026-03-25T13:31:05.379+0000] {dag.py:3096} INFO - Sync 1 DAGs
[2026-03-25T13:31:05.401+0000] {logging_mixin.py:188} INFO - [2026-03-25T13:31:05.400+0000] {dag.py:3954} INFO - Setting next_dagrun for e_commerce_dw_etl to 2024-10-26 00:00:00+00:00, run_after=2024-10-27 00:00:00+00:00
[2026-03-25T13:31:05.426+0000] {processor.py:183} INFO - Processing /opt/airflow/dags/e_commerce_dw_dag.py took 0.143 seconds
[2026-03-25T13:31:36.060+0000] {processor.py:161} INFO - Started process (PID=1394) to work on /opt/airflow/dags/e_commerce_dw_dag.py
[2026-03-25T13:31:36.062+0000] {processor.py:830} INFO - Processing file /opt/airflow/dags/e_commerce_dw_dag.py for tasks to queue
[2026-03-25T13:31:36.066+0000] {logging_mixin.py:188} INFO - [2026-03-25T13:31:36.065+0000] {dagbag.py:545} INFO - Filling up the DagBag from /opt/airflow/dags/e_commerce_dw_dag.py
[2026-03-25T13:31:36.128+0000] {processor.py:840} INFO - DAG(s) 'e_commerce_dw_etl' retrieved from /opt/airflow/dags/e_commerce_dw_dag.py
[2026-03-25T13:31:36.162+0000] {logging_mixin.py:188} INFO - [2026-03-25T13:31:36.162+0000] {dag.py:3096} INFO - Sync 1 DAGs
[2026-03-25T13:31:36.186+0000] {logging_mixin.py:188} INFO - [2026-03-25T13:31:36.186+0000] {dag.py:3954} INFO - Setting next_dagrun for e_commerce_dw_etl to 2024-10-26 00:00:00+00:00, run_after=2024-10-27 00:00:00+00:00
[2026-03-25T13:31:36.210+0000] {processor.py:183} INFO - Processing /opt/airflow/dags/e_commerce_dw_dag.py took 0.157 seconds
[2026-03-25T13:32:06.973+0000] {processor.py:161} INFO - Started process (PID=1420) to work on /opt/airflow/dags/e_commerce_dw_dag.py
[2026-03-25T13:32:06.974+0000] {processor.py:830} INFO - Processing file /opt/airflow/dags/e_commerce_dw_dag.py for tasks to queue
[2026-03-25T13:32:06.976+0000] {logging_mixin.py:188} INFO - [2026-03-25T13:32:06.976+0000] {dagbag.py:545} INFO - Filling up the DagBag from /opt/airflow/dags/e_commerce_dw_dag.py
[2026-03-25T13:32:07.033+0000] {processor.py:840} INFO - DAG(s) 'e_commerce_dw_etl' retrieved from /opt/airflow/dags/e_commerce_dw_dag.py
[2026-03-25T13:32:07.063+0000] {logging_mixin.py:188} INFO - [2026-03-25T13:32:07.063+0000] {dag.py:3096} INFO - Sync 1 DAGs
[2026-03-25T13:32:07.085+0000] {logging_mixin.py:188} INFO - [2026-03-25T13:32:07.084+0000] {dag.py:3954} INFO - Setting next_dagrun for e_commerce_dw_etl to 2024-10-26 00:00:00+00:00, run_after=2024-10-27 00:00:00+00:00
[2026-03-25T13:32:07.114+0000] {processor.py:183} INFO - Processing /opt/airflow/dags/e_commerce_dw_dag.py took 0.149 seconds
[2026-03-25T13:32:37.762+0000] {processor.py:161} INFO - Started process (PID=1447) to work on /opt/airflow/dags/e_commerce_dw_dag.py
[2026-03-25T13:32:37.763+0000] {processor.py:830} INFO - Processing file /opt/airflow/dags/e_commerce_dw_dag.py for tasks to queue
[2026-03-25T13:32:37.766+0000] {logging_mixin.py:188} INFO - [2026-03-25T13:32:37.766+0000] {dagbag.py:545} INFO - Filling up the DagBag from /opt/airflow/dags/e_commerce_dw_dag.py
[2026-03-25T13:32:37.825+0000] {processor.py:840} INFO - DAG(s) 'e_commerce_dw_etl' retrieved from /opt/airflow/dags/e_commerce_dw_dag.py
[2026-03-25T13:32:37.857+0000] {logging_mixin.py:188} INFO - [2026-03-25T13:32:37.856+0000] {dag.py:3096} INFO - Sync 1 DAGs
[2026-03-25T13:32:37.879+0000] {logging_mixin.py:188} INFO - [2026-03-25T13:32:37.878+0000] {dag.py:3954} INFO - Setting next_dagrun for e_commerce_dw_etl to 2024-10-26 00:00:00+00:00, run_after=2024-10-27 00:00:00+00:00
[2026-03-25T13:32:37.902+0000] {processor.py:183} INFO - Processing /opt/airflow/dags/e_commerce_dw_dag.py took 0.146 seconds
[2026-03-25T13:33:08.653+0000] {processor.py:161} INFO - Started process (PID=1473) to work on /opt/airflow/dags/e_commerce_dw_dag.py
[2026-03-25T13:33:08.654+0000] {processor.py:830} INFO - Processing file /opt/airflow/dags/e_commerce_dw_dag.py for tasks to queue
[2026-03-25T13:33:08.657+0000] {logging_mixin.py:188} INFO - [2026-03-25T13:33:08.657+0000] {dagbag.py:545} INFO - Filling up the DagBag from /opt/airflow/dags/e_commerce_dw_dag.py
[2026-03-25T13:33:08.725+0000] {processor.py:840} INFO - DAG(s) 'e_commerce_dw_etl' retrieved from /opt/airflow/dags/e_commerce_dw_dag.py
[2026-03-25T13:33:08.756+0000] {logging_mixin.py:188} INFO - [2026-03-25T13:33:08.755+0000] {dag.py:3096} INFO - Sync 1 DAGs
[2026-03-25T13:33:08.778+0000] {logging_mixin.py:188} INFO - [2026-03-25T13:33:08.778+0000] {dag.py:3954} INFO - Setting next_dagrun for e_commerce_dw_etl to 2024-10-26 00:00:00+00:00, run_after=2024-10-27 00:00:00+00:00
[2026-03-25T13:33:08.802+0000] {processor.py:183} INFO - Processing /opt/airflow/dags/e_commerce_dw_dag.py took 0.156 seconds
[2026-03-25T13:33:39.446+0000] {processor.py:161} INFO - Started process (PID=1499) to work on /opt/airflow/dags/e_commerce_dw_dag.py
[2026-03-25T13:33:39.447+0000] {processor.py:830} INFO - Processing file /opt/airflow/dags/e_commerce_dw_dag.py for tasks to queue
[2026-03-25T13:33:39.449+0000] {logging_mixin.py:188} INFO - [2026-03-25T13:33:39.448+0000] {dagbag.py:545} INFO - Filling up the DagBag from /opt/airflow/dags/e_commerce_dw_dag.py
[2026-03-25T13:33:39.523+0000] {processor.py:840} INFO - DAG(s) 'e_commerce_dw_etl' retrieved from /opt/airflow/dags/e_commerce_dw_dag.py
[2026-03-25T13:33:39.557+0000] {logging_mixin.py:188} INFO - [2026-03-25T13:33:39.556+0000] {dag.py:3096} INFO - Sync 1 DAGs
[2026-03-25T13:33:39.579+0000] {logging_mixin.py:188} INFO - [2026-03-25T13:33:39.579+0000] {dag.py:3954} INFO - Setting next_dagrun for e_commerce_dw_etl to 2024-10-26 00:00:00+00:00, run_after=2024-10-27 00:00:00+00:00
[2026-03-25T13:33:39.600+0000] {processor.py:183} INFO - Processing /opt/airflow/dags/e_commerce_dw_dag.py took 0.162 seconds
[2026-03-25T13:34:10.146+0000] {processor.py:161} INFO - Started process (PID=1525) to work on /opt/airflow/dags/e_commerce_dw_dag.py
[2026-03-25T13:34:10.148+0000] {processor.py:830} INFO - Processing file /opt/airflow/dags/e_commerce_dw_dag.py for tasks to queue
[2026-03-25T13:34:10.151+0000] {logging_mixin.py:188} INFO - [2026-03-25T13:34:10.150+0000] {dagbag.py:545} INFO - Filling up the DagBag from /opt/airflow/dags/e_commerce_dw_dag.py
[2026-03-25T13:34:10.217+0000] {processor.py:840} INFO - DAG(s) 'e_commerce_dw_etl' retrieved from /opt/airflow/dags/e_commerce_dw_dag.py
[2026-03-25T13:34:10.249+0000] {logging_mixin.py:188} INFO - [2026-03-25T13:34:10.249+0000] {dag.py:3096} INFO - Sync 1 DAGs
[2026-03-25T13:34:10.277+0000] {logging_mixin.py:188} INFO - [2026-03-25T13:34:10.276+0000] {dag.py:3954} INFO - Setting next_dagrun for e_commerce_dw_etl to 2024-10-26 00:00:00+00:00, run_after=2024-10-27 00:00:00+00:00
[2026-03-25T13:34:10.300+0000] {processor.py:183} INFO - Processing /opt/airflow/dags/e_commerce_dw_dag.py took 0.163 seconds
[2026-03-25T13:34:40.972+0000] {processor.py:161} INFO - Started process (PID=1552) to work on /opt/airflow/dags/e_commerce_dw_dag.py
[2026-03-25T13:34:40.973+0000] {processor.py:830} INFO - Processing file /opt/airflow/dags/e_commerce_dw_dag.py for tasks to queue
[2026-03-25T13:34:40.975+0000] {logging_mixin.py:188} INFO - [2026-03-25T13:34:40.974+0000] {dagbag.py:545} INFO - Filling up the DagBag from /opt/airflow/dags/e_commerce_dw_dag.py
[2026-03-25T13:34:41.030+0000] {processor.py:840} INFO - DAG(s) 'e_commerce_dw_etl' retrieved from /opt/airflow/dags/e_commerce_dw_dag.py
[2026-03-25T13:34:41.062+0000] {logging_mixin.py:188} INFO - [2026-03-25T13:34:41.062+0000] {dag.py:3096} INFO - Sync 1 DAGs
[2026-03-25T13:34:41.085+0000] {logging_mixin.py:188} INFO - [2026-03-25T13:34:41.084+0000] {dag.py:3954} INFO - Setting next_dagrun for e_commerce_dw_etl to 2024-10-26 00:00:00+00:00, run_after=2024-10-27 00:00:00+00:00
[2026-03-25T13:34:41.108+0000] {processor.py:183} INFO - Processing /opt/airflow/dags/e_commerce_dw_dag.py took 0.142 seconds
[2026-03-25T13:35:11.765+0000] {processor.py:161} INFO - Started process (PID=1578) to work on /opt/airflow/dags/e_commerce_dw_dag.py
[2026-03-25T13:35:11.766+0000] {processor.py:830} INFO - Processing file /opt/airflow/dags/e_commerce_dw_dag.py for tasks to queue
[2026-03-25T13:35:11.768+0000] {logging_mixin.py:188} INFO - [2026-03-25T13:35:11.768+0000] {dagbag.py:545} INFO - Filling up the DagBag from /opt/airflow/dags/e_commerce_dw_dag.py
[2026-03-25T13:35:11.825+0000] {processor.py:840} INFO - DAG(s) 'e_commerce_dw_etl' retrieved from /opt/airflow/dags/e_commerce_dw_dag.py
[2026-03-25T13:35:11.857+0000] {logging_mixin.py:188} INFO - [2026-03-25T13:35:11.857+0000] {dag.py:3096} INFO - Sync 1 DAGs
[2026-03-25T13:35:11.880+0000] {logging_mixin.py:188} INFO - [2026-03-25T13:35:11.880+0000] {dag.py:3954} INFO - Setting next_dagrun for e_commerce_dw_etl to 2024-10-26 00:00:00+00:00, run_after=2024-10-27 00:00:00+00:00
[2026-03-25T13:35:11.903+0000] {processor.py:183} INFO - Processing /opt/airflow/dags/e_commerce_dw_dag.py took 0.144 seconds
[2026-03-25T13:35:42.602+0000] {processor.py:161} INFO - Started process (PID=1604) to work on /opt/airflow/dags/e_commerce_dw_dag.py
[2026-03-25T13:35:42.604+0000] {processor.py:830} INFO - Processing file /opt/airflow/dags/e_commerce_dw_dag.py for tasks to queue
[2026-03-25T13:35:42.606+0000] {logging_mixin.py:188} INFO - [2026-03-25T13:35:42.606+0000] {dagbag.py:545} INFO - Filling up the DagBag from /opt/airflow/dags/e_commerce_dw_dag.py
[2026-03-25T13:35:42.690+0000] {processor.py:840} INFO - DAG(s) 'e_commerce_dw_etl' retrieved from /opt/airflow/dags/e_commerce_dw_dag.py
[2026-03-25T13:35:42.723+0000] {logging_mixin.py:188} INFO - [2026-03-25T13:35:42.723+0000] {dag.py:3096} INFO - Sync 1 DAGs
[2026-03-25T13:35:42.745+0000] {logging_mixin.py:188} INFO - [2026-03-25T13:35:42.745+0000] {dag.py:3954} INFO - Setting next_dagrun for e_commerce_dw_etl to 2024-10-26 00:00:00+00:00, run_after=2024-10-27 00:00:00+00:00
[2026-03-25T13:35:42.767+0000] {processor.py:183} INFO - Processing /opt/airflow/dags/e_commerce_dw_dag.py took 0.171 seconds
[2026-03-25T13:36:13.307+0000] {processor.py:161} INFO - Started process (PID=1630) to work on /opt/airflow/dags/e_commerce_dw_dag.py
[2026-03-25T13:36:13.308+0000] {processor.py:830} INFO - Processing file /opt/airflow/dags/e_commerce_dw_dag.py for tasks to queue
[2026-03-25T13:36:13.311+0000] {logging_mixin.py:188} INFO - [2026-03-25T13:36:13.310+0000] {dagbag.py:545} INFO - Filling up the DagBag from /opt/airflow/dags/e_commerce_dw_dag.py
[2026-03-25T13:36:13.367+0000] {processor.py:840} INFO - DAG(s) 'e_commerce_dw_etl' retrieved from /opt/airflow/dags/e_commerce_dw_dag.py
[2026-03-25T13:36:13.399+0000] {logging_mixin.py:188} INFO - [2026-03-25T13:36:13.398+0000] {dag.py:3096} INFO - Sync 1 DAGs
[2026-03-25T13:36:13.421+0000] {logging_mixin.py:188} INFO - [2026-03-25T13:36:13.421+0000] {dag.py:3954} INFO - Setting next_dagrun for e_commerce_dw_etl to 2024-10-26 00:00:00+00:00, run_after=2024-10-27 00:00:00+00:00
[2026-03-25T13:36:13.443+0000] {processor.py:183} INFO - Processing /opt/airflow/dags/e_commerce_dw_dag.py took 0.143 seconds
[2026-03-25T13:36:44.166+0000] {processor.py:161} INFO - Started process (PID=1656) to work on /opt/airflow/dags/e_commerce_dw_dag.py
[2026-03-25T13:36:44.167+0000] {processor.py:830} INFO - Processing file /opt/airflow/dags/e_commerce_dw_dag.py for tasks to queue
[2026-03-25T13:36:44.169+0000] {logging_mixin.py:188} INFO - [2026-03-25T13:36:44.169+0000] {dagbag.py:545} INFO - Filling up the DagBag from /opt/airflow/dags/e_commerce_dw_dag.py
[2026-03-25T13:36:44.228+0000] {processor.py:840} INFO - DAG(s) 'e_commerce_dw_etl' retrieved from /opt/airflow/dags/e_commerce_dw_dag.py
[2026-03-25T13:36:44.260+0000] {logging_mixin.py:188} INFO - [2026-03-25T13:36:44.260+0000] {dag.py:3096} INFO - Sync 1 DAGs
[2026-03-25T13:36:44.282+0000] {logging_mixin.py:188} INFO - [2026-03-25T13:36:44.282+0000] {dag.py:3954} INFO - Setting next_dagrun for e_commerce_dw_etl to 2024-10-26 00:00:00+00:00, run_after=2024-10-27 00:00:00+00:00
[2026-03-25T13:36:44.305+0000] {processor.py:183} INFO - Processing /opt/airflow/dags/e_commerce_dw_dag.py took 0.146 seconds
[2026-03-25T13:37:14.985+0000] {processor.py:161} INFO - Started process (PID=1682) to work on /opt/airflow/dags/e_commerce_dw_dag.py
[2026-03-25T13:37:14.991+0000] {processor.py:830} INFO - Processing file /opt/airflow/dags/e_commerce_dw_dag.py for tasks to queue
[2026-03-25T13:37:14.998+0000] {logging_mixin.py:188} INFO - [2026-03-25T13:37:14.997+0000] {dagbag.py:545} INFO - Filling up the DagBag from /opt/airflow/dags/e_commerce_dw_dag.py
[2026-03-25T13:37:15.179+0000] {processor.py:840} INFO - DAG(s) 'e_commerce_dw_etl' retrieved from /opt/airflow/dags/e_commerce_dw_dag.py
[2026-03-25T13:37:15.233+0000] {logging_mixin.py:188} INFO - [2026-03-25T13:37:15.232+0000] {dag.py:3096} INFO - Sync 1 DAGs
[2026-03-25T13:37:15.266+0000] {logging_mixin.py:188} INFO - [2026-03-25T13:37:15.266+0000] {dag.py:3954} INFO - Setting next_dagrun for e_commerce_dw_etl to 2024-10-26 00:00:00+00:00, run_after=2024-10-27 00:00:00+00:00
[2026-03-25T13:37:15.290+0000] {processor.py:183} INFO - Processing /opt/airflow/dags/e_commerce_dw_dag.py took 0.334 seconds
[2026-03-25T13:37:45.906+0000] {processor.py:161} INFO - Started process (PID=1708) to work on /opt/airflow/dags/e_commerce_dw_dag.py
[2026-03-25T13:37:45.907+0000] {processor.py:830} INFO - Processing file /opt/airflow/dags/e_commerce_dw_dag.py for tasks to queue
[2026-03-25T13:37:45.910+0000] {logging_mixin.py:188} INFO - [2026-03-25T13:37:45.909+0000] {dagbag.py:545} INFO - Filling up the DagBag from /opt/airflow/dags/e_commerce_dw_dag.py
[2026-03-25T13:37:45.983+0000] {processor.py:840} INFO - DAG(s) 'e_commerce_dw_etl' retrieved from /opt/airflow/dags/e_commerce_dw_dag.py
[2026-03-25T13:37:46.023+0000] {logging_mixin.py:188} INFO - [2026-03-25T13:37:46.023+0000] {dag.py:3096} INFO - Sync 1 DAGs
[2026-03-25T13:37:46.049+0000] {logging_mixin.py:188} INFO - [2026-03-25T13:37:46.048+0000] {dag.py:3954} INFO - Setting next_dagrun for e_commerce_dw_etl to 2024-10-26 00:00:00+00:00, run_after=2024-10-27 00:00:00+00:00
[2026-03-25T13:37:46.081+0000] {processor.py:183} INFO - Processing /opt/airflow/dags/e_commerce_dw_dag.py took 0.182 seconds
[2026-03-25T13:38:16.875+0000] {processor.py:161} INFO - Started process (PID=1734) to work on /opt/airflow/dags/e_commerce_dw_dag.py
[2026-03-25T13:38:16.876+0000] {processor.py:830} INFO - Processing file /opt/airflow/dags/e_commerce_dw_dag.py for tasks to queue
[2026-03-25T13:38:16.878+0000] {logging_mixin.py:188} INFO - [2026-03-25T13:38:16.878+0000] {dagbag.py:545} INFO - Filling up the DagBag from /opt/airflow/dags/e_commerce_dw_dag.py
[2026-03-25T13:38:16.938+0000] {processor.py:840} INFO - DAG(s) 'e_commerce_dw_etl' retrieved from /opt/airflow/dags/e_commerce_dw_dag.py
[2026-03-25T13:38:16.970+0000] {logging_mixin.py:188} INFO - [2026-03-25T13:38:16.970+0000] {dag.py:3096} INFO - Sync 1 DAGs
[2026-03-25T13:38:16.992+0000] {logging_mixin.py:188} INFO - [2026-03-25T13:38:16.992+0000] {dag.py:3954} INFO - Setting next_dagrun for e_commerce_dw_etl to 2024-10-26 00:00:00+00:00, run_after=2024-10-27 00:00:00+00:00
[2026-03-25T13:38:17.016+0000] {processor.py:183} INFO - Processing /opt/airflow/dags/e_commerce_dw_dag.py took 0.152 seconds
[2026-03-25T13:38:47.726+0000] {processor.py:161} INFO - Started process (PID=1760) to work on /opt/airflow/dags/e_commerce_dw_dag.py
[2026-03-25T13:38:47.727+0000] {processor.py:830} INFO - Processing file /opt/airflow/dags/e_commerce_dw_dag.py for tasks to queue
[2026-03-25T13:38:47.729+0000] {logging_mixin.py:188} INFO - [2026-03-25T13:38:47.729+0000] {dagbag.py:545} INFO - Filling up the DagBag from /opt/airflow/dags/e_commerce_dw_dag.py
[2026-03-25T13:38:47.783+0000] {processor.py:840} INFO - DAG(s) 'e_commerce_dw_etl' retrieved from /opt/airflow/dags/e_commerce_dw_dag.py
[2026-03-25T13:38:47.815+0000] {logging_mixin.py:188} INFO - [2026-03-25T13:38:47.815+0000] {dag.py:3096} INFO - Sync 1 DAGs
[2026-03-25T13:38:47.837+0000] {logging_mixin.py:188} INFO - [2026-03-25T13:38:47.837+0000] {dag.py:3954} INFO - Setting next_dagrun for e_commerce_dw_etl to 2024-10-26 00:00:00+00:00, run_after=2024-10-27 00:00:00+00:00
[2026-03-25T13:38:47.858+0000] {processor.py:183} INFO - Processing /opt/airflow/dags/e_commerce_dw_dag.py took 0.138 seconds
[2026-03-25T13:39:18.597+0000] {processor.py:161} INFO - Started process (PID=1786) to work on /opt/airflow/dags/e_commerce_dw_dag.py
[2026-03-25T13:39:18.599+0000] {processor.py:830} INFO - Processing file /opt/airflow/dags/e_commerce_dw_dag.py for tasks to queue
[2026-03-25T13:39:18.602+0000] {logging_mixin.py:188} INFO - [2026-03-25T13:39:18.601+0000] {dagbag.py:545} INFO - Filling up the DagBag from /opt/airflow/dags/e_commerce_dw_dag.py
[2026-03-25T13:39:18.663+0000] {processor.py:840} INFO - DAG(s) 'e_commerce_dw_etl' retrieved from /opt/airflow/dags/e_commerce_dw_dag.py
[2026-03-25T13:39:18.692+0000] {logging_mixin.py:188} INFO - [2026-03-25T13:39:18.692+0000] {dag.py:3096} INFO - Sync 1 DAGs
[2026-03-25T13:39:18.714+0000] {logging_mixin.py:188} INFO - [2026-03-25T13:39:18.713+0000] {dag.py:3954} INFO - Setting next_dagrun for e_commerce_dw_etl to 2024-10-26 00:00:00+00:00, run_after=2024-10-27 00:00:00+00:00
[2026-03-25T13:39:18.737+0000] {processor.py:183} INFO - Processing /opt/airflow/dags/e_commerce_dw_dag.py took 0.147 seconds
[2026-03-25T13:39:49.439+0000] {processor.py:161} INFO - Started process (PID=1812) to work on /opt/airflow/dags/e_commerce_dw_dag.py
[2026-03-25T13:39:49.440+0000] {processor.py:830} INFO - Processing file /opt/airflow/dags/e_commerce_dw_dag.py for tasks to queue
[2026-03-25T13:39:49.443+0000] {logging_mixin.py:188} INFO - [2026-03-25T13:39:49.443+0000] {dagbag.py:545} INFO - Filling up the DagBag from /opt/airflow/dags/e_commerce_dw_dag.py
[2026-03-25T13:39:49.502+0000] {processor.py:840} INFO - DAG(s) 'e_commerce_dw_etl' retrieved from /opt/airflow/dags/e_commerce_dw_dag.py
[2026-03-25T13:39:49.533+0000] {logging_mixin.py:188} INFO - [2026-03-25T13:39:49.533+0000] {dag.py:3096} INFO - Sync 1 DAGs
[2026-03-25T13:39:49.555+0000] {logging_mixin.py:188} INFO - [2026-03-25T13:39:49.555+0000] {dag.py:3954} INFO - Setting next_dagrun for e_commerce_dw_etl to 2024-10-26 00:00:00+00:00, run_after=2024-10-27 00:00:00+00:00
[2026-03-25T13:39:49.578+0000] {processor.py:183} INFO - Processing /opt/airflow/dags/e_commerce_dw_dag.py took 0.147 seconds
[2026-03-25T13:40:20.359+0000] {processor.py:161} INFO - Started process (PID=1838) to work on /opt/airflow/dags/e_commerce_dw_dag.py
[2026-03-25T13:40:20.361+0000] {processor.py:830} INFO - Processing file /opt/airflow/dags/e_commerce_dw_dag.py for tasks to queue
[2026-03-25T13:40:20.364+0000] {logging_mixin.py:188} INFO - [2026-03-25T13:40:20.364+0000] {dagbag.py:545} INFO - Filling up the DagBag from /opt/airflow/dags/e_commerce_dw_dag.py
[2026-03-25T13:40:20.486+0000] {processor.py:840} INFO - DAG(s) 'e_commerce_dw_etl' retrieved from /opt/airflow/dags/e_commerce_dw_dag.py
[2026-03-25T13:40:20.521+0000] {logging_mixin.py:188} INFO - [2026-03-25T13:40:20.521+0000] {dag.py:3096} INFO - Sync 1 DAGs
[2026-03-25T13:40:20.542+0000] {logging_mixin.py:188} INFO - [2026-03-25T13:40:20.542+0000] {dag.py:3954} INFO - Setting next_dagrun for e_commerce_dw_etl to 2024-10-26 00:00:00+00:00, run_after=2024-10-27 00:00:00+00:00
[2026-03-25T13:40:20.562+0000] {processor.py:183} INFO - Processing /opt/airflow/dags/e_commerce_dw_dag.py took 0.214 seconds
[2026-03-25T13:40:51.223+0000] {processor.py:161} INFO - Started process (PID=1864) to work on /opt/airflow/dags/e_commerce_dw_dag.py
[2026-03-25T13:40:51.224+0000] {processor.py:830} INFO - Processing file /opt/airflow/dags/e_commerce_dw_dag.py for tasks to queue
[2026-03-25T13:40:51.226+0000] {logging_mixin.py:188} INFO - [2026-03-25T13:40:51.226+0000] {dagbag.py:545} INFO - Filling up the DagBag from /opt/airflow/dags/e_commerce_dw_dag.py
[2026-03-25T13:40:51.282+0000] {processor.py:840} INFO - DAG(s) 'e_commerce_dw_etl' retrieved from /opt/airflow/dags/e_commerce_dw_dag.py
[2026-03-25T13:40:51.313+0000] {logging_mixin.py:188} INFO - [2026-03-25T13:40:51.313+0000] {dag.py:3096} INFO - Sync 1 DAGs
[2026-03-25T13:40:51.335+0000] {logging_mixin.py:188} INFO - [2026-03-25T13:40:51.334+0000] {dag.py:3954} INFO - Setting next_dagrun for e_commerce_dw_etl to 2024-10-26 00:00:00+00:00, run_after=2024-10-27 00:00:00+00:00
[2026-03-25T13:40:51.356+0000] {processor.py:183} INFO - Processing /opt/airflow/dags/e_commerce_dw_dag.py took 0.140 seconds
[2026-03-25T13:41:22.101+0000] {processor.py:161} INFO - Started process (PID=1890) to work on /opt/airflow/dags/e_commerce_dw_dag.py
[2026-03-25T13:41:22.103+0000] {processor.py:830} INFO - Processing file /opt/airflow/dags/e_commerce_dw_dag.py for tasks to queue
[2026-03-25T13:41:22.105+0000] {logging_mixin.py:188} INFO - [2026-03-25T13:41:22.105+0000] {dagbag.py:545} INFO - Filling up the DagBag from /opt/airflow/dags/e_commerce_dw_dag.py
[2026-03-25T13:41:22.164+0000] {processor.py:840} INFO - DAG(s) 'e_commerce_dw_etl' retrieved from /opt/airflow/dags/e_commerce_dw_dag.py
[2026-03-25T13:41:22.195+0000] {logging_mixin.py:188} INFO - [2026-03-25T13:41:22.195+0000] {dag.py:3096} INFO - Sync 1 DAGs
[2026-03-25T13:41:22.216+0000] {logging_mixin.py:188} INFO - [2026-03-25T13:41:22.216+0000] {dag.py:3954} INFO - Setting next_dagrun for e_commerce_dw_etl to 2024-10-26 00:00:00+00:00, run_after=2024-10-27 00:00:00+00:00
[2026-03-25T13:41:22.246+0000] {processor.py:183} INFO - Processing /opt/airflow/dags/e_commerce_dw_dag.py took 0.151 seconds
[2026-03-25T13:41:52.920+0000] {processor.py:161} INFO - Started process (PID=1916) to work on /opt/airflow/dags/e_commerce_dw_dag.py
[2026-03-25T13:41:52.922+0000] {processor.py:830} INFO - Processing file /opt/airflow/dags/e_commerce_dw_dag.py for tasks to queue
[2026-03-25T13:41:52.925+0000] {logging_mixin.py:188} INFO - [2026-03-25T13:41:52.925+0000] {dagbag.py:545} INFO - Filling up the DagBag from /opt/airflow/dags/e_commerce_dw_dag.py
[2026-03-25T13:41:53.028+0000] {processor.py:840} INFO - DAG(s) 'e_commerce_dw_etl' retrieved from /opt/airflow/dags/e_commerce_dw_dag.py
[2026-03-25T13:41:53.072+0000] {logging_mixin.py:188} INFO - [2026-03-25T13:41:53.072+0000] {dag.py:3096} INFO - Sync 1 DAGs
[2026-03-25T13:41:53.109+0000] {logging_mixin.py:188} INFO - [2026-03-25T13:41:53.109+0000] {dag.py:3954} INFO - Setting next_dagrun for e_commerce_dw_etl to 2024-10-26 00:00:00+00:00, run_after=2024-10-27 00:00:00+00:00
[2026-03-25T13:41:53.131+0000] {processor.py:183} INFO - Processing /opt/airflow/dags/e_commerce_dw_dag.py took 0.218 seconds
[2026-03-25T13:42:23.844+0000] {processor.py:161} INFO - Started process (PID=1943) to work on /opt/airflow/dags/e_commerce_dw_dag.py
[2026-03-25T13:42:23.845+0000] {processor.py:830} INFO - Processing file /opt/airflow/dags/e_commerce_dw_dag.py for tasks to queue
[2026-03-25T13:42:23.847+0000] {logging_mixin.py:188} INFO - [2026-03-25T13:42:23.847+0000] {dagbag.py:545} INFO - Filling up the DagBag from /opt/airflow/dags/e_commerce_dw_dag.py
[2026-03-25T13:42:23.907+0000] {processor.py:840} INFO - DAG(s) 'e_commerce_dw_etl' retrieved from /opt/airflow/dags/e_commerce_dw_dag.py
[2026-03-25T13:42:23.939+0000] {logging_mixin.py:188} INFO - [2026-03-25T13:42:23.939+0000] {dag.py:3096} INFO - Sync 1 DAGs
[2026-03-25T13:42:23.961+0000] {logging_mixin.py:188} INFO - [2026-03-25T13:42:23.961+0000] {dag.py:3954} INFO - Setting next_dagrun for e_commerce_dw_etl to 2024-10-26 00:00:00+00:00, run_after=2024-10-27 00:00:00+00:00
[2026-03-25T13:42:23.985+0000] {processor.py:183} INFO - Processing /opt/airflow/dags/e_commerce_dw_dag.py took 0.147 seconds
[2026-03-25T13:42:54.623+0000] {processor.py:161} INFO - Started process (PID=1969) to work on /opt/airflow/dags/e_commerce_dw_dag.py
[2026-03-25T13:42:54.624+0000] {processor.py:830} INFO - Processing file /opt/airflow/dags/e_commerce_dw_dag.py for tasks to queue
[2026-03-25T13:42:54.627+0000] {logging_mixin.py:188} INFO - [2026-03-25T13:42:54.627+0000] {dagbag.py:545} INFO - Filling up the DagBag from /opt/airflow/dags/e_commerce_dw_dag.py
[2026-03-25T13:42:54.685+0000] {processor.py:840} INFO - DAG(s) 'e_commerce_dw_etl' retrieved from /opt/airflow/dags/e_commerce_dw_dag.py
[2026-03-25T13:42:54.717+0000] {logging_mixin.py:188} INFO - [2026-03-25T13:42:54.717+0000] {dag.py:3096} INFO - Sync 1 DAGs
[2026-03-25T13:42:54.739+0000] {logging_mixin.py:188} INFO - [2026-03-25T13:42:54.739+0000] {dag.py:3954} INFO - Setting next_dagrun for e_commerce_dw_etl to 2024-10-26 00:00:00+00:00, run_after=2024-10-27 00:00:00+00:00
[2026-03-25T13:42:54.763+0000] {processor.py:183} INFO - Processing /opt/airflow/dags/e_commerce_dw_dag.py took 0.147 seconds
[2026-03-25T13:43:25.657+0000] {processor.py:161} INFO - Started process (PID=1995) to work on /opt/airflow/dags/e_commerce_dw_dag.py
[2026-03-25T13:43:25.659+0000] {processor.py:830} INFO - Processing file /opt/airflow/dags/e_commerce_dw_dag.py for tasks to queue
[2026-03-25T13:43:25.661+0000] {logging_mixin.py:188} INFO - [2026-03-25T13:43:25.661+0000] {dagbag.py:545} INFO - Filling up the DagBag from /opt/airflow/dags/e_commerce_dw_dag.py
[2026-03-25T13:43:25.716+0000] {processor.py:840} INFO - DAG(s) 'e_commerce_dw_etl' retrieved from /opt/airflow/dags/e_commerce_dw_dag.py
[2026-03-25T13:43:25.747+0000] {logging_mixin.py:188} INFO - [2026-03-25T13:43:25.747+0000] {dag.py:3096} INFO - Sync 1 DAGs
[2026-03-25T13:43:25.770+0000] {logging_mixin.py:188} INFO - [2026-03-25T13:43:25.770+0000] {dag.py:3954} INFO - Setting next_dagrun for e_commerce_dw_etl to 2024-10-26 00:00:00+00:00, run_after=2024-10-27 00:00:00+00:00
[2026-03-25T13:43:25.792+0000] {processor.py:183} INFO - Processing /opt/airflow/dags/e_commerce_dw_dag.py took 0.142 seconds
[2026-03-25T13:43:56.438+0000] {processor.py:161} INFO - Started process (PID=2021) to work on /opt/airflow/dags/e_commerce_dw_dag.py
[2026-03-25T13:43:56.439+0000] {processor.py:830} INFO - Processing file /opt/airflow/dags/e_commerce_dw_dag.py for tasks to queue
[2026-03-25T13:43:56.442+0000] {logging_mixin.py:188} INFO - [2026-03-25T13:43:56.441+0000] {dagbag.py:545} INFO - Filling up the DagBag from /opt/airflow/dags/e_commerce_dw_dag.py
[2026-03-25T13:43:56.508+0000] {processor.py:840} INFO - DAG(s) 'e_commerce_dw_etl' retrieved from /opt/airflow/dags/e_commerce_dw_dag.py
[2026-03-25T13:43:56.541+0000] {logging_mixin.py:188} INFO - [2026-03-25T13:43:56.541+0000] {dag.py:3096} INFO - Sync 1 DAGs
[2026-03-25T13:43:56.564+0000] {logging_mixin.py:188} INFO - [2026-03-25T13:43:56.563+0000] {dag.py:3954} INFO - Setting next_dagrun for e_commerce_dw_etl to 2024-10-26 00:00:00+00:00, run_after=2024-10-27 00:00:00+00:00
[2026-03-25T13:43:56.584+0000] {processor.py:183} INFO - Processing /opt/airflow/dags/e_commerce_dw_dag.py took 0.152 seconds
[2026-03-25T13:44:27.317+0000] {processor.py:161} INFO - Started process (PID=2047) to work on /opt/airflow/dags/e_commerce_dw_dag.py
[2026-03-25T13:44:27.319+0000] {processor.py:830} INFO - Processing file /opt/airflow/dags/e_commerce_dw_dag.py for tasks to queue
[2026-03-25T13:44:27.321+0000] {logging_mixin.py:188} INFO - [2026-03-25T13:44:27.320+0000] {dagbag.py:545} INFO - Filling up the DagBag from /opt/airflow/dags/e_commerce_dw_dag.py
[2026-03-25T13:44:27.410+0000] {processor.py:840} INFO - DAG(s) 'e_commerce_dw_etl' retrieved from /opt/airflow/dags/e_commerce_dw_dag.py
[2026-03-25T13:44:27.443+0000] {logging_mixin.py:188} INFO - [2026-03-25T13:44:27.443+0000] {dag.py:3096} INFO - Sync 1 DAGs
[2026-03-25T13:44:27.465+0000] {logging_mixin.py:188} INFO - [2026-03-25T13:44:27.464+0000] {dag.py:3954} INFO - Setting next_dagrun for e_commerce_dw_etl to 2024-10-26 00:00:00+00:00, run_after=2024-10-27 00:00:00+00:00
[2026-03-25T13:44:27.491+0000] {processor.py:183} INFO - Processing /opt/airflow/dags/e_commerce_dw_dag.py took 0.180 seconds
[2026-03-25T13:44:57.997+0000] {processor.py:161} INFO - Started process (PID=2073) to work on /opt/airflow/dags/e_commerce_dw_dag.py
[2026-03-25T13:44:57.998+0000] {processor.py:830} INFO - Processing file /opt/airflow/dags/e_commerce_dw_dag.py for tasks to queue
[2026-03-25T13:44:58.000+0000] {logging_mixin.py:188} INFO - [2026-03-25T13:44:58.000+0000] {dagbag.py:545} INFO - Filling up the DagBag from /opt/airflow/dags/e_commerce_dw_dag.py
[2026-03-25T13:44:58.057+0000] {processor.py:840} INFO - DAG(s) 'e_commerce_dw_etl' retrieved from /opt/airflow/dags/e_commerce_dw_dag.py
[2026-03-25T13:44:58.090+0000] {logging_mixin.py:188} INFO - [2026-03-25T13:44:58.090+0000] {dag.py:3096} INFO - Sync 1 DAGs
[2026-03-25T13:44:58.114+0000] {logging_mixin.py:188} INFO - [2026-03-25T13:44:58.114+0000] {dag.py:3954} INFO - Setting next_dagrun for e_commerce_dw_etl to 2024-10-26 00:00:00+00:00, run_after=2024-10-27 00:00:00+00:00
[2026-03-25T13:44:58.138+0000] {processor.py:183} INFO - Processing /opt/airflow/dags/e_commerce_dw_dag.py took 0.147 seconds
[2026-03-25T13:45:28.758+0000] {processor.py:161} INFO - Started process (PID=2099) to work on /opt/airflow/dags/e_commerce_dw_dag.py
[2026-03-25T13:45:28.763+0000] {processor.py:830} INFO - Processing file /opt/airflow/dags/e_commerce_dw_dag.py for tasks to queue
[2026-03-25T13:45:28.766+0000] {logging_mixin.py:188} INFO - [2026-03-25T13:45:28.766+0000] {dagbag.py:545} INFO - Filling up the DagBag from /opt/airflow/dags/e_commerce_dw_dag.py
[2026-03-25T13:45:28.868+0000] {processor.py:840} INFO - DAG(s) 'e_commerce_dw_etl' retrieved from /opt/airflow/dags/e_commerce_dw_dag.py
[2026-03-25T13:45:28.912+0000] {logging_mixin.py:188} INFO - [2026-03-25T13:45:28.911+0000] {dag.py:3096} INFO - Sync 1 DAGs
[2026-03-25T13:45:28.948+0000] {logging_mixin.py:188} INFO - [2026-03-25T13:45:28.947+0000] {dag.py:3954} INFO - Setting next_dagrun for e_commerce_dw_etl to 2024-10-26 00:00:00+00:00, run_after=2024-10-27 00:00:00+00:00
[2026-03-25T13:45:28.975+0000] {processor.py:183} INFO - Processing /opt/airflow/dags/e_commerce_dw_dag.py took 0.232 seconds
[2026-03-25T13:45:59.639+0000] {processor.py:161} INFO - Started process (PID=2126) to work on /opt/airflow/dags/e_commerce_dw_dag.py
[2026-03-25T13:45:59.640+0000] {processor.py:830} INFO - Processing file /opt/airflow/dags/e_commerce_dw_dag.py for tasks to queue
[2026-03-25T13:45:59.643+0000] {logging_mixin.py:188} INFO - [2026-03-25T13:45:59.643+0000] {dagbag.py:545} INFO - Filling up the DagBag from /opt/airflow/dags/e_commerce_dw_dag.py
[2026-03-25T13:45:59.709+0000] {processor.py:840} INFO - DAG(s) 'e_commerce_dw_etl' retrieved from /opt/airflow/dags/e_commerce_dw_dag.py
[2026-03-25T13:45:59.745+0000] {logging_mixin.py:188} INFO - [2026-03-25T13:45:59.745+0000] {dag.py:3096} INFO - Sync 1 DAGs
[2026-03-25T13:45:59.770+0000] {logging_mixin.py:188} INFO - [2026-03-25T13:45:59.770+0000] {dag.py:3954} INFO - Setting next_dagrun for e_commerce_dw_etl to 2024-10-26 00:00:00+00:00, run_after=2024-10-27 00:00:00+00:00
[2026-03-25T13:45:59.796+0000] {processor.py:183} INFO - Processing /opt/airflow/dags/e_commerce_dw_dag.py took 0.165 seconds
[2026-03-25T13:46:30.479+0000] {processor.py:161} INFO - Started process (PID=2159) to work on /opt/airflow/dags/e_commerce_dw_dag.py
[2026-03-25T13:46:30.481+0000] {processor.py:830} INFO - Processing file /opt/airflow/dags/e_commerce_dw_dag.py for tasks to queue
[2026-03-25T13:46:30.484+0000] {logging_mixin.py:188} INFO - [2026-03-25T13:46:30.484+0000] {dagbag.py:545} INFO - Filling up the DagBag from /opt/airflow/dags/e_commerce_dw_dag.py
[2026-03-25T13:46:30.569+0000] {processor.py:840} INFO - DAG(s) 'e_commerce_dw_etl' retrieved from /opt/airflow/dags/e_commerce_dw_dag.py
[2026-03-25T13:46:30.696+0000] {logging_mixin.py:188} INFO - [2026-03-25T13:46:30.696+0000] {dag.py:3096} INFO - Sync 1 DAGs
[2026-03-25T13:46:30.752+0000] {logging_mixin.py:188} INFO - [2026-03-25T13:46:30.752+0000] {dag.py:3954} INFO - Setting next_dagrun for e_commerce_dw_etl to 2024-10-26 00:00:00+00:00, run_after=2024-10-27 00:00:00+00:00
[2026-03-25T13:46:30.791+0000] {processor.py:183} INFO - Processing /opt/airflow/dags/e_commerce_dw_dag.py took 0.324 seconds
[2026-03-25T13:47:35.774+0000] {processor.py:161} INFO - Started process (PID=185) to work on /opt/airflow/dags/e_commerce_dw_dag.py
[2026-03-25T13:47:35.776+0000] {processor.py:830} INFO - Processing file /opt/airflow/dags/e_commerce_dw_dag.py for tasks to queue
[2026-03-25T13:47:35.780+0000] {logging_mixin.py:188} INFO - [2026-03-25T13:47:35.779+0000] {dagbag.py:545} INFO - Filling up the DagBag from /opt/airflow/dags/e_commerce_dw_dag.py
[2026-03-25T13:47:35.912+0000] {processor.py:840} INFO - DAG(s) 'e_commerce_dw_etl' retrieved from /opt/airflow/dags/e_commerce_dw_dag.py
[2026-03-25T13:47:36.230+0000] {logging_mixin.py:188} INFO - [2026-03-25T13:47:36.229+0000] {dag.py:3096} INFO - Sync 1 DAGs
[2026-03-25T13:47:36.270+0000] {logging_mixin.py:188} INFO - [2026-03-25T13:47:36.269+0000] {dag.py:3954} INFO - Setting next_dagrun for e_commerce_dw_etl to 2024-10-26 00:00:00+00:00, run_after=2024-10-27 00:00:00+00:00
[2026-03-25T13:47:36.301+0000] {processor.py:183} INFO - Processing /opt/airflow/dags/e_commerce_dw_dag.py took 0.538 seconds
[2026-03-25T13:48:07.061+0000] {processor.py:161} INFO - Started process (PID=216) to work on /opt/airflow/dags/e_commerce_dw_dag.py
[2026-03-25T13:48:07.063+0000] {processor.py:830} INFO - Processing file /opt/airflow/dags/e_commerce_dw_dag.py for tasks to queue
[2026-03-25T13:48:07.067+0000] {logging_mixin.py:188} INFO - [2026-03-25T13:48:07.066+0000] {dagbag.py:545} INFO - Filling up the DagBag from /opt/airflow/dags/e_commerce_dw_dag.py
[2026-03-25T13:48:07.150+0000] {processor.py:840} INFO - DAG(s) 'e_commerce_dw_etl' retrieved from /opt/airflow/dags/e_commerce_dw_dag.py
[2026-03-25T13:48:07.187+0000] {logging_mixin.py:188} INFO - [2026-03-25T13:48:07.187+0000] {dag.py:3096} INFO - Sync 1 DAGs
[2026-03-25T13:48:07.212+0000] {logging_mixin.py:188} INFO - [2026-03-25T13:48:07.211+0000] {dag.py:3954} INFO - Setting next_dagrun for e_commerce_dw_etl to 2024-10-26 00:00:00+00:00, run_after=2024-10-27 00:00:00+00:00
[2026-03-25T13:48:07.232+0000] {processor.py:183} INFO - Processing /opt/airflow/dags/e_commerce_dw_dag.py took 0.185 seconds
[2026-03-25T13:48:37.854+0000] {processor.py:161} INFO - Started process (PID=242) to work on /opt/airflow/dags/e_commerce_dw_dag.py
[2026-03-25T13:48:37.856+0000] {processor.py:830} INFO - Processing file /opt/airflow/dags/e_commerce_dw_dag.py for tasks to queue
[2026-03-25T13:48:37.858+0000] {logging_mixin.py:188} INFO - [2026-03-25T13:48:37.858+0000] {dagbag.py:545} INFO - Filling up the DagBag from /opt/airflow/dags/e_commerce_dw_dag.py
[2026-03-25T13:48:37.924+0000] {processor.py:840} INFO - DAG(s) 'e_commerce_dw_etl' retrieved from /opt/airflow/dags/e_commerce_dw_dag.py
[2026-03-25T13:48:37.961+0000] {logging_mixin.py:188} INFO - [2026-03-25T13:48:37.960+0000] {dag.py:3096} INFO - Sync 1 DAGs
[2026-03-25T13:48:37.984+0000] {logging_mixin.py:188} INFO - [2026-03-25T13:48:37.983+0000] {dag.py:3954} INFO - Setting next_dagrun for e_commerce_dw_etl to 2024-10-26 00:00:00+00:00, run_after=2024-10-27 00:00:00+00:00
[2026-03-25T13:48:38.007+0000] {processor.py:183} INFO - Processing /opt/airflow/dags/e_commerce_dw_dag.py took 0.163 seconds
[2026-03-25T13:49:08.576+0000] {processor.py:161} INFO - Started process (PID=268) to work on /opt/airflow/dags/e_commerce_dw_dag.py
[2026-03-25T13:49:08.578+0000] {processor.py:830} INFO - Processing file /opt/airflow/dags/e_commerce_dw_dag.py for tasks to queue
[2026-03-25T13:49:08.580+0000] {logging_mixin.py:188} INFO - [2026-03-25T13:49:08.580+0000] {dagbag.py:545} INFO - Filling up the DagBag from /opt/airflow/dags/e_commerce_dw_dag.py
[2026-03-25T13:49:08.647+0000] {processor.py:840} INFO - DAG(s) 'e_commerce_dw_etl' retrieved from /opt/airflow/dags/e_commerce_dw_dag.py
[2026-03-25T13:49:08.682+0000] {logging_mixin.py:188} INFO - [2026-03-25T13:49:08.682+0000] {dag.py:3096} INFO - Sync 1 DAGs
[2026-03-25T13:49:08.711+0000] {logging_mixin.py:188} INFO - [2026-03-25T13:49:08.711+0000] {dag.py:3954} INFO - Setting next_dagrun for e_commerce_dw_etl to 2024-10-26 00:00:00+00:00, run_after=2024-10-27 00:00:00+00:00
[2026-03-25T13:49:08.738+0000] {processor.py:183} INFO - Processing /opt/airflow/dags/e_commerce_dw_dag.py took 0.168 seconds
[2026-03-25T13:49:39.264+0000] {processor.py:161} INFO - Started process (PID=294) to work on /opt/airflow/dags/e_commerce_dw_dag.py
[2026-03-25T13:49:39.265+0000] {processor.py:830} INFO - Processing file /opt/airflow/dags/e_commerce_dw_dag.py for tasks to queue
[2026-03-25T13:49:39.267+0000] {logging_mixin.py:188} INFO - [2026-03-25T13:49:39.267+0000] {dagbag.py:545} INFO - Filling up the DagBag from /opt/airflow/dags/e_commerce_dw_dag.py
[2026-03-25T13:49:39.323+0000] {processor.py:840} INFO - DAG(s) 'e_commerce_dw_etl' retrieved from /opt/airflow/dags/e_commerce_dw_dag.py
[2026-03-25T13:49:39.356+0000] {logging_mixin.py:188} INFO - [2026-03-25T13:49:39.356+0000] {dag.py:3096} INFO - Sync 1 DAGs
[2026-03-25T13:49:39.378+0000] {logging_mixin.py:188} INFO - [2026-03-25T13:49:39.378+0000] {dag.py:3954} INFO - Setting next_dagrun for e_commerce_dw_etl to 2024-10-26 00:00:00+00:00, run_after=2024-10-27 00:00:00+00:00
[2026-03-25T13:49:39.398+0000] {processor.py:183} INFO - Processing /opt/airflow/dags/e_commerce_dw_dag.py took 0.141 seconds
[2026-03-25T13:50:09.969+0000] {processor.py:161} INFO - Started process (PID=320) to work on /opt/airflow/dags/e_commerce_dw_dag.py
[2026-03-25T13:50:09.970+0000] {processor.py:830} INFO - Processing file /opt/airflow/dags/e_commerce_dw_dag.py for tasks to queue
[2026-03-25T13:50:09.972+0000] {logging_mixin.py:188} INFO - [2026-03-25T13:50:09.972+0000] {dagbag.py:545} INFO - Filling up the DagBag from /opt/airflow/dags/e_commerce_dw_dag.py
[2026-03-25T13:50:10.052+0000] {processor.py:840} INFO - DAG(s) 'e_commerce_dw_etl' retrieved from /opt/airflow/dags/e_commerce_dw_dag.py
[2026-03-25T13:50:10.088+0000] {logging_mixin.py:188} INFO - [2026-03-25T13:50:10.087+0000] {dag.py:3096} INFO - Sync 1 DAGs
[2026-03-25T13:50:10.111+0000] {logging_mixin.py:188} INFO - [2026-03-25T13:50:10.111+0000] {dag.py:3954} INFO - Setting next_dagrun for e_commerce_dw_etl to 2024-10-26 00:00:00+00:00, run_after=2024-10-27 00:00:00+00:00
[2026-03-25T13:50:10.133+0000] {processor.py:183} INFO - Processing /opt/airflow/dags/e_commerce_dw_dag.py took 0.170 seconds
[2026-03-25T13:50:40.740+0000] {processor.py:161} INFO - Started process (PID=346) to work on /opt/airflow/dags/e_commerce_dw_dag.py
[2026-03-25T13:50:40.741+0000] {processor.py:830} INFO - Processing file /opt/airflow/dags/e_commerce_dw_dag.py for tasks to queue
[2026-03-25T13:50:40.743+0000] {logging_mixin.py:188} INFO - [2026-03-25T13:50:40.743+0000] {dagbag.py:545} INFO - Filling up the DagBag from /opt/airflow/dags/e_commerce_dw_dag.py
[2026-03-25T13:50:40.800+0000] {processor.py:840} INFO - DAG(s) 'e_commerce_dw_etl' retrieved from /opt/airflow/dags/e_commerce_dw_dag.py
[2026-03-25T13:50:40.831+0000] {logging_mixin.py:188} INFO - [2026-03-25T13:50:40.831+0000] {dag.py:3096} INFO - Sync 1 DAGs
[2026-03-25T13:50:40.854+0000] {logging_mixin.py:188} INFO - [2026-03-25T13:50:40.854+0000] {dag.py:3954} INFO - Setting next_dagrun for e_commerce_dw_etl to 2024-10-26 00:00:00+00:00, run_after=2024-10-27 00:00:00+00:00
[2026-03-25T13:50:40.880+0000] {processor.py:183} INFO - Processing /opt/airflow/dags/e_commerce_dw_dag.py took 0.146 seconds
[2026-03-25T13:52:09.398+0000] {processor.py:161} INFO - Started process (PID=186) to work on /opt/airflow/dags/e_commerce_dw_dag.py
[2026-03-25T13:52:09.400+0000] {processor.py:830} INFO - Processing file /opt/airflow/dags/e_commerce_dw_dag.py for tasks to queue
[2026-03-25T13:52:09.404+0000] {logging_mixin.py:188} INFO - [2026-03-25T13:52:09.404+0000] {dagbag.py:545} INFO - Filling up the DagBag from /opt/airflow/dags/e_commerce_dw_dag.py
[2026-03-25T13:52:09.550+0000] {processor.py:840} INFO - DAG(s) 'e_commerce_dw_etl' retrieved from /opt/airflow/dags/e_commerce_dw_dag.py
[2026-03-25T13:52:10.012+0000] {logging_mixin.py:188} INFO - [2026-03-25T13:52:10.012+0000] {override.py:1829} INFO - Created Permission View: can delete on DAG:e_commerce_dw_etl
[2026-03-25T13:52:10.031+0000] {logging_mixin.py:188} INFO - [2026-03-25T13:52:10.031+0000] {override.py:1829} INFO - Created Permission View: can edit on DAG:e_commerce_dw_etl
[2026-03-25T13:52:10.043+0000] {logging_mixin.py:188} INFO - [2026-03-25T13:52:10.042+0000] {override.py:1829} INFO - Created Permission View: can read on DAG:e_commerce_dw_etl
[2026-03-25T13:52:10.044+0000] {logging_mixin.py:188} INFO - [2026-03-25T13:52:10.043+0000] {dag.py:3096} INFO - Sync 1 DAGs
[2026-03-25T13:52:10.060+0000] {logging_mixin.py:188} INFO - [2026-03-25T13:52:10.059+0000] {dag.py:3118} INFO - Creating ORM DAG for e_commerce_dw_etl
[2026-03-25T13:52:10.072+0000] {logging_mixin.py:188} INFO - [2026-03-25T13:52:10.072+0000] {dag.py:3954} INFO - Setting next_dagrun for e_commerce_dw_etl to 2024-10-26 00:00:00+00:00, run_after=2024-10-27 00:00:00+00:00
[2026-03-25T13:52:10.104+0000] {processor.py:183} INFO - Processing /opt/airflow/dags/e_commerce_dw_dag.py took 0.719 seconds
[2026-03-25T13:52:40.674+0000] {processor.py:161} INFO - Started process (PID=217) to work on /opt/airflow/dags/e_commerce_dw_dag.py
[2026-03-25T13:52:40.675+0000] {processor.py:830} INFO - Processing file /opt/airflow/dags/e_commerce_dw_dag.py for tasks to queue
[2026-03-25T13:52:40.677+0000] {logging_mixin.py:188} INFO - [2026-03-25T13:52:40.677+0000] {dagbag.py:545} INFO - Filling up the DagBag from /opt/airflow/dags/e_commerce_dw_dag.py
[2026-03-25T13:52:40.753+0000] {processor.py:840} INFO - DAG(s) 'e_commerce_dw_etl' retrieved from /opt/airflow/dags/e_commerce_dw_dag.py
[2026-03-25T13:52:40.790+0000] {logging_mixin.py:188} INFO - [2026-03-25T13:52:40.790+0000] {dag.py:3096} INFO - Sync 1 DAGs
[2026-03-25T13:52:40.817+0000] {logging_mixin.py:188} INFO - [2026-03-25T13:52:40.817+0000] {dag.py:3954} INFO - Setting next_dagrun for e_commerce_dw_etl to 2024-10-26 00:00:00+00:00, run_after=2024-10-27 00:00:00+00:00
[2026-03-25T13:52:40.837+0000] {processor.py:183} INFO - Processing /opt/airflow/dags/e_commerce_dw_dag.py took 0.170 seconds
[2026-03-25T13:53:11.507+0000] {processor.py:161} INFO - Started process (PID=250) to work on /opt/airflow/dags/e_commerce_dw_dag.py
[2026-03-25T13:53:11.508+0000] {processor.py:830} INFO - Processing file /opt/airflow/dags/e_commerce_dw_dag.py for tasks to queue
[2026-03-25T13:53:11.511+0000] {logging_mixin.py:188} INFO - [2026-03-25T13:53:11.511+0000] {dagbag.py:545} INFO - Filling up the DagBag from /opt/airflow/dags/e_commerce_dw_dag.py
[2026-03-25T13:53:11.596+0000] {processor.py:840} INFO - DAG(s) 'e_commerce_dw_etl' retrieved from /opt/airflow/dags/e_commerce_dw_dag.py
[2026-03-25T13:53:11.633+0000] {logging_mixin.py:188} INFO - [2026-03-25T13:53:11.633+0000] {dag.py:3096} INFO - Sync 1 DAGs
[2026-03-25T13:53:11.658+0000] {logging_mixin.py:188} INFO - [2026-03-25T13:53:11.657+0000] {dag.py:3954} INFO - Setting next_dagrun for e_commerce_dw_etl to 2024-10-26 00:00:00+00:00, run_after=2024-10-27 00:00:00+00:00
[2026-03-25T13:53:11.683+0000] {processor.py:183} INFO - Processing /opt/airflow/dags/e_commerce_dw_dag.py took 0.183 seconds
[2026-03-25T13:53:42.297+0000] {processor.py:161} INFO - Started process (PID=276) to work on /opt/airflow/dags/e_commerce_dw_dag.py
[2026-03-25T13:53:42.302+0000] {processor.py:830} INFO - Processing file /opt/airflow/dags/e_commerce_dw_dag.py for tasks to queue
[2026-03-25T13:53:42.309+0000] {logging_mixin.py:188} INFO - [2026-03-25T13:53:42.308+0000] {dagbag.py:545} INFO - Filling up the DagBag from /opt/airflow/dags/e_commerce_dw_dag.py
[2026-03-25T13:53:42.463+0000] {processor.py:840} INFO - DAG(s) 'e_commerce_dw_etl' retrieved from /opt/airflow/dags/e_commerce_dw_dag.py
[2026-03-25T13:53:42.526+0000] {logging_mixin.py:188} INFO - [2026-03-25T13:53:42.525+0000] {dag.py:3096} INFO - Sync 1 DAGs
[2026-03-25T13:53:42.551+0000] {logging_mixin.py:188} INFO - [2026-03-25T13:53:42.551+0000] {dag.py:3954} INFO - Setting next_dagrun for e_commerce_dw_etl to 2024-10-26 00:00:00+00:00, run_after=2024-10-27 00:00:00+00:00
[2026-03-25T13:53:42.571+0000] {processor.py:183} INFO - Processing /opt/airflow/dags/e_commerce_dw_dag.py took 0.293 seconds
[2026-03-25T13:54:13.134+0000] {processor.py:161} INFO - Started process (PID=302) to work on /opt/airflow/dags/e_commerce_dw_dag.py
[2026-03-25T13:54:13.136+0000] {processor.py:830} INFO - Processing file /opt/airflow/dags/e_commerce_dw_dag.py for tasks to queue
[2026-03-25T13:54:13.139+0000] {logging_mixin.py:188} INFO - [2026-03-25T13:54:13.139+0000] {dagbag.py:545} INFO - Filling up the DagBag from /opt/airflow/dags/e_commerce_dw_dag.py
[2026-03-25T13:54:13.223+0000] {processor.py:840} INFO - DAG(s) 'e_commerce_dw_etl' retrieved from /opt/airflow/dags/e_commerce_dw_dag.py
[2026-03-25T13:54:13.277+0000] {logging_mixin.py:188} INFO - [2026-03-25T13:54:13.276+0000] {dag.py:3096} INFO - Sync 1 DAGs
[2026-03-25T13:54:13.307+0000] {logging_mixin.py:188} INFO - [2026-03-25T13:54:13.306+0000] {dag.py:3954} INFO - Setting next_dagrun for e_commerce_dw_etl to 2024-10-26 00:00:00+00:00, run_after=2024-10-27 00:00:00+00:00
[2026-03-25T13:54:13.332+0000] {processor.py:183} INFO - Processing /opt/airflow/dags/e_commerce_dw_dag.py took 0.210 seconds
[2026-03-25T13:54:43.898+0000] {processor.py:161} INFO - Started process (PID=328) to work on /opt/airflow/dags/e_commerce_dw_dag.py
[2026-03-25T13:54:43.899+0000] {processor.py:830} INFO - Processing file /opt/airflow/dags/e_commerce_dw_dag.py for tasks to queue
[2026-03-25T13:54:43.902+0000] {logging_mixin.py:188} INFO - [2026-03-25T13:54:43.901+0000] {dagbag.py:545} INFO - Filling up the DagBag from /opt/airflow/dags/e_commerce_dw_dag.py
[2026-03-25T13:54:43.973+0000] {processor.py:840} INFO - DAG(s) 'e_commerce_dw_etl' retrieved from /opt/airflow/dags/e_commerce_dw_dag.py
[2026-03-25T13:54:44.009+0000] {logging_mixin.py:188} INFO - [2026-03-25T13:54:44.009+0000] {dag.py:3096} INFO - Sync 1 DAGs
[2026-03-25T13:54:44.033+0000] {logging_mixin.py:188} INFO - [2026-03-25T13:54:44.033+0000] {dag.py:3954} INFO - Setting next_dagrun for e_commerce_dw_etl to 2024-10-26 00:00:00+00:00, run_after=2024-10-27 00:00:00+00:00
[2026-03-25T13:54:44.060+0000] {processor.py:183} INFO - Processing /opt/airflow/dags/e_commerce_dw_dag.py took 0.173 seconds
[2026-03-25T13:55:14.951+0000] {processor.py:161} INFO - Started process (PID=463) to work on /opt/airflow/dags/e_commerce_dw_dag.py
[2026-03-25T13:55:14.952+0000] {processor.py:830} INFO - Processing file /opt/airflow/dags/e_commerce_dw_dag.py for tasks to queue
[2026-03-25T13:55:14.954+0000] {logging_mixin.py:188} INFO - [2026-03-25T13:55:14.954+0000] {dagbag.py:545} INFO - Filling up the DagBag from /opt/airflow/dags/e_commerce_dw_dag.py
[2026-03-25T13:55:15.017+0000] {processor.py:840} INFO - DAG(s) 'e_commerce_dw_etl' retrieved from /opt/airflow/dags/e_commerce_dw_dag.py
[2026-03-25T13:55:15.048+0000] {logging_mixin.py:188} INFO - [2026-03-25T13:55:15.048+0000] {dag.py:3096} INFO - Sync 1 DAGs
[2026-03-25T13:55:15.070+0000] {logging_mixin.py:188} INFO - [2026-03-25T13:55:15.069+0000] {dag.py:3954} INFO - Setting next_dagrun for e_commerce_dw_etl to 2024-12-19 00:00:00+00:00, run_after=2024-12-20 00:00:00+00:00
[2026-03-25T13:55:15.090+0000] {processor.py:183} INFO - Processing /opt/airflow/dags/e_commerce_dw_dag.py took 0.146 seconds
[2026-03-25T13:55:45.919+0000] {processor.py:161} INFO - Started process (PID=597) to work on /opt/airflow/dags/e_commerce_dw_dag.py
[2026-03-25T13:55:45.920+0000] {processor.py:830} INFO - Processing file /opt/airflow/dags/e_commerce_dw_dag.py for tasks to queue
[2026-03-25T13:55:45.922+0000] {logging_mixin.py:188} INFO - [2026-03-25T13:55:45.921+0000] {dagbag.py:545} INFO - Filling up the DagBag from /opt/airflow/dags/e_commerce_dw_dag.py
[2026-03-25T13:55:45.994+0000] {processor.py:840} INFO - DAG(s) 'e_commerce_dw_etl' retrieved from /opt/airflow/dags/e_commerce_dw_dag.py
[2026-03-25T13:55:46.030+0000] {logging_mixin.py:188} INFO - [2026-03-25T13:55:46.030+0000] {dag.py:3096} INFO - Sync 1 DAGs
[2026-03-25T13:55:46.062+0000] {logging_mixin.py:188} INFO - [2026-03-25T13:55:46.061+0000] {dag.py:3954} INFO - Setting next_dagrun for e_commerce_dw_etl to 2025-02-11 00:00:00+00:00, run_after=2025-02-12 00:00:00+00:00
[2026-03-25T13:55:46.085+0000] {processor.py:183} INFO - Processing /opt/airflow/dags/e_commerce_dw_dag.py took 0.173 seconds
[2026-03-25T13:56:16.854+0000] {processor.py:161} INFO - Started process (PID=711) to work on /opt/airflow/dags/e_commerce_dw_dag.py
[2026-03-25T13:56:16.856+0000] {processor.py:830} INFO - Processing file /opt/airflow/dags/e_commerce_dw_dag.py for tasks to queue
[2026-03-25T13:56:16.860+0000] {logging_mixin.py:188} INFO - [2026-03-25T13:56:16.859+0000] {dagbag.py:545} INFO - Filling up the DagBag from /opt/airflow/dags/e_commerce_dw_dag.py
[2026-03-25T13:56:17.018+0000] {processor.py:840} INFO - DAG(s) 'e_commerce_dw_etl' retrieved from /opt/airflow/dags/e_commerce_dw_dag.py
[2026-03-25T13:56:17.065+0000] {logging_mixin.py:188} INFO - [2026-03-25T13:56:17.065+0000] {dag.py:3096} INFO - Sync 1 DAGs
[2026-03-25T13:56:17.097+0000] {logging_mixin.py:188} INFO - [2026-03-25T13:56:17.097+0000] {dag.py:3954} INFO - Setting next_dagrun for e_commerce_dw_etl to 2025-03-26 00:00:00+00:00, run_after=2025-03-27 00:00:00+00:00
[2026-03-25T13:56:17.127+0000] {processor.py:183} INFO - Processing /opt/airflow/dags/e_commerce_dw_dag.py took 0.286 seconds
[2026-03-25T13:56:47.726+0000] {processor.py:161} INFO - Started process (PID=811) to work on /opt/airflow/dags/e_commerce_dw_dag.py
[2026-03-25T13:56:47.727+0000] {processor.py:830} INFO - Processing file /opt/airflow/dags/e_commerce_dw_dag.py for tasks to queue
[2026-03-25T13:56:47.729+0000] {logging_mixin.py:188} INFO - [2026-03-25T13:56:47.729+0000] {dagbag.py:545} INFO - Filling up the DagBag from /opt/airflow/dags/e_commerce_dw_dag.py
[2026-03-25T13:56:47.789+0000] {processor.py:840} INFO - DAG(s) 'e_commerce_dw_etl' retrieved from /opt/airflow/dags/e_commerce_dw_dag.py
[2026-03-25T13:56:47.817+0000] {logging_mixin.py:188} INFO - [2026-03-25T13:56:47.817+0000] {dag.py:3096} INFO - Sync 1 DAGs
[2026-03-25T13:56:47.838+0000] {logging_mixin.py:188} INFO - [2026-03-25T13:56:47.837+0000] {dag.py:3954} INFO - Setting next_dagrun for e_commerce_dw_etl to 2025-05-02 00:00:00+00:00, run_after=2025-05-03 00:00:00+00:00
[2026-03-25T13:56:47.860+0000] {processor.py:183} INFO - Processing /opt/airflow/dags/e_commerce_dw_dag.py took 0.141 seconds
[2026-03-25T13:57:17.927+0000] {processor.py:161} INFO - Started process (PID=947) to work on /opt/airflow/dags/e_commerce_dw_dag.py
[2026-03-25T13:57:17.928+0000] {processor.py:830} INFO - Processing file /opt/airflow/dags/e_commerce_dw_dag.py for tasks to queue
[2026-03-25T13:57:17.930+0000] {logging_mixin.py:188} INFO - [2026-03-25T13:57:17.930+0000] {dagbag.py:545} INFO - Filling up the DagBag from /opt/airflow/dags/e_commerce_dw_dag.py
[2026-03-25T13:57:17.990+0000] {processor.py:840} INFO - DAG(s) 'e_commerce_dw_etl' retrieved from /opt/airflow/dags/e_commerce_dw_dag.py
[2026-03-25T13:57:18.021+0000] {logging_mixin.py:188} INFO - [2026-03-25T13:57:18.020+0000] {dag.py:3096} INFO - Sync 1 DAGs
[2026-03-25T13:57:18.042+0000] {logging_mixin.py:188} INFO - [2026-03-25T13:57:18.041+0000] {dag.py:3954} INFO - Setting next_dagrun for e_commerce_dw_etl to 2025-06-25 00:00:00+00:00, run_after=2025-06-26 00:00:00+00:00
[2026-03-25T13:57:18.072+0000] {processor.py:183} INFO - Processing /opt/airflow/dags/e_commerce_dw_dag.py took 0.152 seconds
[2026-03-25T13:57:48.331+0000] {processor.py:161} INFO - Started process (PID=1099) to work on /opt/airflow/dags/e_commerce_dw_dag.py
[2026-03-25T13:57:48.334+0000] {processor.py:830} INFO - Processing file /opt/airflow/dags/e_commerce_dw_dag.py for tasks to queue
[2026-03-25T13:57:48.342+0000] {logging_mixin.py:188} INFO - [2026-03-25T13:57:48.341+0000] {dagbag.py:545} INFO - Filling up the DagBag from /opt/airflow/dags/e_commerce_dw_dag.py
[2026-03-25T13:57:48.648+0000] {processor.py:840} INFO - DAG(s) 'e_commerce_dw_etl' retrieved from /opt/airflow/dags/e_commerce_dw_dag.py
[2026-03-25T13:57:48.781+0000] {logging_mixin.py:188} INFO - [2026-03-25T13:57:48.780+0000] {dag.py:3096} INFO - Sync 1 DAGs
[2026-03-25T13:57:48.849+0000] {logging_mixin.py:188} INFO - [2026-03-25T13:57:48.848+0000] {dag.py:3954} INFO - Setting next_dagrun for e_commerce_dw_etl to 2025-08-30 00:00:00+00:00, run_after=2025-08-31 00:00:00+00:00
[2026-03-25T13:57:48.922+0000] {processor.py:183} INFO - Processing /opt/airflow/dags/e_commerce_dw_dag.py took 0.610 seconds
[2026-03-25T13:58:19.582+0000] {processor.py:161} INFO - Started process (PID=1240) to work on /opt/airflow/dags/e_commerce_dw_dag.py
[2026-03-25T13:58:19.584+0000] {processor.py:830} INFO - Processing file /opt/airflow/dags/e_commerce_dw_dag.py for tasks to queue
[2026-03-25T13:58:19.586+0000] {logging_mixin.py:188} INFO - [2026-03-25T13:58:19.585+0000] {dagbag.py:545} INFO - Filling up the DagBag from /opt/airflow/dags/e_commerce_dw_dag.py
[2026-03-25T13:58:19.651+0000] {processor.py:840} INFO - DAG(s) 'e_commerce_dw_etl' retrieved from /opt/airflow/dags/e_commerce_dw_dag.py
[2026-03-25T13:58:19.683+0000] {logging_mixin.py:188} INFO - [2026-03-25T13:58:19.683+0000] {dag.py:3096} INFO - Sync 1 DAGs
[2026-03-25T13:58:19.710+0000] {logging_mixin.py:188} INFO - [2026-03-25T13:58:19.710+0000] {dag.py:3954} INFO - Setting next_dagrun for e_commerce_dw_etl to 2025-10-24 00:00:00+00:00, run_after=2025-10-25 00:00:00+00:00
[2026-03-25T13:58:19.742+0000] {processor.py:183} INFO - Processing /opt/airflow/dags/e_commerce_dw_dag.py took 0.167 seconds
[2026-03-25T13:58:50.382+0000] {processor.py:161} INFO - Started process (PID=1399) to work on /opt/airflow/dags/e_commerce_dw_dag.py
[2026-03-25T13:58:50.383+0000] {processor.py:830} INFO - Processing file /opt/airflow/dags/e_commerce_dw_dag.py for tasks to queue
[2026-03-25T13:58:50.385+0000] {logging_mixin.py:188} INFO - [2026-03-25T13:58:50.385+0000] {dagbag.py:545} INFO - Filling up the DagBag from /opt/airflow/dags/e_commerce_dw_dag.py
[2026-03-25T13:58:50.446+0000] {processor.py:840} INFO - DAG(s) 'e_commerce_dw_etl' retrieved from /opt/airflow/dags/e_commerce_dw_dag.py
[2026-03-25T13:58:50.474+0000] {logging_mixin.py:188} INFO - [2026-03-25T13:58:50.473+0000] {dag.py:3096} INFO - Sync 1 DAGs
[2026-03-25T13:58:50.494+0000] {logging_mixin.py:188} INFO - [2026-03-25T13:58:50.494+0000] {dag.py:3954} INFO - Setting next_dagrun for e_commerce_dw_etl to 2025-12-29 00:00:00+00:00, run_after=2025-12-30 00:00:00+00:00
[2026-03-25T13:58:50.517+0000] {processor.py:183} INFO - Processing /opt/airflow/dags/e_commerce_dw_dag.py took 0.141 seconds
[2026-03-25T13:59:20.658+0000] {processor.py:161} INFO - Started process (PID=1533) to work on /opt/airflow/dags/e_commerce_dw_dag.py
[2026-03-25T13:59:20.659+0000] {processor.py:830} INFO - Processing file /opt/airflow/dags/e_commerce_dw_dag.py for tasks to queue
[2026-03-25T13:59:20.662+0000] {logging_mixin.py:188} INFO - [2026-03-25T13:59:20.661+0000] {dagbag.py:545} INFO - Filling up the DagBag from /opt/airflow/dags/e_commerce_dw_dag.py
[2026-03-25T13:59:20.737+0000] {processor.py:840} INFO - DAG(s) 'e_commerce_dw_etl' retrieved from /opt/airflow/dags/e_commerce_dw_dag.py
[2026-03-25T13:59:20.771+0000] {logging_mixin.py:188} INFO - [2026-03-25T13:59:20.771+0000] {dag.py:3096} INFO - Sync 1 DAGs
[2026-03-25T13:59:20.797+0000] {logging_mixin.py:188} INFO - [2026-03-25T13:59:20.797+0000] {dag.py:3954} INFO - Setting next_dagrun for e_commerce_dw_etl to 2026-02-21 00:00:00+00:00, run_after=2026-02-22 00:00:00+00:00
[2026-03-25T13:59:20.823+0000] {processor.py:183} INFO - Processing /opt/airflow/dags/e_commerce_dw_dag.py took 0.173 seconds
[2026-03-25T13:59:51.448+0000] {processor.py:161} INFO - Started process (PID=1624) to work on /opt/airflow/dags/e_commerce_dw_dag.py
[2026-03-25T13:59:51.449+0000] {processor.py:830} INFO - Processing file /opt/airflow/dags/e_commerce_dw_dag.py for tasks to queue
[2026-03-25T13:59:51.451+0000] {logging_mixin.py:188} INFO - [2026-03-25T13:59:51.451+0000] {dagbag.py:545} INFO - Filling up the DagBag from /opt/airflow/dags/e_commerce_dw_dag.py
[2026-03-25T13:59:51.506+0000] {processor.py:840} INFO - DAG(s) 'e_commerce_dw_etl' retrieved from /opt/airflow/dags/e_commerce_dw_dag.py
[2026-03-25T13:59:51.536+0000] {logging_mixin.py:188} INFO - [2026-03-25T13:59:51.536+0000] {dag.py:3096} INFO - Sync 1 DAGs
[2026-03-25T13:59:51.556+0000] {logging_mixin.py:188} INFO - [2026-03-25T13:59:51.556+0000] {dag.py:3954} INFO - Setting next_dagrun for e_commerce_dw_etl to 2026-03-25 00:00:00+00:00, run_after=2026-03-26 00:00:00+00:00
[2026-03-25T13:59:51.579+0000] {processor.py:183} INFO - Processing /opt/airflow/dags/e_commerce_dw_dag.py took 0.137 seconds
[2026-03-25T14:00:22.203+0000] {processor.py:161} INFO - Started process (PID=1650) to work on /opt/airflow/dags/e_commerce_dw_dag.py
[2026-03-25T14:00:22.204+0000] {processor.py:830} INFO - Processing file /opt/airflow/dags/e_commerce_dw_dag.py for tasks to queue
[2026-03-25T14:00:22.206+0000] {logging_mixin.py:188} INFO - [2026-03-25T14:00:22.206+0000] {dagbag.py:545} INFO - Filling up the DagBag from /opt/airflow/dags/e_commerce_dw_dag.py
[2026-03-25T14:00:22.296+0000] {processor.py:840} INFO - DAG(s) 'e_commerce_dw_etl' retrieved from /opt/airflow/dags/e_commerce_dw_dag.py
[2026-03-25T14:00:22.329+0000] {logging_mixin.py:188} INFO - [2026-03-25T14:00:22.329+0000] {dag.py:3096} INFO - Sync 1 DAGs
[2026-03-25T14:00:22.354+0000] {logging_mixin.py:188} INFO - [2026-03-25T14:00:22.354+0000] {dag.py:3954} INFO - Setting next_dagrun for e_commerce_dw_etl to 2026-03-25 00:00:00+00:00, run_after=2026-03-26 00:00:00+00:00
[2026-03-25T14:00:22.386+0000] {processor.py:183} INFO - Processing /opt/airflow/dags/e_commerce_dw_dag.py took 0.190 seconds
[2026-03-25T14:00:52.870+0000] {processor.py:161} INFO - Started process (PID=1676) to work on /opt/airflow/dags/e_commerce_dw_dag.py
[2026-03-25T14:00:52.872+0000] {processor.py:830} INFO - Processing file /opt/airflow/dags/e_commerce_dw_dag.py for tasks to queue
[2026-03-25T14:00:52.874+0000] {logging_mixin.py:188} INFO - [2026-03-25T14:00:52.874+0000] {dagbag.py:545} INFO - Filling up the DagBag from /opt/airflow/dags/e_commerce_dw_dag.py
[2026-03-25T14:00:52.946+0000] {processor.py:840} INFO - DAG(s) 'e_commerce_dw_etl' retrieved from /opt/airflow/dags/e_commerce_dw_dag.py
[2026-03-25T14:00:52.980+0000] {logging_mixin.py:188} INFO - [2026-03-25T14:00:52.980+0000] {dag.py:3096} INFO - Sync 1 DAGs
[2026-03-25T14:00:53.008+0000] {logging_mixin.py:188} INFO - [2026-03-25T14:00:53.008+0000] {dag.py:3954} INFO - Setting next_dagrun for e_commerce_dw_etl to 2026-03-25 00:00:00+00:00, run_after=2026-03-26 00:00:00+00:00
[2026-03-25T14:00:53.032+0000] {processor.py:183} INFO - Processing /opt/airflow/dags/e_commerce_dw_dag.py took 0.168 seconds
[2026-03-25T14:01:23.600+0000] {processor.py:161} INFO - Started process (PID=1702) to work on /opt/airflow/dags/e_commerce_dw_dag.py
[2026-03-25T14:01:23.601+0000] {processor.py:830} INFO - Processing file /opt/airflow/dags/e_commerce_dw_dag.py for tasks to queue
[2026-03-25T14:01:23.603+0000] {logging_mixin.py:188} INFO - [2026-03-25T14:01:23.603+0000] {dagbag.py:545} INFO - Filling up the DagBag from /opt/airflow/dags/e_commerce_dw_dag.py
[2026-03-25T14:01:23.665+0000] {processor.py:840} INFO - DAG(s) 'e_commerce_dw_etl' retrieved from /opt/airflow/dags/e_commerce_dw_dag.py
[2026-03-25T14:01:23.698+0000] {logging_mixin.py:188} INFO - [2026-03-25T14:01:23.698+0000] {dag.py:3096} INFO - Sync 1 DAGs
[2026-03-25T14:01:23.722+0000] {logging_mixin.py:188} INFO - [2026-03-25T14:01:23.721+0000] {dag.py:3954} INFO - Setting next_dagrun for e_commerce_dw_etl to 2026-03-25 00:00:00+00:00, run_after=2026-03-26 00:00:00+00:00
[2026-03-25T14:01:23.744+0000] {processor.py:183} INFO - Processing /opt/airflow/dags/e_commerce_dw_dag.py took 0.151 seconds
[2026-03-25T14:01:54.395+0000] {processor.py:161} INFO - Started process (PID=1730) to work on /opt/airflow/dags/e_commerce_dw_dag.py
[2026-03-25T14:01:54.396+0000] {processor.py:830} INFO - Processing file /opt/airflow/dags/e_commerce_dw_dag.py for tasks to queue
[2026-03-25T14:01:54.398+0000] {logging_mixin.py:188} INFO - [2026-03-25T14:01:54.398+0000] {dagbag.py:545} INFO - Filling up the DagBag from /opt/airflow/dags/e_commerce_dw_dag.py
[2026-03-25T14:01:54.454+0000] {processor.py:840} INFO - DAG(s) 'e_commerce_dw_etl' retrieved from /opt/airflow/dags/e_commerce_dw_dag.py
[2026-03-25T14:01:54.488+0000] {logging_mixin.py:188} INFO - [2026-03-25T14:01:54.488+0000] {dag.py:3096} INFO - Sync 1 DAGs
[2026-03-25T14:01:54.512+0000] {logging_mixin.py:188} INFO - [2026-03-25T14:01:54.511+0000] {dag.py:3954} INFO - Setting next_dagrun for e_commerce_dw_etl to 2026-03-25 00:00:00+00:00, run_after=2026-03-26 00:00:00+00:00
[2026-03-25T14:01:54.538+0000] {processor.py:183} INFO - Processing /opt/airflow/dags/e_commerce_dw_dag.py took 0.148 seconds
[2026-03-25T14:02:25.249+0000] {processor.py:161} INFO - Started process (PID=1758) to work on /opt/airflow/dags/e_commerce_dw_dag.py
[2026-03-25T14:02:25.250+0000] {processor.py:830} INFO - Processing file /opt/airflow/dags/e_commerce_dw_dag.py for tasks to queue
[2026-03-25T14:02:25.254+0000] {logging_mixin.py:188} INFO - [2026-03-25T14:02:25.253+0000] {dagbag.py:545} INFO - Filling up the DagBag from /opt/airflow/dags/e_commerce_dw_dag.py
[2026-03-25T14:02:25.378+0000] {processor.py:840} INFO - DAG(s) 'e_commerce_dw_etl' retrieved from /opt/airflow/dags/e_commerce_dw_dag.py
[2026-03-25T14:02:25.417+0000] {logging_mixin.py:188} INFO - [2026-03-25T14:02:25.417+0000] {dag.py:3096} INFO - Sync 1 DAGs
[2026-03-25T14:02:25.441+0000] {logging_mixin.py:188} INFO - [2026-03-25T14:02:25.440+0000] {dag.py:3954} INFO - Setting next_dagrun for e_commerce_dw_etl to 2026-03-25 00:00:00+00:00, run_after=2026-03-26 00:00:00+00:00
[2026-03-25T14:02:25.461+0000] {processor.py:183} INFO - Processing /opt/airflow/dags/e_commerce_dw_dag.py took 0.221 seconds
[2026-03-25T14:02:55.985+0000] {processor.py:161} INFO - Started process (PID=1784) to work on /opt/airflow/dags/e_commerce_dw_dag.py
[2026-03-25T14:02:55.986+0000] {processor.py:830} INFO - Processing file /opt/airflow/dags/e_commerce_dw_dag.py for tasks to queue
[2026-03-25T14:02:55.988+0000] {logging_mixin.py:188} INFO - [2026-03-25T14:02:55.988+0000] {dagbag.py:545} INFO - Filling up the DagBag from /opt/airflow/dags/e_commerce_dw_dag.py
[2026-03-25T14:02:56.056+0000] {processor.py:840} INFO - DAG(s) 'e_commerce_dw_etl' retrieved from /opt/airflow/dags/e_commerce_dw_dag.py
[2026-03-25T14:02:56.120+0000] {logging_mixin.py:188} INFO - [2026-03-25T14:02:56.118+0000] {dag.py:3096} INFO - Sync 1 DAGs
[2026-03-25T14:02:56.169+0000] {logging_mixin.py:188} INFO - [2026-03-25T14:02:56.168+0000] {dag.py:3954} INFO - Setting next_dagrun for e_commerce_dw_etl to 2026-03-25 00:00:00+00:00, run_after=2026-03-26 00:00:00+00:00
[2026-03-25T14:02:56.212+0000] {processor.py:183} INFO - Processing /opt/airflow/dags/e_commerce_dw_dag.py took 0.235 seconds
[2026-03-25T14:03:26.798+0000] {processor.py:161} INFO - Started process (PID=1810) to work on /opt/airflow/dags/e_commerce_dw_dag.py
[2026-03-25T14:03:26.799+0000] {processor.py:830} INFO - Processing file /opt/airflow/dags/e_commerce_dw_dag.py for tasks to queue
[2026-03-25T14:03:26.803+0000] {logging_mixin.py:188} INFO - [2026-03-25T14:03:26.802+0000] {dagbag.py:545} INFO - Filling up the DagBag from /opt/airflow/dags/e_commerce_dw_dag.py
[2026-03-25T14:03:26.867+0000] {processor.py:840} INFO - DAG(s) 'e_commerce_dw_etl' retrieved from /opt/airflow/dags/e_commerce_dw_dag.py
[2026-03-25T14:03:26.898+0000] {logging_mixin.py:188} INFO - [2026-03-25T14:03:26.898+0000] {dag.py:3096} INFO - Sync 1 DAGs
[2026-03-25T14:03:26.929+0000] {logging_mixin.py:188} INFO - [2026-03-25T14:03:26.929+0000] {dag.py:3954} INFO - Setting next_dagrun for e_commerce_dw_etl to 2026-03-25 00:00:00+00:00, run_after=2026-03-26 00:00:00+00:00
[2026-03-25T14:03:26.957+0000] {processor.py:183} INFO - Processing /opt/airflow/dags/e_commerce_dw_dag.py took 0.167 seconds
[2026-03-25T14:03:57.535+0000] {processor.py:161} INFO - Started process (PID=1836) to work on /opt/airflow/dags/e_commerce_dw_dag.py
[2026-03-25T14:03:57.536+0000] {processor.py:830} INFO - Processing file /opt/airflow/dags/e_commerce_dw_dag.py for tasks to queue
[2026-03-25T14:03:57.538+0000] {logging_mixin.py:188} INFO - [2026-03-25T14:03:57.537+0000] {dagbag.py:545} INFO - Filling up the DagBag from /opt/airflow/dags/e_commerce_dw_dag.py
[2026-03-25T14:03:57.593+0000] {processor.py:840} INFO - DAG(s) 'e_commerce_dw_etl' retrieved from /opt/airflow/dags/e_commerce_dw_dag.py
[2026-03-25T14:03:57.625+0000] {logging_mixin.py:188} INFO - [2026-03-25T14:03:57.625+0000] {dag.py:3096} INFO - Sync 1 DAGs
[2026-03-25T14:03:57.651+0000] {logging_mixin.py:188} INFO - [2026-03-25T14:03:57.650+0000] {dag.py:3954} INFO - Setting next_dagrun for e_commerce_dw_etl to 2026-03-25 00:00:00+00:00, run_after=2026-03-26 00:00:00+00:00
[2026-03-25T14:03:57.671+0000] {processor.py:183} INFO - Processing /opt/airflow/dags/e_commerce_dw_dag.py took 0.142 seconds
[2026-03-25T14:04:28.199+0000] {processor.py:161} INFO - Started process (PID=1862) to work on /opt/airflow/dags/e_commerce_dw_dag.py
[2026-03-25T14:04:28.201+0000] {processor.py:830} INFO - Processing file /opt/airflow/dags/e_commerce_dw_dag.py for tasks to queue
[2026-03-25T14:04:28.203+0000] {logging_mixin.py:188} INFO - [2026-03-25T14:04:28.203+0000] {dagbag.py:545} INFO - Filling up the DagBag from /opt/airflow/dags/e_commerce_dw_dag.py
[2026-03-25T14:04:28.269+0000] {processor.py:840} INFO - DAG(s) 'e_commerce_dw_etl' retrieved from /opt/airflow/dags/e_commerce_dw_dag.py
[2026-03-25T14:04:28.305+0000] {logging_mixin.py:188} INFO - [2026-03-25T14:04:28.305+0000] {dag.py:3096} INFO - Sync 1 DAGs
[2026-03-25T14:04:28.326+0000] {logging_mixin.py:188} INFO - [2026-03-25T14:04:28.326+0000] {dag.py:3954} INFO - Setting next_dagrun for e_commerce_dw_etl to 2026-03-25 00:00:00+00:00, run_after=2026-03-26 00:00:00+00:00
[2026-03-25T14:04:28.349+0000] {processor.py:183} INFO - Processing /opt/airflow/dags/e_commerce_dw_dag.py took 0.156 seconds
[2026-03-25T14:04:58.881+0000] {processor.py:161} INFO - Started process (PID=1888) to work on /opt/airflow/dags/e_commerce_dw_dag.py
[2026-03-25T14:04:58.882+0000] {processor.py:830} INFO - Processing file /opt/airflow/dags/e_commerce_dw_dag.py for tasks to queue
[2026-03-25T14:04:58.885+0000] {logging_mixin.py:188} INFO - [2026-03-25T14:04:58.884+0000] {dagbag.py:545} INFO - Filling up the DagBag from /opt/airflow/dags/e_commerce_dw_dag.py
[2026-03-25T14:04:58.958+0000] {processor.py:840} INFO - DAG(s) 'e_commerce_dw_etl' retrieved from /opt/airflow/dags/e_commerce_dw_dag.py
[2026-03-25T14:04:58.993+0000] {logging_mixin.py:188} INFO - [2026-03-25T14:04:58.993+0000] {dag.py:3096} INFO - Sync 1 DAGs
[2026-03-25T14:04:59.018+0000] {logging_mixin.py:188} INFO - [2026-03-25T14:04:59.018+0000] {dag.py:3954} INFO - Setting next_dagrun for e_commerce_dw_etl to 2026-03-25 00:00:00+00:00, run_after=2026-03-26 00:00:00+00:00
[2026-03-25T14:04:59.041+0000] {processor.py:183} INFO - Processing /opt/airflow/dags/e_commerce_dw_dag.py took 0.167 seconds
[2026-03-25T14:05:29.613+0000] {processor.py:161} INFO - Started process (PID=1916) to work on /opt/airflow/dags/e_commerce_dw_dag.py
[2026-03-25T14:05:29.614+0000] {processor.py:830} INFO - Processing file /opt/airflow/dags/e_commerce_dw_dag.py for tasks to queue
[2026-03-25T14:05:29.616+0000] {logging_mixin.py:188} INFO - [2026-03-25T14:05:29.616+0000] {dagbag.py:545} INFO - Filling up the DagBag from /opt/airflow/dags/e_commerce_dw_dag.py
[2026-03-25T14:05:29.677+0000] {processor.py:840} INFO - DAG(s) 'e_commerce_dw_etl' retrieved from /opt/airflow/dags/e_commerce_dw_dag.py
[2026-03-25T14:05:29.711+0000] {logging_mixin.py:188} INFO - [2026-03-25T14:05:29.711+0000] {dag.py:3096} INFO - Sync 1 DAGs
[2026-03-25T14:05:29.734+0000] {logging_mixin.py:188} INFO - [2026-03-25T14:05:29.734+0000] {dag.py:3954} INFO - Setting next_dagrun for e_commerce_dw_etl to 2026-03-25 00:00:00+00:00, run_after=2026-03-26 00:00:00+00:00
[2026-03-25T14:05:29.757+0000] {processor.py:183} INFO - Processing /opt/airflow/dags/e_commerce_dw_dag.py took 0.151 seconds
[2026-03-25T14:06:00.361+0000] {processor.py:161} INFO - Started process (PID=1942) to work on /opt/airflow/dags/e_commerce_dw_dag.py
[2026-03-25T14:06:00.363+0000] {processor.py:830} INFO - Processing file /opt/airflow/dags/e_commerce_dw_dag.py for tasks to queue
[2026-03-25T14:06:00.368+0000] {logging_mixin.py:188} INFO - [2026-03-25T14:06:00.368+0000] {dagbag.py:545} INFO - Filling up the DagBag from /opt/airflow/dags/e_commerce_dw_dag.py
[2026-03-25T14:06:00.590+0000] {processor.py:840} INFO - DAG(s) 'e_commerce_dw_etl' retrieved from /opt/airflow/dags/e_commerce_dw_dag.py
[2026-03-25T14:06:00.635+0000] {logging_mixin.py:188} INFO - [2026-03-25T14:06:00.634+0000] {dag.py:3096} INFO - Sync 1 DAGs
[2026-03-25T14:06:00.680+0000] {logging_mixin.py:188} INFO - [2026-03-25T14:06:00.679+0000] {dag.py:3954} INFO - Setting next_dagrun for e_commerce_dw_etl to 2026-03-25 00:00:00+00:00, run_after=2026-03-26 00:00:00+00:00
[2026-03-25T14:06:00.703+0000] {processor.py:183} INFO - Processing /opt/airflow/dags/e_commerce_dw_dag.py took 0.352 seconds
[2026-03-25T14:06:31.291+0000] {processor.py:161} INFO - Started process (PID=1970) to work on /opt/airflow/dags/e_commerce_dw_dag.py
[2026-03-25T14:06:31.293+0000] {processor.py:830} INFO - Processing file /opt/airflow/dags/e_commerce_dw_dag.py for tasks to queue
[2026-03-25T14:06:31.296+0000] {logging_mixin.py:188} INFO - [2026-03-25T14:06:31.296+0000] {dagbag.py:545} INFO - Filling up the DagBag from /opt/airflow/dags/e_commerce_dw_dag.py
[2026-03-25T14:06:31.403+0000] {processor.py:840} INFO - DAG(s) 'e_commerce_dw_etl' retrieved from /opt/airflow/dags/e_commerce_dw_dag.py
[2026-03-25T14:06:31.438+0000] {logging_mixin.py:188} INFO - [2026-03-25T14:06:31.438+0000] {dag.py:3096} INFO - Sync 1 DAGs
[2026-03-25T14:06:31.464+0000] {logging_mixin.py:188} INFO - [2026-03-25T14:06:31.463+0000] {dag.py:3954} INFO - Setting next_dagrun for e_commerce_dw_etl to 2026-03-25 00:00:00+00:00, run_after=2026-03-26 00:00:00+00:00
[2026-03-25T14:06:31.486+0000] {processor.py:183} INFO - Processing /opt/airflow/dags/e_commerce_dw_dag.py took 0.201 seconds
[2026-03-25T14:07:02.020+0000] {processor.py:161} INFO - Started process (PID=1996) to work on /opt/airflow/dags/e_commerce_dw_dag.py
[2026-03-25T14:07:02.021+0000] {processor.py:830} INFO - Processing file /opt/airflow/dags/e_commerce_dw_dag.py for tasks to queue
[2026-03-25T14:07:02.024+0000] {logging_mixin.py:188} INFO - [2026-03-25T14:07:02.024+0000] {dagbag.py:545} INFO - Filling up the DagBag from /opt/airflow/dags/e_commerce_dw_dag.py
[2026-03-25T14:07:02.115+0000] {processor.py:840} INFO - DAG(s) 'e_commerce_dw_etl' retrieved from /opt/airflow/dags/e_commerce_dw_dag.py
[2026-03-25T14:07:02.154+0000] {logging_mixin.py:188} INFO - [2026-03-25T14:07:02.154+0000] {dag.py:3096} INFO - Sync 1 DAGs
[2026-03-25T14:07:02.183+0000] {logging_mixin.py:188} INFO - [2026-03-25T14:07:02.183+0000] {dag.py:3954} INFO - Setting next_dagrun for e_commerce_dw_etl to 2026-03-25 00:00:00+00:00, run_after=2026-03-26 00:00:00+00:00
[2026-03-25T14:07:02.210+0000] {processor.py:183} INFO - Processing /opt/airflow/dags/e_commerce_dw_dag.py took 0.198 seconds
[2026-03-25T14:07:32.956+0000] {processor.py:161} INFO - Started process (PID=2022) to work on /opt/airflow/dags/e_commerce_dw_dag.py
[2026-03-25T14:07:32.957+0000] {processor.py:830} INFO - Processing file /opt/airflow/dags/e_commerce_dw_dag.py for tasks to queue
[2026-03-25T14:07:32.960+0000] {logging_mixin.py:188} INFO - [2026-03-25T14:07:32.959+0000] {dagbag.py:545} INFO - Filling up the DagBag from /opt/airflow/dags/e_commerce_dw_dag.py
[2026-03-25T14:07:33.049+0000] {processor.py:840} INFO - DAG(s) 'e_commerce_dw_etl' retrieved from /opt/airflow/dags/e_commerce_dw_dag.py
[2026-03-25T14:07:33.083+0000] {logging_mixin.py:188} INFO - [2026-03-25T14:07:33.083+0000] {dag.py:3096} INFO - Sync 1 DAGs
[2026-03-25T14:07:33.108+0000] {logging_mixin.py:188} INFO - [2026-03-25T14:07:33.108+0000] {dag.py:3954} INFO - Setting next_dagrun for e_commerce_dw_etl to 2026-03-25 00:00:00+00:00, run_after=2026-03-26 00:00:00+00:00
[2026-03-25T14:07:33.136+0000] {processor.py:183} INFO - Processing /opt/airflow/dags/e_commerce_dw_dag.py took 0.189 seconds
[2026-03-25T14:08:03.667+0000] {processor.py:161} INFO - Started process (PID=2057) to work on /opt/airflow/dags/e_commerce_dw_dag.py
[2026-03-25T14:08:03.668+0000] {processor.py:830} INFO - Processing file /opt/airflow/dags/e_commerce_dw_dag.py for tasks to queue
[2026-03-25T14:08:03.672+0000] {logging_mixin.py:188} INFO - [2026-03-25T14:08:03.671+0000] {dagbag.py:545} INFO - Filling up the DagBag from /opt/airflow/dags/e_commerce_dw_dag.py
[2026-03-25T14:08:03.757+0000] {processor.py:840} INFO - DAG(s) 'e_commerce_dw_etl' retrieved from /opt/airflow/dags/e_commerce_dw_dag.py
[2026-03-25T14:08:03.797+0000] {logging_mixin.py:188} INFO - [2026-03-25T14:08:03.796+0000] {dag.py:3096} INFO - Sync 1 DAGs
[2026-03-25T14:08:03.819+0000] {logging_mixin.py:188} INFO - [2026-03-25T14:08:03.819+0000] {dag.py:3954} INFO - Setting next_dagrun for e_commerce_dw_etl to 2026-03-25 00:00:00+00:00, run_after=2026-03-26 00:00:00+00:00
[2026-03-25T14:08:03.841+0000] {processor.py:183} INFO - Processing /opt/airflow/dags/e_commerce_dw_dag.py took 0.181 seconds
[2026-03-25T14:08:34.526+0000] {processor.py:161} INFO - Started process (PID=2084) to work on /opt/airflow/dags/e_commerce_dw_dag.py
[2026-03-25T14:08:34.527+0000] {processor.py:830} INFO - Processing file /opt/airflow/dags/e_commerce_dw_dag.py for tasks to queue
[2026-03-25T14:08:34.529+0000] {logging_mixin.py:188} INFO - [2026-03-25T14:08:34.529+0000] {dagbag.py:545} INFO - Filling up the DagBag from /opt/airflow/dags/e_commerce_dw_dag.py
[2026-03-25T14:08:34.591+0000] {processor.py:840} INFO - DAG(s) 'e_commerce_dw_etl' retrieved from /opt/airflow/dags/e_commerce_dw_dag.py
[2026-03-25T14:08:34.625+0000] {logging_mixin.py:188} INFO - [2026-03-25T14:08:34.625+0000] {dag.py:3096} INFO - Sync 1 DAGs
[2026-03-25T14:08:34.648+0000] {logging_mixin.py:188} INFO - [2026-03-25T14:08:34.647+0000] {dag.py:3954} INFO - Setting next_dagrun for e_commerce_dw_etl to 2026-03-25 00:00:00+00:00, run_after=2026-03-26 00:00:00+00:00
[2026-03-25T14:08:34.675+0000] {processor.py:183} INFO - Processing /opt/airflow/dags/e_commerce_dw_dag.py took 0.155 seconds
[2026-03-25T14:09:05.188+0000] {processor.py:161} INFO - Started process (PID=2112) to work on /opt/airflow/dags/e_commerce_dw_dag.py
[2026-03-25T14:09:05.190+0000] {processor.py:830} INFO - Processing file /opt/airflow/dags/e_commerce_dw_dag.py for tasks to queue
[2026-03-25T14:09:05.192+0000] {logging_mixin.py:188} INFO - [2026-03-25T14:09:05.192+0000] {dagbag.py:545} INFO - Filling up the DagBag from /opt/airflow/dags/e_commerce_dw_dag.py
[2026-03-25T14:09:05.250+0000] {processor.py:840} INFO - DAG(s) 'e_commerce_dw_etl' retrieved from /opt/airflow/dags/e_commerce_dw_dag.py
[2026-03-25T14:09:05.284+0000] {logging_mixin.py:188} INFO - [2026-03-25T14:09:05.283+0000] {dag.py:3096} INFO - Sync 1 DAGs
[2026-03-25T14:09:05.308+0000] {logging_mixin.py:188} INFO - [2026-03-25T14:09:05.308+0000] {dag.py:3954} INFO - Setting next_dagrun for e_commerce_dw_etl to 2026-03-25 00:00:00+00:00, run_after=2026-03-26 00:00:00+00:00
[2026-03-25T14:09:05.330+0000] {processor.py:183} INFO - Processing /opt/airflow/dags/e_commerce_dw_dag.py took 0.148 seconds
[2026-03-25T14:09:35.993+0000] {processor.py:161} INFO - Started process (PID=2138) to work on /opt/airflow/dags/e_commerce_dw_dag.py
[2026-03-25T14:09:35.995+0000] {processor.py:830} INFO - Processing file /opt/airflow/dags/e_commerce_dw_dag.py for tasks to queue
[2026-03-25T14:09:35.997+0000] {logging_mixin.py:188} INFO - [2026-03-25T14:09:35.996+0000] {dagbag.py:545} INFO - Filling up the DagBag from /opt/airflow/dags/e_commerce_dw_dag.py
[2026-03-25T14:09:36.067+0000] {processor.py:840} INFO - DAG(s) 'e_commerce_dw_etl' retrieved from /opt/airflow/dags/e_commerce_dw_dag.py
[2026-03-25T14:09:36.110+0000] {logging_mixin.py:188} INFO - [2026-03-25T14:09:36.109+0000] {dag.py:3096} INFO - Sync 1 DAGs
[2026-03-25T14:09:36.138+0000] {logging_mixin.py:188} INFO - [2026-03-25T14:09:36.137+0000] {dag.py:3954} INFO - Setting next_dagrun for e_commerce_dw_etl to 2026-03-25 00:00:00+00:00, run_after=2026-03-26 00:00:00+00:00
[2026-03-25T14:09:36.165+0000] {processor.py:183} INFO - Processing /opt/airflow/dags/e_commerce_dw_dag.py took 0.178 seconds
[2026-03-25T14:10:06.767+0000] {processor.py:161} INFO - Started process (PID=2164) to work on /opt/airflow/dags/e_commerce_dw_dag.py
[2026-03-25T14:10:06.768+0000] {processor.py:830} INFO - Processing file /opt/airflow/dags/e_commerce_dw_dag.py for tasks to queue
[2026-03-25T14:10:06.771+0000] {logging_mixin.py:188} INFO - [2026-03-25T14:10:06.770+0000] {dagbag.py:545} INFO - Filling up the DagBag from /opt/airflow/dags/e_commerce_dw_dag.py
[2026-03-25T14:10:06.828+0000] {processor.py:840} INFO - DAG(s) 'e_commerce_dw_etl' retrieved from /opt/airflow/dags/e_commerce_dw_dag.py
[2026-03-25T14:10:06.861+0000] {logging_mixin.py:188} INFO - [2026-03-25T14:10:06.860+0000] {dag.py:3096} INFO - Sync 1 DAGs
[2026-03-25T14:10:06.885+0000] {logging_mixin.py:188} INFO - [2026-03-25T14:10:06.884+0000] {dag.py:3954} INFO - Setting next_dagrun for e_commerce_dw_etl to 2026-03-25 00:00:00+00:00, run_after=2026-03-26 00:00:00+00:00
[2026-03-25T14:10:06.909+0000] {processor.py:183} INFO - Processing /opt/airflow/dags/e_commerce_dw_dag.py took 0.148 seconds
[2026-03-25T14:10:37.435+0000] {processor.py:161} INFO - Started process (PID=2190) to work on /opt/airflow/dags/e_commerce_dw_dag.py
[2026-03-25T14:10:37.436+0000] {processor.py:830} INFO - Processing file /opt/airflow/dags/e_commerce_dw_dag.py for tasks to queue
[2026-03-25T14:10:37.438+0000] {logging_mixin.py:188} INFO - [2026-03-25T14:10:37.438+0000] {dagbag.py:545} INFO - Filling up the DagBag from /opt/airflow/dags/e_commerce_dw_dag.py
[2026-03-25T14:10:37.497+0000] {processor.py:840} INFO - DAG(s) 'e_commerce_dw_etl' retrieved from /opt/airflow/dags/e_commerce_dw_dag.py
[2026-03-25T14:10:37.529+0000] {logging_mixin.py:188} INFO - [2026-03-25T14:10:37.529+0000] {dag.py:3096} INFO - Sync 1 DAGs
[2026-03-25T14:10:37.552+0000] {logging_mixin.py:188} INFO - [2026-03-25T14:10:37.552+0000] {dag.py:3954} INFO - Setting next_dagrun for e_commerce_dw_etl to 2026-03-25 00:00:00+00:00, run_after=2026-03-26 00:00:00+00:00
[2026-03-25T14:10:37.577+0000] {processor.py:183} INFO - Processing /opt/airflow/dags/e_commerce_dw_dag.py took 0.147 seconds
[2026-03-25T14:11:27.738+0000] {processor.py:161} INFO - Started process (PID=179) to work on /opt/airflow/dags/e_commerce_dw_dag.py
[2026-03-25T14:11:27.741+0000] {processor.py:830} INFO - Processing file /opt/airflow/dags/e_commerce_dw_dag.py for tasks to queue
[2026-03-25T14:11:27.745+0000] {logging_mixin.py:188} INFO - [2026-03-25T14:11:27.744+0000] {dagbag.py:545} INFO - Filling up the DagBag from /opt/airflow/dags/e_commerce_dw_dag.py
[2026-03-25T14:11:27.882+0000] {processor.py:840} INFO - DAG(s) 'e_commerce_dw_etl' retrieved from /opt/airflow/dags/e_commerce_dw_dag.py
[2026-03-25T14:11:28.167+0000] {logging_mixin.py:188} INFO - [2026-03-25T14:11:28.167+0000] {dag.py:3096} INFO - Sync 1 DAGs
[2026-03-25T14:11:28.200+0000] {logging_mixin.py:188} INFO - [2026-03-25T14:11:28.200+0000] {dag.py:3954} INFO - Setting next_dagrun for e_commerce_dw_etl to 2026-03-25 00:00:00+00:00, run_after=2026-03-26 00:00:00+00:00
[2026-03-25T14:11:28.235+0000] {processor.py:183} INFO - Processing /opt/airflow/dags/e_commerce_dw_dag.py took 0.509 seconds
[2026-03-25T14:11:59.057+0000] {processor.py:161} INFO - Started process (PID=210) to work on /opt/airflow/dags/e_commerce_dw_dag.py
[2026-03-25T14:11:59.059+0000] {processor.py:830} INFO - Processing file /opt/airflow/dags/e_commerce_dw_dag.py for tasks to queue
[2026-03-25T14:11:59.061+0000] {logging_mixin.py:188} INFO - [2026-03-25T14:11:59.060+0000] {dagbag.py:545} INFO - Filling up the DagBag from /opt/airflow/dags/e_commerce_dw_dag.py
[2026-03-25T14:11:59.124+0000] {processor.py:840} INFO - DAG(s) 'e_commerce_dw_etl' retrieved from /opt/airflow/dags/e_commerce_dw_dag.py
[2026-03-25T14:11:59.159+0000] {logging_mixin.py:188} INFO - [2026-03-25T14:11:59.159+0000] {dag.py:3096} INFO - Sync 1 DAGs
[2026-03-25T14:11:59.184+0000] {logging_mixin.py:188} INFO - [2026-03-25T14:11:59.183+0000] {dag.py:3954} INFO - Setting next_dagrun for e_commerce_dw_etl to 2026-03-25 00:00:00+00:00, run_after=2026-03-26 00:00:00+00:00
[2026-03-25T14:11:59.204+0000] {processor.py:183} INFO - Processing /opt/airflow/dags/e_commerce_dw_dag.py took 0.153 seconds
[2026-03-25T14:12:29.764+0000] {processor.py:161} INFO - Started process (PID=244) to work on /opt/airflow/dags/e_commerce_dw_dag.py
[2026-03-25T14:12:29.766+0000] {processor.py:830} INFO - Processing file /opt/airflow/dags/e_commerce_dw_dag.py for tasks to queue
[2026-03-25T14:12:29.769+0000] {logging_mixin.py:188} INFO - [2026-03-25T14:12:29.768+0000] {dagbag.py:545} INFO - Filling up the DagBag from /opt/airflow/dags/e_commerce_dw_dag.py
[2026-03-25T14:12:29.849+0000] {processor.py:840} INFO - DAG(s) 'e_commerce_dw_etl' retrieved from /opt/airflow/dags/e_commerce_dw_dag.py
[2026-03-25T14:12:29.897+0000] {logging_mixin.py:188} INFO - [2026-03-25T14:12:29.896+0000] {dag.py:3096} INFO - Sync 1 DAGs
[2026-03-25T14:12:29.933+0000] {logging_mixin.py:188} INFO - [2026-03-25T14:12:29.933+0000] {dag.py:3954} INFO - Setting next_dagrun for e_commerce_dw_etl to 2026-03-25 00:00:00+00:00, run_after=2026-03-26 00:00:00+00:00
[2026-03-25T14:12:29.964+0000] {processor.py:183} INFO - Processing /opt/airflow/dags/e_commerce_dw_dag.py took 0.208 seconds
[2026-03-25T14:13:00.501+0000] {processor.py:161} INFO - Started process (PID=270) to work on /opt/airflow/dags/e_commerce_dw_dag.py
[2026-03-25T14:13:00.502+0000] {processor.py:830} INFO - Processing file /opt/airflow/dags/e_commerce_dw_dag.py for tasks to queue
[2026-03-25T14:13:00.506+0000] {logging_mixin.py:188} INFO - [2026-03-25T14:13:00.505+0000] {dagbag.py:545} INFO - Filling up the DagBag from /opt/airflow/dags/e_commerce_dw_dag.py
[2026-03-25T14:13:00.581+0000] {processor.py:840} INFO - DAG(s) 'e_commerce_dw_etl' retrieved from /opt/airflow/dags/e_commerce_dw_dag.py
[2026-03-25T14:13:00.615+0000] {logging_mixin.py:188} INFO - [2026-03-25T14:13:00.615+0000] {dag.py:3096} INFO - Sync 1 DAGs
[2026-03-25T14:13:00.639+0000] {logging_mixin.py:188} INFO - [2026-03-25T14:13:00.639+0000] {dag.py:3954} INFO - Setting next_dagrun for e_commerce_dw_etl to 2026-03-25 00:00:00+00:00, run_after=2026-03-26 00:00:00+00:00
[2026-03-25T14:13:00.665+0000] {processor.py:183} INFO - Processing /opt/airflow/dags/e_commerce_dw_dag.py took 0.170 seconds
[2026-03-25T14:13:31.224+0000] {processor.py:161} INFO - Started process (PID=296) to work on /opt/airflow/dags/e_commerce_dw_dag.py
[2026-03-25T14:13:31.225+0000] {processor.py:830} INFO - Processing file /opt/airflow/dags/e_commerce_dw_dag.py for tasks to queue
[2026-03-25T14:13:31.227+0000] {logging_mixin.py:188} INFO - [2026-03-25T14:13:31.226+0000] {dagbag.py:545} INFO - Filling up the DagBag from /opt/airflow/dags/e_commerce_dw_dag.py
[2026-03-25T14:13:31.295+0000] {processor.py:840} INFO - DAG(s) 'e_commerce_dw_etl' retrieved from /opt/airflow/dags/e_commerce_dw_dag.py
[2026-03-25T14:13:31.329+0000] {logging_mixin.py:188} INFO - [2026-03-25T14:13:31.329+0000] {dag.py:3096} INFO - Sync 1 DAGs
[2026-03-25T14:13:31.352+0000] {logging_mixin.py:188} INFO - [2026-03-25T14:13:31.352+0000] {dag.py:3954} INFO - Setting next_dagrun for e_commerce_dw_etl to 2026-03-25 00:00:00+00:00, run_after=2026-03-26 00:00:00+00:00
[2026-03-25T14:13:31.377+0000] {processor.py:183} INFO - Processing /opt/airflow/dags/e_commerce_dw_dag.py took 0.161 seconds
[2026-03-25T14:14:02.028+0000] {processor.py:161} INFO - Started process (PID=322) to work on /opt/airflow/dags/e_commerce_dw_dag.py
[2026-03-25T14:14:02.029+0000] {processor.py:830} INFO - Processing file /opt/airflow/dags/e_commerce_dw_dag.py for tasks to queue
[2026-03-25T14:14:02.031+0000] {logging_mixin.py:188} INFO - [2026-03-25T14:14:02.031+0000] {dagbag.py:545} INFO - Filling up the DagBag from /opt/airflow/dags/e_commerce_dw_dag.py
[2026-03-25T14:14:02.089+0000] {processor.py:840} INFO - DAG(s) 'e_commerce_dw_etl' retrieved from /opt/airflow/dags/e_commerce_dw_dag.py
[2026-03-25T14:14:02.122+0000] {logging_mixin.py:188} INFO - [2026-03-25T14:14:02.121+0000] {dag.py:3096} INFO - Sync 1 DAGs
[2026-03-25T14:14:02.144+0000] {logging_mixin.py:188} INFO - [2026-03-25T14:14:02.144+0000] {dag.py:3954} INFO - Setting next_dagrun for e_commerce_dw_etl to 2026-03-25 00:00:00+00:00, run_after=2026-03-26 00:00:00+00:00
[2026-03-25T14:14:02.166+0000] {processor.py:183} INFO - Processing /opt/airflow/dags/e_commerce_dw_dag.py took 0.146 seconds
[2026-03-25T14:14:32.714+0000] {processor.py:161} INFO - Started process (PID=349) to work on /opt/airflow/dags/e_commerce_dw_dag.py
[2026-03-25T14:14:32.716+0000] {processor.py:830} INFO - Processing file /opt/airflow/dags/e_commerce_dw_dag.py for tasks to queue
[2026-03-25T14:14:32.717+0000] {logging_mixin.py:188} INFO - [2026-03-25T14:14:32.717+0000] {dagbag.py:545} INFO - Filling up the DagBag from /opt/airflow/dags/e_commerce_dw_dag.py
[2026-03-25T14:14:32.774+0000] {processor.py:840} INFO - DAG(s) 'e_commerce_dw_etl' retrieved from /opt/airflow/dags/e_commerce_dw_dag.py
[2026-03-25T14:14:32.806+0000] {logging_mixin.py:188} INFO - [2026-03-25T14:14:32.806+0000] {dag.py:3096} INFO - Sync 1 DAGs
[2026-03-25T14:14:32.830+0000] {logging_mixin.py:188} INFO - [2026-03-25T14:14:32.830+0000] {dag.py:3954} INFO - Setting next_dagrun for e_commerce_dw_etl to 2026-03-25 00:00:00+00:00, run_after=2026-03-26 00:00:00+00:00
[2026-03-25T14:14:32.850+0000] {processor.py:183} INFO - Processing /opt/airflow/dags/e_commerce_dw_dag.py took 0.143 seconds
[2026-03-25T14:15:03.536+0000] {processor.py:161} INFO - Started process (PID=375) to work on /opt/airflow/dags/e_commerce_dw_dag.py
[2026-03-25T14:15:03.537+0000] {processor.py:830} INFO - Processing file /opt/airflow/dags/e_commerce_dw_dag.py for tasks to queue
[2026-03-25T14:15:03.539+0000] {logging_mixin.py:188} INFO - [2026-03-25T14:15:03.539+0000] {dagbag.py:545} INFO - Filling up the DagBag from /opt/airflow/dags/e_commerce_dw_dag.py
[2026-03-25T14:15:03.607+0000] {processor.py:840} INFO - DAG(s) 'e_commerce_dw_etl' retrieved from /opt/airflow/dags/e_commerce_dw_dag.py
[2026-03-25T14:15:03.638+0000] {logging_mixin.py:188} INFO - [2026-03-25T14:15:03.638+0000] {dag.py:3096} INFO - Sync 1 DAGs
[2026-03-25T14:15:03.660+0000] {logging_mixin.py:188} INFO - [2026-03-25T14:15:03.659+0000] {dag.py:3954} INFO - Setting next_dagrun for e_commerce_dw_etl to 2026-03-25 00:00:00+00:00, run_after=2026-03-26 00:00:00+00:00
[2026-03-25T14:15:03.684+0000] {processor.py:183} INFO - Processing /opt/airflow/dags/e_commerce_dw_dag.py took 0.158 seconds
[2026-03-25T14:15:34.406+0000] {processor.py:161} INFO - Started process (PID=401) to work on /opt/airflow/dags/e_commerce_dw_dag.py
[2026-03-25T14:15:34.407+0000] {processor.py:830} INFO - Processing file /opt/airflow/dags/e_commerce_dw_dag.py for tasks to queue
[2026-03-25T14:15:34.409+0000] {logging_mixin.py:188} INFO - [2026-03-25T14:15:34.409+0000] {dagbag.py:545} INFO - Filling up the DagBag from /opt/airflow/dags/e_commerce_dw_dag.py
[2026-03-25T14:15:34.467+0000] {processor.py:840} INFO - DAG(s) 'e_commerce_dw_etl' retrieved from /opt/airflow/dags/e_commerce_dw_dag.py
[2026-03-25T14:15:34.499+0000] {logging_mixin.py:188} INFO - [2026-03-25T14:15:34.498+0000] {dag.py:3096} INFO - Sync 1 DAGs
[2026-03-25T14:15:34.521+0000] {logging_mixin.py:188} INFO - [2026-03-25T14:15:34.520+0000] {dag.py:3954} INFO - Setting next_dagrun for e_commerce_dw_etl to 2026-03-25 00:00:00+00:00, run_after=2026-03-26 00:00:00+00:00
[2026-03-25T14:15:34.542+0000] {processor.py:183} INFO - Processing /opt/airflow/dags/e_commerce_dw_dag.py took 0.142 seconds
[2026-03-25T14:16:05.244+0000] {processor.py:161} INFO - Started process (PID=427) to work on /opt/airflow/dags/e_commerce_dw_dag.py
[2026-03-25T14:16:05.245+0000] {processor.py:830} INFO - Processing file /opt/airflow/dags/e_commerce_dw_dag.py for tasks to queue
[2026-03-25T14:16:05.247+0000] {logging_mixin.py:188} INFO - [2026-03-25T14:16:05.247+0000] {dagbag.py:545} INFO - Filling up the DagBag from /opt/airflow/dags/e_commerce_dw_dag.py
[2026-03-25T14:16:05.304+0000] {processor.py:840} INFO - DAG(s) 'e_commerce_dw_etl' retrieved from /opt/airflow/dags/e_commerce_dw_dag.py
[2026-03-25T14:16:05.336+0000] {logging_mixin.py:188} INFO - [2026-03-25T14:16:05.335+0000] {dag.py:3096} INFO - Sync 1 DAGs
[2026-03-25T14:16:05.358+0000] {logging_mixin.py:188} INFO - [2026-03-25T14:16:05.358+0000] {dag.py:3954} INFO - Setting next_dagrun for e_commerce_dw_etl to 2026-03-25 00:00:00+00:00, run_after=2026-03-26 00:00:00+00:00
[2026-03-25T14:16:05.382+0000] {processor.py:183} INFO - Processing /opt/airflow/dags/e_commerce_dw_dag.py took 0.144 seconds
[2026-03-25T14:16:36.276+0000] {processor.py:161} INFO - Started process (PID=454) to work on /opt/airflow/dags/e_commerce_dw_dag.py
[2026-03-25T14:16:36.277+0000] {processor.py:830} INFO - Processing file /opt/airflow/dags/e_commerce_dw_dag.py for tasks to queue
[2026-03-25T14:16:36.279+0000] {logging_mixin.py:188} INFO - [2026-03-25T14:16:36.279+0000] {dagbag.py:545} INFO - Filling up the DagBag from /opt/airflow/dags/e_commerce_dw_dag.py
[2026-03-25T14:16:36.352+0000] {processor.py:840} INFO - DAG(s) 'e_commerce_dw_etl' retrieved from /opt/airflow/dags/e_commerce_dw_dag.py
[2026-03-25T14:16:36.384+0000] {logging_mixin.py:188} INFO - [2026-03-25T14:16:36.384+0000] {dag.py:3096} INFO - Sync 1 DAGs
[2026-03-25T14:16:36.405+0000] {logging_mixin.py:188} INFO - [2026-03-25T14:16:36.405+0000] {dag.py:3954} INFO - Setting next_dagrun for e_commerce_dw_etl to 2026-03-25 00:00:00+00:00, run_after=2026-03-26 00:00:00+00:00
[2026-03-25T14:16:36.428+0000] {processor.py:183} INFO - Processing /opt/airflow/dags/e_commerce_dw_dag.py took 0.161 seconds
[2026-03-25T14:17:06.989+0000] {processor.py:161} INFO - Started process (PID=480) to work on /opt/airflow/dags/e_commerce_dw_dag.py
[2026-03-25T14:17:06.990+0000] {processor.py:830} INFO - Processing file /opt/airflow/dags/e_commerce_dw_dag.py for tasks to queue
[2026-03-25T14:17:06.993+0000] {logging_mixin.py:188} INFO - [2026-03-25T14:17:06.992+0000] {dagbag.py:545} INFO - Filling up the DagBag from /opt/airflow/dags/e_commerce_dw_dag.py
[2026-03-25T14:17:07.051+0000] {processor.py:840} INFO - DAG(s) 'e_commerce_dw_etl' retrieved from /opt/airflow/dags/e_commerce_dw_dag.py
[2026-03-25T14:17:07.082+0000] {logging_mixin.py:188} INFO - [2026-03-25T14:17:07.082+0000] {dag.py:3096} INFO - Sync 1 DAGs
[2026-03-25T14:17:07.106+0000] {logging_mixin.py:188} INFO - [2026-03-25T14:17:07.105+0000] {dag.py:3954} INFO - Setting next_dagrun for e_commerce_dw_etl to 2026-03-25 00:00:00+00:00, run_after=2026-03-26 00:00:00+00:00
[2026-03-25T14:17:07.130+0000] {processor.py:183} INFO - Processing /opt/airflow/dags/e_commerce_dw_dag.py took 0.147 seconds
[2026-03-25T14:17:37.688+0000] {processor.py:161} INFO - Started process (PID=506) to work on /opt/airflow/dags/e_commerce_dw_dag.py
[2026-03-25T14:17:37.689+0000] {processor.py:830} INFO - Processing file /opt/airflow/dags/e_commerce_dw_dag.py for tasks to queue
[2026-03-25T14:17:37.691+0000] {logging_mixin.py:188} INFO - [2026-03-25T14:17:37.691+0000] {dagbag.py:545} INFO - Filling up the DagBag from /opt/airflow/dags/e_commerce_dw_dag.py
[2026-03-25T14:17:37.768+0000] {processor.py:840} INFO - DAG(s) 'e_commerce_dw_etl' retrieved from /opt/airflow/dags/e_commerce_dw_dag.py
[2026-03-25T14:17:37.800+0000] {logging_mixin.py:188} INFO - [2026-03-25T14:17:37.800+0000] {dag.py:3096} INFO - Sync 1 DAGs
[2026-03-25T14:17:37.826+0000] {logging_mixin.py:188} INFO - [2026-03-25T14:17:37.825+0000] {dag.py:3954} INFO - Setting next_dagrun for e_commerce_dw_etl to 2026-03-25 00:00:00+00:00, run_after=2026-03-26 00:00:00+00:00
[2026-03-25T14:17:37.850+0000] {processor.py:183} INFO - Processing /opt/airflow/dags/e_commerce_dw_dag.py took 0.170 seconds
[2026-03-25T14:18:08.347+0000] {processor.py:161} INFO - Started process (PID=532) to work on /opt/airflow/dags/e_commerce_dw_dag.py
[2026-03-25T14:18:08.349+0000] {processor.py:830} INFO - Processing file /opt/airflow/dags/e_commerce_dw_dag.py for tasks to queue
[2026-03-25T14:18:08.350+0000] {logging_mixin.py:188} INFO - [2026-03-25T14:18:08.350+0000] {dagbag.py:545} INFO - Filling up the DagBag from /opt/airflow/dags/e_commerce_dw_dag.py
[2026-03-25T14:18:08.410+0000] {processor.py:840} INFO - DAG(s) 'e_commerce_dw_etl' retrieved from /opt/airflow/dags/e_commerce_dw_dag.py
[2026-03-25T14:18:08.445+0000] {logging_mixin.py:188} INFO - [2026-03-25T14:18:08.444+0000] {dag.py:3096} INFO - Sync 1 DAGs
[2026-03-25T14:18:08.468+0000] {logging_mixin.py:188} INFO - [2026-03-25T14:18:08.467+0000] {dag.py:3954} INFO - Setting next_dagrun for e_commerce_dw_etl to 2026-03-25 00:00:00+00:00, run_after=2026-03-26 00:00:00+00:00
[2026-03-25T14:18:08.490+0000] {processor.py:183} INFO - Processing /opt/airflow/dags/e_commerce_dw_dag.py took 0.148 seconds
[2026-03-25T14:18:39.237+0000] {processor.py:161} INFO - Started process (PID=558) to work on /opt/airflow/dags/e_commerce_dw_dag.py
[2026-03-25T14:18:39.239+0000] {processor.py:830} INFO - Processing file /opt/airflow/dags/e_commerce_dw_dag.py for tasks to queue
[2026-03-25T14:18:39.242+0000] {logging_mixin.py:188} INFO - [2026-03-25T14:18:39.241+0000] {dagbag.py:545} INFO - Filling up the DagBag from /opt/airflow/dags/e_commerce_dw_dag.py
[2026-03-25T14:18:39.331+0000] {processor.py:840} INFO - DAG(s) 'e_commerce_dw_etl' retrieved from /opt/airflow/dags/e_commerce_dw_dag.py
[2026-03-25T14:18:39.369+0000] {logging_mixin.py:188} INFO - [2026-03-25T14:18:39.368+0000] {dag.py:3096} INFO - Sync 1 DAGs
[2026-03-25T14:18:39.393+0000] {logging_mixin.py:188} INFO - [2026-03-25T14:18:39.393+0000] {dag.py:3954} INFO - Setting next_dagrun for e_commerce_dw_etl to 2026-03-25 00:00:00+00:00, run_after=2026-03-26 00:00:00+00:00
[2026-03-25T14:18:39.414+0000] {processor.py:183} INFO - Processing /opt/airflow/dags/e_commerce_dw_dag.py took 0.183 seconds
[2026-03-25T14:19:09.936+0000] {processor.py:161} INFO - Started process (PID=584) to work on /opt/airflow/dags/e_commerce_dw_dag.py
[2026-03-25T14:19:09.937+0000] {processor.py:830} INFO - Processing file /opt/airflow/dags/e_commerce_dw_dag.py for tasks to queue
[2026-03-25T14:19:09.940+0000] {logging_mixin.py:188} INFO - [2026-03-25T14:19:09.940+0000] {dagbag.py:545} INFO - Filling up the DagBag from /opt/airflow/dags/e_commerce_dw_dag.py
[2026-03-25T14:19:09.999+0000] {processor.py:840} INFO - DAG(s) 'e_commerce_dw_etl' retrieved from /opt/airflow/dags/e_commerce_dw_dag.py
[2026-03-25T14:19:10.033+0000] {logging_mixin.py:188} INFO - [2026-03-25T14:19:10.032+0000] {dag.py:3096} INFO - Sync 1 DAGs
[2026-03-25T14:19:10.055+0000] {logging_mixin.py:188} INFO - [2026-03-25T14:19:10.054+0000] {dag.py:3954} INFO - Setting next_dagrun for e_commerce_dw_etl to 2026-03-25 00:00:00+00:00, run_after=2026-03-26 00:00:00+00:00
[2026-03-25T14:19:10.076+0000] {processor.py:183} INFO - Processing /opt/airflow/dags/e_commerce_dw_dag.py took 0.146 seconds
[2026-03-25T14:19:40.647+0000] {processor.py:161} INFO - Started process (PID=610) to work on /opt/airflow/dags/e_commerce_dw_dag.py
[2026-03-25T14:19:40.648+0000] {processor.py:830} INFO - Processing file /opt/airflow/dags/e_commerce_dw_dag.py for tasks to queue
[2026-03-25T14:19:40.652+0000] {logging_mixin.py:188} INFO - [2026-03-25T14:19:40.651+0000] {dagbag.py:545} INFO - Filling up the DagBag from /opt/airflow/dags/e_commerce_dw_dag.py
[2026-03-25T14:19:40.746+0000] {processor.py:840} INFO - DAG(s) 'e_commerce_dw_etl' retrieved from /opt/airflow/dags/e_commerce_dw_dag.py
[2026-03-25T14:19:40.792+0000] {logging_mixin.py:188} INFO - [2026-03-25T14:19:40.792+0000] {dag.py:3096} INFO - Sync 1 DAGs
[2026-03-25T14:19:40.820+0000] {logging_mixin.py:188} INFO - [2026-03-25T14:19:40.820+0000] {dag.py:3954} INFO - Setting next_dagrun for e_commerce_dw_etl to 2026-03-25 00:00:00+00:00, run_after=2026-03-26 00:00:00+00:00
[2026-03-25T14:19:40.845+0000] {processor.py:183} INFO - Processing /opt/airflow/dags/e_commerce_dw_dag.py took 0.206 seconds
[2026-03-25T14:20:11.343+0000] {processor.py:161} INFO - Started process (PID=636) to work on /opt/airflow/dags/e_commerce_dw_dag.py
[2026-03-25T14:20:11.344+0000] {processor.py:830} INFO - Processing file /opt/airflow/dags/e_commerce_dw_dag.py for tasks to queue
[2026-03-25T14:20:11.345+0000] {logging_mixin.py:188} INFO - [2026-03-25T14:20:11.345+0000] {dagbag.py:545} INFO - Filling up the DagBag from /opt/airflow/dags/e_commerce_dw_dag.py
[2026-03-25T14:20:11.401+0000] {processor.py:840} INFO - DAG(s) 'e_commerce_dw_etl' retrieved from /opt/airflow/dags/e_commerce_dw_dag.py
[2026-03-25T14:20:11.436+0000] {logging_mixin.py:188} INFO - [2026-03-25T14:20:11.436+0000] {dag.py:3096} INFO - Sync 1 DAGs
[2026-03-25T14:20:11.459+0000] {logging_mixin.py:188} INFO - [2026-03-25T14:20:11.459+0000] {dag.py:3954} INFO - Setting next_dagrun for e_commerce_dw_etl to 2026-03-25 00:00:00+00:00, run_after=2026-03-26 00:00:00+00:00
[2026-03-25T14:20:11.482+0000] {processor.py:183} INFO - Processing /opt/airflow/dags/e_commerce_dw_dag.py took 0.146 seconds
[2026-03-25T14:20:42.012+0000] {processor.py:161} INFO - Started process (PID=662) to work on /opt/airflow/dags/e_commerce_dw_dag.py
[2026-03-25T14:20:42.013+0000] {processor.py:830} INFO - Processing file /opt/airflow/dags/e_commerce_dw_dag.py for tasks to queue
[2026-03-25T14:20:42.015+0000] {logging_mixin.py:188} INFO - [2026-03-25T14:20:42.015+0000] {dagbag.py:545} INFO - Filling up the DagBag from /opt/airflow/dags/e_commerce_dw_dag.py
[2026-03-25T14:20:42.077+0000] {processor.py:840} INFO - DAG(s) 'e_commerce_dw_etl' retrieved from /opt/airflow/dags/e_commerce_dw_dag.py
[2026-03-25T14:20:42.110+0000] {logging_mixin.py:188} INFO - [2026-03-25T14:20:42.110+0000] {dag.py:3096} INFO - Sync 1 DAGs
[2026-03-25T14:20:42.134+0000] {logging_mixin.py:188} INFO - [2026-03-25T14:20:42.134+0000] {dag.py:3954} INFO - Setting next_dagrun for e_commerce_dw_etl to 2026-03-25 00:00:00+00:00, run_after=2026-03-26 00:00:00+00:00
[2026-03-25T14:20:42.156+0000] {processor.py:183} INFO - Processing /opt/airflow/dags/e_commerce_dw_dag.py took 0.150 seconds
[2026-03-25T14:21:12.843+0000] {processor.py:161} INFO - Started process (PID=688) to work on /opt/airflow/dags/e_commerce_dw_dag.py
[2026-03-25T14:21:12.844+0000] {processor.py:830} INFO - Processing file /opt/airflow/dags/e_commerce_dw_dag.py for tasks to queue
[2026-03-25T14:21:12.846+0000] {logging_mixin.py:188} INFO - [2026-03-25T14:21:12.846+0000] {dagbag.py:545} INFO - Filling up the DagBag from /opt/airflow/dags/e_commerce_dw_dag.py
[2026-03-25T14:21:12.914+0000] {processor.py:840} INFO - DAG(s) 'e_commerce_dw_etl' retrieved from /opt/airflow/dags/e_commerce_dw_dag.py
[2026-03-25T14:21:12.952+0000] {logging_mixin.py:188} INFO - [2026-03-25T14:21:12.952+0000] {dag.py:3096} INFO - Sync 1 DAGs
[2026-03-25T14:21:12.980+0000] {logging_mixin.py:188} INFO - [2026-03-25T14:21:12.980+0000] {dag.py:3954} INFO - Setting next_dagrun for e_commerce_dw_etl to 2026-03-25 00:00:00+00:00, run_after=2026-03-26 00:00:00+00:00
[2026-03-25T14:21:13.003+0000] {processor.py:183} INFO - Processing /opt/airflow/dags/e_commerce_dw_dag.py took 0.166 seconds
[2026-03-25T14:21:43.775+0000] {processor.py:161} INFO - Started process (PID=714) to work on /opt/airflow/dags/e_commerce_dw_dag.py
[2026-03-25T14:21:43.776+0000] {processor.py:830} INFO - Processing file /opt/airflow/dags/e_commerce_dw_dag.py for tasks to queue
[2026-03-25T14:21:43.778+0000] {logging_mixin.py:188} INFO - [2026-03-25T14:21:43.778+0000] {dagbag.py:545} INFO - Filling up the DagBag from /opt/airflow/dags/e_commerce_dw_dag.py
[2026-03-25T14:21:43.858+0000] {processor.py:840} INFO - DAG(s) 'e_commerce_dw_etl' retrieved from /opt/airflow/dags/e_commerce_dw_dag.py
[2026-03-25T14:21:43.892+0000] {logging_mixin.py:188} INFO - [2026-03-25T14:21:43.892+0000] {dag.py:3096} INFO - Sync 1 DAGs
[2026-03-25T14:21:43.914+0000] {logging_mixin.py:188} INFO - [2026-03-25T14:21:43.914+0000] {dag.py:3954} INFO - Setting next_dagrun for e_commerce_dw_etl to 2026-03-25 00:00:00+00:00, run_after=2026-03-26 00:00:00+00:00
[2026-03-25T14:21:43.938+0000] {processor.py:183} INFO - Processing /opt/airflow/dags/e_commerce_dw_dag.py took 0.169 seconds
[2026-03-25T14:22:14.614+0000] {processor.py:161} INFO - Started process (PID=740) to work on /opt/airflow/dags/e_commerce_dw_dag.py
[2026-03-25T14:22:14.616+0000] {processor.py:830} INFO - Processing file /opt/airflow/dags/e_commerce_dw_dag.py for tasks to queue
[2026-03-25T14:22:14.618+0000] {logging_mixin.py:188} INFO - [2026-03-25T14:22:14.617+0000] {dagbag.py:545} INFO - Filling up the DagBag from /opt/airflow/dags/e_commerce_dw_dag.py
[2026-03-25T14:22:14.678+0000] {processor.py:840} INFO - DAG(s) 'e_commerce_dw_etl' retrieved from /opt/airflow/dags/e_commerce_dw_dag.py
[2026-03-25T14:22:14.712+0000] {logging_mixin.py:188} INFO - [2026-03-25T14:22:14.711+0000] {dag.py:3096} INFO - Sync 1 DAGs
[2026-03-25T14:22:14.734+0000] {logging_mixin.py:188} INFO - [2026-03-25T14:22:14.734+0000] {dag.py:3954} INFO - Setting next_dagrun for e_commerce_dw_etl to 2026-03-25 00:00:00+00:00, run_after=2026-03-26 00:00:00+00:00
[2026-03-25T14:22:14.758+0000] {processor.py:183} INFO - Processing /opt/airflow/dags/e_commerce_dw_dag.py took 0.150 seconds
[2026-03-25T14:22:45.408+0000] {processor.py:161} INFO - Started process (PID=766) to work on /opt/airflow/dags/e_commerce_dw_dag.py
[2026-03-25T14:22:45.409+0000] {processor.py:830} INFO - Processing file /opt/airflow/dags/e_commerce_dw_dag.py for tasks to queue
[2026-03-25T14:22:45.411+0000] {logging_mixin.py:188} INFO - [2026-03-25T14:22:45.411+0000] {dagbag.py:545} INFO - Filling up the DagBag from /opt/airflow/dags/e_commerce_dw_dag.py
[2026-03-25T14:22:45.466+0000] {processor.py:840} INFO - DAG(s) 'e_commerce_dw_etl' retrieved from /opt/airflow/dags/e_commerce_dw_dag.py
[2026-03-25T14:22:45.499+0000] {logging_mixin.py:188} INFO - [2026-03-25T14:22:45.498+0000] {dag.py:3096} INFO - Sync 1 DAGs
[2026-03-25T14:22:45.521+0000] {logging_mixin.py:188} INFO - [2026-03-25T14:22:45.521+0000] {dag.py:3954} INFO - Setting next_dagrun for e_commerce_dw_etl to 2026-03-25 00:00:00+00:00, run_after=2026-03-26 00:00:00+00:00
[2026-03-25T14:22:45.543+0000] {processor.py:183} INFO - Processing /opt/airflow/dags/e_commerce_dw_dag.py took 0.141 seconds
[2026-03-25T14:23:16.206+0000] {processor.py:161} INFO - Started process (PID=792) to work on /opt/airflow/dags/e_commerce_dw_dag.py
[2026-03-25T14:23:16.208+0000] {processor.py:830} INFO - Processing file /opt/airflow/dags/e_commerce_dw_dag.py for tasks to queue
[2026-03-25T14:23:16.224+0000] {logging_mixin.py:188} INFO - [2026-03-25T14:23:16.220+0000] {dagbag.py:545} INFO - Filling up the DagBag from /opt/airflow/dags/e_commerce_dw_dag.py
[2026-03-25T14:23:17.907+0000] {processor.py:840} INFO - DAG(s) 'e_commerce_dw_etl' retrieved from /opt/airflow/dags/e_commerce_dw_dag.py
[2026-03-25T14:23:18.244+0000] {logging_mixin.py:188} INFO - [2026-03-25T14:23:18.243+0000] {dag.py:3096} INFO - Sync 1 DAGs
[2026-03-25T14:23:18.421+0000] {logging_mixin.py:188} INFO - [2026-03-25T14:23:18.420+0000] {dag.py:3954} INFO - Setting next_dagrun for e_commerce_dw_etl to 2026-03-25 00:00:00+00:00, run_after=2026-03-26 00:00:00+00:00
[2026-03-25T14:23:18.511+0000] {processor.py:183} INFO - Processing /opt/airflow/dags/e_commerce_dw_dag.py took 2.315 seconds
[2026-03-25T14:23:48.663+0000] {processor.py:161} INFO - Started process (PID=823) to work on /opt/airflow/dags/e_commerce_dw_dag.py
[2026-03-25T14:23:48.664+0000] {processor.py:830} INFO - Processing file /opt/airflow/dags/e_commerce_dw_dag.py for tasks to queue
[2026-03-25T14:23:48.666+0000] {logging_mixin.py:188} INFO - [2026-03-25T14:23:48.666+0000] {dagbag.py:545} INFO - Filling up the DagBag from /opt/airflow/dags/e_commerce_dw_dag.py
[2026-03-25T14:23:48.725+0000] {processor.py:840} INFO - DAG(s) 'e_commerce_dw_etl' retrieved from /opt/airflow/dags/e_commerce_dw_dag.py
[2026-03-25T14:23:48.751+0000] {logging_mixin.py:188} INFO - [2026-03-25T14:23:48.751+0000] {dag.py:3096} INFO - Sync 1 DAGs
[2026-03-25T14:23:48.769+0000] {logging_mixin.py:188} INFO - [2026-03-25T14:23:48.769+0000] {dag.py:3954} INFO - Setting next_dagrun for e_commerce_dw_etl to 2026-03-25 00:00:00+00:00, run_after=2026-03-26 00:00:00+00:00
[2026-03-25T14:23:48.799+0000] {processor.py:183} INFO - Processing /opt/airflow/dags/e_commerce_dw_dag.py took 0.142 seconds
[2026-03-25T14:24:19.379+0000] {processor.py:161} INFO - Started process (PID=849) to work on /opt/airflow/dags/e_commerce_dw_dag.py
[2026-03-25T14:24:19.381+0000] {processor.py:830} INFO - Processing file /opt/airflow/dags/e_commerce_dw_dag.py for tasks to queue
[2026-03-25T14:24:19.383+0000] {logging_mixin.py:188} INFO - [2026-03-25T14:24:19.383+0000] {dagbag.py:545} INFO - Filling up the DagBag from /opt/airflow/dags/e_commerce_dw_dag.py
[2026-03-25T14:24:19.513+0000] {processor.py:840} INFO - DAG(s) 'e_commerce_dw_etl' retrieved from /opt/airflow/dags/e_commerce_dw_dag.py
[2026-03-25T14:24:19.549+0000] {logging_mixin.py:188} INFO - [2026-03-25T14:24:19.548+0000] {dag.py:3096} INFO - Sync 1 DAGs
[2026-03-25T14:24:19.576+0000] {logging_mixin.py:188} INFO - [2026-03-25T14:24:19.576+0000] {dag.py:3954} INFO - Setting next_dagrun for e_commerce_dw_etl to 2026-03-25 00:00:00+00:00, run_after=2026-03-26 00:00:00+00:00
[2026-03-25T14:24:19.607+0000] {processor.py:183} INFO - Processing /opt/airflow/dags/e_commerce_dw_dag.py took 0.234 seconds
[2026-03-25T14:24:50.220+0000] {processor.py:161} INFO - Started process (PID=875) to work on /opt/airflow/dags/e_commerce_dw_dag.py
[2026-03-25T14:24:50.221+0000] {processor.py:830} INFO - Processing file /opt/airflow/dags/e_commerce_dw_dag.py for tasks to queue
[2026-03-25T14:24:50.223+0000] {logging_mixin.py:188} INFO - [2026-03-25T14:24:50.223+0000] {dagbag.py:545} INFO - Filling up the DagBag from /opt/airflow/dags/e_commerce_dw_dag.py
[2026-03-25T14:24:50.271+0000] {processor.py:840} INFO - DAG(s) 'e_commerce_dw_etl' retrieved from /opt/airflow/dags/e_commerce_dw_dag.py
[2026-03-25T14:24:50.303+0000] {logging_mixin.py:188} INFO - [2026-03-25T14:24:50.302+0000] {dag.py:3096} INFO - Sync 1 DAGs
[2026-03-25T14:24:50.323+0000] {logging_mixin.py:188} INFO - [2026-03-25T14:24:50.323+0000] {dag.py:3954} INFO - Setting next_dagrun for e_commerce_dw_etl to 2026-03-25 00:00:00+00:00, run_after=2026-03-26 00:00:00+00:00
[2026-03-25T14:24:50.347+0000] {processor.py:183} INFO - Processing /opt/airflow/dags/e_commerce_dw_dag.py took 0.134 seconds
[2026-03-25T14:25:21.007+0000] {processor.py:161} INFO - Started process (PID=901) to work on /opt/airflow/dags/e_commerce_dw_dag.py
[2026-03-25T14:25:21.009+0000] {processor.py:830} INFO - Processing file /opt/airflow/dags/e_commerce_dw_dag.py for tasks to queue
[2026-03-25T14:25:21.012+0000] {logging_mixin.py:188} INFO - [2026-03-25T14:25:21.011+0000] {dagbag.py:545} INFO - Filling up the DagBag from /opt/airflow/dags/e_commerce_dw_dag.py
[2026-03-25T14:25:21.110+0000] {processor.py:840} INFO - DAG(s) 'e_commerce_dw_etl' retrieved from /opt/airflow/dags/e_commerce_dw_dag.py
[2026-03-25T14:25:21.137+0000] {logging_mixin.py:188} INFO - [2026-03-25T14:25:21.137+0000] {dag.py:3096} INFO - Sync 1 DAGs
[2026-03-25T14:25:21.156+0000] {logging_mixin.py:188} INFO - [2026-03-25T14:25:21.156+0000] {dag.py:3954} INFO - Setting next_dagrun for e_commerce_dw_etl to 2026-03-25 00:00:00+00:00, run_after=2026-03-26 00:00:00+00:00
[2026-03-25T14:25:21.181+0000] {processor.py:183} INFO - Processing /opt/airflow/dags/e_commerce_dw_dag.py took 0.181 seconds
[2026-03-25T14:25:51.793+0000] {processor.py:161} INFO - Started process (PID=927) to work on /opt/airflow/dags/e_commerce_dw_dag.py
[2026-03-25T14:25:51.794+0000] {processor.py:830} INFO - Processing file /opt/airflow/dags/e_commerce_dw_dag.py for tasks to queue
[2026-03-25T14:25:51.796+0000] {logging_mixin.py:188} INFO - [2026-03-25T14:25:51.796+0000] {dagbag.py:545} INFO - Filling up the DagBag from /opt/airflow/dags/e_commerce_dw_dag.py
[2026-03-25T14:25:51.857+0000] {processor.py:840} INFO - DAG(s) 'e_commerce_dw_etl' retrieved from /opt/airflow/dags/e_commerce_dw_dag.py
[2026-03-25T14:25:51.884+0000] {logging_mixin.py:188} INFO - [2026-03-25T14:25:51.883+0000] {dag.py:3096} INFO - Sync 1 DAGs
[2026-03-25T14:25:51.903+0000] {logging_mixin.py:188} INFO - [2026-03-25T14:25:51.902+0000] {dag.py:3954} INFO - Setting next_dagrun for e_commerce_dw_etl to 2026-03-25 00:00:00+00:00, run_after=2026-03-26 00:00:00+00:00
[2026-03-25T14:25:51.926+0000] {processor.py:183} INFO - Processing /opt/airflow/dags/e_commerce_dw_dag.py took 0.139 seconds
[2026-03-25T14:26:22.588+0000] {processor.py:161} INFO - Started process (PID=953) to work on /opt/airflow/dags/e_commerce_dw_dag.py
[2026-03-25T14:26:22.591+0000] {processor.py:830} INFO - Processing file /opt/airflow/dags/e_commerce_dw_dag.py for tasks to queue
[2026-03-25T14:26:22.594+0000] {logging_mixin.py:188} INFO - [2026-03-25T14:26:22.593+0000] {dagbag.py:545} INFO - Filling up the DagBag from /opt/airflow/dags/e_commerce_dw_dag.py
[2026-03-25T14:26:22.710+0000] {processor.py:840} INFO - DAG(s) 'e_commerce_dw_etl' retrieved from /opt/airflow/dags/e_commerce_dw_dag.py
[2026-03-25T14:26:22.744+0000] {logging_mixin.py:188} INFO - [2026-03-25T14:26:22.744+0000] {dag.py:3096} INFO - Sync 1 DAGs
[2026-03-25T14:26:22.766+0000] {logging_mixin.py:188} INFO - [2026-03-25T14:26:22.766+0000] {dag.py:3954} INFO - Setting next_dagrun for e_commerce_dw_etl to 2026-03-25 00:00:00+00:00, run_after=2026-03-26 00:00:00+00:00
[2026-03-25T14:26:22.796+0000] {processor.py:183} INFO - Processing /opt/airflow/dags/e_commerce_dw_dag.py took 0.219 seconds
[2026-03-25T14:26:53.526+0000] {processor.py:161} INFO - Started process (PID=980) to work on /opt/airflow/dags/e_commerce_dw_dag.py
[2026-03-25T14:26:53.527+0000] {processor.py:830} INFO - Processing file /opt/airflow/dags/e_commerce_dw_dag.py for tasks to queue
[2026-03-25T14:26:53.530+0000] {logging_mixin.py:188} INFO - [2026-03-25T14:26:53.529+0000] {dagbag.py:545} INFO - Filling up the DagBag from /opt/airflow/dags/e_commerce_dw_dag.py
[2026-03-25T14:26:53.643+0000] {processor.py:840} INFO - DAG(s) 'e_commerce_dw_etl' retrieved from /opt/airflow/dags/e_commerce_dw_dag.py
[2026-03-25T14:26:53.675+0000] {logging_mixin.py:188} INFO - [2026-03-25T14:26:53.675+0000] {dag.py:3096} INFO - Sync 1 DAGs
[2026-03-25T14:26:53.706+0000] {logging_mixin.py:188} INFO - [2026-03-25T14:26:53.706+0000] {dag.py:3954} INFO - Setting next_dagrun for e_commerce_dw_etl to 2026-03-25 00:00:00+00:00, run_after=2026-03-26 00:00:00+00:00
[2026-03-25T14:26:53.732+0000] {processor.py:183} INFO - Processing /opt/airflow/dags/e_commerce_dw_dag.py took 0.213 seconds
[2026-03-25T14:27:24.304+0000] {processor.py:161} INFO - Started process (PID=1006) to work on /opt/airflow/dags/e_commerce_dw_dag.py
[2026-03-25T14:27:24.306+0000] {processor.py:830} INFO - Processing file /opt/airflow/dags/e_commerce_dw_dag.py for tasks to queue
[2026-03-25T14:27:24.308+0000] {logging_mixin.py:188} INFO - [2026-03-25T14:27:24.308+0000] {dagbag.py:545} INFO - Filling up the DagBag from /opt/airflow/dags/e_commerce_dw_dag.py
[2026-03-25T14:27:24.367+0000] {processor.py:840} INFO - DAG(s) 'e_commerce_dw_etl' retrieved from /opt/airflow/dags/e_commerce_dw_dag.py
[2026-03-25T14:27:24.393+0000] {logging_mixin.py:188} INFO - [2026-03-25T14:27:24.393+0000] {dag.py:3096} INFO - Sync 1 DAGs
[2026-03-25T14:27:24.411+0000] {logging_mixin.py:188} INFO - [2026-03-25T14:27:24.411+0000] {dag.py:3954} INFO - Setting next_dagrun for e_commerce_dw_etl to 2026-03-25 00:00:00+00:00, run_after=2026-03-26 00:00:00+00:00
[2026-03-25T14:27:24.435+0000] {processor.py:183} INFO - Processing /opt/airflow/dags/e_commerce_dw_dag.py took 0.137 seconds
[2026-03-25T14:27:55.093+0000] {processor.py:161} INFO - Started process (PID=1034) to work on /opt/airflow/dags/e_commerce_dw_dag.py
[2026-03-25T14:27:55.095+0000] {processor.py:830} INFO - Processing file /opt/airflow/dags/e_commerce_dw_dag.py for tasks to queue
[2026-03-25T14:27:55.097+0000] {logging_mixin.py:188} INFO - [2026-03-25T14:27:55.097+0000] {dagbag.py:545} INFO - Filling up the DagBag from /opt/airflow/dags/e_commerce_dw_dag.py
[2026-03-25T14:27:55.196+0000] {processor.py:840} INFO - DAG(s) 'e_commerce_dw_etl' retrieved from /opt/airflow/dags/e_commerce_dw_dag.py
[2026-03-25T14:27:55.231+0000] {logging_mixin.py:188} INFO - [2026-03-25T14:27:55.231+0000] {dag.py:3096} INFO - Sync 1 DAGs
[2026-03-25T14:27:55.254+0000] {logging_mixin.py:188} INFO - [2026-03-25T14:27:55.254+0000] {dag.py:3954} INFO - Setting next_dagrun for e_commerce_dw_etl to 2026-03-25 00:00:00+00:00, run_after=2026-03-26 00:00:00+00:00
[2026-03-25T14:27:55.282+0000] {processor.py:183} INFO - Processing /opt/airflow/dags/e_commerce_dw_dag.py took 0.195 seconds
[2026-03-25T14:28:25.896+0000] {processor.py:161} INFO - Started process (PID=1061) to work on /opt/airflow/dags/e_commerce_dw_dag.py
[2026-03-25T14:28:25.898+0000] {processor.py:830} INFO - Processing file /opt/airflow/dags/e_commerce_dw_dag.py for tasks to queue
[2026-03-25T14:28:25.899+0000] {logging_mixin.py:188} INFO - [2026-03-25T14:28:25.899+0000] {dagbag.py:545} INFO - Filling up the DagBag from /opt/airflow/dags/e_commerce_dw_dag.py
[2026-03-25T14:28:25.959+0000] {processor.py:840} INFO - DAG(s) 'e_commerce_dw_etl' retrieved from /opt/airflow/dags/e_commerce_dw_dag.py
[2026-03-25T14:28:25.988+0000] {logging_mixin.py:188} INFO - [2026-03-25T14:28:25.987+0000] {dag.py:3096} INFO - Sync 1 DAGs
[2026-03-25T14:28:26.009+0000] {logging_mixin.py:188} INFO - [2026-03-25T14:28:26.009+0000] {dag.py:3954} INFO - Setting next_dagrun for e_commerce_dw_etl to 2026-03-25 00:00:00+00:00, run_after=2026-03-26 00:00:00+00:00
[2026-03-25T14:28:26.037+0000] {processor.py:183} INFO - Processing /opt/airflow/dags/e_commerce_dw_dag.py took 0.146 seconds
[2026-03-25T14:28:56.661+0000] {processor.py:161} INFO - Started process (PID=1087) to work on /opt/airflow/dags/e_commerce_dw_dag.py
[2026-03-25T14:28:56.662+0000] {processor.py:830} INFO - Processing file /opt/airflow/dags/e_commerce_dw_dag.py for tasks to queue
[2026-03-25T14:28:56.664+0000] {logging_mixin.py:188} INFO - [2026-03-25T14:28:56.664+0000] {dagbag.py:545} INFO - Filling up the DagBag from /opt/airflow/dags/e_commerce_dw_dag.py
[2026-03-25T14:28:56.720+0000] {processor.py:840} INFO - DAG(s) 'e_commerce_dw_etl' retrieved from /opt/airflow/dags/e_commerce_dw_dag.py
[2026-03-25T14:28:56.746+0000] {logging_mixin.py:188} INFO - [2026-03-25T14:28:56.746+0000] {dag.py:3096} INFO - Sync 1 DAGs
[2026-03-25T14:28:56.764+0000] {logging_mixin.py:188} INFO - [2026-03-25T14:28:56.764+0000] {dag.py:3954} INFO - Setting next_dagrun for e_commerce_dw_etl to 2026-03-25 00:00:00+00:00, run_after=2026-03-26 00:00:00+00:00
[2026-03-25T14:28:56.790+0000] {processor.py:183} INFO - Processing /opt/airflow/dags/e_commerce_dw_dag.py took 0.136 seconds
[2026-03-25T14:29:27.359+0000] {processor.py:161} INFO - Started process (PID=1113) to work on /opt/airflow/dags/e_commerce_dw_dag.py
[2026-03-25T14:29:27.360+0000] {processor.py:830} INFO - Processing file /opt/airflow/dags/e_commerce_dw_dag.py for tasks to queue
[2026-03-25T14:29:27.363+0000] {logging_mixin.py:188} INFO - [2026-03-25T14:29:27.362+0000] {dagbag.py:545} INFO - Filling up the DagBag from /opt/airflow/dags/e_commerce_dw_dag.py
[2026-03-25T14:29:27.448+0000] {processor.py:840} INFO - DAG(s) 'e_commerce_dw_etl' retrieved from /opt/airflow/dags/e_commerce_dw_dag.py
[2026-03-25T14:29:27.474+0000] {logging_mixin.py:188} INFO - [2026-03-25T14:29:27.474+0000] {dag.py:3096} INFO - Sync 1 DAGs
[2026-03-25T14:29:27.493+0000] {logging_mixin.py:188} INFO - [2026-03-25T14:29:27.493+0000] {dag.py:3954} INFO - Setting next_dagrun for e_commerce_dw_etl to 2026-03-25 00:00:00+00:00, run_after=2026-03-26 00:00:00+00:00
[2026-03-25T14:29:27.517+0000] {processor.py:183} INFO - Processing /opt/airflow/dags/e_commerce_dw_dag.py took 0.164 seconds
[2026-03-25T14:29:45.021+0000] {processor.py:161} INFO - Started process (PID=178) to work on /opt/airflow/dags/e_commerce_dw_dag.py
[2026-03-25T14:29:45.023+0000] {processor.py:830} INFO - Processing file /opt/airflow/dags/e_commerce_dw_dag.py for tasks to queue
[2026-03-25T14:29:45.026+0000] {logging_mixin.py:188} INFO - [2026-03-25T14:29:45.025+0000] {dagbag.py:545} INFO - Filling up the DagBag from /opt/airflow/dags/e_commerce_dw_dag.py
[2026-03-25T14:29:45.110+0000] {processor.py:840} INFO - DAG(s) 'e_commerce_dw_etl' retrieved from /opt/airflow/dags/e_commerce_dw_dag.py
[2026-03-25T14:29:45.158+0000] {logging_mixin.py:188} INFO - [2026-03-25T14:29:45.158+0000] {dag.py:3096} INFO - Sync 1 DAGs
[2026-03-25T14:29:45.182+0000] {logging_mixin.py:188} INFO - [2026-03-25T14:29:45.182+0000] {dag.py:3954} INFO - Setting next_dagrun for e_commerce_dw_etl to 2026-03-25 00:00:00+00:00, run_after=2026-03-26 00:00:00+00:00
[2026-03-25T14:29:45.208+0000] {processor.py:183} INFO - Processing /opt/airflow/dags/e_commerce_dw_dag.py took 0.199 seconds
[2026-03-25T14:30:15.792+0000] {processor.py:161} INFO - Started process (PID=204) to work on /opt/airflow/dags/e_commerce_dw_dag.py
[2026-03-25T14:30:15.794+0000] {processor.py:830} INFO - Processing file /opt/airflow/dags/e_commerce_dw_dag.py for tasks to queue
[2026-03-25T14:30:15.799+0000] {logging_mixin.py:188} INFO - [2026-03-25T14:30:15.798+0000] {dagbag.py:545} INFO - Filling up the DagBag from /opt/airflow/dags/e_commerce_dw_dag.py
[2026-03-25T14:30:15.894+0000] {processor.py:840} INFO - DAG(s) 'e_commerce_dw_etl' retrieved from /opt/airflow/dags/e_commerce_dw_dag.py
[2026-03-25T14:30:15.938+0000] {logging_mixin.py:188} INFO - [2026-03-25T14:30:15.937+0000] {dag.py:3096} INFO - Sync 1 DAGs
[2026-03-25T14:30:15.969+0000] {logging_mixin.py:188} INFO - [2026-03-25T14:30:15.969+0000] {dag.py:3954} INFO - Setting next_dagrun for e_commerce_dw_etl to 2026-03-25 00:00:00+00:00, run_after=2026-03-26 00:00:00+00:00
[2026-03-25T14:30:15.996+0000] {processor.py:183} INFO - Processing /opt/airflow/dags/e_commerce_dw_dag.py took 0.219 seconds
[2026-03-25T14:30:46.520+0000] {processor.py:161} INFO - Started process (PID=230) to work on /opt/airflow/dags/e_commerce_dw_dag.py
[2026-03-25T14:30:46.522+0000] {processor.py:830} INFO - Processing file /opt/airflow/dags/e_commerce_dw_dag.py for tasks to queue
[2026-03-25T14:30:46.524+0000] {logging_mixin.py:188} INFO - [2026-03-25T14:30:46.523+0000] {dagbag.py:545} INFO - Filling up the DagBag from /opt/airflow/dags/e_commerce_dw_dag.py
[2026-03-25T14:30:46.607+0000] {processor.py:840} INFO - DAG(s) 'e_commerce_dw_etl' retrieved from /opt/airflow/dags/e_commerce_dw_dag.py
[2026-03-25T14:30:46.642+0000] {logging_mixin.py:188} INFO - [2026-03-25T14:30:46.642+0000] {dag.py:3096} INFO - Sync 1 DAGs
[2026-03-25T14:30:46.665+0000] {logging_mixin.py:188} INFO - [2026-03-25T14:30:46.665+0000] {dag.py:3954} INFO - Setting next_dagrun for e_commerce_dw_etl to 2026-03-25 00:00:00+00:00, run_after=2026-03-26 00:00:00+00:00
[2026-03-25T14:30:46.690+0000] {processor.py:183} INFO - Processing /opt/airflow/dags/e_commerce_dw_dag.py took 0.176 seconds
[2026-03-25T14:31:17.222+0000] {processor.py:161} INFO - Started process (PID=272) to work on /opt/airflow/dags/e_commerce_dw_dag.py
[2026-03-25T14:31:17.225+0000] {processor.py:830} INFO - Processing file /opt/airflow/dags/e_commerce_dw_dag.py for tasks to queue
[2026-03-25T14:31:17.230+0000] {logging_mixin.py:188} INFO - [2026-03-25T14:31:17.229+0000] {dagbag.py:545} INFO - Filling up the DagBag from /opt/airflow/dags/e_commerce_dw_dag.py
[2026-03-25T14:31:17.307+0000] {processor.py:840} INFO - DAG(s) 'e_commerce_dw_etl' retrieved from /opt/airflow/dags/e_commerce_dw_dag.py
[2026-03-25T14:31:17.339+0000] {logging_mixin.py:188} INFO - [2026-03-25T14:31:17.339+0000] {dag.py:3096} INFO - Sync 1 DAGs
[2026-03-25T14:31:17.359+0000] {logging_mixin.py:188} INFO - [2026-03-25T14:31:17.359+0000] {dag.py:3954} INFO - Setting next_dagrun for e_commerce_dw_etl to 2026-03-25 00:00:00+00:00, run_after=2026-03-26 00:00:00+00:00
[2026-03-25T14:31:17.386+0000] {processor.py:183} INFO - Processing /opt/airflow/dags/e_commerce_dw_dag.py took 0.178 seconds
[2026-03-25T14:31:47.953+0000] {processor.py:161} INFO - Started process (PID=298) to work on /opt/airflow/dags/e_commerce_dw_dag.py
[2026-03-25T14:31:47.955+0000] {processor.py:830} INFO - Processing file /opt/airflow/dags/e_commerce_dw_dag.py for tasks to queue
[2026-03-25T14:31:47.958+0000] {logging_mixin.py:188} INFO - [2026-03-25T14:31:47.958+0000] {dagbag.py:545} INFO - Filling up the DagBag from /opt/airflow/dags/e_commerce_dw_dag.py
[2026-03-25T14:31:48.022+0000] {processor.py:840} INFO - DAG(s) 'e_commerce_dw_etl' retrieved from /opt/airflow/dags/e_commerce_dw_dag.py
[2026-03-25T14:31:48.054+0000] {logging_mixin.py:188} INFO - [2026-03-25T14:31:48.054+0000] {dag.py:3096} INFO - Sync 1 DAGs
[2026-03-25T14:31:48.078+0000] {logging_mixin.py:188} INFO - [2026-03-25T14:31:48.077+0000] {dag.py:3954} INFO - Setting next_dagrun for e_commerce_dw_etl to 2026-03-25 00:00:00+00:00, run_after=2026-03-26 00:00:00+00:00
[2026-03-25T14:31:48.101+0000] {processor.py:183} INFO - Processing /opt/airflow/dags/e_commerce_dw_dag.py took 0.157 seconds
[2026-03-25T14:32:18.648+0000] {processor.py:161} INFO - Started process (PID=324) to work on /opt/airflow/dags/e_commerce_dw_dag.py
[2026-03-25T14:32:18.649+0000] {processor.py:830} INFO - Processing file /opt/airflow/dags/e_commerce_dw_dag.py for tasks to queue
[2026-03-25T14:32:18.651+0000] {logging_mixin.py:188} INFO - [2026-03-25T14:32:18.651+0000] {dagbag.py:545} INFO - Filling up the DagBag from /opt/airflow/dags/e_commerce_dw_dag.py
[2026-03-25T14:32:18.738+0000] {processor.py:840} INFO - DAG(s) 'e_commerce_dw_etl' retrieved from /opt/airflow/dags/e_commerce_dw_dag.py
[2026-03-25T14:32:18.766+0000] {logging_mixin.py:188} INFO - [2026-03-25T14:32:18.766+0000] {dag.py:3096} INFO - Sync 1 DAGs
[2026-03-25T14:32:18.787+0000] {logging_mixin.py:188} INFO - [2026-03-25T14:32:18.787+0000] {dag.py:3954} INFO - Setting next_dagrun for e_commerce_dw_etl to 2026-03-25 00:00:00+00:00, run_after=2026-03-26 00:00:00+00:00
[2026-03-25T14:32:18.806+0000] {processor.py:183} INFO - Processing /opt/airflow/dags/e_commerce_dw_dag.py took 0.168 seconds
[2026-03-25T14:32:49.353+0000] {processor.py:161} INFO - Started process (PID=350) to work on /opt/airflow/dags/e_commerce_dw_dag.py
[2026-03-25T14:32:49.354+0000] {processor.py:830} INFO - Processing file /opt/airflow/dags/e_commerce_dw_dag.py for tasks to queue
[2026-03-25T14:32:49.357+0000] {logging_mixin.py:188} INFO - [2026-03-25T14:32:49.356+0000] {dagbag.py:545} INFO - Filling up the DagBag from /opt/airflow/dags/e_commerce_dw_dag.py
[2026-03-25T14:32:49.454+0000] {processor.py:840} INFO - DAG(s) 'e_commerce_dw_etl' retrieved from /opt/airflow/dags/e_commerce_dw_dag.py
[2026-03-25T14:32:49.484+0000] {logging_mixin.py:188} INFO - [2026-03-25T14:32:49.483+0000] {dag.py:3096} INFO - Sync 1 DAGs
[2026-03-25T14:32:49.503+0000] {logging_mixin.py:188} INFO - [2026-03-25T14:32:49.503+0000] {dag.py:3954} INFO - Setting next_dagrun for e_commerce_dw_etl to 2026-03-25 00:00:00+00:00, run_after=2026-03-26 00:00:00+00:00
[2026-03-25T14:32:49.520+0000] {processor.py:183} INFO - Processing /opt/airflow/dags/e_commerce_dw_dag.py took 0.173 seconds
[2026-03-25T14:33:20.188+0000] {processor.py:161} INFO - Started process (PID=382) to work on /opt/airflow/dags/e_commerce_dw_dag.py
[2026-03-25T14:33:20.189+0000] {processor.py:830} INFO - Processing file /opt/airflow/dags/e_commerce_dw_dag.py for tasks to queue
[2026-03-25T14:33:20.191+0000] {logging_mixin.py:188} INFO - [2026-03-25T14:33:20.191+0000] {dagbag.py:545} INFO - Filling up the DagBag from /opt/airflow/dags/e_commerce_dw_dag.py
[2026-03-25T14:33:20.255+0000] {processor.py:840} INFO - DAG(s) 'e_commerce_dw_etl' retrieved from /opt/airflow/dags/e_commerce_dw_dag.py
[2026-03-25T14:33:20.291+0000] {logging_mixin.py:188} INFO - [2026-03-25T14:33:20.291+0000] {dag.py:3096} INFO - Sync 1 DAGs
[2026-03-25T14:33:20.316+0000] {logging_mixin.py:188} INFO - [2026-03-25T14:33:20.316+0000] {dag.py:3954} INFO - Setting next_dagrun for e_commerce_dw_etl to 2026-03-25 00:00:00+00:00, run_after=2026-03-26 00:00:00+00:00
[2026-03-25T14:33:20.342+0000] {processor.py:183} INFO - Processing /opt/airflow/dags/e_commerce_dw_dag.py took 0.163 seconds
[2026-03-25T14:33:50.923+0000] {processor.py:161} INFO - Started process (PID=408) to work on /opt/airflow/dags/e_commerce_dw_dag.py
[2026-03-25T14:33:50.924+0000] {processor.py:830} INFO - Processing file /opt/airflow/dags/e_commerce_dw_dag.py for tasks to queue
[2026-03-25T14:33:50.927+0000] {logging_mixin.py:188} INFO - [2026-03-25T14:33:50.926+0000] {dagbag.py:545} INFO - Filling up the DagBag from /opt/airflow/dags/e_commerce_dw_dag.py
[2026-03-25T14:33:50.993+0000] {processor.py:840} INFO - DAG(s) 'e_commerce_dw_etl' retrieved from /opt/airflow/dags/e_commerce_dw_dag.py
[2026-03-25T14:33:51.022+0000] {logging_mixin.py:188} INFO - [2026-03-25T14:33:51.022+0000] {dag.py:3096} INFO - Sync 1 DAGs
[2026-03-25T14:33:51.043+0000] {logging_mixin.py:188} INFO - [2026-03-25T14:33:51.043+0000] {dag.py:3954} INFO - Setting next_dagrun for e_commerce_dw_etl to 2026-03-25 00:00:00+00:00, run_after=2026-03-26 00:00:00+00:00
[2026-03-25T14:33:51.070+0000] {processor.py:183} INFO - Processing /opt/airflow/dags/e_commerce_dw_dag.py took 0.156 seconds
[2026-03-25T14:34:21.700+0000] {processor.py:161} INFO - Started process (PID=434) to work on /opt/airflow/dags/e_commerce_dw_dag.py
[2026-03-25T14:34:21.701+0000] {processor.py:830} INFO - Processing file /opt/airflow/dags/e_commerce_dw_dag.py for tasks to queue
[2026-03-25T14:34:21.703+0000] {logging_mixin.py:188} INFO - [2026-03-25T14:34:21.703+0000] {dagbag.py:545} INFO - Filling up the DagBag from /opt/airflow/dags/e_commerce_dw_dag.py
[2026-03-25T14:34:21.785+0000] {processor.py:840} INFO - DAG(s) 'e_commerce_dw_etl' retrieved from /opt/airflow/dags/e_commerce_dw_dag.py
[2026-03-25T14:34:21.832+0000] {logging_mixin.py:188} INFO - [2026-03-25T14:34:21.832+0000] {dag.py:3096} INFO - Sync 1 DAGs
[2026-03-25T14:34:21.870+0000] {logging_mixin.py:188} INFO - [2026-03-25T14:34:21.870+0000] {dag.py:3954} INFO - Setting next_dagrun for e_commerce_dw_etl to 2026-03-25 00:00:00+00:00, run_after=2026-03-26 00:00:00+00:00
[2026-03-25T14:34:21.904+0000] {processor.py:183} INFO - Processing /opt/airflow/dags/e_commerce_dw_dag.py took 0.211 seconds
[2026-03-25T14:34:52.693+0000] {processor.py:161} INFO - Started process (PID=460) to work on /opt/airflow/dags/e_commerce_dw_dag.py
[2026-03-25T14:34:52.694+0000] {processor.py:830} INFO - Processing file /opt/airflow/dags/e_commerce_dw_dag.py for tasks to queue
[2026-03-25T14:34:52.697+0000] {logging_mixin.py:188} INFO - [2026-03-25T14:34:52.696+0000] {dagbag.py:545} INFO - Filling up the DagBag from /opt/airflow/dags/e_commerce_dw_dag.py
[2026-03-25T14:34:52.760+0000] {processor.py:840} INFO - DAG(s) 'e_commerce_dw_etl' retrieved from /opt/airflow/dags/e_commerce_dw_dag.py
[2026-03-25T14:34:52.787+0000] {logging_mixin.py:188} INFO - [2026-03-25T14:34:52.787+0000] {dag.py:3096} INFO - Sync 1 DAGs
[2026-03-25T14:34:52.810+0000] {logging_mixin.py:188} INFO - [2026-03-25T14:34:52.809+0000] {dag.py:3954} INFO - Setting next_dagrun for e_commerce_dw_etl to 2026-03-25 00:00:00+00:00, run_after=2026-03-26 00:00:00+00:00
[2026-03-25T14:34:52.835+0000] {processor.py:183} INFO - Processing /opt/airflow/dags/e_commerce_dw_dag.py took 0.150 seconds
[2026-03-25T14:35:23.409+0000] {processor.py:161} INFO - Started process (PID=486) to work on /opt/airflow/dags/e_commerce_dw_dag.py
[2026-03-25T14:35:23.410+0000] {processor.py:830} INFO - Processing file /opt/airflow/dags/e_commerce_dw_dag.py for tasks to queue
[2026-03-25T14:35:23.413+0000] {logging_mixin.py:188} INFO - [2026-03-25T14:35:23.412+0000] {dagbag.py:545} INFO - Filling up the DagBag from /opt/airflow/dags/e_commerce_dw_dag.py
[2026-03-25T14:35:23.491+0000] {processor.py:840} INFO - DAG(s) 'e_commerce_dw_etl' retrieved from /opt/airflow/dags/e_commerce_dw_dag.py
[2026-03-25T14:35:23.534+0000] {logging_mixin.py:188} INFO - [2026-03-25T14:35:23.534+0000] {dag.py:3096} INFO - Sync 1 DAGs
[2026-03-25T14:35:23.561+0000] {logging_mixin.py:188} INFO - [2026-03-25T14:35:23.561+0000] {dag.py:3954} INFO - Setting next_dagrun for e_commerce_dw_etl to 2026-03-25 00:00:00+00:00, run_after=2026-03-26 00:00:00+00:00
[2026-03-25T14:35:23.586+0000] {processor.py:183} INFO - Processing /opt/airflow/dags/e_commerce_dw_dag.py took 0.184 seconds
[2026-03-25T14:35:54.206+0000] {processor.py:161} INFO - Started process (PID=512) to work on /opt/airflow/dags/e_commerce_dw_dag.py
[2026-03-25T14:35:54.208+0000] {processor.py:830} INFO - Processing file /opt/airflow/dags/e_commerce_dw_dag.py for tasks to queue
[2026-03-25T14:35:54.211+0000] {logging_mixin.py:188} INFO - [2026-03-25T14:35:54.211+0000] {dagbag.py:545} INFO - Filling up the DagBag from /opt/airflow/dags/e_commerce_dw_dag.py
[2026-03-25T14:35:54.300+0000] {processor.py:840} INFO - DAG(s) 'e_commerce_dw_etl' retrieved from /opt/airflow/dags/e_commerce_dw_dag.py
[2026-03-25T14:35:54.332+0000] {logging_mixin.py:188} INFO - [2026-03-25T14:35:54.332+0000] {dag.py:3096} INFO - Sync 1 DAGs
[2026-03-25T14:35:54.362+0000] {logging_mixin.py:188} INFO - [2026-03-25T14:35:54.362+0000] {dag.py:3954} INFO - Setting next_dagrun for e_commerce_dw_etl to 2026-03-25 00:00:00+00:00, run_after=2026-03-26 00:00:00+00:00
[2026-03-25T14:35:54.386+0000] {processor.py:183} INFO - Processing /opt/airflow/dags/e_commerce_dw_dag.py took 0.188 seconds
[2026-03-25T14:36:25.007+0000] {processor.py:161} INFO - Started process (PID=538) to work on /opt/airflow/dags/e_commerce_dw_dag.py
[2026-03-25T14:36:25.009+0000] {processor.py:830} INFO - Processing file /opt/airflow/dags/e_commerce_dw_dag.py for tasks to queue
[2026-03-25T14:36:25.015+0000] {logging_mixin.py:188} INFO - [2026-03-25T14:36:25.013+0000] {dagbag.py:545} INFO - Filling up the DagBag from /opt/airflow/dags/e_commerce_dw_dag.py
[2026-03-25T14:36:25.120+0000] {processor.py:840} INFO - DAG(s) 'e_commerce_dw_etl' retrieved from /opt/airflow/dags/e_commerce_dw_dag.py
[2026-03-25T14:36:25.161+0000] {logging_mixin.py:188} INFO - [2026-03-25T14:36:25.160+0000] {dag.py:3096} INFO - Sync 1 DAGs
[2026-03-25T14:36:25.190+0000] {logging_mixin.py:188} INFO - [2026-03-25T14:36:25.190+0000] {dag.py:3954} INFO - Setting next_dagrun for e_commerce_dw_etl to 2026-03-25 00:00:00+00:00, run_after=2026-03-26 00:00:00+00:00
[2026-03-25T14:36:25.219+0000] {processor.py:183} INFO - Processing /opt/airflow/dags/e_commerce_dw_dag.py took 0.223 seconds
[2026-03-25T14:36:55.799+0000] {processor.py:161} INFO - Started process (PID=564) to work on /opt/airflow/dags/e_commerce_dw_dag.py
[2026-03-25T14:36:55.800+0000] {processor.py:830} INFO - Processing file /opt/airflow/dags/e_commerce_dw_dag.py for tasks to queue
[2026-03-25T14:36:55.802+0000] {logging_mixin.py:188} INFO - [2026-03-25T14:36:55.802+0000] {dagbag.py:545} INFO - Filling up the DagBag from /opt/airflow/dags/e_commerce_dw_dag.py
[2026-03-25T14:36:55.860+0000] {processor.py:840} INFO - DAG(s) 'e_commerce_dw_etl' retrieved from /opt/airflow/dags/e_commerce_dw_dag.py
[2026-03-25T14:36:55.891+0000] {logging_mixin.py:188} INFO - [2026-03-25T14:36:55.891+0000] {dag.py:3096} INFO - Sync 1 DAGs
[2026-03-25T14:36:55.918+0000] {logging_mixin.py:188} INFO - [2026-03-25T14:36:55.917+0000] {dag.py:3954} INFO - Setting next_dagrun for e_commerce_dw_etl to 2026-03-25 00:00:00+00:00, run_after=2026-03-26 00:00:00+00:00
[2026-03-25T14:36:55.941+0000] {processor.py:183} INFO - Processing /opt/airflow/dags/e_commerce_dw_dag.py took 0.149 seconds
[2026-03-25T14:37:26.596+0000] {processor.py:161} INFO - Started process (PID=590) to work on /opt/airflow/dags/e_commerce_dw_dag.py
[2026-03-25T14:37:26.598+0000] {processor.py:830} INFO - Processing file /opt/airflow/dags/e_commerce_dw_dag.py for tasks to queue
[2026-03-25T14:37:26.601+0000] {logging_mixin.py:188} INFO - [2026-03-25T14:37:26.601+0000] {dagbag.py:545} INFO - Filling up the DagBag from /opt/airflow/dags/e_commerce_dw_dag.py
[2026-03-25T14:37:26.692+0000] {processor.py:840} INFO - DAG(s) 'e_commerce_dw_etl' retrieved from /opt/airflow/dags/e_commerce_dw_dag.py
[2026-03-25T14:37:26.755+0000] {logging_mixin.py:188} INFO - [2026-03-25T14:37:26.754+0000] {dag.py:3096} INFO - Sync 1 DAGs
[2026-03-25T14:37:26.791+0000] {logging_mixin.py:188} INFO - [2026-03-25T14:37:26.791+0000] {dag.py:3954} INFO - Setting next_dagrun for e_commerce_dw_etl to 2026-03-25 00:00:00+00:00, run_after=2026-03-26 00:00:00+00:00
[2026-03-25T14:37:26.820+0000] {processor.py:183} INFO - Processing /opt/airflow/dags/e_commerce_dw_dag.py took 0.231 seconds
[2026-03-25T14:37:57.395+0000] {processor.py:161} INFO - Started process (PID=617) to work on /opt/airflow/dags/e_commerce_dw_dag.py
[2026-03-25T14:37:57.397+0000] {processor.py:830} INFO - Processing file /opt/airflow/dags/e_commerce_dw_dag.py for tasks to queue
[2026-03-25T14:37:57.400+0000] {logging_mixin.py:188} INFO - [2026-03-25T14:37:57.399+0000] {dagbag.py:545} INFO - Filling up the DagBag from /opt/airflow/dags/e_commerce_dw_dag.py
[2026-03-25T14:37:57.491+0000] {processor.py:840} INFO - DAG(s) 'e_commerce_dw_etl' retrieved from /opt/airflow/dags/e_commerce_dw_dag.py
[2026-03-25T14:37:57.533+0000] {logging_mixin.py:188} INFO - [2026-03-25T14:37:57.533+0000] {dag.py:3096} INFO - Sync 1 DAGs
[2026-03-25T14:37:57.563+0000] {logging_mixin.py:188} INFO - [2026-03-25T14:37:57.563+0000] {dag.py:3954} INFO - Setting next_dagrun for e_commerce_dw_etl to 2026-03-25 00:00:00+00:00, run_after=2026-03-26 00:00:00+00:00
[2026-03-25T14:37:57.590+0000] {processor.py:183} INFO - Processing /opt/airflow/dags/e_commerce_dw_dag.py took 0.202 seconds
[2026-03-25T14:38:28.452+0000] {processor.py:161} INFO - Started process (PID=643) to work on /opt/airflow/dags/e_commerce_dw_dag.py
[2026-03-25T14:38:28.461+0000] {processor.py:830} INFO - Processing file /opt/airflow/dags/e_commerce_dw_dag.py for tasks to queue
[2026-03-25T14:38:28.466+0000] {logging_mixin.py:188} INFO - [2026-03-25T14:38:28.466+0000] {dagbag.py:545} INFO - Filling up the DagBag from /opt/airflow/dags/e_commerce_dw_dag.py
[2026-03-25T14:38:28.688+0000] {processor.py:840} INFO - DAG(s) 'e_commerce_dw_etl' retrieved from /opt/airflow/dags/e_commerce_dw_dag.py
[2026-03-25T14:38:28.752+0000] {logging_mixin.py:188} INFO - [2026-03-25T14:38:28.752+0000] {dag.py:3096} INFO - Sync 1 DAGs
[2026-03-25T14:38:28.797+0000] {logging_mixin.py:188} INFO - [2026-03-25T14:38:28.797+0000] {dag.py:3954} INFO - Setting next_dagrun for e_commerce_dw_etl to 2026-03-25 00:00:00+00:00, run_after=2026-03-26 00:00:00+00:00
[2026-03-25T14:38:28.834+0000] {processor.py:183} INFO - Processing /opt/airflow/dags/e_commerce_dw_dag.py took 0.398 seconds
[2026-03-25T14:38:59.413+0000] {processor.py:161} INFO - Started process (PID=670) to work on /opt/airflow/dags/e_commerce_dw_dag.py
[2026-03-25T14:38:59.414+0000] {processor.py:830} INFO - Processing file /opt/airflow/dags/e_commerce_dw_dag.py for tasks to queue
[2026-03-25T14:38:59.417+0000] {logging_mixin.py:188} INFO - [2026-03-25T14:38:59.416+0000] {dagbag.py:545} INFO - Filling up the DagBag from /opt/airflow/dags/e_commerce_dw_dag.py
[2026-03-25T14:38:59.525+0000] {processor.py:840} INFO - DAG(s) 'e_commerce_dw_etl' retrieved from /opt/airflow/dags/e_commerce_dw_dag.py
[2026-03-25T14:38:59.559+0000] {logging_mixin.py:188} INFO - [2026-03-25T14:38:59.559+0000] {dag.py:3096} INFO - Sync 1 DAGs
[2026-03-25T14:38:59.583+0000] {logging_mixin.py:188} INFO - [2026-03-25T14:38:59.582+0000] {dag.py:3954} INFO - Setting next_dagrun for e_commerce_dw_etl to 2026-03-25 00:00:00+00:00, run_after=2026-03-26 00:00:00+00:00
[2026-03-25T14:38:59.606+0000] {processor.py:183} INFO - Processing /opt/airflow/dags/e_commerce_dw_dag.py took 0.201 seconds
[2026-03-25T14:39:30.124+0000] {processor.py:161} INFO - Started process (PID=696) to work on /opt/airflow/dags/e_commerce_dw_dag.py
[2026-03-25T14:39:30.125+0000] {processor.py:830} INFO - Processing file /opt/airflow/dags/e_commerce_dw_dag.py for tasks to queue
[2026-03-25T14:39:30.127+0000] {logging_mixin.py:188} INFO - [2026-03-25T14:39:30.127+0000] {dagbag.py:545} INFO - Filling up the DagBag from /opt/airflow/dags/e_commerce_dw_dag.py
[2026-03-25T14:39:30.195+0000] {processor.py:840} INFO - DAG(s) 'e_commerce_dw_etl' retrieved from /opt/airflow/dags/e_commerce_dw_dag.py
[2026-03-25T14:39:30.226+0000] {logging_mixin.py:188} INFO - [2026-03-25T14:39:30.226+0000] {dag.py:3096} INFO - Sync 1 DAGs
[2026-03-25T14:39:30.248+0000] {logging_mixin.py:188} INFO - [2026-03-25T14:39:30.248+0000] {dag.py:3954} INFO - Setting next_dagrun for e_commerce_dw_etl to 2026-03-25 00:00:00+00:00, run_after=2026-03-26 00:00:00+00:00
[2026-03-25T14:39:30.274+0000] {processor.py:183} INFO - Processing /opt/airflow/dags/e_commerce_dw_dag.py took 0.156 seconds
[2026-03-25T14:40:00.953+0000] {processor.py:161} INFO - Started process (PID=722) to work on /opt/airflow/dags/e_commerce_dw_dag.py
[2026-03-25T14:40:00.955+0000] {processor.py:830} INFO - Processing file /opt/airflow/dags/e_commerce_dw_dag.py for tasks to queue
[2026-03-25T14:40:00.957+0000] {logging_mixin.py:188} INFO - [2026-03-25T14:40:00.957+0000] {dagbag.py:545} INFO - Filling up the DagBag from /opt/airflow/dags/e_commerce_dw_dag.py
[2026-03-25T14:40:01.063+0000] {processor.py:840} INFO - DAG(s) 'e_commerce_dw_etl' retrieved from /opt/airflow/dags/e_commerce_dw_dag.py
[2026-03-25T14:40:01.136+0000] {logging_mixin.py:188} INFO - [2026-03-25T14:40:01.135+0000] {dag.py:3096} INFO - Sync 1 DAGs
[2026-03-25T14:40:01.195+0000] {logging_mixin.py:188} INFO - [2026-03-25T14:40:01.195+0000] {dag.py:3954} INFO - Setting next_dagrun for e_commerce_dw_etl to 2026-03-25 00:00:00+00:00, run_after=2026-03-26 00:00:00+00:00
[2026-03-25T14:40:01.238+0000] {processor.py:183} INFO - Processing /opt/airflow/dags/e_commerce_dw_dag.py took 0.293 seconds
[2026-03-25T14:40:31.861+0000] {processor.py:161} INFO - Started process (PID=748) to work on /opt/airflow/dags/e_commerce_dw_dag.py
[2026-03-25T14:40:31.863+0000] {processor.py:830} INFO - Processing file /opt/airflow/dags/e_commerce_dw_dag.py for tasks to queue
[2026-03-25T14:40:31.866+0000] {logging_mixin.py:188} INFO - [2026-03-25T14:40:31.866+0000] {dagbag.py:545} INFO - Filling up the DagBag from /opt/airflow/dags/e_commerce_dw_dag.py
[2026-03-25T14:40:31.941+0000] {processor.py:840} INFO - DAG(s) 'e_commerce_dw_etl' retrieved from /opt/airflow/dags/e_commerce_dw_dag.py
[2026-03-25T14:40:31.977+0000] {logging_mixin.py:188} INFO - [2026-03-25T14:40:31.977+0000] {dag.py:3096} INFO - Sync 1 DAGs
[2026-03-25T14:40:32.002+0000] {logging_mixin.py:188} INFO - [2026-03-25T14:40:32.001+0000] {dag.py:3954} INFO - Setting next_dagrun for e_commerce_dw_etl to 2026-03-25 00:00:00+00:00, run_after=2026-03-26 00:00:00+00:00
[2026-03-25T14:40:32.040+0000] {processor.py:183} INFO - Processing /opt/airflow/dags/e_commerce_dw_dag.py took 0.189 seconds
[2026-03-25T14:41:02.652+0000] {processor.py:161} INFO - Started process (PID=774) to work on /opt/airflow/dags/e_commerce_dw_dag.py
[2026-03-25T14:41:02.653+0000] {processor.py:830} INFO - Processing file /opt/airflow/dags/e_commerce_dw_dag.py for tasks to queue
[2026-03-25T14:41:02.655+0000] {logging_mixin.py:188} INFO - [2026-03-25T14:41:02.655+0000] {dagbag.py:545} INFO - Filling up the DagBag from /opt/airflow/dags/e_commerce_dw_dag.py
[2026-03-25T14:41:02.719+0000] {processor.py:840} INFO - DAG(s) 'e_commerce_dw_etl' retrieved from /opt/airflow/dags/e_commerce_dw_dag.py
[2026-03-25T14:41:02.749+0000] {logging_mixin.py:188} INFO - [2026-03-25T14:41:02.749+0000] {dag.py:3096} INFO - Sync 1 DAGs
[2026-03-25T14:41:02.770+0000] {logging_mixin.py:188} INFO - [2026-03-25T14:41:02.770+0000] {dag.py:3954} INFO - Setting next_dagrun for e_commerce_dw_etl to 2026-03-25 00:00:00+00:00, run_after=2026-03-26 00:00:00+00:00
[2026-03-25T14:41:02.795+0000] {processor.py:183} INFO - Processing /opt/airflow/dags/e_commerce_dw_dag.py took 0.149 seconds
[2026-03-25T14:41:33.362+0000] {processor.py:161} INFO - Started process (PID=800) to work on /opt/airflow/dags/e_commerce_dw_dag.py
[2026-03-25T14:41:33.363+0000] {processor.py:830} INFO - Processing file /opt/airflow/dags/e_commerce_dw_dag.py for tasks to queue
[2026-03-25T14:41:33.365+0000] {logging_mixin.py:188} INFO - [2026-03-25T14:41:33.365+0000] {dagbag.py:545} INFO - Filling up the DagBag from /opt/airflow/dags/e_commerce_dw_dag.py
[2026-03-25T14:41:33.448+0000] {processor.py:840} INFO - DAG(s) 'e_commerce_dw_etl' retrieved from /opt/airflow/dags/e_commerce_dw_dag.py
[2026-03-25T14:41:33.479+0000] {logging_mixin.py:188} INFO - [2026-03-25T14:41:33.479+0000] {dag.py:3096} INFO - Sync 1 DAGs
[2026-03-25T14:41:33.506+0000] {logging_mixin.py:188} INFO - [2026-03-25T14:41:33.506+0000] {dag.py:3954} INFO - Setting next_dagrun for e_commerce_dw_etl to 2026-03-25 00:00:00+00:00, run_after=2026-03-26 00:00:00+00:00
[2026-03-25T14:41:33.532+0000] {processor.py:183} INFO - Processing /opt/airflow/dags/e_commerce_dw_dag.py took 0.176 seconds
[2026-03-25T14:42:04.099+0000] {processor.py:161} INFO - Started process (PID=826) to work on /opt/airflow/dags/e_commerce_dw_dag.py
[2026-03-25T14:42:04.100+0000] {processor.py:830} INFO - Processing file /opt/airflow/dags/e_commerce_dw_dag.py for tasks to queue
[2026-03-25T14:42:04.102+0000] {logging_mixin.py:188} INFO - [2026-03-25T14:42:04.102+0000] {dagbag.py:545} INFO - Filling up the DagBag from /opt/airflow/dags/e_commerce_dw_dag.py
[2026-03-25T14:42:04.167+0000] {processor.py:840} INFO - DAG(s) 'e_commerce_dw_etl' retrieved from /opt/airflow/dags/e_commerce_dw_dag.py
[2026-03-25T14:42:04.197+0000] {logging_mixin.py:188} INFO - [2026-03-25T14:42:04.197+0000] {dag.py:3096} INFO - Sync 1 DAGs
[2026-03-25T14:42:04.231+0000] {logging_mixin.py:188} INFO - [2026-03-25T14:42:04.229+0000] {dag.py:3954} INFO - Setting next_dagrun for e_commerce_dw_etl to 2026-03-25 00:00:00+00:00, run_after=2026-03-26 00:00:00+00:00
[2026-03-25T14:42:04.270+0000] {processor.py:183} INFO - Processing /opt/airflow/dags/e_commerce_dw_dag.py took 0.179 seconds
[2026-03-25T14:42:34.852+0000] {processor.py:161} INFO - Started process (PID=853) to work on /opt/airflow/dags/e_commerce_dw_dag.py
[2026-03-25T14:42:34.854+0000] {processor.py:830} INFO - Processing file /opt/airflow/dags/e_commerce_dw_dag.py for tasks to queue
[2026-03-25T14:42:34.857+0000] {logging_mixin.py:188} INFO - [2026-03-25T14:42:34.856+0000] {dagbag.py:545} INFO - Filling up the DagBag from /opt/airflow/dags/e_commerce_dw_dag.py
[2026-03-25T14:42:34.944+0000] {processor.py:840} INFO - DAG(s) 'e_commerce_dw_etl' retrieved from /opt/airflow/dags/e_commerce_dw_dag.py
[2026-03-25T14:42:34.974+0000] {logging_mixin.py:188} INFO - [2026-03-25T14:42:34.974+0000] {dag.py:3096} INFO - Sync 1 DAGs
[2026-03-25T14:42:34.999+0000] {logging_mixin.py:188} INFO - [2026-03-25T14:42:34.998+0000] {dag.py:3954} INFO - Setting next_dagrun for e_commerce_dw_etl to 2026-03-25 00:00:00+00:00, run_after=2026-03-26 00:00:00+00:00
[2026-03-25T14:42:35.027+0000] {processor.py:183} INFO - Processing /opt/airflow/dags/e_commerce_dw_dag.py took 0.184 seconds
[2026-03-25T14:43:05.577+0000] {processor.py:161} INFO - Started process (PID=879) to work on /opt/airflow/dags/e_commerce_dw_dag.py
[2026-03-25T14:43:05.579+0000] {processor.py:830} INFO - Processing file /opt/airflow/dags/e_commerce_dw_dag.py for tasks to queue
[2026-03-25T14:43:05.582+0000] {logging_mixin.py:188} INFO - [2026-03-25T14:43:05.582+0000] {dagbag.py:545} INFO - Filling up the DagBag from /opt/airflow/dags/e_commerce_dw_dag.py
[2026-03-25T14:43:05.675+0000] {processor.py:840} INFO - DAG(s) 'e_commerce_dw_etl' retrieved from /opt/airflow/dags/e_commerce_dw_dag.py
[2026-03-25T14:43:05.722+0000] {logging_mixin.py:188} INFO - [2026-03-25T14:43:05.721+0000] {dag.py:3096} INFO - Sync 1 DAGs
[2026-03-25T14:43:05.750+0000] {logging_mixin.py:188} INFO - [2026-03-25T14:43:05.750+0000] {dag.py:3954} INFO - Setting next_dagrun for e_commerce_dw_etl to 2026-03-25 00:00:00+00:00, run_after=2026-03-26 00:00:00+00:00
[2026-03-25T14:43:05.779+0000] {processor.py:183} INFO - Processing /opt/airflow/dags/e_commerce_dw_dag.py took 0.213 seconds
[2026-03-25T14:43:36.383+0000] {processor.py:161} INFO - Started process (PID=905) to work on /opt/airflow/dags/e_commerce_dw_dag.py
[2026-03-25T14:43:36.384+0000] {processor.py:830} INFO - Processing file /opt/airflow/dags/e_commerce_dw_dag.py for tasks to queue
[2026-03-25T14:43:36.388+0000] {logging_mixin.py:188} INFO - [2026-03-25T14:43:36.388+0000] {dagbag.py:545} INFO - Filling up the DagBag from /opt/airflow/dags/e_commerce_dw_dag.py
[2026-03-25T14:43:36.500+0000] {processor.py:840} INFO - DAG(s) 'e_commerce_dw_etl' retrieved from /opt/airflow/dags/e_commerce_dw_dag.py
[2026-03-25T14:43:36.538+0000] {logging_mixin.py:188} INFO - [2026-03-25T14:43:36.538+0000] {dag.py:3096} INFO - Sync 1 DAGs
[2026-03-25T14:43:36.571+0000] {logging_mixin.py:188} INFO - [2026-03-25T14:43:36.571+0000] {dag.py:3954} INFO - Setting next_dagrun for e_commerce_dw_etl to 2026-03-25 00:00:00+00:00, run_after=2026-03-26 00:00:00+00:00
[2026-03-25T14:43:36.609+0000] {processor.py:183} INFO - Processing /opt/airflow/dags/e_commerce_dw_dag.py took 0.233 seconds
[2026-03-25T14:44:07.164+0000] {processor.py:161} INFO - Started process (PID=931) to work on /opt/airflow/dags/e_commerce_dw_dag.py
[2026-03-25T14:44:07.165+0000] {processor.py:830} INFO - Processing file /opt/airflow/dags/e_commerce_dw_dag.py for tasks to queue
[2026-03-25T14:44:07.169+0000] {logging_mixin.py:188} INFO - [2026-03-25T14:44:07.168+0000] {dagbag.py:545} INFO - Filling up the DagBag from /opt/airflow/dags/e_commerce_dw_dag.py
[2026-03-25T14:44:07.260+0000] {processor.py:840} INFO - DAG(s) 'e_commerce_dw_etl' retrieved from /opt/airflow/dags/e_commerce_dw_dag.py
[2026-03-25T14:44:07.298+0000] {logging_mixin.py:188} INFO - [2026-03-25T14:44:07.298+0000] {dag.py:3096} INFO - Sync 1 DAGs
[2026-03-25T14:44:07.326+0000] {logging_mixin.py:188} INFO - [2026-03-25T14:44:07.326+0000] {dag.py:3954} INFO - Setting next_dagrun for e_commerce_dw_etl to 2026-03-25 00:00:00+00:00, run_after=2026-03-26 00:00:00+00:00
[2026-03-25T14:44:07.351+0000] {processor.py:183} INFO - Processing /opt/airflow/dags/e_commerce_dw_dag.py took 0.194 seconds
[2026-03-25T14:44:37.936+0000] {processor.py:161} INFO - Started process (PID=957) to work on /opt/airflow/dags/e_commerce_dw_dag.py
[2026-03-25T14:44:37.938+0000] {processor.py:830} INFO - Processing file /opt/airflow/dags/e_commerce_dw_dag.py for tasks to queue
[2026-03-25T14:44:37.941+0000] {logging_mixin.py:188} INFO - [2026-03-25T14:44:37.941+0000] {dagbag.py:545} INFO - Filling up the DagBag from /opt/airflow/dags/e_commerce_dw_dag.py
[2026-03-25T14:44:38.017+0000] {processor.py:840} INFO - DAG(s) 'e_commerce_dw_etl' retrieved from /opt/airflow/dags/e_commerce_dw_dag.py
[2026-03-25T14:44:38.062+0000] {logging_mixin.py:188} INFO - [2026-03-25T14:44:38.061+0000] {dag.py:3096} INFO - Sync 1 DAGs
[2026-03-25T14:44:38.090+0000] {logging_mixin.py:188} INFO - [2026-03-25T14:44:38.090+0000] {dag.py:3954} INFO - Setting next_dagrun for e_commerce_dw_etl to 2026-03-25 00:00:00+00:00, run_after=2026-03-26 00:00:00+00:00
[2026-03-25T14:44:38.125+0000] {processor.py:183} INFO - Processing /opt/airflow/dags/e_commerce_dw_dag.py took 0.200 seconds
[2026-03-25T14:45:08.890+0000] {processor.py:161} INFO - Started process (PID=983) to work on /opt/airflow/dags/e_commerce_dw_dag.py
[2026-03-25T14:45:08.892+0000] {processor.py:830} INFO - Processing file /opt/airflow/dags/e_commerce_dw_dag.py for tasks to queue
[2026-03-25T14:45:08.894+0000] {logging_mixin.py:188} INFO - [2026-03-25T14:45:08.894+0000] {dagbag.py:545} INFO - Filling up the DagBag from /opt/airflow/dags/e_commerce_dw_dag.py
[2026-03-25T14:45:08.988+0000] {processor.py:840} INFO - DAG(s) 'e_commerce_dw_etl' retrieved from /opt/airflow/dags/e_commerce_dw_dag.py
[2026-03-25T14:45:09.030+0000] {logging_mixin.py:188} INFO - [2026-03-25T14:45:09.030+0000] {dag.py:3096} INFO - Sync 1 DAGs
[2026-03-25T14:45:09.061+0000] {logging_mixin.py:188} INFO - [2026-03-25T14:45:09.061+0000] {dag.py:3954} INFO - Setting next_dagrun for e_commerce_dw_etl to 2026-03-25 00:00:00+00:00, run_after=2026-03-26 00:00:00+00:00
[2026-03-25T14:45:09.088+0000] {processor.py:183} INFO - Processing /opt/airflow/dags/e_commerce_dw_dag.py took 0.206 seconds
[2026-03-25T14:45:39.588+0000] {processor.py:161} INFO - Started process (PID=1009) to work on /opt/airflow/dags/e_commerce_dw_dag.py
[2026-03-25T14:45:39.589+0000] {processor.py:830} INFO - Processing file /opt/airflow/dags/e_commerce_dw_dag.py for tasks to queue
[2026-03-25T14:45:39.591+0000] {logging_mixin.py:188} INFO - [2026-03-25T14:45:39.591+0000] {dagbag.py:545} INFO - Filling up the DagBag from /opt/airflow/dags/e_commerce_dw_dag.py
[2026-03-25T14:45:39.651+0000] {processor.py:840} INFO - DAG(s) 'e_commerce_dw_etl' retrieved from /opt/airflow/dags/e_commerce_dw_dag.py
[2026-03-25T14:45:39.678+0000] {logging_mixin.py:188} INFO - [2026-03-25T14:45:39.678+0000] {dag.py:3096} INFO - Sync 1 DAGs
[2026-03-25T14:45:39.698+0000] {logging_mixin.py:188} INFO - [2026-03-25T14:45:39.698+0000] {dag.py:3954} INFO - Setting next_dagrun for e_commerce_dw_etl to 2026-03-25 00:00:00+00:00, run_after=2026-03-26 00:00:00+00:00
[2026-03-25T14:45:39.724+0000] {processor.py:183} INFO - Processing /opt/airflow/dags/e_commerce_dw_dag.py took 0.142 seconds
[2026-03-25T14:46:10.492+0000] {processor.py:161} INFO - Started process (PID=1035) to work on /opt/airflow/dags/e_commerce_dw_dag.py
[2026-03-25T14:46:10.496+0000] {processor.py:830} INFO - Processing file /opt/airflow/dags/e_commerce_dw_dag.py for tasks to queue
[2026-03-25T14:46:10.499+0000] {logging_mixin.py:188} INFO - [2026-03-25T14:46:10.499+0000] {dagbag.py:545} INFO - Filling up the DagBag from /opt/airflow/dags/e_commerce_dw_dag.py
[2026-03-25T14:46:10.724+0000] {processor.py:840} INFO - DAG(s) 'e_commerce_dw_etl' retrieved from /opt/airflow/dags/e_commerce_dw_dag.py
[2026-03-25T14:46:10.772+0000] {logging_mixin.py:188} INFO - [2026-03-25T14:46:10.772+0000] {dag.py:3096} INFO - Sync 1 DAGs
[2026-03-25T14:46:10.809+0000] {logging_mixin.py:188} INFO - [2026-03-25T14:46:10.808+0000] {dag.py:3954} INFO - Setting next_dagrun for e_commerce_dw_etl to 2026-03-25 00:00:00+00:00, run_after=2026-03-26 00:00:00+00:00
[2026-03-25T14:46:10.844+0000] {processor.py:183} INFO - Processing /opt/airflow/dags/e_commerce_dw_dag.py took 0.370 seconds
[2026-03-25T14:46:41.078+0000] {processor.py:161} INFO - Started process (PID=1061) to work on /opt/airflow/dags/e_commerce_dw_dag.py
[2026-03-25T14:46:41.080+0000] {processor.py:830} INFO - Processing file /opt/airflow/dags/e_commerce_dw_dag.py for tasks to queue
[2026-03-25T14:46:41.085+0000] {logging_mixin.py:188} INFO - [2026-03-25T14:46:41.084+0000] {dagbag.py:545} INFO - Filling up the DagBag from /opt/airflow/dags/e_commerce_dw_dag.py
[2026-03-25T14:46:41.189+0000] {processor.py:840} INFO - DAG(s) 'e_commerce_dw_etl' retrieved from /opt/airflow/dags/e_commerce_dw_dag.py
[2026-03-25T14:46:41.234+0000] {logging_mixin.py:188} INFO - [2026-03-25T14:46:41.233+0000] {dag.py:3096} INFO - Sync 1 DAGs
[2026-03-25T14:46:41.262+0000] {logging_mixin.py:188} INFO - [2026-03-25T14:46:41.261+0000] {dag.py:3954} INFO - Setting next_dagrun for e_commerce_dw_etl to 2026-03-25 00:00:00+00:00, run_after=2026-03-26 00:00:00+00:00
[2026-03-25T14:46:41.302+0000] {processor.py:183} INFO - Processing /opt/airflow/dags/e_commerce_dw_dag.py took 0.240 seconds
[2026-03-25T14:47:11.803+0000] {processor.py:161} INFO - Started process (PID=1087) to work on /opt/airflow/dags/e_commerce_dw_dag.py
[2026-03-25T14:47:11.804+0000] {processor.py:830} INFO - Processing file /opt/airflow/dags/e_commerce_dw_dag.py for tasks to queue
[2026-03-25T14:47:11.806+0000] {logging_mixin.py:188} INFO - [2026-03-25T14:47:11.806+0000] {dagbag.py:545} INFO - Filling up the DagBag from /opt/airflow/dags/e_commerce_dw_dag.py
[2026-03-25T14:47:11.867+0000] {processor.py:840} INFO - DAG(s) 'e_commerce_dw_etl' retrieved from /opt/airflow/dags/e_commerce_dw_dag.py
[2026-03-25T14:47:11.899+0000] {logging_mixin.py:188} INFO - [2026-03-25T14:47:11.898+0000] {dag.py:3096} INFO - Sync 1 DAGs
[2026-03-25T14:47:11.922+0000] {logging_mixin.py:188} INFO - [2026-03-25T14:47:11.922+0000] {dag.py:3954} INFO - Setting next_dagrun for e_commerce_dw_etl to 2026-03-25 00:00:00+00:00, run_after=2026-03-26 00:00:00+00:00
[2026-03-25T14:47:11.948+0000] {processor.py:183} INFO - Processing /opt/airflow/dags/e_commerce_dw_dag.py took 0.152 seconds
[2026-03-25T14:47:42.590+0000] {processor.py:161} INFO - Started process (PID=1113) to work on /opt/airflow/dags/e_commerce_dw_dag.py
[2026-03-25T14:47:42.592+0000] {processor.py:830} INFO - Processing file /opt/airflow/dags/e_commerce_dw_dag.py for tasks to queue
[2026-03-25T14:47:42.595+0000] {logging_mixin.py:188} INFO - [2026-03-25T14:47:42.594+0000] {dagbag.py:545} INFO - Filling up the DagBag from /opt/airflow/dags/e_commerce_dw_dag.py
[2026-03-25T14:47:42.677+0000] {processor.py:840} INFO - DAG(s) 'e_commerce_dw_etl' retrieved from /opt/airflow/dags/e_commerce_dw_dag.py
[2026-03-25T14:47:42.708+0000] {logging_mixin.py:188} INFO - [2026-03-25T14:47:42.708+0000] {dag.py:3096} INFO - Sync 1 DAGs
[2026-03-25T14:47:42.734+0000] {logging_mixin.py:188} INFO - [2026-03-25T14:47:42.734+0000] {dag.py:3954} INFO - Setting next_dagrun for e_commerce_dw_etl to 2026-03-25 00:00:00+00:00, run_after=2026-03-26 00:00:00+00:00
[2026-03-25T14:47:42.759+0000] {processor.py:183} INFO - Processing /opt/airflow/dags/e_commerce_dw_dag.py took 0.177 seconds
[2026-03-25T14:48:13.409+0000] {processor.py:161} INFO - Started process (PID=1139) to work on /opt/airflow/dags/e_commerce_dw_dag.py
[2026-03-25T14:48:13.410+0000] {processor.py:830} INFO - Processing file /opt/airflow/dags/e_commerce_dw_dag.py for tasks to queue
[2026-03-25T14:48:13.412+0000] {logging_mixin.py:188} INFO - [2026-03-25T14:48:13.411+0000] {dagbag.py:545} INFO - Filling up the DagBag from /opt/airflow/dags/e_commerce_dw_dag.py
[2026-03-25T14:48:13.475+0000] {processor.py:840} INFO - DAG(s) 'e_commerce_dw_etl' retrieved from /opt/airflow/dags/e_commerce_dw_dag.py
[2026-03-25T14:48:13.505+0000] {logging_mixin.py:188} INFO - [2026-03-25T14:48:13.504+0000] {dag.py:3096} INFO - Sync 1 DAGs
[2026-03-25T14:48:13.526+0000] {logging_mixin.py:188} INFO - [2026-03-25T14:48:13.526+0000] {dag.py:3954} INFO - Setting next_dagrun for e_commerce_dw_etl to 2026-03-25 00:00:00+00:00, run_after=2026-03-26 00:00:00+00:00
[2026-03-25T14:48:13.551+0000] {processor.py:183} INFO - Processing /opt/airflow/dags/e_commerce_dw_dag.py took 0.149 seconds
[2026-03-25T14:48:44.182+0000] {processor.py:161} INFO - Started process (PID=1165) to work on /opt/airflow/dags/e_commerce_dw_dag.py
[2026-03-25T14:48:44.184+0000] {processor.py:830} INFO - Processing file /opt/airflow/dags/e_commerce_dw_dag.py for tasks to queue
[2026-03-25T14:48:44.186+0000] {logging_mixin.py:188} INFO - [2026-03-25T14:48:44.186+0000] {dagbag.py:545} INFO - Filling up the DagBag from /opt/airflow/dags/e_commerce_dw_dag.py
[2026-03-25T14:48:44.252+0000] {processor.py:840} INFO - DAG(s) 'e_commerce_dw_etl' retrieved from /opt/airflow/dags/e_commerce_dw_dag.py
[2026-03-25T14:48:44.280+0000] {logging_mixin.py:188} INFO - [2026-03-25T14:48:44.280+0000] {dag.py:3096} INFO - Sync 1 DAGs
[2026-03-25T14:48:44.300+0000] {logging_mixin.py:188} INFO - [2026-03-25T14:48:44.300+0000] {dag.py:3954} INFO - Setting next_dagrun for e_commerce_dw_etl to 2026-03-25 00:00:00+00:00, run_after=2026-03-26 00:00:00+00:00
[2026-03-25T14:48:44.324+0000] {processor.py:183} INFO - Processing /opt/airflow/dags/e_commerce_dw_dag.py took 0.149 seconds
[2026-03-25T14:49:14.859+0000] {processor.py:161} INFO - Started process (PID=1191) to work on /opt/airflow/dags/e_commerce_dw_dag.py
[2026-03-25T14:49:14.860+0000] {processor.py:830} INFO - Processing file /opt/airflow/dags/e_commerce_dw_dag.py for tasks to queue
[2026-03-25T14:49:14.863+0000] {logging_mixin.py:188} INFO - [2026-03-25T14:49:14.862+0000] {dagbag.py:545} INFO - Filling up the DagBag from /opt/airflow/dags/e_commerce_dw_dag.py
[2026-03-25T14:49:14.969+0000] {processor.py:840} INFO - DAG(s) 'e_commerce_dw_etl' retrieved from /opt/airflow/dags/e_commerce_dw_dag.py
[2026-03-25T14:49:15.010+0000] {logging_mixin.py:188} INFO - [2026-03-25T14:49:15.010+0000] {dag.py:3096} INFO - Sync 1 DAGs
[2026-03-25T14:49:15.056+0000] {logging_mixin.py:188} INFO - [2026-03-25T14:49:15.056+0000] {dag.py:3954} INFO - Setting next_dagrun for e_commerce_dw_etl to 2026-03-25 00:00:00+00:00, run_after=2026-03-26 00:00:00+00:00
[2026-03-25T14:49:15.094+0000] {processor.py:183} INFO - Processing /opt/airflow/dags/e_commerce_dw_dag.py took 0.244 seconds
[2026-03-25T14:49:45.652+0000] {processor.py:161} INFO - Started process (PID=1217) to work on /opt/airflow/dags/e_commerce_dw_dag.py
[2026-03-25T14:49:45.653+0000] {processor.py:830} INFO - Processing file /opt/airflow/dags/e_commerce_dw_dag.py for tasks to queue
[2026-03-25T14:49:45.656+0000] {logging_mixin.py:188} INFO - [2026-03-25T14:49:45.655+0000] {dagbag.py:545} INFO - Filling up the DagBag from /opt/airflow/dags/e_commerce_dw_dag.py
[2026-03-25T14:49:45.717+0000] {processor.py:840} INFO - DAG(s) 'e_commerce_dw_etl' retrieved from /opt/airflow/dags/e_commerce_dw_dag.py
[2026-03-25T14:49:45.745+0000] {logging_mixin.py:188} INFO - [2026-03-25T14:49:45.745+0000] {dag.py:3096} INFO - Sync 1 DAGs
[2026-03-25T14:49:45.766+0000] {logging_mixin.py:188} INFO - [2026-03-25T14:49:45.766+0000] {dag.py:3954} INFO - Setting next_dagrun for e_commerce_dw_etl to 2026-03-25 00:00:00+00:00, run_after=2026-03-26 00:00:00+00:00
[2026-03-25T14:49:45.788+0000] {processor.py:183} INFO - Processing /opt/airflow/dags/e_commerce_dw_dag.py took 0.143 seconds
[2026-03-25T14:50:16.555+0000] {processor.py:161} INFO - Started process (PID=1243) to work on /opt/airflow/dags/e_commerce_dw_dag.py
[2026-03-25T14:50:16.556+0000] {processor.py:830} INFO - Processing file /opt/airflow/dags/e_commerce_dw_dag.py for tasks to queue
[2026-03-25T14:50:16.558+0000] {logging_mixin.py:188} INFO - [2026-03-25T14:50:16.558+0000] {dagbag.py:545} INFO - Filling up the DagBag from /opt/airflow/dags/e_commerce_dw_dag.py
[2026-03-25T14:50:16.629+0000] {processor.py:840} INFO - DAG(s) 'e_commerce_dw_etl' retrieved from /opt/airflow/dags/e_commerce_dw_dag.py
[2026-03-25T14:50:16.656+0000] {logging_mixin.py:188} INFO - [2026-03-25T14:50:16.656+0000] {dag.py:3096} INFO - Sync 1 DAGs
[2026-03-25T14:50:16.676+0000] {logging_mixin.py:188} INFO - [2026-03-25T14:50:16.676+0000] {dag.py:3954} INFO - Setting next_dagrun for e_commerce_dw_etl to 2026-03-25 00:00:00+00:00, run_after=2026-03-26 00:00:00+00:00
[2026-03-25T14:50:16.702+0000] {processor.py:183} INFO - Processing /opt/airflow/dags/e_commerce_dw_dag.py took 0.154 seconds
[2026-03-25T14:50:47.206+0000] {processor.py:161} INFO - Started process (PID=1269) to work on /opt/airflow/dags/e_commerce_dw_dag.py
[2026-03-25T14:50:47.208+0000] {processor.py:830} INFO - Processing file /opt/airflow/dags/e_commerce_dw_dag.py for tasks to queue
[2026-03-25T14:50:47.210+0000] {logging_mixin.py:188} INFO - [2026-03-25T14:50:47.209+0000] {dagbag.py:545} INFO - Filling up the DagBag from /opt/airflow/dags/e_commerce_dw_dag.py
[2026-03-25T14:50:47.284+0000] {processor.py:840} INFO - DAG(s) 'e_commerce_dw_etl' retrieved from /opt/airflow/dags/e_commerce_dw_dag.py
[2026-03-25T14:50:47.316+0000] {logging_mixin.py:188} INFO - [2026-03-25T14:50:47.316+0000] {dag.py:3096} INFO - Sync 1 DAGs
[2026-03-25T14:50:47.340+0000] {logging_mixin.py:188} INFO - [2026-03-25T14:50:47.339+0000] {dag.py:3954} INFO - Setting next_dagrun for e_commerce_dw_etl to 2026-03-25 00:00:00+00:00, run_after=2026-03-26 00:00:00+00:00
[2026-03-25T14:50:47.366+0000] {processor.py:183} INFO - Processing /opt/airflow/dags/e_commerce_dw_dag.py took 0.167 seconds
[2026-03-25T14:51:17.912+0000] {processor.py:161} INFO - Started process (PID=1295) to work on /opt/airflow/dags/e_commerce_dw_dag.py
[2026-03-25T14:51:17.913+0000] {processor.py:830} INFO - Processing file /opt/airflow/dags/e_commerce_dw_dag.py for tasks to queue
[2026-03-25T14:51:17.915+0000] {logging_mixin.py:188} INFO - [2026-03-25T14:51:17.915+0000] {dagbag.py:545} INFO - Filling up the DagBag from /opt/airflow/dags/e_commerce_dw_dag.py
[2026-03-25T14:51:17.976+0000] {processor.py:840} INFO - DAG(s) 'e_commerce_dw_etl' retrieved from /opt/airflow/dags/e_commerce_dw_dag.py
[2026-03-25T14:51:18.005+0000] {logging_mixin.py:188} INFO - [2026-03-25T14:51:18.004+0000] {dag.py:3096} INFO - Sync 1 DAGs
[2026-03-25T14:51:18.027+0000] {logging_mixin.py:188} INFO - [2026-03-25T14:51:18.027+0000] {dag.py:3954} INFO - Setting next_dagrun for e_commerce_dw_etl to 2026-03-25 00:00:00+00:00, run_after=2026-03-26 00:00:00+00:00
[2026-03-25T14:51:18.053+0000] {processor.py:183} INFO - Processing /opt/airflow/dags/e_commerce_dw_dag.py took 0.147 seconds
[2026-03-25T14:51:48.605+0000] {processor.py:161} INFO - Started process (PID=1321) to work on /opt/airflow/dags/e_commerce_dw_dag.py
[2026-03-25T14:51:48.606+0000] {processor.py:830} INFO - Processing file /opt/airflow/dags/e_commerce_dw_dag.py for tasks to queue
[2026-03-25T14:51:48.609+0000] {logging_mixin.py:188} INFO - [2026-03-25T14:51:48.609+0000] {dagbag.py:545} INFO - Filling up the DagBag from /opt/airflow/dags/e_commerce_dw_dag.py
[2026-03-25T14:51:48.705+0000] {processor.py:840} INFO - DAG(s) 'e_commerce_dw_etl' retrieved from /opt/airflow/dags/e_commerce_dw_dag.py
[2026-03-25T14:51:48.743+0000] {logging_mixin.py:188} INFO - [2026-03-25T14:51:48.743+0000] {dag.py:3096} INFO - Sync 1 DAGs
[2026-03-25T14:51:48.773+0000] {logging_mixin.py:188} INFO - [2026-03-25T14:51:48.773+0000] {dag.py:3954} INFO - Setting next_dagrun for e_commerce_dw_etl to 2026-03-25 00:00:00+00:00, run_after=2026-03-26 00:00:00+00:00
[2026-03-25T14:51:48.805+0000] {processor.py:183} INFO - Processing /opt/airflow/dags/e_commerce_dw_dag.py took 0.207 seconds
[2026-03-25T14:52:19.361+0000] {processor.py:161} INFO - Started process (PID=1347) to work on /opt/airflow/dags/e_commerce_dw_dag.py
[2026-03-25T14:52:19.362+0000] {processor.py:830} INFO - Processing file /opt/airflow/dags/e_commerce_dw_dag.py for tasks to queue
[2026-03-25T14:52:19.364+0000] {logging_mixin.py:188} INFO - [2026-03-25T14:52:19.364+0000] {dagbag.py:545} INFO - Filling up the DagBag from /opt/airflow/dags/e_commerce_dw_dag.py
[2026-03-25T14:52:19.424+0000] {processor.py:840} INFO - DAG(s) 'e_commerce_dw_etl' retrieved from /opt/airflow/dags/e_commerce_dw_dag.py
[2026-03-25T14:52:19.452+0000] {logging_mixin.py:188} INFO - [2026-03-25T14:52:19.452+0000] {dag.py:3096} INFO - Sync 1 DAGs
[2026-03-25T14:52:19.479+0000] {logging_mixin.py:188} INFO - [2026-03-25T14:52:19.478+0000] {dag.py:3954} INFO - Setting next_dagrun for e_commerce_dw_etl to 2026-03-25 00:00:00+00:00, run_after=2026-03-26 00:00:00+00:00
[2026-03-25T14:52:19.502+0000] {processor.py:183} INFO - Processing /opt/airflow/dags/e_commerce_dw_dag.py took 0.147 seconds
[2026-03-25T14:52:50.051+0000] {processor.py:161} INFO - Started process (PID=1373) to work on /opt/airflow/dags/e_commerce_dw_dag.py
[2026-03-25T14:52:50.052+0000] {processor.py:830} INFO - Processing file /opt/airflow/dags/e_commerce_dw_dag.py for tasks to queue
[2026-03-25T14:52:50.054+0000] {logging_mixin.py:188} INFO - [2026-03-25T14:52:50.054+0000] {dagbag.py:545} INFO - Filling up the DagBag from /opt/airflow/dags/e_commerce_dw_dag.py
[2026-03-25T14:52:50.118+0000] {processor.py:840} INFO - DAG(s) 'e_commerce_dw_etl' retrieved from /opt/airflow/dags/e_commerce_dw_dag.py
[2026-03-25T14:52:50.145+0000] {logging_mixin.py:188} INFO - [2026-03-25T14:52:50.144+0000] {dag.py:3096} INFO - Sync 1 DAGs
[2026-03-25T14:52:50.166+0000] {logging_mixin.py:188} INFO - [2026-03-25T14:52:50.166+0000] {dag.py:3954} INFO - Setting next_dagrun for e_commerce_dw_etl to 2026-03-25 00:00:00+00:00, run_after=2026-03-26 00:00:00+00:00
[2026-03-25T14:52:50.189+0000] {processor.py:183} INFO - Processing /opt/airflow/dags/e_commerce_dw_dag.py took 0.145 seconds
[2026-03-25T14:53:20.667+0000] {processor.py:161} INFO - Started process (PID=1399) to work on /opt/airflow/dags/e_commerce_dw_dag.py
[2026-03-25T14:53:20.669+0000] {processor.py:830} INFO - Processing file /opt/airflow/dags/e_commerce_dw_dag.py for tasks to queue
[2026-03-25T14:53:20.671+0000] {logging_mixin.py:188} INFO - [2026-03-25T14:53:20.670+0000] {dagbag.py:545} INFO - Filling up the DagBag from /opt/airflow/dags/e_commerce_dw_dag.py
[2026-03-25T14:53:20.744+0000] {processor.py:840} INFO - DAG(s) 'e_commerce_dw_etl' retrieved from /opt/airflow/dags/e_commerce_dw_dag.py
[2026-03-25T14:53:20.773+0000] {logging_mixin.py:188} INFO - [2026-03-25T14:53:20.773+0000] {dag.py:3096} INFO - Sync 1 DAGs
[2026-03-25T14:53:20.794+0000] {logging_mixin.py:188} INFO - [2026-03-25T14:53:20.794+0000] {dag.py:3954} INFO - Setting next_dagrun for e_commerce_dw_etl to 2026-03-25 00:00:00+00:00, run_after=2026-03-26 00:00:00+00:00
[2026-03-25T14:53:20.820+0000] {processor.py:183} INFO - Processing /opt/airflow/dags/e_commerce_dw_dag.py took 0.160 seconds
[2026-03-25T14:53:51.355+0000] {processor.py:161} INFO - Started process (PID=1425) to work on /opt/airflow/dags/e_commerce_dw_dag.py
[2026-03-25T14:53:51.357+0000] {processor.py:830} INFO - Processing file /opt/airflow/dags/e_commerce_dw_dag.py for tasks to queue
[2026-03-25T14:53:51.359+0000] {logging_mixin.py:188} INFO - [2026-03-25T14:53:51.359+0000] {dagbag.py:545} INFO - Filling up the DagBag from /opt/airflow/dags/e_commerce_dw_dag.py
[2026-03-25T14:53:51.464+0000] {processor.py:840} INFO - DAG(s) 'e_commerce_dw_etl' retrieved from /opt/airflow/dags/e_commerce_dw_dag.py
[2026-03-25T14:53:51.494+0000] {logging_mixin.py:188} INFO - [2026-03-25T14:53:51.494+0000] {dag.py:3096} INFO - Sync 1 DAGs
[2026-03-25T14:53:51.516+0000] {logging_mixin.py:188} INFO - [2026-03-25T14:53:51.516+0000] {dag.py:3954} INFO - Setting next_dagrun for e_commerce_dw_etl to 2026-03-25 00:00:00+00:00, run_after=2026-03-26 00:00:00+00:00
[2026-03-25T14:53:51.543+0000] {processor.py:183} INFO - Processing /opt/airflow/dags/e_commerce_dw_dag.py took 0.196 seconds
[2026-03-25T14:54:22.116+0000] {processor.py:161} INFO - Started process (PID=1452) to work on /opt/airflow/dags/e_commerce_dw_dag.py
[2026-03-25T14:54:22.117+0000] {processor.py:830} INFO - Processing file /opt/airflow/dags/e_commerce_dw_dag.py for tasks to queue
[2026-03-25T14:54:22.120+0000] {logging_mixin.py:188} INFO - [2026-03-25T14:54:22.120+0000] {dagbag.py:545} INFO - Filling up the DagBag from /opt/airflow/dags/e_commerce_dw_dag.py
[2026-03-25T14:54:22.185+0000] {processor.py:840} INFO - DAG(s) 'e_commerce_dw_etl' retrieved from /opt/airflow/dags/e_commerce_dw_dag.py
[2026-03-25T14:54:22.214+0000] {logging_mixin.py:188} INFO - [2026-03-25T14:54:22.214+0000] {dag.py:3096} INFO - Sync 1 DAGs
[2026-03-25T14:54:22.236+0000] {logging_mixin.py:188} INFO - [2026-03-25T14:54:22.235+0000] {dag.py:3954} INFO - Setting next_dagrun for e_commerce_dw_etl to 2026-03-25 00:00:00+00:00, run_after=2026-03-26 00:00:00+00:00
[2026-03-25T14:54:22.261+0000] {processor.py:183} INFO - Processing /opt/airflow/dags/e_commerce_dw_dag.py took 0.152 seconds
[2026-03-25T14:54:53.034+0000] {processor.py:161} INFO - Started process (PID=1479) to work on /opt/airflow/dags/e_commerce_dw_dag.py
[2026-03-25T14:54:53.037+0000] {processor.py:830} INFO - Processing file /opt/airflow/dags/e_commerce_dw_dag.py for tasks to queue
[2026-03-25T14:54:53.039+0000] {logging_mixin.py:188} INFO - [2026-03-25T14:54:53.039+0000] {dagbag.py:545} INFO - Filling up the DagBag from /opt/airflow/dags/e_commerce_dw_dag.py
[2026-03-25T14:54:53.108+0000] {processor.py:840} INFO - DAG(s) 'e_commerce_dw_etl' retrieved from /opt/airflow/dags/e_commerce_dw_dag.py
[2026-03-25T14:54:53.138+0000] {logging_mixin.py:188} INFO - [2026-03-25T14:54:53.137+0000] {dag.py:3096} INFO - Sync 1 DAGs
[2026-03-25T14:54:53.159+0000] {logging_mixin.py:188} INFO - [2026-03-25T14:54:53.159+0000] {dag.py:3954} INFO - Setting next_dagrun for e_commerce_dw_etl to 2026-03-25 00:00:00+00:00, run_after=2026-03-26 00:00:00+00:00
[2026-03-25T14:54:53.185+0000] {processor.py:183} INFO - Processing /opt/airflow/dags/e_commerce_dw_dag.py took 0.158 seconds
[2026-03-25T14:55:23.803+0000] {processor.py:161} INFO - Started process (PID=1506) to work on /opt/airflow/dags/e_commerce_dw_dag.py
[2026-03-25T14:55:23.804+0000] {processor.py:830} INFO - Processing file /opt/airflow/dags/e_commerce_dw_dag.py for tasks to queue
[2026-03-25T14:55:23.806+0000] {logging_mixin.py:188} INFO - [2026-03-25T14:55:23.806+0000] {dagbag.py:545} INFO - Filling up the DagBag from /opt/airflow/dags/e_commerce_dw_dag.py
[2026-03-25T14:55:23.868+0000] {processor.py:840} INFO - DAG(s) 'e_commerce_dw_etl' retrieved from /opt/airflow/dags/e_commerce_dw_dag.py
[2026-03-25T14:55:23.893+0000] {logging_mixin.py:188} INFO - [2026-03-25T14:55:23.893+0000] {dag.py:3096} INFO - Sync 1 DAGs
[2026-03-25T14:55:23.912+0000] {logging_mixin.py:188} INFO - [2026-03-25T14:55:23.912+0000] {dag.py:3954} INFO - Setting next_dagrun for e_commerce_dw_etl to 2026-03-25 00:00:00+00:00, run_after=2026-03-26 00:00:00+00:00
[2026-03-25T14:55:23.935+0000] {processor.py:183} INFO - Processing /opt/airflow/dags/e_commerce_dw_dag.py took 0.138 seconds
[2026-03-25T14:55:54.438+0000] {processor.py:161} INFO - Started process (PID=1532) to work on /opt/airflow/dags/e_commerce_dw_dag.py
[2026-03-25T14:55:54.440+0000] {processor.py:830} INFO - Processing file /opt/airflow/dags/e_commerce_dw_dag.py for tasks to queue
[2026-03-25T14:55:54.443+0000] {logging_mixin.py:188} INFO - [2026-03-25T14:55:54.443+0000] {dagbag.py:545} INFO - Filling up the DagBag from /opt/airflow/dags/e_commerce_dw_dag.py
[2026-03-25T14:55:54.529+0000] {processor.py:840} INFO - DAG(s) 'e_commerce_dw_etl' retrieved from /opt/airflow/dags/e_commerce_dw_dag.py
[2026-03-25T14:55:54.570+0000] {logging_mixin.py:188} INFO - [2026-03-25T14:55:54.570+0000] {dag.py:3096} INFO - Sync 1 DAGs
[2026-03-25T14:55:54.596+0000] {logging_mixin.py:188} INFO - [2026-03-25T14:55:54.596+0000] {dag.py:3954} INFO - Setting next_dagrun for e_commerce_dw_etl to 2026-03-25 00:00:00+00:00, run_after=2026-03-26 00:00:00+00:00
[2026-03-25T14:55:54.625+0000] {processor.py:183} INFO - Processing /opt/airflow/dags/e_commerce_dw_dag.py took 0.194 seconds
[2026-03-25T14:56:25.172+0000] {processor.py:161} INFO - Started process (PID=1564) to work on /opt/airflow/dags/e_commerce_dw_dag.py
[2026-03-25T14:56:25.174+0000] {processor.py:830} INFO - Processing file /opt/airflow/dags/e_commerce_dw_dag.py for tasks to queue
[2026-03-25T14:56:25.179+0000] {logging_mixin.py:188} INFO - [2026-03-25T14:56:25.178+0000] {dagbag.py:545} INFO - Filling up the DagBag from /opt/airflow/dags/e_commerce_dw_dag.py
[2026-03-25T14:56:25.263+0000] {processor.py:840} INFO - DAG(s) 'e_commerce_dw_etl' retrieved from /opt/airflow/dags/e_commerce_dw_dag.py
[2026-03-25T14:56:25.295+0000] {logging_mixin.py:188} INFO - [2026-03-25T14:56:25.294+0000] {dag.py:3096} INFO - Sync 1 DAGs
[2026-03-25T14:56:25.317+0000] {logging_mixin.py:188} INFO - [2026-03-25T14:56:25.317+0000] {dag.py:3954} INFO - Setting next_dagrun for e_commerce_dw_etl to 2026-03-25 00:00:00+00:00, run_after=2026-03-26 00:00:00+00:00
[2026-03-25T14:56:25.340+0000] {processor.py:183} INFO - Processing /opt/airflow/dags/e_commerce_dw_dag.py took 0.177 seconds
[2026-03-25T14:56:56.009+0000] {processor.py:161} INFO - Started process (PID=1590) to work on /opt/airflow/dags/e_commerce_dw_dag.py
[2026-03-25T14:56:56.011+0000] {processor.py:830} INFO - Processing file /opt/airflow/dags/e_commerce_dw_dag.py for tasks to queue
[2026-03-25T14:56:56.015+0000] {logging_mixin.py:188} INFO - [2026-03-25T14:56:56.014+0000] {dagbag.py:545} INFO - Filling up the DagBag from /opt/airflow/dags/e_commerce_dw_dag.py
[2026-03-25T14:56:56.100+0000] {processor.py:840} INFO - DAG(s) 'e_commerce_dw_etl' retrieved from /opt/airflow/dags/e_commerce_dw_dag.py
[2026-03-25T14:56:56.132+0000] {logging_mixin.py:188} INFO - [2026-03-25T14:56:56.132+0000] {dag.py:3096} INFO - Sync 1 DAGs
[2026-03-25T14:56:56.156+0000] {logging_mixin.py:188} INFO - [2026-03-25T14:56:56.156+0000] {dag.py:3954} INFO - Setting next_dagrun for e_commerce_dw_etl to 2026-03-25 00:00:00+00:00, run_after=2026-03-26 00:00:00+00:00
[2026-03-25T14:56:56.189+0000] {processor.py:183} INFO - Processing /opt/airflow/dags/e_commerce_dw_dag.py took 0.186 seconds
[2026-03-25T14:57:26.898+0000] {processor.py:161} INFO - Started process (PID=1616) to work on /opt/airflow/dags/e_commerce_dw_dag.py
[2026-03-25T14:57:26.899+0000] {processor.py:830} INFO - Processing file /opt/airflow/dags/e_commerce_dw_dag.py for tasks to queue
[2026-03-25T14:57:26.901+0000] {logging_mixin.py:188} INFO - [2026-03-25T14:57:26.901+0000] {dagbag.py:545} INFO - Filling up the DagBag from /opt/airflow/dags/e_commerce_dw_dag.py
[2026-03-25T14:57:26.955+0000] {processor.py:840} INFO - DAG(s) 'e_commerce_dw_etl' retrieved from /opt/airflow/dags/e_commerce_dw_dag.py
[2026-03-25T14:57:26.988+0000] {logging_mixin.py:188} INFO - [2026-03-25T14:57:26.988+0000] {dag.py:3096} INFO - Sync 1 DAGs
[2026-03-25T14:57:27.009+0000] {logging_mixin.py:188} INFO - [2026-03-25T14:57:27.008+0000] {dag.py:3954} INFO - Setting next_dagrun for e_commerce_dw_etl to 2026-03-25 00:00:00+00:00, run_after=2026-03-26 00:00:00+00:00
[2026-03-25T14:57:27.032+0000] {processor.py:183} INFO - Processing /opt/airflow/dags/e_commerce_dw_dag.py took 0.140 seconds
[2026-03-25T14:57:57.712+0000] {processor.py:161} INFO - Started process (PID=1642) to work on /opt/airflow/dags/e_commerce_dw_dag.py
[2026-03-25T14:57:57.713+0000] {processor.py:830} INFO - Processing file /opt/airflow/dags/e_commerce_dw_dag.py for tasks to queue
[2026-03-25T14:57:57.715+0000] {logging_mixin.py:188} INFO - [2026-03-25T14:57:57.715+0000] {dagbag.py:545} INFO - Filling up the DagBag from /opt/airflow/dags/e_commerce_dw_dag.py
[2026-03-25T14:57:57.789+0000] {processor.py:840} INFO - DAG(s) 'e_commerce_dw_etl' retrieved from /opt/airflow/dags/e_commerce_dw_dag.py
[2026-03-25T14:57:57.818+0000] {logging_mixin.py:188} INFO - [2026-03-25T14:57:57.817+0000] {dag.py:3096} INFO - Sync 1 DAGs
[2026-03-25T14:57:57.838+0000] {logging_mixin.py:188} INFO - [2026-03-25T14:57:57.838+0000] {dag.py:3954} INFO - Setting next_dagrun for e_commerce_dw_etl to 2026-03-25 00:00:00+00:00, run_after=2026-03-26 00:00:00+00:00
[2026-03-25T14:57:57.862+0000] {processor.py:183} INFO - Processing /opt/airflow/dags/e_commerce_dw_dag.py took 0.156 seconds
[2026-03-25T14:58:28.549+0000] {processor.py:161} INFO - Started process (PID=1668) to work on /opt/airflow/dags/e_commerce_dw_dag.py
[2026-03-25T14:58:28.551+0000] {processor.py:830} INFO - Processing file /opt/airflow/dags/e_commerce_dw_dag.py for tasks to queue
[2026-03-25T14:58:28.553+0000] {logging_mixin.py:188} INFO - [2026-03-25T14:58:28.553+0000] {dagbag.py:545} INFO - Filling up the DagBag from /opt/airflow/dags/e_commerce_dw_dag.py
[2026-03-25T14:58:28.632+0000] {processor.py:840} INFO - DAG(s) 'e_commerce_dw_etl' retrieved from /opt/airflow/dags/e_commerce_dw_dag.py
[2026-03-25T14:58:28.663+0000] {logging_mixin.py:188} INFO - [2026-03-25T14:58:28.663+0000] {dag.py:3096} INFO - Sync 1 DAGs
[2026-03-25T14:58:28.685+0000] {logging_mixin.py:188} INFO - [2026-03-25T14:58:28.685+0000] {dag.py:3954} INFO - Setting next_dagrun for e_commerce_dw_etl to 2026-03-25 00:00:00+00:00, run_after=2026-03-26 00:00:00+00:00
[2026-03-25T14:58:28.710+0000] {processor.py:183} INFO - Processing /opt/airflow/dags/e_commerce_dw_dag.py took 0.167 seconds
[2026-03-25T14:58:59.352+0000] {processor.py:161} INFO - Started process (PID=1694) to work on /opt/airflow/dags/e_commerce_dw_dag.py
[2026-03-25T14:58:59.354+0000] {processor.py:830} INFO - Processing file /opt/airflow/dags/e_commerce_dw_dag.py for tasks to queue
[2026-03-25T14:58:59.357+0000] {logging_mixin.py:188} INFO - [2026-03-25T14:58:59.356+0000] {dagbag.py:545} INFO - Filling up the DagBag from /opt/airflow/dags/e_commerce_dw_dag.py
[2026-03-25T14:58:59.421+0000] {processor.py:840} INFO - DAG(s) 'e_commerce_dw_etl' retrieved from /opt/airflow/dags/e_commerce_dw_dag.py
[2026-03-25T14:58:59.450+0000] {logging_mixin.py:188} INFO - [2026-03-25T14:58:59.449+0000] {dag.py:3096} INFO - Sync 1 DAGs
[2026-03-25T14:58:59.471+0000] {logging_mixin.py:188} INFO - [2026-03-25T14:58:59.471+0000] {dag.py:3954} INFO - Setting next_dagrun for e_commerce_dw_etl to 2026-03-25 00:00:00+00:00, run_after=2026-03-26 00:00:00+00:00
[2026-03-25T14:58:59.495+0000] {processor.py:183} INFO - Processing /opt/airflow/dags/e_commerce_dw_dag.py took 0.152 seconds
[2026-03-25T14:59:30.074+0000] {processor.py:161} INFO - Started process (PID=1720) to work on /opt/airflow/dags/e_commerce_dw_dag.py
[2026-03-25T14:59:30.075+0000] {processor.py:830} INFO - Processing file /opt/airflow/dags/e_commerce_dw_dag.py for tasks to queue
[2026-03-25T14:59:30.076+0000] {logging_mixin.py:188} INFO - [2026-03-25T14:59:30.076+0000] {dagbag.py:545} INFO - Filling up the DagBag from /opt/airflow/dags/e_commerce_dw_dag.py
[2026-03-25T14:59:30.138+0000] {processor.py:840} INFO - DAG(s) 'e_commerce_dw_etl' retrieved from /opt/airflow/dags/e_commerce_dw_dag.py
[2026-03-25T14:59:30.166+0000] {logging_mixin.py:188} INFO - [2026-03-25T14:59:30.166+0000] {dag.py:3096} INFO - Sync 1 DAGs
[2026-03-25T14:59:30.188+0000] {logging_mixin.py:188} INFO - [2026-03-25T14:59:30.187+0000] {dag.py:3954} INFO - Setting next_dagrun for e_commerce_dw_etl to 2026-03-25 00:00:00+00:00, run_after=2026-03-26 00:00:00+00:00
[2026-03-25T14:59:30.213+0000] {processor.py:183} INFO - Processing /opt/airflow/dags/e_commerce_dw_dag.py took 0.146 seconds
[2026-03-25T15:00:00.991+0000] {processor.py:161} INFO - Started process (PID=1747) to work on /opt/airflow/dags/e_commerce_dw_dag.py
[2026-03-25T15:00:00.992+0000] {processor.py:830} INFO - Processing file /opt/airflow/dags/e_commerce_dw_dag.py for tasks to queue
[2026-03-25T15:00:00.994+0000] {logging_mixin.py:188} INFO - [2026-03-25T15:00:00.994+0000] {dagbag.py:545} INFO - Filling up the DagBag from /opt/airflow/dags/e_commerce_dw_dag.py
[2026-03-25T15:00:01.072+0000] {processor.py:840} INFO - DAG(s) 'e_commerce_dw_etl' retrieved from /opt/airflow/dags/e_commerce_dw_dag.py
[2026-03-25T15:00:01.112+0000] {logging_mixin.py:188} INFO - [2026-03-25T15:00:01.112+0000] {dag.py:3096} INFO - Sync 1 DAGs
[2026-03-25T15:00:01.140+0000] {logging_mixin.py:188} INFO - [2026-03-25T15:00:01.140+0000] {dag.py:3954} INFO - Setting next_dagrun for e_commerce_dw_etl to 2026-03-25 00:00:00+00:00, run_after=2026-03-26 00:00:00+00:00
[2026-03-25T15:00:01.167+0000] {processor.py:183} INFO - Processing /opt/airflow/dags/e_commerce_dw_dag.py took 0.183 seconds
[2026-03-25T15:00:31.696+0000] {processor.py:161} INFO - Started process (PID=1773) to work on /opt/airflow/dags/e_commerce_dw_dag.py
[2026-03-25T15:00:31.698+0000] {processor.py:830} INFO - Processing file /opt/airflow/dags/e_commerce_dw_dag.py for tasks to queue
[2026-03-25T15:00:31.700+0000] {logging_mixin.py:188} INFO - [2026-03-25T15:00:31.700+0000] {dagbag.py:545} INFO - Filling up the DagBag from /opt/airflow/dags/e_commerce_dw_dag.py
[2026-03-25T15:00:31.760+0000] {processor.py:840} INFO - DAG(s) 'e_commerce_dw_etl' retrieved from /opt/airflow/dags/e_commerce_dw_dag.py
[2026-03-25T15:00:31.795+0000] {logging_mixin.py:188} INFO - [2026-03-25T15:00:31.795+0000] {dag.py:3096} INFO - Sync 1 DAGs
[2026-03-25T15:00:31.819+0000] {logging_mixin.py:188} INFO - [2026-03-25T15:00:31.819+0000] {dag.py:3954} INFO - Setting next_dagrun for e_commerce_dw_etl to 2026-03-25 00:00:00+00:00, run_after=2026-03-26 00:00:00+00:00
[2026-03-25T15:00:31.843+0000] {processor.py:183} INFO - Processing /opt/airflow/dags/e_commerce_dw_dag.py took 0.153 seconds
[2026-03-25T15:01:02.486+0000] {processor.py:161} INFO - Started process (PID=1799) to work on /opt/airflow/dags/e_commerce_dw_dag.py
[2026-03-25T15:01:02.487+0000] {processor.py:830} INFO - Processing file /opt/airflow/dags/e_commerce_dw_dag.py for tasks to queue
[2026-03-25T15:01:02.489+0000] {logging_mixin.py:188} INFO - [2026-03-25T15:01:02.489+0000] {dagbag.py:545} INFO - Filling up the DagBag from /opt/airflow/dags/e_commerce_dw_dag.py
[2026-03-25T15:01:02.549+0000] {processor.py:840} INFO - DAG(s) 'e_commerce_dw_etl' retrieved from /opt/airflow/dags/e_commerce_dw_dag.py
[2026-03-25T15:01:02.579+0000] {logging_mixin.py:188} INFO - [2026-03-25T15:01:02.578+0000] {dag.py:3096} INFO - Sync 1 DAGs
[2026-03-25T15:01:02.601+0000] {logging_mixin.py:188} INFO - [2026-03-25T15:01:02.601+0000] {dag.py:3954} INFO - Setting next_dagrun for e_commerce_dw_etl to 2026-03-25 00:00:00+00:00, run_after=2026-03-26 00:00:00+00:00
[2026-03-25T15:01:02.624+0000] {processor.py:183} INFO - Processing /opt/airflow/dags/e_commerce_dw_dag.py took 0.145 seconds
[2026-03-25T15:01:33.327+0000] {processor.py:161} INFO - Started process (PID=1825) to work on /opt/airflow/dags/e_commerce_dw_dag.py
[2026-03-25T15:01:33.328+0000] {processor.py:830} INFO - Processing file /opt/airflow/dags/e_commerce_dw_dag.py for tasks to queue
[2026-03-25T15:01:33.330+0000] {logging_mixin.py:188} INFO - [2026-03-25T15:01:33.329+0000] {dagbag.py:545} INFO - Filling up the DagBag from /opt/airflow/dags/e_commerce_dw_dag.py
[2026-03-25T15:01:33.388+0000] {processor.py:840} INFO - DAG(s) 'e_commerce_dw_etl' retrieved from /opt/airflow/dags/e_commerce_dw_dag.py
[2026-03-25T15:01:33.420+0000] {logging_mixin.py:188} INFO - [2026-03-25T15:01:33.419+0000] {dag.py:3096} INFO - Sync 1 DAGs
[2026-03-25T15:01:33.444+0000] {logging_mixin.py:188} INFO - [2026-03-25T15:01:33.443+0000] {dag.py:3954} INFO - Setting next_dagrun for e_commerce_dw_etl to 2026-03-25 00:00:00+00:00, run_after=2026-03-26 00:00:00+00:00
[2026-03-25T15:01:33.470+0000] {processor.py:183} INFO - Processing /opt/airflow/dags/e_commerce_dw_dag.py took 0.150 seconds
[2026-03-25T15:02:04.127+0000] {processor.py:161} INFO - Started process (PID=1851) to work on /opt/airflow/dags/e_commerce_dw_dag.py
[2026-03-25T15:02:04.128+0000] {processor.py:830} INFO - Processing file /opt/airflow/dags/e_commerce_dw_dag.py for tasks to queue
[2026-03-25T15:02:04.130+0000] {logging_mixin.py:188} INFO - [2026-03-25T15:02:04.129+0000] {dagbag.py:545} INFO - Filling up the DagBag from /opt/airflow/dags/e_commerce_dw_dag.py
[2026-03-25T15:02:04.204+0000] {processor.py:840} INFO - DAG(s) 'e_commerce_dw_etl' retrieved from /opt/airflow/dags/e_commerce_dw_dag.py
[2026-03-25T15:02:04.248+0000] {logging_mixin.py:188} INFO - [2026-03-25T15:02:04.247+0000] {dag.py:3096} INFO - Sync 1 DAGs
[2026-03-25T15:02:04.275+0000] {logging_mixin.py:188} INFO - [2026-03-25T15:02:04.275+0000] {dag.py:3954} INFO - Setting next_dagrun for e_commerce_dw_etl to 2026-03-25 00:00:00+00:00, run_after=2026-03-26 00:00:00+00:00
[2026-03-25T15:02:04.299+0000] {processor.py:183} INFO - Processing /opt/airflow/dags/e_commerce_dw_dag.py took 0.179 seconds
[2026-03-25T15:02:34.978+0000] {processor.py:161} INFO - Started process (PID=1877) to work on /opt/airflow/dags/e_commerce_dw_dag.py
[2026-03-25T15:02:34.980+0000] {processor.py:830} INFO - Processing file /opt/airflow/dags/e_commerce_dw_dag.py for tasks to queue
[2026-03-25T15:02:34.982+0000] {logging_mixin.py:188} INFO - [2026-03-25T15:02:34.982+0000] {dagbag.py:545} INFO - Filling up the DagBag from /opt/airflow/dags/e_commerce_dw_dag.py
[2026-03-25T15:02:35.057+0000] {processor.py:840} INFO - DAG(s) 'e_commerce_dw_etl' retrieved from /opt/airflow/dags/e_commerce_dw_dag.py
[2026-03-25T15:02:35.088+0000] {logging_mixin.py:188} INFO - [2026-03-25T15:02:35.087+0000] {dag.py:3096} INFO - Sync 1 DAGs
[2026-03-25T15:02:35.110+0000] {logging_mixin.py:188} INFO - [2026-03-25T15:02:35.109+0000] {dag.py:3954} INFO - Setting next_dagrun for e_commerce_dw_etl to 2026-03-25 00:00:00+00:00, run_after=2026-03-26 00:00:00+00:00
[2026-03-25T15:02:35.135+0000] {processor.py:183} INFO - Processing /opt/airflow/dags/e_commerce_dw_dag.py took 0.163 seconds
[2026-03-25T15:03:05.815+0000] {processor.py:161} INFO - Started process (PID=1903) to work on /opt/airflow/dags/e_commerce_dw_dag.py
[2026-03-25T15:03:05.816+0000] {processor.py:830} INFO - Processing file /opt/airflow/dags/e_commerce_dw_dag.py for tasks to queue
[2026-03-25T15:03:05.820+0000] {logging_mixin.py:188} INFO - [2026-03-25T15:03:05.819+0000] {dagbag.py:545} INFO - Filling up the DagBag from /opt/airflow/dags/e_commerce_dw_dag.py
[2026-03-25T15:03:05.890+0000] {processor.py:840} INFO - DAG(s) 'e_commerce_dw_etl' retrieved from /opt/airflow/dags/e_commerce_dw_dag.py
[2026-03-25T15:03:05.920+0000] {logging_mixin.py:188} INFO - [2026-03-25T15:03:05.920+0000] {dag.py:3096} INFO - Sync 1 DAGs
[2026-03-25T15:03:05.942+0000] {logging_mixin.py:188} INFO - [2026-03-25T15:03:05.942+0000] {dag.py:3954} INFO - Setting next_dagrun for e_commerce_dw_etl to 2026-03-25 00:00:00+00:00, run_after=2026-03-26 00:00:00+00:00
[2026-03-25T15:03:05.964+0000] {processor.py:183} INFO - Processing /opt/airflow/dags/e_commerce_dw_dag.py took 0.157 seconds
[2026-03-25T15:03:36.582+0000] {processor.py:161} INFO - Started process (PID=1929) to work on /opt/airflow/dags/e_commerce_dw_dag.py
[2026-03-25T15:03:36.583+0000] {processor.py:830} INFO - Processing file /opt/airflow/dags/e_commerce_dw_dag.py for tasks to queue
[2026-03-25T15:03:36.585+0000] {logging_mixin.py:188} INFO - [2026-03-25T15:03:36.585+0000] {dagbag.py:545} INFO - Filling up the DagBag from /opt/airflow/dags/e_commerce_dw_dag.py
[2026-03-25T15:03:36.663+0000] {processor.py:840} INFO - DAG(s) 'e_commerce_dw_etl' retrieved from /opt/airflow/dags/e_commerce_dw_dag.py
[2026-03-25T15:03:36.695+0000] {logging_mixin.py:188} INFO - [2026-03-25T15:03:36.695+0000] {dag.py:3096} INFO - Sync 1 DAGs
[2026-03-25T15:03:36.718+0000] {logging_mixin.py:188} INFO - [2026-03-25T15:03:36.718+0000] {dag.py:3954} INFO - Setting next_dagrun for e_commerce_dw_etl to 2026-03-25 00:00:00+00:00, run_after=2026-03-26 00:00:00+00:00
[2026-03-25T15:03:36.745+0000] {processor.py:183} INFO - Processing /opt/airflow/dags/e_commerce_dw_dag.py took 0.169 seconds
[2026-03-25T15:04:07.338+0000] {processor.py:161} INFO - Started process (PID=1955) to work on /opt/airflow/dags/e_commerce_dw_dag.py
[2026-03-25T15:04:07.339+0000] {processor.py:830} INFO - Processing file /opt/airflow/dags/e_commerce_dw_dag.py for tasks to queue
[2026-03-25T15:04:07.341+0000] {logging_mixin.py:188} INFO - [2026-03-25T15:04:07.341+0000] {dagbag.py:545} INFO - Filling up the DagBag from /opt/airflow/dags/e_commerce_dw_dag.py
[2026-03-25T15:04:07.417+0000] {processor.py:840} INFO - DAG(s) 'e_commerce_dw_etl' retrieved from /opt/airflow/dags/e_commerce_dw_dag.py
[2026-03-25T15:04:07.453+0000] {logging_mixin.py:188} INFO - [2026-03-25T15:04:07.453+0000] {dag.py:3096} INFO - Sync 1 DAGs
[2026-03-25T15:04:07.483+0000] {logging_mixin.py:188} INFO - [2026-03-25T15:04:07.483+0000] {dag.py:3954} INFO - Setting next_dagrun for e_commerce_dw_etl to 2026-03-25 00:00:00+00:00, run_after=2026-03-26 00:00:00+00:00
[2026-03-25T15:04:07.514+0000] {processor.py:183} INFO - Processing /opt/airflow/dags/e_commerce_dw_dag.py took 0.188 seconds
[2026-03-25T15:04:38.075+0000] {processor.py:161} INFO - Started process (PID=1981) to work on /opt/airflow/dags/e_commerce_dw_dag.py
[2026-03-25T15:04:38.078+0000] {processor.py:830} INFO - Processing file /opt/airflow/dags/e_commerce_dw_dag.py for tasks to queue
[2026-03-25T15:04:38.080+0000] {logging_mixin.py:188} INFO - [2026-03-25T15:04:38.080+0000] {dagbag.py:545} INFO - Filling up the DagBag from /opt/airflow/dags/e_commerce_dw_dag.py
[2026-03-25T15:04:38.145+0000] {processor.py:840} INFO - DAG(s) 'e_commerce_dw_etl' retrieved from /opt/airflow/dags/e_commerce_dw_dag.py
[2026-03-25T15:04:38.174+0000] {logging_mixin.py:188} INFO - [2026-03-25T15:04:38.173+0000] {dag.py:3096} INFO - Sync 1 DAGs
[2026-03-25T15:04:38.196+0000] {logging_mixin.py:188} INFO - [2026-03-25T15:04:38.196+0000] {dag.py:3954} INFO - Setting next_dagrun for e_commerce_dw_etl to 2026-03-25 00:00:00+00:00, run_after=2026-03-26 00:00:00+00:00
[2026-03-25T15:04:38.223+0000] {processor.py:183} INFO - Processing /opt/airflow/dags/e_commerce_dw_dag.py took 0.154 seconds
[2026-03-25T15:05:08.969+0000] {processor.py:161} INFO - Started process (PID=2007) to work on /opt/airflow/dags/e_commerce_dw_dag.py
[2026-03-25T15:05:08.970+0000] {processor.py:830} INFO - Processing file /opt/airflow/dags/e_commerce_dw_dag.py for tasks to queue
[2026-03-25T15:05:08.972+0000] {logging_mixin.py:188} INFO - [2026-03-25T15:05:08.972+0000] {dagbag.py:545} INFO - Filling up the DagBag from /opt/airflow/dags/e_commerce_dw_dag.py
[2026-03-25T15:05:09.030+0000] {processor.py:840} INFO - DAG(s) 'e_commerce_dw_etl' retrieved from /opt/airflow/dags/e_commerce_dw_dag.py
[2026-03-25T15:05:09.059+0000] {logging_mixin.py:188} INFO - [2026-03-25T15:05:09.059+0000] {dag.py:3096} INFO - Sync 1 DAGs
[2026-03-25T15:05:09.081+0000] {logging_mixin.py:188} INFO - [2026-03-25T15:05:09.080+0000] {dag.py:3954} INFO - Setting next_dagrun for e_commerce_dw_etl to 2026-03-25 00:00:00+00:00, run_after=2026-03-26 00:00:00+00:00
[2026-03-25T15:05:09.108+0000] {processor.py:183} INFO - Processing /opt/airflow/dags/e_commerce_dw_dag.py took 0.145 seconds
[2026-03-25T15:05:39.702+0000] {processor.py:161} INFO - Started process (PID=2033) to work on /opt/airflow/dags/e_commerce_dw_dag.py
[2026-03-25T15:05:39.703+0000] {processor.py:830} INFO - Processing file /opt/airflow/dags/e_commerce_dw_dag.py for tasks to queue
[2026-03-25T15:05:39.705+0000] {logging_mixin.py:188} INFO - [2026-03-25T15:05:39.705+0000] {dagbag.py:545} INFO - Filling up the DagBag from /opt/airflow/dags/e_commerce_dw_dag.py
[2026-03-25T15:05:39.765+0000] {processor.py:840} INFO - DAG(s) 'e_commerce_dw_etl' retrieved from /opt/airflow/dags/e_commerce_dw_dag.py
[2026-03-25T15:05:39.795+0000] {logging_mixin.py:188} INFO - [2026-03-25T15:05:39.794+0000] {dag.py:3096} INFO - Sync 1 DAGs
[2026-03-25T15:05:39.814+0000] {logging_mixin.py:188} INFO - [2026-03-25T15:05:39.813+0000] {dag.py:3954} INFO - Setting next_dagrun for e_commerce_dw_etl to 2026-03-25 00:00:00+00:00, run_after=2026-03-26 00:00:00+00:00
[2026-03-25T15:05:39.839+0000] {processor.py:183} INFO - Processing /opt/airflow/dags/e_commerce_dw_dag.py took 0.144 seconds
[2026-03-25T15:06:10.485+0000] {processor.py:161} INFO - Started process (PID=2059) to work on /opt/airflow/dags/e_commerce_dw_dag.py
[2026-03-25T15:06:10.486+0000] {processor.py:830} INFO - Processing file /opt/airflow/dags/e_commerce_dw_dag.py for tasks to queue
[2026-03-25T15:06:10.488+0000] {logging_mixin.py:188} INFO - [2026-03-25T15:06:10.488+0000] {dagbag.py:545} INFO - Filling up the DagBag from /opt/airflow/dags/e_commerce_dw_dag.py
[2026-03-25T15:06:10.558+0000] {processor.py:840} INFO - DAG(s) 'e_commerce_dw_etl' retrieved from /opt/airflow/dags/e_commerce_dw_dag.py
[2026-03-25T15:06:10.588+0000] {logging_mixin.py:188} INFO - [2026-03-25T15:06:10.588+0000] {dag.py:3096} INFO - Sync 1 DAGs
[2026-03-25T15:06:10.611+0000] {logging_mixin.py:188} INFO - [2026-03-25T15:06:10.611+0000] {dag.py:3954} INFO - Setting next_dagrun for e_commerce_dw_etl to 2026-03-25 00:00:00+00:00, run_after=2026-03-26 00:00:00+00:00
[2026-03-25T15:06:10.636+0000] {processor.py:183} INFO - Processing /opt/airflow/dags/e_commerce_dw_dag.py took 0.158 seconds
[2026-03-25T15:06:41.216+0000] {processor.py:161} INFO - Started process (PID=2085) to work on /opt/airflow/dags/e_commerce_dw_dag.py
[2026-03-25T15:06:41.218+0000] {processor.py:830} INFO - Processing file /opt/airflow/dags/e_commerce_dw_dag.py for tasks to queue
[2026-03-25T15:06:41.221+0000] {logging_mixin.py:188} INFO - [2026-03-25T15:06:41.221+0000] {dagbag.py:545} INFO - Filling up the DagBag from /opt/airflow/dags/e_commerce_dw_dag.py
[2026-03-25T15:06:41.310+0000] {processor.py:840} INFO - DAG(s) 'e_commerce_dw_etl' retrieved from /opt/airflow/dags/e_commerce_dw_dag.py
[2026-03-25T15:06:41.338+0000] {logging_mixin.py:188} INFO - [2026-03-25T15:06:41.338+0000] {dag.py:3096} INFO - Sync 1 DAGs
[2026-03-25T15:06:41.359+0000] {logging_mixin.py:188} INFO - [2026-03-25T15:06:41.358+0000] {dag.py:3954} INFO - Setting next_dagrun for e_commerce_dw_etl to 2026-03-25 00:00:00+00:00, run_after=2026-03-26 00:00:00+00:00
[2026-03-25T15:06:41.383+0000] {processor.py:183} INFO - Processing /opt/airflow/dags/e_commerce_dw_dag.py took 0.175 seconds
[2026-03-25T15:07:11.949+0000] {processor.py:161} INFO - Started process (PID=2111) to work on /opt/airflow/dags/e_commerce_dw_dag.py
[2026-03-25T15:07:11.950+0000] {processor.py:830} INFO - Processing file /opt/airflow/dags/e_commerce_dw_dag.py for tasks to queue
[2026-03-25T15:07:11.952+0000] {logging_mixin.py:188} INFO - [2026-03-25T15:07:11.952+0000] {dagbag.py:545} INFO - Filling up the DagBag from /opt/airflow/dags/e_commerce_dw_dag.py
[2026-03-25T15:07:12.024+0000] {processor.py:840} INFO - DAG(s) 'e_commerce_dw_etl' retrieved from /opt/airflow/dags/e_commerce_dw_dag.py
[2026-03-25T15:07:12.061+0000] {logging_mixin.py:188} INFO - [2026-03-25T15:07:12.060+0000] {dag.py:3096} INFO - Sync 1 DAGs
[2026-03-25T15:07:12.085+0000] {logging_mixin.py:188} INFO - [2026-03-25T15:07:12.084+0000] {dag.py:3954} INFO - Setting next_dagrun for e_commerce_dw_etl to 2026-03-25 00:00:00+00:00, run_after=2026-03-26 00:00:00+00:00
[2026-03-25T15:07:12.114+0000] {processor.py:183} INFO - Processing /opt/airflow/dags/e_commerce_dw_dag.py took 0.172 seconds
[2026-03-25T15:07:42.667+0000] {processor.py:161} INFO - Started process (PID=2137) to work on /opt/airflow/dags/e_commerce_dw_dag.py
[2026-03-25T15:07:42.668+0000] {processor.py:830} INFO - Processing file /opt/airflow/dags/e_commerce_dw_dag.py for tasks to queue
[2026-03-25T15:07:42.670+0000] {logging_mixin.py:188} INFO - [2026-03-25T15:07:42.670+0000] {dagbag.py:545} INFO - Filling up the DagBag from /opt/airflow/dags/e_commerce_dw_dag.py
[2026-03-25T15:07:42.734+0000] {processor.py:840} INFO - DAG(s) 'e_commerce_dw_etl' retrieved from /opt/airflow/dags/e_commerce_dw_dag.py
[2026-03-25T15:07:42.761+0000] {logging_mixin.py:188} INFO - [2026-03-25T15:07:42.760+0000] {dag.py:3096} INFO - Sync 1 DAGs
[2026-03-25T15:07:42.779+0000] {logging_mixin.py:188} INFO - [2026-03-25T15:07:42.779+0000] {dag.py:3954} INFO - Setting next_dagrun for e_commerce_dw_etl to 2026-03-25 00:00:00+00:00, run_after=2026-03-26 00:00:00+00:00
[2026-03-25T15:07:42.803+0000] {processor.py:183} INFO - Processing /opt/airflow/dags/e_commerce_dw_dag.py took 0.143 seconds
[2026-03-25T15:08:13.534+0000] {processor.py:161} INFO - Started process (PID=2163) to work on /opt/airflow/dags/e_commerce_dw_dag.py
[2026-03-25T15:08:13.535+0000] {processor.py:830} INFO - Processing file /opt/airflow/dags/e_commerce_dw_dag.py for tasks to queue
[2026-03-25T15:08:13.537+0000] {logging_mixin.py:188} INFO - [2026-03-25T15:08:13.537+0000] {dagbag.py:545} INFO - Filling up the DagBag from /opt/airflow/dags/e_commerce_dw_dag.py
[2026-03-25T15:08:13.597+0000] {processor.py:840} INFO - DAG(s) 'e_commerce_dw_etl' retrieved from /opt/airflow/dags/e_commerce_dw_dag.py
[2026-03-25T15:08:13.627+0000] {logging_mixin.py:188} INFO - [2026-03-25T15:08:13.627+0000] {dag.py:3096} INFO - Sync 1 DAGs
[2026-03-25T15:08:13.648+0000] {logging_mixin.py:188} INFO - [2026-03-25T15:08:13.647+0000] {dag.py:3954} INFO - Setting next_dagrun for e_commerce_dw_etl to 2026-03-25 00:00:00+00:00, run_after=2026-03-26 00:00:00+00:00
[2026-03-25T15:08:13.670+0000] {processor.py:183} INFO - Processing /opt/airflow/dags/e_commerce_dw_dag.py took 0.142 seconds
[2026-03-25T15:08:44.258+0000] {processor.py:161} INFO - Started process (PID=2189) to work on /opt/airflow/dags/e_commerce_dw_dag.py
[2026-03-25T15:08:44.261+0000] {processor.py:830} INFO - Processing file /opt/airflow/dags/e_commerce_dw_dag.py for tasks to queue
[2026-03-25T15:08:44.266+0000] {logging_mixin.py:188} INFO - [2026-03-25T15:08:44.265+0000] {dagbag.py:545} INFO - Filling up the DagBag from /opt/airflow/dags/e_commerce_dw_dag.py
[2026-03-25T15:08:44.383+0000] {processor.py:840} INFO - DAG(s) 'e_commerce_dw_etl' retrieved from /opt/airflow/dags/e_commerce_dw_dag.py
[2026-03-25T15:08:44.427+0000] {logging_mixin.py:188} INFO - [2026-03-25T15:08:44.427+0000] {dag.py:3096} INFO - Sync 1 DAGs
[2026-03-25T15:08:44.457+0000] {logging_mixin.py:188} INFO - [2026-03-25T15:08:44.457+0000] {dag.py:3954} INFO - Setting next_dagrun for e_commerce_dw_etl to 2026-03-25 00:00:00+00:00, run_after=2026-03-26 00:00:00+00:00
[2026-03-25T15:08:44.486+0000] {processor.py:183} INFO - Processing /opt/airflow/dags/e_commerce_dw_dag.py took 0.243 seconds
[2026-03-25T15:09:15.075+0000] {processor.py:161} INFO - Started process (PID=2215) to work on /opt/airflow/dags/e_commerce_dw_dag.py
[2026-03-25T15:09:15.077+0000] {processor.py:830} INFO - Processing file /opt/airflow/dags/e_commerce_dw_dag.py for tasks to queue
[2026-03-25T15:09:15.079+0000] {logging_mixin.py:188} INFO - [2026-03-25T15:09:15.079+0000] {dagbag.py:545} INFO - Filling up the DagBag from /opt/airflow/dags/e_commerce_dw_dag.py
[2026-03-25T15:09:15.160+0000] {processor.py:840} INFO - DAG(s) 'e_commerce_dw_etl' retrieved from /opt/airflow/dags/e_commerce_dw_dag.py
[2026-03-25T15:09:15.191+0000] {logging_mixin.py:188} INFO - [2026-03-25T15:09:15.191+0000] {dag.py:3096} INFO - Sync 1 DAGs
[2026-03-25T15:09:15.217+0000] {logging_mixin.py:188} INFO - [2026-03-25T15:09:15.216+0000] {dag.py:3954} INFO - Setting next_dagrun for e_commerce_dw_etl to 2026-03-25 00:00:00+00:00, run_after=2026-03-26 00:00:00+00:00
[2026-03-25T15:09:15.244+0000] {processor.py:183} INFO - Processing /opt/airflow/dags/e_commerce_dw_dag.py took 0.175 seconds
[2026-03-25T15:09:45.855+0000] {processor.py:161} INFO - Started process (PID=2241) to work on /opt/airflow/dags/e_commerce_dw_dag.py
[2026-03-25T15:09:45.856+0000] {processor.py:830} INFO - Processing file /opt/airflow/dags/e_commerce_dw_dag.py for tasks to queue
[2026-03-25T15:09:45.860+0000] {logging_mixin.py:188} INFO - [2026-03-25T15:09:45.859+0000] {dagbag.py:545} INFO - Filling up the DagBag from /opt/airflow/dags/e_commerce_dw_dag.py
[2026-03-25T15:09:45.956+0000] {processor.py:840} INFO - DAG(s) 'e_commerce_dw_etl' retrieved from /opt/airflow/dags/e_commerce_dw_dag.py
[2026-03-25T15:09:45.992+0000] {logging_mixin.py:188} INFO - [2026-03-25T15:09:45.991+0000] {dag.py:3096} INFO - Sync 1 DAGs
[2026-03-25T15:09:46.014+0000] {logging_mixin.py:188} INFO - [2026-03-25T15:09:46.014+0000] {dag.py:3954} INFO - Setting next_dagrun for e_commerce_dw_etl to 2026-03-25 00:00:00+00:00, run_after=2026-03-26 00:00:00+00:00
[2026-03-25T15:09:46.040+0000] {processor.py:183} INFO - Processing /opt/airflow/dags/e_commerce_dw_dag.py took 0.194 seconds
[2026-03-25T15:10:16.757+0000] {processor.py:161} INFO - Started process (PID=2267) to work on /opt/airflow/dags/e_commerce_dw_dag.py
[2026-03-25T15:10:16.758+0000] {processor.py:830} INFO - Processing file /opt/airflow/dags/e_commerce_dw_dag.py for tasks to queue
[2026-03-25T15:10:16.760+0000] {logging_mixin.py:188} INFO - [2026-03-25T15:10:16.760+0000] {dagbag.py:545} INFO - Filling up the DagBag from /opt/airflow/dags/e_commerce_dw_dag.py
[2026-03-25T15:10:16.821+0000] {processor.py:840} INFO - DAG(s) 'e_commerce_dw_etl' retrieved from /opt/airflow/dags/e_commerce_dw_dag.py
[2026-03-25T15:10:16.853+0000] {logging_mixin.py:188} INFO - [2026-03-25T15:10:16.852+0000] {dag.py:3096} INFO - Sync 1 DAGs
[2026-03-25T15:10:16.876+0000] {logging_mixin.py:188} INFO - [2026-03-25T15:10:16.875+0000] {dag.py:3954} INFO - Setting next_dagrun for e_commerce_dw_etl to 2026-03-25 00:00:00+00:00, run_after=2026-03-26 00:00:00+00:00
[2026-03-25T15:10:16.900+0000] {processor.py:183} INFO - Processing /opt/airflow/dags/e_commerce_dw_dag.py took 0.150 seconds
[2026-03-25T15:10:47.421+0000] {processor.py:161} INFO - Started process (PID=2293) to work on /opt/airflow/dags/e_commerce_dw_dag.py
[2026-03-25T15:10:47.422+0000] {processor.py:830} INFO - Processing file /opt/airflow/dags/e_commerce_dw_dag.py for tasks to queue
[2026-03-25T15:10:47.424+0000] {logging_mixin.py:188} INFO - [2026-03-25T15:10:47.424+0000] {dagbag.py:545} INFO - Filling up the DagBag from /opt/airflow/dags/e_commerce_dw_dag.py
[2026-03-25T15:10:47.501+0000] {processor.py:840} INFO - DAG(s) 'e_commerce_dw_etl' retrieved from /opt/airflow/dags/e_commerce_dw_dag.py
[2026-03-25T15:10:47.539+0000] {logging_mixin.py:188} INFO - [2026-03-25T15:10:47.539+0000] {dag.py:3096} INFO - Sync 1 DAGs
[2026-03-25T15:10:47.568+0000] {logging_mixin.py:188} INFO - [2026-03-25T15:10:47.568+0000] {dag.py:3954} INFO - Setting next_dagrun for e_commerce_dw_etl to 2026-03-25 00:00:00+00:00, run_after=2026-03-26 00:00:00+00:00
[2026-03-25T15:10:47.597+0000] {processor.py:183} INFO - Processing /opt/airflow/dags/e_commerce_dw_dag.py took 0.183 seconds
[2026-03-25T15:11:18.220+0000] {processor.py:161} INFO - Started process (PID=2319) to work on /opt/airflow/dags/e_commerce_dw_dag.py
[2026-03-25T15:11:18.222+0000] {processor.py:830} INFO - Processing file /opt/airflow/dags/e_commerce_dw_dag.py for tasks to queue
[2026-03-25T15:11:18.226+0000] {logging_mixin.py:188} INFO - [2026-03-25T15:11:18.226+0000] {dagbag.py:545} INFO - Filling up the DagBag from /opt/airflow/dags/e_commerce_dw_dag.py
[2026-03-25T15:11:18.323+0000] {processor.py:840} INFO - DAG(s) 'e_commerce_dw_etl' retrieved from /opt/airflow/dags/e_commerce_dw_dag.py
[2026-03-25T15:11:18.361+0000] {logging_mixin.py:188} INFO - [2026-03-25T15:11:18.361+0000] {dag.py:3096} INFO - Sync 1 DAGs
[2026-03-25T15:11:18.387+0000] {logging_mixin.py:188} INFO - [2026-03-25T15:11:18.387+0000] {dag.py:3954} INFO - Setting next_dagrun for e_commerce_dw_etl to 2026-03-25 00:00:00+00:00, run_after=2026-03-26 00:00:00+00:00
[2026-03-25T15:11:18.412+0000] {processor.py:183} INFO - Processing /opt/airflow/dags/e_commerce_dw_dag.py took 0.201 seconds
[2026-03-25T15:11:49.009+0000] {processor.py:161} INFO - Started process (PID=2345) to work on /opt/airflow/dags/e_commerce_dw_dag.py
[2026-03-25T15:11:49.011+0000] {processor.py:830} INFO - Processing file /opt/airflow/dags/e_commerce_dw_dag.py for tasks to queue
[2026-03-25T15:11:49.013+0000] {logging_mixin.py:188} INFO - [2026-03-25T15:11:49.013+0000] {dagbag.py:545} INFO - Filling up the DagBag from /opt/airflow/dags/e_commerce_dw_dag.py
[2026-03-25T15:11:49.113+0000] {processor.py:840} INFO - DAG(s) 'e_commerce_dw_etl' retrieved from /opt/airflow/dags/e_commerce_dw_dag.py
[2026-03-25T15:11:49.147+0000] {logging_mixin.py:188} INFO - [2026-03-25T15:11:49.146+0000] {dag.py:3096} INFO - Sync 1 DAGs
[2026-03-25T15:11:49.171+0000] {logging_mixin.py:188} INFO - [2026-03-25T15:11:49.171+0000] {dag.py:3954} INFO - Setting next_dagrun for e_commerce_dw_etl to 2026-03-25 00:00:00+00:00, run_after=2026-03-26 00:00:00+00:00
[2026-03-25T15:11:49.208+0000] {processor.py:183} INFO - Processing /opt/airflow/dags/e_commerce_dw_dag.py took 0.210 seconds
[2026-03-25T15:12:19.996+0000] {processor.py:161} INFO - Started process (PID=2371) to work on /opt/airflow/dags/e_commerce_dw_dag.py
[2026-03-25T15:12:20.006+0000] {processor.py:830} INFO - Processing file /opt/airflow/dags/e_commerce_dw_dag.py for tasks to queue
[2026-03-25T15:12:20.014+0000] {logging_mixin.py:188} INFO - [2026-03-25T15:12:20.013+0000] {dagbag.py:545} INFO - Filling up the DagBag from /opt/airflow/dags/e_commerce_dw_dag.py
[2026-03-25T15:12:20.555+0000] {processor.py:840} INFO - DAG(s) 'e_commerce_dw_etl' retrieved from /opt/airflow/dags/e_commerce_dw_dag.py
[2026-03-25T15:12:20.640+0000] {logging_mixin.py:188} INFO - [2026-03-25T15:12:20.629+0000] {dag.py:3096} INFO - Sync 1 DAGs
[2026-03-25T15:12:20.704+0000] {logging_mixin.py:188} INFO - [2026-03-25T15:12:20.703+0000] {dag.py:3954} INFO - Setting next_dagrun for e_commerce_dw_etl to 2026-03-25 00:00:00+00:00, run_after=2026-03-26 00:00:00+00:00
[2026-03-25T15:12:20.805+0000] {processor.py:183} INFO - Processing /opt/airflow/dags/e_commerce_dw_dag.py took 0.828 seconds
[2026-03-25T15:12:51.320+0000] {processor.py:161} INFO - Started process (PID=2402) to work on /opt/airflow/dags/e_commerce_dw_dag.py
[2026-03-25T15:12:51.322+0000] {processor.py:830} INFO - Processing file /opt/airflow/dags/e_commerce_dw_dag.py for tasks to queue
[2026-03-25T15:12:51.326+0000] {logging_mixin.py:188} INFO - [2026-03-25T15:12:51.326+0000] {dagbag.py:545} INFO - Filling up the DagBag from /opt/airflow/dags/e_commerce_dw_dag.py
[2026-03-25T15:12:51.432+0000] {processor.py:840} INFO - DAG(s) 'e_commerce_dw_etl' retrieved from /opt/airflow/dags/e_commerce_dw_dag.py
[2026-03-25T15:12:51.498+0000] {logging_mixin.py:188} INFO - [2026-03-25T15:12:51.497+0000] {dag.py:3096} INFO - Sync 1 DAGs
[2026-03-25T15:12:51.565+0000] {logging_mixin.py:188} INFO - [2026-03-25T15:12:51.564+0000] {dag.py:3954} INFO - Setting next_dagrun for e_commerce_dw_etl to 2026-03-25 00:00:00+00:00, run_after=2026-03-26 00:00:00+00:00
[2026-03-25T15:12:51.599+0000] {processor.py:183} INFO - Processing /opt/airflow/dags/e_commerce_dw_dag.py took 0.287 seconds
[2026-03-25T15:13:22.175+0000] {processor.py:161} INFO - Started process (PID=2428) to work on /opt/airflow/dags/e_commerce_dw_dag.py
[2026-03-25T15:13:22.176+0000] {processor.py:830} INFO - Processing file /opt/airflow/dags/e_commerce_dw_dag.py for tasks to queue
[2026-03-25T15:13:22.178+0000] {logging_mixin.py:188} INFO - [2026-03-25T15:13:22.178+0000] {dagbag.py:545} INFO - Filling up the DagBag from /opt/airflow/dags/e_commerce_dw_dag.py
[2026-03-25T15:13:22.254+0000] {processor.py:840} INFO - DAG(s) 'e_commerce_dw_etl' retrieved from /opt/airflow/dags/e_commerce_dw_dag.py
[2026-03-25T15:13:22.295+0000] {logging_mixin.py:188} INFO - [2026-03-25T15:13:22.295+0000] {dag.py:3096} INFO - Sync 1 DAGs
[2026-03-25T15:13:22.321+0000] {logging_mixin.py:188} INFO - [2026-03-25T15:13:22.321+0000] {dag.py:3954} INFO - Setting next_dagrun for e_commerce_dw_etl to 2026-03-25 00:00:00+00:00, run_after=2026-03-26 00:00:00+00:00
[2026-03-25T15:13:22.345+0000] {processor.py:183} INFO - Processing /opt/airflow/dags/e_commerce_dw_dag.py took 0.177 seconds
[2026-03-25T15:13:52.922+0000] {processor.py:161} INFO - Started process (PID=2454) to work on /opt/airflow/dags/e_commerce_dw_dag.py
[2026-03-25T15:13:52.924+0000] {processor.py:830} INFO - Processing file /opt/airflow/dags/e_commerce_dw_dag.py for tasks to queue
[2026-03-25T15:13:52.926+0000] {logging_mixin.py:188} INFO - [2026-03-25T15:13:52.925+0000] {dagbag.py:545} INFO - Filling up the DagBag from /opt/airflow/dags/e_commerce_dw_dag.py
[2026-03-25T15:13:53.031+0000] {processor.py:840} INFO - DAG(s) 'e_commerce_dw_etl' retrieved from /opt/airflow/dags/e_commerce_dw_dag.py
[2026-03-25T15:13:53.079+0000] {logging_mixin.py:188} INFO - [2026-03-25T15:13:53.079+0000] {dag.py:3096} INFO - Sync 1 DAGs
[2026-03-25T15:13:53.110+0000] {logging_mixin.py:188} INFO - [2026-03-25T15:13:53.109+0000] {dag.py:3954} INFO - Setting next_dagrun for e_commerce_dw_etl to 2026-03-25 00:00:00+00:00, run_after=2026-03-26 00:00:00+00:00
[2026-03-25T15:13:53.138+0000] {processor.py:183} INFO - Processing /opt/airflow/dags/e_commerce_dw_dag.py took 0.223 seconds
[2026-03-25T15:14:23.710+0000] {processor.py:161} INFO - Started process (PID=2480) to work on /opt/airflow/dags/e_commerce_dw_dag.py
[2026-03-25T15:14:23.714+0000] {processor.py:830} INFO - Processing file /opt/airflow/dags/e_commerce_dw_dag.py for tasks to queue
[2026-03-25T15:14:23.720+0000] {logging_mixin.py:188} INFO - [2026-03-25T15:14:23.718+0000] {dagbag.py:545} INFO - Filling up the DagBag from /opt/airflow/dags/e_commerce_dw_dag.py
[2026-03-25T15:14:23.883+0000] {processor.py:840} INFO - DAG(s) 'e_commerce_dw_etl' retrieved from /opt/airflow/dags/e_commerce_dw_dag.py
[2026-03-25T15:14:23.931+0000] {logging_mixin.py:188} INFO - [2026-03-25T15:14:23.931+0000] {dag.py:3096} INFO - Sync 1 DAGs
[2026-03-25T15:14:23.961+0000] {logging_mixin.py:188} INFO - [2026-03-25T15:14:23.960+0000] {dag.py:3954} INFO - Setting next_dagrun for e_commerce_dw_etl to 2026-03-25 00:00:00+00:00, run_after=2026-03-26 00:00:00+00:00
[2026-03-25T15:14:23.982+0000] {processor.py:183} INFO - Processing /opt/airflow/dags/e_commerce_dw_dag.py took 0.287 seconds
[2026-03-25T15:14:54.690+0000] {processor.py:161} INFO - Started process (PID=2506) to work on /opt/airflow/dags/e_commerce_dw_dag.py
[2026-03-25T15:14:54.691+0000] {processor.py:830} INFO - Processing file /opt/airflow/dags/e_commerce_dw_dag.py for tasks to queue
[2026-03-25T15:14:54.694+0000] {logging_mixin.py:188} INFO - [2026-03-25T15:14:54.694+0000] {dagbag.py:545} INFO - Filling up the DagBag from /opt/airflow/dags/e_commerce_dw_dag.py
[2026-03-25T15:14:54.773+0000] {processor.py:840} INFO - DAG(s) 'e_commerce_dw_etl' retrieved from /opt/airflow/dags/e_commerce_dw_dag.py
[2026-03-25T15:14:54.813+0000] {logging_mixin.py:188} INFO - [2026-03-25T15:14:54.812+0000] {dag.py:3096} INFO - Sync 1 DAGs
[2026-03-25T15:14:54.835+0000] {logging_mixin.py:188} INFO - [2026-03-25T15:14:54.834+0000] {dag.py:3954} INFO - Setting next_dagrun for e_commerce_dw_etl to 2026-03-25 00:00:00+00:00, run_after=2026-03-26 00:00:00+00:00
[2026-03-25T15:14:54.854+0000] {processor.py:183} INFO - Processing /opt/airflow/dags/e_commerce_dw_dag.py took 0.171 seconds
[2026-03-25T15:15:25.378+0000] {processor.py:161} INFO - Started process (PID=2532) to work on /opt/airflow/dags/e_commerce_dw_dag.py
[2026-03-25T15:15:25.380+0000] {processor.py:830} INFO - Processing file /opt/airflow/dags/e_commerce_dw_dag.py for tasks to queue
[2026-03-25T15:15:25.382+0000] {logging_mixin.py:188} INFO - [2026-03-25T15:15:25.382+0000] {dagbag.py:545} INFO - Filling up the DagBag from /opt/airflow/dags/e_commerce_dw_dag.py
[2026-03-25T15:15:25.472+0000] {processor.py:840} INFO - DAG(s) 'e_commerce_dw_etl' retrieved from /opt/airflow/dags/e_commerce_dw_dag.py
[2026-03-25T15:15:25.508+0000] {logging_mixin.py:188} INFO - [2026-03-25T15:15:25.508+0000] {dag.py:3096} INFO - Sync 1 DAGs
[2026-03-25T15:15:25.533+0000] {logging_mixin.py:188} INFO - [2026-03-25T15:15:25.533+0000] {dag.py:3954} INFO - Setting next_dagrun for e_commerce_dw_etl to 2026-03-25 00:00:00+00:00, run_after=2026-03-26 00:00:00+00:00
[2026-03-25T15:15:25.554+0000] {processor.py:183} INFO - Processing /opt/airflow/dags/e_commerce_dw_dag.py took 0.183 seconds
[2026-03-25T15:15:56.043+0000] {processor.py:161} INFO - Started process (PID=2558) to work on /opt/airflow/dags/e_commerce_dw_dag.py
[2026-03-25T15:15:56.044+0000] {processor.py:830} INFO - Processing file /opt/airflow/dags/e_commerce_dw_dag.py for tasks to queue
[2026-03-25T15:15:56.047+0000] {logging_mixin.py:188} INFO - [2026-03-25T15:15:56.046+0000] {dagbag.py:545} INFO - Filling up the DagBag from /opt/airflow/dags/e_commerce_dw_dag.py
[2026-03-25T15:15:56.140+0000] {processor.py:840} INFO - DAG(s) 'e_commerce_dw_etl' retrieved from /opt/airflow/dags/e_commerce_dw_dag.py
[2026-03-25T15:15:56.175+0000] {logging_mixin.py:188} INFO - [2026-03-25T15:15:56.175+0000] {dag.py:3096} INFO - Sync 1 DAGs
[2026-03-25T15:15:56.205+0000] {logging_mixin.py:188} INFO - [2026-03-25T15:15:56.205+0000] {dag.py:3954} INFO - Setting next_dagrun for e_commerce_dw_etl to 2026-03-25 00:00:00+00:00, run_after=2026-03-26 00:00:00+00:00
[2026-03-25T15:15:56.230+0000] {processor.py:183} INFO - Processing /opt/airflow/dags/e_commerce_dw_dag.py took 0.194 seconds
[2026-03-25T15:16:26.736+0000] {processor.py:161} INFO - Started process (PID=2584) to work on /opt/airflow/dags/e_commerce_dw_dag.py
[2026-03-25T15:16:26.737+0000] {processor.py:830} INFO - Processing file /opt/airflow/dags/e_commerce_dw_dag.py for tasks to queue
[2026-03-25T15:16:26.739+0000] {logging_mixin.py:188} INFO - [2026-03-25T15:16:26.739+0000] {dagbag.py:545} INFO - Filling up the DagBag from /opt/airflow/dags/e_commerce_dw_dag.py
[2026-03-25T15:16:26.809+0000] {processor.py:840} INFO - DAG(s) 'e_commerce_dw_etl' retrieved from /opt/airflow/dags/e_commerce_dw_dag.py
[2026-03-25T15:16:26.842+0000] {logging_mixin.py:188} INFO - [2026-03-25T15:16:26.842+0000] {dag.py:3096} INFO - Sync 1 DAGs
[2026-03-25T15:16:26.866+0000] {logging_mixin.py:188} INFO - [2026-03-25T15:16:26.865+0000] {dag.py:3954} INFO - Setting next_dagrun for e_commerce_dw_etl to 2026-03-25 00:00:00+00:00, run_after=2026-03-26 00:00:00+00:00
[2026-03-25T15:16:26.889+0000] {processor.py:183} INFO - Processing /opt/airflow/dags/e_commerce_dw_dag.py took 0.159 seconds
[2026-03-25T15:16:57.464+0000] {processor.py:161} INFO - Started process (PID=2610) to work on /opt/airflow/dags/e_commerce_dw_dag.py
[2026-03-25T15:16:57.465+0000] {processor.py:830} INFO - Processing file /opt/airflow/dags/e_commerce_dw_dag.py for tasks to queue
[2026-03-25T15:16:57.467+0000] {logging_mixin.py:188} INFO - [2026-03-25T15:16:57.466+0000] {dagbag.py:545} INFO - Filling up the DagBag from /opt/airflow/dags/e_commerce_dw_dag.py
[2026-03-25T15:16:57.528+0000] {processor.py:840} INFO - DAG(s) 'e_commerce_dw_etl' retrieved from /opt/airflow/dags/e_commerce_dw_dag.py
[2026-03-25T15:16:57.567+0000] {logging_mixin.py:188} INFO - [2026-03-25T15:16:57.566+0000] {dag.py:3096} INFO - Sync 1 DAGs
[2026-03-25T15:16:57.589+0000] {logging_mixin.py:188} INFO - [2026-03-25T15:16:57.589+0000] {dag.py:3954} INFO - Setting next_dagrun for e_commerce_dw_etl to 2026-03-25 00:00:00+00:00, run_after=2026-03-26 00:00:00+00:00
[2026-03-25T15:16:57.611+0000] {processor.py:183} INFO - Processing /opt/airflow/dags/e_commerce_dw_dag.py took 0.155 seconds
[2026-03-25T15:17:28.170+0000] {processor.py:161} INFO - Started process (PID=2637) to work on /opt/airflow/dags/e_commerce_dw_dag.py
[2026-03-25T15:17:28.171+0000] {processor.py:830} INFO - Processing file /opt/airflow/dags/e_commerce_dw_dag.py for tasks to queue
[2026-03-25T15:17:28.173+0000] {logging_mixin.py:188} INFO - [2026-03-25T15:17:28.173+0000] {dagbag.py:545} INFO - Filling up the DagBag from /opt/airflow/dags/e_commerce_dw_dag.py
[2026-03-25T15:17:28.235+0000] {processor.py:840} INFO - DAG(s) 'e_commerce_dw_etl' retrieved from /opt/airflow/dags/e_commerce_dw_dag.py
[2026-03-25T15:17:28.266+0000] {logging_mixin.py:188} INFO - [2026-03-25T15:17:28.265+0000] {dag.py:3096} INFO - Sync 1 DAGs
[2026-03-25T15:17:28.289+0000] {logging_mixin.py:188} INFO - [2026-03-25T15:17:28.289+0000] {dag.py:3954} INFO - Setting next_dagrun for e_commerce_dw_etl to 2026-03-25 00:00:00+00:00, run_after=2026-03-26 00:00:00+00:00
[2026-03-25T15:17:28.313+0000] {processor.py:183} INFO - Processing /opt/airflow/dags/e_commerce_dw_dag.py took 0.150 seconds
[2026-03-25T15:17:58.965+0000] {processor.py:161} INFO - Started process (PID=2669) to work on /opt/airflow/dags/e_commerce_dw_dag.py
[2026-03-25T15:17:58.966+0000] {processor.py:830} INFO - Processing file /opt/airflow/dags/e_commerce_dw_dag.py for tasks to queue
[2026-03-25T15:17:58.968+0000] {logging_mixin.py:188} INFO - [2026-03-25T15:17:58.967+0000] {dagbag.py:545} INFO - Filling up the DagBag from /opt/airflow/dags/e_commerce_dw_dag.py
[2026-03-25T15:17:59.026+0000] {processor.py:840} INFO - DAG(s) 'e_commerce_dw_etl' retrieved from /opt/airflow/dags/e_commerce_dw_dag.py
[2026-03-25T15:17:59.056+0000] {logging_mixin.py:188} INFO - [2026-03-25T15:17:59.055+0000] {dag.py:3096} INFO - Sync 1 DAGs
[2026-03-25T15:17:59.079+0000] {logging_mixin.py:188} INFO - [2026-03-25T15:17:59.079+0000] {dag.py:3954} INFO - Setting next_dagrun for e_commerce_dw_etl to 2026-03-25 00:00:00+00:00, run_after=2026-03-26 00:00:00+00:00
[2026-03-25T15:17:59.101+0000] {processor.py:183} INFO - Processing /opt/airflow/dags/e_commerce_dw_dag.py took 0.142 seconds
[2026-03-25T15:18:29.726+0000] {processor.py:161} INFO - Started process (PID=2695) to work on /opt/airflow/dags/e_commerce_dw_dag.py
[2026-03-25T15:18:29.728+0000] {processor.py:830} INFO - Processing file /opt/airflow/dags/e_commerce_dw_dag.py for tasks to queue
[2026-03-25T15:18:29.731+0000] {logging_mixin.py:188} INFO - [2026-03-25T15:18:29.731+0000] {dagbag.py:545} INFO - Filling up the DagBag from /opt/airflow/dags/e_commerce_dw_dag.py
[2026-03-25T15:18:29.803+0000] {processor.py:840} INFO - DAG(s) 'e_commerce_dw_etl' retrieved from /opt/airflow/dags/e_commerce_dw_dag.py
[2026-03-25T15:18:29.839+0000] {logging_mixin.py:188} INFO - [2026-03-25T15:18:29.839+0000] {dag.py:3096} INFO - Sync 1 DAGs
[2026-03-25T15:18:29.864+0000] {logging_mixin.py:188} INFO - [2026-03-25T15:18:29.864+0000] {dag.py:3954} INFO - Setting next_dagrun for e_commerce_dw_etl to 2026-03-25 00:00:00+00:00, run_after=2026-03-26 00:00:00+00:00
[2026-03-25T15:18:29.888+0000] {processor.py:183} INFO - Processing /opt/airflow/dags/e_commerce_dw_dag.py took 0.171 seconds
[2026-03-25T15:19:00.362+0000] {processor.py:161} INFO - Started process (PID=2721) to work on /opt/airflow/dags/e_commerce_dw_dag.py
[2026-03-25T15:19:00.364+0000] {processor.py:830} INFO - Processing file /opt/airflow/dags/e_commerce_dw_dag.py for tasks to queue
[2026-03-25T15:19:00.373+0000] {logging_mixin.py:188} INFO - [2026-03-25T15:19:00.371+0000] {dagbag.py:545} INFO - Filling up the DagBag from /opt/airflow/dags/e_commerce_dw_dag.py
[2026-03-25T15:19:00.481+0000] {processor.py:840} INFO - DAG(s) 'e_commerce_dw_etl' retrieved from /opt/airflow/dags/e_commerce_dw_dag.py
[2026-03-25T15:19:00.561+0000] {logging_mixin.py:188} INFO - [2026-03-25T15:19:00.560+0000] {dag.py:3096} INFO - Sync 1 DAGs
[2026-03-25T15:19:00.630+0000] {logging_mixin.py:188} INFO - [2026-03-25T15:19:00.630+0000] {dag.py:3954} INFO - Setting next_dagrun for e_commerce_dw_etl to 2026-03-25 00:00:00+00:00, run_after=2026-03-26 00:00:00+00:00
[2026-03-25T15:19:00.678+0000] {processor.py:183} INFO - Processing /opt/airflow/dags/e_commerce_dw_dag.py took 0.323 seconds
[2026-03-25T15:19:31.176+0000] {processor.py:161} INFO - Started process (PID=2747) to work on /opt/airflow/dags/e_commerce_dw_dag.py
[2026-03-25T15:19:31.177+0000] {processor.py:830} INFO - Processing file /opt/airflow/dags/e_commerce_dw_dag.py for tasks to queue
[2026-03-25T15:19:31.179+0000] {logging_mixin.py:188} INFO - [2026-03-25T15:19:31.179+0000] {dagbag.py:545} INFO - Filling up the DagBag from /opt/airflow/dags/e_commerce_dw_dag.py
[2026-03-25T15:19:31.249+0000] {processor.py:840} INFO - DAG(s) 'e_commerce_dw_etl' retrieved from /opt/airflow/dags/e_commerce_dw_dag.py
[2026-03-25T15:19:31.284+0000] {logging_mixin.py:188} INFO - [2026-03-25T15:19:31.284+0000] {dag.py:3096} INFO - Sync 1 DAGs
[2026-03-25T15:19:31.308+0000] {logging_mixin.py:188} INFO - [2026-03-25T15:19:31.308+0000] {dag.py:3954} INFO - Setting next_dagrun for e_commerce_dw_etl to 2026-03-25 00:00:00+00:00, run_after=2026-03-26 00:00:00+00:00
[2026-03-25T15:19:31.329+0000] {processor.py:183} INFO - Processing /opt/airflow/dags/e_commerce_dw_dag.py took 0.159 seconds
