[2026-03-25T08:35:27.609+0000] {processor.py:161} INFO - Started process (PID=199) to work on /opt/airflow/dags/example.py
[2026-03-25T08:35:27.612+0000] {processor.py:830} INFO - Processing file /opt/airflow/dags/example.py for tasks to queue
[2026-03-25T08:35:27.626+0000] {logging_mixin.py:188} INFO - [2026-03-25T08:35:27.625+0000] {dagbag.py:545} INFO - Filling up the DagBag from /opt/airflow/dags/example.py
[2026-03-25T08:35:27.893+0000] {processor.py:840} INFO - DAG(s) 'hello_airflow' retrieved from /opt/airflow/dags/example.py
[2026-03-25T08:35:28.885+0000] {logging_mixin.py:188} INFO - [2026-03-25T08:35:28.884+0000] {override.py:1829} INFO - Created Permission View: can read on DAG:hello_airflow
[2026-03-25T08:35:28.962+0000] {logging_mixin.py:188} INFO - [2026-03-25T08:35:28.961+0000] {override.py:1829} INFO - Created Permission View: can edit on DAG:hello_airflow
[2026-03-25T08:35:28.996+0000] {logging_mixin.py:188} INFO - [2026-03-25T08:35:28.995+0000] {override.py:1829} INFO - Created Permission View: can delete on DAG:hello_airflow
[2026-03-25T08:35:29.011+0000] {logging_mixin.py:188} INFO - [2026-03-25T08:35:29.011+0000] {dag.py:3096} INFO - Sync 1 DAGs
[2026-03-25T08:35:29.067+0000] {logging_mixin.py:188} INFO - [2026-03-25T08:35:29.067+0000] {dag.py:3118} INFO - Creating ORM DAG for hello_airflow
[2026-03-25T08:35:29.141+0000] {logging_mixin.py:188} INFO - [2026-03-25T08:35:29.141+0000] {dag.py:3954} INFO - Setting next_dagrun for hello_airflow to 2024-03-23 00:00:00+00:00, run_after=2024-03-24 00:00:00+00:00
[2026-03-25T08:35:29.220+0000] {processor.py:183} INFO - Processing /opt/airflow/dags/example.py took 1.638 seconds
[2026-03-25T08:36:00.096+0000] {processor.py:161} INFO - Started process (PID=236) to work on /opt/airflow/dags/example.py
[2026-03-25T08:36:00.097+0000] {processor.py:830} INFO - Processing file /opt/airflow/dags/example.py for tasks to queue
[2026-03-25T08:36:00.099+0000] {logging_mixin.py:188} INFO - [2026-03-25T08:36:00.099+0000] {dagbag.py:545} INFO - Filling up the DagBag from /opt/airflow/dags/example.py
[2026-03-25T08:36:00.128+0000] {processor.py:840} INFO - DAG(s) 'hello_airflow' retrieved from /opt/airflow/dags/example.py
[2026-03-25T08:36:00.168+0000] {logging_mixin.py:188} INFO - [2026-03-25T08:36:00.167+0000] {dag.py:3096} INFO - Sync 1 DAGs
[2026-03-25T08:36:00.198+0000] {logging_mixin.py:188} INFO - [2026-03-25T08:36:00.198+0000] {dag.py:3954} INFO - Setting next_dagrun for hello_airflow to 2024-03-23 00:00:00+00:00, run_after=2024-03-24 00:00:00+00:00
[2026-03-25T08:36:00.226+0000] {processor.py:183} INFO - Processing /opt/airflow/dags/example.py took 0.137 seconds
[2026-03-25T08:36:30.879+0000] {processor.py:161} INFO - Started process (PID=262) to work on /opt/airflow/dags/example.py
[2026-03-25T08:36:30.881+0000] {processor.py:830} INFO - Processing file /opt/airflow/dags/example.py for tasks to queue
[2026-03-25T08:36:30.885+0000] {logging_mixin.py:188} INFO - [2026-03-25T08:36:30.885+0000] {dagbag.py:545} INFO - Filling up the DagBag from /opt/airflow/dags/example.py
[2026-03-25T08:36:30.913+0000] {processor.py:840} INFO - DAG(s) 'hello_airflow' retrieved from /opt/airflow/dags/example.py
[2026-03-25T08:36:30.947+0000] {logging_mixin.py:188} INFO - [2026-03-25T08:36:30.946+0000] {dag.py:3096} INFO - Sync 1 DAGs
[2026-03-25T08:36:30.971+0000] {logging_mixin.py:188} INFO - [2026-03-25T08:36:30.970+0000] {dag.py:3954} INFO - Setting next_dagrun for hello_airflow to 2024-03-23 00:00:00+00:00, run_after=2024-03-24 00:00:00+00:00
[2026-03-25T08:36:30.997+0000] {processor.py:183} INFO - Processing /opt/airflow/dags/example.py took 0.125 seconds
[2026-03-25T08:37:01.675+0000] {processor.py:161} INFO - Started process (PID=288) to work on /opt/airflow/dags/example.py
[2026-03-25T08:37:01.676+0000] {processor.py:830} INFO - Processing file /opt/airflow/dags/example.py for tasks to queue
[2026-03-25T08:37:01.678+0000] {logging_mixin.py:188} INFO - [2026-03-25T08:37:01.678+0000] {dagbag.py:545} INFO - Filling up the DagBag from /opt/airflow/dags/example.py
[2026-03-25T08:37:01.699+0000] {processor.py:840} INFO - DAG(s) 'hello_airflow' retrieved from /opt/airflow/dags/example.py
[2026-03-25T08:37:01.729+0000] {logging_mixin.py:188} INFO - [2026-03-25T08:37:01.729+0000] {dag.py:3096} INFO - Sync 1 DAGs
[2026-03-25T08:37:01.749+0000] {logging_mixin.py:188} INFO - [2026-03-25T08:37:01.749+0000] {dag.py:3954} INFO - Setting next_dagrun for hello_airflow to 2024-03-23 00:00:00+00:00, run_after=2024-03-24 00:00:00+00:00
[2026-03-25T08:37:01.773+0000] {processor.py:183} INFO - Processing /opt/airflow/dags/example.py took 0.104 seconds
[2026-03-25T08:37:32.390+0000] {processor.py:161} INFO - Started process (PID=314) to work on /opt/airflow/dags/example.py
[2026-03-25T08:37:32.391+0000] {processor.py:830} INFO - Processing file /opt/airflow/dags/example.py for tasks to queue
[2026-03-25T08:37:32.393+0000] {logging_mixin.py:188} INFO - [2026-03-25T08:37:32.393+0000] {dagbag.py:545} INFO - Filling up the DagBag from /opt/airflow/dags/example.py
[2026-03-25T08:37:32.419+0000] {processor.py:840} INFO - DAG(s) 'hello_airflow' retrieved from /opt/airflow/dags/example.py
[2026-03-25T08:37:32.454+0000] {logging_mixin.py:188} INFO - [2026-03-25T08:37:32.454+0000] {dag.py:3096} INFO - Sync 1 DAGs
[2026-03-25T08:37:32.481+0000] {logging_mixin.py:188} INFO - [2026-03-25T08:37:32.481+0000] {dag.py:3954} INFO - Setting next_dagrun for hello_airflow to 2024-03-23 00:00:00+00:00, run_after=2024-03-24 00:00:00+00:00
[2026-03-25T08:37:32.504+0000] {processor.py:183} INFO - Processing /opt/airflow/dags/example.py took 0.123 seconds
[2026-03-25T08:38:03.199+0000] {processor.py:161} INFO - Started process (PID=340) to work on /opt/airflow/dags/example.py
[2026-03-25T08:38:03.200+0000] {processor.py:830} INFO - Processing file /opt/airflow/dags/example.py for tasks to queue
[2026-03-25T08:38:03.202+0000] {logging_mixin.py:188} INFO - [2026-03-25T08:38:03.202+0000] {dagbag.py:545} INFO - Filling up the DagBag from /opt/airflow/dags/example.py
[2026-03-25T08:38:03.238+0000] {processor.py:840} INFO - DAG(s) 'hello_airflow' retrieved from /opt/airflow/dags/example.py
[2026-03-25T08:38:03.269+0000] {logging_mixin.py:188} INFO - [2026-03-25T08:38:03.269+0000] {dag.py:3096} INFO - Sync 1 DAGs
[2026-03-25T08:38:03.299+0000] {logging_mixin.py:188} INFO - [2026-03-25T08:38:03.299+0000] {dag.py:3954} INFO - Setting next_dagrun for hello_airflow to 2024-03-23 00:00:00+00:00, run_after=2024-03-24 00:00:00+00:00
[2026-03-25T08:38:03.333+0000] {processor.py:183} INFO - Processing /opt/airflow/dags/example.py took 0.140 seconds
[2026-03-25T08:38:33.973+0000] {processor.py:161} INFO - Started process (PID=366) to work on /opt/airflow/dags/example.py
[2026-03-25T08:38:33.974+0000] {processor.py:830} INFO - Processing file /opt/airflow/dags/example.py for tasks to queue
[2026-03-25T08:38:33.976+0000] {logging_mixin.py:188} INFO - [2026-03-25T08:38:33.976+0000] {dagbag.py:545} INFO - Filling up the DagBag from /opt/airflow/dags/example.py
[2026-03-25T08:38:33.996+0000] {processor.py:840} INFO - DAG(s) 'hello_airflow' retrieved from /opt/airflow/dags/example.py
[2026-03-25T08:38:34.028+0000] {logging_mixin.py:188} INFO - [2026-03-25T08:38:34.027+0000] {dag.py:3096} INFO - Sync 1 DAGs
[2026-03-25T08:38:34.048+0000] {logging_mixin.py:188} INFO - [2026-03-25T08:38:34.047+0000] {dag.py:3954} INFO - Setting next_dagrun for hello_airflow to 2024-03-23 00:00:00+00:00, run_after=2024-03-24 00:00:00+00:00
[2026-03-25T08:38:34.068+0000] {processor.py:183} INFO - Processing /opt/airflow/dags/example.py took 0.101 seconds
[2026-03-25T08:39:04.777+0000] {processor.py:161} INFO - Started process (PID=393) to work on /opt/airflow/dags/example.py
[2026-03-25T08:39:04.778+0000] {processor.py:830} INFO - Processing file /opt/airflow/dags/example.py for tasks to queue
[2026-03-25T08:39:04.780+0000] {logging_mixin.py:188} INFO - [2026-03-25T08:39:04.780+0000] {dagbag.py:545} INFO - Filling up the DagBag from /opt/airflow/dags/example.py
[2026-03-25T08:39:04.797+0000] {processor.py:840} INFO - DAG(s) 'hello_airflow' retrieved from /opt/airflow/dags/example.py
[2026-03-25T08:39:04.822+0000] {logging_mixin.py:188} INFO - [2026-03-25T08:39:04.821+0000] {dag.py:3096} INFO - Sync 1 DAGs
[2026-03-25T08:39:04.842+0000] {logging_mixin.py:188} INFO - [2026-03-25T08:39:04.841+0000] {dag.py:3954} INFO - Setting next_dagrun for hello_airflow to 2024-03-23 00:00:00+00:00, run_after=2024-03-24 00:00:00+00:00
[2026-03-25T08:39:04.867+0000] {processor.py:183} INFO - Processing /opt/airflow/dags/example.py took 0.096 seconds
[2026-03-25T08:39:35.601+0000] {processor.py:161} INFO - Started process (PID=419) to work on /opt/airflow/dags/example.py
[2026-03-25T08:39:35.602+0000] {processor.py:830} INFO - Processing file /opt/airflow/dags/example.py for tasks to queue
[2026-03-25T08:39:35.604+0000] {logging_mixin.py:188} INFO - [2026-03-25T08:39:35.604+0000] {dagbag.py:545} INFO - Filling up the DagBag from /opt/airflow/dags/example.py
[2026-03-25T08:39:35.648+0000] {processor.py:840} INFO - DAG(s) 'hello_airflow' retrieved from /opt/airflow/dags/example.py
[2026-03-25T08:39:35.678+0000] {logging_mixin.py:188} INFO - [2026-03-25T08:39:35.678+0000] {dag.py:3096} INFO - Sync 1 DAGs
[2026-03-25T08:39:35.699+0000] {logging_mixin.py:188} INFO - [2026-03-25T08:39:35.699+0000] {dag.py:3954} INFO - Setting next_dagrun for hello_airflow to 2024-03-23 00:00:00+00:00, run_after=2024-03-24 00:00:00+00:00
[2026-03-25T08:39:35.724+0000] {processor.py:183} INFO - Processing /opt/airflow/dags/example.py took 0.129 seconds
[2026-03-25T08:40:06.319+0000] {processor.py:161} INFO - Started process (PID=445) to work on /opt/airflow/dags/example.py
[2026-03-25T08:40:06.322+0000] {processor.py:830} INFO - Processing file /opt/airflow/dags/example.py for tasks to queue
[2026-03-25T08:40:06.325+0000] {logging_mixin.py:188} INFO - [2026-03-25T08:40:06.325+0000] {dagbag.py:545} INFO - Filling up the DagBag from /opt/airflow/dags/example.py
[2026-03-25T08:40:06.361+0000] {processor.py:840} INFO - DAG(s) 'hello_airflow' retrieved from /opt/airflow/dags/example.py
[2026-03-25T08:40:06.390+0000] {logging_mixin.py:188} INFO - [2026-03-25T08:40:06.390+0000] {dag.py:3096} INFO - Sync 1 DAGs
[2026-03-25T08:40:06.410+0000] {logging_mixin.py:188} INFO - [2026-03-25T08:40:06.410+0000] {dag.py:3954} INFO - Setting next_dagrun for hello_airflow to 2024-03-23 00:00:00+00:00, run_after=2024-03-24 00:00:00+00:00
[2026-03-25T08:40:06.429+0000] {processor.py:183} INFO - Processing /opt/airflow/dags/example.py took 0.119 seconds
[2026-03-25T08:40:37.232+0000] {processor.py:161} INFO - Started process (PID=473) to work on /opt/airflow/dags/example.py
[2026-03-25T08:40:37.233+0000] {processor.py:830} INFO - Processing file /opt/airflow/dags/example.py for tasks to queue
[2026-03-25T08:40:37.235+0000] {logging_mixin.py:188} INFO - [2026-03-25T08:40:37.234+0000] {dagbag.py:545} INFO - Filling up the DagBag from /opt/airflow/dags/example.py
[2026-03-25T08:40:37.264+0000] {processor.py:840} INFO - DAG(s) 'hello_airflow' retrieved from /opt/airflow/dags/example.py
[2026-03-25T08:40:37.290+0000] {logging_mixin.py:188} INFO - [2026-03-25T08:40:37.290+0000] {dag.py:3096} INFO - Sync 1 DAGs
[2026-03-25T08:40:37.311+0000] {logging_mixin.py:188} INFO - [2026-03-25T08:40:37.311+0000] {dag.py:3954} INFO - Setting next_dagrun for hello_airflow to 2024-03-23 00:00:00+00:00, run_after=2024-03-24 00:00:00+00:00
[2026-03-25T08:40:37.337+0000] {processor.py:183} INFO - Processing /opt/airflow/dags/example.py took 0.111 seconds
[2026-03-25T08:41:07.903+0000] {processor.py:161} INFO - Started process (PID=500) to work on /opt/airflow/dags/example.py
[2026-03-25T08:41:07.905+0000] {processor.py:830} INFO - Processing file /opt/airflow/dags/example.py for tasks to queue
[2026-03-25T08:41:07.906+0000] {logging_mixin.py:188} INFO - [2026-03-25T08:41:07.906+0000] {dagbag.py:545} INFO - Filling up the DagBag from /opt/airflow/dags/example.py
[2026-03-25T08:41:07.927+0000] {processor.py:840} INFO - DAG(s) 'hello_airflow' retrieved from /opt/airflow/dags/example.py
[2026-03-25T08:41:07.958+0000] {logging_mixin.py:188} INFO - [2026-03-25T08:41:07.958+0000] {dag.py:3096} INFO - Sync 1 DAGs
[2026-03-25T08:41:07.982+0000] {logging_mixin.py:188} INFO - [2026-03-25T08:41:07.980+0000] {dag.py:3954} INFO - Setting next_dagrun for hello_airflow to 2024-03-23 00:00:00+00:00, run_after=2024-03-24 00:00:00+00:00
[2026-03-25T08:41:08.004+0000] {processor.py:183} INFO - Processing /opt/airflow/dags/example.py took 0.107 seconds
[2026-03-25T08:41:38.369+0000] {processor.py:161} INFO - Started process (PID=590) to work on /opt/airflow/dags/example.py
[2026-03-25T08:41:38.370+0000] {processor.py:830} INFO - Processing file /opt/airflow/dags/example.py for tasks to queue
[2026-03-25T08:41:38.372+0000] {logging_mixin.py:188} INFO - [2026-03-25T08:41:38.372+0000] {dagbag.py:545} INFO - Filling up the DagBag from /opt/airflow/dags/example.py
[2026-03-25T08:41:38.395+0000] {processor.py:840} INFO - DAG(s) 'hello_airflow' retrieved from /opt/airflow/dags/example.py
[2026-03-25T08:41:38.427+0000] {logging_mixin.py:188} INFO - [2026-03-25T08:41:38.427+0000] {dag.py:3096} INFO - Sync 1 DAGs
[2026-03-25T08:41:38.450+0000] {logging_mixin.py:188} INFO - [2026-03-25T08:41:38.450+0000] {dag.py:3954} INFO - Setting next_dagrun for hello_airflow to 2024-03-23 00:00:00+00:00, run_after=2024-03-24 00:00:00+00:00
[2026-03-25T08:41:38.476+0000] {processor.py:183} INFO - Processing /opt/airflow/dags/example.py took 0.114 seconds
[2026-03-25T08:42:09.461+0000] {processor.py:161} INFO - Started process (PID=706) to work on /opt/airflow/dags/example.py
[2026-03-25T08:42:09.463+0000] {processor.py:830} INFO - Processing file /opt/airflow/dags/example.py for tasks to queue
[2026-03-25T08:42:09.466+0000] {logging_mixin.py:188} INFO - [2026-03-25T08:42:09.466+0000] {dagbag.py:545} INFO - Filling up the DagBag from /opt/airflow/dags/example.py
[2026-03-25T08:42:09.502+0000] {processor.py:840} INFO - DAG(s) 'hello_airflow' retrieved from /opt/airflow/dags/example.py
[2026-03-25T08:42:09.546+0000] {logging_mixin.py:188} INFO - [2026-03-25T08:42:09.546+0000] {dag.py:3096} INFO - Sync 1 DAGs
[2026-03-25T08:42:09.579+0000] {logging_mixin.py:188} INFO - [2026-03-25T08:42:09.578+0000] {dag.py:3954} INFO - Setting next_dagrun for hello_airflow to 2024-03-23 00:00:00+00:00, run_after=2024-03-24 00:00:00+00:00
[2026-03-25T08:42:09.614+0000] {processor.py:183} INFO - Processing /opt/airflow/dags/example.py took 0.161 seconds
[2026-03-25T08:42:40.291+0000] {processor.py:161} INFO - Started process (PID=796) to work on /opt/airflow/dags/example.py
[2026-03-25T08:42:40.292+0000] {processor.py:830} INFO - Processing file /opt/airflow/dags/example.py for tasks to queue
[2026-03-25T08:42:40.295+0000] {logging_mixin.py:188} INFO - [2026-03-25T08:42:40.295+0000] {dagbag.py:545} INFO - Filling up the DagBag from /opt/airflow/dags/example.py
[2026-03-25T08:42:40.332+0000] {processor.py:840} INFO - DAG(s) 'hello_airflow' retrieved from /opt/airflow/dags/example.py
[2026-03-25T08:42:40.361+0000] {logging_mixin.py:188} INFO - [2026-03-25T08:42:40.360+0000] {dag.py:3096} INFO - Sync 1 DAGs
[2026-03-25T08:42:40.383+0000] {logging_mixin.py:188} INFO - [2026-03-25T08:42:40.383+0000] {dag.py:3954} INFO - Setting next_dagrun for hello_airflow to 2024-03-23 00:00:00+00:00, run_after=2024-03-24 00:00:00+00:00
[2026-03-25T08:42:40.410+0000] {processor.py:183} INFO - Processing /opt/airflow/dags/example.py took 0.128 seconds
[2026-03-25T08:43:10.577+0000] {processor.py:161} INFO - Started process (PID=930) to work on /opt/airflow/dags/example.py
[2026-03-25T08:43:10.579+0000] {processor.py:830} INFO - Processing file /opt/airflow/dags/example.py for tasks to queue
[2026-03-25T08:43:10.581+0000] {logging_mixin.py:188} INFO - [2026-03-25T08:43:10.581+0000] {dagbag.py:545} INFO - Filling up the DagBag from /opt/airflow/dags/example.py
[2026-03-25T08:43:10.611+0000] {processor.py:840} INFO - DAG(s) 'hello_airflow' retrieved from /opt/airflow/dags/example.py
[2026-03-25T08:43:10.641+0000] {logging_mixin.py:188} INFO - [2026-03-25T08:43:10.641+0000] {dag.py:3096} INFO - Sync 1 DAGs
[2026-03-25T08:43:10.663+0000] {logging_mixin.py:188} INFO - [2026-03-25T08:43:10.663+0000] {dag.py:3954} INFO - Setting next_dagrun for hello_airflow to 2024-03-23 00:00:00+00:00, run_after=2024-03-24 00:00:00+00:00
[2026-03-25T08:43:10.690+0000] {processor.py:183} INFO - Processing /opt/airflow/dags/example.py took 0.120 seconds
[2026-03-25T08:43:41.510+0000] {processor.py:161} INFO - Started process (PID=1047) to work on /opt/airflow/dags/example.py
[2026-03-25T08:43:41.511+0000] {processor.py:830} INFO - Processing file /opt/airflow/dags/example.py for tasks to queue
[2026-03-25T08:43:41.516+0000] {logging_mixin.py:188} INFO - [2026-03-25T08:43:41.515+0000] {dagbag.py:545} INFO - Filling up the DagBag from /opt/airflow/dags/example.py
[2026-03-25T08:43:41.572+0000] {processor.py:840} INFO - DAG(s) 'hello_airflow' retrieved from /opt/airflow/dags/example.py
[2026-03-25T08:43:41.627+0000] {logging_mixin.py:188} INFO - [2026-03-25T08:43:41.627+0000] {dag.py:3096} INFO - Sync 1 DAGs
[2026-03-25T08:43:41.659+0000] {logging_mixin.py:188} INFO - [2026-03-25T08:43:41.658+0000] {dag.py:3954} INFO - Setting next_dagrun for hello_airflow to 2024-03-23 00:00:00+00:00, run_after=2024-03-24 00:00:00+00:00
[2026-03-25T08:43:41.721+0000] {processor.py:183} INFO - Processing /opt/airflow/dags/example.py took 0.221 seconds
[2026-03-25T08:44:13.027+0000] {processor.py:161} INFO - Started process (PID=1185) to work on /opt/airflow/dags/example.py
[2026-03-25T08:44:13.030+0000] {processor.py:830} INFO - Processing file /opt/airflow/dags/example.py for tasks to queue
[2026-03-25T08:44:13.044+0000] {logging_mixin.py:188} INFO - [2026-03-25T08:44:13.044+0000] {dagbag.py:545} INFO - Filling up the DagBag from /opt/airflow/dags/example.py
[2026-03-25T08:44:13.266+0000] {processor.py:840} INFO - DAG(s) 'hello_airflow' retrieved from /opt/airflow/dags/example.py
[2026-03-25T08:44:13.425+0000] {logging_mixin.py:188} INFO - [2026-03-25T08:44:13.425+0000] {dag.py:3096} INFO - Sync 1 DAGs
[2026-03-25T08:44:13.561+0000] {logging_mixin.py:188} INFO - [2026-03-25T08:44:13.560+0000] {dag.py:3954} INFO - Setting next_dagrun for hello_airflow to 2024-03-23 00:00:00+00:00, run_after=2024-03-24 00:00:00+00:00
[2026-03-25T08:44:13.771+0000] {processor.py:183} INFO - Processing /opt/airflow/dags/example.py took 0.774 seconds
[2026-03-25T08:44:45.053+0000] {processor.py:161} INFO - Started process (PID=1302) to work on /opt/airflow/dags/example.py
[2026-03-25T08:44:45.056+0000] {processor.py:830} INFO - Processing file /opt/airflow/dags/example.py for tasks to queue
[2026-03-25T08:44:45.063+0000] {logging_mixin.py:188} INFO - [2026-03-25T08:44:45.063+0000] {dagbag.py:545} INFO - Filling up the DagBag from /opt/airflow/dags/example.py
[2026-03-25T08:44:45.150+0000] {processor.py:840} INFO - DAG(s) 'hello_airflow' retrieved from /opt/airflow/dags/example.py
[2026-03-25T08:44:45.230+0000] {logging_mixin.py:188} INFO - [2026-03-25T08:44:45.230+0000] {dag.py:3096} INFO - Sync 1 DAGs
[2026-03-25T08:44:45.276+0000] {logging_mixin.py:188} INFO - [2026-03-25T08:44:45.275+0000] {dag.py:3954} INFO - Setting next_dagrun for hello_airflow to 2024-03-23 00:00:00+00:00, run_after=2024-03-24 00:00:00+00:00
[2026-03-25T08:44:45.311+0000] {processor.py:183} INFO - Processing /opt/airflow/dags/example.py took 0.276 seconds
[2026-03-25T08:45:15.419+0000] {processor.py:161} INFO - Started process (PID=1421) to work on /opt/airflow/dags/example.py
[2026-03-25T08:45:15.421+0000] {processor.py:830} INFO - Processing file /opt/airflow/dags/example.py for tasks to queue
[2026-03-25T08:45:15.426+0000] {logging_mixin.py:188} INFO - [2026-03-25T08:45:15.425+0000] {dagbag.py:545} INFO - Filling up the DagBag from /opt/airflow/dags/example.py
[2026-03-25T08:45:15.468+0000] {processor.py:840} INFO - DAG(s) 'hello_airflow' retrieved from /opt/airflow/dags/example.py
[2026-03-25T08:45:15.532+0000] {logging_mixin.py:188} INFO - [2026-03-25T08:45:15.531+0000] {dag.py:3096} INFO - Sync 1 DAGs
[2026-03-25T08:45:15.599+0000] {logging_mixin.py:188} INFO - [2026-03-25T08:45:15.596+0000] {dag.py:3954} INFO - Setting next_dagrun for hello_airflow to 2024-03-23 00:00:00+00:00, run_after=2024-03-24 00:00:00+00:00
[2026-03-25T08:45:15.659+0000] {processor.py:183} INFO - Processing /opt/airflow/dags/example.py took 0.253 seconds
[2026-03-25T08:45:45.917+0000] {processor.py:161} INFO - Started process (PID=1542) to work on /opt/airflow/dags/example.py
[2026-03-25T08:45:45.921+0000] {processor.py:830} INFO - Processing file /opt/airflow/dags/example.py for tasks to queue
[2026-03-25T08:45:45.926+0000] {logging_mixin.py:188} INFO - [2026-03-25T08:45:45.925+0000] {dagbag.py:545} INFO - Filling up the DagBag from /opt/airflow/dags/example.py
[2026-03-25T08:45:46.007+0000] {processor.py:840} INFO - DAG(s) 'hello_airflow' retrieved from /opt/airflow/dags/example.py
[2026-03-25T08:45:46.083+0000] {logging_mixin.py:188} INFO - [2026-03-25T08:45:46.083+0000] {dag.py:3096} INFO - Sync 1 DAGs
[2026-03-25T08:45:46.160+0000] {logging_mixin.py:188} INFO - [2026-03-25T08:45:46.159+0000] {dag.py:3954} INFO - Setting next_dagrun for hello_airflow to 2024-03-23 00:00:00+00:00, run_after=2024-03-24 00:00:00+00:00
[2026-03-25T08:45:46.260+0000] {processor.py:183} INFO - Processing /opt/airflow/dags/example.py took 0.364 seconds
[2026-03-25T08:46:16.575+0000] {processor.py:161} INFO - Started process (PID=1669) to work on /opt/airflow/dags/example.py
[2026-03-25T08:46:16.577+0000] {processor.py:830} INFO - Processing file /opt/airflow/dags/example.py for tasks to queue
[2026-03-25T08:46:16.583+0000] {logging_mixin.py:188} INFO - [2026-03-25T08:46:16.583+0000] {dagbag.py:545} INFO - Filling up the DagBag from /opt/airflow/dags/example.py
[2026-03-25T08:46:16.641+0000] {processor.py:840} INFO - DAG(s) 'hello_airflow' retrieved from /opt/airflow/dags/example.py
[2026-03-25T08:46:16.725+0000] {logging_mixin.py:188} INFO - [2026-03-25T08:46:16.724+0000] {dag.py:3096} INFO - Sync 1 DAGs
[2026-03-25T08:46:16.851+0000] {logging_mixin.py:188} INFO - [2026-03-25T08:46:16.851+0000] {dag.py:3954} INFO - Setting next_dagrun for hello_airflow to 2024-03-23 00:00:00+00:00, run_after=2024-03-24 00:00:00+00:00
[2026-03-25T08:46:17.007+0000] {processor.py:183} INFO - Processing /opt/airflow/dags/example.py took 0.451 seconds
[2026-03-25T08:46:47.158+0000] {processor.py:161} INFO - Started process (PID=1798) to work on /opt/airflow/dags/example.py
[2026-03-25T08:46:47.159+0000] {processor.py:830} INFO - Processing file /opt/airflow/dags/example.py for tasks to queue
[2026-03-25T08:46:47.161+0000] {logging_mixin.py:188} INFO - [2026-03-25T08:46:47.161+0000] {dagbag.py:545} INFO - Filling up the DagBag from /opt/airflow/dags/example.py
[2026-03-25T08:46:47.189+0000] {processor.py:840} INFO - DAG(s) 'hello_airflow' retrieved from /opt/airflow/dags/example.py
[2026-03-25T08:46:47.217+0000] {logging_mixin.py:188} INFO - [2026-03-25T08:46:47.217+0000] {dag.py:3096} INFO - Sync 1 DAGs
[2026-03-25T08:46:47.238+0000] {logging_mixin.py:188} INFO - [2026-03-25T08:46:47.238+0000] {dag.py:3954} INFO - Setting next_dagrun for hello_airflow to 2024-03-23 00:00:00+00:00, run_after=2024-03-24 00:00:00+00:00
[2026-03-25T08:46:47.262+0000] {processor.py:183} INFO - Processing /opt/airflow/dags/example.py took 0.110 seconds
[2026-03-25T08:47:17.404+0000] {processor.py:161} INFO - Started process (PID=1854) to work on /opt/airflow/dags/example.py
[2026-03-25T08:47:17.405+0000] {processor.py:830} INFO - Processing file /opt/airflow/dags/example.py for tasks to queue
[2026-03-25T08:47:17.408+0000] {logging_mixin.py:188} INFO - [2026-03-25T08:47:17.408+0000] {dagbag.py:545} INFO - Filling up the DagBag from /opt/airflow/dags/example.py
[2026-03-25T08:47:17.441+0000] {processor.py:840} INFO - DAG(s) 'hello_airflow' retrieved from /opt/airflow/dags/example.py
[2026-03-25T08:47:17.483+0000] {logging_mixin.py:188} INFO - [2026-03-25T08:47:17.482+0000] {dag.py:3096} INFO - Sync 1 DAGs
[2026-03-25T08:47:17.511+0000] {logging_mixin.py:188} INFO - [2026-03-25T08:47:17.511+0000] {dag.py:3954} INFO - Setting next_dagrun for hello_airflow to 2024-03-23 00:00:00+00:00, run_after=2024-03-24 00:00:00+00:00
[2026-03-25T08:47:17.543+0000] {processor.py:183} INFO - Processing /opt/airflow/dags/example.py took 0.148 seconds
[2026-03-25T08:47:48.373+0000] {processor.py:161} INFO - Started process (PID=1896) to work on /opt/airflow/dags/example.py
[2026-03-25T08:47:48.374+0000] {processor.py:830} INFO - Processing file /opt/airflow/dags/example.py for tasks to queue
[2026-03-25T08:47:48.376+0000] {logging_mixin.py:188} INFO - [2026-03-25T08:47:48.376+0000] {dagbag.py:545} INFO - Filling up the DagBag from /opt/airflow/dags/example.py
[2026-03-25T08:47:48.395+0000] {processor.py:840} INFO - DAG(s) 'hello_airflow' retrieved from /opt/airflow/dags/example.py
[2026-03-25T08:47:48.426+0000] {logging_mixin.py:188} INFO - [2026-03-25T08:47:48.425+0000] {dag.py:3096} INFO - Sync 1 DAGs
[2026-03-25T08:47:48.447+0000] {logging_mixin.py:188} INFO - [2026-03-25T08:47:48.447+0000] {dag.py:3954} INFO - Setting next_dagrun for hello_airflow to 2024-03-23 00:00:00+00:00, run_after=2024-03-24 00:00:00+00:00
[2026-03-25T08:47:48.473+0000] {processor.py:183} INFO - Processing /opt/airflow/dags/example.py took 0.105 seconds
[2026-03-25T08:48:19.020+0000] {processor.py:161} INFO - Started process (PID=1922) to work on /opt/airflow/dags/example.py
[2026-03-25T08:48:19.021+0000] {processor.py:830} INFO - Processing file /opt/airflow/dags/example.py for tasks to queue
[2026-03-25T08:48:19.023+0000] {logging_mixin.py:188} INFO - [2026-03-25T08:48:19.023+0000] {dagbag.py:545} INFO - Filling up the DagBag from /opt/airflow/dags/example.py
[2026-03-25T08:48:19.042+0000] {processor.py:840} INFO - DAG(s) 'hello_airflow' retrieved from /opt/airflow/dags/example.py
[2026-03-25T08:48:19.070+0000] {logging_mixin.py:188} INFO - [2026-03-25T08:48:19.070+0000] {dag.py:3096} INFO - Sync 1 DAGs
[2026-03-25T08:48:19.091+0000] {logging_mixin.py:188} INFO - [2026-03-25T08:48:19.091+0000] {dag.py:3954} INFO - Setting next_dagrun for hello_airflow to 2024-03-23 00:00:00+00:00, run_after=2024-03-24 00:00:00+00:00
[2026-03-25T08:48:19.115+0000] {processor.py:183} INFO - Processing /opt/airflow/dags/example.py took 0.101 seconds
[2026-03-25T08:48:49.691+0000] {processor.py:161} INFO - Started process (PID=1948) to work on /opt/airflow/dags/example.py
[2026-03-25T08:48:49.692+0000] {processor.py:830} INFO - Processing file /opt/airflow/dags/example.py for tasks to queue
[2026-03-25T08:48:49.693+0000] {logging_mixin.py:188} INFO - [2026-03-25T08:48:49.693+0000] {dagbag.py:545} INFO - Filling up the DagBag from /opt/airflow/dags/example.py
[2026-03-25T08:48:49.716+0000] {processor.py:840} INFO - DAG(s) 'hello_airflow' retrieved from /opt/airflow/dags/example.py
[2026-03-25T08:48:49.747+0000] {logging_mixin.py:188} INFO - [2026-03-25T08:48:49.747+0000] {dag.py:3096} INFO - Sync 1 DAGs
[2026-03-25T08:48:49.772+0000] {logging_mixin.py:188} INFO - [2026-03-25T08:48:49.771+0000] {dag.py:3954} INFO - Setting next_dagrun for hello_airflow to 2024-03-23 00:00:00+00:00, run_after=2024-03-24 00:00:00+00:00
[2026-03-25T08:48:49.795+0000] {processor.py:183} INFO - Processing /opt/airflow/dags/example.py took 0.111 seconds
[2026-03-25T08:49:51.705+0000] {processor.py:161} INFO - Started process (PID=200) to work on /opt/airflow/dags/example.py
[2026-03-25T08:49:51.707+0000] {processor.py:830} INFO - Processing file /opt/airflow/dags/example.py for tasks to queue
[2026-03-25T08:49:51.710+0000] {logging_mixin.py:188} INFO - [2026-03-25T08:49:51.709+0000] {dagbag.py:545} INFO - Filling up the DagBag from /opt/airflow/dags/example.py
[2026-03-25T08:49:51.761+0000] {processor.py:840} INFO - DAG(s) 'hello_airflow' retrieved from /opt/airflow/dags/example.py
[2026-03-25T08:49:52.002+0000] {logging_mixin.py:188} INFO - [2026-03-25T08:49:52.002+0000] {dag.py:3096} INFO - Sync 1 DAGs
[2026-03-25T08:49:52.025+0000] {logging_mixin.py:188} INFO - [2026-03-25T08:49:52.025+0000] {dag.py:3954} INFO - Setting next_dagrun for hello_airflow to 2024-03-23 00:00:00+00:00, run_after=2024-03-24 00:00:00+00:00
[2026-03-25T08:49:52.052+0000] {processor.py:183} INFO - Processing /opt/airflow/dags/example.py took 0.353 seconds
[2026-03-25T08:50:22.790+0000] {processor.py:161} INFO - Started process (PID=226) to work on /opt/airflow/dags/example.py
[2026-03-25T08:50:22.791+0000] {processor.py:830} INFO - Processing file /opt/airflow/dags/example.py for tasks to queue
[2026-03-25T08:50:22.793+0000] {logging_mixin.py:188} INFO - [2026-03-25T08:50:22.793+0000] {dagbag.py:545} INFO - Filling up the DagBag from /opt/airflow/dags/example.py
[2026-03-25T08:50:22.817+0000] {processor.py:840} INFO - DAG(s) 'hello_airflow' retrieved from /opt/airflow/dags/example.py
[2026-03-25T08:50:22.852+0000] {logging_mixin.py:188} INFO - [2026-03-25T08:50:22.852+0000] {dag.py:3096} INFO - Sync 1 DAGs
[2026-03-25T08:50:22.882+0000] {logging_mixin.py:188} INFO - [2026-03-25T08:50:22.881+0000] {dag.py:3954} INFO - Setting next_dagrun for hello_airflow to 2024-03-23 00:00:00+00:00, run_after=2024-03-24 00:00:00+00:00
[2026-03-25T08:50:22.913+0000] {processor.py:183} INFO - Processing /opt/airflow/dags/example.py took 0.129 seconds
[2026-03-25T08:50:53.372+0000] {processor.py:161} INFO - Started process (PID=253) to work on /opt/airflow/dags/example.py
[2026-03-25T08:50:53.373+0000] {processor.py:830} INFO - Processing file /opt/airflow/dags/example.py for tasks to queue
[2026-03-25T08:50:53.376+0000] {logging_mixin.py:188} INFO - [2026-03-25T08:50:53.375+0000] {dagbag.py:545} INFO - Filling up the DagBag from /opt/airflow/dags/example.py
[2026-03-25T08:50:53.403+0000] {processor.py:840} INFO - DAG(s) 'hello_airflow' retrieved from /opt/airflow/dags/example.py
[2026-03-25T08:50:53.521+0000] {logging_mixin.py:188} INFO - [2026-03-25T08:50:53.521+0000] {dag.py:3096} INFO - Sync 1 DAGs
[2026-03-25T08:50:53.544+0000] {logging_mixin.py:188} INFO - [2026-03-25T08:50:53.544+0000] {dag.py:3954} INFO - Setting next_dagrun for hello_airflow to 2024-03-23 00:00:00+00:00, run_after=2024-03-24 00:00:00+00:00
[2026-03-25T08:50:53.577+0000] {processor.py:183} INFO - Processing /opt/airflow/dags/example.py took 0.214 seconds
[2026-03-25T08:51:24.114+0000] {processor.py:161} INFO - Started process (PID=279) to work on /opt/airflow/dags/example.py
[2026-03-25T08:51:24.115+0000] {processor.py:830} INFO - Processing file /opt/airflow/dags/example.py for tasks to queue
[2026-03-25T08:51:24.117+0000] {logging_mixin.py:188} INFO - [2026-03-25T08:51:24.117+0000] {dagbag.py:545} INFO - Filling up the DagBag from /opt/airflow/dags/example.py
[2026-03-25T08:51:24.140+0000] {processor.py:840} INFO - DAG(s) 'hello_airflow' retrieved from /opt/airflow/dags/example.py
[2026-03-25T08:51:24.171+0000] {logging_mixin.py:188} INFO - [2026-03-25T08:51:24.171+0000] {dag.py:3096} INFO - Sync 1 DAGs
[2026-03-25T08:51:24.192+0000] {logging_mixin.py:188} INFO - [2026-03-25T08:51:24.192+0000] {dag.py:3954} INFO - Setting next_dagrun for hello_airflow to 2024-03-23 00:00:00+00:00, run_after=2024-03-24 00:00:00+00:00
[2026-03-25T08:51:24.215+0000] {processor.py:183} INFO - Processing /opt/airflow/dags/example.py took 0.108 seconds
[2026-03-25T08:51:54.701+0000] {processor.py:161} INFO - Started process (PID=305) to work on /opt/airflow/dags/example.py
[2026-03-25T08:51:54.703+0000] {processor.py:830} INFO - Processing file /opt/airflow/dags/example.py for tasks to queue
[2026-03-25T08:51:54.706+0000] {logging_mixin.py:188} INFO - [2026-03-25T08:51:54.705+0000] {dagbag.py:545} INFO - Filling up the DagBag from /opt/airflow/dags/example.py
[2026-03-25T08:51:54.733+0000] {processor.py:840} INFO - DAG(s) 'hello_airflow' retrieved from /opt/airflow/dags/example.py
[2026-03-25T08:51:54.764+0000] {logging_mixin.py:188} INFO - [2026-03-25T08:51:54.764+0000] {dag.py:3096} INFO - Sync 1 DAGs
[2026-03-25T08:51:54.789+0000] {logging_mixin.py:188} INFO - [2026-03-25T08:51:54.788+0000] {dag.py:3954} INFO - Setting next_dagrun for hello_airflow to 2024-03-23 00:00:00+00:00, run_after=2024-03-24 00:00:00+00:00
[2026-03-25T08:51:54.817+0000] {processor.py:183} INFO - Processing /opt/airflow/dags/example.py took 0.125 seconds
[2026-03-25T08:52:25.465+0000] {processor.py:161} INFO - Started process (PID=337) to work on /opt/airflow/dags/example.py
[2026-03-25T08:52:25.468+0000] {processor.py:830} INFO - Processing file /opt/airflow/dags/example.py for tasks to queue
[2026-03-25T08:52:25.481+0000] {logging_mixin.py:188} INFO - [2026-03-25T08:52:25.471+0000] {dagbag.py:545} INFO - Filling up the DagBag from /opt/airflow/dags/example.py
[2026-03-25T08:52:25.556+0000] {processor.py:840} INFO - DAG(s) 'hello_airflow' retrieved from /opt/airflow/dags/example.py
[2026-03-25T08:52:25.622+0000] {logging_mixin.py:188} INFO - [2026-03-25T08:52:25.621+0000] {dag.py:3096} INFO - Sync 1 DAGs
[2026-03-25T08:52:25.666+0000] {logging_mixin.py:188} INFO - [2026-03-25T08:52:25.666+0000] {dag.py:3954} INFO - Setting next_dagrun for hello_airflow to 2024-03-23 00:00:00+00:00, run_after=2024-03-24 00:00:00+00:00
[2026-03-25T08:52:25.724+0000] {processor.py:183} INFO - Processing /opt/airflow/dags/example.py took 0.287 seconds
[2026-03-25T08:52:56.323+0000] {processor.py:161} INFO - Started process (PID=368) to work on /opt/airflow/dags/example.py
[2026-03-25T08:52:56.325+0000] {processor.py:830} INFO - Processing file /opt/airflow/dags/example.py for tasks to queue
[2026-03-25T08:52:56.328+0000] {logging_mixin.py:188} INFO - [2026-03-25T08:52:56.327+0000] {dagbag.py:545} INFO - Filling up the DagBag from /opt/airflow/dags/example.py
[2026-03-25T08:52:56.359+0000] {processor.py:840} INFO - DAG(s) 'hello_airflow' retrieved from /opt/airflow/dags/example.py
[2026-03-25T08:52:56.399+0000] {logging_mixin.py:188} INFO - [2026-03-25T08:52:56.399+0000] {dag.py:3096} INFO - Sync 1 DAGs
[2026-03-25T08:52:56.423+0000] {logging_mixin.py:188} INFO - [2026-03-25T08:52:56.422+0000] {dag.py:3954} INFO - Setting next_dagrun for hello_airflow to 2024-03-23 00:00:00+00:00, run_after=2024-03-24 00:00:00+00:00
[2026-03-25T08:52:56.461+0000] {processor.py:183} INFO - Processing /opt/airflow/dags/example.py took 0.145 seconds
[2026-03-25T08:53:27.071+0000] {processor.py:161} INFO - Started process (PID=394) to work on /opt/airflow/dags/example.py
[2026-03-25T08:53:27.073+0000] {processor.py:830} INFO - Processing file /opt/airflow/dags/example.py for tasks to queue
[2026-03-25T08:53:27.075+0000] {logging_mixin.py:188} INFO - [2026-03-25T08:53:27.075+0000] {dagbag.py:545} INFO - Filling up the DagBag from /opt/airflow/dags/example.py
[2026-03-25T08:53:27.114+0000] {processor.py:840} INFO - DAG(s) 'hello_airflow' retrieved from /opt/airflow/dags/example.py
[2026-03-25T08:53:27.151+0000] {logging_mixin.py:188} INFO - [2026-03-25T08:53:27.151+0000] {dag.py:3096} INFO - Sync 1 DAGs
[2026-03-25T08:53:27.177+0000] {logging_mixin.py:188} INFO - [2026-03-25T08:53:27.177+0000] {dag.py:3954} INFO - Setting next_dagrun for hello_airflow to 2024-03-23 00:00:00+00:00, run_after=2024-03-24 00:00:00+00:00
[2026-03-25T08:53:27.206+0000] {processor.py:183} INFO - Processing /opt/airflow/dags/example.py took 0.142 seconds
[2026-03-25T08:53:57.886+0000] {processor.py:161} INFO - Started process (PID=425) to work on /opt/airflow/dags/example.py
[2026-03-25T08:53:57.888+0000] {processor.py:830} INFO - Processing file /opt/airflow/dags/example.py for tasks to queue
[2026-03-25T08:53:57.890+0000] {logging_mixin.py:188} INFO - [2026-03-25T08:53:57.889+0000] {dagbag.py:545} INFO - Filling up the DagBag from /opt/airflow/dags/example.py
[2026-03-25T08:53:57.919+0000] {processor.py:840} INFO - DAG(s) 'hello_airflow' retrieved from /opt/airflow/dags/example.py
[2026-03-25T08:53:57.950+0000] {logging_mixin.py:188} INFO - [2026-03-25T08:53:57.950+0000] {dag.py:3096} INFO - Sync 1 DAGs
[2026-03-25T08:53:57.973+0000] {logging_mixin.py:188} INFO - [2026-03-25T08:53:57.973+0000] {dag.py:3954} INFO - Setting next_dagrun for hello_airflow to 2024-03-23 00:00:00+00:00, run_after=2024-03-24 00:00:00+00:00
[2026-03-25T08:53:57.998+0000] {processor.py:183} INFO - Processing /opt/airflow/dags/example.py took 0.119 seconds
[2026-03-25T08:54:28.638+0000] {processor.py:161} INFO - Started process (PID=451) to work on /opt/airflow/dags/example.py
[2026-03-25T08:54:28.640+0000] {processor.py:830} INFO - Processing file /opt/airflow/dags/example.py for tasks to queue
[2026-03-25T08:54:28.642+0000] {logging_mixin.py:188} INFO - [2026-03-25T08:54:28.641+0000] {dagbag.py:545} INFO - Filling up the DagBag from /opt/airflow/dags/example.py
[2026-03-25T08:54:28.660+0000] {processor.py:840} INFO - DAG(s) 'hello_airflow' retrieved from /opt/airflow/dags/example.py
[2026-03-25T08:54:28.695+0000] {logging_mixin.py:188} INFO - [2026-03-25T08:54:28.695+0000] {dag.py:3096} INFO - Sync 1 DAGs
[2026-03-25T08:54:28.721+0000] {logging_mixin.py:188} INFO - [2026-03-25T08:54:28.720+0000] {dag.py:3954} INFO - Setting next_dagrun for hello_airflow to 2024-03-23 00:00:00+00:00, run_after=2024-03-24 00:00:00+00:00
[2026-03-25T08:54:28.750+0000] {processor.py:183} INFO - Processing /opt/airflow/dags/example.py took 0.118 seconds
[2026-03-25T08:54:59.678+0000] {processor.py:161} INFO - Started process (PID=487) to work on /opt/airflow/dags/example.py
[2026-03-25T08:54:59.679+0000] {processor.py:830} INFO - Processing file /opt/airflow/dags/example.py for tasks to queue
[2026-03-25T08:54:59.681+0000] {logging_mixin.py:188} INFO - [2026-03-25T08:54:59.681+0000] {dagbag.py:545} INFO - Filling up the DagBag from /opt/airflow/dags/example.py
[2026-03-25T08:54:59.704+0000] {processor.py:840} INFO - DAG(s) 'hello_airflow' retrieved from /opt/airflow/dags/example.py
[2026-03-25T08:54:59.736+0000] {logging_mixin.py:188} INFO - [2026-03-25T08:54:59.736+0000] {dag.py:3096} INFO - Sync 1 DAGs
[2026-03-25T08:54:59.764+0000] {logging_mixin.py:188} INFO - [2026-03-25T08:54:59.764+0000] {dag.py:3954} INFO - Setting next_dagrun for hello_airflow to 2024-03-23 00:00:00+00:00, run_after=2024-03-24 00:00:00+00:00
[2026-03-25T08:54:59.790+0000] {processor.py:183} INFO - Processing /opt/airflow/dags/example.py took 0.118 seconds
[2026-03-25T08:55:30.240+0000] {processor.py:161} INFO - Started process (PID=513) to work on /opt/airflow/dags/example.py
[2026-03-25T08:55:30.241+0000] {processor.py:830} INFO - Processing file /opt/airflow/dags/example.py for tasks to queue
[2026-03-25T08:55:30.244+0000] {logging_mixin.py:188} INFO - [2026-03-25T08:55:30.243+0000] {dagbag.py:545} INFO - Filling up the DagBag from /opt/airflow/dags/example.py
[2026-03-25T08:55:30.264+0000] {processor.py:840} INFO - DAG(s) 'hello_airflow' retrieved from /opt/airflow/dags/example.py
[2026-03-25T08:55:30.293+0000] {logging_mixin.py:188} INFO - [2026-03-25T08:55:30.293+0000] {dag.py:3096} INFO - Sync 1 DAGs
[2026-03-25T08:55:30.324+0000] {logging_mixin.py:188} INFO - [2026-03-25T08:55:30.324+0000] {dag.py:3954} INFO - Setting next_dagrun for hello_airflow to 2024-03-23 00:00:00+00:00, run_after=2024-03-24 00:00:00+00:00
[2026-03-25T08:55:30.352+0000] {processor.py:183} INFO - Processing /opt/airflow/dags/example.py took 0.119 seconds
[2026-03-25T08:56:00.893+0000] {processor.py:161} INFO - Started process (PID=539) to work on /opt/airflow/dags/example.py
[2026-03-25T08:56:00.895+0000] {processor.py:830} INFO - Processing file /opt/airflow/dags/example.py for tasks to queue
[2026-03-25T08:56:00.898+0000] {logging_mixin.py:188} INFO - [2026-03-25T08:56:00.897+0000] {dagbag.py:545} INFO - Filling up the DagBag from /opt/airflow/dags/example.py
[2026-03-25T08:56:00.927+0000] {processor.py:840} INFO - DAG(s) 'hello_airflow' retrieved from /opt/airflow/dags/example.py
[2026-03-25T08:56:00.965+0000] {logging_mixin.py:188} INFO - [2026-03-25T08:56:00.965+0000] {dag.py:3096} INFO - Sync 1 DAGs
[2026-03-25T08:56:00.993+0000] {logging_mixin.py:188} INFO - [2026-03-25T08:56:00.992+0000] {dag.py:3954} INFO - Setting next_dagrun for hello_airflow to 2024-03-23 00:00:00+00:00, run_after=2024-03-24 00:00:00+00:00
[2026-03-25T08:56:01.019+0000] {processor.py:183} INFO - Processing /opt/airflow/dags/example.py took 0.135 seconds
[2026-03-25T08:56:31.602+0000] {processor.py:161} INFO - Started process (PID=565) to work on /opt/airflow/dags/example.py
[2026-03-25T08:56:31.603+0000] {processor.py:830} INFO - Processing file /opt/airflow/dags/example.py for tasks to queue
[2026-03-25T08:56:31.605+0000] {logging_mixin.py:188} INFO - [2026-03-25T08:56:31.605+0000] {dagbag.py:545} INFO - Filling up the DagBag from /opt/airflow/dags/example.py
[2026-03-25T08:56:31.626+0000] {processor.py:840} INFO - DAG(s) 'hello_airflow' retrieved from /opt/airflow/dags/example.py
[2026-03-25T08:56:31.662+0000] {logging_mixin.py:188} INFO - [2026-03-25T08:56:31.662+0000] {dag.py:3096} INFO - Sync 1 DAGs
[2026-03-25T08:56:31.684+0000] {logging_mixin.py:188} INFO - [2026-03-25T08:56:31.683+0000] {dag.py:3954} INFO - Setting next_dagrun for hello_airflow to 2024-03-23 00:00:00+00:00, run_after=2024-03-24 00:00:00+00:00
[2026-03-25T08:56:31.711+0000] {processor.py:183} INFO - Processing /opt/airflow/dags/example.py took 0.116 seconds
[2026-03-25T08:57:02.230+0000] {processor.py:161} INFO - Started process (PID=591) to work on /opt/airflow/dags/example.py
[2026-03-25T08:57:02.231+0000] {processor.py:830} INFO - Processing file /opt/airflow/dags/example.py for tasks to queue
[2026-03-25T08:57:02.234+0000] {logging_mixin.py:188} INFO - [2026-03-25T08:57:02.233+0000] {dagbag.py:545} INFO - Filling up the DagBag from /opt/airflow/dags/example.py
[2026-03-25T08:57:02.256+0000] {processor.py:840} INFO - DAG(s) 'hello_airflow' retrieved from /opt/airflow/dags/example.py
[2026-03-25T08:57:02.293+0000] {logging_mixin.py:188} INFO - [2026-03-25T08:57:02.292+0000] {dag.py:3096} INFO - Sync 1 DAGs
[2026-03-25T08:57:02.320+0000] {logging_mixin.py:188} INFO - [2026-03-25T08:57:02.320+0000] {dag.py:3954} INFO - Setting next_dagrun for hello_airflow to 2024-03-23 00:00:00+00:00, run_after=2024-03-24 00:00:00+00:00
[2026-03-25T08:57:02.348+0000] {processor.py:183} INFO - Processing /opt/airflow/dags/example.py took 0.125 seconds
[2026-03-25T08:57:32.951+0000] {processor.py:161} INFO - Started process (PID=618) to work on /opt/airflow/dags/example.py
[2026-03-25T08:57:32.952+0000] {processor.py:830} INFO - Processing file /opt/airflow/dags/example.py for tasks to queue
[2026-03-25T08:57:32.957+0000] {logging_mixin.py:188} INFO - [2026-03-25T08:57:32.956+0000] {dagbag.py:545} INFO - Filling up the DagBag from /opt/airflow/dags/example.py
[2026-03-25T08:57:32.988+0000] {processor.py:840} INFO - DAG(s) 'hello_airflow' retrieved from /opt/airflow/dags/example.py
[2026-03-25T08:57:33.027+0000] {logging_mixin.py:188} INFO - [2026-03-25T08:57:33.027+0000] {dag.py:3096} INFO - Sync 1 DAGs
[2026-03-25T08:57:33.055+0000] {logging_mixin.py:188} INFO - [2026-03-25T08:57:33.054+0000] {dag.py:3954} INFO - Setting next_dagrun for hello_airflow to 2024-03-23 00:00:00+00:00, run_after=2024-03-24 00:00:00+00:00
[2026-03-25T08:57:33.084+0000] {processor.py:183} INFO - Processing /opt/airflow/dags/example.py took 0.142 seconds
[2026-03-25T08:58:03.561+0000] {processor.py:161} INFO - Started process (PID=644) to work on /opt/airflow/dags/example.py
[2026-03-25T08:58:03.563+0000] {processor.py:830} INFO - Processing file /opt/airflow/dags/example.py for tasks to queue
[2026-03-25T08:58:03.566+0000] {logging_mixin.py:188} INFO - [2026-03-25T08:58:03.565+0000] {dagbag.py:545} INFO - Filling up the DagBag from /opt/airflow/dags/example.py
[2026-03-25T08:58:03.593+0000] {processor.py:840} INFO - DAG(s) 'hello_airflow' retrieved from /opt/airflow/dags/example.py
[2026-03-25T08:58:03.628+0000] {logging_mixin.py:188} INFO - [2026-03-25T08:58:03.628+0000] {dag.py:3096} INFO - Sync 1 DAGs
[2026-03-25T08:58:03.650+0000] {logging_mixin.py:188} INFO - [2026-03-25T08:58:03.650+0000] {dag.py:3954} INFO - Setting next_dagrun for hello_airflow to 2024-03-23 00:00:00+00:00, run_after=2024-03-24 00:00:00+00:00
[2026-03-25T08:58:03.679+0000] {processor.py:183} INFO - Processing /opt/airflow/dags/example.py took 0.129 seconds
[2026-03-25T08:58:34.157+0000] {processor.py:161} INFO - Started process (PID=670) to work on /opt/airflow/dags/example.py
[2026-03-25T08:58:34.158+0000] {processor.py:830} INFO - Processing file /opt/airflow/dags/example.py for tasks to queue
[2026-03-25T08:58:34.160+0000] {logging_mixin.py:188} INFO - [2026-03-25T08:58:34.160+0000] {dagbag.py:545} INFO - Filling up the DagBag from /opt/airflow/dags/example.py
[2026-03-25T08:58:34.182+0000] {processor.py:840} INFO - DAG(s) 'hello_airflow' retrieved from /opt/airflow/dags/example.py
[2026-03-25T08:58:34.213+0000] {logging_mixin.py:188} INFO - [2026-03-25T08:58:34.213+0000] {dag.py:3096} INFO - Sync 1 DAGs
[2026-03-25T08:58:34.235+0000] {logging_mixin.py:188} INFO - [2026-03-25T08:58:34.235+0000] {dag.py:3954} INFO - Setting next_dagrun for hello_airflow to 2024-03-23 00:00:00+00:00, run_after=2024-03-24 00:00:00+00:00
[2026-03-25T08:58:34.269+0000] {processor.py:183} INFO - Processing /opt/airflow/dags/example.py took 0.119 seconds
[2026-03-25T08:59:04.900+0000] {processor.py:161} INFO - Started process (PID=696) to work on /opt/airflow/dags/example.py
[2026-03-25T08:59:04.901+0000] {processor.py:830} INFO - Processing file /opt/airflow/dags/example.py for tasks to queue
[2026-03-25T08:59:04.904+0000] {logging_mixin.py:188} INFO - [2026-03-25T08:59:04.904+0000] {dagbag.py:545} INFO - Filling up the DagBag from /opt/airflow/dags/example.py
[2026-03-25T08:59:04.931+0000] {processor.py:840} INFO - DAG(s) 'hello_airflow' retrieved from /opt/airflow/dags/example.py
[2026-03-25T08:59:04.964+0000] {logging_mixin.py:188} INFO - [2026-03-25T08:59:04.963+0000] {dag.py:3096} INFO - Sync 1 DAGs
[2026-03-25T08:59:04.994+0000] {logging_mixin.py:188} INFO - [2026-03-25T08:59:04.993+0000] {dag.py:3954} INFO - Setting next_dagrun for hello_airflow to 2024-03-23 00:00:00+00:00, run_after=2024-03-24 00:00:00+00:00
[2026-03-25T08:59:05.019+0000] {processor.py:183} INFO - Processing /opt/airflow/dags/example.py took 0.127 seconds
[2026-03-25T08:59:35.568+0000] {processor.py:161} INFO - Started process (PID=722) to work on /opt/airflow/dags/example.py
[2026-03-25T08:59:35.569+0000] {processor.py:830} INFO - Processing file /opt/airflow/dags/example.py for tasks to queue
[2026-03-25T08:59:35.571+0000] {logging_mixin.py:188} INFO - [2026-03-25T08:59:35.571+0000] {dagbag.py:545} INFO - Filling up the DagBag from /opt/airflow/dags/example.py
[2026-03-25T08:59:35.591+0000] {processor.py:840} INFO - DAG(s) 'hello_airflow' retrieved from /opt/airflow/dags/example.py
[2026-03-25T08:59:35.622+0000] {logging_mixin.py:188} INFO - [2026-03-25T08:59:35.622+0000] {dag.py:3096} INFO - Sync 1 DAGs
[2026-03-25T08:59:35.649+0000] {logging_mixin.py:188} INFO - [2026-03-25T08:59:35.649+0000] {dag.py:3954} INFO - Setting next_dagrun for hello_airflow to 2024-03-23 00:00:00+00:00, run_after=2024-03-24 00:00:00+00:00
[2026-03-25T08:59:35.682+0000] {processor.py:183} INFO - Processing /opt/airflow/dags/example.py took 0.121 seconds
[2026-03-25T09:05:10.298+0000] {processor.py:161} INFO - Started process (PID=195) to work on /opt/airflow/dags/example.py
[2026-03-25T09:05:10.300+0000] {processor.py:830} INFO - Processing file /opt/airflow/dags/example.py for tasks to queue
[2026-03-25T09:05:10.303+0000] {logging_mixin.py:188} INFO - [2026-03-25T09:05:10.302+0000] {dagbag.py:545} INFO - Filling up the DagBag from /opt/airflow/dags/example.py
[2026-03-25T09:05:10.355+0000] {processor.py:840} INFO - DAG(s) 'hello_airflow' retrieved from /opt/airflow/dags/example.py
[2026-03-25T09:05:10.672+0000] {logging_mixin.py:188} INFO - [2026-03-25T09:05:10.671+0000] {override.py:1829} INFO - Created Permission View: can edit on DAG:hello_airflow
[2026-03-25T09:05:10.684+0000] {logging_mixin.py:188} INFO - [2026-03-25T09:05:10.684+0000] {override.py:1829} INFO - Created Permission View: can read on DAG:hello_airflow
[2026-03-25T09:05:10.694+0000] {logging_mixin.py:188} INFO - [2026-03-25T09:05:10.694+0000] {override.py:1829} INFO - Created Permission View: can delete on DAG:hello_airflow
[2026-03-25T09:05:10.695+0000] {logging_mixin.py:188} INFO - [2026-03-25T09:05:10.695+0000] {dag.py:3096} INFO - Sync 1 DAGs
[2026-03-25T09:05:10.711+0000] {logging_mixin.py:188} INFO - [2026-03-25T09:05:10.711+0000] {dag.py:3118} INFO - Creating ORM DAG for hello_airflow
[2026-03-25T09:05:10.723+0000] {logging_mixin.py:188} INFO - [2026-03-25T09:05:10.723+0000] {dag.py:3954} INFO - Setting next_dagrun for hello_airflow to 2024-03-23 00:00:00+00:00, run_after=2024-03-24 00:00:00+00:00
[2026-03-25T09:05:10.754+0000] {processor.py:183} INFO - Processing /opt/airflow/dags/example.py took 0.464 seconds
[2026-03-25T09:05:41.781+0000] {processor.py:161} INFO - Started process (PID=227) to work on /opt/airflow/dags/example.py
[2026-03-25T09:05:41.782+0000] {processor.py:830} INFO - Processing file /opt/airflow/dags/example.py for tasks to queue
[2026-03-25T09:05:41.785+0000] {logging_mixin.py:188} INFO - [2026-03-25T09:05:41.784+0000] {dagbag.py:545} INFO - Filling up the DagBag from /opt/airflow/dags/example.py
[2026-03-25T09:05:41.818+0000] {processor.py:840} INFO - DAG(s) 'hello_airflow' retrieved from /opt/airflow/dags/example.py
[2026-03-25T09:05:41.870+0000] {logging_mixin.py:188} INFO - [2026-03-25T09:05:41.869+0000] {dag.py:3096} INFO - Sync 1 DAGs
[2026-03-25T09:05:41.903+0000] {logging_mixin.py:188} INFO - [2026-03-25T09:05:41.902+0000] {dag.py:3954} INFO - Setting next_dagrun for hello_airflow to 2024-03-23 00:00:00+00:00, run_after=2024-03-24 00:00:00+00:00
[2026-03-25T09:05:41.933+0000] {processor.py:183} INFO - Processing /opt/airflow/dags/example.py took 0.159 seconds
[2026-03-25T09:06:12.533+0000] {processor.py:161} INFO - Started process (PID=253) to work on /opt/airflow/dags/example.py
[2026-03-25T09:06:12.535+0000] {processor.py:830} INFO - Processing file /opt/airflow/dags/example.py for tasks to queue
[2026-03-25T09:06:12.538+0000] {logging_mixin.py:188} INFO - [2026-03-25T09:06:12.538+0000] {dagbag.py:545} INFO - Filling up the DagBag from /opt/airflow/dags/example.py
[2026-03-25T09:06:12.573+0000] {processor.py:840} INFO - DAG(s) 'hello_airflow' retrieved from /opt/airflow/dags/example.py
[2026-03-25T09:06:12.620+0000] {logging_mixin.py:188} INFO - [2026-03-25T09:06:12.620+0000] {dag.py:3096} INFO - Sync 1 DAGs
[2026-03-25T09:06:12.654+0000] {logging_mixin.py:188} INFO - [2026-03-25T09:06:12.653+0000] {dag.py:3954} INFO - Setting next_dagrun for hello_airflow to 2024-03-23 00:00:00+00:00, run_after=2024-03-24 00:00:00+00:00
[2026-03-25T09:06:12.685+0000] {processor.py:183} INFO - Processing /opt/airflow/dags/example.py took 0.160 seconds
[2026-03-25T09:06:43.192+0000] {processor.py:161} INFO - Started process (PID=279) to work on /opt/airflow/dags/example.py
[2026-03-25T09:06:43.212+0000] {processor.py:830} INFO - Processing file /opt/airflow/dags/example.py for tasks to queue
[2026-03-25T09:06:43.220+0000] {logging_mixin.py:188} INFO - [2026-03-25T09:06:43.219+0000] {dagbag.py:545} INFO - Filling up the DagBag from /opt/airflow/dags/example.py
[2026-03-25T09:06:43.485+0000] {processor.py:840} INFO - DAG(s) 'hello_airflow' retrieved from /opt/airflow/dags/example.py
[2026-03-25T09:06:43.690+0000] {logging_mixin.py:188} INFO - [2026-03-25T09:06:43.689+0000] {dag.py:3096} INFO - Sync 1 DAGs
[2026-03-25T09:06:43.911+0000] {logging_mixin.py:188} INFO - [2026-03-25T09:06:43.911+0000] {dag.py:3954} INFO - Setting next_dagrun for hello_airflow to 2024-03-23 00:00:00+00:00, run_after=2024-03-24 00:00:00+00:00
[2026-03-25T09:06:44.011+0000] {processor.py:183} INFO - Processing /opt/airflow/dags/example.py took 0.838 seconds
[2026-03-25T09:07:14.827+0000] {processor.py:161} INFO - Started process (PID=305) to work on /opt/airflow/dags/example.py
[2026-03-25T09:07:14.828+0000] {processor.py:830} INFO - Processing file /opt/airflow/dags/example.py for tasks to queue
[2026-03-25T09:07:14.831+0000] {logging_mixin.py:188} INFO - [2026-03-25T09:07:14.831+0000] {dagbag.py:545} INFO - Filling up the DagBag from /opt/airflow/dags/example.py
[2026-03-25T09:07:14.850+0000] {processor.py:840} INFO - DAG(s) 'hello_airflow' retrieved from /opt/airflow/dags/example.py
[2026-03-25T09:07:14.885+0000] {logging_mixin.py:188} INFO - [2026-03-25T09:07:14.884+0000] {dag.py:3096} INFO - Sync 1 DAGs
[2026-03-25T09:07:14.915+0000] {logging_mixin.py:188} INFO - [2026-03-25T09:07:14.915+0000] {dag.py:3954} INFO - Setting next_dagrun for hello_airflow to 2024-03-23 00:00:00+00:00, run_after=2024-03-24 00:00:00+00:00
[2026-03-25T09:07:14.946+0000] {processor.py:183} INFO - Processing /opt/airflow/dags/example.py took 0.126 seconds
[2026-03-25T09:07:45.655+0000] {processor.py:161} INFO - Started process (PID=331) to work on /opt/airflow/dags/example.py
[2026-03-25T09:07:45.657+0000] {processor.py:830} INFO - Processing file /opt/airflow/dags/example.py for tasks to queue
[2026-03-25T09:07:45.661+0000] {logging_mixin.py:188} INFO - [2026-03-25T09:07:45.660+0000] {dagbag.py:545} INFO - Filling up the DagBag from /opt/airflow/dags/example.py
[2026-03-25T09:07:45.697+0000] {processor.py:840} INFO - DAG(s) 'hello_airflow' retrieved from /opt/airflow/dags/example.py
[2026-03-25T09:07:45.745+0000] {logging_mixin.py:188} INFO - [2026-03-25T09:07:45.745+0000] {dag.py:3096} INFO - Sync 1 DAGs
[2026-03-25T09:07:45.777+0000] {logging_mixin.py:188} INFO - [2026-03-25T09:07:45.776+0000] {dag.py:3954} INFO - Setting next_dagrun for hello_airflow to 2024-03-23 00:00:00+00:00, run_after=2024-03-24 00:00:00+00:00
[2026-03-25T09:07:45.812+0000] {processor.py:183} INFO - Processing /opt/airflow/dags/example.py took 0.167 seconds
[2026-03-25T09:08:16.746+0000] {processor.py:161} INFO - Started process (PID=362) to work on /opt/airflow/dags/example.py
[2026-03-25T09:08:16.748+0000] {processor.py:830} INFO - Processing file /opt/airflow/dags/example.py for tasks to queue
[2026-03-25T09:08:16.752+0000] {logging_mixin.py:188} INFO - [2026-03-25T09:08:16.751+0000] {dagbag.py:545} INFO - Filling up the DagBag from /opt/airflow/dags/example.py
[2026-03-25T09:08:16.788+0000] {processor.py:840} INFO - DAG(s) 'hello_airflow' retrieved from /opt/airflow/dags/example.py
[2026-03-25T09:08:16.847+0000] {logging_mixin.py:188} INFO - [2026-03-25T09:08:16.847+0000] {dag.py:3096} INFO - Sync 1 DAGs
[2026-03-25T09:08:16.892+0000] {logging_mixin.py:188} INFO - [2026-03-25T09:08:16.892+0000] {dag.py:3954} INFO - Setting next_dagrun for hello_airflow to 2024-03-23 00:00:00+00:00, run_after=2024-03-24 00:00:00+00:00
[2026-03-25T09:08:16.932+0000] {processor.py:183} INFO - Processing /opt/airflow/dags/example.py took 0.196 seconds
[2026-03-25T09:08:47.531+0000] {processor.py:161} INFO - Started process (PID=388) to work on /opt/airflow/dags/example.py
[2026-03-25T09:08:47.533+0000] {processor.py:830} INFO - Processing file /opt/airflow/dags/example.py for tasks to queue
[2026-03-25T09:08:47.536+0000] {logging_mixin.py:188} INFO - [2026-03-25T09:08:47.535+0000] {dagbag.py:545} INFO - Filling up the DagBag from /opt/airflow/dags/example.py
[2026-03-25T09:08:47.592+0000] {processor.py:840} INFO - DAG(s) 'hello_airflow' retrieved from /opt/airflow/dags/example.py
[2026-03-25T09:08:47.640+0000] {logging_mixin.py:188} INFO - [2026-03-25T09:08:47.640+0000] {dag.py:3096} INFO - Sync 1 DAGs
[2026-03-25T09:08:47.676+0000] {logging_mixin.py:188} INFO - [2026-03-25T09:08:47.675+0000] {dag.py:3954} INFO - Setting next_dagrun for hello_airflow to 2024-03-23 00:00:00+00:00, run_after=2024-03-24 00:00:00+00:00
[2026-03-25T09:08:47.712+0000] {processor.py:183} INFO - Processing /opt/airflow/dags/example.py took 0.189 seconds
[2026-03-25T09:09:18.300+0000] {processor.py:161} INFO - Started process (PID=415) to work on /opt/airflow/dags/example.py
[2026-03-25T09:09:18.302+0000] {processor.py:830} INFO - Processing file /opt/airflow/dags/example.py for tasks to queue
[2026-03-25T09:09:18.305+0000] {logging_mixin.py:188} INFO - [2026-03-25T09:09:18.305+0000] {dagbag.py:545} INFO - Filling up the DagBag from /opt/airflow/dags/example.py
[2026-03-25T09:09:18.339+0000] {processor.py:840} INFO - DAG(s) 'hello_airflow' retrieved from /opt/airflow/dags/example.py
[2026-03-25T09:09:18.394+0000] {logging_mixin.py:188} INFO - [2026-03-25T09:09:18.394+0000] {dag.py:3096} INFO - Sync 1 DAGs
[2026-03-25T09:09:18.425+0000] {logging_mixin.py:188} INFO - [2026-03-25T09:09:18.424+0000] {dag.py:3954} INFO - Setting next_dagrun for hello_airflow to 2024-03-23 00:00:00+00:00, run_after=2024-03-24 00:00:00+00:00
[2026-03-25T09:09:18.455+0000] {processor.py:183} INFO - Processing /opt/airflow/dags/example.py took 0.163 seconds
[2026-03-25T09:09:48.920+0000] {processor.py:161} INFO - Started process (PID=441) to work on /opt/airflow/dags/example.py
[2026-03-25T09:09:48.921+0000] {processor.py:830} INFO - Processing file /opt/airflow/dags/example.py for tasks to queue
[2026-03-25T09:09:48.923+0000] {logging_mixin.py:188} INFO - [2026-03-25T09:09:48.923+0000] {dagbag.py:545} INFO - Filling up the DagBag from /opt/airflow/dags/example.py
[2026-03-25T09:09:48.954+0000] {processor.py:840} INFO - DAG(s) 'hello_airflow' retrieved from /opt/airflow/dags/example.py
[2026-03-25T09:09:48.989+0000] {logging_mixin.py:188} INFO - [2026-03-25T09:09:48.988+0000] {dag.py:3096} INFO - Sync 1 DAGs
[2026-03-25T09:09:49.013+0000] {logging_mixin.py:188} INFO - [2026-03-25T09:09:49.012+0000] {dag.py:3954} INFO - Setting next_dagrun for hello_airflow to 2024-03-23 00:00:00+00:00, run_after=2024-03-24 00:00:00+00:00
[2026-03-25T09:09:49.042+0000] {processor.py:183} INFO - Processing /opt/airflow/dags/example.py took 0.130 seconds
[2026-03-25T09:10:19.669+0000] {processor.py:161} INFO - Started process (PID=467) to work on /opt/airflow/dags/example.py
[2026-03-25T09:10:19.671+0000] {processor.py:830} INFO - Processing file /opt/airflow/dags/example.py for tasks to queue
[2026-03-25T09:10:19.673+0000] {logging_mixin.py:188} INFO - [2026-03-25T09:10:19.673+0000] {dagbag.py:545} INFO - Filling up the DagBag from /opt/airflow/dags/example.py
[2026-03-25T09:10:19.703+0000] {processor.py:840} INFO - DAG(s) 'hello_airflow' retrieved from /opt/airflow/dags/example.py
[2026-03-25T09:10:19.738+0000] {logging_mixin.py:188} INFO - [2026-03-25T09:10:19.737+0000] {dag.py:3096} INFO - Sync 1 DAGs
[2026-03-25T09:10:19.769+0000] {logging_mixin.py:188} INFO - [2026-03-25T09:10:19.769+0000] {dag.py:3954} INFO - Setting next_dagrun for hello_airflow to 2024-03-23 00:00:00+00:00, run_after=2024-03-24 00:00:00+00:00
[2026-03-25T09:10:19.797+0000] {processor.py:183} INFO - Processing /opt/airflow/dags/example.py took 0.135 seconds
[2026-03-25T09:10:50.151+0000] {processor.py:161} INFO - Started process (PID=493) to work on /opt/airflow/dags/example.py
[2026-03-25T09:10:50.152+0000] {processor.py:830} INFO - Processing file /opt/airflow/dags/example.py for tasks to queue
[2026-03-25T09:10:50.155+0000] {logging_mixin.py:188} INFO - [2026-03-25T09:10:50.154+0000] {dagbag.py:545} INFO - Filling up the DagBag from /opt/airflow/dags/example.py
[2026-03-25T09:10:50.175+0000] {processor.py:840} INFO - DAG(s) 'hello_airflow' retrieved from /opt/airflow/dags/example.py
[2026-03-25T09:10:50.206+0000] {logging_mixin.py:188} INFO - [2026-03-25T09:10:50.206+0000] {dag.py:3096} INFO - Sync 1 DAGs
[2026-03-25T09:10:50.231+0000] {logging_mixin.py:188} INFO - [2026-03-25T09:10:50.231+0000] {dag.py:3954} INFO - Setting next_dagrun for hello_airflow to 2024-03-23 00:00:00+00:00, run_after=2024-03-24 00:00:00+00:00
[2026-03-25T09:10:50.260+0000] {processor.py:183} INFO - Processing /opt/airflow/dags/example.py took 0.115 seconds
[2026-03-25T09:11:20.948+0000] {processor.py:161} INFO - Started process (PID=519) to work on /opt/airflow/dags/example.py
[2026-03-25T09:11:20.949+0000] {processor.py:830} INFO - Processing file /opt/airflow/dags/example.py for tasks to queue
[2026-03-25T09:11:20.951+0000] {logging_mixin.py:188} INFO - [2026-03-25T09:11:20.951+0000] {dagbag.py:545} INFO - Filling up the DagBag from /opt/airflow/dags/example.py
[2026-03-25T09:11:20.980+0000] {processor.py:840} INFO - DAG(s) 'hello_airflow' retrieved from /opt/airflow/dags/example.py
[2026-03-25T09:11:21.010+0000] {logging_mixin.py:188} INFO - [2026-03-25T09:11:21.010+0000] {dag.py:3096} INFO - Sync 1 DAGs
[2026-03-25T09:11:21.032+0000] {logging_mixin.py:188} INFO - [2026-03-25T09:11:21.031+0000] {dag.py:3954} INFO - Setting next_dagrun for hello_airflow to 2024-03-23 00:00:00+00:00, run_after=2024-03-24 00:00:00+00:00
[2026-03-25T09:11:21.059+0000] {processor.py:183} INFO - Processing /opt/airflow/dags/example.py took 0.120 seconds
[2026-03-25T09:11:51.552+0000] {processor.py:161} INFO - Started process (PID=545) to work on /opt/airflow/dags/example.py
[2026-03-25T09:11:51.553+0000] {processor.py:830} INFO - Processing file /opt/airflow/dags/example.py for tasks to queue
[2026-03-25T09:11:51.555+0000] {logging_mixin.py:188} INFO - [2026-03-25T09:11:51.555+0000] {dagbag.py:545} INFO - Filling up the DagBag from /opt/airflow/dags/example.py
[2026-03-25T09:11:51.574+0000] {processor.py:840} INFO - DAG(s) 'hello_airflow' retrieved from /opt/airflow/dags/example.py
[2026-03-25T09:11:51.604+0000] {logging_mixin.py:188} INFO - [2026-03-25T09:11:51.603+0000] {dag.py:3096} INFO - Sync 1 DAGs
[2026-03-25T09:11:51.625+0000] {logging_mixin.py:188} INFO - [2026-03-25T09:11:51.625+0000] {dag.py:3954} INFO - Setting next_dagrun for hello_airflow to 2024-03-23 00:00:00+00:00, run_after=2024-03-24 00:00:00+00:00
[2026-03-25T09:11:51.651+0000] {processor.py:183} INFO - Processing /opt/airflow/dags/example.py took 0.106 seconds
[2026-03-25T09:12:22.302+0000] {processor.py:161} INFO - Started process (PID=571) to work on /opt/airflow/dags/example.py
[2026-03-25T09:12:22.304+0000] {processor.py:830} INFO - Processing file /opt/airflow/dags/example.py for tasks to queue
[2026-03-25T09:12:22.306+0000] {logging_mixin.py:188} INFO - [2026-03-25T09:12:22.306+0000] {dagbag.py:545} INFO - Filling up the DagBag from /opt/airflow/dags/example.py
[2026-03-25T09:12:22.335+0000] {processor.py:840} INFO - DAG(s) 'hello_airflow' retrieved from /opt/airflow/dags/example.py
[2026-03-25T09:12:22.373+0000] {logging_mixin.py:188} INFO - [2026-03-25T09:12:22.373+0000] {dag.py:3096} INFO - Sync 1 DAGs
[2026-03-25T09:12:22.398+0000] {logging_mixin.py:188} INFO - [2026-03-25T09:12:22.398+0000] {dag.py:3954} INFO - Setting next_dagrun for hello_airflow to 2024-03-23 00:00:00+00:00, run_after=2024-03-24 00:00:00+00:00
[2026-03-25T09:12:22.427+0000] {processor.py:183} INFO - Processing /opt/airflow/dags/example.py took 0.131 seconds
[2026-03-25T09:12:52.997+0000] {processor.py:161} INFO - Started process (PID=597) to work on /opt/airflow/dags/example.py
[2026-03-25T09:12:52.998+0000] {processor.py:830} INFO - Processing file /opt/airflow/dags/example.py for tasks to queue
[2026-03-25T09:12:53.000+0000] {logging_mixin.py:188} INFO - [2026-03-25T09:12:53.000+0000] {dagbag.py:545} INFO - Filling up the DagBag from /opt/airflow/dags/example.py
[2026-03-25T09:12:53.019+0000] {processor.py:840} INFO - DAG(s) 'hello_airflow' retrieved from /opt/airflow/dags/example.py
[2026-03-25T09:12:53.047+0000] {logging_mixin.py:188} INFO - [2026-03-25T09:12:53.047+0000] {dag.py:3096} INFO - Sync 1 DAGs
[2026-03-25T09:12:53.070+0000] {logging_mixin.py:188} INFO - [2026-03-25T09:12:53.070+0000] {dag.py:3954} INFO - Setting next_dagrun for hello_airflow to 2024-03-23 00:00:00+00:00, run_after=2024-03-24 00:00:00+00:00
[2026-03-25T09:12:53.096+0000] {processor.py:183} INFO - Processing /opt/airflow/dags/example.py took 0.106 seconds
[2026-03-25T09:13:23.592+0000] {processor.py:161} INFO - Started process (PID=623) to work on /opt/airflow/dags/example.py
[2026-03-25T09:13:23.593+0000] {processor.py:830} INFO - Processing file /opt/airflow/dags/example.py for tasks to queue
[2026-03-25T09:13:23.596+0000] {logging_mixin.py:188} INFO - [2026-03-25T09:13:23.595+0000] {dagbag.py:545} INFO - Filling up the DagBag from /opt/airflow/dags/example.py
[2026-03-25T09:13:23.639+0000] {processor.py:840} INFO - DAG(s) 'hello_airflow' retrieved from /opt/airflow/dags/example.py
[2026-03-25T09:13:23.704+0000] {logging_mixin.py:188} INFO - [2026-03-25T09:13:23.703+0000] {dag.py:3096} INFO - Sync 1 DAGs
[2026-03-25T09:13:23.756+0000] {logging_mixin.py:188} INFO - [2026-03-25T09:13:23.755+0000] {dag.py:3954} INFO - Setting next_dagrun for hello_airflow to 2024-03-23 00:00:00+00:00, run_after=2024-03-24 00:00:00+00:00
[2026-03-25T09:13:23.795+0000] {processor.py:183} INFO - Processing /opt/airflow/dags/example.py took 0.213 seconds
[2026-03-25T09:13:54.105+0000] {processor.py:161} INFO - Started process (PID=649) to work on /opt/airflow/dags/example.py
[2026-03-25T09:13:54.108+0000] {processor.py:830} INFO - Processing file /opt/airflow/dags/example.py for tasks to queue
[2026-03-25T09:13:54.112+0000] {logging_mixin.py:188} INFO - [2026-03-25T09:13:54.111+0000] {dagbag.py:545} INFO - Filling up the DagBag from /opt/airflow/dags/example.py
[2026-03-25T09:13:54.181+0000] {processor.py:840} INFO - DAG(s) 'hello_airflow' retrieved from /opt/airflow/dags/example.py
[2026-03-25T09:13:54.252+0000] {logging_mixin.py:188} INFO - [2026-03-25T09:13:54.251+0000] {dag.py:3096} INFO - Sync 1 DAGs
[2026-03-25T09:13:54.299+0000] {logging_mixin.py:188} INFO - [2026-03-25T09:13:54.298+0000] {dag.py:3954} INFO - Setting next_dagrun for hello_airflow to 2024-03-23 00:00:00+00:00, run_after=2024-03-24 00:00:00+00:00
[2026-03-25T09:13:54.336+0000] {processor.py:183} INFO - Processing /opt/airflow/dags/example.py took 0.249 seconds
[2026-03-25T09:14:25.008+0000] {processor.py:161} INFO - Started process (PID=675) to work on /opt/airflow/dags/example.py
[2026-03-25T09:14:25.009+0000] {processor.py:830} INFO - Processing file /opt/airflow/dags/example.py for tasks to queue
[2026-03-25T09:14:25.011+0000] {logging_mixin.py:188} INFO - [2026-03-25T09:14:25.011+0000] {dagbag.py:545} INFO - Filling up the DagBag from /opt/airflow/dags/example.py
[2026-03-25T09:14:25.034+0000] {processor.py:840} INFO - DAG(s) 'hello_airflow' retrieved from /opt/airflow/dags/example.py
[2026-03-25T09:14:25.071+0000] {logging_mixin.py:188} INFO - [2026-03-25T09:14:25.071+0000] {dag.py:3096} INFO - Sync 1 DAGs
[2026-03-25T09:14:25.094+0000] {logging_mixin.py:188} INFO - [2026-03-25T09:14:25.094+0000] {dag.py:3954} INFO - Setting next_dagrun for hello_airflow to 2024-03-23 00:00:00+00:00, run_after=2024-03-24 00:00:00+00:00
[2026-03-25T09:14:25.123+0000] {processor.py:183} INFO - Processing /opt/airflow/dags/example.py took 0.122 seconds
[2026-03-25T09:14:55.507+0000] {processor.py:161} INFO - Started process (PID=701) to work on /opt/airflow/dags/example.py
[2026-03-25T09:14:55.509+0000] {processor.py:830} INFO - Processing file /opt/airflow/dags/example.py for tasks to queue
[2026-03-25T09:14:55.512+0000] {logging_mixin.py:188} INFO - [2026-03-25T09:14:55.512+0000] {dagbag.py:545} INFO - Filling up the DagBag from /opt/airflow/dags/example.py
[2026-03-25T09:14:55.541+0000] {processor.py:840} INFO - DAG(s) 'hello_airflow' retrieved from /opt/airflow/dags/example.py
[2026-03-25T09:14:55.587+0000] {logging_mixin.py:188} INFO - [2026-03-25T09:14:55.587+0000] {dag.py:3096} INFO - Sync 1 DAGs
[2026-03-25T09:14:55.618+0000] {logging_mixin.py:188} INFO - [2026-03-25T09:14:55.618+0000] {dag.py:3954} INFO - Setting next_dagrun for hello_airflow to 2024-03-23 00:00:00+00:00, run_after=2024-03-24 00:00:00+00:00
[2026-03-25T09:14:55.646+0000] {processor.py:183} INFO - Processing /opt/airflow/dags/example.py took 0.147 seconds
[2026-03-25T09:15:26.278+0000] {processor.py:161} INFO - Started process (PID=727) to work on /opt/airflow/dags/example.py
[2026-03-25T09:15:26.279+0000] {processor.py:830} INFO - Processing file /opt/airflow/dags/example.py for tasks to queue
[2026-03-25T09:15:26.282+0000] {logging_mixin.py:188} INFO - [2026-03-25T09:15:26.282+0000] {dagbag.py:545} INFO - Filling up the DagBag from /opt/airflow/dags/example.py
[2026-03-25T09:15:26.308+0000] {processor.py:840} INFO - DAG(s) 'hello_airflow' retrieved from /opt/airflow/dags/example.py
[2026-03-25T09:15:26.342+0000] {logging_mixin.py:188} INFO - [2026-03-25T09:15:26.341+0000] {dag.py:3096} INFO - Sync 1 DAGs
[2026-03-25T09:15:26.370+0000] {logging_mixin.py:188} INFO - [2026-03-25T09:15:26.369+0000] {dag.py:3954} INFO - Setting next_dagrun for hello_airflow to 2024-03-23 00:00:00+00:00, run_after=2024-03-24 00:00:00+00:00
[2026-03-25T09:15:26.396+0000] {processor.py:183} INFO - Processing /opt/airflow/dags/example.py took 0.125 seconds
[2026-03-25T09:15:56.890+0000] {processor.py:161} INFO - Started process (PID=753) to work on /opt/airflow/dags/example.py
[2026-03-25T09:15:56.891+0000] {processor.py:830} INFO - Processing file /opt/airflow/dags/example.py for tasks to queue
[2026-03-25T09:15:56.893+0000] {logging_mixin.py:188} INFO - [2026-03-25T09:15:56.893+0000] {dagbag.py:545} INFO - Filling up the DagBag from /opt/airflow/dags/example.py
[2026-03-25T09:15:56.915+0000] {processor.py:840} INFO - DAG(s) 'hello_airflow' retrieved from /opt/airflow/dags/example.py
[2026-03-25T09:15:56.947+0000] {logging_mixin.py:188} INFO - [2026-03-25T09:15:56.947+0000] {dag.py:3096} INFO - Sync 1 DAGs
[2026-03-25T09:15:56.970+0000] {logging_mixin.py:188} INFO - [2026-03-25T09:15:56.970+0000] {dag.py:3954} INFO - Setting next_dagrun for hello_airflow to 2024-03-23 00:00:00+00:00, run_after=2024-03-24 00:00:00+00:00
[2026-03-25T09:15:56.998+0000] {processor.py:183} INFO - Processing /opt/airflow/dags/example.py took 0.115 seconds
[2026-03-25T09:16:27.600+0000] {processor.py:161} INFO - Started process (PID=779) to work on /opt/airflow/dags/example.py
[2026-03-25T09:16:27.601+0000] {processor.py:830} INFO - Processing file /opt/airflow/dags/example.py for tasks to queue
[2026-03-25T09:16:27.603+0000] {logging_mixin.py:188} INFO - [2026-03-25T09:16:27.603+0000] {dagbag.py:545} INFO - Filling up the DagBag from /opt/airflow/dags/example.py
[2026-03-25T09:16:27.630+0000] {processor.py:840} INFO - DAG(s) 'hello_airflow' retrieved from /opt/airflow/dags/example.py
[2026-03-25T09:16:27.665+0000] {logging_mixin.py:188} INFO - [2026-03-25T09:16:27.665+0000] {dag.py:3096} INFO - Sync 1 DAGs
[2026-03-25T09:16:27.691+0000] {logging_mixin.py:188} INFO - [2026-03-25T09:16:27.690+0000] {dag.py:3954} INFO - Setting next_dagrun for hello_airflow to 2024-03-23 00:00:00+00:00, run_after=2024-03-24 00:00:00+00:00
[2026-03-25T09:16:27.715+0000] {processor.py:183} INFO - Processing /opt/airflow/dags/example.py took 0.122 seconds
[2026-03-25T09:16:58.305+0000] {processor.py:161} INFO - Started process (PID=805) to work on /opt/airflow/dags/example.py
[2026-03-25T09:16:58.307+0000] {processor.py:830} INFO - Processing file /opt/airflow/dags/example.py for tasks to queue
[2026-03-25T09:16:58.310+0000] {logging_mixin.py:188} INFO - [2026-03-25T09:16:58.310+0000] {dagbag.py:545} INFO - Filling up the DagBag from /opt/airflow/dags/example.py
[2026-03-25T09:16:58.335+0000] {processor.py:840} INFO - DAG(s) 'hello_airflow' retrieved from /opt/airflow/dags/example.py
[2026-03-25T09:16:58.371+0000] {logging_mixin.py:188} INFO - [2026-03-25T09:16:58.371+0000] {dag.py:3096} INFO - Sync 1 DAGs
[2026-03-25T09:16:58.401+0000] {logging_mixin.py:188} INFO - [2026-03-25T09:16:58.401+0000] {dag.py:3954} INFO - Setting next_dagrun for hello_airflow to 2024-03-23 00:00:00+00:00, run_after=2024-03-24 00:00:00+00:00
[2026-03-25T09:16:58.429+0000] {processor.py:183} INFO - Processing /opt/airflow/dags/example.py took 0.131 seconds
[2026-03-25T09:19:16.276+0000] {processor.py:161} INFO - Started process (PID=189) to work on /opt/airflow/dags/example.py
[2026-03-25T09:19:16.278+0000] {processor.py:830} INFO - Processing file /opt/airflow/dags/example.py for tasks to queue
[2026-03-25T09:19:16.281+0000] {logging_mixin.py:188} INFO - [2026-03-25T09:19:16.281+0000] {dagbag.py:545} INFO - Filling up the DagBag from /opt/airflow/dags/example.py
[2026-03-25T09:19:16.323+0000] {processor.py:840} INFO - DAG(s) 'hello_airflow' retrieved from /opt/airflow/dags/example.py
[2026-03-25T09:19:16.537+0000] {logging_mixin.py:188} INFO - [2026-03-25T09:19:16.536+0000] {dag.py:3096} INFO - Sync 1 DAGs
[2026-03-25T09:19:16.561+0000] {logging_mixin.py:188} INFO - [2026-03-25T09:19:16.561+0000] {dag.py:3954} INFO - Setting next_dagrun for hello_airflow to 2024-03-23 00:00:00+00:00, run_after=2024-03-24 00:00:00+00:00
[2026-03-25T09:19:16.590+0000] {processor.py:183} INFO - Processing /opt/airflow/dags/example.py took 0.321 seconds
[2026-03-25T09:19:47.425+0000] {processor.py:161} INFO - Started process (PID=215) to work on /opt/airflow/dags/example.py
[2026-03-25T09:19:47.426+0000] {processor.py:830} INFO - Processing file /opt/airflow/dags/example.py for tasks to queue
[2026-03-25T09:19:47.428+0000] {logging_mixin.py:188} INFO - [2026-03-25T09:19:47.428+0000] {dagbag.py:545} INFO - Filling up the DagBag from /opt/airflow/dags/example.py
[2026-03-25T09:19:47.452+0000] {processor.py:840} INFO - DAG(s) 'hello_airflow' retrieved from /opt/airflow/dags/example.py
[2026-03-25T09:19:47.487+0000] {logging_mixin.py:188} INFO - [2026-03-25T09:19:47.487+0000] {dag.py:3096} INFO - Sync 1 DAGs
[2026-03-25T09:19:47.511+0000] {logging_mixin.py:188} INFO - [2026-03-25T09:19:47.511+0000] {dag.py:3954} INFO - Setting next_dagrun for hello_airflow to 2024-03-23 00:00:00+00:00, run_after=2024-03-24 00:00:00+00:00
[2026-03-25T09:19:47.538+0000] {processor.py:183} INFO - Processing /opt/airflow/dags/example.py took 0.119 seconds
[2026-03-25T09:20:18.164+0000] {processor.py:161} INFO - Started process (PID=247) to work on /opt/airflow/dags/example.py
[2026-03-25T09:20:18.166+0000] {processor.py:830} INFO - Processing file /opt/airflow/dags/example.py for tasks to queue
[2026-03-25T09:20:18.168+0000] {logging_mixin.py:188} INFO - [2026-03-25T09:20:18.168+0000] {dagbag.py:545} INFO - Filling up the DagBag from /opt/airflow/dags/example.py
[2026-03-25T09:20:18.192+0000] {processor.py:840} INFO - DAG(s) 'hello_airflow' retrieved from /opt/airflow/dags/example.py
[2026-03-25T09:20:18.225+0000] {logging_mixin.py:188} INFO - [2026-03-25T09:20:18.225+0000] {dag.py:3096} INFO - Sync 1 DAGs
[2026-03-25T09:20:18.251+0000] {logging_mixin.py:188} INFO - [2026-03-25T09:20:18.251+0000] {dag.py:3954} INFO - Setting next_dagrun for hello_airflow to 2024-03-23 00:00:00+00:00, run_after=2024-03-24 00:00:00+00:00
[2026-03-25T09:20:18.276+0000] {processor.py:183} INFO - Processing /opt/airflow/dags/example.py took 0.118 seconds
[2026-03-25T09:20:48.750+0000] {processor.py:161} INFO - Started process (PID=273) to work on /opt/airflow/dags/example.py
[2026-03-25T09:20:48.751+0000] {processor.py:830} INFO - Processing file /opt/airflow/dags/example.py for tasks to queue
[2026-03-25T09:20:48.755+0000] {logging_mixin.py:188} INFO - [2026-03-25T09:20:48.754+0000] {dagbag.py:545} INFO - Filling up the DagBag from /opt/airflow/dags/example.py
[2026-03-25T09:20:48.781+0000] {processor.py:840} INFO - DAG(s) 'hello_airflow' retrieved from /opt/airflow/dags/example.py
[2026-03-25T09:20:48.810+0000] {logging_mixin.py:188} INFO - [2026-03-25T09:20:48.810+0000] {dag.py:3096} INFO - Sync 1 DAGs
[2026-03-25T09:20:48.831+0000] {logging_mixin.py:188} INFO - [2026-03-25T09:20:48.831+0000] {dag.py:3954} INFO - Setting next_dagrun for hello_airflow to 2024-03-23 00:00:00+00:00, run_after=2024-03-24 00:00:00+00:00
[2026-03-25T09:20:48.856+0000] {processor.py:183} INFO - Processing /opt/airflow/dags/example.py took 0.112 seconds
[2026-03-25T09:21:19.436+0000] {processor.py:161} INFO - Started process (PID=299) to work on /opt/airflow/dags/example.py
[2026-03-25T09:21:19.438+0000] {processor.py:830} INFO - Processing file /opt/airflow/dags/example.py for tasks to queue
[2026-03-25T09:21:19.447+0000] {logging_mixin.py:188} INFO - [2026-03-25T09:21:19.447+0000] {dagbag.py:545} INFO - Filling up the DagBag from /opt/airflow/dags/example.py
[2026-03-25T09:21:19.481+0000] {processor.py:840} INFO - DAG(s) 'hello_airflow' retrieved from /opt/airflow/dags/example.py
[2026-03-25T09:21:19.541+0000] {logging_mixin.py:188} INFO - [2026-03-25T09:21:19.541+0000] {dag.py:3096} INFO - Sync 1 DAGs
[2026-03-25T09:21:19.577+0000] {logging_mixin.py:188} INFO - [2026-03-25T09:21:19.577+0000] {dag.py:3954} INFO - Setting next_dagrun for hello_airflow to 2024-03-23 00:00:00+00:00, run_after=2024-03-24 00:00:00+00:00
[2026-03-25T09:21:19.604+0000] {processor.py:183} INFO - Processing /opt/airflow/dags/example.py took 0.183 seconds
[2026-03-25T09:21:50.196+0000] {processor.py:161} INFO - Started process (PID=326) to work on /opt/airflow/dags/example.py
[2026-03-25T09:21:50.198+0000] {processor.py:830} INFO - Processing file /opt/airflow/dags/example.py for tasks to queue
[2026-03-25T09:21:50.201+0000] {logging_mixin.py:188} INFO - [2026-03-25T09:21:50.200+0000] {dagbag.py:545} INFO - Filling up the DagBag from /opt/airflow/dags/example.py
[2026-03-25T09:21:50.220+0000] {processor.py:840} INFO - DAG(s) 'hello_airflow' retrieved from /opt/airflow/dags/example.py
[2026-03-25T09:21:50.247+0000] {logging_mixin.py:188} INFO - [2026-03-25T09:21:50.247+0000] {dag.py:3096} INFO - Sync 1 DAGs
[2026-03-25T09:21:50.268+0000] {logging_mixin.py:188} INFO - [2026-03-25T09:21:50.268+0000] {dag.py:3954} INFO - Setting next_dagrun for hello_airflow to 2024-03-23 00:00:00+00:00, run_after=2024-03-24 00:00:00+00:00
[2026-03-25T09:21:50.294+0000] {processor.py:183} INFO - Processing /opt/airflow/dags/example.py took 0.108 seconds
[2026-03-25T09:22:58.409+0000] {processor.py:161} INFO - Started process (PID=194) to work on /opt/airflow/dags/example.py
[2026-03-25T09:22:58.410+0000] {processor.py:830} INFO - Processing file /opt/airflow/dags/example.py for tasks to queue
[2026-03-25T09:22:58.412+0000] {logging_mixin.py:188} INFO - [2026-03-25T09:22:58.412+0000] {dagbag.py:545} INFO - Filling up the DagBag from /opt/airflow/dags/example.py
[2026-03-25T09:22:58.447+0000] {processor.py:840} INFO - DAG(s) 'hello_airflow' retrieved from /opt/airflow/dags/example.py
[2026-03-25T09:22:58.661+0000] {logging_mixin.py:188} INFO - [2026-03-25T09:22:58.661+0000] {dag.py:3096} INFO - Sync 1 DAGs
[2026-03-25T09:22:58.683+0000] {logging_mixin.py:188} INFO - [2026-03-25T09:22:58.683+0000] {dag.py:3954} INFO - Setting next_dagrun for hello_airflow to 2024-03-23 00:00:00+00:00, run_after=2024-03-24 00:00:00+00:00
[2026-03-25T09:22:58.712+0000] {processor.py:183} INFO - Processing /opt/airflow/dags/example.py took 0.313 seconds
[2026-03-25T09:23:29.740+0000] {processor.py:161} INFO - Started process (PID=220) to work on /opt/airflow/dags/example.py
[2026-03-25T09:23:29.742+0000] {processor.py:830} INFO - Processing file /opt/airflow/dags/example.py for tasks to queue
[2026-03-25T09:23:29.744+0000] {logging_mixin.py:188} INFO - [2026-03-25T09:23:29.744+0000] {dagbag.py:545} INFO - Filling up the DagBag from /opt/airflow/dags/example.py
[2026-03-25T09:23:29.770+0000] {processor.py:840} INFO - DAG(s) 'hello_airflow' retrieved from /opt/airflow/dags/example.py
[2026-03-25T09:23:29.806+0000] {logging_mixin.py:188} INFO - [2026-03-25T09:23:29.806+0000] {dag.py:3096} INFO - Sync 1 DAGs
[2026-03-25T09:23:29.829+0000] {logging_mixin.py:188} INFO - [2026-03-25T09:23:29.828+0000] {dag.py:3954} INFO - Setting next_dagrun for hello_airflow to 2024-03-23 00:00:00+00:00, run_after=2024-03-24 00:00:00+00:00
[2026-03-25T09:23:30.264+0000] {processor.py:183} INFO - Processing /opt/airflow/dags/example.py took 0.531 seconds
[2026-03-25T09:24:01.196+0000] {processor.py:161} INFO - Started process (PID=246) to work on /opt/airflow/dags/example.py
[2026-03-25T09:24:01.197+0000] {processor.py:830} INFO - Processing file /opt/airflow/dags/example.py for tasks to queue
[2026-03-25T09:24:01.199+0000] {logging_mixin.py:188} INFO - [2026-03-25T09:24:01.199+0000] {dagbag.py:545} INFO - Filling up the DagBag from /opt/airflow/dags/example.py
[2026-03-25T09:24:01.222+0000] {processor.py:840} INFO - DAG(s) 'hello_airflow' retrieved from /opt/airflow/dags/example.py
[2026-03-25T09:24:01.256+0000] {logging_mixin.py:188} INFO - [2026-03-25T09:24:01.255+0000] {dag.py:3096} INFO - Sync 1 DAGs
[2026-03-25T09:24:01.278+0000] {logging_mixin.py:188} INFO - [2026-03-25T09:24:01.278+0000] {dag.py:3954} INFO - Setting next_dagrun for hello_airflow to 2024-03-23 00:00:00+00:00, run_after=2024-03-24 00:00:00+00:00
[2026-03-25T09:24:01.306+0000] {processor.py:183} INFO - Processing /opt/airflow/dags/example.py took 0.116 seconds
[2026-03-25T09:24:31.768+0000] {processor.py:161} INFO - Started process (PID=272) to work on /opt/airflow/dags/example.py
[2026-03-25T09:24:31.769+0000] {processor.py:830} INFO - Processing file /opt/airflow/dags/example.py for tasks to queue
[2026-03-25T09:24:31.773+0000] {logging_mixin.py:188} INFO - [2026-03-25T09:24:31.772+0000] {dagbag.py:545} INFO - Filling up the DagBag from /opt/airflow/dags/example.py
[2026-03-25T09:24:31.803+0000] {processor.py:840} INFO - DAG(s) 'hello_airflow' retrieved from /opt/airflow/dags/example.py
[2026-03-25T09:24:31.851+0000] {logging_mixin.py:188} INFO - [2026-03-25T09:24:31.851+0000] {dag.py:3096} INFO - Sync 1 DAGs
[2026-03-25T09:24:31.880+0000] {logging_mixin.py:188} INFO - [2026-03-25T09:24:31.880+0000] {dag.py:3954} INFO - Setting next_dagrun for hello_airflow to 2024-03-23 00:00:00+00:00, run_after=2024-03-24 00:00:00+00:00
[2026-03-25T09:24:31.908+0000] {processor.py:183} INFO - Processing /opt/airflow/dags/example.py took 0.148 seconds
[2026-03-25T09:25:02.367+0000] {processor.py:161} INFO - Started process (PID=298) to work on /opt/airflow/dags/example.py
[2026-03-25T09:25:02.368+0000] {processor.py:830} INFO - Processing file /opt/airflow/dags/example.py for tasks to queue
[2026-03-25T09:25:02.372+0000] {logging_mixin.py:188} INFO - [2026-03-25T09:25:02.371+0000] {dagbag.py:545} INFO - Filling up the DagBag from /opt/airflow/dags/example.py
[2026-03-25T09:25:02.389+0000] {processor.py:840} INFO - DAG(s) 'hello_airflow' retrieved from /opt/airflow/dags/example.py
[2026-03-25T09:25:02.418+0000] {logging_mixin.py:188} INFO - [2026-03-25T09:25:02.417+0000] {dag.py:3096} INFO - Sync 1 DAGs
[2026-03-25T09:25:02.440+0000] {logging_mixin.py:188} INFO - [2026-03-25T09:25:02.440+0000] {dag.py:3954} INFO - Setting next_dagrun for hello_airflow to 2024-03-23 00:00:00+00:00, run_after=2024-03-24 00:00:00+00:00
[2026-03-25T09:25:02.472+0000] {processor.py:183} INFO - Processing /opt/airflow/dags/example.py took 0.112 seconds
[2026-03-25T09:26:08.789+0000] {processor.py:161} INFO - Started process (PID=194) to work on /opt/airflow/dags/example.py
[2026-03-25T09:26:08.791+0000] {processor.py:830} INFO - Processing file /opt/airflow/dags/example.py for tasks to queue
[2026-03-25T09:26:08.794+0000] {logging_mixin.py:188} INFO - [2026-03-25T09:26:08.794+0000] {dagbag.py:545} INFO - Filling up the DagBag from /opt/airflow/dags/example.py
[2026-03-25T09:26:08.836+0000] {processor.py:840} INFO - DAG(s) 'hello_airflow' retrieved from /opt/airflow/dags/example.py
[2026-03-25T09:26:09.140+0000] {logging_mixin.py:188} INFO - [2026-03-25T09:26:09.138+0000] {dag.py:3096} INFO - Sync 1 DAGs
[2026-03-25T09:26:09.173+0000] {logging_mixin.py:188} INFO - [2026-03-25T09:26:09.172+0000] {dag.py:3954} INFO - Setting next_dagrun for hello_airflow to 2024-03-23 00:00:00+00:00, run_after=2024-03-24 00:00:00+00:00
[2026-03-25T09:26:09.205+0000] {processor.py:183} INFO - Processing /opt/airflow/dags/example.py took 0.423 seconds
[2026-03-25T09:26:39.454+0000] {processor.py:161} INFO - Started process (PID=220) to work on /opt/airflow/dags/example.py
[2026-03-25T09:26:39.455+0000] {processor.py:830} INFO - Processing file /opt/airflow/dags/example.py for tasks to queue
[2026-03-25T09:26:39.458+0000] {logging_mixin.py:188} INFO - [2026-03-25T09:26:39.457+0000] {dagbag.py:545} INFO - Filling up the DagBag from /opt/airflow/dags/example.py
[2026-03-25T09:26:39.481+0000] {processor.py:840} INFO - DAG(s) 'hello_airflow' retrieved from /opt/airflow/dags/example.py
[2026-03-25T09:26:39.514+0000] {logging_mixin.py:188} INFO - [2026-03-25T09:26:39.514+0000] {dag.py:3096} INFO - Sync 1 DAGs
[2026-03-25T09:26:39.540+0000] {logging_mixin.py:188} INFO - [2026-03-25T09:26:39.540+0000] {dag.py:3954} INFO - Setting next_dagrun for hello_airflow to 2024-03-23 00:00:00+00:00, run_after=2024-03-24 00:00:00+00:00
[2026-03-25T09:26:39.566+0000] {processor.py:183} INFO - Processing /opt/airflow/dags/example.py took 0.119 seconds
[2026-03-25T09:27:10.261+0000] {processor.py:161} INFO - Started process (PID=251) to work on /opt/airflow/dags/example.py
[2026-03-25T09:27:10.262+0000] {processor.py:830} INFO - Processing file /opt/airflow/dags/example.py for tasks to queue
[2026-03-25T09:27:10.264+0000] {logging_mixin.py:188} INFO - [2026-03-25T09:27:10.264+0000] {dagbag.py:545} INFO - Filling up the DagBag from /opt/airflow/dags/example.py
[2026-03-25T09:27:10.286+0000] {processor.py:840} INFO - DAG(s) 'hello_airflow' retrieved from /opt/airflow/dags/example.py
[2026-03-25T09:27:10.315+0000] {logging_mixin.py:188} INFO - [2026-03-25T09:27:10.315+0000] {dag.py:3096} INFO - Sync 1 DAGs
[2026-03-25T09:27:10.338+0000] {logging_mixin.py:188} INFO - [2026-03-25T09:27:10.338+0000] {dag.py:3954} INFO - Setting next_dagrun for hello_airflow to 2024-03-23 00:00:00+00:00, run_after=2024-03-24 00:00:00+00:00
[2026-03-25T09:27:10.370+0000] {processor.py:183} INFO - Processing /opt/airflow/dags/example.py took 0.115 seconds
[2026-03-25T09:27:40.983+0000] {processor.py:161} INFO - Started process (PID=277) to work on /opt/airflow/dags/example.py
[2026-03-25T09:27:40.984+0000] {processor.py:830} INFO - Processing file /opt/airflow/dags/example.py for tasks to queue
[2026-03-25T09:27:40.986+0000] {logging_mixin.py:188} INFO - [2026-03-25T09:27:40.986+0000] {dagbag.py:545} INFO - Filling up the DagBag from /opt/airflow/dags/example.py
[2026-03-25T09:27:41.010+0000] {processor.py:840} INFO - DAG(s) 'hello_airflow' retrieved from /opt/airflow/dags/example.py
[2026-03-25T09:27:41.039+0000] {logging_mixin.py:188} INFO - [2026-03-25T09:27:41.039+0000] {dag.py:3096} INFO - Sync 1 DAGs
[2026-03-25T09:27:41.060+0000] {logging_mixin.py:188} INFO - [2026-03-25T09:27:41.060+0000] {dag.py:3954} INFO - Setting next_dagrun for hello_airflow to 2024-03-23 00:00:00+00:00, run_after=2024-03-24 00:00:00+00:00
[2026-03-25T09:27:41.084+0000] {processor.py:183} INFO - Processing /opt/airflow/dags/example.py took 0.107 seconds
[2026-03-25T09:28:11.657+0000] {processor.py:161} INFO - Started process (PID=303) to work on /opt/airflow/dags/example.py
[2026-03-25T09:28:11.658+0000] {processor.py:830} INFO - Processing file /opt/airflow/dags/example.py for tasks to queue
[2026-03-25T09:28:11.660+0000] {logging_mixin.py:188} INFO - [2026-03-25T09:28:11.660+0000] {dagbag.py:545} INFO - Filling up the DagBag from /opt/airflow/dags/example.py
[2026-03-25T09:28:11.684+0000] {processor.py:840} INFO - DAG(s) 'hello_airflow' retrieved from /opt/airflow/dags/example.py
[2026-03-25T09:28:11.717+0000] {logging_mixin.py:188} INFO - [2026-03-25T09:28:11.717+0000] {dag.py:3096} INFO - Sync 1 DAGs
[2026-03-25T09:28:11.748+0000] {logging_mixin.py:188} INFO - [2026-03-25T09:28:11.748+0000] {dag.py:3954} INFO - Setting next_dagrun for hello_airflow to 2024-03-23 00:00:00+00:00, run_after=2024-03-24 00:00:00+00:00
[2026-03-25T09:28:11.783+0000] {processor.py:183} INFO - Processing /opt/airflow/dags/example.py took 0.136 seconds
[2026-03-25T09:28:42.396+0000] {processor.py:161} INFO - Started process (PID=329) to work on /opt/airflow/dags/example.py
[2026-03-25T09:28:42.397+0000] {processor.py:830} INFO - Processing file /opt/airflow/dags/example.py for tasks to queue
[2026-03-25T09:28:42.400+0000] {logging_mixin.py:188} INFO - [2026-03-25T09:28:42.400+0000] {dagbag.py:545} INFO - Filling up the DagBag from /opt/airflow/dags/example.py
[2026-03-25T09:28:42.440+0000] {processor.py:840} INFO - DAG(s) 'hello_airflow' retrieved from /opt/airflow/dags/example.py
[2026-03-25T09:28:42.498+0000] {logging_mixin.py:188} INFO - [2026-03-25T09:28:42.498+0000] {dag.py:3096} INFO - Sync 1 DAGs
[2026-03-25T09:28:42.532+0000] {logging_mixin.py:188} INFO - [2026-03-25T09:28:42.531+0000] {dag.py:3954} INFO - Setting next_dagrun for hello_airflow to 2024-03-23 00:00:00+00:00, run_after=2024-03-24 00:00:00+00:00
[2026-03-25T09:28:42.562+0000] {processor.py:183} INFO - Processing /opt/airflow/dags/example.py took 0.175 seconds
[2026-03-25T09:29:41.586+0000] {processor.py:161} INFO - Started process (PID=186) to work on /opt/airflow/dags/example.py
[2026-03-25T09:29:41.588+0000] {processor.py:830} INFO - Processing file /opt/airflow/dags/example.py for tasks to queue
[2026-03-25T09:29:41.590+0000] {logging_mixin.py:188} INFO - [2026-03-25T09:29:41.590+0000] {dagbag.py:545} INFO - Filling up the DagBag from /opt/airflow/dags/example.py
[2026-03-25T09:29:41.632+0000] {processor.py:840} INFO - DAG(s) 'hello_airflow' retrieved from /opt/airflow/dags/example.py
[2026-03-25T09:29:41.880+0000] {logging_mixin.py:188} INFO - [2026-03-25T09:29:41.879+0000] {dag.py:3096} INFO - Sync 1 DAGs
[2026-03-25T09:29:41.906+0000] {logging_mixin.py:188} INFO - [2026-03-25T09:29:41.905+0000] {dag.py:3954} INFO - Setting next_dagrun for hello_airflow to 2024-03-23 00:00:00+00:00, run_after=2024-03-24 00:00:00+00:00
[2026-03-25T09:29:41.932+0000] {processor.py:183} INFO - Processing /opt/airflow/dags/example.py took 0.356 seconds
[2026-03-25T09:30:12.863+0000] {processor.py:161} INFO - Started process (PID=251) to work on /opt/airflow/dags/example.py
[2026-03-25T09:30:12.866+0000] {processor.py:830} INFO - Processing file /opt/airflow/dags/example.py for tasks to queue
[2026-03-25T09:30:12.874+0000] {logging_mixin.py:188} INFO - [2026-03-25T09:30:12.873+0000] {dagbag.py:545} INFO - Filling up the DagBag from /opt/airflow/dags/example.py
[2026-03-25T09:30:12.976+0000] {processor.py:840} INFO - DAG(s) 'hello_airflow' retrieved from /opt/airflow/dags/example.py
[2026-03-25T09:30:13.070+0000] {logging_mixin.py:188} INFO - [2026-03-25T09:30:13.069+0000] {dag.py:3096} INFO - Sync 1 DAGs
[2026-03-25T09:30:13.136+0000] {logging_mixin.py:188} INFO - [2026-03-25T09:30:13.135+0000] {dag.py:3954} INFO - Setting next_dagrun for hello_airflow to 2024-03-23 00:00:00+00:00, run_after=2024-03-24 00:00:00+00:00
[2026-03-25T09:30:13.187+0000] {processor.py:183} INFO - Processing /opt/airflow/dags/example.py took 0.338 seconds
[2026-03-25T09:30:43.321+0000] {processor.py:161} INFO - Started process (PID=385) to work on /opt/airflow/dags/example.py
[2026-03-25T09:30:43.323+0000] {processor.py:830} INFO - Processing file /opt/airflow/dags/example.py for tasks to queue
[2026-03-25T09:30:43.326+0000] {logging_mixin.py:188} INFO - [2026-03-25T09:30:43.326+0000] {dagbag.py:545} INFO - Filling up the DagBag from /opt/airflow/dags/example.py
[2026-03-25T09:30:43.366+0000] {processor.py:840} INFO - DAG(s) 'hello_airflow' retrieved from /opt/airflow/dags/example.py
[2026-03-25T09:30:43.421+0000] {logging_mixin.py:188} INFO - [2026-03-25T09:30:43.421+0000] {dag.py:3096} INFO - Sync 1 DAGs
[2026-03-25T09:30:43.451+0000] {logging_mixin.py:188} INFO - [2026-03-25T09:30:43.451+0000] {dag.py:3954} INFO - Setting next_dagrun for hello_airflow to 2024-03-23 00:00:00+00:00, run_after=2024-03-24 00:00:00+00:00
[2026-03-25T09:30:43.484+0000] {processor.py:183} INFO - Processing /opt/airflow/dags/example.py took 0.175 seconds
[2026-03-25T09:31:13.778+0000] {processor.py:161} INFO - Started process (PID=516) to work on /opt/airflow/dags/example.py
[2026-03-25T09:31:13.780+0000] {processor.py:830} INFO - Processing file /opt/airflow/dags/example.py for tasks to queue
[2026-03-25T09:31:13.784+0000] {logging_mixin.py:188} INFO - [2026-03-25T09:31:13.784+0000] {dagbag.py:545} INFO - Filling up the DagBag from /opt/airflow/dags/example.py
[2026-03-25T09:31:13.871+0000] {processor.py:840} INFO - DAG(s) 'hello_airflow' retrieved from /opt/airflow/dags/example.py
[2026-03-25T09:31:13.993+0000] {logging_mixin.py:188} INFO - [2026-03-25T09:31:13.992+0000] {dag.py:3096} INFO - Sync 1 DAGs
[2026-03-25T09:31:14.067+0000] {logging_mixin.py:188} INFO - [2026-03-25T09:31:14.067+0000] {dag.py:3954} INFO - Setting next_dagrun for hello_airflow to 2024-03-23 00:00:00+00:00, run_after=2024-03-24 00:00:00+00:00
[2026-03-25T09:31:14.117+0000] {processor.py:183} INFO - Processing /opt/airflow/dags/example.py took 0.352 seconds
[2026-03-25T09:31:44.578+0000] {processor.py:161} INFO - Started process (PID=657) to work on /opt/airflow/dags/example.py
[2026-03-25T09:31:44.591+0000] {processor.py:830} INFO - Processing file /opt/airflow/dags/example.py for tasks to queue
[2026-03-25T09:31:44.613+0000] {logging_mixin.py:188} INFO - [2026-03-25T09:31:44.612+0000] {dagbag.py:545} INFO - Filling up the DagBag from /opt/airflow/dags/example.py
[2026-03-25T09:31:44.687+0000] {processor.py:840} INFO - DAG(s) 'hello_airflow' retrieved from /opt/airflow/dags/example.py
[2026-03-25T09:31:44.759+0000] {logging_mixin.py:188} INFO - [2026-03-25T09:31:44.758+0000] {dag.py:3096} INFO - Sync 1 DAGs
[2026-03-25T09:31:44.823+0000] {logging_mixin.py:188} INFO - [2026-03-25T09:31:44.822+0000] {dag.py:3954} INFO - Setting next_dagrun for hello_airflow to 2024-03-23 00:00:00+00:00, run_after=2024-03-24 00:00:00+00:00
[2026-03-25T09:31:44.888+0000] {processor.py:183} INFO - Processing /opt/airflow/dags/example.py took 0.329 seconds
[2026-03-25T09:32:15.287+0000] {processor.py:161} INFO - Started process (PID=773) to work on /opt/airflow/dags/example.py
[2026-03-25T09:32:15.289+0000] {processor.py:830} INFO - Processing file /opt/airflow/dags/example.py for tasks to queue
[2026-03-25T09:32:15.294+0000] {logging_mixin.py:188} INFO - [2026-03-25T09:32:15.293+0000] {dagbag.py:545} INFO - Filling up the DagBag from /opt/airflow/dags/example.py
[2026-03-25T09:32:15.379+0000] {processor.py:840} INFO - DAG(s) 'hello_airflow' retrieved from /opt/airflow/dags/example.py
[2026-03-25T09:32:15.446+0000] {logging_mixin.py:188} INFO - [2026-03-25T09:32:15.445+0000] {dag.py:3096} INFO - Sync 1 DAGs
[2026-03-25T09:32:15.515+0000] {logging_mixin.py:188} INFO - [2026-03-25T09:32:15.514+0000] {dag.py:3954} INFO - Setting next_dagrun for hello_airflow to 2024-03-23 00:00:00+00:00, run_after=2024-03-24 00:00:00+00:00
[2026-03-25T09:32:15.595+0000] {processor.py:183} INFO - Processing /opt/airflow/dags/example.py took 0.324 seconds
[2026-03-25T09:32:46.559+0000] {processor.py:161} INFO - Started process (PID=917) to work on /opt/airflow/dags/example.py
[2026-03-25T09:32:46.563+0000] {processor.py:830} INFO - Processing file /opt/airflow/dags/example.py for tasks to queue
[2026-03-25T09:32:46.571+0000] {logging_mixin.py:188} INFO - [2026-03-25T09:32:46.570+0000] {dagbag.py:545} INFO - Filling up the DagBag from /opt/airflow/dags/example.py
[2026-03-25T09:32:46.664+0000] {processor.py:840} INFO - DAG(s) 'hello_airflow' retrieved from /opt/airflow/dags/example.py
[2026-03-25T09:32:46.745+0000] {logging_mixin.py:188} INFO - [2026-03-25T09:32:46.745+0000] {dag.py:3096} INFO - Sync 1 DAGs
[2026-03-25T09:32:46.798+0000] {logging_mixin.py:188} INFO - [2026-03-25T09:32:46.797+0000] {dag.py:3954} INFO - Setting next_dagrun for hello_airflow to 2024-03-23 00:00:00+00:00, run_after=2024-03-24 00:00:00+00:00
[2026-03-25T09:32:46.833+0000] {processor.py:183} INFO - Processing /opt/airflow/dags/example.py took 0.290 seconds
[2026-03-25T09:33:16.943+0000] {processor.py:161} INFO - Started process (PID=1016) to work on /opt/airflow/dags/example.py
[2026-03-25T09:33:16.944+0000] {processor.py:830} INFO - Processing file /opt/airflow/dags/example.py for tasks to queue
[2026-03-25T09:33:16.947+0000] {logging_mixin.py:188} INFO - [2026-03-25T09:33:16.946+0000] {dagbag.py:545} INFO - Filling up the DagBag from /opt/airflow/dags/example.py
[2026-03-25T09:33:16.978+0000] {processor.py:840} INFO - DAG(s) 'hello_airflow' retrieved from /opt/airflow/dags/example.py
[2026-03-25T09:33:17.018+0000] {logging_mixin.py:188} INFO - [2026-03-25T09:33:17.017+0000] {dag.py:3096} INFO - Sync 1 DAGs
[2026-03-25T09:33:17.050+0000] {logging_mixin.py:188} INFO - [2026-03-25T09:33:17.049+0000] {dag.py:3954} INFO - Setting next_dagrun for hello_airflow to 2024-03-23 00:00:00+00:00, run_after=2024-03-24 00:00:00+00:00
[2026-03-25T09:33:17.083+0000] {processor.py:183} INFO - Processing /opt/airflow/dags/example.py took 0.149 seconds
[2026-03-25T09:33:47.273+0000] {processor.py:161} INFO - Started process (PID=1149) to work on /opt/airflow/dags/example.py
[2026-03-25T09:33:47.275+0000] {processor.py:830} INFO - Processing file /opt/airflow/dags/example.py for tasks to queue
[2026-03-25T09:33:47.280+0000] {logging_mixin.py:188} INFO - [2026-03-25T09:33:47.279+0000] {dagbag.py:545} INFO - Filling up the DagBag from /opt/airflow/dags/example.py
[2026-03-25T09:33:47.325+0000] {processor.py:840} INFO - DAG(s) 'hello_airflow' retrieved from /opt/airflow/dags/example.py
[2026-03-25T09:33:47.405+0000] {logging_mixin.py:188} INFO - [2026-03-25T09:33:47.405+0000] {dag.py:3096} INFO - Sync 1 DAGs
[2026-03-25T09:33:47.468+0000] {logging_mixin.py:188} INFO - [2026-03-25T09:33:47.467+0000] {dag.py:3954} INFO - Setting next_dagrun for hello_airflow to 2024-03-23 00:00:00+00:00, run_after=2024-03-24 00:00:00+00:00
[2026-03-25T09:33:47.520+0000] {processor.py:183} INFO - Processing /opt/airflow/dags/example.py took 0.259 seconds
[2026-03-25T09:34:17.645+0000] {processor.py:161} INFO - Started process (PID=1261) to work on /opt/airflow/dags/example.py
[2026-03-25T09:34:17.648+0000] {processor.py:830} INFO - Processing file /opt/airflow/dags/example.py for tasks to queue
[2026-03-25T09:34:17.652+0000] {logging_mixin.py:188} INFO - [2026-03-25T09:34:17.652+0000] {dagbag.py:545} INFO - Filling up the DagBag from /opt/airflow/dags/example.py
[2026-03-25T09:34:17.705+0000] {processor.py:840} INFO - DAG(s) 'hello_airflow' retrieved from /opt/airflow/dags/example.py
[2026-03-25T09:34:17.793+0000] {logging_mixin.py:188} INFO - [2026-03-25T09:34:17.793+0000] {dag.py:3096} INFO - Sync 1 DAGs
[2026-03-25T09:34:17.885+0000] {logging_mixin.py:188} INFO - [2026-03-25T09:34:17.885+0000] {dag.py:3954} INFO - Setting next_dagrun for hello_airflow to 2024-03-23 00:00:00+00:00, run_after=2024-03-24 00:00:00+00:00
[2026-03-25T09:34:17.955+0000] {processor.py:183} INFO - Processing /opt/airflow/dags/example.py took 0.326 seconds
[2026-03-25T09:34:48.066+0000] {processor.py:161} INFO - Started process (PID=1392) to work on /opt/airflow/dags/example.py
[2026-03-25T09:34:48.067+0000] {processor.py:830} INFO - Processing file /opt/airflow/dags/example.py for tasks to queue
[2026-03-25T09:34:48.071+0000] {logging_mixin.py:188} INFO - [2026-03-25T09:34:48.070+0000] {dagbag.py:545} INFO - Filling up the DagBag from /opt/airflow/dags/example.py
[2026-03-25T09:34:48.101+0000] {processor.py:840} INFO - DAG(s) 'hello_airflow' retrieved from /opt/airflow/dags/example.py
[2026-03-25T09:34:48.141+0000] {logging_mixin.py:188} INFO - [2026-03-25T09:34:48.141+0000] {dag.py:3096} INFO - Sync 1 DAGs
[2026-03-25T09:34:48.168+0000] {logging_mixin.py:188} INFO - [2026-03-25T09:34:48.167+0000] {dag.py:3954} INFO - Setting next_dagrun for hello_airflow to 2024-03-23 00:00:00+00:00, run_after=2024-03-24 00:00:00+00:00
[2026-03-25T09:34:48.190+0000] {processor.py:183} INFO - Processing /opt/airflow/dags/example.py took 0.132 seconds
[2026-03-25T09:35:18.333+0000] {processor.py:161} INFO - Started process (PID=1502) to work on /opt/airflow/dags/example.py
[2026-03-25T09:35:18.335+0000] {processor.py:830} INFO - Processing file /opt/airflow/dags/example.py for tasks to queue
[2026-03-25T09:35:18.338+0000] {logging_mixin.py:188} INFO - [2026-03-25T09:35:18.337+0000] {dagbag.py:545} INFO - Filling up the DagBag from /opt/airflow/dags/example.py
[2026-03-25T09:35:18.377+0000] {processor.py:840} INFO - DAG(s) 'hello_airflow' retrieved from /opt/airflow/dags/example.py
[2026-03-25T09:35:18.410+0000] {logging_mixin.py:188} INFO - [2026-03-25T09:35:18.410+0000] {dag.py:3096} INFO - Sync 1 DAGs
[2026-03-25T09:35:18.439+0000] {logging_mixin.py:188} INFO - [2026-03-25T09:35:18.438+0000] {dag.py:3954} INFO - Setting next_dagrun for hello_airflow to 2024-03-23 00:00:00+00:00, run_after=2024-03-24 00:00:00+00:00
[2026-03-25T09:35:18.471+0000] {processor.py:183} INFO - Processing /opt/airflow/dags/example.py took 0.146 seconds
[2026-03-25T09:35:49.053+0000] {processor.py:161} INFO - Started process (PID=1532) to work on /opt/airflow/dags/example.py
[2026-03-25T09:35:49.055+0000] {processor.py:830} INFO - Processing file /opt/airflow/dags/example.py for tasks to queue
[2026-03-25T09:35:49.058+0000] {logging_mixin.py:188} INFO - [2026-03-25T09:35:49.057+0000] {dagbag.py:545} INFO - Filling up the DagBag from /opt/airflow/dags/example.py
[2026-03-25T09:35:49.087+0000] {processor.py:840} INFO - DAG(s) 'hello_airflow' retrieved from /opt/airflow/dags/example.py
[2026-03-25T09:35:49.118+0000] {logging_mixin.py:188} INFO - [2026-03-25T09:35:49.117+0000] {dag.py:3096} INFO - Sync 1 DAGs
[2026-03-25T09:35:49.143+0000] {logging_mixin.py:188} INFO - [2026-03-25T09:35:49.142+0000] {dag.py:3954} INFO - Setting next_dagrun for hello_airflow to 2024-03-23 00:00:00+00:00, run_after=2024-03-24 00:00:00+00:00
[2026-03-25T09:35:49.165+0000] {processor.py:183} INFO - Processing /opt/airflow/dags/example.py took 0.120 seconds
[2026-03-25T09:36:19.750+0000] {processor.py:161} INFO - Started process (PID=1558) to work on /opt/airflow/dags/example.py
[2026-03-25T09:36:19.751+0000] {processor.py:830} INFO - Processing file /opt/airflow/dags/example.py for tasks to queue
[2026-03-25T09:36:19.754+0000] {logging_mixin.py:188} INFO - [2026-03-25T09:36:19.753+0000] {dagbag.py:545} INFO - Filling up the DagBag from /opt/airflow/dags/example.py
[2026-03-25T09:36:19.788+0000] {processor.py:840} INFO - DAG(s) 'hello_airflow' retrieved from /opt/airflow/dags/example.py
[2026-03-25T09:36:19.821+0000] {logging_mixin.py:188} INFO - [2026-03-25T09:36:19.821+0000] {dag.py:3096} INFO - Sync 1 DAGs
[2026-03-25T09:36:19.847+0000] {logging_mixin.py:188} INFO - [2026-03-25T09:36:19.847+0000] {dag.py:3954} INFO - Setting next_dagrun for hello_airflow to 2024-03-23 00:00:00+00:00, run_after=2024-03-24 00:00:00+00:00
[2026-03-25T09:36:19.871+0000] {processor.py:183} INFO - Processing /opt/airflow/dags/example.py took 0.128 seconds
[2026-03-25T09:36:50.455+0000] {processor.py:161} INFO - Started process (PID=1584) to work on /opt/airflow/dags/example.py
[2026-03-25T09:36:50.456+0000] {processor.py:830} INFO - Processing file /opt/airflow/dags/example.py for tasks to queue
[2026-03-25T09:36:50.459+0000] {logging_mixin.py:188} INFO - [2026-03-25T09:36:50.459+0000] {dagbag.py:545} INFO - Filling up the DagBag from /opt/airflow/dags/example.py
[2026-03-25T09:36:50.489+0000] {processor.py:840} INFO - DAG(s) 'hello_airflow' retrieved from /opt/airflow/dags/example.py
[2026-03-25T09:36:50.523+0000] {logging_mixin.py:188} INFO - [2026-03-25T09:36:50.522+0000] {dag.py:3096} INFO - Sync 1 DAGs
[2026-03-25T09:36:50.548+0000] {logging_mixin.py:188} INFO - [2026-03-25T09:36:50.547+0000] {dag.py:3954} INFO - Setting next_dagrun for hello_airflow to 2024-03-23 00:00:00+00:00, run_after=2024-03-24 00:00:00+00:00
[2026-03-25T09:36:50.577+0000] {processor.py:183} INFO - Processing /opt/airflow/dags/example.py took 0.132 seconds
[2026-03-25T09:37:21.131+0000] {processor.py:161} INFO - Started process (PID=1610) to work on /opt/airflow/dags/example.py
[2026-03-25T09:37:21.134+0000] {processor.py:830} INFO - Processing file /opt/airflow/dags/example.py for tasks to queue
[2026-03-25T09:37:21.137+0000] {logging_mixin.py:188} INFO - [2026-03-25T09:37:21.136+0000] {dagbag.py:545} INFO - Filling up the DagBag from /opt/airflow/dags/example.py
[2026-03-25T09:37:21.175+0000] {processor.py:840} INFO - DAG(s) 'hello_airflow' retrieved from /opt/airflow/dags/example.py
[2026-03-25T09:37:21.206+0000] {logging_mixin.py:188} INFO - [2026-03-25T09:37:21.205+0000] {dag.py:3096} INFO - Sync 1 DAGs
[2026-03-25T09:37:21.229+0000] {logging_mixin.py:188} INFO - [2026-03-25T09:37:21.229+0000] {dag.py:3954} INFO - Setting next_dagrun for hello_airflow to 2024-03-23 00:00:00+00:00, run_after=2024-03-24 00:00:00+00:00
[2026-03-25T09:37:21.252+0000] {processor.py:183} INFO - Processing /opt/airflow/dags/example.py took 0.131 seconds
[2026-03-25T09:37:51.857+0000] {processor.py:161} INFO - Started process (PID=1636) to work on /opt/airflow/dags/example.py
[2026-03-25T09:37:51.858+0000] {processor.py:830} INFO - Processing file /opt/airflow/dags/example.py for tasks to queue
[2026-03-25T09:37:51.860+0000] {logging_mixin.py:188} INFO - [2026-03-25T09:37:51.860+0000] {dagbag.py:545} INFO - Filling up the DagBag from /opt/airflow/dags/example.py
[2026-03-25T09:37:51.882+0000] {processor.py:840} INFO - DAG(s) 'hello_airflow' retrieved from /opt/airflow/dags/example.py
[2026-03-25T09:37:51.909+0000] {logging_mixin.py:188} INFO - [2026-03-25T09:37:51.909+0000] {dag.py:3096} INFO - Sync 1 DAGs
[2026-03-25T09:37:51.928+0000] {logging_mixin.py:188} INFO - [2026-03-25T09:37:51.928+0000] {dag.py:3954} INFO - Setting next_dagrun for hello_airflow to 2024-03-23 00:00:00+00:00, run_after=2024-03-24 00:00:00+00:00
[2026-03-25T09:37:51.952+0000] {processor.py:183} INFO - Processing /opt/airflow/dags/example.py took 0.103 seconds
[2026-03-25T09:38:22.536+0000] {processor.py:161} INFO - Started process (PID=1662) to work on /opt/airflow/dags/example.py
[2026-03-25T09:38:22.538+0000] {processor.py:830} INFO - Processing file /opt/airflow/dags/example.py for tasks to queue
[2026-03-25T09:38:22.543+0000] {logging_mixin.py:188} INFO - [2026-03-25T09:38:22.542+0000] {dagbag.py:545} INFO - Filling up the DagBag from /opt/airflow/dags/example.py
[2026-03-25T09:38:22.583+0000] {processor.py:840} INFO - DAG(s) 'hello_airflow' retrieved from /opt/airflow/dags/example.py
[2026-03-25T09:38:22.687+0000] {logging_mixin.py:188} INFO - [2026-03-25T09:38:22.687+0000] {dag.py:3096} INFO - Sync 1 DAGs
[2026-03-25T09:38:22.757+0000] {logging_mixin.py:188} INFO - [2026-03-25T09:38:22.756+0000] {dag.py:3954} INFO - Setting next_dagrun for hello_airflow to 2024-03-23 00:00:00+00:00, run_after=2024-03-24 00:00:00+00:00
[2026-03-25T09:38:22.807+0000] {processor.py:183} INFO - Processing /opt/airflow/dags/example.py took 0.280 seconds
[2026-03-25T09:38:53.186+0000] {processor.py:161} INFO - Started process (PID=1690) to work on /opt/airflow/dags/example.py
[2026-03-25T09:38:53.188+0000] {processor.py:830} INFO - Processing file /opt/airflow/dags/example.py for tasks to queue
[2026-03-25T09:38:53.190+0000] {logging_mixin.py:188} INFO - [2026-03-25T09:38:53.189+0000] {dagbag.py:545} INFO - Filling up the DagBag from /opt/airflow/dags/example.py
[2026-03-25T09:38:53.215+0000] {processor.py:840} INFO - DAG(s) 'hello_airflow' retrieved from /opt/airflow/dags/example.py
[2026-03-25T09:38:53.249+0000] {logging_mixin.py:188} INFO - [2026-03-25T09:38:53.248+0000] {dag.py:3096} INFO - Sync 1 DAGs
[2026-03-25T09:38:53.273+0000] {logging_mixin.py:188} INFO - [2026-03-25T09:38:53.273+0000] {dag.py:3954} INFO - Setting next_dagrun for hello_airflow to 2024-03-23 00:00:00+00:00, run_after=2024-03-24 00:00:00+00:00
[2026-03-25T09:38:53.297+0000] {processor.py:183} INFO - Processing /opt/airflow/dags/example.py took 0.118 seconds
[2026-03-25T09:39:23.934+0000] {processor.py:161} INFO - Started process (PID=1716) to work on /opt/airflow/dags/example.py
[2026-03-25T09:39:23.936+0000] {processor.py:830} INFO - Processing file /opt/airflow/dags/example.py for tasks to queue
[2026-03-25T09:39:23.939+0000] {logging_mixin.py:188} INFO - [2026-03-25T09:39:23.938+0000] {dagbag.py:545} INFO - Filling up the DagBag from /opt/airflow/dags/example.py
[2026-03-25T09:39:23.975+0000] {processor.py:840} INFO - DAG(s) 'hello_airflow' retrieved from /opt/airflow/dags/example.py
[2026-03-25T09:39:24.018+0000] {logging_mixin.py:188} INFO - [2026-03-25T09:39:24.018+0000] {dag.py:3096} INFO - Sync 1 DAGs
[2026-03-25T09:39:24.049+0000] {logging_mixin.py:188} INFO - [2026-03-25T09:39:24.049+0000] {dag.py:3954} INFO - Setting next_dagrun for hello_airflow to 2024-03-23 00:00:00+00:00, run_after=2024-03-24 00:00:00+00:00
[2026-03-25T09:39:24.082+0000] {processor.py:183} INFO - Processing /opt/airflow/dags/example.py took 0.156 seconds
[2026-03-25T09:39:54.960+0000] {processor.py:161} INFO - Started process (PID=1742) to work on /opt/airflow/dags/example.py
[2026-03-25T09:39:54.961+0000] {processor.py:830} INFO - Processing file /opt/airflow/dags/example.py for tasks to queue
[2026-03-25T09:39:54.963+0000] {logging_mixin.py:188} INFO - [2026-03-25T09:39:54.963+0000] {dagbag.py:545} INFO - Filling up the DagBag from /opt/airflow/dags/example.py
[2026-03-25T09:39:54.990+0000] {processor.py:840} INFO - DAG(s) 'hello_airflow' retrieved from /opt/airflow/dags/example.py
[2026-03-25T09:39:55.020+0000] {logging_mixin.py:188} INFO - [2026-03-25T09:39:55.020+0000] {dag.py:3096} INFO - Sync 1 DAGs
[2026-03-25T09:39:55.040+0000] {logging_mixin.py:188} INFO - [2026-03-25T09:39:55.040+0000] {dag.py:3954} INFO - Setting next_dagrun for hello_airflow to 2024-03-23 00:00:00+00:00, run_after=2024-03-24 00:00:00+00:00
[2026-03-25T09:39:55.067+0000] {processor.py:183} INFO - Processing /opt/airflow/dags/example.py took 0.113 seconds
[2026-03-25T09:40:25.611+0000] {processor.py:161} INFO - Started process (PID=1768) to work on /opt/airflow/dags/example.py
[2026-03-25T09:40:25.612+0000] {processor.py:830} INFO - Processing file /opt/airflow/dags/example.py for tasks to queue
[2026-03-25T09:40:25.616+0000] {logging_mixin.py:188} INFO - [2026-03-25T09:40:25.615+0000] {dagbag.py:545} INFO - Filling up the DagBag from /opt/airflow/dags/example.py
[2026-03-25T09:40:25.646+0000] {processor.py:840} INFO - DAG(s) 'hello_airflow' retrieved from /opt/airflow/dags/example.py
[2026-03-25T09:40:25.689+0000] {logging_mixin.py:188} INFO - [2026-03-25T09:40:25.689+0000] {dag.py:3096} INFO - Sync 1 DAGs
[2026-03-25T09:40:25.751+0000] {logging_mixin.py:188} INFO - [2026-03-25T09:40:25.751+0000] {dag.py:3954} INFO - Setting next_dagrun for hello_airflow to 2024-03-23 00:00:00+00:00, run_after=2024-03-24 00:00:00+00:00
[2026-03-25T09:40:25.782+0000] {processor.py:183} INFO - Processing /opt/airflow/dags/example.py took 0.189 seconds
[2026-03-25T09:40:56.323+0000] {processor.py:161} INFO - Started process (PID=1794) to work on /opt/airflow/dags/example.py
[2026-03-25T09:40:56.324+0000] {processor.py:830} INFO - Processing file /opt/airflow/dags/example.py for tasks to queue
[2026-03-25T09:40:56.326+0000] {logging_mixin.py:188} INFO - [2026-03-25T09:40:56.325+0000] {dagbag.py:545} INFO - Filling up the DagBag from /opt/airflow/dags/example.py
[2026-03-25T09:40:56.353+0000] {processor.py:840} INFO - DAG(s) 'hello_airflow' retrieved from /opt/airflow/dags/example.py
[2026-03-25T09:40:56.385+0000] {logging_mixin.py:188} INFO - [2026-03-25T09:40:56.385+0000] {dag.py:3096} INFO - Sync 1 DAGs
[2026-03-25T09:40:56.408+0000] {logging_mixin.py:188} INFO - [2026-03-25T09:40:56.408+0000] {dag.py:3954} INFO - Setting next_dagrun for hello_airflow to 2024-03-23 00:00:00+00:00, run_after=2024-03-24 00:00:00+00:00
[2026-03-25T09:40:56.437+0000] {processor.py:183} INFO - Processing /opt/airflow/dags/example.py took 0.120 seconds
[2026-03-25T09:41:27.130+0000] {processor.py:161} INFO - Started process (PID=1820) to work on /opt/airflow/dags/example.py
[2026-03-25T09:41:27.133+0000] {processor.py:830} INFO - Processing file /opt/airflow/dags/example.py for tasks to queue
[2026-03-25T09:41:27.136+0000] {logging_mixin.py:188} INFO - [2026-03-25T09:41:27.135+0000] {dagbag.py:545} INFO - Filling up the DagBag from /opt/airflow/dags/example.py
[2026-03-25T09:41:27.167+0000] {processor.py:840} INFO - DAG(s) 'hello_airflow' retrieved from /opt/airflow/dags/example.py
[2026-03-25T09:41:27.209+0000] {logging_mixin.py:188} INFO - [2026-03-25T09:41:27.208+0000] {dag.py:3096} INFO - Sync 1 DAGs
[2026-03-25T09:41:27.247+0000] {logging_mixin.py:188} INFO - [2026-03-25T09:41:27.246+0000] {dag.py:3954} INFO - Setting next_dagrun for hello_airflow to 2024-03-23 00:00:00+00:00, run_after=2024-03-24 00:00:00+00:00
[2026-03-25T09:41:27.276+0000] {processor.py:183} INFO - Processing /opt/airflow/dags/example.py took 0.157 seconds
[2026-03-25T09:41:57.944+0000] {processor.py:161} INFO - Started process (PID=1846) to work on /opt/airflow/dags/example.py
[2026-03-25T09:41:57.945+0000] {processor.py:830} INFO - Processing file /opt/airflow/dags/example.py for tasks to queue
[2026-03-25T09:41:57.947+0000] {logging_mixin.py:188} INFO - [2026-03-25T09:41:57.947+0000] {dagbag.py:545} INFO - Filling up the DagBag from /opt/airflow/dags/example.py
[2026-03-25T09:41:57.968+0000] {processor.py:840} INFO - DAG(s) 'hello_airflow' retrieved from /opt/airflow/dags/example.py
[2026-03-25T09:41:57.995+0000] {logging_mixin.py:188} INFO - [2026-03-25T09:41:57.995+0000] {dag.py:3096} INFO - Sync 1 DAGs
[2026-03-25T09:41:58.016+0000] {logging_mixin.py:188} INFO - [2026-03-25T09:41:58.016+0000] {dag.py:3954} INFO - Setting next_dagrun for hello_airflow to 2024-03-23 00:00:00+00:00, run_after=2024-03-24 00:00:00+00:00
[2026-03-25T09:41:58.042+0000] {processor.py:183} INFO - Processing /opt/airflow/dags/example.py took 0.105 seconds
[2026-03-25T09:42:28.620+0000] {processor.py:161} INFO - Started process (PID=1872) to work on /opt/airflow/dags/example.py
[2026-03-25T09:42:28.621+0000] {processor.py:830} INFO - Processing file /opt/airflow/dags/example.py for tasks to queue
[2026-03-25T09:42:28.625+0000] {logging_mixin.py:188} INFO - [2026-03-25T09:42:28.624+0000] {dagbag.py:545} INFO - Filling up the DagBag from /opt/airflow/dags/example.py
[2026-03-25T09:42:28.663+0000] {processor.py:840} INFO - DAG(s) 'hello_airflow' retrieved from /opt/airflow/dags/example.py
[2026-03-25T09:42:28.702+0000] {logging_mixin.py:188} INFO - [2026-03-25T09:42:28.702+0000] {dag.py:3096} INFO - Sync 1 DAGs
[2026-03-25T09:42:28.739+0000] {logging_mixin.py:188} INFO - [2026-03-25T09:42:28.739+0000] {dag.py:3954} INFO - Setting next_dagrun for hello_airflow to 2024-03-23 00:00:00+00:00, run_after=2024-03-24 00:00:00+00:00
[2026-03-25T09:42:28.775+0000] {processor.py:183} INFO - Processing /opt/airflow/dags/example.py took 0.165 seconds
[2026-03-25T09:42:59.521+0000] {processor.py:161} INFO - Started process (PID=1898) to work on /opt/airflow/dags/example.py
[2026-03-25T09:42:59.522+0000] {processor.py:830} INFO - Processing file /opt/airflow/dags/example.py for tasks to queue
[2026-03-25T09:42:59.524+0000] {logging_mixin.py:188} INFO - [2026-03-25T09:42:59.524+0000] {dagbag.py:545} INFO - Filling up the DagBag from /opt/airflow/dags/example.py
[2026-03-25T09:42:59.557+0000] {processor.py:840} INFO - DAG(s) 'hello_airflow' retrieved from /opt/airflow/dags/example.py
[2026-03-25T09:42:59.593+0000] {logging_mixin.py:188} INFO - [2026-03-25T09:42:59.592+0000] {dag.py:3096} INFO - Sync 1 DAGs
[2026-03-25T09:42:59.616+0000] {logging_mixin.py:188} INFO - [2026-03-25T09:42:59.616+0000] {dag.py:3954} INFO - Setting next_dagrun for hello_airflow to 2024-03-23 00:00:00+00:00, run_after=2024-03-24 00:00:00+00:00
[2026-03-25T09:42:59.640+0000] {processor.py:183} INFO - Processing /opt/airflow/dags/example.py took 0.127 seconds
[2026-03-25T09:43:30.179+0000] {processor.py:161} INFO - Started process (PID=1924) to work on /opt/airflow/dags/example.py
[2026-03-25T09:43:30.180+0000] {processor.py:830} INFO - Processing file /opt/airflow/dags/example.py for tasks to queue
[2026-03-25T09:43:30.183+0000] {logging_mixin.py:188} INFO - [2026-03-25T09:43:30.182+0000] {dagbag.py:545} INFO - Filling up the DagBag from /opt/airflow/dags/example.py
[2026-03-25T09:43:30.214+0000] {processor.py:840} INFO - DAG(s) 'hello_airflow' retrieved from /opt/airflow/dags/example.py
[2026-03-25T09:43:30.245+0000] {logging_mixin.py:188} INFO - [2026-03-25T09:43:30.244+0000] {dag.py:3096} INFO - Sync 1 DAGs
[2026-03-25T09:43:30.266+0000] {logging_mixin.py:188} INFO - [2026-03-25T09:43:30.266+0000] {dag.py:3954} INFO - Setting next_dagrun for hello_airflow to 2024-03-23 00:00:00+00:00, run_after=2024-03-24 00:00:00+00:00
[2026-03-25T09:43:30.292+0000] {processor.py:183} INFO - Processing /opt/airflow/dags/example.py took 0.120 seconds
[2026-03-25T09:44:00.914+0000] {processor.py:161} INFO - Started process (PID=1950) to work on /opt/airflow/dags/example.py
[2026-03-25T09:44:00.915+0000] {processor.py:830} INFO - Processing file /opt/airflow/dags/example.py for tasks to queue
[2026-03-25T09:44:00.918+0000] {logging_mixin.py:188} INFO - [2026-03-25T09:44:00.917+0000] {dagbag.py:545} INFO - Filling up the DagBag from /opt/airflow/dags/example.py
[2026-03-25T09:44:00.952+0000] {processor.py:840} INFO - DAG(s) 'hello_airflow' retrieved from /opt/airflow/dags/example.py
[2026-03-25T09:44:00.985+0000] {logging_mixin.py:188} INFO - [2026-03-25T09:44:00.984+0000] {dag.py:3096} INFO - Sync 1 DAGs
[2026-03-25T09:44:01.011+0000] {logging_mixin.py:188} INFO - [2026-03-25T09:44:01.010+0000] {dag.py:3954} INFO - Setting next_dagrun for hello_airflow to 2024-03-23 00:00:00+00:00, run_after=2024-03-24 00:00:00+00:00
[2026-03-25T09:44:01.036+0000] {processor.py:183} INFO - Processing /opt/airflow/dags/example.py took 0.129 seconds
[2026-03-25T09:44:31.614+0000] {processor.py:161} INFO - Started process (PID=1976) to work on /opt/airflow/dags/example.py
[2026-03-25T09:44:31.616+0000] {processor.py:830} INFO - Processing file /opt/airflow/dags/example.py for tasks to queue
[2026-03-25T09:44:31.618+0000] {logging_mixin.py:188} INFO - [2026-03-25T09:44:31.618+0000] {dagbag.py:545} INFO - Filling up the DagBag from /opt/airflow/dags/example.py
[2026-03-25T09:44:31.648+0000] {processor.py:840} INFO - DAG(s) 'hello_airflow' retrieved from /opt/airflow/dags/example.py
[2026-03-25T09:44:31.678+0000] {logging_mixin.py:188} INFO - [2026-03-25T09:44:31.678+0000] {dag.py:3096} INFO - Sync 1 DAGs
[2026-03-25T09:44:31.702+0000] {logging_mixin.py:188} INFO - [2026-03-25T09:44:31.702+0000] {dag.py:3954} INFO - Setting next_dagrun for hello_airflow to 2024-03-23 00:00:00+00:00, run_after=2024-03-24 00:00:00+00:00
[2026-03-25T09:44:31.729+0000] {processor.py:183} INFO - Processing /opt/airflow/dags/example.py took 0.121 seconds
[2026-03-25T09:45:02.622+0000] {processor.py:161} INFO - Started process (PID=2002) to work on /opt/airflow/dags/example.py
[2026-03-25T09:45:02.623+0000] {processor.py:830} INFO - Processing file /opt/airflow/dags/example.py for tasks to queue
[2026-03-25T09:45:02.626+0000] {logging_mixin.py:188} INFO - [2026-03-25T09:45:02.625+0000] {dagbag.py:545} INFO - Filling up the DagBag from /opt/airflow/dags/example.py
[2026-03-25T09:45:02.653+0000] {processor.py:840} INFO - DAG(s) 'hello_airflow' retrieved from /opt/airflow/dags/example.py
[2026-03-25T09:45:02.683+0000] {logging_mixin.py:188} INFO - [2026-03-25T09:45:02.683+0000] {dag.py:3096} INFO - Sync 1 DAGs
[2026-03-25T09:45:02.707+0000] {logging_mixin.py:188} INFO - [2026-03-25T09:45:02.707+0000] {dag.py:3954} INFO - Setting next_dagrun for hello_airflow to 2024-03-23 00:00:00+00:00, run_after=2024-03-24 00:00:00+00:00
[2026-03-25T09:45:02.740+0000] {processor.py:183} INFO - Processing /opt/airflow/dags/example.py took 0.125 seconds
[2026-03-25T09:45:33.275+0000] {processor.py:161} INFO - Started process (PID=2028) to work on /opt/airflow/dags/example.py
[2026-03-25T09:45:33.277+0000] {processor.py:830} INFO - Processing file /opt/airflow/dags/example.py for tasks to queue
[2026-03-25T09:45:33.279+0000] {logging_mixin.py:188} INFO - [2026-03-25T09:45:33.279+0000] {dagbag.py:545} INFO - Filling up the DagBag from /opt/airflow/dags/example.py
[2026-03-25T09:45:33.312+0000] {processor.py:840} INFO - DAG(s) 'hello_airflow' retrieved from /opt/airflow/dags/example.py
[2026-03-25T09:45:33.345+0000] {logging_mixin.py:188} INFO - [2026-03-25T09:45:33.345+0000] {dag.py:3096} INFO - Sync 1 DAGs
[2026-03-25T09:45:33.368+0000] {logging_mixin.py:188} INFO - [2026-03-25T09:45:33.368+0000] {dag.py:3954} INFO - Setting next_dagrun for hello_airflow to 2024-03-23 00:00:00+00:00, run_after=2024-03-24 00:00:00+00:00
[2026-03-25T09:45:33.393+0000] {processor.py:183} INFO - Processing /opt/airflow/dags/example.py took 0.125 seconds
[2026-03-25T09:46:04.033+0000] {processor.py:161} INFO - Started process (PID=2054) to work on /opt/airflow/dags/example.py
[2026-03-25T09:46:04.035+0000] {processor.py:830} INFO - Processing file /opt/airflow/dags/example.py for tasks to queue
[2026-03-25T09:46:04.038+0000] {logging_mixin.py:188} INFO - [2026-03-25T09:46:04.038+0000] {dagbag.py:545} INFO - Filling up the DagBag from /opt/airflow/dags/example.py
[2026-03-25T09:46:04.076+0000] {processor.py:840} INFO - DAG(s) 'hello_airflow' retrieved from /opt/airflow/dags/example.py
[2026-03-25T09:46:04.106+0000] {logging_mixin.py:188} INFO - [2026-03-25T09:46:04.105+0000] {dag.py:3096} INFO - Sync 1 DAGs
[2026-03-25T09:46:04.128+0000] {logging_mixin.py:188} INFO - [2026-03-25T09:46:04.128+0000] {dag.py:3954} INFO - Setting next_dagrun for hello_airflow to 2024-03-23 00:00:00+00:00, run_after=2024-03-24 00:00:00+00:00
[2026-03-25T09:46:04.155+0000] {processor.py:183} INFO - Processing /opt/airflow/dags/example.py took 0.129 seconds
[2026-03-25T09:46:34.717+0000] {processor.py:161} INFO - Started process (PID=2080) to work on /opt/airflow/dags/example.py
[2026-03-25T09:46:34.719+0000] {processor.py:830} INFO - Processing file /opt/airflow/dags/example.py for tasks to queue
[2026-03-25T09:46:34.721+0000] {logging_mixin.py:188} INFO - [2026-03-25T09:46:34.721+0000] {dagbag.py:545} INFO - Filling up the DagBag from /opt/airflow/dags/example.py
[2026-03-25T09:46:34.746+0000] {processor.py:840} INFO - DAG(s) 'hello_airflow' retrieved from /opt/airflow/dags/example.py
[2026-03-25T09:46:34.779+0000] {logging_mixin.py:188} INFO - [2026-03-25T09:46:34.779+0000] {dag.py:3096} INFO - Sync 1 DAGs
[2026-03-25T09:46:34.801+0000] {logging_mixin.py:188} INFO - [2026-03-25T09:46:34.801+0000] {dag.py:3954} INFO - Setting next_dagrun for hello_airflow to 2024-03-23 00:00:00+00:00, run_after=2024-03-24 00:00:00+00:00
[2026-03-25T09:46:34.828+0000] {processor.py:183} INFO - Processing /opt/airflow/dags/example.py took 0.118 seconds
[2026-03-25T09:47:05.498+0000] {processor.py:161} INFO - Started process (PID=2107) to work on /opt/airflow/dags/example.py
[2026-03-25T09:47:05.500+0000] {processor.py:830} INFO - Processing file /opt/airflow/dags/example.py for tasks to queue
[2026-03-25T09:47:05.504+0000] {logging_mixin.py:188} INFO - [2026-03-25T09:47:05.504+0000] {dagbag.py:545} INFO - Filling up the DagBag from /opt/airflow/dags/example.py
[2026-03-25T09:47:05.531+0000] {processor.py:840} INFO - DAG(s) 'hello_airflow' retrieved from /opt/airflow/dags/example.py
[2026-03-25T09:47:05.560+0000] {logging_mixin.py:188} INFO - [2026-03-25T09:47:05.560+0000] {dag.py:3096} INFO - Sync 1 DAGs
[2026-03-25T09:47:05.584+0000] {logging_mixin.py:188} INFO - [2026-03-25T09:47:05.584+0000] {dag.py:3954} INFO - Setting next_dagrun for hello_airflow to 2024-03-23 00:00:00+00:00, run_after=2024-03-24 00:00:00+00:00
[2026-03-25T09:47:05.613+0000] {processor.py:183} INFO - Processing /opt/airflow/dags/example.py took 0.124 seconds
[2026-03-25T09:48:18.189+0000] {processor.py:161} INFO - Started process (PID=192) to work on /opt/airflow/dags/example.py
[2026-03-25T09:48:18.191+0000] {processor.py:830} INFO - Processing file /opt/airflow/dags/example.py for tasks to queue
[2026-03-25T09:48:18.194+0000] {logging_mixin.py:188} INFO - [2026-03-25T09:48:18.194+0000] {dagbag.py:545} INFO - Filling up the DagBag from /opt/airflow/dags/example.py
[2026-03-25T09:48:18.236+0000] {processor.py:840} INFO - DAG(s) 'hello_airflow' retrieved from /opt/airflow/dags/example.py
[2026-03-25T09:48:18.635+0000] {logging_mixin.py:188} INFO - [2026-03-25T09:48:18.635+0000] {dag.py:3096} INFO - Sync 1 DAGs
[2026-03-25T09:48:18.667+0000] {logging_mixin.py:188} INFO - [2026-03-25T09:48:18.666+0000] {dag.py:3954} INFO - Setting next_dagrun for hello_airflow to 2024-03-23 00:00:00+00:00, run_after=2024-03-24 00:00:00+00:00
[2026-03-25T09:48:18.702+0000] {processor.py:183} INFO - Processing /opt/airflow/dags/example.py took 0.524 seconds
[2026-03-25T09:48:49.017+0000] {processor.py:161} INFO - Started process (PID=222) to work on /opt/airflow/dags/example.py
[2026-03-25T09:48:49.019+0000] {processor.py:830} INFO - Processing file /opt/airflow/dags/example.py for tasks to queue
[2026-03-25T09:48:49.021+0000] {logging_mixin.py:188} INFO - [2026-03-25T09:48:49.021+0000] {dagbag.py:545} INFO - Filling up the DagBag from /opt/airflow/dags/example.py
[2026-03-25T09:48:49.067+0000] {processor.py:840} INFO - DAG(s) 'hello_airflow' retrieved from /opt/airflow/dags/example.py
[2026-03-25T09:48:49.099+0000] {logging_mixin.py:188} INFO - [2026-03-25T09:48:49.098+0000] {dag.py:3096} INFO - Sync 1 DAGs
[2026-03-25T09:48:49.121+0000] {logging_mixin.py:188} INFO - [2026-03-25T09:48:49.121+0000] {dag.py:3954} INFO - Setting next_dagrun for hello_airflow to 2024-03-23 00:00:00+00:00, run_after=2024-03-24 00:00:00+00:00
[2026-03-25T09:48:49.146+0000] {processor.py:183} INFO - Processing /opt/airflow/dags/example.py took 0.135 seconds
[2026-03-25T09:49:19.543+0000] {processor.py:161} INFO - Started process (PID=246) to work on /opt/airflow/dags/example.py
[2026-03-25T09:49:19.544+0000] {processor.py:830} INFO - Processing file /opt/airflow/dags/example.py for tasks to queue
[2026-03-25T09:49:19.547+0000] {logging_mixin.py:188} INFO - [2026-03-25T09:49:19.547+0000] {dagbag.py:545} INFO - Filling up the DagBag from /opt/airflow/dags/example.py
[2026-03-25T09:49:19.590+0000] {processor.py:840} INFO - DAG(s) 'hello_airflow' retrieved from /opt/airflow/dags/example.py
[2026-03-25T09:49:19.625+0000] {logging_mixin.py:188} INFO - [2026-03-25T09:49:19.625+0000] {dag.py:3096} INFO - Sync 1 DAGs
[2026-03-25T09:49:19.651+0000] {logging_mixin.py:188} INFO - [2026-03-25T09:49:19.650+0000] {dag.py:3954} INFO - Setting next_dagrun for hello_airflow to 2024-03-23 00:00:00+00:00, run_after=2024-03-24 00:00:00+00:00
[2026-03-25T09:49:19.675+0000] {processor.py:183} INFO - Processing /opt/airflow/dags/example.py took 0.138 seconds
[2026-03-25T09:49:50.244+0000] {processor.py:161} INFO - Started process (PID=278) to work on /opt/airflow/dags/example.py
[2026-03-25T09:49:50.246+0000] {processor.py:830} INFO - Processing file /opt/airflow/dags/example.py for tasks to queue
[2026-03-25T09:49:50.250+0000] {logging_mixin.py:188} INFO - [2026-03-25T09:49:50.249+0000] {dagbag.py:545} INFO - Filling up the DagBag from /opt/airflow/dags/example.py
[2026-03-25T09:49:50.283+0000] {processor.py:840} INFO - DAG(s) 'hello_airflow' retrieved from /opt/airflow/dags/example.py
[2026-03-25T09:49:50.320+0000] {logging_mixin.py:188} INFO - [2026-03-25T09:49:50.320+0000] {dag.py:3096} INFO - Sync 1 DAGs
[2026-03-25T09:49:50.345+0000] {logging_mixin.py:188} INFO - [2026-03-25T09:49:50.345+0000] {dag.py:3954} INFO - Setting next_dagrun for hello_airflow to 2024-03-23 00:00:00+00:00, run_after=2024-03-24 00:00:00+00:00
[2026-03-25T09:49:50.368+0000] {processor.py:183} INFO - Processing /opt/airflow/dags/example.py took 0.135 seconds
[2026-03-25T09:50:20.942+0000] {processor.py:161} INFO - Started process (PID=304) to work on /opt/airflow/dags/example.py
[2026-03-25T09:50:20.944+0000] {processor.py:830} INFO - Processing file /opt/airflow/dags/example.py for tasks to queue
[2026-03-25T09:50:20.947+0000] {logging_mixin.py:188} INFO - [2026-03-25T09:50:20.947+0000] {dagbag.py:545} INFO - Filling up the DagBag from /opt/airflow/dags/example.py
[2026-03-25T09:50:20.988+0000] {processor.py:840} INFO - DAG(s) 'hello_airflow' retrieved from /opt/airflow/dags/example.py
[2026-03-25T09:50:21.020+0000] {logging_mixin.py:188} INFO - [2026-03-25T09:50:21.020+0000] {dag.py:3096} INFO - Sync 1 DAGs
[2026-03-25T09:50:21.040+0000] {logging_mixin.py:188} INFO - [2026-03-25T09:50:21.039+0000] {dag.py:3954} INFO - Setting next_dagrun for hello_airflow to 2024-03-23 00:00:00+00:00, run_after=2024-03-24 00:00:00+00:00
[2026-03-25T09:50:21.063+0000] {processor.py:183} INFO - Processing /opt/airflow/dags/example.py took 0.128 seconds
[2026-03-25T09:50:51.798+0000] {processor.py:161} INFO - Started process (PID=334) to work on /opt/airflow/dags/example.py
[2026-03-25T09:50:51.799+0000] {processor.py:830} INFO - Processing file /opt/airflow/dags/example.py for tasks to queue
[2026-03-25T09:50:51.802+0000] {logging_mixin.py:188} INFO - [2026-03-25T09:50:51.802+0000] {dagbag.py:545} INFO - Filling up the DagBag from /opt/airflow/dags/example.py
[2026-03-25T09:50:51.833+0000] {processor.py:840} INFO - DAG(s) 'hello_airflow' retrieved from /opt/airflow/dags/example.py
[2026-03-25T09:50:51.869+0000] {logging_mixin.py:188} INFO - [2026-03-25T09:50:51.869+0000] {dag.py:3096} INFO - Sync 1 DAGs
[2026-03-25T09:50:51.895+0000] {logging_mixin.py:188} INFO - [2026-03-25T09:50:51.895+0000] {dag.py:3954} INFO - Setting next_dagrun for hello_airflow to 2024-03-23 00:00:00+00:00, run_after=2024-03-24 00:00:00+00:00
[2026-03-25T09:50:51.924+0000] {processor.py:183} INFO - Processing /opt/airflow/dags/example.py took 0.135 seconds
[2026-03-25T09:51:22.520+0000] {processor.py:161} INFO - Started process (PID=358) to work on /opt/airflow/dags/example.py
[2026-03-25T09:51:22.523+0000] {processor.py:830} INFO - Processing file /opt/airflow/dags/example.py for tasks to queue
[2026-03-25T09:51:22.528+0000] {logging_mixin.py:188} INFO - [2026-03-25T09:51:22.528+0000] {dagbag.py:545} INFO - Filling up the DagBag from /opt/airflow/dags/example.py
[2026-03-25T09:51:22.565+0000] {processor.py:840} INFO - DAG(s) 'hello_airflow' retrieved from /opt/airflow/dags/example.py
[2026-03-25T09:51:22.629+0000] {logging_mixin.py:188} INFO - [2026-03-25T09:51:22.628+0000] {dag.py:3096} INFO - Sync 1 DAGs
[2026-03-25T09:51:22.675+0000] {logging_mixin.py:188} INFO - [2026-03-25T09:51:22.675+0000] {dag.py:3954} INFO - Setting next_dagrun for hello_airflow to 2024-03-23 00:00:00+00:00, run_after=2024-03-24 00:00:00+00:00
[2026-03-25T09:51:22.721+0000] {processor.py:183} INFO - Processing /opt/airflow/dags/example.py took 0.211 seconds
[2026-03-25T09:51:53.367+0000] {processor.py:161} INFO - Started process (PID=386) to work on /opt/airflow/dags/example.py
[2026-03-25T09:51:53.369+0000] {processor.py:830} INFO - Processing file /opt/airflow/dags/example.py for tasks to queue
[2026-03-25T09:51:53.373+0000] {logging_mixin.py:188} INFO - [2026-03-25T09:51:53.372+0000] {dagbag.py:545} INFO - Filling up the DagBag from /opt/airflow/dags/example.py
[2026-03-25T09:51:53.404+0000] {processor.py:840} INFO - DAG(s) 'hello_airflow' retrieved from /opt/airflow/dags/example.py
[2026-03-25T09:51:53.442+0000] {logging_mixin.py:188} INFO - [2026-03-25T09:51:53.441+0000] {dag.py:3096} INFO - Sync 1 DAGs
[2026-03-25T09:51:53.469+0000] {logging_mixin.py:188} INFO - [2026-03-25T09:51:53.469+0000] {dag.py:3954} INFO - Setting next_dagrun for hello_airflow to 2024-03-23 00:00:00+00:00, run_after=2024-03-24 00:00:00+00:00
[2026-03-25T09:51:53.490+0000] {processor.py:183} INFO - Processing /opt/airflow/dags/example.py took 0.132 seconds
[2026-03-25T09:52:24.062+0000] {processor.py:161} INFO - Started process (PID=412) to work on /opt/airflow/dags/example.py
[2026-03-25T09:52:24.064+0000] {processor.py:830} INFO - Processing file /opt/airflow/dags/example.py for tasks to queue
[2026-03-25T09:52:24.068+0000] {logging_mixin.py:188} INFO - [2026-03-25T09:52:24.067+0000] {dagbag.py:545} INFO - Filling up the DagBag from /opt/airflow/dags/example.py
[2026-03-25T09:52:24.096+0000] {processor.py:840} INFO - DAG(s) 'hello_airflow' retrieved from /opt/airflow/dags/example.py
[2026-03-25T09:52:24.139+0000] {logging_mixin.py:188} INFO - [2026-03-25T09:52:24.139+0000] {dag.py:3096} INFO - Sync 1 DAGs
[2026-03-25T09:52:24.163+0000] {logging_mixin.py:188} INFO - [2026-03-25T09:52:24.162+0000] {dag.py:3954} INFO - Setting next_dagrun for hello_airflow to 2024-03-23 00:00:00+00:00, run_after=2024-03-24 00:00:00+00:00
[2026-03-25T09:52:24.183+0000] {processor.py:183} INFO - Processing /opt/airflow/dags/example.py took 0.131 seconds
[2026-03-25T09:52:54.808+0000] {processor.py:161} INFO - Started process (PID=438) to work on /opt/airflow/dags/example.py
[2026-03-25T09:52:54.810+0000] {processor.py:830} INFO - Processing file /opt/airflow/dags/example.py for tasks to queue
[2026-03-25T09:52:54.813+0000] {logging_mixin.py:188} INFO - [2026-03-25T09:52:54.813+0000] {dagbag.py:545} INFO - Filling up the DagBag from /opt/airflow/dags/example.py
[2026-03-25T09:52:54.845+0000] {processor.py:840} INFO - DAG(s) 'hello_airflow' retrieved from /opt/airflow/dags/example.py
[2026-03-25T09:52:54.884+0000] {logging_mixin.py:188} INFO - [2026-03-25T09:52:54.884+0000] {dag.py:3096} INFO - Sync 1 DAGs
[2026-03-25T09:52:54.911+0000] {logging_mixin.py:188} INFO - [2026-03-25T09:52:54.911+0000] {dag.py:3954} INFO - Setting next_dagrun for hello_airflow to 2024-03-23 00:00:00+00:00, run_after=2024-03-24 00:00:00+00:00
[2026-03-25T09:52:54.937+0000] {processor.py:183} INFO - Processing /opt/airflow/dags/example.py took 0.138 seconds
[2026-03-25T09:53:25.587+0000] {processor.py:161} INFO - Started process (PID=464) to work on /opt/airflow/dags/example.py
[2026-03-25T09:53:25.589+0000] {processor.py:830} INFO - Processing file /opt/airflow/dags/example.py for tasks to queue
[2026-03-25T09:53:25.591+0000] {logging_mixin.py:188} INFO - [2026-03-25T09:53:25.591+0000] {dagbag.py:545} INFO - Filling up the DagBag from /opt/airflow/dags/example.py
[2026-03-25T09:53:25.616+0000] {processor.py:840} INFO - DAG(s) 'hello_airflow' retrieved from /opt/airflow/dags/example.py
[2026-03-25T09:53:25.650+0000] {logging_mixin.py:188} INFO - [2026-03-25T09:53:25.650+0000] {dag.py:3096} INFO - Sync 1 DAGs
[2026-03-25T09:53:25.674+0000] {logging_mixin.py:188} INFO - [2026-03-25T09:53:25.674+0000] {dag.py:3954} INFO - Setting next_dagrun for hello_airflow to 2024-03-23 00:00:00+00:00, run_after=2024-03-24 00:00:00+00:00
[2026-03-25T09:53:25.696+0000] {processor.py:183} INFO - Processing /opt/airflow/dags/example.py took 0.117 seconds
[2026-03-25T10:18:44.802+0000] {processor.py:161} INFO - Started process (PID=194) to work on /opt/airflow/dags/example.py
[2026-03-25T10:18:44.804+0000] {processor.py:830} INFO - Processing file /opt/airflow/dags/example.py for tasks to queue
[2026-03-25T10:18:44.807+0000] {logging_mixin.py:188} INFO - [2026-03-25T10:18:44.807+0000] {dagbag.py:545} INFO - Filling up the DagBag from /opt/airflow/dags/example.py
[2026-03-25T10:18:44.853+0000] {processor.py:840} INFO - DAG(s) 'hello_airflow' retrieved from /opt/airflow/dags/example.py
[2026-03-25T10:18:45.133+0000] {logging_mixin.py:188} INFO - [2026-03-25T10:18:45.132+0000] {override.py:1829} INFO - Created Permission View: can delete on DAG:hello_airflow
[2026-03-25T10:18:45.146+0000] {logging_mixin.py:188} INFO - [2026-03-25T10:18:45.145+0000] {override.py:1829} INFO - Created Permission View: can read on DAG:hello_airflow
[2026-03-25T10:18:45.154+0000] {logging_mixin.py:188} INFO - [2026-03-25T10:18:45.153+0000] {override.py:1829} INFO - Created Permission View: can edit on DAG:hello_airflow
[2026-03-25T10:18:45.156+0000] {logging_mixin.py:188} INFO - [2026-03-25T10:18:45.155+0000] {dag.py:3096} INFO - Sync 1 DAGs
[2026-03-25T10:18:45.171+0000] {logging_mixin.py:188} INFO - [2026-03-25T10:18:45.171+0000] {dag.py:3118} INFO - Creating ORM DAG for hello_airflow
[2026-03-25T10:18:45.191+0000] {logging_mixin.py:188} INFO - [2026-03-25T10:18:45.190+0000] {dag.py:3954} INFO - Setting next_dagrun for hello_airflow to 2024-03-23 00:00:00+00:00, run_after=2024-03-24 00:00:00+00:00
[2026-03-25T10:18:45.226+0000] {processor.py:183} INFO - Processing /opt/airflow/dags/example.py took 0.435 seconds
[2026-03-25T10:19:15.545+0000] {processor.py:161} INFO - Started process (PID=222) to work on /opt/airflow/dags/example.py
[2026-03-25T10:19:15.546+0000] {processor.py:830} INFO - Processing file /opt/airflow/dags/example.py for tasks to queue
[2026-03-25T10:19:15.548+0000] {logging_mixin.py:188} INFO - [2026-03-25T10:19:15.548+0000] {dagbag.py:545} INFO - Filling up the DagBag from /opt/airflow/dags/example.py
[2026-03-25T10:19:15.571+0000] {processor.py:840} INFO - DAG(s) 'hello_airflow' retrieved from /opt/airflow/dags/example.py
[2026-03-25T10:19:15.609+0000] {logging_mixin.py:188} INFO - [2026-03-25T10:19:15.609+0000] {dag.py:3096} INFO - Sync 1 DAGs
[2026-03-25T10:19:15.629+0000] {logging_mixin.py:188} INFO - [2026-03-25T10:19:15.629+0000] {dag.py:3954} INFO - Setting next_dagrun for hello_airflow to 2024-03-23 00:00:00+00:00, run_after=2024-03-24 00:00:00+00:00
[2026-03-25T10:19:15.651+0000] {processor.py:183} INFO - Processing /opt/airflow/dags/example.py took 0.117 seconds
[2026-03-25T10:19:45.899+0000] {processor.py:161} INFO - Started process (PID=278) to work on /opt/airflow/dags/example.py
[2026-03-25T10:19:45.901+0000] {processor.py:830} INFO - Processing file /opt/airflow/dags/example.py for tasks to queue
[2026-03-25T10:19:45.904+0000] {logging_mixin.py:188} INFO - [2026-03-25T10:19:45.903+0000] {dagbag.py:545} INFO - Filling up the DagBag from /opt/airflow/dags/example.py
[2026-03-25T10:19:45.944+0000] {processor.py:840} INFO - DAG(s) 'hello_airflow' retrieved from /opt/airflow/dags/example.py
[2026-03-25T10:19:45.979+0000] {logging_mixin.py:188} INFO - [2026-03-25T10:19:45.979+0000] {dag.py:3096} INFO - Sync 1 DAGs
[2026-03-25T10:19:46.000+0000] {logging_mixin.py:188} INFO - [2026-03-25T10:19:46.000+0000] {dag.py:3954} INFO - Setting next_dagrun for hello_airflow to 2024-03-23 00:00:00+00:00, run_after=2024-03-24 00:00:00+00:00
[2026-03-25T10:19:46.227+0000] {processor.py:183} INFO - Processing /opt/airflow/dags/example.py took 0.335 seconds
[2026-03-25T10:20:17.038+0000] {processor.py:161} INFO - Started process (PID=362) to work on /opt/airflow/dags/example.py
[2026-03-25T10:20:17.054+0000] {processor.py:830} INFO - Processing file /opt/airflow/dags/example.py for tasks to queue
[2026-03-25T10:20:17.076+0000] {logging_mixin.py:188} INFO - [2026-03-25T10:20:17.074+0000] {dagbag.py:545} INFO - Filling up the DagBag from /opt/airflow/dags/example.py
[2026-03-25T10:20:17.143+0000] {processor.py:840} INFO - DAG(s) 'hello_airflow' retrieved from /opt/airflow/dags/example.py
[2026-03-25T10:20:17.297+0000] {logging_mixin.py:188} INFO - [2026-03-25T10:20:17.296+0000] {dag.py:3096} INFO - Sync 1 DAGs
[2026-03-25T10:20:17.357+0000] {logging_mixin.py:188} INFO - [2026-03-25T10:20:17.357+0000] {dag.py:3954} INFO - Setting next_dagrun for hello_airflow to 2024-03-23 00:00:00+00:00, run_after=2024-03-24 00:00:00+00:00
[2026-03-25T10:20:17.413+0000] {processor.py:183} INFO - Processing /opt/airflow/dags/example.py took 0.390 seconds
[2026-03-25T10:20:47.946+0000] {processor.py:161} INFO - Started process (PID=452) to work on /opt/airflow/dags/example.py
[2026-03-25T10:20:47.947+0000] {processor.py:830} INFO - Processing file /opt/airflow/dags/example.py for tasks to queue
[2026-03-25T10:20:47.951+0000] {logging_mixin.py:188} INFO - [2026-03-25T10:20:47.950+0000] {dagbag.py:545} INFO - Filling up the DagBag from /opt/airflow/dags/example.py
[2026-03-25T10:20:47.972+0000] {processor.py:840} INFO - DAG(s) 'hello_airflow' retrieved from /opt/airflow/dags/example.py
[2026-03-25T10:20:48.001+0000] {logging_mixin.py:188} INFO - [2026-03-25T10:20:48.001+0000] {dag.py:3096} INFO - Sync 1 DAGs
[2026-03-25T10:20:48.024+0000] {logging_mixin.py:188} INFO - [2026-03-25T10:20:48.024+0000] {dag.py:3954} INFO - Setting next_dagrun for hello_airflow to 2024-03-23 00:00:00+00:00, run_after=2024-03-24 00:00:00+00:00
[2026-03-25T10:20:48.052+0000] {processor.py:183} INFO - Processing /opt/airflow/dags/example.py took 0.113 seconds
[2026-03-25T10:21:18.538+0000] {processor.py:161} INFO - Started process (PID=541) to work on /opt/airflow/dags/example.py
[2026-03-25T10:21:18.540+0000] {processor.py:830} INFO - Processing file /opt/airflow/dags/example.py for tasks to queue
[2026-03-25T10:21:18.548+0000] {logging_mixin.py:188} INFO - [2026-03-25T10:21:18.547+0000] {dagbag.py:545} INFO - Filling up the DagBag from /opt/airflow/dags/example.py
[2026-03-25T10:21:18.605+0000] {processor.py:840} INFO - DAG(s) 'hello_airflow' retrieved from /opt/airflow/dags/example.py
[2026-03-25T10:21:18.682+0000] {logging_mixin.py:188} INFO - [2026-03-25T10:21:18.682+0000] {dag.py:3096} INFO - Sync 1 DAGs
[2026-03-25T10:21:18.793+0000] {logging_mixin.py:188} INFO - [2026-03-25T10:21:18.792+0000] {dag.py:3954} INFO - Setting next_dagrun for hello_airflow to 2024-03-23 00:00:00+00:00, run_after=2024-03-24 00:00:00+00:00
[2026-03-25T10:21:18.860+0000] {processor.py:183} INFO - Processing /opt/airflow/dags/example.py took 0.341 seconds
[2026-03-25T10:21:49.891+0000] {processor.py:161} INFO - Started process (PID=621) to work on /opt/airflow/dags/example.py
[2026-03-25T10:21:49.894+0000] {processor.py:830} INFO - Processing file /opt/airflow/dags/example.py for tasks to queue
[2026-03-25T10:21:49.899+0000] {logging_mixin.py:188} INFO - [2026-03-25T10:21:49.898+0000] {dagbag.py:545} INFO - Filling up the DagBag from /opt/airflow/dags/example.py
[2026-03-25T10:21:49.946+0000] {processor.py:840} INFO - DAG(s) 'hello_airflow' retrieved from /opt/airflow/dags/example.py
[2026-03-25T10:21:50.021+0000] {logging_mixin.py:188} INFO - [2026-03-25T10:21:50.021+0000] {dag.py:3096} INFO - Sync 1 DAGs
[2026-03-25T10:21:50.080+0000] {logging_mixin.py:188} INFO - [2026-03-25T10:21:50.080+0000] {dag.py:3954} INFO - Setting next_dagrun for hello_airflow to 2024-03-23 00:00:00+00:00, run_after=2024-03-24 00:00:00+00:00
[2026-03-25T10:21:50.136+0000] {processor.py:183} INFO - Processing /opt/airflow/dags/example.py took 0.262 seconds
[2026-03-25T10:22:20.996+0000] {processor.py:161} INFO - Started process (PID=689) to work on /opt/airflow/dags/example.py
[2026-03-25T10:22:20.999+0000] {processor.py:830} INFO - Processing file /opt/airflow/dags/example.py for tasks to queue
[2026-03-25T10:22:21.002+0000] {logging_mixin.py:188} INFO - [2026-03-25T10:22:21.002+0000] {dagbag.py:545} INFO - Filling up the DagBag from /opt/airflow/dags/example.py
[2026-03-25T10:22:21.032+0000] {processor.py:840} INFO - DAG(s) 'hello_airflow' retrieved from /opt/airflow/dags/example.py
[2026-03-25T10:22:21.068+0000] {logging_mixin.py:188} INFO - [2026-03-25T10:22:21.068+0000] {dag.py:3096} INFO - Sync 1 DAGs
[2026-03-25T10:22:21.091+0000] {logging_mixin.py:188} INFO - [2026-03-25T10:22:21.091+0000] {dag.py:3954} INFO - Setting next_dagrun for hello_airflow to 2024-03-23 00:00:00+00:00, run_after=2024-03-24 00:00:00+00:00
[2026-03-25T10:22:21.127+0000] {processor.py:183} INFO - Processing /opt/airflow/dags/example.py took 0.140 seconds
[2026-03-25T10:53:32.028+0000] {processor.py:161} INFO - Started process (PID=194) to work on /opt/airflow/dags/example.py
[2026-03-25T10:53:32.031+0000] {processor.py:830} INFO - Processing file /opt/airflow/dags/example.py for tasks to queue
[2026-03-25T10:53:32.035+0000] {logging_mixin.py:188} INFO - [2026-03-25T10:53:32.034+0000] {dagbag.py:545} INFO - Filling up the DagBag from /opt/airflow/dags/example.py
[2026-03-25T10:53:32.128+0000] {processor.py:840} INFO - DAG(s) 'hello_airflow' retrieved from /opt/airflow/dags/example.py
[2026-03-25T10:53:32.524+0000] {logging_mixin.py:188} INFO - [2026-03-25T10:53:32.522+0000] {override.py:1829} INFO - Created Permission View: can delete on DAG:hello_airflow
[2026-03-25T10:53:32.540+0000] {logging_mixin.py:188} INFO - [2026-03-25T10:53:32.540+0000] {override.py:1829} INFO - Created Permission View: can read on DAG:hello_airflow
[2026-03-25T10:53:32.551+0000] {logging_mixin.py:188} INFO - [2026-03-25T10:53:32.550+0000] {override.py:1829} INFO - Created Permission View: can edit on DAG:hello_airflow
[2026-03-25T10:53:32.552+0000] {logging_mixin.py:188} INFO - [2026-03-25T10:53:32.551+0000] {dag.py:3096} INFO - Sync 1 DAGs
[2026-03-25T10:53:32.572+0000] {logging_mixin.py:188} INFO - [2026-03-25T10:53:32.572+0000] {dag.py:3118} INFO - Creating ORM DAG for hello_airflow
[2026-03-25T10:53:32.588+0000] {logging_mixin.py:188} INFO - [2026-03-25T10:53:32.588+0000] {dag.py:3954} INFO - Setting next_dagrun for hello_airflow to 2024-03-23 00:00:00+00:00, run_after=2024-03-24 00:00:00+00:00
[2026-03-25T10:53:32.617+0000] {processor.py:183} INFO - Processing /opt/airflow/dags/example.py took 0.605 seconds
[2026-03-25T10:54:03.153+0000] {processor.py:161} INFO - Started process (PID=220) to work on /opt/airflow/dags/example.py
[2026-03-25T10:54:03.155+0000] {processor.py:830} INFO - Processing file /opt/airflow/dags/example.py for tasks to queue
[2026-03-25T10:54:03.157+0000] {logging_mixin.py:188} INFO - [2026-03-25T10:54:03.157+0000] {dagbag.py:545} INFO - Filling up the DagBag from /opt/airflow/dags/example.py
[2026-03-25T10:54:03.183+0000] {processor.py:840} INFO - DAG(s) 'hello_airflow' retrieved from /opt/airflow/dags/example.py
[2026-03-25T10:54:03.217+0000] {logging_mixin.py:188} INFO - [2026-03-25T10:54:03.217+0000] {dag.py:3096} INFO - Sync 1 DAGs
[2026-03-25T10:54:03.243+0000] {logging_mixin.py:188} INFO - [2026-03-25T10:54:03.243+0000] {dag.py:3954} INFO - Setting next_dagrun for hello_airflow to 2024-03-23 00:00:00+00:00, run_after=2024-03-24 00:00:00+00:00
[2026-03-25T10:54:03.631+0000] {processor.py:183} INFO - Processing /opt/airflow/dags/example.py took 0.487 seconds
[2026-03-25T10:54:34.117+0000] {processor.py:161} INFO - Started process (PID=279) to work on /opt/airflow/dags/example.py
[2026-03-25T10:54:34.179+0000] {processor.py:830} INFO - Processing file /opt/airflow/dags/example.py for tasks to queue
[2026-03-25T10:54:34.183+0000] {logging_mixin.py:188} INFO - [2026-03-25T10:54:34.182+0000] {dagbag.py:545} INFO - Filling up the DagBag from /opt/airflow/dags/example.py
[2026-03-25T10:54:34.277+0000] {processor.py:840} INFO - DAG(s) 'hello_airflow' retrieved from /opt/airflow/dags/example.py
[2026-03-25T10:54:34.332+0000] {logging_mixin.py:188} INFO - [2026-03-25T10:54:34.332+0000] {dag.py:3096} INFO - Sync 1 DAGs
[2026-03-25T10:54:34.362+0000] {logging_mixin.py:188} INFO - [2026-03-25T10:54:34.362+0000] {dag.py:3954} INFO - Setting next_dagrun for hello_airflow to 2024-03-23 00:00:00+00:00, run_after=2024-03-24 00:00:00+00:00
[2026-03-25T10:54:34.399+0000] {processor.py:183} INFO - Processing /opt/airflow/dags/example.py took 0.300 seconds
[2026-03-25T10:55:05.000+0000] {processor.py:161} INFO - Started process (PID=357) to work on /opt/airflow/dags/example.py
[2026-03-25T10:55:05.025+0000] {processor.py:830} INFO - Processing file /opt/airflow/dags/example.py for tasks to queue
[2026-03-25T10:55:05.035+0000] {logging_mixin.py:188} INFO - [2026-03-25T10:55:05.034+0000] {dagbag.py:545} INFO - Filling up the DagBag from /opt/airflow/dags/example.py
[2026-03-25T10:55:05.104+0000] {processor.py:840} INFO - DAG(s) 'hello_airflow' retrieved from /opt/airflow/dags/example.py
[2026-03-25T10:55:05.183+0000] {logging_mixin.py:188} INFO - [2026-03-25T10:55:05.183+0000] {dag.py:3096} INFO - Sync 1 DAGs
[2026-03-25T10:55:05.232+0000] {logging_mixin.py:188} INFO - [2026-03-25T10:55:05.232+0000] {dag.py:3954} INFO - Setting next_dagrun for hello_airflow to 2024-03-23 00:00:00+00:00, run_after=2024-03-24 00:00:00+00:00
[2026-03-25T10:55:05.295+0000] {processor.py:183} INFO - Processing /opt/airflow/dags/example.py took 0.359 seconds
[2026-03-25T10:55:35.599+0000] {processor.py:161} INFO - Started process (PID=449) to work on /opt/airflow/dags/example.py
[2026-03-25T10:55:35.600+0000] {processor.py:830} INFO - Processing file /opt/airflow/dags/example.py for tasks to queue
[2026-03-25T10:55:35.604+0000] {logging_mixin.py:188} INFO - [2026-03-25T10:55:35.604+0000] {dagbag.py:545} INFO - Filling up the DagBag from /opt/airflow/dags/example.py
[2026-03-25T10:55:35.633+0000] {processor.py:840} INFO - DAG(s) 'hello_airflow' retrieved from /opt/airflow/dags/example.py
[2026-03-25T10:55:35.719+0000] {logging_mixin.py:188} INFO - [2026-03-25T10:55:35.718+0000] {dag.py:3096} INFO - Sync 1 DAGs
[2026-03-25T10:55:35.778+0000] {logging_mixin.py:188} INFO - [2026-03-25T10:55:35.778+0000] {dag.py:3954} INFO - Setting next_dagrun for hello_airflow to 2024-03-23 00:00:00+00:00, run_after=2024-03-24 00:00:00+00:00
[2026-03-25T10:55:35.833+0000] {processor.py:183} INFO - Processing /opt/airflow/dags/example.py took 0.242 seconds
[2026-03-25T10:56:06.152+0000] {processor.py:161} INFO - Started process (PID=520) to work on /opt/airflow/dags/example.py
[2026-03-25T10:56:06.155+0000] {processor.py:830} INFO - Processing file /opt/airflow/dags/example.py for tasks to queue
[2026-03-25T10:56:06.165+0000] {logging_mixin.py:188} INFO - [2026-03-25T10:56:06.164+0000] {dagbag.py:545} INFO - Filling up the DagBag from /opt/airflow/dags/example.py
[2026-03-25T10:56:06.324+0000] {processor.py:840} INFO - DAG(s) 'hello_airflow' retrieved from /opt/airflow/dags/example.py
[2026-03-25T10:56:06.399+0000] {logging_mixin.py:188} INFO - [2026-03-25T10:56:06.398+0000] {dag.py:3096} INFO - Sync 1 DAGs
[2026-03-25T10:56:06.455+0000] {logging_mixin.py:188} INFO - [2026-03-25T10:56:06.454+0000] {dag.py:3954} INFO - Setting next_dagrun for hello_airflow to 2024-03-23 00:00:00+00:00, run_after=2024-03-24 00:00:00+00:00
[2026-03-25T10:56:06.516+0000] {processor.py:183} INFO - Processing /opt/airflow/dags/example.py took 0.389 seconds
[2026-03-25T10:56:37.351+0000] {processor.py:161} INFO - Started process (PID=613) to work on /opt/airflow/dags/example.py
[2026-03-25T10:56:37.355+0000] {processor.py:830} INFO - Processing file /opt/airflow/dags/example.py for tasks to queue
[2026-03-25T10:56:37.360+0000] {logging_mixin.py:188} INFO - [2026-03-25T10:56:37.360+0000] {dagbag.py:545} INFO - Filling up the DagBag from /opt/airflow/dags/example.py
[2026-03-25T10:56:37.419+0000] {processor.py:840} INFO - DAG(s) 'hello_airflow' retrieved from /opt/airflow/dags/example.py
[2026-03-25T10:56:37.502+0000] {logging_mixin.py:188} INFO - [2026-03-25T10:56:37.502+0000] {dag.py:3096} INFO - Sync 1 DAGs
[2026-03-25T10:56:37.565+0000] {logging_mixin.py:188} INFO - [2026-03-25T10:56:37.564+0000] {dag.py:3954} INFO - Setting next_dagrun for hello_airflow to 2024-03-23 00:00:00+00:00, run_after=2024-03-24 00:00:00+00:00
[2026-03-25T10:56:37.636+0000] {processor.py:183} INFO - Processing /opt/airflow/dags/example.py took 0.299 seconds
[2026-03-25T10:57:08.487+0000] {processor.py:161} INFO - Started process (PID=705) to work on /opt/airflow/dags/example.py
[2026-03-25T10:57:08.490+0000] {processor.py:830} INFO - Processing file /opt/airflow/dags/example.py for tasks to queue
[2026-03-25T10:57:08.497+0000] {logging_mixin.py:188} INFO - [2026-03-25T10:57:08.496+0000] {dagbag.py:545} INFO - Filling up the DagBag from /opt/airflow/dags/example.py
[2026-03-25T10:57:08.569+0000] {processor.py:840} INFO - DAG(s) 'hello_airflow' retrieved from /opt/airflow/dags/example.py
[2026-03-25T10:57:08.633+0000] {logging_mixin.py:188} INFO - [2026-03-25T10:57:08.632+0000] {dag.py:3096} INFO - Sync 1 DAGs
[2026-03-25T10:57:08.685+0000] {logging_mixin.py:188} INFO - [2026-03-25T10:57:08.684+0000] {dag.py:3954} INFO - Setting next_dagrun for hello_airflow to 2024-03-23 00:00:00+00:00, run_after=2024-03-24 00:00:00+00:00
[2026-03-25T10:57:08.734+0000] {processor.py:183} INFO - Processing /opt/airflow/dags/example.py took 0.272 seconds
[2026-03-25T10:57:39.620+0000] {processor.py:161} INFO - Started process (PID=775) to work on /opt/airflow/dags/example.py
[2026-03-25T10:57:39.621+0000] {processor.py:830} INFO - Processing file /opt/airflow/dags/example.py for tasks to queue
[2026-03-25T10:57:39.624+0000] {logging_mixin.py:188} INFO - [2026-03-25T10:57:39.623+0000] {dagbag.py:545} INFO - Filling up the DagBag from /opt/airflow/dags/example.py
[2026-03-25T10:57:39.656+0000] {processor.py:840} INFO - DAG(s) 'hello_airflow' retrieved from /opt/airflow/dags/example.py
[2026-03-25T10:57:39.690+0000] {logging_mixin.py:188} INFO - [2026-03-25T10:57:39.690+0000] {dag.py:3096} INFO - Sync 1 DAGs
[2026-03-25T10:57:39.718+0000] {logging_mixin.py:188} INFO - [2026-03-25T10:57:39.717+0000] {dag.py:3954} INFO - Setting next_dagrun for hello_airflow to 2024-03-23 00:00:00+00:00, run_after=2024-03-24 00:00:00+00:00
[2026-03-25T10:57:39.747+0000] {processor.py:183} INFO - Processing /opt/airflow/dags/example.py took 0.135 seconds
[2026-03-25T10:58:10.446+0000] {processor.py:161} INFO - Started process (PID=865) to work on /opt/airflow/dags/example.py
[2026-03-25T10:58:10.447+0000] {processor.py:830} INFO - Processing file /opt/airflow/dags/example.py for tasks to queue
[2026-03-25T10:58:10.450+0000] {logging_mixin.py:188} INFO - [2026-03-25T10:58:10.449+0000] {dagbag.py:545} INFO - Filling up the DagBag from /opt/airflow/dags/example.py
[2026-03-25T10:58:10.479+0000] {processor.py:840} INFO - DAG(s) 'hello_airflow' retrieved from /opt/airflow/dags/example.py
[2026-03-25T10:58:10.512+0000] {logging_mixin.py:188} INFO - [2026-03-25T10:58:10.512+0000] {dag.py:3096} INFO - Sync 1 DAGs
[2026-03-25T10:58:10.536+0000] {logging_mixin.py:188} INFO - [2026-03-25T10:58:10.535+0000] {dag.py:3954} INFO - Setting next_dagrun for hello_airflow to 2024-03-23 00:00:00+00:00, run_after=2024-03-24 00:00:00+00:00
[2026-03-25T10:58:10.566+0000] {processor.py:183} INFO - Processing /opt/airflow/dags/example.py took 0.127 seconds
[2026-03-25T10:58:40.636+0000] {processor.py:161} INFO - Started process (PID=952) to work on /opt/airflow/dags/example.py
[2026-03-25T10:58:40.637+0000] {processor.py:830} INFO - Processing file /opt/airflow/dags/example.py for tasks to queue
[2026-03-25T10:58:40.640+0000] {logging_mixin.py:188} INFO - [2026-03-25T10:58:40.639+0000] {dagbag.py:545} INFO - Filling up the DagBag from /opt/airflow/dags/example.py
[2026-03-25T10:58:40.671+0000] {processor.py:840} INFO - DAG(s) 'hello_airflow' retrieved from /opt/airflow/dags/example.py
[2026-03-25T10:58:40.705+0000] {logging_mixin.py:188} INFO - [2026-03-25T10:58:40.705+0000] {dag.py:3096} INFO - Sync 1 DAGs
[2026-03-25T10:58:40.726+0000] {logging_mixin.py:188} INFO - [2026-03-25T10:58:40.726+0000] {dag.py:3954} INFO - Setting next_dagrun for hello_airflow to 2024-03-23 00:00:00+00:00, run_after=2024-03-24 00:00:00+00:00
[2026-03-25T10:58:40.751+0000] {processor.py:183} INFO - Processing /opt/airflow/dags/example.py took 0.123 seconds
[2026-03-25T10:59:11.557+0000] {processor.py:161} INFO - Started process (PID=1045) to work on /opt/airflow/dags/example.py
[2026-03-25T10:59:11.559+0000] {processor.py:830} INFO - Processing file /opt/airflow/dags/example.py for tasks to queue
[2026-03-25T10:59:11.561+0000] {logging_mixin.py:188} INFO - [2026-03-25T10:59:11.561+0000] {dagbag.py:545} INFO - Filling up the DagBag from /opt/airflow/dags/example.py
[2026-03-25T10:59:11.588+0000] {processor.py:840} INFO - DAG(s) 'hello_airflow' retrieved from /opt/airflow/dags/example.py
[2026-03-25T10:59:11.625+0000] {logging_mixin.py:188} INFO - [2026-03-25T10:59:11.625+0000] {dag.py:3096} INFO - Sync 1 DAGs
[2026-03-25T10:59:11.654+0000] {logging_mixin.py:188} INFO - [2026-03-25T10:59:11.653+0000] {dag.py:3954} INFO - Setting next_dagrun for hello_airflow to 2024-03-23 00:00:00+00:00, run_after=2024-03-24 00:00:00+00:00
[2026-03-25T10:59:11.681+0000] {processor.py:183} INFO - Processing /opt/airflow/dags/example.py took 0.134 seconds
[2026-03-25T10:59:41.940+0000] {processor.py:161} INFO - Started process (PID=1132) to work on /opt/airflow/dags/example.py
[2026-03-25T10:59:41.942+0000] {processor.py:830} INFO - Processing file /opt/airflow/dags/example.py for tasks to queue
[2026-03-25T10:59:41.953+0000] {logging_mixin.py:188} INFO - [2026-03-25T10:59:41.952+0000] {dagbag.py:545} INFO - Filling up the DagBag from /opt/airflow/dags/example.py
[2026-03-25T10:59:42.148+0000] {processor.py:840} INFO - DAG(s) 'hello_airflow' retrieved from /opt/airflow/dags/example.py
[2026-03-25T10:59:42.298+0000] {logging_mixin.py:188} INFO - [2026-03-25T10:59:42.297+0000] {dag.py:3096} INFO - Sync 1 DAGs
[2026-03-25T10:59:42.399+0000] {logging_mixin.py:188} INFO - [2026-03-25T10:59:42.399+0000] {dag.py:3954} INFO - Setting next_dagrun for hello_airflow to 2024-03-23 00:00:00+00:00, run_after=2024-03-24 00:00:00+00:00
[2026-03-25T10:59:42.476+0000] {processor.py:183} INFO - Processing /opt/airflow/dags/example.py took 0.599 seconds
[2026-03-25T11:00:12.974+0000] {processor.py:161} INFO - Started process (PID=1217) to work on /opt/airflow/dags/example.py
[2026-03-25T11:00:12.986+0000] {processor.py:830} INFO - Processing file /opt/airflow/dags/example.py for tasks to queue
[2026-03-25T11:00:12.991+0000] {logging_mixin.py:188} INFO - [2026-03-25T11:00:12.990+0000] {dagbag.py:545} INFO - Filling up the DagBag from /opt/airflow/dags/example.py
[2026-03-25T11:00:13.057+0000] {processor.py:840} INFO - DAG(s) 'hello_airflow' retrieved from /opt/airflow/dags/example.py
[2026-03-25T11:00:13.140+0000] {logging_mixin.py:188} INFO - [2026-03-25T11:00:13.140+0000] {dag.py:3096} INFO - Sync 1 DAGs
[2026-03-25T11:00:13.186+0000] {logging_mixin.py:188} INFO - [2026-03-25T11:00:13.186+0000] {dag.py:3954} INFO - Setting next_dagrun for hello_airflow to 2024-03-23 00:00:00+00:00, run_after=2024-03-24 00:00:00+00:00
[2026-03-25T11:00:13.234+0000] {processor.py:183} INFO - Processing /opt/airflow/dags/example.py took 0.294 seconds
[2026-03-25T11:00:43.979+0000] {processor.py:161} INFO - Started process (PID=1283) to work on /opt/airflow/dags/example.py
[2026-03-25T11:00:43.981+0000] {processor.py:830} INFO - Processing file /opt/airflow/dags/example.py for tasks to queue
[2026-03-25T11:00:43.983+0000] {logging_mixin.py:188} INFO - [2026-03-25T11:00:43.983+0000] {dagbag.py:545} INFO - Filling up the DagBag from /opt/airflow/dags/example.py
[2026-03-25T11:00:44.011+0000] {processor.py:840} INFO - DAG(s) 'hello_airflow' retrieved from /opt/airflow/dags/example.py
[2026-03-25T11:00:44.047+0000] {logging_mixin.py:188} INFO - [2026-03-25T11:00:44.046+0000] {dag.py:3096} INFO - Sync 1 DAGs
[2026-03-25T11:00:44.074+0000] {logging_mixin.py:188} INFO - [2026-03-25T11:00:44.074+0000] {dag.py:3954} INFO - Setting next_dagrun for hello_airflow to 2024-03-23 00:00:00+00:00, run_after=2024-03-24 00:00:00+00:00
[2026-03-25T11:00:44.104+0000] {processor.py:183} INFO - Processing /opt/airflow/dags/example.py took 0.133 seconds
[2026-03-25T11:01:14.833+0000] {processor.py:161} INFO - Started process (PID=1373) to work on /opt/airflow/dags/example.py
[2026-03-25T11:01:14.834+0000] {processor.py:830} INFO - Processing file /opt/airflow/dags/example.py for tasks to queue
[2026-03-25T11:01:14.836+0000] {logging_mixin.py:188} INFO - [2026-03-25T11:01:14.836+0000] {dagbag.py:545} INFO - Filling up the DagBag from /opt/airflow/dags/example.py
[2026-03-25T11:01:14.858+0000] {processor.py:840} INFO - DAG(s) 'hello_airflow' retrieved from /opt/airflow/dags/example.py
[2026-03-25T11:01:14.887+0000] {logging_mixin.py:188} INFO - [2026-03-25T11:01:14.887+0000] {dag.py:3096} INFO - Sync 1 DAGs
[2026-03-25T11:01:14.911+0000] {logging_mixin.py:188} INFO - [2026-03-25T11:01:14.911+0000] {dag.py:3954} INFO - Setting next_dagrun for hello_airflow to 2024-03-23 00:00:00+00:00, run_after=2024-03-24 00:00:00+00:00
[2026-03-25T11:01:14.939+0000] {processor.py:183} INFO - Processing /opt/airflow/dags/example.py took 0.114 seconds
[2026-03-25T11:01:45.840+0000] {processor.py:161} INFO - Started process (PID=1465) to work on /opt/airflow/dags/example.py
[2026-03-25T11:01:45.842+0000] {processor.py:830} INFO - Processing file /opt/airflow/dags/example.py for tasks to queue
[2026-03-25T11:01:45.845+0000] {logging_mixin.py:188} INFO - [2026-03-25T11:01:45.845+0000] {dagbag.py:545} INFO - Filling up the DagBag from /opt/airflow/dags/example.py
[2026-03-25T11:01:45.897+0000] {processor.py:840} INFO - DAG(s) 'hello_airflow' retrieved from /opt/airflow/dags/example.py
[2026-03-25T11:01:46.008+0000] {logging_mixin.py:188} INFO - [2026-03-25T11:01:46.008+0000] {dag.py:3096} INFO - Sync 1 DAGs
[2026-03-25T11:01:46.068+0000] {logging_mixin.py:188} INFO - [2026-03-25T11:01:46.068+0000] {dag.py:3954} INFO - Setting next_dagrun for hello_airflow to 2024-03-23 00:00:00+00:00, run_after=2024-03-24 00:00:00+00:00
[2026-03-25T11:01:46.134+0000] {processor.py:183} INFO - Processing /opt/airflow/dags/example.py took 0.301 seconds
[2026-03-25T11:02:16.970+0000] {processor.py:161} INFO - Started process (PID=1555) to work on /opt/airflow/dags/example.py
[2026-03-25T11:02:16.972+0000] {processor.py:830} INFO - Processing file /opt/airflow/dags/example.py for tasks to queue
[2026-03-25T11:02:16.975+0000] {logging_mixin.py:188} INFO - [2026-03-25T11:02:16.975+0000] {dagbag.py:545} INFO - Filling up the DagBag from /opt/airflow/dags/example.py
[2026-03-25T11:02:17.007+0000] {processor.py:840} INFO - DAG(s) 'hello_airflow' retrieved from /opt/airflow/dags/example.py
[2026-03-25T11:02:17.045+0000] {logging_mixin.py:188} INFO - [2026-03-25T11:02:17.045+0000] {dag.py:3096} INFO - Sync 1 DAGs
[2026-03-25T11:02:17.072+0000] {logging_mixin.py:188} INFO - [2026-03-25T11:02:17.072+0000] {dag.py:3954} INFO - Setting next_dagrun for hello_airflow to 2024-03-23 00:00:00+00:00, run_after=2024-03-24 00:00:00+00:00
[2026-03-25T11:02:17.099+0000] {processor.py:183} INFO - Processing /opt/airflow/dags/example.py took 0.137 seconds
[2026-03-25T11:02:47.861+0000] {processor.py:161} INFO - Started process (PID=1645) to work on /opt/airflow/dags/example.py
[2026-03-25T11:02:47.864+0000] {processor.py:830} INFO - Processing file /opt/airflow/dags/example.py for tasks to queue
[2026-03-25T11:02:47.870+0000] {logging_mixin.py:188} INFO - [2026-03-25T11:02:47.869+0000] {dagbag.py:545} INFO - Filling up the DagBag from /opt/airflow/dags/example.py
[2026-03-25T11:02:47.914+0000] {processor.py:840} INFO - DAG(s) 'hello_airflow' retrieved from /opt/airflow/dags/example.py
[2026-03-25T11:02:47.966+0000] {logging_mixin.py:188} INFO - [2026-03-25T11:02:47.966+0000] {dag.py:3096} INFO - Sync 1 DAGs
[2026-03-25T11:02:48.005+0000] {logging_mixin.py:188} INFO - [2026-03-25T11:02:48.004+0000] {dag.py:3954} INFO - Setting next_dagrun for hello_airflow to 2024-03-23 00:00:00+00:00, run_after=2024-03-24 00:00:00+00:00
[2026-03-25T11:02:48.037+0000] {processor.py:183} INFO - Processing /opt/airflow/dags/example.py took 0.192 seconds
[2026-03-25T11:03:18.782+0000] {processor.py:161} INFO - Started process (PID=1727) to work on /opt/airflow/dags/example.py
[2026-03-25T11:03:18.785+0000] {processor.py:830} INFO - Processing file /opt/airflow/dags/example.py for tasks to queue
[2026-03-25T11:03:18.790+0000] {logging_mixin.py:188} INFO - [2026-03-25T11:03:18.789+0000] {dagbag.py:545} INFO - Filling up the DagBag from /opt/airflow/dags/example.py
[2026-03-25T11:03:18.834+0000] {processor.py:840} INFO - DAG(s) 'hello_airflow' retrieved from /opt/airflow/dags/example.py
[2026-03-25T11:03:18.898+0000] {logging_mixin.py:188} INFO - [2026-03-25T11:03:18.898+0000] {dag.py:3096} INFO - Sync 1 DAGs
[2026-03-25T11:03:18.939+0000] {logging_mixin.py:188} INFO - [2026-03-25T11:03:18.938+0000] {dag.py:3954} INFO - Setting next_dagrun for hello_airflow to 2024-03-23 00:00:00+00:00, run_after=2024-03-24 00:00:00+00:00
[2026-03-25T11:03:18.970+0000] {processor.py:183} INFO - Processing /opt/airflow/dags/example.py took 0.201 seconds
[2026-03-25T11:03:50.032+0000] {processor.py:161} INFO - Started process (PID=1753) to work on /opt/airflow/dags/example.py
[2026-03-25T11:03:50.034+0000] {processor.py:830} INFO - Processing file /opt/airflow/dags/example.py for tasks to queue
[2026-03-25T11:03:50.037+0000] {logging_mixin.py:188} INFO - [2026-03-25T11:03:50.036+0000] {dagbag.py:545} INFO - Filling up the DagBag from /opt/airflow/dags/example.py
[2026-03-25T11:03:50.077+0000] {processor.py:840} INFO - DAG(s) 'hello_airflow' retrieved from /opt/airflow/dags/example.py
[2026-03-25T11:03:50.118+0000] {logging_mixin.py:188} INFO - [2026-03-25T11:03:50.118+0000] {dag.py:3096} INFO - Sync 1 DAGs
[2026-03-25T11:03:50.147+0000] {logging_mixin.py:188} INFO - [2026-03-25T11:03:50.147+0000] {dag.py:3954} INFO - Setting next_dagrun for hello_airflow to 2024-03-23 00:00:00+00:00, run_after=2024-03-24 00:00:00+00:00
[2026-03-25T11:03:50.177+0000] {processor.py:183} INFO - Processing /opt/airflow/dags/example.py took 0.152 seconds
[2026-03-25T11:04:20.920+0000] {processor.py:161} INFO - Started process (PID=1779) to work on /opt/airflow/dags/example.py
[2026-03-25T11:04:20.922+0000] {processor.py:830} INFO - Processing file /opt/airflow/dags/example.py for tasks to queue
[2026-03-25T11:04:20.925+0000] {logging_mixin.py:188} INFO - [2026-03-25T11:04:20.924+0000] {dagbag.py:545} INFO - Filling up the DagBag from /opt/airflow/dags/example.py
[2026-03-25T11:04:20.954+0000] {processor.py:840} INFO - DAG(s) 'hello_airflow' retrieved from /opt/airflow/dags/example.py
[2026-03-25T11:04:20.987+0000] {logging_mixin.py:188} INFO - [2026-03-25T11:04:20.987+0000] {dag.py:3096} INFO - Sync 1 DAGs
[2026-03-25T11:04:21.009+0000] {logging_mixin.py:188} INFO - [2026-03-25T11:04:21.008+0000] {dag.py:3954} INFO - Setting next_dagrun for hello_airflow to 2024-03-23 00:00:00+00:00, run_after=2024-03-24 00:00:00+00:00
[2026-03-25T11:04:21.032+0000] {processor.py:183} INFO - Processing /opt/airflow/dags/example.py took 0.120 seconds
[2026-03-25T11:04:51.675+0000] {processor.py:161} INFO - Started process (PID=1806) to work on /opt/airflow/dags/example.py
[2026-03-25T11:04:51.676+0000] {processor.py:830} INFO - Processing file /opt/airflow/dags/example.py for tasks to queue
[2026-03-25T11:04:51.677+0000] {logging_mixin.py:188} INFO - [2026-03-25T11:04:51.677+0000] {dagbag.py:545} INFO - Filling up the DagBag from /opt/airflow/dags/example.py
[2026-03-25T11:04:51.697+0000] {processor.py:840} INFO - DAG(s) 'hello_airflow' retrieved from /opt/airflow/dags/example.py
[2026-03-25T11:04:51.726+0000] {logging_mixin.py:188} INFO - [2026-03-25T11:04:51.726+0000] {dag.py:3096} INFO - Sync 1 DAGs
[2026-03-25T11:04:51.745+0000] {logging_mixin.py:188} INFO - [2026-03-25T11:04:51.745+0000] {dag.py:3954} INFO - Setting next_dagrun for hello_airflow to 2024-03-23 00:00:00+00:00, run_after=2024-03-24 00:00:00+00:00
[2026-03-25T11:04:51.772+0000] {processor.py:183} INFO - Processing /opt/airflow/dags/example.py took 0.103 seconds
[2026-03-25T11:05:22.370+0000] {processor.py:161} INFO - Started process (PID=1832) to work on /opt/airflow/dags/example.py
[2026-03-25T11:05:22.371+0000] {processor.py:830} INFO - Processing file /opt/airflow/dags/example.py for tasks to queue
[2026-03-25T11:05:22.374+0000] {logging_mixin.py:188} INFO - [2026-03-25T11:05:22.373+0000] {dagbag.py:545} INFO - Filling up the DagBag from /opt/airflow/dags/example.py
[2026-03-25T11:05:22.397+0000] {processor.py:840} INFO - DAG(s) 'hello_airflow' retrieved from /opt/airflow/dags/example.py
[2026-03-25T11:05:22.425+0000] {logging_mixin.py:188} INFO - [2026-03-25T11:05:22.425+0000] {dag.py:3096} INFO - Sync 1 DAGs
[2026-03-25T11:05:22.447+0000] {logging_mixin.py:188} INFO - [2026-03-25T11:05:22.447+0000] {dag.py:3954} INFO - Setting next_dagrun for hello_airflow to 2024-03-23 00:00:00+00:00, run_after=2024-03-24 00:00:00+00:00
[2026-03-25T11:05:22.473+0000] {processor.py:183} INFO - Processing /opt/airflow/dags/example.py took 0.110 seconds
[2026-03-25T11:12:39.993+0000] {processor.py:161} INFO - Started process (PID=188) to work on /opt/airflow/dags/example.py
[2026-03-25T11:12:39.995+0000] {processor.py:830} INFO - Processing file /opt/airflow/dags/example.py for tasks to queue
[2026-03-25T11:12:39.997+0000] {logging_mixin.py:188} INFO - [2026-03-25T11:12:39.996+0000] {dagbag.py:545} INFO - Filling up the DagBag from /opt/airflow/dags/example.py
[2026-03-25T11:12:40.048+0000] {processor.py:840} INFO - DAG(s) 'hello_airflow' retrieved from /opt/airflow/dags/example.py
[2026-03-25T11:12:40.403+0000] {logging_mixin.py:188} INFO - [2026-03-25T11:12:40.402+0000] {override.py:1829} INFO - Created Permission View: can edit on DAG:hello_airflow
[2026-03-25T11:12:40.423+0000] {logging_mixin.py:188} INFO - [2026-03-25T11:12:40.423+0000] {override.py:1829} INFO - Created Permission View: can delete on DAG:hello_airflow
[2026-03-25T11:12:40.437+0000] {logging_mixin.py:188} INFO - [2026-03-25T11:12:40.436+0000] {override.py:1829} INFO - Created Permission View: can read on DAG:hello_airflow
[2026-03-25T11:12:40.440+0000] {logging_mixin.py:188} INFO - [2026-03-25T11:12:40.439+0000] {dag.py:3096} INFO - Sync 1 DAGs
[2026-03-25T11:12:40.459+0000] {logging_mixin.py:188} INFO - [2026-03-25T11:12:40.459+0000] {dag.py:3118} INFO - Creating ORM DAG for hello_airflow
[2026-03-25T11:12:40.471+0000] {logging_mixin.py:188} INFO - [2026-03-25T11:12:40.471+0000] {dag.py:3954} INFO - Setting next_dagrun for hello_airflow to 2024-03-23 00:00:00+00:00, run_after=2024-03-24 00:00:00+00:00
[2026-03-25T11:12:40.506+0000] {processor.py:183} INFO - Processing /opt/airflow/dags/example.py took 0.522 seconds
[2026-03-25T11:13:11.158+0000] {processor.py:161} INFO - Started process (PID=214) to work on /opt/airflow/dags/example.py
[2026-03-25T11:13:11.161+0000] {processor.py:830} INFO - Processing file /opt/airflow/dags/example.py for tasks to queue
[2026-03-25T11:13:11.164+0000] {logging_mixin.py:188} INFO - [2026-03-25T11:13:11.164+0000] {dagbag.py:545} INFO - Filling up the DagBag from /opt/airflow/dags/example.py
[2026-03-25T11:13:11.197+0000] {processor.py:840} INFO - DAG(s) 'hello_airflow' retrieved from /opt/airflow/dags/example.py
[2026-03-25T11:13:11.245+0000] {logging_mixin.py:188} INFO - [2026-03-25T11:13:11.244+0000] {dag.py:3096} INFO - Sync 1 DAGs
[2026-03-25T11:13:11.286+0000] {logging_mixin.py:188} INFO - [2026-03-25T11:13:11.286+0000] {dag.py:3954} INFO - Setting next_dagrun for hello_airflow to 2024-03-23 00:00:00+00:00, run_after=2024-03-24 00:00:00+00:00
[2026-03-25T11:13:11.377+0000] {processor.py:183} INFO - Processing /opt/airflow/dags/example.py took 0.232 seconds
[2026-03-25T11:13:42.306+0000] {processor.py:161} INFO - Started process (PID=246) to work on /opt/airflow/dags/example.py
[2026-03-25T11:13:42.307+0000] {processor.py:830} INFO - Processing file /opt/airflow/dags/example.py for tasks to queue
[2026-03-25T11:13:42.310+0000] {logging_mixin.py:188} INFO - [2026-03-25T11:13:42.309+0000] {dagbag.py:545} INFO - Filling up the DagBag from /opt/airflow/dags/example.py
[2026-03-25T11:13:42.332+0000] {processor.py:840} INFO - DAG(s) 'hello_airflow' retrieved from /opt/airflow/dags/example.py
[2026-03-25T11:13:42.363+0000] {logging_mixin.py:188} INFO - [2026-03-25T11:13:42.363+0000] {dag.py:3096} INFO - Sync 1 DAGs
[2026-03-25T11:13:42.387+0000] {logging_mixin.py:188} INFO - [2026-03-25T11:13:42.387+0000] {dag.py:3954} INFO - Setting next_dagrun for hello_airflow to 2024-03-23 00:00:00+00:00, run_after=2024-03-24 00:00:00+00:00
[2026-03-25T11:13:42.414+0000] {processor.py:183} INFO - Processing /opt/airflow/dags/example.py took 0.117 seconds
[2026-03-25T11:14:13.065+0000] {processor.py:161} INFO - Started process (PID=272) to work on /opt/airflow/dags/example.py
[2026-03-25T11:14:13.067+0000] {processor.py:830} INFO - Processing file /opt/airflow/dags/example.py for tasks to queue
[2026-03-25T11:14:13.069+0000] {logging_mixin.py:188} INFO - [2026-03-25T11:14:13.069+0000] {dagbag.py:545} INFO - Filling up the DagBag from /opt/airflow/dags/example.py
[2026-03-25T11:14:13.091+0000] {processor.py:840} INFO - DAG(s) 'hello_airflow' retrieved from /opt/airflow/dags/example.py
[2026-03-25T11:14:13.125+0000] {logging_mixin.py:188} INFO - [2026-03-25T11:14:13.125+0000] {dag.py:3096} INFO - Sync 1 DAGs
[2026-03-25T11:14:13.150+0000] {logging_mixin.py:188} INFO - [2026-03-25T11:14:13.150+0000] {dag.py:3954} INFO - Setting next_dagrun for hello_airflow to 2024-03-23 00:00:00+00:00, run_after=2024-03-24 00:00:00+00:00
[2026-03-25T11:14:13.177+0000] {processor.py:183} INFO - Processing /opt/airflow/dags/example.py took 0.120 seconds
[2026-03-25T11:14:43.485+0000] {processor.py:161} INFO - Started process (PID=359) to work on /opt/airflow/dags/example.py
[2026-03-25T11:14:43.487+0000] {processor.py:830} INFO - Processing file /opt/airflow/dags/example.py for tasks to queue
[2026-03-25T11:14:43.495+0000] {logging_mixin.py:188} INFO - [2026-03-25T11:14:43.495+0000] {dagbag.py:545} INFO - Filling up the DagBag from /opt/airflow/dags/example.py
[2026-03-25T11:14:43.555+0000] {processor.py:840} INFO - DAG(s) 'hello_airflow' retrieved from /opt/airflow/dags/example.py
[2026-03-25T11:14:43.633+0000] {logging_mixin.py:188} INFO - [2026-03-25T11:14:43.632+0000] {dag.py:3096} INFO - Sync 1 DAGs
[2026-03-25T11:14:43.689+0000] {logging_mixin.py:188} INFO - [2026-03-25T11:14:43.689+0000] {dag.py:3954} INFO - Setting next_dagrun for hello_airflow to 2024-03-23 00:00:00+00:00, run_after=2024-03-24 00:00:00+00:00
[2026-03-25T11:14:43.726+0000] {processor.py:183} INFO - Processing /opt/airflow/dags/example.py took 0.257 seconds
[2026-03-25T11:15:13.840+0000] {processor.py:161} INFO - Started process (PID=438) to work on /opt/airflow/dags/example.py
[2026-03-25T11:15:13.843+0000] {processor.py:830} INFO - Processing file /opt/airflow/dags/example.py for tasks to queue
[2026-03-25T11:15:13.850+0000] {logging_mixin.py:188} INFO - [2026-03-25T11:15:13.849+0000] {dagbag.py:545} INFO - Filling up the DagBag from /opt/airflow/dags/example.py
[2026-03-25T11:15:13.919+0000] {processor.py:840} INFO - DAG(s) 'hello_airflow' retrieved from /opt/airflow/dags/example.py
[2026-03-25T11:15:13.975+0000] {logging_mixin.py:188} INFO - [2026-03-25T11:15:13.975+0000] {dag.py:3096} INFO - Sync 1 DAGs
[2026-03-25T11:15:14.029+0000] {logging_mixin.py:188} INFO - [2026-03-25T11:15:14.029+0000] {dag.py:3954} INFO - Setting next_dagrun for hello_airflow to 2024-03-23 00:00:00+00:00, run_after=2024-03-24 00:00:00+00:00
[2026-03-25T11:15:14.071+0000] {processor.py:183} INFO - Processing /opt/airflow/dags/example.py took 0.244 seconds
[2026-03-25T11:15:44.197+0000] {processor.py:161} INFO - Started process (PID=528) to work on /opt/airflow/dags/example.py
[2026-03-25T11:15:44.200+0000] {processor.py:830} INFO - Processing file /opt/airflow/dags/example.py for tasks to queue
[2026-03-25T11:15:44.205+0000] {logging_mixin.py:188} INFO - [2026-03-25T11:15:44.204+0000] {dagbag.py:545} INFO - Filling up the DagBag from /opt/airflow/dags/example.py
[2026-03-25T11:15:44.239+0000] {processor.py:840} INFO - DAG(s) 'hello_airflow' retrieved from /opt/airflow/dags/example.py
[2026-03-25T11:15:44.291+0000] {logging_mixin.py:188} INFO - [2026-03-25T11:15:44.288+0000] {dag.py:3096} INFO - Sync 1 DAGs
[2026-03-25T11:15:44.326+0000] {logging_mixin.py:188} INFO - [2026-03-25T11:15:44.324+0000] {dag.py:3954} INFO - Setting next_dagrun for hello_airflow to 2024-03-23 00:00:00+00:00, run_after=2024-03-24 00:00:00+00:00
[2026-03-25T11:15:44.365+0000] {processor.py:183} INFO - Processing /opt/airflow/dags/example.py took 0.178 seconds
[2026-03-25T11:16:15.211+0000] {processor.py:161} INFO - Started process (PID=622) to work on /opt/airflow/dags/example.py
[2026-03-25T11:16:15.213+0000] {processor.py:830} INFO - Processing file /opt/airflow/dags/example.py for tasks to queue
[2026-03-25T11:16:15.217+0000] {logging_mixin.py:188} INFO - [2026-03-25T11:16:15.216+0000] {dagbag.py:545} INFO - Filling up the DagBag from /opt/airflow/dags/example.py
[2026-03-25T11:16:15.271+0000] {processor.py:840} INFO - DAG(s) 'hello_airflow' retrieved from /opt/airflow/dags/example.py
[2026-03-25T11:16:15.337+0000] {logging_mixin.py:188} INFO - [2026-03-25T11:16:15.337+0000] {dag.py:3096} INFO - Sync 1 DAGs
[2026-03-25T11:16:15.384+0000] {logging_mixin.py:188} INFO - [2026-03-25T11:16:15.384+0000] {dag.py:3954} INFO - Setting next_dagrun for hello_airflow to 2024-03-23 00:00:00+00:00, run_after=2024-03-24 00:00:00+00:00
[2026-03-25T11:16:15.436+0000] {processor.py:183} INFO - Processing /opt/airflow/dags/example.py took 0.238 seconds
[2026-03-25T11:16:46.040+0000] {processor.py:161} INFO - Started process (PID=710) to work on /opt/airflow/dags/example.py
[2026-03-25T11:16:46.045+0000] {processor.py:830} INFO - Processing file /opt/airflow/dags/example.py for tasks to queue
[2026-03-25T11:16:46.053+0000] {logging_mixin.py:188} INFO - [2026-03-25T11:16:46.052+0000] {dagbag.py:545} INFO - Filling up the DagBag from /opt/airflow/dags/example.py
[2026-03-25T11:16:46.176+0000] {processor.py:840} INFO - DAG(s) 'hello_airflow' retrieved from /opt/airflow/dags/example.py
[2026-03-25T11:16:46.280+0000] {logging_mixin.py:188} INFO - [2026-03-25T11:16:46.280+0000] {dag.py:3096} INFO - Sync 1 DAGs
[2026-03-25T11:16:46.353+0000] {logging_mixin.py:188} INFO - [2026-03-25T11:16:46.352+0000] {dag.py:3954} INFO - Setting next_dagrun for hello_airflow to 2024-03-23 00:00:00+00:00, run_after=2024-03-24 00:00:00+00:00
[2026-03-25T11:16:46.457+0000] {processor.py:183} INFO - Processing /opt/airflow/dags/example.py took 0.439 seconds
[2026-03-25T11:17:16.820+0000] {processor.py:161} INFO - Started process (PID=779) to work on /opt/airflow/dags/example.py
[2026-03-25T11:17:16.822+0000] {processor.py:830} INFO - Processing file /opt/airflow/dags/example.py for tasks to queue
[2026-03-25T11:17:16.825+0000] {logging_mixin.py:188} INFO - [2026-03-25T11:17:16.825+0000] {dagbag.py:545} INFO - Filling up the DagBag from /opt/airflow/dags/example.py
[2026-03-25T11:17:16.876+0000] {processor.py:840} INFO - DAG(s) 'hello_airflow' retrieved from /opt/airflow/dags/example.py
[2026-03-25T11:17:16.910+0000] {logging_mixin.py:188} INFO - [2026-03-25T11:17:16.910+0000] {dag.py:3096} INFO - Sync 1 DAGs
[2026-03-25T11:17:16.934+0000] {logging_mixin.py:188} INFO - [2026-03-25T11:17:16.934+0000] {dag.py:3954} INFO - Setting next_dagrun for hello_airflow to 2024-03-23 00:00:00+00:00, run_after=2024-03-24 00:00:00+00:00
[2026-03-25T11:17:16.968+0000] {processor.py:183} INFO - Processing /opt/airflow/dags/example.py took 0.154 seconds
[2026-03-25T11:17:47.149+0000] {processor.py:161} INFO - Started process (PID=870) to work on /opt/airflow/dags/example.py
[2026-03-25T11:17:47.151+0000] {processor.py:830} INFO - Processing file /opt/airflow/dags/example.py for tasks to queue
[2026-03-25T11:17:47.154+0000] {logging_mixin.py:188} INFO - [2026-03-25T11:17:47.154+0000] {dagbag.py:545} INFO - Filling up the DagBag from /opt/airflow/dags/example.py
[2026-03-25T11:17:47.179+0000] {processor.py:840} INFO - DAG(s) 'hello_airflow' retrieved from /opt/airflow/dags/example.py
[2026-03-25T11:17:47.207+0000] {logging_mixin.py:188} INFO - [2026-03-25T11:17:47.206+0000] {dag.py:3096} INFO - Sync 1 DAGs
[2026-03-25T11:17:47.230+0000] {logging_mixin.py:188} INFO - [2026-03-25T11:17:47.230+0000] {dag.py:3954} INFO - Setting next_dagrun for hello_airflow to 2024-03-23 00:00:00+00:00, run_after=2024-03-24 00:00:00+00:00
[2026-03-25T11:17:47.259+0000] {processor.py:183} INFO - Processing /opt/airflow/dags/example.py took 0.116 seconds
[2026-03-25T11:18:17.350+0000] {processor.py:161} INFO - Started process (PID=960) to work on /opt/airflow/dags/example.py
[2026-03-25T11:18:17.353+0000] {processor.py:830} INFO - Processing file /opt/airflow/dags/example.py for tasks to queue
[2026-03-25T11:18:17.356+0000] {logging_mixin.py:188} INFO - [2026-03-25T11:18:17.356+0000] {dagbag.py:545} INFO - Filling up the DagBag from /opt/airflow/dags/example.py
[2026-03-25T11:18:17.405+0000] {processor.py:840} INFO - DAG(s) 'hello_airflow' retrieved from /opt/airflow/dags/example.py
[2026-03-25T11:18:17.442+0000] {logging_mixin.py:188} INFO - [2026-03-25T11:18:17.442+0000] {dag.py:3096} INFO - Sync 1 DAGs
[2026-03-25T11:18:17.464+0000] {logging_mixin.py:188} INFO - [2026-03-25T11:18:17.463+0000] {dag.py:3954} INFO - Setting next_dagrun for hello_airflow to 2024-03-23 00:00:00+00:00, run_after=2024-03-24 00:00:00+00:00
[2026-03-25T11:18:17.488+0000] {processor.py:183} INFO - Processing /opt/airflow/dags/example.py took 0.145 seconds
[2026-03-25T11:18:47.601+0000] {processor.py:161} INFO - Started process (PID=1050) to work on /opt/airflow/dags/example.py
[2026-03-25T11:18:47.602+0000] {processor.py:830} INFO - Processing file /opt/airflow/dags/example.py for tasks to queue
[2026-03-25T11:18:47.606+0000] {logging_mixin.py:188} INFO - [2026-03-25T11:18:47.605+0000] {dagbag.py:545} INFO - Filling up the DagBag from /opt/airflow/dags/example.py
[2026-03-25T11:18:47.638+0000] {processor.py:840} INFO - DAG(s) 'hello_airflow' retrieved from /opt/airflow/dags/example.py
[2026-03-25T11:18:47.674+0000] {logging_mixin.py:188} INFO - [2026-03-25T11:18:47.674+0000] {dag.py:3096} INFO - Sync 1 DAGs
[2026-03-25T11:18:47.696+0000] {logging_mixin.py:188} INFO - [2026-03-25T11:18:47.696+0000] {dag.py:3954} INFO - Setting next_dagrun for hello_airflow to 2024-03-23 00:00:00+00:00, run_after=2024-03-24 00:00:00+00:00
[2026-03-25T11:18:47.717+0000] {processor.py:183} INFO - Processing /opt/airflow/dags/example.py took 0.123 seconds
[2026-03-25T11:19:18.384+0000] {processor.py:161} INFO - Started process (PID=1140) to work on /opt/airflow/dags/example.py
[2026-03-25T11:19:18.386+0000] {processor.py:830} INFO - Processing file /opt/airflow/dags/example.py for tasks to queue
[2026-03-25T11:19:18.390+0000] {logging_mixin.py:188} INFO - [2026-03-25T11:19:18.390+0000] {dagbag.py:545} INFO - Filling up the DagBag from /opt/airflow/dags/example.py
[2026-03-25T11:19:18.429+0000] {processor.py:840} INFO - DAG(s) 'hello_airflow' retrieved from /opt/airflow/dags/example.py
[2026-03-25T11:19:18.495+0000] {logging_mixin.py:188} INFO - [2026-03-25T11:19:18.494+0000] {dag.py:3096} INFO - Sync 1 DAGs
[2026-03-25T11:19:18.566+0000] {logging_mixin.py:188} INFO - [2026-03-25T11:19:18.565+0000] {dag.py:3954} INFO - Setting next_dagrun for hello_airflow to 2024-03-23 00:00:00+00:00, run_after=2024-03-24 00:00:00+00:00
[2026-03-25T11:19:18.632+0000] {processor.py:183} INFO - Processing /opt/airflow/dags/example.py took 0.258 seconds
[2026-03-25T11:19:49.482+0000] {processor.py:161} INFO - Started process (PID=1230) to work on /opt/airflow/dags/example.py
[2026-03-25T11:19:49.483+0000] {processor.py:830} INFO - Processing file /opt/airflow/dags/example.py for tasks to queue
[2026-03-25T11:19:49.486+0000] {logging_mixin.py:188} INFO - [2026-03-25T11:19:49.485+0000] {dagbag.py:545} INFO - Filling up the DagBag from /opt/airflow/dags/example.py
[2026-03-25T11:19:49.532+0000] {processor.py:840} INFO - DAG(s) 'hello_airflow' retrieved from /opt/airflow/dags/example.py
[2026-03-25T11:19:49.608+0000] {logging_mixin.py:188} INFO - [2026-03-25T11:19:49.608+0000] {dag.py:3096} INFO - Sync 1 DAGs
[2026-03-25T11:19:49.656+0000] {logging_mixin.py:188} INFO - [2026-03-25T11:19:49.655+0000] {dag.py:3954} INFO - Setting next_dagrun for hello_airflow to 2024-03-23 00:00:00+00:00, run_after=2024-03-24 00:00:00+00:00
[2026-03-25T11:19:49.686+0000] {processor.py:183} INFO - Processing /opt/airflow/dags/example.py took 0.215 seconds
[2026-03-25T11:20:20.677+0000] {processor.py:161} INFO - Started process (PID=1320) to work on /opt/airflow/dags/example.py
[2026-03-25T11:20:20.679+0000] {processor.py:830} INFO - Processing file /opt/airflow/dags/example.py for tasks to queue
[2026-03-25T11:20:20.681+0000] {logging_mixin.py:188} INFO - [2026-03-25T11:20:20.681+0000] {dagbag.py:545} INFO - Filling up the DagBag from /opt/airflow/dags/example.py
[2026-03-25T11:20:20.717+0000] {processor.py:840} INFO - DAG(s) 'hello_airflow' retrieved from /opt/airflow/dags/example.py
[2026-03-25T11:20:20.744+0000] {logging_mixin.py:188} INFO - [2026-03-25T11:20:20.744+0000] {dag.py:3096} INFO - Sync 1 DAGs
[2026-03-25T11:20:20.765+0000] {logging_mixin.py:188} INFO - [2026-03-25T11:20:20.765+0000] {dag.py:3954} INFO - Setting next_dagrun for hello_airflow to 2024-03-23 00:00:00+00:00, run_after=2024-03-24 00:00:00+00:00
[2026-03-25T11:20:20.794+0000] {processor.py:183} INFO - Processing /opt/airflow/dags/example.py took 0.126 seconds
[2026-03-25T11:20:51.444+0000] {processor.py:161} INFO - Started process (PID=1410) to work on /opt/airflow/dags/example.py
[2026-03-25T11:20:51.445+0000] {processor.py:830} INFO - Processing file /opt/airflow/dags/example.py for tasks to queue
[2026-03-25T11:20:51.448+0000] {logging_mixin.py:188} INFO - [2026-03-25T11:20:51.448+0000] {dagbag.py:545} INFO - Filling up the DagBag from /opt/airflow/dags/example.py
[2026-03-25T11:20:51.472+0000] {processor.py:840} INFO - DAG(s) 'hello_airflow' retrieved from /opt/airflow/dags/example.py
[2026-03-25T11:20:51.499+0000] {logging_mixin.py:188} INFO - [2026-03-25T11:20:51.499+0000] {dag.py:3096} INFO - Sync 1 DAGs
[2026-03-25T11:20:51.519+0000] {logging_mixin.py:188} INFO - [2026-03-25T11:20:51.519+0000] {dag.py:3954} INFO - Setting next_dagrun for hello_airflow to 2024-03-23 00:00:00+00:00, run_after=2024-03-24 00:00:00+00:00
[2026-03-25T11:20:51.548+0000] {processor.py:183} INFO - Processing /opt/airflow/dags/example.py took 0.112 seconds
[2026-03-25T11:21:22.143+0000] {processor.py:161} INFO - Started process (PID=1500) to work on /opt/airflow/dags/example.py
[2026-03-25T11:21:22.145+0000] {processor.py:830} INFO - Processing file /opt/airflow/dags/example.py for tasks to queue
[2026-03-25T11:21:22.147+0000] {logging_mixin.py:188} INFO - [2026-03-25T11:21:22.147+0000] {dagbag.py:545} INFO - Filling up the DagBag from /opt/airflow/dags/example.py
[2026-03-25T11:21:22.178+0000] {processor.py:840} INFO - DAG(s) 'hello_airflow' retrieved from /opt/airflow/dags/example.py
[2026-03-25T11:21:22.210+0000] {logging_mixin.py:188} INFO - [2026-03-25T11:21:22.210+0000] {dag.py:3096} INFO - Sync 1 DAGs
[2026-03-25T11:21:22.231+0000] {logging_mixin.py:188} INFO - [2026-03-25T11:21:22.230+0000] {dag.py:3954} INFO - Setting next_dagrun for hello_airflow to 2024-03-23 00:00:00+00:00, run_after=2024-03-24 00:00:00+00:00
[2026-03-25T11:21:22.255+0000] {processor.py:183} INFO - Processing /opt/airflow/dags/example.py took 0.118 seconds
[2026-03-25T11:21:52.470+0000] {processor.py:161} INFO - Started process (PID=1590) to work on /opt/airflow/dags/example.py
[2026-03-25T11:21:52.471+0000] {processor.py:830} INFO - Processing file /opt/airflow/dags/example.py for tasks to queue
[2026-03-25T11:21:52.474+0000] {logging_mixin.py:188} INFO - [2026-03-25T11:21:52.474+0000] {dagbag.py:545} INFO - Filling up the DagBag from /opt/airflow/dags/example.py
[2026-03-25T11:21:52.506+0000] {processor.py:840} INFO - DAG(s) 'hello_airflow' retrieved from /opt/airflow/dags/example.py
[2026-03-25T11:21:52.537+0000] {logging_mixin.py:188} INFO - [2026-03-25T11:21:52.536+0000] {dag.py:3096} INFO - Sync 1 DAGs
[2026-03-25T11:21:52.561+0000] {logging_mixin.py:188} INFO - [2026-03-25T11:21:52.560+0000] {dag.py:3954} INFO - Setting next_dagrun for hello_airflow to 2024-03-23 00:00:00+00:00, run_after=2024-03-24 00:00:00+00:00
[2026-03-25T11:21:52.586+0000] {processor.py:183} INFO - Processing /opt/airflow/dags/example.py took 0.123 seconds
[2026-03-25T11:22:23.332+0000] {processor.py:161} INFO - Started process (PID=1680) to work on /opt/airflow/dags/example.py
[2026-03-25T11:22:23.335+0000] {processor.py:830} INFO - Processing file /opt/airflow/dags/example.py for tasks to queue
[2026-03-25T11:22:23.344+0000] {logging_mixin.py:188} INFO - [2026-03-25T11:22:23.343+0000] {dagbag.py:545} INFO - Filling up the DagBag from /opt/airflow/dags/example.py
[2026-03-25T11:22:23.400+0000] {processor.py:840} INFO - DAG(s) 'hello_airflow' retrieved from /opt/airflow/dags/example.py
[2026-03-25T11:22:23.466+0000] {logging_mixin.py:188} INFO - [2026-03-25T11:22:23.466+0000] {dag.py:3096} INFO - Sync 1 DAGs
[2026-03-25T11:22:23.511+0000] {logging_mixin.py:188} INFO - [2026-03-25T11:22:23.511+0000] {dag.py:3954} INFO - Setting next_dagrun for hello_airflow to 2024-03-23 00:00:00+00:00, run_after=2024-03-24 00:00:00+00:00
[2026-03-25T11:22:23.569+0000] {processor.py:183} INFO - Processing /opt/airflow/dags/example.py took 0.258 seconds
[2026-03-25T11:22:53.783+0000] {processor.py:161} INFO - Started process (PID=1748) to work on /opt/airflow/dags/example.py
[2026-03-25T11:22:53.786+0000] {processor.py:830} INFO - Processing file /opt/airflow/dags/example.py for tasks to queue
[2026-03-25T11:22:53.793+0000] {logging_mixin.py:188} INFO - [2026-03-25T11:22:53.792+0000] {dagbag.py:545} INFO - Filling up the DagBag from /opt/airflow/dags/example.py
[2026-03-25T11:22:53.841+0000] {processor.py:840} INFO - DAG(s) 'hello_airflow' retrieved from /opt/airflow/dags/example.py
[2026-03-25T11:22:53.892+0000] {logging_mixin.py:188} INFO - [2026-03-25T11:22:53.891+0000] {dag.py:3096} INFO - Sync 1 DAGs
[2026-03-25T11:22:53.922+0000] {logging_mixin.py:188} INFO - [2026-03-25T11:22:53.921+0000] {dag.py:3954} INFO - Setting next_dagrun for hello_airflow to 2024-03-23 00:00:00+00:00, run_after=2024-03-24 00:00:00+00:00
[2026-03-25T11:22:53.954+0000] {processor.py:183} INFO - Processing /opt/airflow/dags/example.py took 0.187 seconds
[2026-03-25T11:23:24.594+0000] {processor.py:161} INFO - Started process (PID=1775) to work on /opt/airflow/dags/example.py
[2026-03-25T11:23:24.601+0000] {processor.py:830} INFO - Processing file /opt/airflow/dags/example.py for tasks to queue
[2026-03-25T11:23:24.605+0000] {logging_mixin.py:188} INFO - [2026-03-25T11:23:24.604+0000] {dagbag.py:545} INFO - Filling up the DagBag from /opt/airflow/dags/example.py
[2026-03-25T11:23:24.654+0000] {processor.py:840} INFO - DAG(s) 'hello_airflow' retrieved from /opt/airflow/dags/example.py
[2026-03-25T11:23:24.700+0000] {logging_mixin.py:188} INFO - [2026-03-25T11:23:24.700+0000] {dag.py:3096} INFO - Sync 1 DAGs
[2026-03-25T11:23:24.729+0000] {logging_mixin.py:188} INFO - [2026-03-25T11:23:24.729+0000] {dag.py:3954} INFO - Setting next_dagrun for hello_airflow to 2024-03-23 00:00:00+00:00, run_after=2024-03-24 00:00:00+00:00
[2026-03-25T11:23:24.763+0000] {processor.py:183} INFO - Processing /opt/airflow/dags/example.py took 0.181 seconds
[2026-03-25T11:23:55.536+0000] {processor.py:161} INFO - Started process (PID=1801) to work on /opt/airflow/dags/example.py
[2026-03-25T11:23:55.537+0000] {processor.py:830} INFO - Processing file /opt/airflow/dags/example.py for tasks to queue
[2026-03-25T11:23:55.540+0000] {logging_mixin.py:188} INFO - [2026-03-25T11:23:55.539+0000] {dagbag.py:545} INFO - Filling up the DagBag from /opt/airflow/dags/example.py
[2026-03-25T11:23:55.575+0000] {processor.py:840} INFO - DAG(s) 'hello_airflow' retrieved from /opt/airflow/dags/example.py
[2026-03-25T11:23:55.610+0000] {logging_mixin.py:188} INFO - [2026-03-25T11:23:55.609+0000] {dag.py:3096} INFO - Sync 1 DAGs
[2026-03-25T11:23:55.630+0000] {logging_mixin.py:188} INFO - [2026-03-25T11:23:55.629+0000] {dag.py:3954} INFO - Setting next_dagrun for hello_airflow to 2024-03-23 00:00:00+00:00, run_after=2024-03-24 00:00:00+00:00
[2026-03-25T11:23:55.658+0000] {processor.py:183} INFO - Processing /opt/airflow/dags/example.py took 0.129 seconds
[2026-03-25T11:24:26.427+0000] {processor.py:161} INFO - Started process (PID=1827) to work on /opt/airflow/dags/example.py
[2026-03-25T11:24:26.429+0000] {processor.py:830} INFO - Processing file /opt/airflow/dags/example.py for tasks to queue
[2026-03-25T11:24:26.432+0000] {logging_mixin.py:188} INFO - [2026-03-25T11:24:26.432+0000] {dagbag.py:545} INFO - Filling up the DagBag from /opt/airflow/dags/example.py
[2026-03-25T11:24:26.478+0000] {processor.py:840} INFO - DAG(s) 'hello_airflow' retrieved from /opt/airflow/dags/example.py
[2026-03-25T11:24:26.509+0000] {logging_mixin.py:188} INFO - [2026-03-25T11:24:26.509+0000] {dag.py:3096} INFO - Sync 1 DAGs
[2026-03-25T11:24:26.533+0000] {logging_mixin.py:188} INFO - [2026-03-25T11:24:26.533+0000] {dag.py:3954} INFO - Setting next_dagrun for hello_airflow to 2024-03-23 00:00:00+00:00, run_after=2024-03-24 00:00:00+00:00
[2026-03-25T11:24:26.560+0000] {processor.py:183} INFO - Processing /opt/airflow/dags/example.py took 0.140 seconds
[2026-03-25T11:24:57.214+0000] {processor.py:161} INFO - Started process (PID=1853) to work on /opt/airflow/dags/example.py
[2026-03-25T11:24:57.215+0000] {processor.py:830} INFO - Processing file /opt/airflow/dags/example.py for tasks to queue
[2026-03-25T11:24:57.218+0000] {logging_mixin.py:188} INFO - [2026-03-25T11:24:57.217+0000] {dagbag.py:545} INFO - Filling up the DagBag from /opt/airflow/dags/example.py
[2026-03-25T11:24:57.258+0000] {processor.py:840} INFO - DAG(s) 'hello_airflow' retrieved from /opt/airflow/dags/example.py
[2026-03-25T11:24:57.289+0000] {logging_mixin.py:188} INFO - [2026-03-25T11:24:57.289+0000] {dag.py:3096} INFO - Sync 1 DAGs
[2026-03-25T11:24:57.309+0000] {logging_mixin.py:188} INFO - [2026-03-25T11:24:57.309+0000] {dag.py:3954} INFO - Setting next_dagrun for hello_airflow to 2024-03-23 00:00:00+00:00, run_after=2024-03-24 00:00:00+00:00
[2026-03-25T11:24:57.335+0000] {processor.py:183} INFO - Processing /opt/airflow/dags/example.py took 0.127 seconds
[2026-03-25T11:25:28.080+0000] {processor.py:161} INFO - Started process (PID=1879) to work on /opt/airflow/dags/example.py
[2026-03-25T11:25:28.082+0000] {processor.py:830} INFO - Processing file /opt/airflow/dags/example.py for tasks to queue
[2026-03-25T11:25:28.084+0000] {logging_mixin.py:188} INFO - [2026-03-25T11:25:28.084+0000] {dagbag.py:545} INFO - Filling up the DagBag from /opt/airflow/dags/example.py
[2026-03-25T11:25:28.124+0000] {processor.py:840} INFO - DAG(s) 'hello_airflow' retrieved from /opt/airflow/dags/example.py
[2026-03-25T11:25:28.163+0000] {logging_mixin.py:188} INFO - [2026-03-25T11:25:28.163+0000] {dag.py:3096} INFO - Sync 1 DAGs
[2026-03-25T11:25:28.194+0000] {logging_mixin.py:188} INFO - [2026-03-25T11:25:28.193+0000] {dag.py:3954} INFO - Setting next_dagrun for hello_airflow to 2024-03-23 00:00:00+00:00, run_after=2024-03-24 00:00:00+00:00
[2026-03-25T11:25:28.227+0000] {processor.py:183} INFO - Processing /opt/airflow/dags/example.py took 0.152 seconds
[2026-03-25T11:29:57.142+0000] {processor.py:161} INFO - Started process (PID=199) to work on /opt/airflow/dags/example.py
[2026-03-25T11:29:57.147+0000] {processor.py:830} INFO - Processing file /opt/airflow/dags/example.py for tasks to queue
[2026-03-25T11:29:57.151+0000] {logging_mixin.py:188} INFO - [2026-03-25T11:29:57.151+0000] {dagbag.py:545} INFO - Filling up the DagBag from /opt/airflow/dags/example.py
[2026-03-25T11:29:57.206+0000] {processor.py:840} INFO - DAG(s) 'hello_airflow' retrieved from /opt/airflow/dags/example.py
[2026-03-25T11:29:57.628+0000] {logging_mixin.py:188} INFO - [2026-03-25T11:29:57.627+0000] {override.py:1829} INFO - Created Permission View: can edit on DAG:hello_airflow
[2026-03-25T11:29:57.642+0000] {logging_mixin.py:188} INFO - [2026-03-25T11:29:57.641+0000] {override.py:1829} INFO - Created Permission View: can read on DAG:hello_airflow
[2026-03-25T11:29:57.652+0000] {logging_mixin.py:188} INFO - [2026-03-25T11:29:57.651+0000] {override.py:1829} INFO - Created Permission View: can delete on DAG:hello_airflow
[2026-03-25T11:29:57.653+0000] {logging_mixin.py:188} INFO - [2026-03-25T11:29:57.653+0000] {dag.py:3096} INFO - Sync 1 DAGs
[2026-03-25T11:29:57.672+0000] {logging_mixin.py:188} INFO - [2026-03-25T11:29:57.672+0000] {dag.py:3118} INFO - Creating ORM DAG for hello_airflow
[2026-03-25T11:29:57.688+0000] {logging_mixin.py:188} INFO - [2026-03-25T11:29:57.687+0000] {dag.py:3954} INFO - Setting next_dagrun for hello_airflow to 2024-03-23 00:00:00+00:00, run_after=2024-03-24 00:00:00+00:00
[2026-03-25T11:29:57.724+0000] {processor.py:183} INFO - Processing /opt/airflow/dags/example.py took 0.597 seconds
[2026-03-25T11:30:28.706+0000] {processor.py:161} INFO - Started process (PID=232) to work on /opt/airflow/dags/example.py
[2026-03-25T11:30:28.708+0000] {processor.py:830} INFO - Processing file /opt/airflow/dags/example.py for tasks to queue
[2026-03-25T11:30:28.711+0000] {logging_mixin.py:188} INFO - [2026-03-25T11:30:28.711+0000] {dagbag.py:545} INFO - Filling up the DagBag from /opt/airflow/dags/example.py
[2026-03-25T11:30:28.753+0000] {processor.py:840} INFO - DAG(s) 'hello_airflow' retrieved from /opt/airflow/dags/example.py
[2026-03-25T11:30:28.812+0000] {logging_mixin.py:188} INFO - [2026-03-25T11:30:28.812+0000] {dag.py:3096} INFO - Sync 1 DAGs
[2026-03-25T11:30:28.849+0000] {logging_mixin.py:188} INFO - [2026-03-25T11:30:28.848+0000] {dag.py:3954} INFO - Setting next_dagrun for hello_airflow to 2024-03-23 00:00:00+00:00, run_after=2024-03-24 00:00:00+00:00
[2026-03-25T11:30:28.890+0000] {processor.py:183} INFO - Processing /opt/airflow/dags/example.py took 0.195 seconds
[2026-03-25T11:30:59.569+0000] {processor.py:161} INFO - Started process (PID=259) to work on /opt/airflow/dags/example.py
[2026-03-25T11:30:59.571+0000] {processor.py:830} INFO - Processing file /opt/airflow/dags/example.py for tasks to queue
[2026-03-25T11:30:59.573+0000] {logging_mixin.py:188} INFO - [2026-03-25T11:30:59.573+0000] {dagbag.py:545} INFO - Filling up the DagBag from /opt/airflow/dags/example.py
[2026-03-25T11:30:59.601+0000] {processor.py:840} INFO - DAG(s) 'hello_airflow' retrieved from /opt/airflow/dags/example.py
[2026-03-25T11:30:59.630+0000] {logging_mixin.py:188} INFO - [2026-03-25T11:30:59.629+0000] {dag.py:3096} INFO - Sync 1 DAGs
[2026-03-25T11:30:59.651+0000] {logging_mixin.py:188} INFO - [2026-03-25T11:30:59.651+0000] {dag.py:3954} INFO - Setting next_dagrun for hello_airflow to 2024-03-23 00:00:00+00:00, run_after=2024-03-24 00:00:00+00:00
[2026-03-25T11:30:59.677+0000] {processor.py:183} INFO - Processing /opt/airflow/dags/example.py took 0.115 seconds
[2026-03-25T11:31:30.313+0000] {processor.py:161} INFO - Started process (PID=286) to work on /opt/airflow/dags/example.py
[2026-03-25T11:31:30.314+0000] {processor.py:830} INFO - Processing file /opt/airflow/dags/example.py for tasks to queue
[2026-03-25T11:31:30.317+0000] {logging_mixin.py:188} INFO - [2026-03-25T11:31:30.316+0000] {dagbag.py:545} INFO - Filling up the DagBag from /opt/airflow/dags/example.py
[2026-03-25T11:31:30.339+0000] {processor.py:840} INFO - DAG(s) 'hello_airflow' retrieved from /opt/airflow/dags/example.py
[2026-03-25T11:31:30.370+0000] {logging_mixin.py:188} INFO - [2026-03-25T11:31:30.370+0000] {dag.py:3096} INFO - Sync 1 DAGs
[2026-03-25T11:31:30.391+0000] {logging_mixin.py:188} INFO - [2026-03-25T11:31:30.391+0000] {dag.py:3954} INFO - Setting next_dagrun for hello_airflow to 2024-03-23 00:00:00+00:00, run_after=2024-03-24 00:00:00+00:00
[2026-03-25T11:31:30.416+0000] {processor.py:183} INFO - Processing /opt/airflow/dags/example.py took 0.111 seconds
[2026-03-25T11:32:01.116+0000] {processor.py:161} INFO - Started process (PID=313) to work on /opt/airflow/dags/example.py
[2026-03-25T11:32:01.118+0000] {processor.py:830} INFO - Processing file /opt/airflow/dags/example.py for tasks to queue
[2026-03-25T11:32:01.121+0000] {logging_mixin.py:188} INFO - [2026-03-25T11:32:01.121+0000] {dagbag.py:545} INFO - Filling up the DagBag from /opt/airflow/dags/example.py
[2026-03-25T11:32:01.154+0000] {processor.py:840} INFO - DAG(s) 'hello_airflow' retrieved from /opt/airflow/dags/example.py
[2026-03-25T11:32:01.191+0000] {logging_mixin.py:188} INFO - [2026-03-25T11:32:01.191+0000] {dag.py:3096} INFO - Sync 1 DAGs
[2026-03-25T11:32:01.215+0000] {logging_mixin.py:188} INFO - [2026-03-25T11:32:01.214+0000] {dag.py:3954} INFO - Setting next_dagrun for hello_airflow to 2024-03-23 00:00:00+00:00, run_after=2024-03-24 00:00:00+00:00
[2026-03-25T11:32:01.243+0000] {processor.py:183} INFO - Processing /opt/airflow/dags/example.py took 0.139 seconds
[2026-03-25T11:32:31.941+0000] {processor.py:161} INFO - Started process (PID=341) to work on /opt/airflow/dags/example.py
[2026-03-25T11:32:31.942+0000] {processor.py:830} INFO - Processing file /opt/airflow/dags/example.py for tasks to queue
[2026-03-25T11:32:31.945+0000] {logging_mixin.py:188} INFO - [2026-03-25T11:32:31.944+0000] {dagbag.py:545} INFO - Filling up the DagBag from /opt/airflow/dags/example.py
[2026-03-25T11:32:31.966+0000] {processor.py:840} INFO - DAG(s) 'hello_airflow' retrieved from /opt/airflow/dags/example.py
[2026-03-25T11:32:31.998+0000] {logging_mixin.py:188} INFO - [2026-03-25T11:32:31.997+0000] {dag.py:3096} INFO - Sync 1 DAGs
[2026-03-25T11:32:32.023+0000] {logging_mixin.py:188} INFO - [2026-03-25T11:32:32.022+0000] {dag.py:3954} INFO - Setting next_dagrun for hello_airflow to 2024-03-23 00:00:00+00:00, run_after=2024-03-24 00:00:00+00:00
[2026-03-25T11:32:32.050+0000] {processor.py:183} INFO - Processing /opt/airflow/dags/example.py took 0.115 seconds
[2026-03-25T11:33:02.665+0000] {processor.py:161} INFO - Started process (PID=367) to work on /opt/airflow/dags/example.py
[2026-03-25T11:33:02.666+0000] {processor.py:830} INFO - Processing file /opt/airflow/dags/example.py for tasks to queue
[2026-03-25T11:33:02.670+0000] {logging_mixin.py:188} INFO - [2026-03-25T11:33:02.669+0000] {dagbag.py:545} INFO - Filling up the DagBag from /opt/airflow/dags/example.py
[2026-03-25T11:33:02.699+0000] {processor.py:840} INFO - DAG(s) 'hello_airflow' retrieved from /opt/airflow/dags/example.py
[2026-03-25T11:33:02.736+0000] {logging_mixin.py:188} INFO - [2026-03-25T11:33:02.736+0000] {dag.py:3096} INFO - Sync 1 DAGs
[2026-03-25T11:33:02.761+0000] {logging_mixin.py:188} INFO - [2026-03-25T11:33:02.761+0000] {dag.py:3954} INFO - Setting next_dagrun for hello_airflow to 2024-03-23 00:00:00+00:00, run_after=2024-03-24 00:00:00+00:00
[2026-03-25T11:33:02.789+0000] {processor.py:183} INFO - Processing /opt/airflow/dags/example.py took 0.131 seconds
[2026-03-25T11:33:33.469+0000] {processor.py:161} INFO - Started process (PID=393) to work on /opt/airflow/dags/example.py
[2026-03-25T11:33:33.471+0000] {processor.py:830} INFO - Processing file /opt/airflow/dags/example.py for tasks to queue
[2026-03-25T11:33:33.474+0000] {logging_mixin.py:188} INFO - [2026-03-25T11:33:33.474+0000] {dagbag.py:545} INFO - Filling up the DagBag from /opt/airflow/dags/example.py
[2026-03-25T11:33:33.503+0000] {processor.py:840} INFO - DAG(s) 'hello_airflow' retrieved from /opt/airflow/dags/example.py
[2026-03-25T11:33:33.537+0000] {logging_mixin.py:188} INFO - [2026-03-25T11:33:33.537+0000] {dag.py:3096} INFO - Sync 1 DAGs
[2026-03-25T11:33:33.562+0000] {logging_mixin.py:188} INFO - [2026-03-25T11:33:33.562+0000] {dag.py:3954} INFO - Setting next_dagrun for hello_airflow to 2024-03-23 00:00:00+00:00, run_after=2024-03-24 00:00:00+00:00
[2026-03-25T11:33:33.593+0000] {processor.py:183} INFO - Processing /opt/airflow/dags/example.py took 0.132 seconds
[2026-03-25T11:34:04.163+0000] {processor.py:161} INFO - Started process (PID=419) to work on /opt/airflow/dags/example.py
[2026-03-25T11:34:04.165+0000] {processor.py:830} INFO - Processing file /opt/airflow/dags/example.py for tasks to queue
[2026-03-25T11:34:04.168+0000] {logging_mixin.py:188} INFO - [2026-03-25T11:34:04.168+0000] {dagbag.py:545} INFO - Filling up the DagBag from /opt/airflow/dags/example.py
[2026-03-25T11:34:04.192+0000] {processor.py:840} INFO - DAG(s) 'hello_airflow' retrieved from /opt/airflow/dags/example.py
[2026-03-25T11:34:04.230+0000] {logging_mixin.py:188} INFO - [2026-03-25T11:34:04.230+0000] {dag.py:3096} INFO - Sync 1 DAGs
[2026-03-25T11:34:04.254+0000] {logging_mixin.py:188} INFO - [2026-03-25T11:34:04.254+0000] {dag.py:3954} INFO - Setting next_dagrun for hello_airflow to 2024-03-23 00:00:00+00:00, run_after=2024-03-24 00:00:00+00:00
[2026-03-25T11:34:04.276+0000] {processor.py:183} INFO - Processing /opt/airflow/dags/example.py took 0.120 seconds
[2026-03-25T11:34:34.993+0000] {processor.py:161} INFO - Started process (PID=445) to work on /opt/airflow/dags/example.py
[2026-03-25T11:34:34.995+0000] {processor.py:830} INFO - Processing file /opt/airflow/dags/example.py for tasks to queue
[2026-03-25T11:34:35.000+0000] {logging_mixin.py:188} INFO - [2026-03-25T11:34:34.999+0000] {dagbag.py:545} INFO - Filling up the DagBag from /opt/airflow/dags/example.py
[2026-03-25T11:34:35.030+0000] {processor.py:840} INFO - DAG(s) 'hello_airflow' retrieved from /opt/airflow/dags/example.py
[2026-03-25T11:34:35.066+0000] {logging_mixin.py:188} INFO - [2026-03-25T11:34:35.066+0000] {dag.py:3096} INFO - Sync 1 DAGs
[2026-03-25T11:34:35.089+0000] {logging_mixin.py:188} INFO - [2026-03-25T11:34:35.088+0000] {dag.py:3954} INFO - Setting next_dagrun for hello_airflow to 2024-03-23 00:00:00+00:00, run_after=2024-03-24 00:00:00+00:00
[2026-03-25T11:34:35.116+0000] {processor.py:183} INFO - Processing /opt/airflow/dags/example.py took 0.130 seconds
[2026-03-25T11:35:05.920+0000] {processor.py:161} INFO - Started process (PID=471) to work on /opt/airflow/dags/example.py
[2026-03-25T11:35:05.921+0000] {processor.py:830} INFO - Processing file /opt/airflow/dags/example.py for tasks to queue
[2026-03-25T11:35:05.923+0000] {logging_mixin.py:188} INFO - [2026-03-25T11:35:05.923+0000] {dagbag.py:545} INFO - Filling up the DagBag from /opt/airflow/dags/example.py
[2026-03-25T11:35:05.946+0000] {processor.py:840} INFO - DAG(s) 'hello_airflow' retrieved from /opt/airflow/dags/example.py
[2026-03-25T11:35:05.977+0000] {logging_mixin.py:188} INFO - [2026-03-25T11:35:05.977+0000] {dag.py:3096} INFO - Sync 1 DAGs
[2026-03-25T11:35:05.999+0000] {logging_mixin.py:188} INFO - [2026-03-25T11:35:05.998+0000] {dag.py:3954} INFO - Setting next_dagrun for hello_airflow to 2024-03-23 00:00:00+00:00, run_after=2024-03-24 00:00:00+00:00
[2026-03-25T11:35:06.024+0000] {processor.py:183} INFO - Processing /opt/airflow/dags/example.py took 0.110 seconds
[2026-03-25T11:35:36.671+0000] {processor.py:161} INFO - Started process (PID=497) to work on /opt/airflow/dags/example.py
[2026-03-25T11:35:36.673+0000] {processor.py:830} INFO - Processing file /opt/airflow/dags/example.py for tasks to queue
[2026-03-25T11:35:36.676+0000] {logging_mixin.py:188} INFO - [2026-03-25T11:35:36.675+0000] {dagbag.py:545} INFO - Filling up the DagBag from /opt/airflow/dags/example.py
[2026-03-25T11:35:36.711+0000] {processor.py:840} INFO - DAG(s) 'hello_airflow' retrieved from /opt/airflow/dags/example.py
[2026-03-25T11:35:36.747+0000] {logging_mixin.py:188} INFO - [2026-03-25T11:35:36.747+0000] {dag.py:3096} INFO - Sync 1 DAGs
[2026-03-25T11:35:36.770+0000] {logging_mixin.py:188} INFO - [2026-03-25T11:35:36.770+0000] {dag.py:3954} INFO - Setting next_dagrun for hello_airflow to 2024-03-23 00:00:00+00:00, run_after=2024-03-24 00:00:00+00:00
[2026-03-25T11:35:36.799+0000] {processor.py:183} INFO - Processing /opt/airflow/dags/example.py took 0.134 seconds
[2026-03-25T11:36:07.546+0000] {processor.py:161} INFO - Started process (PID=523) to work on /opt/airflow/dags/example.py
[2026-03-25T11:36:07.547+0000] {processor.py:830} INFO - Processing file /opt/airflow/dags/example.py for tasks to queue
[2026-03-25T11:36:07.549+0000] {logging_mixin.py:188} INFO - [2026-03-25T11:36:07.549+0000] {dagbag.py:545} INFO - Filling up the DagBag from /opt/airflow/dags/example.py
[2026-03-25T11:36:07.572+0000] {processor.py:840} INFO - DAG(s) 'hello_airflow' retrieved from /opt/airflow/dags/example.py
[2026-03-25T11:36:07.604+0000] {logging_mixin.py:188} INFO - [2026-03-25T11:36:07.604+0000] {dag.py:3096} INFO - Sync 1 DAGs
[2026-03-25T11:36:07.632+0000] {logging_mixin.py:188} INFO - [2026-03-25T11:36:07.632+0000] {dag.py:3954} INFO - Setting next_dagrun for hello_airflow to 2024-03-23 00:00:00+00:00, run_after=2024-03-24 00:00:00+00:00
[2026-03-25T11:36:07.661+0000] {processor.py:183} INFO - Processing /opt/airflow/dags/example.py took 0.121 seconds
[2026-03-25T11:36:38.250+0000] {processor.py:161} INFO - Started process (PID=549) to work on /opt/airflow/dags/example.py
[2026-03-25T11:36:38.252+0000] {processor.py:830} INFO - Processing file /opt/airflow/dags/example.py for tasks to queue
[2026-03-25T11:36:38.255+0000] {logging_mixin.py:188} INFO - [2026-03-25T11:36:38.254+0000] {dagbag.py:545} INFO - Filling up the DagBag from /opt/airflow/dags/example.py
[2026-03-25T11:36:38.284+0000] {processor.py:840} INFO - DAG(s) 'hello_airflow' retrieved from /opt/airflow/dags/example.py
[2026-03-25T11:36:38.326+0000] {logging_mixin.py:188} INFO - [2026-03-25T11:36:38.325+0000] {dag.py:3096} INFO - Sync 1 DAGs
[2026-03-25T11:36:38.351+0000] {logging_mixin.py:188} INFO - [2026-03-25T11:36:38.351+0000] {dag.py:3954} INFO - Setting next_dagrun for hello_airflow to 2024-03-23 00:00:00+00:00, run_after=2024-03-24 00:00:00+00:00
[2026-03-25T11:36:38.377+0000] {processor.py:183} INFO - Processing /opt/airflow/dags/example.py took 0.136 seconds
[2026-03-25T11:37:09.072+0000] {processor.py:161} INFO - Started process (PID=575) to work on /opt/airflow/dags/example.py
[2026-03-25T11:37:09.074+0000] {processor.py:830} INFO - Processing file /opt/airflow/dags/example.py for tasks to queue
[2026-03-25T11:37:09.078+0000] {logging_mixin.py:188} INFO - [2026-03-25T11:37:09.078+0000] {dagbag.py:545} INFO - Filling up the DagBag from /opt/airflow/dags/example.py
[2026-03-25T11:37:09.115+0000] {processor.py:840} INFO - DAG(s) 'hello_airflow' retrieved from /opt/airflow/dags/example.py
[2026-03-25T11:37:09.167+0000] {logging_mixin.py:188} INFO - [2026-03-25T11:37:09.167+0000] {dag.py:3096} INFO - Sync 1 DAGs
[2026-03-25T11:37:09.188+0000] {logging_mixin.py:188} INFO - [2026-03-25T11:37:09.188+0000] {dag.py:3954} INFO - Setting next_dagrun for hello_airflow to 2024-03-23 00:00:00+00:00, run_after=2024-03-24 00:00:00+00:00
[2026-03-25T11:37:09.211+0000] {processor.py:183} INFO - Processing /opt/airflow/dags/example.py took 0.149 seconds
[2026-03-25T11:38:32.625+0000] {processor.py:161} INFO - Started process (PID=193) to work on /opt/airflow/dags/example.py
[2026-03-25T11:38:32.626+0000] {processor.py:830} INFO - Processing file /opt/airflow/dags/example.py for tasks to queue
[2026-03-25T11:38:32.630+0000] {logging_mixin.py:188} INFO - [2026-03-25T11:38:32.630+0000] {dagbag.py:545} INFO - Filling up the DagBag from /opt/airflow/dags/example.py
[2026-03-25T11:38:32.671+0000] {processor.py:840} INFO - DAG(s) 'hello_airflow' retrieved from /opt/airflow/dags/example.py
[2026-03-25T11:38:32.981+0000] {logging_mixin.py:188} INFO - [2026-03-25T11:38:32.980+0000] {override.py:1829} INFO - Created Permission View: can delete on DAG:hello_airflow
[2026-03-25T11:38:33.007+0000] {logging_mixin.py:188} INFO - [2026-03-25T11:38:33.006+0000] {override.py:1829} INFO - Created Permission View: can read on DAG:hello_airflow
[2026-03-25T11:38:33.024+0000] {logging_mixin.py:188} INFO - [2026-03-25T11:38:33.023+0000] {override.py:1829} INFO - Created Permission View: can edit on DAG:hello_airflow
[2026-03-25T11:38:33.025+0000] {logging_mixin.py:188} INFO - [2026-03-25T11:38:33.025+0000] {dag.py:3096} INFO - Sync 1 DAGs
[2026-03-25T11:38:33.050+0000] {logging_mixin.py:188} INFO - [2026-03-25T11:38:33.049+0000] {dag.py:3118} INFO - Creating ORM DAG for hello_airflow
[2026-03-25T11:38:33.063+0000] {logging_mixin.py:188} INFO - [2026-03-25T11:38:33.063+0000] {dag.py:3954} INFO - Setting next_dagrun for hello_airflow to 2024-03-23 00:00:00+00:00, run_after=2024-03-24 00:00:00+00:00
[2026-03-25T11:38:33.096+0000] {processor.py:183} INFO - Processing /opt/airflow/dags/example.py took 0.480 seconds
[2026-03-25T11:39:04.139+0000] {processor.py:161} INFO - Started process (PID=225) to work on /opt/airflow/dags/example.py
[2026-03-25T11:39:04.142+0000] {processor.py:830} INFO - Processing file /opt/airflow/dags/example.py for tasks to queue
[2026-03-25T11:39:04.173+0000] {logging_mixin.py:188} INFO - [2026-03-25T11:39:04.156+0000] {dagbag.py:545} INFO - Filling up the DagBag from /opt/airflow/dags/example.py
[2026-03-25T11:39:04.336+0000] {processor.py:840} INFO - DAG(s) 'hello_airflow' retrieved from /opt/airflow/dags/example.py
[2026-03-25T11:39:04.433+0000] {logging_mixin.py:188} INFO - [2026-03-25T11:39:04.432+0000] {dag.py:3096} INFO - Sync 1 DAGs
[2026-03-25T11:39:04.513+0000] {logging_mixin.py:188} INFO - [2026-03-25T11:39:04.512+0000] {dag.py:3954} INFO - Setting next_dagrun for hello_airflow to 2024-03-23 00:00:00+00:00, run_after=2024-03-24 00:00:00+00:00
[2026-03-25T11:39:04.612+0000] {processor.py:183} INFO - Processing /opt/airflow/dags/example.py took 0.496 seconds
[2026-03-25T11:39:34.960+0000] {processor.py:161} INFO - Started process (PID=357) to work on /opt/airflow/dags/example.py
[2026-03-25T11:39:34.961+0000] {processor.py:830} INFO - Processing file /opt/airflow/dags/example.py for tasks to queue
[2026-03-25T11:39:34.963+0000] {logging_mixin.py:188} INFO - [2026-03-25T11:39:34.963+0000] {dagbag.py:545} INFO - Filling up the DagBag from /opt/airflow/dags/example.py
[2026-03-25T11:39:34.988+0000] {processor.py:840} INFO - DAG(s) 'hello_airflow' retrieved from /opt/airflow/dags/example.py
[2026-03-25T11:39:35.020+0000] {logging_mixin.py:188} INFO - [2026-03-25T11:39:35.020+0000] {dag.py:3096} INFO - Sync 1 DAGs
[2026-03-25T11:39:35.045+0000] {logging_mixin.py:188} INFO - [2026-03-25T11:39:35.045+0000] {dag.py:3954} INFO - Setting next_dagrun for hello_airflow to 2024-03-23 00:00:00+00:00, run_after=2024-03-24 00:00:00+00:00
[2026-03-25T11:39:35.070+0000] {processor.py:183} INFO - Processing /opt/airflow/dags/example.py took 0.117 seconds
[2026-03-25T11:40:05.511+0000] {processor.py:161} INFO - Started process (PID=471) to work on /opt/airflow/dags/example.py
[2026-03-25T11:40:05.514+0000] {processor.py:830} INFO - Processing file /opt/airflow/dags/example.py for tasks to queue
[2026-03-25T11:40:05.517+0000] {logging_mixin.py:188} INFO - [2026-03-25T11:40:05.517+0000] {dagbag.py:545} INFO - Filling up the DagBag from /opt/airflow/dags/example.py
[2026-03-25T11:40:05.570+0000] {processor.py:840} INFO - DAG(s) 'hello_airflow' retrieved from /opt/airflow/dags/example.py
[2026-03-25T11:40:05.639+0000] {logging_mixin.py:188} INFO - [2026-03-25T11:40:05.638+0000] {dag.py:3096} INFO - Sync 1 DAGs
[2026-03-25T11:40:05.672+0000] {logging_mixin.py:188} INFO - [2026-03-25T11:40:05.672+0000] {dag.py:3954} INFO - Setting next_dagrun for hello_airflow to 2024-03-23 00:00:00+00:00, run_after=2024-03-24 00:00:00+00:00
[2026-03-25T11:40:05.719+0000] {processor.py:183} INFO - Processing /opt/airflow/dags/example.py took 0.223 seconds
[2026-03-25T11:40:36.151+0000] {processor.py:161} INFO - Started process (PID=561) to work on /opt/airflow/dags/example.py
[2026-03-25T11:40:36.153+0000] {processor.py:830} INFO - Processing file /opt/airflow/dags/example.py for tasks to queue
[2026-03-25T11:40:36.158+0000] {logging_mixin.py:188} INFO - [2026-03-25T11:40:36.158+0000] {dagbag.py:545} INFO - Filling up the DagBag from /opt/airflow/dags/example.py
[2026-03-25T11:40:36.193+0000] {processor.py:840} INFO - DAG(s) 'hello_airflow' retrieved from /opt/airflow/dags/example.py
[2026-03-25T11:40:36.236+0000] {logging_mixin.py:188} INFO - [2026-03-25T11:40:36.235+0000] {dag.py:3096} INFO - Sync 1 DAGs
[2026-03-25T11:40:36.265+0000] {logging_mixin.py:188} INFO - [2026-03-25T11:40:36.265+0000] {dag.py:3954} INFO - Setting next_dagrun for hello_airflow to 2024-03-23 00:00:00+00:00, run_after=2024-03-24 00:00:00+00:00
[2026-03-25T11:40:36.293+0000] {processor.py:183} INFO - Processing /opt/airflow/dags/example.py took 0.150 seconds
[2026-03-25T11:41:07.089+0000] {processor.py:161} INFO - Started process (PID=639) to work on /opt/airflow/dags/example.py
[2026-03-25T11:41:07.093+0000] {processor.py:830} INFO - Processing file /opt/airflow/dags/example.py for tasks to queue
[2026-03-25T11:41:07.097+0000] {logging_mixin.py:188} INFO - [2026-03-25T11:41:07.097+0000] {dagbag.py:545} INFO - Filling up the DagBag from /opt/airflow/dags/example.py
[2026-03-25T11:41:07.160+0000] {processor.py:840} INFO - DAG(s) 'hello_airflow' retrieved from /opt/airflow/dags/example.py
[2026-03-25T11:41:07.222+0000] {logging_mixin.py:188} INFO - [2026-03-25T11:41:07.221+0000] {dag.py:3096} INFO - Sync 1 DAGs
[2026-03-25T11:41:07.276+0000] {logging_mixin.py:188} INFO - [2026-03-25T11:41:07.276+0000] {dag.py:3954} INFO - Setting next_dagrun for hello_airflow to 2024-03-23 00:00:00+00:00, run_after=2024-03-24 00:00:00+00:00
[2026-03-25T11:41:07.325+0000] {processor.py:183} INFO - Processing /opt/airflow/dags/example.py took 0.249 seconds
[2026-03-25T11:41:37.412+0000] {processor.py:161} INFO - Started process (PID=746) to work on /opt/airflow/dags/example.py
[2026-03-25T11:41:37.413+0000] {processor.py:830} INFO - Processing file /opt/airflow/dags/example.py for tasks to queue
[2026-03-25T11:41:37.418+0000] {logging_mixin.py:188} INFO - [2026-03-25T11:41:37.417+0000] {dagbag.py:545} INFO - Filling up the DagBag from /opt/airflow/dags/example.py
[2026-03-25T11:41:37.448+0000] {processor.py:840} INFO - DAG(s) 'hello_airflow' retrieved from /opt/airflow/dags/example.py
[2026-03-25T11:41:37.482+0000] {logging_mixin.py:188} INFO - [2026-03-25T11:41:37.482+0000] {dag.py:3096} INFO - Sync 1 DAGs
[2026-03-25T11:41:37.510+0000] {logging_mixin.py:188} INFO - [2026-03-25T11:41:37.509+0000] {dag.py:3954} INFO - Setting next_dagrun for hello_airflow to 2024-03-23 00:00:00+00:00, run_after=2024-03-24 00:00:00+00:00
[2026-03-25T11:41:37.538+0000] {processor.py:183} INFO - Processing /opt/airflow/dags/example.py took 0.133 seconds
[2026-03-25T11:42:07.695+0000] {processor.py:161} INFO - Started process (PID=881) to work on /opt/airflow/dags/example.py
[2026-03-25T11:42:07.697+0000] {processor.py:830} INFO - Processing file /opt/airflow/dags/example.py for tasks to queue
[2026-03-25T11:42:07.700+0000] {logging_mixin.py:188} INFO - [2026-03-25T11:42:07.699+0000] {dagbag.py:545} INFO - Filling up the DagBag from /opt/airflow/dags/example.py
[2026-03-25T11:42:07.732+0000] {processor.py:840} INFO - DAG(s) 'hello_airflow' retrieved from /opt/airflow/dags/example.py
[2026-03-25T11:42:07.767+0000] {logging_mixin.py:188} INFO - [2026-03-25T11:42:07.767+0000] {dag.py:3096} INFO - Sync 1 DAGs
[2026-03-25T11:42:07.798+0000] {logging_mixin.py:188} INFO - [2026-03-25T11:42:07.798+0000] {dag.py:3954} INFO - Setting next_dagrun for hello_airflow to 2024-03-23 00:00:00+00:00, run_after=2024-03-24 00:00:00+00:00
[2026-03-25T11:42:07.826+0000] {processor.py:183} INFO - Processing /opt/airflow/dags/example.py took 0.138 seconds
[2026-03-25T11:42:38.566+0000] {processor.py:161} INFO - Started process (PID=1037) to work on /opt/airflow/dags/example.py
[2026-03-25T11:42:38.567+0000] {processor.py:830} INFO - Processing file /opt/airflow/dags/example.py for tasks to queue
[2026-03-25T11:42:38.570+0000] {logging_mixin.py:188} INFO - [2026-03-25T11:42:38.569+0000] {dagbag.py:545} INFO - Filling up the DagBag from /opt/airflow/dags/example.py
[2026-03-25T11:42:38.592+0000] {processor.py:840} INFO - DAG(s) 'hello_airflow' retrieved from /opt/airflow/dags/example.py
[2026-03-25T11:42:38.622+0000] {logging_mixin.py:188} INFO - [2026-03-25T11:42:38.622+0000] {dag.py:3096} INFO - Sync 1 DAGs
[2026-03-25T11:42:38.643+0000] {logging_mixin.py:188} INFO - [2026-03-25T11:42:38.643+0000] {dag.py:3954} INFO - Setting next_dagrun for hello_airflow to 2024-03-23 00:00:00+00:00, run_after=2024-03-24 00:00:00+00:00
[2026-03-25T11:42:38.677+0000] {processor.py:183} INFO - Processing /opt/airflow/dags/example.py took 0.118 seconds
[2026-03-25T11:43:09.411+0000] {processor.py:161} INFO - Started process (PID=1169) to work on /opt/airflow/dags/example.py
[2026-03-25T11:43:09.412+0000] {processor.py:830} INFO - Processing file /opt/airflow/dags/example.py for tasks to queue
[2026-03-25T11:43:09.413+0000] {logging_mixin.py:188} INFO - [2026-03-25T11:43:09.413+0000] {dagbag.py:545} INFO - Filling up the DagBag from /opt/airflow/dags/example.py
[2026-03-25T11:43:09.438+0000] {processor.py:840} INFO - DAG(s) 'hello_airflow' retrieved from /opt/airflow/dags/example.py
[2026-03-25T11:43:09.466+0000] {logging_mixin.py:188} INFO - [2026-03-25T11:43:09.465+0000] {dag.py:3096} INFO - Sync 1 DAGs
[2026-03-25T11:43:09.486+0000] {logging_mixin.py:188} INFO - [2026-03-25T11:43:09.486+0000] {dag.py:3954} INFO - Setting next_dagrun for hello_airflow to 2024-03-23 00:00:00+00:00, run_after=2024-03-24 00:00:00+00:00
[2026-03-25T11:43:09.512+0000] {processor.py:183} INFO - Processing /opt/airflow/dags/example.py took 0.107 seconds
[2026-03-25T11:43:39.749+0000] {processor.py:161} INFO - Started process (PID=1319) to work on /opt/airflow/dags/example.py
[2026-03-25T11:43:39.751+0000] {processor.py:830} INFO - Processing file /opt/airflow/dags/example.py for tasks to queue
[2026-03-25T11:43:39.755+0000] {logging_mixin.py:188} INFO - [2026-03-25T11:43:39.754+0000] {dagbag.py:545} INFO - Filling up the DagBag from /opt/airflow/dags/example.py
[2026-03-25T11:43:39.824+0000] {processor.py:840} INFO - DAG(s) 'hello_airflow' retrieved from /opt/airflow/dags/example.py
[2026-03-25T11:43:39.881+0000] {logging_mixin.py:188} INFO - [2026-03-25T11:43:39.881+0000] {dag.py:3096} INFO - Sync 1 DAGs
[2026-03-25T11:43:39.938+0000] {logging_mixin.py:188} INFO - [2026-03-25T11:43:39.938+0000] {dag.py:3954} INFO - Setting next_dagrun for hello_airflow to 2024-03-23 00:00:00+00:00, run_after=2024-03-24 00:00:00+00:00
[2026-03-25T11:43:39.981+0000] {processor.py:183} INFO - Processing /opt/airflow/dags/example.py took 0.241 seconds
[2026-03-25T11:44:10.393+0000] {processor.py:161} INFO - Started process (PID=1402) to work on /opt/airflow/dags/example.py
[2026-03-25T11:44:10.397+0000] {processor.py:830} INFO - Processing file /opt/airflow/dags/example.py for tasks to queue
[2026-03-25T11:44:10.401+0000] {logging_mixin.py:188} INFO - [2026-03-25T11:44:10.400+0000] {dagbag.py:545} INFO - Filling up the DagBag from /opt/airflow/dags/example.py
[2026-03-25T11:44:10.475+0000] {processor.py:840} INFO - DAG(s) 'hello_airflow' retrieved from /opt/airflow/dags/example.py
[2026-03-25T11:44:10.548+0000] {logging_mixin.py:188} INFO - [2026-03-25T11:44:10.548+0000] {dag.py:3096} INFO - Sync 1 DAGs
[2026-03-25T11:44:10.611+0000] {logging_mixin.py:188} INFO - [2026-03-25T11:44:10.610+0000] {dag.py:3954} INFO - Setting next_dagrun for hello_airflow to 2024-03-23 00:00:00+00:00, run_after=2024-03-24 00:00:00+00:00
[2026-03-25T11:44:10.697+0000] {processor.py:183} INFO - Processing /opt/airflow/dags/example.py took 0.315 seconds
[2026-03-25T11:44:41.648+0000] {processor.py:161} INFO - Started process (PID=1545) to work on /opt/airflow/dags/example.py
[2026-03-25T11:44:41.649+0000] {processor.py:830} INFO - Processing file /opt/airflow/dags/example.py for tasks to queue
[2026-03-25T11:44:41.651+0000] {logging_mixin.py:188} INFO - [2026-03-25T11:44:41.651+0000] {dagbag.py:545} INFO - Filling up the DagBag from /opt/airflow/dags/example.py
[2026-03-25T11:44:41.672+0000] {processor.py:840} INFO - DAG(s) 'hello_airflow' retrieved from /opt/airflow/dags/example.py
[2026-03-25T11:44:41.700+0000] {logging_mixin.py:188} INFO - [2026-03-25T11:44:41.700+0000] {dag.py:3096} INFO - Sync 1 DAGs
[2026-03-25T11:44:41.720+0000] {logging_mixin.py:188} INFO - [2026-03-25T11:44:41.720+0000] {dag.py:3954} INFO - Setting next_dagrun for hello_airflow to 2024-03-23 00:00:00+00:00, run_after=2024-03-24 00:00:00+00:00
[2026-03-25T11:44:41.746+0000] {processor.py:183} INFO - Processing /opt/airflow/dags/example.py took 0.104 seconds
[2026-03-25T11:45:12.327+0000] {processor.py:161} INFO - Started process (PID=1571) to work on /opt/airflow/dags/example.py
[2026-03-25T11:45:12.328+0000] {processor.py:830} INFO - Processing file /opt/airflow/dags/example.py for tasks to queue
[2026-03-25T11:45:12.330+0000] {logging_mixin.py:188} INFO - [2026-03-25T11:45:12.330+0000] {dagbag.py:545} INFO - Filling up the DagBag from /opt/airflow/dags/example.py
[2026-03-25T11:45:12.354+0000] {processor.py:840} INFO - DAG(s) 'hello_airflow' retrieved from /opt/airflow/dags/example.py
[2026-03-25T11:45:12.382+0000] {logging_mixin.py:188} INFO - [2026-03-25T11:45:12.382+0000] {dag.py:3096} INFO - Sync 1 DAGs
[2026-03-25T11:45:12.401+0000] {logging_mixin.py:188} INFO - [2026-03-25T11:45:12.401+0000] {dag.py:3954} INFO - Setting next_dagrun for hello_airflow to 2024-03-23 00:00:00+00:00, run_after=2024-03-24 00:00:00+00:00
[2026-03-25T11:45:12.426+0000] {processor.py:183} INFO - Processing /opt/airflow/dags/example.py took 0.105 seconds
[2026-03-25T11:45:43.100+0000] {processor.py:161} INFO - Started process (PID=1597) to work on /opt/airflow/dags/example.py
[2026-03-25T11:45:43.101+0000] {processor.py:830} INFO - Processing file /opt/airflow/dags/example.py for tasks to queue
[2026-03-25T11:45:43.104+0000] {logging_mixin.py:188} INFO - [2026-03-25T11:45:43.104+0000] {dagbag.py:545} INFO - Filling up the DagBag from /opt/airflow/dags/example.py
[2026-03-25T11:45:43.132+0000] {processor.py:840} INFO - DAG(s) 'hello_airflow' retrieved from /opt/airflow/dags/example.py
[2026-03-25T11:45:43.167+0000] {logging_mixin.py:188} INFO - [2026-03-25T11:45:43.167+0000] {dag.py:3096} INFO - Sync 1 DAGs
[2026-03-25T11:45:43.188+0000] {logging_mixin.py:188} INFO - [2026-03-25T11:45:43.188+0000] {dag.py:3954} INFO - Setting next_dagrun for hello_airflow to 2024-03-23 00:00:00+00:00, run_after=2024-03-24 00:00:00+00:00
[2026-03-25T11:45:43.210+0000] {processor.py:183} INFO - Processing /opt/airflow/dags/example.py took 0.117 seconds
[2026-03-25T11:46:13.937+0000] {processor.py:161} INFO - Started process (PID=1623) to work on /opt/airflow/dags/example.py
[2026-03-25T11:46:13.938+0000] {processor.py:830} INFO - Processing file /opt/airflow/dags/example.py for tasks to queue
[2026-03-25T11:46:13.940+0000] {logging_mixin.py:188} INFO - [2026-03-25T11:46:13.940+0000] {dagbag.py:545} INFO - Filling up the DagBag from /opt/airflow/dags/example.py
[2026-03-25T11:46:13.971+0000] {processor.py:840} INFO - DAG(s) 'hello_airflow' retrieved from /opt/airflow/dags/example.py
[2026-03-25T11:46:14.000+0000] {logging_mixin.py:188} INFO - [2026-03-25T11:46:14.000+0000] {dag.py:3096} INFO - Sync 1 DAGs
[2026-03-25T11:46:14.023+0000] {logging_mixin.py:188} INFO - [2026-03-25T11:46:14.022+0000] {dag.py:3954} INFO - Setting next_dagrun for hello_airflow to 2024-03-23 00:00:00+00:00, run_after=2024-03-24 00:00:00+00:00
[2026-03-25T11:46:14.048+0000] {processor.py:183} INFO - Processing /opt/airflow/dags/example.py took 0.118 seconds
[2026-03-25T11:46:44.784+0000] {processor.py:161} INFO - Started process (PID=1649) to work on /opt/airflow/dags/example.py
[2026-03-25T11:46:44.786+0000] {processor.py:830} INFO - Processing file /opt/airflow/dags/example.py for tasks to queue
[2026-03-25T11:46:44.788+0000] {logging_mixin.py:188} INFO - [2026-03-25T11:46:44.787+0000] {dagbag.py:545} INFO - Filling up the DagBag from /opt/airflow/dags/example.py
[2026-03-25T11:46:44.809+0000] {processor.py:840} INFO - DAG(s) 'hello_airflow' retrieved from /opt/airflow/dags/example.py
[2026-03-25T11:46:44.836+0000] {logging_mixin.py:188} INFO - [2026-03-25T11:46:44.835+0000] {dag.py:3096} INFO - Sync 1 DAGs
[2026-03-25T11:46:44.862+0000] {logging_mixin.py:188} INFO - [2026-03-25T11:46:44.861+0000] {dag.py:3954} INFO - Setting next_dagrun for hello_airflow to 2024-03-23 00:00:00+00:00, run_after=2024-03-24 00:00:00+00:00
[2026-03-25T11:46:44.887+0000] {processor.py:183} INFO - Processing /opt/airflow/dags/example.py took 0.109 seconds
[2026-03-25T11:47:15.682+0000] {processor.py:161} INFO - Started process (PID=1675) to work on /opt/airflow/dags/example.py
[2026-03-25T11:47:15.683+0000] {processor.py:830} INFO - Processing file /opt/airflow/dags/example.py for tasks to queue
[2026-03-25T11:47:15.685+0000] {logging_mixin.py:188} INFO - [2026-03-25T11:47:15.685+0000] {dagbag.py:545} INFO - Filling up the DagBag from /opt/airflow/dags/example.py
[2026-03-25T11:47:15.704+0000] {processor.py:840} INFO - DAG(s) 'hello_airflow' retrieved from /opt/airflow/dags/example.py
[2026-03-25T11:47:15.730+0000] {logging_mixin.py:188} INFO - [2026-03-25T11:47:15.730+0000] {dag.py:3096} INFO - Sync 1 DAGs
[2026-03-25T11:47:15.756+0000] {logging_mixin.py:188} INFO - [2026-03-25T11:47:15.755+0000] {dag.py:3954} INFO - Setting next_dagrun for hello_airflow to 2024-03-23 00:00:00+00:00, run_after=2024-03-24 00:00:00+00:00
[2026-03-25T11:47:15.784+0000] {processor.py:183} INFO - Processing /opt/airflow/dags/example.py took 0.108 seconds
[2026-03-25T11:47:46.545+0000] {processor.py:161} INFO - Started process (PID=1701) to work on /opt/airflow/dags/example.py
[2026-03-25T11:47:46.547+0000] {processor.py:830} INFO - Processing file /opt/airflow/dags/example.py for tasks to queue
[2026-03-25T11:47:46.549+0000] {logging_mixin.py:188} INFO - [2026-03-25T11:47:46.549+0000] {dagbag.py:545} INFO - Filling up the DagBag from /opt/airflow/dags/example.py
[2026-03-25T11:47:46.574+0000] {processor.py:840} INFO - DAG(s) 'hello_airflow' retrieved from /opt/airflow/dags/example.py
[2026-03-25T11:47:46.602+0000] {logging_mixin.py:188} INFO - [2026-03-25T11:47:46.601+0000] {dag.py:3096} INFO - Sync 1 DAGs
[2026-03-25T11:47:46.623+0000] {logging_mixin.py:188} INFO - [2026-03-25T11:47:46.623+0000] {dag.py:3954} INFO - Setting next_dagrun for hello_airflow to 2024-03-23 00:00:00+00:00, run_after=2024-03-24 00:00:00+00:00
[2026-03-25T11:47:46.647+0000] {processor.py:183} INFO - Processing /opt/airflow/dags/example.py took 0.109 seconds
[2026-03-25T11:48:17.474+0000] {processor.py:161} INFO - Started process (PID=1727) to work on /opt/airflow/dags/example.py
[2026-03-25T11:48:17.475+0000] {processor.py:830} INFO - Processing file /opt/airflow/dags/example.py for tasks to queue
[2026-03-25T11:48:17.477+0000] {logging_mixin.py:188} INFO - [2026-03-25T11:48:17.477+0000] {dagbag.py:545} INFO - Filling up the DagBag from /opt/airflow/dags/example.py
[2026-03-25T11:48:17.497+0000] {processor.py:840} INFO - DAG(s) 'hello_airflow' retrieved from /opt/airflow/dags/example.py
[2026-03-25T11:48:17.523+0000] {logging_mixin.py:188} INFO - [2026-03-25T11:48:17.523+0000] {dag.py:3096} INFO - Sync 1 DAGs
[2026-03-25T11:48:17.542+0000] {logging_mixin.py:188} INFO - [2026-03-25T11:48:17.542+0000] {dag.py:3954} INFO - Setting next_dagrun for hello_airflow to 2024-03-23 00:00:00+00:00, run_after=2024-03-24 00:00:00+00:00
[2026-03-25T11:48:17.567+0000] {processor.py:183} INFO - Processing /opt/airflow/dags/example.py took 0.099 seconds
[2026-03-25T11:48:48.356+0000] {processor.py:161} INFO - Started process (PID=1754) to work on /opt/airflow/dags/example.py
[2026-03-25T11:48:48.358+0000] {processor.py:830} INFO - Processing file /opt/airflow/dags/example.py for tasks to queue
[2026-03-25T11:48:48.360+0000] {logging_mixin.py:188} INFO - [2026-03-25T11:48:48.360+0000] {dagbag.py:545} INFO - Filling up the DagBag from /opt/airflow/dags/example.py
[2026-03-25T11:48:48.390+0000] {processor.py:840} INFO - DAG(s) 'hello_airflow' retrieved from /opt/airflow/dags/example.py
[2026-03-25T11:48:48.428+0000] {logging_mixin.py:188} INFO - [2026-03-25T11:48:48.428+0000] {dag.py:3096} INFO - Sync 1 DAGs
[2026-03-25T11:48:48.454+0000] {logging_mixin.py:188} INFO - [2026-03-25T11:48:48.454+0000] {dag.py:3954} INFO - Setting next_dagrun for hello_airflow to 2024-03-23 00:00:00+00:00, run_after=2024-03-24 00:00:00+00:00
[2026-03-25T11:48:48.481+0000] {processor.py:183} INFO - Processing /opt/airflow/dags/example.py took 0.131 seconds
[2026-03-25T11:49:19.081+0000] {processor.py:161} INFO - Started process (PID=1780) to work on /opt/airflow/dags/example.py
[2026-03-25T11:49:19.082+0000] {processor.py:830} INFO - Processing file /opt/airflow/dags/example.py for tasks to queue
[2026-03-25T11:49:19.085+0000] {logging_mixin.py:188} INFO - [2026-03-25T11:49:19.084+0000] {dagbag.py:545} INFO - Filling up the DagBag from /opt/airflow/dags/example.py
[2026-03-25T11:49:19.107+0000] {processor.py:840} INFO - DAG(s) 'hello_airflow' retrieved from /opt/airflow/dags/example.py
[2026-03-25T11:49:19.142+0000] {logging_mixin.py:188} INFO - [2026-03-25T11:49:19.141+0000] {dag.py:3096} INFO - Sync 1 DAGs
[2026-03-25T11:49:19.167+0000] {logging_mixin.py:188} INFO - [2026-03-25T11:49:19.167+0000] {dag.py:3954} INFO - Setting next_dagrun for hello_airflow to 2024-03-23 00:00:00+00:00, run_after=2024-03-24 00:00:00+00:00
[2026-03-25T11:49:19.196+0000] {processor.py:183} INFO - Processing /opt/airflow/dags/example.py took 0.121 seconds
[2026-03-25T11:49:49.731+0000] {processor.py:161} INFO - Started process (PID=1806) to work on /opt/airflow/dags/example.py
[2026-03-25T11:49:49.732+0000] {processor.py:830} INFO - Processing file /opt/airflow/dags/example.py for tasks to queue
[2026-03-25T11:49:49.735+0000] {logging_mixin.py:188} INFO - [2026-03-25T11:49:49.734+0000] {dagbag.py:545} INFO - Filling up the DagBag from /opt/airflow/dags/example.py
[2026-03-25T11:49:49.767+0000] {processor.py:840} INFO - DAG(s) 'hello_airflow' retrieved from /opt/airflow/dags/example.py
[2026-03-25T11:49:49.797+0000] {logging_mixin.py:188} INFO - [2026-03-25T11:49:49.796+0000] {dag.py:3096} INFO - Sync 1 DAGs
[2026-03-25T11:49:49.819+0000] {logging_mixin.py:188} INFO - [2026-03-25T11:49:49.819+0000] {dag.py:3954} INFO - Setting next_dagrun for hello_airflow to 2024-03-23 00:00:00+00:00, run_after=2024-03-24 00:00:00+00:00
[2026-03-25T11:49:49.843+0000] {processor.py:183} INFO - Processing /opt/airflow/dags/example.py took 0.118 seconds
[2026-03-25T11:50:20.449+0000] {processor.py:161} INFO - Started process (PID=1832) to work on /opt/airflow/dags/example.py
[2026-03-25T11:50:20.450+0000] {processor.py:830} INFO - Processing file /opt/airflow/dags/example.py for tasks to queue
[2026-03-25T11:50:20.452+0000] {logging_mixin.py:188} INFO - [2026-03-25T11:50:20.451+0000] {dagbag.py:545} INFO - Filling up the DagBag from /opt/airflow/dags/example.py
[2026-03-25T11:50:20.472+0000] {processor.py:840} INFO - DAG(s) 'hello_airflow' retrieved from /opt/airflow/dags/example.py
[2026-03-25T11:50:20.499+0000] {logging_mixin.py:188} INFO - [2026-03-25T11:50:20.499+0000] {dag.py:3096} INFO - Sync 1 DAGs
[2026-03-25T11:50:20.520+0000] {logging_mixin.py:188} INFO - [2026-03-25T11:50:20.520+0000] {dag.py:3954} INFO - Setting next_dagrun for hello_airflow to 2024-03-23 00:00:00+00:00, run_after=2024-03-24 00:00:00+00:00
[2026-03-25T11:50:20.546+0000] {processor.py:183} INFO - Processing /opt/airflow/dags/example.py took 0.103 seconds
[2026-03-25T11:50:51.138+0000] {processor.py:161} INFO - Started process (PID=1858) to work on /opt/airflow/dags/example.py
[2026-03-25T11:50:51.139+0000] {processor.py:830} INFO - Processing file /opt/airflow/dags/example.py for tasks to queue
[2026-03-25T11:50:51.143+0000] {logging_mixin.py:188} INFO - [2026-03-25T11:50:51.142+0000] {dagbag.py:545} INFO - Filling up the DagBag from /opt/airflow/dags/example.py
[2026-03-25T11:50:51.176+0000] {processor.py:840} INFO - DAG(s) 'hello_airflow' retrieved from /opt/airflow/dags/example.py
[2026-03-25T11:50:51.218+0000] {logging_mixin.py:188} INFO - [2026-03-25T11:50:51.218+0000] {dag.py:3096} INFO - Sync 1 DAGs
[2026-03-25T11:50:51.315+0000] {logging_mixin.py:188} INFO - [2026-03-25T11:50:51.314+0000] {dag.py:3954} INFO - Setting next_dagrun for hello_airflow to 2024-03-23 00:00:00+00:00, run_after=2024-03-24 00:00:00+00:00
[2026-03-25T11:50:51.350+0000] {processor.py:183} INFO - Processing /opt/airflow/dags/example.py took 0.220 seconds
[2026-03-25T11:51:21.925+0000] {processor.py:161} INFO - Started process (PID=1884) to work on /opt/airflow/dags/example.py
[2026-03-25T11:51:21.926+0000] {processor.py:830} INFO - Processing file /opt/airflow/dags/example.py for tasks to queue
[2026-03-25T11:51:21.929+0000] {logging_mixin.py:188} INFO - [2026-03-25T11:51:21.929+0000] {dagbag.py:545} INFO - Filling up the DagBag from /opt/airflow/dags/example.py
[2026-03-25T11:51:21.956+0000] {processor.py:840} INFO - DAG(s) 'hello_airflow' retrieved from /opt/airflow/dags/example.py
[2026-03-25T11:51:21.993+0000] {logging_mixin.py:188} INFO - [2026-03-25T11:51:21.992+0000] {dag.py:3096} INFO - Sync 1 DAGs
[2026-03-25T11:51:22.016+0000] {logging_mixin.py:188} INFO - [2026-03-25T11:51:22.016+0000] {dag.py:3954} INFO - Setting next_dagrun for hello_airflow to 2024-03-23 00:00:00+00:00, run_after=2024-03-24 00:00:00+00:00
[2026-03-25T11:51:22.044+0000] {processor.py:183} INFO - Processing /opt/airflow/dags/example.py took 0.126 seconds
[2026-03-25T11:51:52.764+0000] {processor.py:161} INFO - Started process (PID=1911) to work on /opt/airflow/dags/example.py
[2026-03-25T11:51:52.766+0000] {processor.py:830} INFO - Processing file /opt/airflow/dags/example.py for tasks to queue
[2026-03-25T11:51:52.768+0000] {logging_mixin.py:188} INFO - [2026-03-25T11:51:52.767+0000] {dagbag.py:545} INFO - Filling up the DagBag from /opt/airflow/dags/example.py
[2026-03-25T11:51:52.787+0000] {processor.py:840} INFO - DAG(s) 'hello_airflow' retrieved from /opt/airflow/dags/example.py
[2026-03-25T11:51:52.815+0000] {logging_mixin.py:188} INFO - [2026-03-25T11:51:52.814+0000] {dag.py:3096} INFO - Sync 1 DAGs
[2026-03-25T11:51:52.836+0000] {logging_mixin.py:188} INFO - [2026-03-25T11:51:52.836+0000] {dag.py:3954} INFO - Setting next_dagrun for hello_airflow to 2024-03-23 00:00:00+00:00, run_after=2024-03-24 00:00:00+00:00
[2026-03-25T11:51:52.862+0000] {processor.py:183} INFO - Processing /opt/airflow/dags/example.py took 0.105 seconds
[2026-03-25T11:52:23.521+0000] {processor.py:161} INFO - Started process (PID=1937) to work on /opt/airflow/dags/example.py
[2026-03-25T11:52:23.522+0000] {processor.py:830} INFO - Processing file /opt/airflow/dags/example.py for tasks to queue
[2026-03-25T11:52:23.525+0000] {logging_mixin.py:188} INFO - [2026-03-25T11:52:23.524+0000] {dagbag.py:545} INFO - Filling up the DagBag from /opt/airflow/dags/example.py
[2026-03-25T11:52:23.549+0000] {processor.py:840} INFO - DAG(s) 'hello_airflow' retrieved from /opt/airflow/dags/example.py
[2026-03-25T11:52:23.575+0000] {logging_mixin.py:188} INFO - [2026-03-25T11:52:23.575+0000] {dag.py:3096} INFO - Sync 1 DAGs
[2026-03-25T11:52:23.594+0000] {logging_mixin.py:188} INFO - [2026-03-25T11:52:23.594+0000] {dag.py:3954} INFO - Setting next_dagrun for hello_airflow to 2024-03-23 00:00:00+00:00, run_after=2024-03-24 00:00:00+00:00
[2026-03-25T11:52:23.622+0000] {processor.py:183} INFO - Processing /opt/airflow/dags/example.py took 0.107 seconds
[2026-03-25T11:52:54.385+0000] {processor.py:161} INFO - Started process (PID=1963) to work on /opt/airflow/dags/example.py
[2026-03-25T11:52:54.386+0000] {processor.py:830} INFO - Processing file /opt/airflow/dags/example.py for tasks to queue
[2026-03-25T11:52:54.388+0000] {logging_mixin.py:188} INFO - [2026-03-25T11:52:54.388+0000] {dagbag.py:545} INFO - Filling up the DagBag from /opt/airflow/dags/example.py
[2026-03-25T11:52:54.409+0000] {processor.py:840} INFO - DAG(s) 'hello_airflow' retrieved from /opt/airflow/dags/example.py
[2026-03-25T11:52:54.437+0000] {logging_mixin.py:188} INFO - [2026-03-25T11:52:54.437+0000] {dag.py:3096} INFO - Sync 1 DAGs
[2026-03-25T11:52:54.459+0000] {logging_mixin.py:188} INFO - [2026-03-25T11:52:54.459+0000] {dag.py:3954} INFO - Setting next_dagrun for hello_airflow to 2024-03-23 00:00:00+00:00, run_after=2024-03-24 00:00:00+00:00
[2026-03-25T11:52:54.485+0000] {processor.py:183} INFO - Processing /opt/airflow/dags/example.py took 0.105 seconds
[2026-03-25T11:53:25.215+0000] {processor.py:161} INFO - Started process (PID=1989) to work on /opt/airflow/dags/example.py
[2026-03-25T11:53:25.216+0000] {processor.py:830} INFO - Processing file /opt/airflow/dags/example.py for tasks to queue
[2026-03-25T11:53:25.218+0000] {logging_mixin.py:188} INFO - [2026-03-25T11:53:25.218+0000] {dagbag.py:545} INFO - Filling up the DagBag from /opt/airflow/dags/example.py
[2026-03-25T11:53:25.239+0000] {processor.py:840} INFO - DAG(s) 'hello_airflow' retrieved from /opt/airflow/dags/example.py
[2026-03-25T11:53:25.268+0000] {logging_mixin.py:188} INFO - [2026-03-25T11:53:25.268+0000] {dag.py:3096} INFO - Sync 1 DAGs
[2026-03-25T11:53:25.292+0000] {logging_mixin.py:188} INFO - [2026-03-25T11:53:25.292+0000] {dag.py:3954} INFO - Setting next_dagrun for hello_airflow to 2024-03-23 00:00:00+00:00, run_after=2024-03-24 00:00:00+00:00
[2026-03-25T11:53:25.315+0000] {processor.py:183} INFO - Processing /opt/airflow/dags/example.py took 0.106 seconds
[2026-03-25T11:53:56.293+0000] {processor.py:161} INFO - Started process (PID=2015) to work on /opt/airflow/dags/example.py
[2026-03-25T11:53:56.294+0000] {processor.py:830} INFO - Processing file /opt/airflow/dags/example.py for tasks to queue
[2026-03-25T11:53:56.296+0000] {logging_mixin.py:188} INFO - [2026-03-25T11:53:56.296+0000] {dagbag.py:545} INFO - Filling up the DagBag from /opt/airflow/dags/example.py
[2026-03-25T11:53:56.316+0000] {processor.py:840} INFO - DAG(s) 'hello_airflow' retrieved from /opt/airflow/dags/example.py
[2026-03-25T11:53:56.346+0000] {logging_mixin.py:188} INFO - [2026-03-25T11:53:56.345+0000] {dag.py:3096} INFO - Sync 1 DAGs
[2026-03-25T11:53:56.366+0000] {logging_mixin.py:188} INFO - [2026-03-25T11:53:56.366+0000] {dag.py:3954} INFO - Setting next_dagrun for hello_airflow to 2024-03-23 00:00:00+00:00, run_after=2024-03-24 00:00:00+00:00
[2026-03-25T11:53:56.391+0000] {processor.py:183} INFO - Processing /opt/airflow/dags/example.py took 0.104 seconds
[2026-03-25T11:54:27.246+0000] {processor.py:161} INFO - Started process (PID=2041) to work on /opt/airflow/dags/example.py
[2026-03-25T11:54:27.248+0000] {processor.py:830} INFO - Processing file /opt/airflow/dags/example.py for tasks to queue
[2026-03-25T11:54:27.250+0000] {logging_mixin.py:188} INFO - [2026-03-25T11:54:27.249+0000] {dagbag.py:545} INFO - Filling up the DagBag from /opt/airflow/dags/example.py
[2026-03-25T11:54:27.278+0000] {processor.py:840} INFO - DAG(s) 'hello_airflow' retrieved from /opt/airflow/dags/example.py
[2026-03-25T11:54:27.306+0000] {logging_mixin.py:188} INFO - [2026-03-25T11:54:27.306+0000] {dag.py:3096} INFO - Sync 1 DAGs
[2026-03-25T11:54:27.329+0000] {logging_mixin.py:188} INFO - [2026-03-25T11:54:27.328+0000] {dag.py:3954} INFO - Setting next_dagrun for hello_airflow to 2024-03-23 00:00:00+00:00, run_after=2024-03-24 00:00:00+00:00
[2026-03-25T11:54:27.358+0000] {processor.py:183} INFO - Processing /opt/airflow/dags/example.py took 0.118 seconds
[2026-03-25T11:54:58.171+0000] {processor.py:161} INFO - Started process (PID=2067) to work on /opt/airflow/dags/example.py
[2026-03-25T11:54:58.172+0000] {processor.py:830} INFO - Processing file /opt/airflow/dags/example.py for tasks to queue
[2026-03-25T11:54:58.174+0000] {logging_mixin.py:188} INFO - [2026-03-25T11:54:58.173+0000] {dagbag.py:545} INFO - Filling up the DagBag from /opt/airflow/dags/example.py
[2026-03-25T11:54:58.192+0000] {processor.py:840} INFO - DAG(s) 'hello_airflow' retrieved from /opt/airflow/dags/example.py
[2026-03-25T11:54:58.218+0000] {logging_mixin.py:188} INFO - [2026-03-25T11:54:58.218+0000] {dag.py:3096} INFO - Sync 1 DAGs
[2026-03-25T11:54:58.240+0000] {logging_mixin.py:188} INFO - [2026-03-25T11:54:58.239+0000] {dag.py:3954} INFO - Setting next_dagrun for hello_airflow to 2024-03-23 00:00:00+00:00, run_after=2024-03-24 00:00:00+00:00
[2026-03-25T11:54:58.265+0000] {processor.py:183} INFO - Processing /opt/airflow/dags/example.py took 0.101 seconds
[2026-03-25T11:55:29.011+0000] {processor.py:161} INFO - Started process (PID=2093) to work on /opt/airflow/dags/example.py
[2026-03-25T11:55:29.012+0000] {processor.py:830} INFO - Processing file /opt/airflow/dags/example.py for tasks to queue
[2026-03-25T11:55:29.014+0000] {logging_mixin.py:188} INFO - [2026-03-25T11:55:29.014+0000] {dagbag.py:545} INFO - Filling up the DagBag from /opt/airflow/dags/example.py
[2026-03-25T11:55:29.035+0000] {processor.py:840} INFO - DAG(s) 'hello_airflow' retrieved from /opt/airflow/dags/example.py
[2026-03-25T11:55:29.067+0000] {logging_mixin.py:188} INFO - [2026-03-25T11:55:29.066+0000] {dag.py:3096} INFO - Sync 1 DAGs
[2026-03-25T11:55:29.089+0000] {logging_mixin.py:188} INFO - [2026-03-25T11:55:29.088+0000] {dag.py:3954} INFO - Setting next_dagrun for hello_airflow to 2024-03-23 00:00:00+00:00, run_after=2024-03-24 00:00:00+00:00
[2026-03-25T11:55:29.115+0000] {processor.py:183} INFO - Processing /opt/airflow/dags/example.py took 0.111 seconds
[2026-03-25T11:55:59.926+0000] {processor.py:161} INFO - Started process (PID=2119) to work on /opt/airflow/dags/example.py
[2026-03-25T11:55:59.927+0000] {processor.py:830} INFO - Processing file /opt/airflow/dags/example.py for tasks to queue
[2026-03-25T11:55:59.929+0000] {logging_mixin.py:188} INFO - [2026-03-25T11:55:59.929+0000] {dagbag.py:545} INFO - Filling up the DagBag from /opt/airflow/dags/example.py
[2026-03-25T11:55:59.948+0000] {processor.py:840} INFO - DAG(s) 'hello_airflow' retrieved from /opt/airflow/dags/example.py
[2026-03-25T11:55:59.977+0000] {logging_mixin.py:188} INFO - [2026-03-25T11:55:59.977+0000] {dag.py:3096} INFO - Sync 1 DAGs
[2026-03-25T11:55:59.998+0000] {logging_mixin.py:188} INFO - [2026-03-25T11:55:59.998+0000] {dag.py:3954} INFO - Setting next_dagrun for hello_airflow to 2024-03-23 00:00:00+00:00, run_after=2024-03-24 00:00:00+00:00
[2026-03-25T11:56:00.026+0000] {processor.py:183} INFO - Processing /opt/airflow/dags/example.py took 0.106 seconds
[2026-03-25T11:56:30.786+0000] {processor.py:161} INFO - Started process (PID=2145) to work on /opt/airflow/dags/example.py
[2026-03-25T11:56:30.788+0000] {processor.py:830} INFO - Processing file /opt/airflow/dags/example.py for tasks to queue
[2026-03-25T11:56:30.790+0000] {logging_mixin.py:188} INFO - [2026-03-25T11:56:30.790+0000] {dagbag.py:545} INFO - Filling up the DagBag from /opt/airflow/dags/example.py
[2026-03-25T11:56:30.814+0000] {processor.py:840} INFO - DAG(s) 'hello_airflow' retrieved from /opt/airflow/dags/example.py
[2026-03-25T11:56:30.845+0000] {logging_mixin.py:188} INFO - [2026-03-25T11:56:30.845+0000] {dag.py:3096} INFO - Sync 1 DAGs
[2026-03-25T11:56:30.871+0000] {logging_mixin.py:188} INFO - [2026-03-25T11:56:30.871+0000] {dag.py:3954} INFO - Setting next_dagrun for hello_airflow to 2024-03-23 00:00:00+00:00, run_after=2024-03-24 00:00:00+00:00
[2026-03-25T11:56:30.896+0000] {processor.py:183} INFO - Processing /opt/airflow/dags/example.py took 0.115 seconds
[2026-03-25T11:57:01.494+0000] {processor.py:161} INFO - Started process (PID=2171) to work on /opt/airflow/dags/example.py
[2026-03-25T11:57:01.495+0000] {processor.py:830} INFO - Processing file /opt/airflow/dags/example.py for tasks to queue
[2026-03-25T11:57:01.497+0000] {logging_mixin.py:188} INFO - [2026-03-25T11:57:01.497+0000] {dagbag.py:545} INFO - Filling up the DagBag from /opt/airflow/dags/example.py
[2026-03-25T11:57:01.528+0000] {processor.py:840} INFO - DAG(s) 'hello_airflow' retrieved from /opt/airflow/dags/example.py
[2026-03-25T11:57:01.568+0000] {logging_mixin.py:188} INFO - [2026-03-25T11:57:01.568+0000] {dag.py:3096} INFO - Sync 1 DAGs
[2026-03-25T11:57:01.594+0000] {logging_mixin.py:188} INFO - [2026-03-25T11:57:01.593+0000] {dag.py:3954} INFO - Setting next_dagrun for hello_airflow to 2024-03-23 00:00:00+00:00, run_after=2024-03-24 00:00:00+00:00
[2026-03-25T11:57:01.615+0000] {processor.py:183} INFO - Processing /opt/airflow/dags/example.py took 0.131 seconds
[2026-03-25T11:57:32.095+0000] {processor.py:161} INFO - Started process (PID=2197) to work on /opt/airflow/dags/example.py
[2026-03-25T11:57:32.096+0000] {processor.py:830} INFO - Processing file /opt/airflow/dags/example.py for tasks to queue
[2026-03-25T11:57:32.098+0000] {logging_mixin.py:188} INFO - [2026-03-25T11:57:32.098+0000] {dagbag.py:545} INFO - Filling up the DagBag from /opt/airflow/dags/example.py
[2026-03-25T11:57:32.124+0000] {processor.py:840} INFO - DAG(s) 'hello_airflow' retrieved from /opt/airflow/dags/example.py
[2026-03-25T11:57:32.161+0000] {logging_mixin.py:188} INFO - [2026-03-25T11:57:32.161+0000] {dag.py:3096} INFO - Sync 1 DAGs
[2026-03-25T11:57:32.187+0000] {logging_mixin.py:188} INFO - [2026-03-25T11:57:32.187+0000] {dag.py:3954} INFO - Setting next_dagrun for hello_airflow to 2024-03-23 00:00:00+00:00, run_after=2024-03-24 00:00:00+00:00
[2026-03-25T11:57:32.215+0000] {processor.py:183} INFO - Processing /opt/airflow/dags/example.py took 0.127 seconds
[2026-03-25T11:58:02.751+0000] {processor.py:161} INFO - Started process (PID=2223) to work on /opt/airflow/dags/example.py
[2026-03-25T11:58:02.752+0000] {processor.py:830} INFO - Processing file /opt/airflow/dags/example.py for tasks to queue
[2026-03-25T11:58:02.754+0000] {logging_mixin.py:188} INFO - [2026-03-25T11:58:02.753+0000] {dagbag.py:545} INFO - Filling up the DagBag from /opt/airflow/dags/example.py
[2026-03-25T11:58:02.775+0000] {processor.py:840} INFO - DAG(s) 'hello_airflow' retrieved from /opt/airflow/dags/example.py
[2026-03-25T11:58:02.806+0000] {logging_mixin.py:188} INFO - [2026-03-25T11:58:02.806+0000] {dag.py:3096} INFO - Sync 1 DAGs
[2026-03-25T11:58:02.831+0000] {logging_mixin.py:188} INFO - [2026-03-25T11:58:02.830+0000] {dag.py:3954} INFO - Setting next_dagrun for hello_airflow to 2024-03-23 00:00:00+00:00, run_after=2024-03-24 00:00:00+00:00
[2026-03-25T11:58:02.856+0000] {processor.py:183} INFO - Processing /opt/airflow/dags/example.py took 0.112 seconds
[2026-03-25T11:58:33.464+0000] {processor.py:161} INFO - Started process (PID=2249) to work on /opt/airflow/dags/example.py
[2026-03-25T11:58:33.465+0000] {processor.py:830} INFO - Processing file /opt/airflow/dags/example.py for tasks to queue
[2026-03-25T11:58:33.467+0000] {logging_mixin.py:188} INFO - [2026-03-25T11:58:33.467+0000] {dagbag.py:545} INFO - Filling up the DagBag from /opt/airflow/dags/example.py
[2026-03-25T11:58:33.491+0000] {processor.py:840} INFO - DAG(s) 'hello_airflow' retrieved from /opt/airflow/dags/example.py
[2026-03-25T11:58:33.524+0000] {logging_mixin.py:188} INFO - [2026-03-25T11:58:33.523+0000] {dag.py:3096} INFO - Sync 1 DAGs
[2026-03-25T11:58:33.548+0000] {logging_mixin.py:188} INFO - [2026-03-25T11:58:33.547+0000] {dag.py:3954} INFO - Setting next_dagrun for hello_airflow to 2024-03-23 00:00:00+00:00, run_after=2024-03-24 00:00:00+00:00
[2026-03-25T11:58:33.573+0000] {processor.py:183} INFO - Processing /opt/airflow/dags/example.py took 0.117 seconds
[2026-03-25T11:59:04.142+0000] {processor.py:161} INFO - Started process (PID=2276) to work on /opt/airflow/dags/example.py
[2026-03-25T11:59:04.143+0000] {processor.py:830} INFO - Processing file /opt/airflow/dags/example.py for tasks to queue
[2026-03-25T11:59:04.145+0000] {logging_mixin.py:188} INFO - [2026-03-25T11:59:04.144+0000] {dagbag.py:545} INFO - Filling up the DagBag from /opt/airflow/dags/example.py
[2026-03-25T11:59:04.162+0000] {processor.py:840} INFO - DAG(s) 'hello_airflow' retrieved from /opt/airflow/dags/example.py
[2026-03-25T11:59:04.193+0000] {logging_mixin.py:188} INFO - [2026-03-25T11:59:04.192+0000] {dag.py:3096} INFO - Sync 1 DAGs
[2026-03-25T11:59:04.214+0000] {logging_mixin.py:188} INFO - [2026-03-25T11:59:04.213+0000] {dag.py:3954} INFO - Setting next_dagrun for hello_airflow to 2024-03-23 00:00:00+00:00, run_after=2024-03-24 00:00:00+00:00
[2026-03-25T11:59:04.239+0000] {processor.py:183} INFO - Processing /opt/airflow/dags/example.py took 0.104 seconds
[2026-03-25T11:59:34.949+0000] {processor.py:161} INFO - Started process (PID=2302) to work on /opt/airflow/dags/example.py
[2026-03-25T11:59:34.950+0000] {processor.py:830} INFO - Processing file /opt/airflow/dags/example.py for tasks to queue
[2026-03-25T11:59:34.955+0000] {logging_mixin.py:188} INFO - [2026-03-25T11:59:34.955+0000] {dagbag.py:545} INFO - Filling up the DagBag from /opt/airflow/dags/example.py
[2026-03-25T11:59:34.991+0000] {processor.py:840} INFO - DAG(s) 'hello_airflow' retrieved from /opt/airflow/dags/example.py
[2026-03-25T11:59:35.029+0000] {logging_mixin.py:188} INFO - [2026-03-25T11:59:35.028+0000] {dag.py:3096} INFO - Sync 1 DAGs
[2026-03-25T11:59:35.051+0000] {logging_mixin.py:188} INFO - [2026-03-25T11:59:35.051+0000] {dag.py:3954} INFO - Setting next_dagrun for hello_airflow to 2024-03-23 00:00:00+00:00, run_after=2024-03-24 00:00:00+00:00
[2026-03-25T11:59:35.071+0000] {processor.py:183} INFO - Processing /opt/airflow/dags/example.py took 0.133 seconds
[2026-03-25T12:00:05.802+0000] {processor.py:161} INFO - Started process (PID=2328) to work on /opt/airflow/dags/example.py
[2026-03-25T12:00:05.803+0000] {processor.py:830} INFO - Processing file /opt/airflow/dags/example.py for tasks to queue
[2026-03-25T12:00:05.805+0000] {logging_mixin.py:188} INFO - [2026-03-25T12:00:05.805+0000] {dagbag.py:545} INFO - Filling up the DagBag from /opt/airflow/dags/example.py
[2026-03-25T12:00:05.823+0000] {processor.py:840} INFO - DAG(s) 'hello_airflow' retrieved from /opt/airflow/dags/example.py
[2026-03-25T12:00:05.854+0000] {logging_mixin.py:188} INFO - [2026-03-25T12:00:05.854+0000] {dag.py:3096} INFO - Sync 1 DAGs
[2026-03-25T12:00:05.875+0000] {logging_mixin.py:188} INFO - [2026-03-25T12:00:05.875+0000] {dag.py:3954} INFO - Setting next_dagrun for hello_airflow to 2024-03-23 00:00:00+00:00, run_after=2024-03-24 00:00:00+00:00
[2026-03-25T12:00:05.901+0000] {processor.py:183} INFO - Processing /opt/airflow/dags/example.py took 0.106 seconds
[2026-03-25T12:00:36.588+0000] {processor.py:161} INFO - Started process (PID=2354) to work on /opt/airflow/dags/example.py
[2026-03-25T12:00:36.589+0000] {processor.py:830} INFO - Processing file /opt/airflow/dags/example.py for tasks to queue
[2026-03-25T12:00:36.591+0000] {logging_mixin.py:188} INFO - [2026-03-25T12:00:36.591+0000] {dagbag.py:545} INFO - Filling up the DagBag from /opt/airflow/dags/example.py
[2026-03-25T12:00:36.610+0000] {processor.py:840} INFO - DAG(s) 'hello_airflow' retrieved from /opt/airflow/dags/example.py
[2026-03-25T12:00:36.639+0000] {logging_mixin.py:188} INFO - [2026-03-25T12:00:36.639+0000] {dag.py:3096} INFO - Sync 1 DAGs
[2026-03-25T12:00:36.660+0000] {logging_mixin.py:188} INFO - [2026-03-25T12:00:36.660+0000] {dag.py:3954} INFO - Setting next_dagrun for hello_airflow to 2024-03-23 00:00:00+00:00, run_after=2024-03-24 00:00:00+00:00
[2026-03-25T12:00:36.685+0000] {processor.py:183} INFO - Processing /opt/airflow/dags/example.py took 0.103 seconds
[2026-03-25T12:01:07.441+0000] {processor.py:161} INFO - Started process (PID=2387) to work on /opt/airflow/dags/example.py
[2026-03-25T12:01:07.442+0000] {processor.py:830} INFO - Processing file /opt/airflow/dags/example.py for tasks to queue
[2026-03-25T12:01:07.444+0000] {logging_mixin.py:188} INFO - [2026-03-25T12:01:07.444+0000] {dagbag.py:545} INFO - Filling up the DagBag from /opt/airflow/dags/example.py
[2026-03-25T12:01:07.471+0000] {processor.py:840} INFO - DAG(s) 'hello_airflow' retrieved from /opt/airflow/dags/example.py
[2026-03-25T12:01:07.502+0000] {logging_mixin.py:188} INFO - [2026-03-25T12:01:07.502+0000] {dag.py:3096} INFO - Sync 1 DAGs
[2026-03-25T12:01:07.525+0000] {logging_mixin.py:188} INFO - [2026-03-25T12:01:07.525+0000] {dag.py:3954} INFO - Setting next_dagrun for hello_airflow to 2024-03-23 00:00:00+00:00, run_after=2024-03-24 00:00:00+00:00
[2026-03-25T12:01:07.552+0000] {processor.py:183} INFO - Processing /opt/airflow/dags/example.py took 0.117 seconds
[2026-03-25T12:01:38.313+0000] {processor.py:161} INFO - Started process (PID=2413) to work on /opt/airflow/dags/example.py
[2026-03-25T12:01:38.314+0000] {processor.py:830} INFO - Processing file /opt/airflow/dags/example.py for tasks to queue
[2026-03-25T12:01:38.316+0000] {logging_mixin.py:188} INFO - [2026-03-25T12:01:38.316+0000] {dagbag.py:545} INFO - Filling up the DagBag from /opt/airflow/dags/example.py
[2026-03-25T12:01:38.334+0000] {processor.py:840} INFO - DAG(s) 'hello_airflow' retrieved from /opt/airflow/dags/example.py
[2026-03-25T12:01:38.363+0000] {logging_mixin.py:188} INFO - [2026-03-25T12:01:38.362+0000] {dag.py:3096} INFO - Sync 1 DAGs
[2026-03-25T12:01:38.384+0000] {logging_mixin.py:188} INFO - [2026-03-25T12:01:38.384+0000] {dag.py:3954} INFO - Setting next_dagrun for hello_airflow to 2024-03-23 00:00:00+00:00, run_after=2024-03-24 00:00:00+00:00
[2026-03-25T12:01:38.410+0000] {processor.py:183} INFO - Processing /opt/airflow/dags/example.py took 0.103 seconds
[2026-03-25T12:02:09.242+0000] {processor.py:161} INFO - Started process (PID=2439) to work on /opt/airflow/dags/example.py
[2026-03-25T12:02:09.243+0000] {processor.py:830} INFO - Processing file /opt/airflow/dags/example.py for tasks to queue
[2026-03-25T12:02:09.246+0000] {logging_mixin.py:188} INFO - [2026-03-25T12:02:09.245+0000] {dagbag.py:545} INFO - Filling up the DagBag from /opt/airflow/dags/example.py
[2026-03-25T12:02:09.266+0000] {processor.py:840} INFO - DAG(s) 'hello_airflow' retrieved from /opt/airflow/dags/example.py
[2026-03-25T12:02:09.294+0000] {logging_mixin.py:188} INFO - [2026-03-25T12:02:09.294+0000] {dag.py:3096} INFO - Sync 1 DAGs
[2026-03-25T12:02:09.317+0000] {logging_mixin.py:188} INFO - [2026-03-25T12:02:09.316+0000] {dag.py:3954} INFO - Setting next_dagrun for hello_airflow to 2024-03-23 00:00:00+00:00, run_after=2024-03-24 00:00:00+00:00
[2026-03-25T12:02:09.343+0000] {processor.py:183} INFO - Processing /opt/airflow/dags/example.py took 0.108 seconds
[2026-03-25T12:02:40.125+0000] {processor.py:161} INFO - Started process (PID=2465) to work on /opt/airflow/dags/example.py
[2026-03-25T12:02:40.128+0000] {processor.py:830} INFO - Processing file /opt/airflow/dags/example.py for tasks to queue
[2026-03-25T12:02:40.131+0000] {logging_mixin.py:188} INFO - [2026-03-25T12:02:40.131+0000] {dagbag.py:545} INFO - Filling up the DagBag from /opt/airflow/dags/example.py
[2026-03-25T12:02:40.167+0000] {processor.py:840} INFO - DAG(s) 'hello_airflow' retrieved from /opt/airflow/dags/example.py
[2026-03-25T12:02:40.206+0000] {logging_mixin.py:188} INFO - [2026-03-25T12:02:40.206+0000] {dag.py:3096} INFO - Sync 1 DAGs
[2026-03-25T12:02:40.235+0000] {logging_mixin.py:188} INFO - [2026-03-25T12:02:40.234+0000] {dag.py:3954} INFO - Setting next_dagrun for hello_airflow to 2024-03-23 00:00:00+00:00, run_after=2024-03-24 00:00:00+00:00
[2026-03-25T12:02:40.255+0000] {processor.py:183} INFO - Processing /opt/airflow/dags/example.py took 0.138 seconds
[2026-03-25T12:03:10.945+0000] {processor.py:161} INFO - Started process (PID=2491) to work on /opt/airflow/dags/example.py
[2026-03-25T12:03:10.947+0000] {processor.py:830} INFO - Processing file /opt/airflow/dags/example.py for tasks to queue
[2026-03-25T12:03:10.949+0000] {logging_mixin.py:188} INFO - [2026-03-25T12:03:10.948+0000] {dagbag.py:545} INFO - Filling up the DagBag from /opt/airflow/dags/example.py
[2026-03-25T12:03:10.968+0000] {processor.py:840} INFO - DAG(s) 'hello_airflow' retrieved from /opt/airflow/dags/example.py
[2026-03-25T12:03:10.995+0000] {logging_mixin.py:188} INFO - [2026-03-25T12:03:10.995+0000] {dag.py:3096} INFO - Sync 1 DAGs
[2026-03-25T12:03:11.019+0000] {logging_mixin.py:188} INFO - [2026-03-25T12:03:11.019+0000] {dag.py:3954} INFO - Setting next_dagrun for hello_airflow to 2024-03-23 00:00:00+00:00, run_after=2024-03-24 00:00:00+00:00
[2026-03-25T12:03:11.045+0000] {processor.py:183} INFO - Processing /opt/airflow/dags/example.py took 0.106 seconds
[2026-03-25T12:03:41.716+0000] {processor.py:161} INFO - Started process (PID=2518) to work on /opt/airflow/dags/example.py
[2026-03-25T12:03:41.717+0000] {processor.py:830} INFO - Processing file /opt/airflow/dags/example.py for tasks to queue
[2026-03-25T12:03:41.720+0000] {logging_mixin.py:188} INFO - [2026-03-25T12:03:41.719+0000] {dagbag.py:545} INFO - Filling up the DagBag from /opt/airflow/dags/example.py
[2026-03-25T12:03:41.740+0000] {processor.py:840} INFO - DAG(s) 'hello_airflow' retrieved from /opt/airflow/dags/example.py
[2026-03-25T12:03:41.768+0000] {logging_mixin.py:188} INFO - [2026-03-25T12:03:41.768+0000] {dag.py:3096} INFO - Sync 1 DAGs
[2026-03-25T12:03:41.789+0000] {logging_mixin.py:188} INFO - [2026-03-25T12:03:41.789+0000] {dag.py:3954} INFO - Setting next_dagrun for hello_airflow to 2024-03-23 00:00:00+00:00, run_after=2024-03-24 00:00:00+00:00
[2026-03-25T12:03:41.813+0000] {processor.py:183} INFO - Processing /opt/airflow/dags/example.py took 0.103 seconds
[2026-03-25T12:04:12.590+0000] {processor.py:161} INFO - Started process (PID=2544) to work on /opt/airflow/dags/example.py
[2026-03-25T12:04:12.591+0000] {processor.py:830} INFO - Processing file /opt/airflow/dags/example.py for tasks to queue
[2026-03-25T12:04:12.593+0000] {logging_mixin.py:188} INFO - [2026-03-25T12:04:12.593+0000] {dagbag.py:545} INFO - Filling up the DagBag from /opt/airflow/dags/example.py
[2026-03-25T12:04:12.610+0000] {processor.py:840} INFO - DAG(s) 'hello_airflow' retrieved from /opt/airflow/dags/example.py
[2026-03-25T12:04:12.637+0000] {logging_mixin.py:188} INFO - [2026-03-25T12:04:12.637+0000] {dag.py:3096} INFO - Sync 1 DAGs
[2026-03-25T12:04:12.659+0000] {logging_mixin.py:188} INFO - [2026-03-25T12:04:12.659+0000] {dag.py:3954} INFO - Setting next_dagrun for hello_airflow to 2024-03-23 00:00:00+00:00, run_after=2024-03-24 00:00:00+00:00
[2026-03-25T12:04:12.685+0000] {processor.py:183} INFO - Processing /opt/airflow/dags/example.py took 0.100 seconds
[2026-03-25T12:04:43.480+0000] {processor.py:161} INFO - Started process (PID=2570) to work on /opt/airflow/dags/example.py
[2026-03-25T12:04:43.481+0000] {processor.py:830} INFO - Processing file /opt/airflow/dags/example.py for tasks to queue
[2026-03-25T12:04:43.483+0000] {logging_mixin.py:188} INFO - [2026-03-25T12:04:43.483+0000] {dagbag.py:545} INFO - Filling up the DagBag from /opt/airflow/dags/example.py
[2026-03-25T12:04:43.502+0000] {processor.py:840} INFO - DAG(s) 'hello_airflow' retrieved from /opt/airflow/dags/example.py
[2026-03-25T12:04:43.533+0000] {logging_mixin.py:188} INFO - [2026-03-25T12:04:43.532+0000] {dag.py:3096} INFO - Sync 1 DAGs
[2026-03-25T12:04:43.554+0000] {logging_mixin.py:188} INFO - [2026-03-25T12:04:43.553+0000] {dag.py:3954} INFO - Setting next_dagrun for hello_airflow to 2024-03-23 00:00:00+00:00, run_after=2024-03-24 00:00:00+00:00
[2026-03-25T12:04:43.578+0000] {processor.py:183} INFO - Processing /opt/airflow/dags/example.py took 0.104 seconds
[2026-03-25T12:05:14.328+0000] {processor.py:161} INFO - Started process (PID=2597) to work on /opt/airflow/dags/example.py
[2026-03-25T12:05:14.329+0000] {processor.py:830} INFO - Processing file /opt/airflow/dags/example.py for tasks to queue
[2026-03-25T12:05:14.330+0000] {logging_mixin.py:188} INFO - [2026-03-25T12:05:14.330+0000] {dagbag.py:545} INFO - Filling up the DagBag from /opt/airflow/dags/example.py
[2026-03-25T12:05:14.351+0000] {processor.py:840} INFO - DAG(s) 'hello_airflow' retrieved from /opt/airflow/dags/example.py
[2026-03-25T12:05:14.378+0000] {logging_mixin.py:188} INFO - [2026-03-25T12:05:14.377+0000] {dag.py:3096} INFO - Sync 1 DAGs
[2026-03-25T12:05:14.398+0000] {logging_mixin.py:188} INFO - [2026-03-25T12:05:14.398+0000] {dag.py:3954} INFO - Setting next_dagrun for hello_airflow to 2024-03-23 00:00:00+00:00, run_after=2024-03-24 00:00:00+00:00
[2026-03-25T12:05:14.430+0000] {processor.py:183} INFO - Processing /opt/airflow/dags/example.py took 0.108 seconds
[2026-03-25T12:05:45.291+0000] {processor.py:161} INFO - Started process (PID=2623) to work on /opt/airflow/dags/example.py
[2026-03-25T12:05:45.292+0000] {processor.py:830} INFO - Processing file /opt/airflow/dags/example.py for tasks to queue
[2026-03-25T12:05:45.295+0000] {logging_mixin.py:188} INFO - [2026-03-25T12:05:45.294+0000] {dagbag.py:545} INFO - Filling up the DagBag from /opt/airflow/dags/example.py
[2026-03-25T12:05:45.312+0000] {processor.py:840} INFO - DAG(s) 'hello_airflow' retrieved from /opt/airflow/dags/example.py
[2026-03-25T12:05:45.340+0000] {logging_mixin.py:188} INFO - [2026-03-25T12:05:45.339+0000] {dag.py:3096} INFO - Sync 1 DAGs
[2026-03-25T12:05:45.360+0000] {logging_mixin.py:188} INFO - [2026-03-25T12:05:45.360+0000] {dag.py:3954} INFO - Setting next_dagrun for hello_airflow to 2024-03-23 00:00:00+00:00, run_after=2024-03-24 00:00:00+00:00
[2026-03-25T12:05:45.387+0000] {processor.py:183} INFO - Processing /opt/airflow/dags/example.py took 0.102 seconds
[2026-03-25T12:06:16.085+0000] {processor.py:161} INFO - Started process (PID=2649) to work on /opt/airflow/dags/example.py
[2026-03-25T12:06:16.086+0000] {processor.py:830} INFO - Processing file /opt/airflow/dags/example.py for tasks to queue
[2026-03-25T12:06:16.088+0000] {logging_mixin.py:188} INFO - [2026-03-25T12:06:16.087+0000] {dagbag.py:545} INFO - Filling up the DagBag from /opt/airflow/dags/example.py
[2026-03-25T12:06:16.110+0000] {processor.py:840} INFO - DAG(s) 'hello_airflow' retrieved from /opt/airflow/dags/example.py
[2026-03-25T12:06:16.137+0000] {logging_mixin.py:188} INFO - [2026-03-25T12:06:16.137+0000] {dag.py:3096} INFO - Sync 1 DAGs
[2026-03-25T12:06:16.158+0000] {logging_mixin.py:188} INFO - [2026-03-25T12:06:16.158+0000] {dag.py:3954} INFO - Setting next_dagrun for hello_airflow to 2024-03-23 00:00:00+00:00, run_after=2024-03-24 00:00:00+00:00
[2026-03-25T12:06:16.183+0000] {processor.py:183} INFO - Processing /opt/airflow/dags/example.py took 0.105 seconds
[2026-03-25T12:06:46.856+0000] {processor.py:161} INFO - Started process (PID=2675) to work on /opt/airflow/dags/example.py
[2026-03-25T12:06:46.857+0000] {processor.py:830} INFO - Processing file /opt/airflow/dags/example.py for tasks to queue
[2026-03-25T12:06:46.859+0000] {logging_mixin.py:188} INFO - [2026-03-25T12:06:46.859+0000] {dagbag.py:545} INFO - Filling up the DagBag from /opt/airflow/dags/example.py
[2026-03-25T12:06:46.880+0000] {processor.py:840} INFO - DAG(s) 'hello_airflow' retrieved from /opt/airflow/dags/example.py
[2026-03-25T12:06:46.910+0000] {logging_mixin.py:188} INFO - [2026-03-25T12:06:46.910+0000] {dag.py:3096} INFO - Sync 1 DAGs
[2026-03-25T12:06:46.937+0000] {logging_mixin.py:188} INFO - [2026-03-25T12:06:46.937+0000] {dag.py:3954} INFO - Setting next_dagrun for hello_airflow to 2024-03-23 00:00:00+00:00, run_after=2024-03-24 00:00:00+00:00
[2026-03-25T12:06:46.996+0000] {processor.py:183} INFO - Processing /opt/airflow/dags/example.py took 0.146 seconds
[2026-03-25T12:07:17.668+0000] {processor.py:161} INFO - Started process (PID=2701) to work on /opt/airflow/dags/example.py
[2026-03-25T12:07:17.669+0000] {processor.py:830} INFO - Processing file /opt/airflow/dags/example.py for tasks to queue
[2026-03-25T12:07:17.671+0000] {logging_mixin.py:188} INFO - [2026-03-25T12:07:17.671+0000] {dagbag.py:545} INFO - Filling up the DagBag from /opt/airflow/dags/example.py
[2026-03-25T12:07:17.694+0000] {processor.py:840} INFO - DAG(s) 'hello_airflow' retrieved from /opt/airflow/dags/example.py
[2026-03-25T12:07:17.725+0000] {logging_mixin.py:188} INFO - [2026-03-25T12:07:17.725+0000] {dag.py:3096} INFO - Sync 1 DAGs
[2026-03-25T12:07:17.757+0000] {logging_mixin.py:188} INFO - [2026-03-25T12:07:17.757+0000] {dag.py:3954} INFO - Setting next_dagrun for hello_airflow to 2024-03-23 00:00:00+00:00, run_after=2024-03-24 00:00:00+00:00
[2026-03-25T12:07:17.782+0000] {processor.py:183} INFO - Processing /opt/airflow/dags/example.py took 0.120 seconds
[2026-03-25T12:07:48.460+0000] {processor.py:161} INFO - Started process (PID=2727) to work on /opt/airflow/dags/example.py
[2026-03-25T12:07:48.461+0000] {processor.py:830} INFO - Processing file /opt/airflow/dags/example.py for tasks to queue
[2026-03-25T12:07:48.463+0000] {logging_mixin.py:188} INFO - [2026-03-25T12:07:48.463+0000] {dagbag.py:545} INFO - Filling up the DagBag from /opt/airflow/dags/example.py
[2026-03-25T12:07:48.483+0000] {processor.py:840} INFO - DAG(s) 'hello_airflow' retrieved from /opt/airflow/dags/example.py
[2026-03-25T12:07:48.514+0000] {logging_mixin.py:188} INFO - [2026-03-25T12:07:48.514+0000] {dag.py:3096} INFO - Sync 1 DAGs
[2026-03-25T12:07:48.535+0000] {logging_mixin.py:188} INFO - [2026-03-25T12:07:48.535+0000] {dag.py:3954} INFO - Setting next_dagrun for hello_airflow to 2024-03-23 00:00:00+00:00, run_after=2024-03-24 00:00:00+00:00
[2026-03-25T12:07:48.560+0000] {processor.py:183} INFO - Processing /opt/airflow/dags/example.py took 0.106 seconds
[2026-03-25T12:08:19.188+0000] {processor.py:161} INFO - Started process (PID=2753) to work on /opt/airflow/dags/example.py
[2026-03-25T12:08:19.189+0000] {processor.py:830} INFO - Processing file /opt/airflow/dags/example.py for tasks to queue
[2026-03-25T12:08:19.191+0000] {logging_mixin.py:188} INFO - [2026-03-25T12:08:19.190+0000] {dagbag.py:545} INFO - Filling up the DagBag from /opt/airflow/dags/example.py
[2026-03-25T12:08:19.208+0000] {processor.py:840} INFO - DAG(s) 'hello_airflow' retrieved from /opt/airflow/dags/example.py
[2026-03-25T12:08:19.233+0000] {logging_mixin.py:188} INFO - [2026-03-25T12:08:19.232+0000] {dag.py:3096} INFO - Sync 1 DAGs
[2026-03-25T12:08:19.255+0000] {logging_mixin.py:188} INFO - [2026-03-25T12:08:19.254+0000] {dag.py:3954} INFO - Setting next_dagrun for hello_airflow to 2024-03-23 00:00:00+00:00, run_after=2024-03-24 00:00:00+00:00
[2026-03-25T12:08:19.281+0000] {processor.py:183} INFO - Processing /opt/airflow/dags/example.py took 0.099 seconds
[2026-03-25T12:08:50.011+0000] {processor.py:161} INFO - Started process (PID=2779) to work on /opt/airflow/dags/example.py
[2026-03-25T12:08:50.012+0000] {processor.py:830} INFO - Processing file /opt/airflow/dags/example.py for tasks to queue
[2026-03-25T12:08:50.014+0000] {logging_mixin.py:188} INFO - [2026-03-25T12:08:50.014+0000] {dagbag.py:545} INFO - Filling up the DagBag from /opt/airflow/dags/example.py
[2026-03-25T12:08:50.034+0000] {processor.py:840} INFO - DAG(s) 'hello_airflow' retrieved from /opt/airflow/dags/example.py
[2026-03-25T12:08:50.062+0000] {logging_mixin.py:188} INFO - [2026-03-25T12:08:50.062+0000] {dag.py:3096} INFO - Sync 1 DAGs
[2026-03-25T12:08:50.083+0000] {logging_mixin.py:188} INFO - [2026-03-25T12:08:50.082+0000] {dag.py:3954} INFO - Setting next_dagrun for hello_airflow to 2024-03-23 00:00:00+00:00, run_after=2024-03-24 00:00:00+00:00
[2026-03-25T12:08:50.109+0000] {processor.py:183} INFO - Processing /opt/airflow/dags/example.py took 0.104 seconds
[2026-03-25T12:09:20.773+0000] {processor.py:161} INFO - Started process (PID=2805) to work on /opt/airflow/dags/example.py
[2026-03-25T12:09:20.775+0000] {processor.py:830} INFO - Processing file /opt/airflow/dags/example.py for tasks to queue
[2026-03-25T12:09:20.777+0000] {logging_mixin.py:188} INFO - [2026-03-25T12:09:20.776+0000] {dagbag.py:545} INFO - Filling up the DagBag from /opt/airflow/dags/example.py
[2026-03-25T12:09:20.795+0000] {processor.py:840} INFO - DAG(s) 'hello_airflow' retrieved from /opt/airflow/dags/example.py
[2026-03-25T12:09:20.821+0000] {logging_mixin.py:188} INFO - [2026-03-25T12:09:20.821+0000] {dag.py:3096} INFO - Sync 1 DAGs
[2026-03-25T12:09:20.843+0000] {logging_mixin.py:188} INFO - [2026-03-25T12:09:20.843+0000] {dag.py:3954} INFO - Setting next_dagrun for hello_airflow to 2024-03-23 00:00:00+00:00, run_after=2024-03-24 00:00:00+00:00
[2026-03-25T12:09:20.869+0000] {processor.py:183} INFO - Processing /opt/airflow/dags/example.py took 0.101 seconds
[2026-03-25T12:09:51.706+0000] {processor.py:161} INFO - Started process (PID=2831) to work on /opt/airflow/dags/example.py
[2026-03-25T12:09:51.707+0000] {processor.py:830} INFO - Processing file /opt/airflow/dags/example.py for tasks to queue
[2026-03-25T12:09:51.709+0000] {logging_mixin.py:188} INFO - [2026-03-25T12:09:51.709+0000] {dagbag.py:545} INFO - Filling up the DagBag from /opt/airflow/dags/example.py
[2026-03-25T12:09:51.726+0000] {processor.py:840} INFO - DAG(s) 'hello_airflow' retrieved from /opt/airflow/dags/example.py
[2026-03-25T12:09:51.756+0000] {logging_mixin.py:188} INFO - [2026-03-25T12:09:51.756+0000] {dag.py:3096} INFO - Sync 1 DAGs
[2026-03-25T12:09:51.777+0000] {logging_mixin.py:188} INFO - [2026-03-25T12:09:51.777+0000] {dag.py:3954} INFO - Setting next_dagrun for hello_airflow to 2024-03-23 00:00:00+00:00, run_after=2024-03-24 00:00:00+00:00
[2026-03-25T12:09:51.802+0000] {processor.py:183} INFO - Processing /opt/airflow/dags/example.py took 0.101 seconds
[2026-03-25T12:10:22.477+0000] {processor.py:161} INFO - Started process (PID=2857) to work on /opt/airflow/dags/example.py
[2026-03-25T12:10:22.478+0000] {processor.py:830} INFO - Processing file /opt/airflow/dags/example.py for tasks to queue
[2026-03-25T12:10:22.480+0000] {logging_mixin.py:188} INFO - [2026-03-25T12:10:22.480+0000] {dagbag.py:545} INFO - Filling up the DagBag from /opt/airflow/dags/example.py
[2026-03-25T12:10:22.499+0000] {processor.py:840} INFO - DAG(s) 'hello_airflow' retrieved from /opt/airflow/dags/example.py
[2026-03-25T12:10:22.527+0000] {logging_mixin.py:188} INFO - [2026-03-25T12:10:22.526+0000] {dag.py:3096} INFO - Sync 1 DAGs
[2026-03-25T12:10:22.547+0000] {logging_mixin.py:188} INFO - [2026-03-25T12:10:22.547+0000] {dag.py:3954} INFO - Setting next_dagrun for hello_airflow to 2024-03-23 00:00:00+00:00, run_after=2024-03-24 00:00:00+00:00
[2026-03-25T12:10:22.572+0000] {processor.py:183} INFO - Processing /opt/airflow/dags/example.py took 0.101 seconds
[2026-03-25T12:10:53.419+0000] {processor.py:161} INFO - Started process (PID=2883) to work on /opt/airflow/dags/example.py
[2026-03-25T12:10:53.420+0000] {processor.py:830} INFO - Processing file /opt/airflow/dags/example.py for tasks to queue
[2026-03-25T12:10:53.422+0000] {logging_mixin.py:188} INFO - [2026-03-25T12:10:53.422+0000] {dagbag.py:545} INFO - Filling up the DagBag from /opt/airflow/dags/example.py
[2026-03-25T12:10:53.440+0000] {processor.py:840} INFO - DAG(s) 'hello_airflow' retrieved from /opt/airflow/dags/example.py
[2026-03-25T12:10:53.467+0000] {logging_mixin.py:188} INFO - [2026-03-25T12:10:53.467+0000] {dag.py:3096} INFO - Sync 1 DAGs
[2026-03-25T12:10:53.489+0000] {logging_mixin.py:188} INFO - [2026-03-25T12:10:53.488+0000] {dag.py:3954} INFO - Setting next_dagrun for hello_airflow to 2024-03-23 00:00:00+00:00, run_after=2024-03-24 00:00:00+00:00
[2026-03-25T12:10:53.514+0000] {processor.py:183} INFO - Processing /opt/airflow/dags/example.py took 0.101 seconds
[2026-03-25T12:11:24.273+0000] {processor.py:161} INFO - Started process (PID=2909) to work on /opt/airflow/dags/example.py
[2026-03-25T12:11:24.274+0000] {processor.py:830} INFO - Processing file /opt/airflow/dags/example.py for tasks to queue
[2026-03-25T12:11:24.276+0000] {logging_mixin.py:188} INFO - [2026-03-25T12:11:24.276+0000] {dagbag.py:545} INFO - Filling up the DagBag from /opt/airflow/dags/example.py
[2026-03-25T12:11:24.297+0000] {processor.py:840} INFO - DAG(s) 'hello_airflow' retrieved from /opt/airflow/dags/example.py
[2026-03-25T12:11:24.330+0000] {logging_mixin.py:188} INFO - [2026-03-25T12:11:24.330+0000] {dag.py:3096} INFO - Sync 1 DAGs
[2026-03-25T12:11:24.358+0000] {logging_mixin.py:188} INFO - [2026-03-25T12:11:24.358+0000] {dag.py:3954} INFO - Setting next_dagrun for hello_airflow to 2024-03-23 00:00:00+00:00, run_after=2024-03-24 00:00:00+00:00
[2026-03-25T12:11:24.395+0000] {processor.py:183} INFO - Processing /opt/airflow/dags/example.py took 0.129 seconds
[2026-03-25T12:11:55.253+0000] {processor.py:161} INFO - Started process (PID=2935) to work on /opt/airflow/dags/example.py
[2026-03-25T12:11:55.254+0000] {processor.py:830} INFO - Processing file /opt/airflow/dags/example.py for tasks to queue
[2026-03-25T12:11:55.256+0000] {logging_mixin.py:188} INFO - [2026-03-25T12:11:55.256+0000] {dagbag.py:545} INFO - Filling up the DagBag from /opt/airflow/dags/example.py
[2026-03-25T12:11:55.274+0000] {processor.py:840} INFO - DAG(s) 'hello_airflow' retrieved from /opt/airflow/dags/example.py
[2026-03-25T12:11:55.304+0000] {logging_mixin.py:188} INFO - [2026-03-25T12:11:55.303+0000] {dag.py:3096} INFO - Sync 1 DAGs
[2026-03-25T12:11:55.325+0000] {logging_mixin.py:188} INFO - [2026-03-25T12:11:55.325+0000] {dag.py:3954} INFO - Setting next_dagrun for hello_airflow to 2024-03-23 00:00:00+00:00, run_after=2024-03-24 00:00:00+00:00
[2026-03-25T12:11:55.353+0000] {processor.py:183} INFO - Processing /opt/airflow/dags/example.py took 0.106 seconds
[2026-03-25T12:12:26.086+0000] {processor.py:161} INFO - Started process (PID=2961) to work on /opt/airflow/dags/example.py
[2026-03-25T12:12:26.087+0000] {processor.py:830} INFO - Processing file /opt/airflow/dags/example.py for tasks to queue
[2026-03-25T12:12:26.089+0000] {logging_mixin.py:188} INFO - [2026-03-25T12:12:26.089+0000] {dagbag.py:545} INFO - Filling up the DagBag from /opt/airflow/dags/example.py
[2026-03-25T12:12:26.108+0000] {processor.py:840} INFO - DAG(s) 'hello_airflow' retrieved from /opt/airflow/dags/example.py
[2026-03-25T12:12:26.135+0000] {logging_mixin.py:188} INFO - [2026-03-25T12:12:26.135+0000] {dag.py:3096} INFO - Sync 1 DAGs
[2026-03-25T12:12:26.158+0000] {logging_mixin.py:188} INFO - [2026-03-25T12:12:26.158+0000] {dag.py:3954} INFO - Setting next_dagrun for hello_airflow to 2024-03-23 00:00:00+00:00, run_after=2024-03-24 00:00:00+00:00
[2026-03-25T12:12:26.186+0000] {processor.py:183} INFO - Processing /opt/airflow/dags/example.py took 0.105 seconds
[2026-03-25T12:12:56.982+0000] {processor.py:161} INFO - Started process (PID=2987) to work on /opt/airflow/dags/example.py
[2026-03-25T12:12:56.983+0000] {processor.py:830} INFO - Processing file /opt/airflow/dags/example.py for tasks to queue
[2026-03-25T12:12:56.985+0000] {logging_mixin.py:188} INFO - [2026-03-25T12:12:56.984+0000] {dagbag.py:545} INFO - Filling up the DagBag from /opt/airflow/dags/example.py
[2026-03-25T12:12:57.008+0000] {processor.py:840} INFO - DAG(s) 'hello_airflow' retrieved from /opt/airflow/dags/example.py
[2026-03-25T12:12:57.055+0000] {logging_mixin.py:188} INFO - [2026-03-25T12:12:57.052+0000] {dag.py:3096} INFO - Sync 1 DAGs
[2026-03-25T12:12:57.081+0000] {logging_mixin.py:188} INFO - [2026-03-25T12:12:57.081+0000] {dag.py:3954} INFO - Setting next_dagrun for hello_airflow to 2024-03-23 00:00:00+00:00, run_after=2024-03-24 00:00:00+00:00
[2026-03-25T12:12:57.112+0000] {processor.py:183} INFO - Processing /opt/airflow/dags/example.py took 0.136 seconds
[2026-03-25T12:13:27.937+0000] {processor.py:161} INFO - Started process (PID=3013) to work on /opt/airflow/dags/example.py
[2026-03-25T12:13:27.938+0000] {processor.py:830} INFO - Processing file /opt/airflow/dags/example.py for tasks to queue
[2026-03-25T12:13:27.940+0000] {logging_mixin.py:188} INFO - [2026-03-25T12:13:27.940+0000] {dagbag.py:545} INFO - Filling up the DagBag from /opt/airflow/dags/example.py
[2026-03-25T12:13:27.966+0000] {processor.py:840} INFO - DAG(s) 'hello_airflow' retrieved from /opt/airflow/dags/example.py
[2026-03-25T12:13:27.996+0000] {logging_mixin.py:188} INFO - [2026-03-25T12:13:27.996+0000] {dag.py:3096} INFO - Sync 1 DAGs
[2026-03-25T12:13:28.018+0000] {logging_mixin.py:188} INFO - [2026-03-25T12:13:28.018+0000] {dag.py:3954} INFO - Setting next_dagrun for hello_airflow to 2024-03-23 00:00:00+00:00, run_after=2024-03-24 00:00:00+00:00
[2026-03-25T12:13:28.046+0000] {processor.py:183} INFO - Processing /opt/airflow/dags/example.py took 0.117 seconds
[2026-03-25T12:13:58.959+0000] {processor.py:161} INFO - Started process (PID=3039) to work on /opt/airflow/dags/example.py
[2026-03-25T12:13:58.960+0000] {processor.py:830} INFO - Processing file /opt/airflow/dags/example.py for tasks to queue
[2026-03-25T12:13:58.962+0000] {logging_mixin.py:188} INFO - [2026-03-25T12:13:58.962+0000] {dagbag.py:545} INFO - Filling up the DagBag from /opt/airflow/dags/example.py
[2026-03-25T12:13:58.980+0000] {processor.py:840} INFO - DAG(s) 'hello_airflow' retrieved from /opt/airflow/dags/example.py
[2026-03-25T12:13:59.006+0000] {logging_mixin.py:188} INFO - [2026-03-25T12:13:59.006+0000] {dag.py:3096} INFO - Sync 1 DAGs
[2026-03-25T12:13:59.028+0000] {logging_mixin.py:188} INFO - [2026-03-25T12:13:59.028+0000] {dag.py:3954} INFO - Setting next_dagrun for hello_airflow to 2024-03-23 00:00:00+00:00, run_after=2024-03-24 00:00:00+00:00
[2026-03-25T12:13:59.056+0000] {processor.py:183} INFO - Processing /opt/airflow/dags/example.py took 0.102 seconds
[2026-03-25T12:14:29.803+0000] {processor.py:161} INFO - Started process (PID=3065) to work on /opt/airflow/dags/example.py
[2026-03-25T12:14:29.804+0000] {processor.py:830} INFO - Processing file /opt/airflow/dags/example.py for tasks to queue
[2026-03-25T12:14:29.806+0000] {logging_mixin.py:188} INFO - [2026-03-25T12:14:29.806+0000] {dagbag.py:545} INFO - Filling up the DagBag from /opt/airflow/dags/example.py
[2026-03-25T12:14:29.828+0000] {processor.py:840} INFO - DAG(s) 'hello_airflow' retrieved from /opt/airflow/dags/example.py
[2026-03-25T12:14:29.856+0000] {logging_mixin.py:188} INFO - [2026-03-25T12:14:29.856+0000] {dag.py:3096} INFO - Sync 1 DAGs
[2026-03-25T12:14:29.880+0000] {logging_mixin.py:188} INFO - [2026-03-25T12:14:29.879+0000] {dag.py:3954} INFO - Setting next_dagrun for hello_airflow to 2024-03-23 00:00:00+00:00, run_after=2024-03-24 00:00:00+00:00
[2026-03-25T12:14:29.905+0000] {processor.py:183} INFO - Processing /opt/airflow/dags/example.py took 0.108 seconds
[2026-03-25T12:15:00.707+0000] {processor.py:161} INFO - Started process (PID=3092) to work on /opt/airflow/dags/example.py
[2026-03-25T12:15:00.708+0000] {processor.py:830} INFO - Processing file /opt/airflow/dags/example.py for tasks to queue
[2026-03-25T12:15:00.710+0000] {logging_mixin.py:188} INFO - [2026-03-25T12:15:00.710+0000] {dagbag.py:545} INFO - Filling up the DagBag from /opt/airflow/dags/example.py
[2026-03-25T12:15:00.729+0000] {processor.py:840} INFO - DAG(s) 'hello_airflow' retrieved from /opt/airflow/dags/example.py
[2026-03-25T12:15:00.757+0000] {logging_mixin.py:188} INFO - [2026-03-25T12:15:00.757+0000] {dag.py:3096} INFO - Sync 1 DAGs
[2026-03-25T12:15:00.778+0000] {logging_mixin.py:188} INFO - [2026-03-25T12:15:00.778+0000] {dag.py:3954} INFO - Setting next_dagrun for hello_airflow to 2024-03-23 00:00:00+00:00, run_after=2024-03-24 00:00:00+00:00
[2026-03-25T12:15:00.804+0000] {processor.py:183} INFO - Processing /opt/airflow/dags/example.py took 0.103 seconds
[2026-03-25T12:15:31.565+0000] {processor.py:161} INFO - Started process (PID=3118) to work on /opt/airflow/dags/example.py
[2026-03-25T12:15:31.566+0000] {processor.py:830} INFO - Processing file /opt/airflow/dags/example.py for tasks to queue
[2026-03-25T12:15:31.568+0000] {logging_mixin.py:188} INFO - [2026-03-25T12:15:31.568+0000] {dagbag.py:545} INFO - Filling up the DagBag from /opt/airflow/dags/example.py
[2026-03-25T12:15:31.586+0000] {processor.py:840} INFO - DAG(s) 'hello_airflow' retrieved from /opt/airflow/dags/example.py
[2026-03-25T12:15:31.615+0000] {logging_mixin.py:188} INFO - [2026-03-25T12:15:31.615+0000] {dag.py:3096} INFO - Sync 1 DAGs
[2026-03-25T12:15:31.636+0000] {logging_mixin.py:188} INFO - [2026-03-25T12:15:31.636+0000] {dag.py:3954} INFO - Setting next_dagrun for hello_airflow to 2024-03-23 00:00:00+00:00, run_after=2024-03-24 00:00:00+00:00
[2026-03-25T12:15:31.662+0000] {processor.py:183} INFO - Processing /opt/airflow/dags/example.py took 0.103 seconds
[2026-03-25T12:16:02.370+0000] {processor.py:161} INFO - Started process (PID=3144) to work on /opt/airflow/dags/example.py
[2026-03-25T12:16:02.371+0000] {processor.py:830} INFO - Processing file /opt/airflow/dags/example.py for tasks to queue
[2026-03-25T12:16:02.372+0000] {logging_mixin.py:188} INFO - [2026-03-25T12:16:02.372+0000] {dagbag.py:545} INFO - Filling up the DagBag from /opt/airflow/dags/example.py
[2026-03-25T12:16:02.390+0000] {processor.py:840} INFO - DAG(s) 'hello_airflow' retrieved from /opt/airflow/dags/example.py
[2026-03-25T12:16:02.416+0000] {logging_mixin.py:188} INFO - [2026-03-25T12:16:02.416+0000] {dag.py:3096} INFO - Sync 1 DAGs
[2026-03-25T12:16:02.436+0000] {logging_mixin.py:188} INFO - [2026-03-25T12:16:02.435+0000] {dag.py:3954} INFO - Setting next_dagrun for hello_airflow to 2024-03-23 00:00:00+00:00, run_after=2024-03-24 00:00:00+00:00
[2026-03-25T12:16:02.461+0000] {processor.py:183} INFO - Processing /opt/airflow/dags/example.py took 0.098 seconds
[2026-03-25T12:16:33.171+0000] {processor.py:161} INFO - Started process (PID=3170) to work on /opt/airflow/dags/example.py
[2026-03-25T12:16:33.172+0000] {processor.py:830} INFO - Processing file /opt/airflow/dags/example.py for tasks to queue
[2026-03-25T12:16:33.174+0000] {logging_mixin.py:188} INFO - [2026-03-25T12:16:33.174+0000] {dagbag.py:545} INFO - Filling up the DagBag from /opt/airflow/dags/example.py
[2026-03-25T12:16:33.192+0000] {processor.py:840} INFO - DAG(s) 'hello_airflow' retrieved from /opt/airflow/dags/example.py
[2026-03-25T12:16:33.220+0000] {logging_mixin.py:188} INFO - [2026-03-25T12:16:33.220+0000] {dag.py:3096} INFO - Sync 1 DAGs
[2026-03-25T12:16:33.242+0000] {logging_mixin.py:188} INFO - [2026-03-25T12:16:33.241+0000] {dag.py:3954} INFO - Setting next_dagrun for hello_airflow to 2024-03-23 00:00:00+00:00, run_after=2024-03-24 00:00:00+00:00
[2026-03-25T12:16:33.260+0000] {processor.py:183} INFO - Processing /opt/airflow/dags/example.py took 0.100 seconds
[2026-03-25T12:17:03.919+0000] {processor.py:161} INFO - Started process (PID=3196) to work on /opt/airflow/dags/example.py
[2026-03-25T12:17:03.920+0000] {processor.py:830} INFO - Processing file /opt/airflow/dags/example.py for tasks to queue
[2026-03-25T12:17:03.922+0000] {logging_mixin.py:188} INFO - [2026-03-25T12:17:03.921+0000] {dagbag.py:545} INFO - Filling up the DagBag from /opt/airflow/dags/example.py
[2026-03-25T12:17:03.941+0000] {processor.py:840} INFO - DAG(s) 'hello_airflow' retrieved from /opt/airflow/dags/example.py
[2026-03-25T12:17:03.969+0000] {logging_mixin.py:188} INFO - [2026-03-25T12:17:03.969+0000] {dag.py:3096} INFO - Sync 1 DAGs
[2026-03-25T12:17:03.990+0000] {logging_mixin.py:188} INFO - [2026-03-25T12:17:03.990+0000] {dag.py:3954} INFO - Setting next_dagrun for hello_airflow to 2024-03-23 00:00:00+00:00, run_after=2024-03-24 00:00:00+00:00
[2026-03-25T12:17:04.016+0000] {processor.py:183} INFO - Processing /opt/airflow/dags/example.py took 0.104 seconds
[2026-03-25T12:17:34.737+0000] {processor.py:161} INFO - Started process (PID=3222) to work on /opt/airflow/dags/example.py
[2026-03-25T12:17:34.738+0000] {processor.py:830} INFO - Processing file /opt/airflow/dags/example.py for tasks to queue
[2026-03-25T12:17:34.740+0000] {logging_mixin.py:188} INFO - [2026-03-25T12:17:34.740+0000] {dagbag.py:545} INFO - Filling up the DagBag from /opt/airflow/dags/example.py
[2026-03-25T12:17:34.758+0000] {processor.py:840} INFO - DAG(s) 'hello_airflow' retrieved from /opt/airflow/dags/example.py
[2026-03-25T12:17:34.784+0000] {logging_mixin.py:188} INFO - [2026-03-25T12:17:34.784+0000] {dag.py:3096} INFO - Sync 1 DAGs
[2026-03-25T12:17:34.805+0000] {logging_mixin.py:188} INFO - [2026-03-25T12:17:34.805+0000] {dag.py:3954} INFO - Setting next_dagrun for hello_airflow to 2024-03-23 00:00:00+00:00, run_after=2024-03-24 00:00:00+00:00
[2026-03-25T12:17:34.831+0000] {processor.py:183} INFO - Processing /opt/airflow/dags/example.py took 0.100 seconds
[2026-03-25T12:18:05.563+0000] {processor.py:161} INFO - Started process (PID=3249) to work on /opt/airflow/dags/example.py
[2026-03-25T12:18:05.565+0000] {processor.py:830} INFO - Processing file /opt/airflow/dags/example.py for tasks to queue
[2026-03-25T12:18:05.567+0000] {logging_mixin.py:188} INFO - [2026-03-25T12:18:05.566+0000] {dagbag.py:545} INFO - Filling up the DagBag from /opt/airflow/dags/example.py
[2026-03-25T12:18:05.587+0000] {processor.py:840} INFO - DAG(s) 'hello_airflow' retrieved from /opt/airflow/dags/example.py
[2026-03-25T12:18:05.615+0000] {logging_mixin.py:188} INFO - [2026-03-25T12:18:05.615+0000] {dag.py:3096} INFO - Sync 1 DAGs
[2026-03-25T12:18:05.636+0000] {logging_mixin.py:188} INFO - [2026-03-25T12:18:05.636+0000] {dag.py:3954} INFO - Setting next_dagrun for hello_airflow to 2024-03-23 00:00:00+00:00, run_after=2024-03-24 00:00:00+00:00
[2026-03-25T12:18:05.661+0000] {processor.py:183} INFO - Processing /opt/airflow/dags/example.py took 0.104 seconds
[2026-03-25T12:18:36.589+0000] {processor.py:161} INFO - Started process (PID=3275) to work on /opt/airflow/dags/example.py
[2026-03-25T12:18:36.590+0000] {processor.py:830} INFO - Processing file /opt/airflow/dags/example.py for tasks to queue
[2026-03-25T12:18:36.592+0000] {logging_mixin.py:188} INFO - [2026-03-25T12:18:36.592+0000] {dagbag.py:545} INFO - Filling up the DagBag from /opt/airflow/dags/example.py
[2026-03-25T12:18:36.611+0000] {processor.py:840} INFO - DAG(s) 'hello_airflow' retrieved from /opt/airflow/dags/example.py
[2026-03-25T12:18:36.639+0000] {logging_mixin.py:188} INFO - [2026-03-25T12:18:36.639+0000] {dag.py:3096} INFO - Sync 1 DAGs
[2026-03-25T12:18:36.661+0000] {logging_mixin.py:188} INFO - [2026-03-25T12:18:36.661+0000] {dag.py:3954} INFO - Setting next_dagrun for hello_airflow to 2024-03-23 00:00:00+00:00, run_after=2024-03-24 00:00:00+00:00
[2026-03-25T12:18:36.686+0000] {processor.py:183} INFO - Processing /opt/airflow/dags/example.py took 0.102 seconds
[2026-03-25T12:19:07.390+0000] {processor.py:161} INFO - Started process (PID=3301) to work on /opt/airflow/dags/example.py
[2026-03-25T12:19:07.391+0000] {processor.py:830} INFO - Processing file /opt/airflow/dags/example.py for tasks to queue
[2026-03-25T12:19:07.394+0000] {logging_mixin.py:188} INFO - [2026-03-25T12:19:07.393+0000] {dagbag.py:545} INFO - Filling up the DagBag from /opt/airflow/dags/example.py
[2026-03-25T12:19:07.415+0000] {processor.py:840} INFO - DAG(s) 'hello_airflow' retrieved from /opt/airflow/dags/example.py
[2026-03-25T12:19:07.445+0000] {logging_mixin.py:188} INFO - [2026-03-25T12:19:07.445+0000] {dag.py:3096} INFO - Sync 1 DAGs
[2026-03-25T12:19:07.466+0000] {logging_mixin.py:188} INFO - [2026-03-25T12:19:07.465+0000] {dag.py:3954} INFO - Setting next_dagrun for hello_airflow to 2024-03-23 00:00:00+00:00, run_after=2024-03-24 00:00:00+00:00
[2026-03-25T12:19:07.490+0000] {processor.py:183} INFO - Processing /opt/airflow/dags/example.py took 0.105 seconds
[2026-03-25T12:19:38.189+0000] {processor.py:161} INFO - Started process (PID=3327) to work on /opt/airflow/dags/example.py
[2026-03-25T12:19:38.190+0000] {processor.py:830} INFO - Processing file /opt/airflow/dags/example.py for tasks to queue
[2026-03-25T12:19:38.192+0000] {logging_mixin.py:188} INFO - [2026-03-25T12:19:38.192+0000] {dagbag.py:545} INFO - Filling up the DagBag from /opt/airflow/dags/example.py
[2026-03-25T12:19:38.214+0000] {processor.py:840} INFO - DAG(s) 'hello_airflow' retrieved from /opt/airflow/dags/example.py
[2026-03-25T12:19:38.245+0000] {logging_mixin.py:188} INFO - [2026-03-25T12:19:38.244+0000] {dag.py:3096} INFO - Sync 1 DAGs
[2026-03-25T12:19:38.267+0000] {logging_mixin.py:188} INFO - [2026-03-25T12:19:38.267+0000] {dag.py:3954} INFO - Setting next_dagrun for hello_airflow to 2024-03-23 00:00:00+00:00, run_after=2024-03-24 00:00:00+00:00
[2026-03-25T12:19:38.294+0000] {processor.py:183} INFO - Processing /opt/airflow/dags/example.py took 0.113 seconds
[2026-03-25T12:20:09.057+0000] {processor.py:161} INFO - Started process (PID=3353) to work on /opt/airflow/dags/example.py
[2026-03-25T12:20:09.058+0000] {processor.py:830} INFO - Processing file /opt/airflow/dags/example.py for tasks to queue
[2026-03-25T12:20:09.060+0000] {logging_mixin.py:188} INFO - [2026-03-25T12:20:09.060+0000] {dagbag.py:545} INFO - Filling up the DagBag from /opt/airflow/dags/example.py
[2026-03-25T12:20:09.078+0000] {processor.py:840} INFO - DAG(s) 'hello_airflow' retrieved from /opt/airflow/dags/example.py
[2026-03-25T12:20:09.108+0000] {logging_mixin.py:188} INFO - [2026-03-25T12:20:09.107+0000] {dag.py:3096} INFO - Sync 1 DAGs
[2026-03-25T12:20:09.129+0000] {logging_mixin.py:188} INFO - [2026-03-25T12:20:09.129+0000] {dag.py:3954} INFO - Setting next_dagrun for hello_airflow to 2024-03-23 00:00:00+00:00, run_after=2024-03-24 00:00:00+00:00
[2026-03-25T12:20:09.154+0000] {processor.py:183} INFO - Processing /opt/airflow/dags/example.py took 0.102 seconds
[2026-03-25T12:20:39.947+0000] {processor.py:161} INFO - Started process (PID=3385) to work on /opt/airflow/dags/example.py
[2026-03-25T12:20:39.948+0000] {processor.py:830} INFO - Processing file /opt/airflow/dags/example.py for tasks to queue
[2026-03-25T12:20:39.950+0000] {logging_mixin.py:188} INFO - [2026-03-25T12:20:39.950+0000] {dagbag.py:545} INFO - Filling up the DagBag from /opt/airflow/dags/example.py
[2026-03-25T12:20:39.976+0000] {processor.py:840} INFO - DAG(s) 'hello_airflow' retrieved from /opt/airflow/dags/example.py
[2026-03-25T12:20:40.009+0000] {logging_mixin.py:188} INFO - [2026-03-25T12:20:40.009+0000] {dag.py:3096} INFO - Sync 1 DAGs
[2026-03-25T12:20:40.033+0000] {logging_mixin.py:188} INFO - [2026-03-25T12:20:40.032+0000] {dag.py:3954} INFO - Setting next_dagrun for hello_airflow to 2024-03-23 00:00:00+00:00, run_after=2024-03-24 00:00:00+00:00
[2026-03-25T12:20:40.060+0000] {processor.py:183} INFO - Processing /opt/airflow/dags/example.py took 0.120 seconds
[2026-03-25T12:21:10.794+0000] {processor.py:161} INFO - Started process (PID=3411) to work on /opt/airflow/dags/example.py
[2026-03-25T12:21:10.794+0000] {processor.py:830} INFO - Processing file /opt/airflow/dags/example.py for tasks to queue
[2026-03-25T12:21:10.796+0000] {logging_mixin.py:188} INFO - [2026-03-25T12:21:10.796+0000] {dagbag.py:545} INFO - Filling up the DagBag from /opt/airflow/dags/example.py
[2026-03-25T12:21:10.815+0000] {processor.py:840} INFO - DAG(s) 'hello_airflow' retrieved from /opt/airflow/dags/example.py
[2026-03-25T12:21:10.843+0000] {logging_mixin.py:188} INFO - [2026-03-25T12:21:10.842+0000] {dag.py:3096} INFO - Sync 1 DAGs
[2026-03-25T12:21:10.863+0000] {logging_mixin.py:188} INFO - [2026-03-25T12:21:10.863+0000] {dag.py:3954} INFO - Setting next_dagrun for hello_airflow to 2024-03-23 00:00:00+00:00, run_after=2024-03-24 00:00:00+00:00
[2026-03-25T12:21:10.890+0000] {processor.py:183} INFO - Processing /opt/airflow/dags/example.py took 0.102 seconds
[2026-03-25T12:21:41.573+0000] {processor.py:161} INFO - Started process (PID=3437) to work on /opt/airflow/dags/example.py
[2026-03-25T12:21:41.574+0000] {processor.py:830} INFO - Processing file /opt/airflow/dags/example.py for tasks to queue
[2026-03-25T12:21:41.576+0000] {logging_mixin.py:188} INFO - [2026-03-25T12:21:41.576+0000] {dagbag.py:545} INFO - Filling up the DagBag from /opt/airflow/dags/example.py
[2026-03-25T12:21:41.599+0000] {processor.py:840} INFO - DAG(s) 'hello_airflow' retrieved from /opt/airflow/dags/example.py
[2026-03-25T12:21:41.632+0000] {logging_mixin.py:188} INFO - [2026-03-25T12:21:41.632+0000] {dag.py:3096} INFO - Sync 1 DAGs
[2026-03-25T12:21:41.654+0000] {logging_mixin.py:188} INFO - [2026-03-25T12:21:41.654+0000] {dag.py:3954} INFO - Setting next_dagrun for hello_airflow to 2024-03-23 00:00:00+00:00, run_after=2024-03-24 00:00:00+00:00
[2026-03-25T12:21:41.681+0000] {processor.py:183} INFO - Processing /opt/airflow/dags/example.py took 0.114 seconds
[2026-03-25T12:22:12.395+0000] {processor.py:161} INFO - Started process (PID=3463) to work on /opt/airflow/dags/example.py
[2026-03-25T12:22:12.396+0000] {processor.py:830} INFO - Processing file /opt/airflow/dags/example.py for tasks to queue
[2026-03-25T12:22:12.398+0000] {logging_mixin.py:188} INFO - [2026-03-25T12:22:12.398+0000] {dagbag.py:545} INFO - Filling up the DagBag from /opt/airflow/dags/example.py
[2026-03-25T12:22:12.415+0000] {processor.py:840} INFO - DAG(s) 'hello_airflow' retrieved from /opt/airflow/dags/example.py
[2026-03-25T12:22:12.443+0000] {logging_mixin.py:188} INFO - [2026-03-25T12:22:12.443+0000] {dag.py:3096} INFO - Sync 1 DAGs
[2026-03-25T12:22:12.464+0000] {logging_mixin.py:188} INFO - [2026-03-25T12:22:12.464+0000] {dag.py:3954} INFO - Setting next_dagrun for hello_airflow to 2024-03-23 00:00:00+00:00, run_after=2024-03-24 00:00:00+00:00
[2026-03-25T12:22:12.491+0000] {processor.py:183} INFO - Processing /opt/airflow/dags/example.py took 0.101 seconds
[2026-03-25T12:22:43.269+0000] {processor.py:161} INFO - Started process (PID=3489) to work on /opt/airflow/dags/example.py
[2026-03-25T12:22:43.270+0000] {processor.py:830} INFO - Processing file /opt/airflow/dags/example.py for tasks to queue
[2026-03-25T12:22:43.272+0000] {logging_mixin.py:188} INFO - [2026-03-25T12:22:43.272+0000] {dagbag.py:545} INFO - Filling up the DagBag from /opt/airflow/dags/example.py
[2026-03-25T12:22:43.296+0000] {processor.py:840} INFO - DAG(s) 'hello_airflow' retrieved from /opt/airflow/dags/example.py
[2026-03-25T12:22:43.326+0000] {logging_mixin.py:188} INFO - [2026-03-25T12:22:43.326+0000] {dag.py:3096} INFO - Sync 1 DAGs
[2026-03-25T12:22:43.348+0000] {logging_mixin.py:188} INFO - [2026-03-25T12:22:43.348+0000] {dag.py:3954} INFO - Setting next_dagrun for hello_airflow to 2024-03-23 00:00:00+00:00, run_after=2024-03-24 00:00:00+00:00
[2026-03-25T12:22:43.374+0000] {processor.py:183} INFO - Processing /opt/airflow/dags/example.py took 0.111 seconds
[2026-03-25T12:23:14.150+0000] {processor.py:161} INFO - Started process (PID=3515) to work on /opt/airflow/dags/example.py
[2026-03-25T12:23:14.151+0000] {processor.py:830} INFO - Processing file /opt/airflow/dags/example.py for tasks to queue
[2026-03-25T12:23:14.153+0000] {logging_mixin.py:188} INFO - [2026-03-25T12:23:14.152+0000] {dagbag.py:545} INFO - Filling up the DagBag from /opt/airflow/dags/example.py
[2026-03-25T12:23:14.172+0000] {processor.py:840} INFO - DAG(s) 'hello_airflow' retrieved from /opt/airflow/dags/example.py
[2026-03-25T12:23:14.202+0000] {logging_mixin.py:188} INFO - [2026-03-25T12:23:14.202+0000] {dag.py:3096} INFO - Sync 1 DAGs
[2026-03-25T12:23:14.224+0000] {logging_mixin.py:188} INFO - [2026-03-25T12:23:14.223+0000] {dag.py:3954} INFO - Setting next_dagrun for hello_airflow to 2024-03-23 00:00:00+00:00, run_after=2024-03-24 00:00:00+00:00
[2026-03-25T12:23:14.248+0000] {processor.py:183} INFO - Processing /opt/airflow/dags/example.py took 0.105 seconds
[2026-03-25T12:23:45.152+0000] {processor.py:161} INFO - Started process (PID=3541) to work on /opt/airflow/dags/example.py
[2026-03-25T12:23:45.154+0000] {processor.py:830} INFO - Processing file /opt/airflow/dags/example.py for tasks to queue
[2026-03-25T12:23:45.156+0000] {logging_mixin.py:188} INFO - [2026-03-25T12:23:45.155+0000] {dagbag.py:545} INFO - Filling up the DagBag from /opt/airflow/dags/example.py
[2026-03-25T12:23:45.175+0000] {processor.py:840} INFO - DAG(s) 'hello_airflow' retrieved from /opt/airflow/dags/example.py
[2026-03-25T12:23:45.207+0000] {logging_mixin.py:188} INFO - [2026-03-25T12:23:45.206+0000] {dag.py:3096} INFO - Sync 1 DAGs
[2026-03-25T12:23:45.227+0000] {logging_mixin.py:188} INFO - [2026-03-25T12:23:45.227+0000] {dag.py:3954} INFO - Setting next_dagrun for hello_airflow to 2024-03-23 00:00:00+00:00, run_after=2024-03-24 00:00:00+00:00
[2026-03-25T12:23:45.253+0000] {processor.py:183} INFO - Processing /opt/airflow/dags/example.py took 0.107 seconds
[2026-03-25T12:24:15.995+0000] {processor.py:161} INFO - Started process (PID=3567) to work on /opt/airflow/dags/example.py
[2026-03-25T12:24:15.996+0000] {processor.py:830} INFO - Processing file /opt/airflow/dags/example.py for tasks to queue
[2026-03-25T12:24:16.000+0000] {logging_mixin.py:188} INFO - [2026-03-25T12:24:15.999+0000] {dagbag.py:545} INFO - Filling up the DagBag from /opt/airflow/dags/example.py
[2026-03-25T12:24:16.032+0000] {processor.py:840} INFO - DAG(s) 'hello_airflow' retrieved from /opt/airflow/dags/example.py
[2026-03-25T12:24:16.081+0000] {logging_mixin.py:188} INFO - [2026-03-25T12:24:16.081+0000] {dag.py:3096} INFO - Sync 1 DAGs
[2026-03-25T12:24:16.119+0000] {logging_mixin.py:188} INFO - [2026-03-25T12:24:16.118+0000] {dag.py:3954} INFO - Setting next_dagrun for hello_airflow to 2024-03-23 00:00:00+00:00, run_after=2024-03-24 00:00:00+00:00
[2026-03-25T12:24:16.156+0000] {processor.py:183} INFO - Processing /opt/airflow/dags/example.py took 0.172 seconds
[2026-03-25T12:24:46.934+0000] {processor.py:161} INFO - Started process (PID=3593) to work on /opt/airflow/dags/example.py
[2026-03-25T12:24:46.935+0000] {processor.py:830} INFO - Processing file /opt/airflow/dags/example.py for tasks to queue
[2026-03-25T12:24:46.936+0000] {logging_mixin.py:188} INFO - [2026-03-25T12:24:46.936+0000] {dagbag.py:545} INFO - Filling up the DagBag from /opt/airflow/dags/example.py
[2026-03-25T12:24:46.955+0000] {processor.py:840} INFO - DAG(s) 'hello_airflow' retrieved from /opt/airflow/dags/example.py
[2026-03-25T12:24:46.983+0000] {logging_mixin.py:188} INFO - [2026-03-25T12:24:46.982+0000] {dag.py:3096} INFO - Sync 1 DAGs
[2026-03-25T12:24:47.003+0000] {logging_mixin.py:188} INFO - [2026-03-25T12:24:47.003+0000] {dag.py:3954} INFO - Setting next_dagrun for hello_airflow to 2024-03-23 00:00:00+00:00, run_after=2024-03-24 00:00:00+00:00
[2026-03-25T12:24:47.027+0000] {processor.py:183} INFO - Processing /opt/airflow/dags/example.py took 0.099 seconds
[2026-03-25T12:25:17.826+0000] {processor.py:161} INFO - Started process (PID=3619) to work on /opt/airflow/dags/example.py
[2026-03-25T12:25:17.827+0000] {processor.py:830} INFO - Processing file /opt/airflow/dags/example.py for tasks to queue
[2026-03-25T12:25:17.829+0000] {logging_mixin.py:188} INFO - [2026-03-25T12:25:17.829+0000] {dagbag.py:545} INFO - Filling up the DagBag from /opt/airflow/dags/example.py
[2026-03-25T12:25:17.848+0000] {processor.py:840} INFO - DAG(s) 'hello_airflow' retrieved from /opt/airflow/dags/example.py
[2026-03-25T12:25:17.876+0000] {logging_mixin.py:188} INFO - [2026-03-25T12:25:17.876+0000] {dag.py:3096} INFO - Sync 1 DAGs
[2026-03-25T12:25:17.897+0000] {logging_mixin.py:188} INFO - [2026-03-25T12:25:17.897+0000] {dag.py:3954} INFO - Setting next_dagrun for hello_airflow to 2024-03-23 00:00:00+00:00, run_after=2024-03-24 00:00:00+00:00
[2026-03-25T12:25:17.923+0000] {processor.py:183} INFO - Processing /opt/airflow/dags/example.py took 0.103 seconds
[2026-03-25T12:25:48.597+0000] {processor.py:161} INFO - Started process (PID=3645) to work on /opt/airflow/dags/example.py
[2026-03-25T12:25:48.598+0000] {processor.py:830} INFO - Processing file /opt/airflow/dags/example.py for tasks to queue
[2026-03-25T12:25:48.601+0000] {logging_mixin.py:188} INFO - [2026-03-25T12:25:48.600+0000] {dagbag.py:545} INFO - Filling up the DagBag from /opt/airflow/dags/example.py
[2026-03-25T12:25:48.623+0000] {processor.py:840} INFO - DAG(s) 'hello_airflow' retrieved from /opt/airflow/dags/example.py
[2026-03-25T12:25:48.650+0000] {logging_mixin.py:188} INFO - [2026-03-25T12:25:48.650+0000] {dag.py:3096} INFO - Sync 1 DAGs
[2026-03-25T12:25:48.671+0000] {logging_mixin.py:188} INFO - [2026-03-25T12:25:48.671+0000] {dag.py:3954} INFO - Setting next_dagrun for hello_airflow to 2024-03-23 00:00:00+00:00, run_after=2024-03-24 00:00:00+00:00
[2026-03-25T12:25:48.699+0000] {processor.py:183} INFO - Processing /opt/airflow/dags/example.py took 0.109 seconds
[2026-03-25T12:26:19.470+0000] {processor.py:161} INFO - Started process (PID=3671) to work on /opt/airflow/dags/example.py
[2026-03-25T12:26:19.471+0000] {processor.py:830} INFO - Processing file /opt/airflow/dags/example.py for tasks to queue
[2026-03-25T12:26:19.473+0000] {logging_mixin.py:188} INFO - [2026-03-25T12:26:19.473+0000] {dagbag.py:545} INFO - Filling up the DagBag from /opt/airflow/dags/example.py
[2026-03-25T12:26:19.491+0000] {processor.py:840} INFO - DAG(s) 'hello_airflow' retrieved from /opt/airflow/dags/example.py
[2026-03-25T12:26:19.518+0000] {logging_mixin.py:188} INFO - [2026-03-25T12:26:19.518+0000] {dag.py:3096} INFO - Sync 1 DAGs
[2026-03-25T12:26:19.537+0000] {logging_mixin.py:188} INFO - [2026-03-25T12:26:19.537+0000] {dag.py:3954} INFO - Setting next_dagrun for hello_airflow to 2024-03-23 00:00:00+00:00, run_after=2024-03-24 00:00:00+00:00
[2026-03-25T12:26:19.563+0000] {processor.py:183} INFO - Processing /opt/airflow/dags/example.py took 0.099 seconds
[2026-03-25T12:26:50.293+0000] {processor.py:161} INFO - Started process (PID=3697) to work on /opt/airflow/dags/example.py
[2026-03-25T12:26:50.294+0000] {processor.py:830} INFO - Processing file /opt/airflow/dags/example.py for tasks to queue
[2026-03-25T12:26:50.296+0000] {logging_mixin.py:188} INFO - [2026-03-25T12:26:50.295+0000] {dagbag.py:545} INFO - Filling up the DagBag from /opt/airflow/dags/example.py
[2026-03-25T12:26:50.316+0000] {processor.py:840} INFO - DAG(s) 'hello_airflow' retrieved from /opt/airflow/dags/example.py
[2026-03-25T12:26:50.344+0000] {logging_mixin.py:188} INFO - [2026-03-25T12:26:50.344+0000] {dag.py:3096} INFO - Sync 1 DAGs
[2026-03-25T12:26:50.366+0000] {logging_mixin.py:188} INFO - [2026-03-25T12:26:50.365+0000] {dag.py:3954} INFO - Setting next_dagrun for hello_airflow to 2024-03-23 00:00:00+00:00, run_after=2024-03-24 00:00:00+00:00
[2026-03-25T12:26:50.390+0000] {processor.py:183} INFO - Processing /opt/airflow/dags/example.py took 0.104 seconds
[2026-03-25T12:27:21.142+0000] {processor.py:161} INFO - Started process (PID=3723) to work on /opt/airflow/dags/example.py
[2026-03-25T12:27:21.143+0000] {processor.py:830} INFO - Processing file /opt/airflow/dags/example.py for tasks to queue
[2026-03-25T12:27:21.145+0000] {logging_mixin.py:188} INFO - [2026-03-25T12:27:21.144+0000] {dagbag.py:545} INFO - Filling up the DagBag from /opt/airflow/dags/example.py
[2026-03-25T12:27:21.162+0000] {processor.py:840} INFO - DAG(s) 'hello_airflow' retrieved from /opt/airflow/dags/example.py
[2026-03-25T12:27:21.190+0000] {logging_mixin.py:188} INFO - [2026-03-25T12:27:21.189+0000] {dag.py:3096} INFO - Sync 1 DAGs
[2026-03-25T12:27:21.212+0000] {logging_mixin.py:188} INFO - [2026-03-25T12:27:21.211+0000] {dag.py:3954} INFO - Setting next_dagrun for hello_airflow to 2024-03-23 00:00:00+00:00, run_after=2024-03-24 00:00:00+00:00
[2026-03-25T12:27:21.234+0000] {processor.py:183} INFO - Processing /opt/airflow/dags/example.py took 0.099 seconds
[2026-03-25T12:27:51.922+0000] {processor.py:161} INFO - Started process (PID=3749) to work on /opt/airflow/dags/example.py
[2026-03-25T12:27:51.923+0000] {processor.py:830} INFO - Processing file /opt/airflow/dags/example.py for tasks to queue
[2026-03-25T12:27:51.925+0000] {logging_mixin.py:188} INFO - [2026-03-25T12:27:51.925+0000] {dagbag.py:545} INFO - Filling up the DagBag from /opt/airflow/dags/example.py
[2026-03-25T12:27:51.944+0000] {processor.py:840} INFO - DAG(s) 'hello_airflow' retrieved from /opt/airflow/dags/example.py
[2026-03-25T12:27:51.970+0000] {logging_mixin.py:188} INFO - [2026-03-25T12:27:51.970+0000] {dag.py:3096} INFO - Sync 1 DAGs
[2026-03-25T12:27:51.990+0000] {logging_mixin.py:188} INFO - [2026-03-25T12:27:51.990+0000] {dag.py:3954} INFO - Setting next_dagrun for hello_airflow to 2024-03-23 00:00:00+00:00, run_after=2024-03-24 00:00:00+00:00
[2026-03-25T12:27:52.021+0000] {processor.py:183} INFO - Processing /opt/airflow/dags/example.py took 0.105 seconds
[2026-03-25T12:28:22.842+0000] {processor.py:161} INFO - Started process (PID=3775) to work on /opt/airflow/dags/example.py
[2026-03-25T12:28:22.843+0000] {processor.py:830} INFO - Processing file /opt/airflow/dags/example.py for tasks to queue
[2026-03-25T12:28:22.845+0000] {logging_mixin.py:188} INFO - [2026-03-25T12:28:22.845+0000] {dagbag.py:545} INFO - Filling up the DagBag from /opt/airflow/dags/example.py
[2026-03-25T12:28:22.863+0000] {processor.py:840} INFO - DAG(s) 'hello_airflow' retrieved from /opt/airflow/dags/example.py
[2026-03-25T12:28:22.890+0000] {logging_mixin.py:188} INFO - [2026-03-25T12:28:22.890+0000] {dag.py:3096} INFO - Sync 1 DAGs
[2026-03-25T12:28:22.913+0000] {logging_mixin.py:188} INFO - [2026-03-25T12:28:22.913+0000] {dag.py:3954} INFO - Setting next_dagrun for hello_airflow to 2024-03-23 00:00:00+00:00, run_after=2024-03-24 00:00:00+00:00
[2026-03-25T12:28:22.939+0000] {processor.py:183} INFO - Processing /opt/airflow/dags/example.py took 0.103 seconds
[2026-03-25T12:28:53.889+0000] {processor.py:161} INFO - Started process (PID=3801) to work on /opt/airflow/dags/example.py
[2026-03-25T12:28:53.890+0000] {processor.py:830} INFO - Processing file /opt/airflow/dags/example.py for tasks to queue
[2026-03-25T12:28:53.892+0000] {logging_mixin.py:188} INFO - [2026-03-25T12:28:53.892+0000] {dagbag.py:545} INFO - Filling up the DagBag from /opt/airflow/dags/example.py
[2026-03-25T12:28:53.911+0000] {processor.py:840} INFO - DAG(s) 'hello_airflow' retrieved from /opt/airflow/dags/example.py
[2026-03-25T12:28:53.937+0000] {logging_mixin.py:188} INFO - [2026-03-25T12:28:53.937+0000] {dag.py:3096} INFO - Sync 1 DAGs
[2026-03-25T12:28:53.959+0000] {logging_mixin.py:188} INFO - [2026-03-25T12:28:53.959+0000] {dag.py:3954} INFO - Setting next_dagrun for hello_airflow to 2024-03-23 00:00:00+00:00, run_after=2024-03-24 00:00:00+00:00
[2026-03-25T12:28:53.987+0000] {processor.py:183} INFO - Processing /opt/airflow/dags/example.py took 0.104 seconds
[2026-03-25T12:29:24.769+0000] {processor.py:161} INFO - Started process (PID=3827) to work on /opt/airflow/dags/example.py
[2026-03-25T12:29:24.770+0000] {processor.py:830} INFO - Processing file /opt/airflow/dags/example.py for tasks to queue
[2026-03-25T12:29:24.772+0000] {logging_mixin.py:188} INFO - [2026-03-25T12:29:24.772+0000] {dagbag.py:545} INFO - Filling up the DagBag from /opt/airflow/dags/example.py
[2026-03-25T12:29:24.791+0000] {processor.py:840} INFO - DAG(s) 'hello_airflow' retrieved from /opt/airflow/dags/example.py
[2026-03-25T12:29:24.821+0000] {logging_mixin.py:188} INFO - [2026-03-25T12:29:24.820+0000] {dag.py:3096} INFO - Sync 1 DAGs
[2026-03-25T12:29:24.839+0000] {logging_mixin.py:188} INFO - [2026-03-25T12:29:24.839+0000] {dag.py:3954} INFO - Setting next_dagrun for hello_airflow to 2024-03-23 00:00:00+00:00, run_after=2024-03-24 00:00:00+00:00
[2026-03-25T12:29:24.865+0000] {processor.py:183} INFO - Processing /opt/airflow/dags/example.py took 0.102 seconds
[2026-03-25T12:29:55.538+0000] {processor.py:161} INFO - Started process (PID=3853) to work on /opt/airflow/dags/example.py
[2026-03-25T12:29:55.539+0000] {processor.py:830} INFO - Processing file /opt/airflow/dags/example.py for tasks to queue
[2026-03-25T12:29:55.541+0000] {logging_mixin.py:188} INFO - [2026-03-25T12:29:55.541+0000] {dagbag.py:545} INFO - Filling up the DagBag from /opt/airflow/dags/example.py
[2026-03-25T12:29:55.559+0000] {processor.py:840} INFO - DAG(s) 'hello_airflow' retrieved from /opt/airflow/dags/example.py
[2026-03-25T12:29:55.587+0000] {logging_mixin.py:188} INFO - [2026-03-25T12:29:55.587+0000] {dag.py:3096} INFO - Sync 1 DAGs
[2026-03-25T12:29:55.609+0000] {logging_mixin.py:188} INFO - [2026-03-25T12:29:55.609+0000] {dag.py:3954} INFO - Setting next_dagrun for hello_airflow to 2024-03-23 00:00:00+00:00, run_after=2024-03-24 00:00:00+00:00
[2026-03-25T12:29:55.635+0000] {processor.py:183} INFO - Processing /opt/airflow/dags/example.py took 0.103 seconds
[2026-03-25T12:30:26.396+0000] {processor.py:161} INFO - Started process (PID=3879) to work on /opt/airflow/dags/example.py
[2026-03-25T12:30:26.397+0000] {processor.py:830} INFO - Processing file /opt/airflow/dags/example.py for tasks to queue
[2026-03-25T12:30:26.399+0000] {logging_mixin.py:188} INFO - [2026-03-25T12:30:26.399+0000] {dagbag.py:545} INFO - Filling up the DagBag from /opt/airflow/dags/example.py
[2026-03-25T12:30:26.421+0000] {processor.py:840} INFO - DAG(s) 'hello_airflow' retrieved from /opt/airflow/dags/example.py
[2026-03-25T12:30:26.447+0000] {logging_mixin.py:188} INFO - [2026-03-25T12:30:26.447+0000] {dag.py:3096} INFO - Sync 1 DAGs
[2026-03-25T12:30:26.467+0000] {logging_mixin.py:188} INFO - [2026-03-25T12:30:26.467+0000] {dag.py:3954} INFO - Setting next_dagrun for hello_airflow to 2024-03-23 00:00:00+00:00, run_after=2024-03-24 00:00:00+00:00
[2026-03-25T12:30:26.489+0000] {processor.py:183} INFO - Processing /opt/airflow/dags/example.py took 0.098 seconds
[2026-03-25T12:30:57.301+0000] {processor.py:161} INFO - Started process (PID=3905) to work on /opt/airflow/dags/example.py
[2026-03-25T12:30:57.302+0000] {processor.py:830} INFO - Processing file /opt/airflow/dags/example.py for tasks to queue
[2026-03-25T12:30:57.305+0000] {logging_mixin.py:188} INFO - [2026-03-25T12:30:57.304+0000] {dagbag.py:545} INFO - Filling up the DagBag from /opt/airflow/dags/example.py
[2026-03-25T12:30:57.324+0000] {processor.py:840} INFO - DAG(s) 'hello_airflow' retrieved from /opt/airflow/dags/example.py
[2026-03-25T12:30:57.358+0000] {logging_mixin.py:188} INFO - [2026-03-25T12:30:57.358+0000] {dag.py:3096} INFO - Sync 1 DAGs
[2026-03-25T12:30:57.383+0000] {logging_mixin.py:188} INFO - [2026-03-25T12:30:57.383+0000] {dag.py:3954} INFO - Setting next_dagrun for hello_airflow to 2024-03-23 00:00:00+00:00, run_after=2024-03-24 00:00:00+00:00
[2026-03-25T12:30:57.408+0000] {processor.py:183} INFO - Processing /opt/airflow/dags/example.py took 0.113 seconds
[2026-03-25T12:31:28.184+0000] {processor.py:161} INFO - Started process (PID=3931) to work on /opt/airflow/dags/example.py
[2026-03-25T12:31:28.186+0000] {processor.py:830} INFO - Processing file /opt/airflow/dags/example.py for tasks to queue
[2026-03-25T12:31:28.188+0000] {logging_mixin.py:188} INFO - [2026-03-25T12:31:28.187+0000] {dagbag.py:545} INFO - Filling up the DagBag from /opt/airflow/dags/example.py
[2026-03-25T12:31:28.209+0000] {processor.py:840} INFO - DAG(s) 'hello_airflow' retrieved from /opt/airflow/dags/example.py
[2026-03-25T12:31:28.239+0000] {logging_mixin.py:188} INFO - [2026-03-25T12:31:28.239+0000] {dag.py:3096} INFO - Sync 1 DAGs
[2026-03-25T12:31:28.260+0000] {logging_mixin.py:188} INFO - [2026-03-25T12:31:28.259+0000] {dag.py:3954} INFO - Setting next_dagrun for hello_airflow to 2024-03-23 00:00:00+00:00, run_after=2024-03-24 00:00:00+00:00
[2026-03-25T12:31:28.282+0000] {processor.py:183} INFO - Processing /opt/airflow/dags/example.py took 0.105 seconds
[2026-03-25T12:31:59.097+0000] {processor.py:161} INFO - Started process (PID=3957) to work on /opt/airflow/dags/example.py
[2026-03-25T12:31:59.098+0000] {processor.py:830} INFO - Processing file /opt/airflow/dags/example.py for tasks to queue
[2026-03-25T12:31:59.100+0000] {logging_mixin.py:188} INFO - [2026-03-25T12:31:59.100+0000] {dagbag.py:545} INFO - Filling up the DagBag from /opt/airflow/dags/example.py
[2026-03-25T12:31:59.119+0000] {processor.py:840} INFO - DAG(s) 'hello_airflow' retrieved from /opt/airflow/dags/example.py
[2026-03-25T12:31:59.148+0000] {logging_mixin.py:188} INFO - [2026-03-25T12:31:59.148+0000] {dag.py:3096} INFO - Sync 1 DAGs
[2026-03-25T12:31:59.169+0000] {logging_mixin.py:188} INFO - [2026-03-25T12:31:59.169+0000] {dag.py:3954} INFO - Setting next_dagrun for hello_airflow to 2024-03-23 00:00:00+00:00, run_after=2024-03-24 00:00:00+00:00
[2026-03-25T12:31:59.194+0000] {processor.py:183} INFO - Processing /opt/airflow/dags/example.py took 0.104 seconds
[2026-03-25T12:32:29.888+0000] {processor.py:161} INFO - Started process (PID=3983) to work on /opt/airflow/dags/example.py
[2026-03-25T12:32:29.889+0000] {processor.py:830} INFO - Processing file /opt/airflow/dags/example.py for tasks to queue
[2026-03-25T12:32:29.891+0000] {logging_mixin.py:188} INFO - [2026-03-25T12:32:29.891+0000] {dagbag.py:545} INFO - Filling up the DagBag from /opt/airflow/dags/example.py
[2026-03-25T12:32:29.912+0000] {processor.py:840} INFO - DAG(s) 'hello_airflow' retrieved from /opt/airflow/dags/example.py
[2026-03-25T12:32:29.939+0000] {logging_mixin.py:188} INFO - [2026-03-25T12:32:29.939+0000] {dag.py:3096} INFO - Sync 1 DAGs
[2026-03-25T12:32:29.960+0000] {logging_mixin.py:188} INFO - [2026-03-25T12:32:29.960+0000] {dag.py:3954} INFO - Setting next_dagrun for hello_airflow to 2024-03-23 00:00:00+00:00, run_after=2024-03-24 00:00:00+00:00
[2026-03-25T12:32:29.985+0000] {processor.py:183} INFO - Processing /opt/airflow/dags/example.py took 0.104 seconds
[2026-03-25T12:33:00.763+0000] {processor.py:161} INFO - Started process (PID=4009) to work on /opt/airflow/dags/example.py
[2026-03-25T12:33:00.764+0000] {processor.py:830} INFO - Processing file /opt/airflow/dags/example.py for tasks to queue
[2026-03-25T12:33:00.767+0000] {logging_mixin.py:188} INFO - [2026-03-25T12:33:00.766+0000] {dagbag.py:545} INFO - Filling up the DagBag from /opt/airflow/dags/example.py
[2026-03-25T12:33:00.786+0000] {processor.py:840} INFO - DAG(s) 'hello_airflow' retrieved from /opt/airflow/dags/example.py
[2026-03-25T12:33:00.813+0000] {logging_mixin.py:188} INFO - [2026-03-25T12:33:00.812+0000] {dag.py:3096} INFO - Sync 1 DAGs
[2026-03-25T12:33:00.833+0000] {logging_mixin.py:188} INFO - [2026-03-25T12:33:00.833+0000] {dag.py:3954} INFO - Setting next_dagrun for hello_airflow to 2024-03-23 00:00:00+00:00, run_after=2024-03-24 00:00:00+00:00
[2026-03-25T12:33:00.859+0000] {processor.py:183} INFO - Processing /opt/airflow/dags/example.py took 0.102 seconds
[2026-03-25T12:33:31.515+0000] {processor.py:161} INFO - Started process (PID=4035) to work on /opt/airflow/dags/example.py
[2026-03-25T12:33:31.516+0000] {processor.py:830} INFO - Processing file /opt/airflow/dags/example.py for tasks to queue
[2026-03-25T12:33:31.518+0000] {logging_mixin.py:188} INFO - [2026-03-25T12:33:31.518+0000] {dagbag.py:545} INFO - Filling up the DagBag from /opt/airflow/dags/example.py
[2026-03-25T12:33:31.535+0000] {processor.py:840} INFO - DAG(s) 'hello_airflow' retrieved from /opt/airflow/dags/example.py
[2026-03-25T12:33:31.563+0000] {logging_mixin.py:188} INFO - [2026-03-25T12:33:31.563+0000] {dag.py:3096} INFO - Sync 1 DAGs
[2026-03-25T12:33:31.585+0000] {logging_mixin.py:188} INFO - [2026-03-25T12:33:31.584+0000] {dag.py:3954} INFO - Setting next_dagrun for hello_airflow to 2024-03-23 00:00:00+00:00, run_after=2024-03-24 00:00:00+00:00
[2026-03-25T12:33:31.609+0000] {processor.py:183} INFO - Processing /opt/airflow/dags/example.py took 0.099 seconds
[2026-03-25T12:34:02.518+0000] {processor.py:161} INFO - Started process (PID=4061) to work on /opt/airflow/dags/example.py
[2026-03-25T12:34:02.519+0000] {processor.py:830} INFO - Processing file /opt/airflow/dags/example.py for tasks to queue
[2026-03-25T12:34:02.521+0000] {logging_mixin.py:188} INFO - [2026-03-25T12:34:02.521+0000] {dagbag.py:545} INFO - Filling up the DagBag from /opt/airflow/dags/example.py
[2026-03-25T12:34:02.541+0000] {processor.py:840} INFO - DAG(s) 'hello_airflow' retrieved from /opt/airflow/dags/example.py
[2026-03-25T12:34:02.570+0000] {logging_mixin.py:188} INFO - [2026-03-25T12:34:02.570+0000] {dag.py:3096} INFO - Sync 1 DAGs
[2026-03-25T12:34:02.592+0000] {logging_mixin.py:188} INFO - [2026-03-25T12:34:02.591+0000] {dag.py:3954} INFO - Setting next_dagrun for hello_airflow to 2024-03-23 00:00:00+00:00, run_after=2024-03-24 00:00:00+00:00
[2026-03-25T12:34:02.616+0000] {processor.py:183} INFO - Processing /opt/airflow/dags/example.py took 0.104 seconds
[2026-03-25T12:34:33.362+0000] {processor.py:161} INFO - Started process (PID=4087) to work on /opt/airflow/dags/example.py
[2026-03-25T12:34:33.363+0000] {processor.py:830} INFO - Processing file /opt/airflow/dags/example.py for tasks to queue
[2026-03-25T12:34:33.365+0000] {logging_mixin.py:188} INFO - [2026-03-25T12:34:33.365+0000] {dagbag.py:545} INFO - Filling up the DagBag from /opt/airflow/dags/example.py
[2026-03-25T12:34:33.384+0000] {processor.py:840} INFO - DAG(s) 'hello_airflow' retrieved from /opt/airflow/dags/example.py
[2026-03-25T12:34:33.409+0000] {logging_mixin.py:188} INFO - [2026-03-25T12:34:33.409+0000] {dag.py:3096} INFO - Sync 1 DAGs
[2026-03-25T12:34:33.429+0000] {logging_mixin.py:188} INFO - [2026-03-25T12:34:33.428+0000] {dag.py:3954} INFO - Setting next_dagrun for hello_airflow to 2024-03-23 00:00:00+00:00, run_after=2024-03-24 00:00:00+00:00
[2026-03-25T12:34:33.456+0000] {processor.py:183} INFO - Processing /opt/airflow/dags/example.py took 0.100 seconds
[2026-03-25T12:35:04.169+0000] {processor.py:161} INFO - Started process (PID=4113) to work on /opt/airflow/dags/example.py
[2026-03-25T12:35:04.170+0000] {processor.py:830} INFO - Processing file /opt/airflow/dags/example.py for tasks to queue
[2026-03-25T12:35:04.172+0000] {logging_mixin.py:188} INFO - [2026-03-25T12:35:04.171+0000] {dagbag.py:545} INFO - Filling up the DagBag from /opt/airflow/dags/example.py
[2026-03-25T12:35:04.189+0000] {processor.py:840} INFO - DAG(s) 'hello_airflow' retrieved from /opt/airflow/dags/example.py
[2026-03-25T12:35:04.215+0000] {logging_mixin.py:188} INFO - [2026-03-25T12:35:04.215+0000] {dag.py:3096} INFO - Sync 1 DAGs
[2026-03-25T12:35:04.236+0000] {logging_mixin.py:188} INFO - [2026-03-25T12:35:04.236+0000] {dag.py:3954} INFO - Setting next_dagrun for hello_airflow to 2024-03-23 00:00:00+00:00, run_after=2024-03-24 00:00:00+00:00
[2026-03-25T12:35:04.265+0000] {processor.py:183} INFO - Processing /opt/airflow/dags/example.py took 0.101 seconds
[2026-03-25T12:35:35.076+0000] {processor.py:161} INFO - Started process (PID=4139) to work on /opt/airflow/dags/example.py
[2026-03-25T12:35:35.077+0000] {processor.py:830} INFO - Processing file /opt/airflow/dags/example.py for tasks to queue
[2026-03-25T12:35:35.079+0000] {logging_mixin.py:188} INFO - [2026-03-25T12:35:35.079+0000] {dagbag.py:545} INFO - Filling up the DagBag from /opt/airflow/dags/example.py
[2026-03-25T12:35:35.097+0000] {processor.py:840} INFO - DAG(s) 'hello_airflow' retrieved from /opt/airflow/dags/example.py
[2026-03-25T12:35:35.127+0000] {logging_mixin.py:188} INFO - [2026-03-25T12:35:35.126+0000] {dag.py:3096} INFO - Sync 1 DAGs
[2026-03-25T12:35:35.147+0000] {logging_mixin.py:188} INFO - [2026-03-25T12:35:35.147+0000] {dag.py:3954} INFO - Setting next_dagrun for hello_airflow to 2024-03-23 00:00:00+00:00, run_after=2024-03-24 00:00:00+00:00
[2026-03-25T12:35:35.173+0000] {processor.py:183} INFO - Processing /opt/airflow/dags/example.py took 0.102 seconds
[2026-03-25T12:36:05.871+0000] {processor.py:161} INFO - Started process (PID=4165) to work on /opt/airflow/dags/example.py
[2026-03-25T12:36:05.872+0000] {processor.py:830} INFO - Processing file /opt/airflow/dags/example.py for tasks to queue
[2026-03-25T12:36:05.874+0000] {logging_mixin.py:188} INFO - [2026-03-25T12:36:05.874+0000] {dagbag.py:545} INFO - Filling up the DagBag from /opt/airflow/dags/example.py
[2026-03-25T12:36:05.897+0000] {processor.py:840} INFO - DAG(s) 'hello_airflow' retrieved from /opt/airflow/dags/example.py
[2026-03-25T12:36:05.927+0000] {logging_mixin.py:188} INFO - [2026-03-25T12:36:05.926+0000] {dag.py:3096} INFO - Sync 1 DAGs
[2026-03-25T12:36:05.948+0000] {logging_mixin.py:188} INFO - [2026-03-25T12:36:05.947+0000] {dag.py:3954} INFO - Setting next_dagrun for hello_airflow to 2024-03-23 00:00:00+00:00, run_after=2024-03-24 00:00:00+00:00
[2026-03-25T12:36:05.974+0000] {processor.py:183} INFO - Processing /opt/airflow/dags/example.py took 0.110 seconds
[2026-03-25T12:36:36.670+0000] {processor.py:161} INFO - Started process (PID=4191) to work on /opt/airflow/dags/example.py
[2026-03-25T12:36:36.671+0000] {processor.py:830} INFO - Processing file /opt/airflow/dags/example.py for tasks to queue
[2026-03-25T12:36:36.674+0000] {logging_mixin.py:188} INFO - [2026-03-25T12:36:36.673+0000] {dagbag.py:545} INFO - Filling up the DagBag from /opt/airflow/dags/example.py
[2026-03-25T12:36:36.698+0000] {processor.py:840} INFO - DAG(s) 'hello_airflow' retrieved from /opt/airflow/dags/example.py
[2026-03-25T12:36:36.731+0000] {logging_mixin.py:188} INFO - [2026-03-25T12:36:36.731+0000] {dag.py:3096} INFO - Sync 1 DAGs
[2026-03-25T12:36:36.757+0000] {logging_mixin.py:188} INFO - [2026-03-25T12:36:36.757+0000] {dag.py:3954} INFO - Setting next_dagrun for hello_airflow to 2024-03-23 00:00:00+00:00, run_after=2024-03-24 00:00:00+00:00
[2026-03-25T12:36:36.781+0000] {processor.py:183} INFO - Processing /opt/airflow/dags/example.py took 0.119 seconds
[2026-03-25T12:37:07.628+0000] {processor.py:161} INFO - Started process (PID=4217) to work on /opt/airflow/dags/example.py
[2026-03-25T12:37:07.629+0000] {processor.py:830} INFO - Processing file /opt/airflow/dags/example.py for tasks to queue
[2026-03-25T12:37:07.631+0000] {logging_mixin.py:188} INFO - [2026-03-25T12:37:07.631+0000] {dagbag.py:545} INFO - Filling up the DagBag from /opt/airflow/dags/example.py
[2026-03-25T12:37:07.651+0000] {processor.py:840} INFO - DAG(s) 'hello_airflow' retrieved from /opt/airflow/dags/example.py
[2026-03-25T12:37:07.690+0000] {logging_mixin.py:188} INFO - [2026-03-25T12:37:07.690+0000] {dag.py:3096} INFO - Sync 1 DAGs
[2026-03-25T12:37:07.711+0000] {logging_mixin.py:188} INFO - [2026-03-25T12:37:07.711+0000] {dag.py:3954} INFO - Setting next_dagrun for hello_airflow to 2024-03-23 00:00:00+00:00, run_after=2024-03-24 00:00:00+00:00
[2026-03-25T12:37:07.736+0000] {processor.py:183} INFO - Processing /opt/airflow/dags/example.py took 0.114 seconds
[2026-03-25T12:37:38.423+0000] {processor.py:161} INFO - Started process (PID=4243) to work on /opt/airflow/dags/example.py
[2026-03-25T12:37:38.424+0000] {processor.py:830} INFO - Processing file /opt/airflow/dags/example.py for tasks to queue
[2026-03-25T12:37:38.426+0000] {logging_mixin.py:188} INFO - [2026-03-25T12:37:38.425+0000] {dagbag.py:545} INFO - Filling up the DagBag from /opt/airflow/dags/example.py
[2026-03-25T12:37:38.444+0000] {processor.py:840} INFO - DAG(s) 'hello_airflow' retrieved from /opt/airflow/dags/example.py
[2026-03-25T12:37:38.473+0000] {logging_mixin.py:188} INFO - [2026-03-25T12:37:38.473+0000] {dag.py:3096} INFO - Sync 1 DAGs
[2026-03-25T12:37:38.498+0000] {logging_mixin.py:188} INFO - [2026-03-25T12:37:38.498+0000] {dag.py:3954} INFO - Setting next_dagrun for hello_airflow to 2024-03-23 00:00:00+00:00, run_after=2024-03-24 00:00:00+00:00
[2026-03-25T12:37:38.524+0000] {processor.py:183} INFO - Processing /opt/airflow/dags/example.py took 0.108 seconds
[2026-03-25T12:38:09.325+0000] {processor.py:161} INFO - Started process (PID=4269) to work on /opt/airflow/dags/example.py
[2026-03-25T12:38:09.326+0000] {processor.py:830} INFO - Processing file /opt/airflow/dags/example.py for tasks to queue
[2026-03-25T12:38:09.329+0000] {logging_mixin.py:188} INFO - [2026-03-25T12:38:09.328+0000] {dagbag.py:545} INFO - Filling up the DagBag from /opt/airflow/dags/example.py
[2026-03-25T12:38:09.347+0000] {processor.py:840} INFO - DAG(s) 'hello_airflow' retrieved from /opt/airflow/dags/example.py
[2026-03-25T12:38:09.375+0000] {logging_mixin.py:188} INFO - [2026-03-25T12:38:09.374+0000] {dag.py:3096} INFO - Sync 1 DAGs
[2026-03-25T12:38:09.396+0000] {logging_mixin.py:188} INFO - [2026-03-25T12:38:09.395+0000] {dag.py:3954} INFO - Setting next_dagrun for hello_airflow to 2024-03-23 00:00:00+00:00, run_after=2024-03-24 00:00:00+00:00
[2026-03-25T12:38:09.421+0000] {processor.py:183} INFO - Processing /opt/airflow/dags/example.py took 0.102 seconds
[2026-03-25T12:38:40.281+0000] {processor.py:161} INFO - Started process (PID=4295) to work on /opt/airflow/dags/example.py
[2026-03-25T12:38:40.282+0000] {processor.py:830} INFO - Processing file /opt/airflow/dags/example.py for tasks to queue
[2026-03-25T12:38:40.284+0000] {logging_mixin.py:188} INFO - [2026-03-25T12:38:40.284+0000] {dagbag.py:545} INFO - Filling up the DagBag from /opt/airflow/dags/example.py
[2026-03-25T12:38:40.304+0000] {processor.py:840} INFO - DAG(s) 'hello_airflow' retrieved from /opt/airflow/dags/example.py
[2026-03-25T12:38:40.344+0000] {logging_mixin.py:188} INFO - [2026-03-25T12:38:40.344+0000] {dag.py:3096} INFO - Sync 1 DAGs
[2026-03-25T12:38:40.379+0000] {logging_mixin.py:188} INFO - [2026-03-25T12:38:40.378+0000] {dag.py:3954} INFO - Setting next_dagrun for hello_airflow to 2024-03-23 00:00:00+00:00, run_after=2024-03-24 00:00:00+00:00
[2026-03-25T12:38:40.413+0000] {processor.py:183} INFO - Processing /opt/airflow/dags/example.py took 0.137 seconds
[2026-03-25T12:39:11.180+0000] {processor.py:161} INFO - Started process (PID=4321) to work on /opt/airflow/dags/example.py
[2026-03-25T12:39:11.181+0000] {processor.py:830} INFO - Processing file /opt/airflow/dags/example.py for tasks to queue
[2026-03-25T12:39:11.183+0000] {logging_mixin.py:188} INFO - [2026-03-25T12:39:11.182+0000] {dagbag.py:545} INFO - Filling up the DagBag from /opt/airflow/dags/example.py
[2026-03-25T12:39:11.200+0000] {processor.py:840} INFO - DAG(s) 'hello_airflow' retrieved from /opt/airflow/dags/example.py
[2026-03-25T12:39:11.227+0000] {logging_mixin.py:188} INFO - [2026-03-25T12:39:11.227+0000] {dag.py:3096} INFO - Sync 1 DAGs
[2026-03-25T12:39:11.249+0000] {logging_mixin.py:188} INFO - [2026-03-25T12:39:11.249+0000] {dag.py:3954} INFO - Setting next_dagrun for hello_airflow to 2024-03-23 00:00:00+00:00, run_after=2024-03-24 00:00:00+00:00
[2026-03-25T12:39:11.275+0000] {processor.py:183} INFO - Processing /opt/airflow/dags/example.py took 0.101 seconds
[2026-03-25T12:39:41.968+0000] {processor.py:161} INFO - Started process (PID=4347) to work on /opt/airflow/dags/example.py
[2026-03-25T12:39:41.969+0000] {processor.py:830} INFO - Processing file /opt/airflow/dags/example.py for tasks to queue
[2026-03-25T12:39:41.970+0000] {logging_mixin.py:188} INFO - [2026-03-25T12:39:41.970+0000] {dagbag.py:545} INFO - Filling up the DagBag from /opt/airflow/dags/example.py
[2026-03-25T12:39:41.990+0000] {processor.py:840} INFO - DAG(s) 'hello_airflow' retrieved from /opt/airflow/dags/example.py
[2026-03-25T12:39:42.019+0000] {logging_mixin.py:188} INFO - [2026-03-25T12:39:42.019+0000] {dag.py:3096} INFO - Sync 1 DAGs
[2026-03-25T12:39:42.041+0000] {logging_mixin.py:188} INFO - [2026-03-25T12:39:42.040+0000] {dag.py:3954} INFO - Setting next_dagrun for hello_airflow to 2024-03-23 00:00:00+00:00, run_after=2024-03-24 00:00:00+00:00
[2026-03-25T12:39:42.064+0000] {processor.py:183} INFO - Processing /opt/airflow/dags/example.py took 0.103 seconds
[2026-03-25T12:40:12.862+0000] {processor.py:161} INFO - Started process (PID=4379) to work on /opt/airflow/dags/example.py
[2026-03-25T12:40:12.863+0000] {processor.py:830} INFO - Processing file /opt/airflow/dags/example.py for tasks to queue
[2026-03-25T12:40:12.865+0000] {logging_mixin.py:188} INFO - [2026-03-25T12:40:12.865+0000] {dagbag.py:545} INFO - Filling up the DagBag from /opt/airflow/dags/example.py
[2026-03-25T12:40:12.883+0000] {processor.py:840} INFO - DAG(s) 'hello_airflow' retrieved from /opt/airflow/dags/example.py
[2026-03-25T12:40:12.908+0000] {logging_mixin.py:188} INFO - [2026-03-25T12:40:12.908+0000] {dag.py:3096} INFO - Sync 1 DAGs
[2026-03-25T12:40:12.929+0000] {logging_mixin.py:188} INFO - [2026-03-25T12:40:12.929+0000] {dag.py:3954} INFO - Setting next_dagrun for hello_airflow to 2024-03-23 00:00:00+00:00, run_after=2024-03-24 00:00:00+00:00
[2026-03-25T12:40:12.954+0000] {processor.py:183} INFO - Processing /opt/airflow/dags/example.py took 0.098 seconds
[2026-03-25T12:40:43.674+0000] {processor.py:161} INFO - Started process (PID=4405) to work on /opt/airflow/dags/example.py
[2026-03-25T12:40:43.675+0000] {processor.py:830} INFO - Processing file /opt/airflow/dags/example.py for tasks to queue
[2026-03-25T12:40:43.678+0000] {logging_mixin.py:188} INFO - [2026-03-25T12:40:43.677+0000] {dagbag.py:545} INFO - Filling up the DagBag from /opt/airflow/dags/example.py
[2026-03-25T12:40:43.696+0000] {processor.py:840} INFO - DAG(s) 'hello_airflow' retrieved from /opt/airflow/dags/example.py
[2026-03-25T12:40:43.725+0000] {logging_mixin.py:188} INFO - [2026-03-25T12:40:43.724+0000] {dag.py:3096} INFO - Sync 1 DAGs
[2026-03-25T12:40:43.746+0000] {logging_mixin.py:188} INFO - [2026-03-25T12:40:43.746+0000] {dag.py:3954} INFO - Setting next_dagrun for hello_airflow to 2024-03-23 00:00:00+00:00, run_after=2024-03-24 00:00:00+00:00
[2026-03-25T12:40:43.771+0000] {processor.py:183} INFO - Processing /opt/airflow/dags/example.py took 0.104 seconds
[2026-03-25T12:41:14.459+0000] {processor.py:161} INFO - Started process (PID=4431) to work on /opt/airflow/dags/example.py
[2026-03-25T12:41:14.460+0000] {processor.py:830} INFO - Processing file /opt/airflow/dags/example.py for tasks to queue
[2026-03-25T12:41:14.461+0000] {logging_mixin.py:188} INFO - [2026-03-25T12:41:14.461+0000] {dagbag.py:545} INFO - Filling up the DagBag from /opt/airflow/dags/example.py
[2026-03-25T12:41:14.479+0000] {processor.py:840} INFO - DAG(s) 'hello_airflow' retrieved from /opt/airflow/dags/example.py
[2026-03-25T12:41:14.505+0000] {logging_mixin.py:188} INFO - [2026-03-25T12:41:14.505+0000] {dag.py:3096} INFO - Sync 1 DAGs
[2026-03-25T12:41:14.526+0000] {logging_mixin.py:188} INFO - [2026-03-25T12:41:14.525+0000] {dag.py:3954} INFO - Setting next_dagrun for hello_airflow to 2024-03-23 00:00:00+00:00, run_after=2024-03-24 00:00:00+00:00
[2026-03-25T12:41:14.553+0000] {processor.py:183} INFO - Processing /opt/airflow/dags/example.py took 0.101 seconds
[2026-03-25T12:41:45.319+0000] {processor.py:161} INFO - Started process (PID=4457) to work on /opt/airflow/dags/example.py
[2026-03-25T12:41:45.320+0000] {processor.py:830} INFO - Processing file /opt/airflow/dags/example.py for tasks to queue
[2026-03-25T12:41:45.322+0000] {logging_mixin.py:188} INFO - [2026-03-25T12:41:45.321+0000] {dagbag.py:545} INFO - Filling up the DagBag from /opt/airflow/dags/example.py
[2026-03-25T12:41:45.339+0000] {processor.py:840} INFO - DAG(s) 'hello_airflow' retrieved from /opt/airflow/dags/example.py
[2026-03-25T12:41:45.365+0000] {logging_mixin.py:188} INFO - [2026-03-25T12:41:45.365+0000] {dag.py:3096} INFO - Sync 1 DAGs
[2026-03-25T12:41:45.387+0000] {logging_mixin.py:188} INFO - [2026-03-25T12:41:45.386+0000] {dag.py:3954} INFO - Setting next_dagrun for hello_airflow to 2024-03-23 00:00:00+00:00, run_after=2024-03-24 00:00:00+00:00
[2026-03-25T12:41:45.412+0000] {processor.py:183} INFO - Processing /opt/airflow/dags/example.py took 0.100 seconds
[2026-03-25T12:42:16.186+0000] {processor.py:161} INFO - Started process (PID=4484) to work on /opt/airflow/dags/example.py
[2026-03-25T12:42:16.187+0000] {processor.py:830} INFO - Processing file /opt/airflow/dags/example.py for tasks to queue
[2026-03-25T12:42:16.190+0000] {logging_mixin.py:188} INFO - [2026-03-25T12:42:16.189+0000] {dagbag.py:545} INFO - Filling up the DagBag from /opt/airflow/dags/example.py
[2026-03-25T12:42:16.220+0000] {processor.py:840} INFO - DAG(s) 'hello_airflow' retrieved from /opt/airflow/dags/example.py
[2026-03-25T12:42:16.253+0000] {logging_mixin.py:188} INFO - [2026-03-25T12:42:16.253+0000] {dag.py:3096} INFO - Sync 1 DAGs
[2026-03-25T12:42:16.274+0000] {logging_mixin.py:188} INFO - [2026-03-25T12:42:16.274+0000] {dag.py:3954} INFO - Setting next_dagrun for hello_airflow to 2024-03-23 00:00:00+00:00, run_after=2024-03-24 00:00:00+00:00
[2026-03-25T12:42:16.300+0000] {processor.py:183} INFO - Processing /opt/airflow/dags/example.py took 0.120 seconds
[2026-03-25T12:42:46.989+0000] {processor.py:161} INFO - Started process (PID=4510) to work on /opt/airflow/dags/example.py
[2026-03-25T12:42:46.991+0000] {processor.py:830} INFO - Processing file /opt/airflow/dags/example.py for tasks to queue
[2026-03-25T12:42:46.993+0000] {logging_mixin.py:188} INFO - [2026-03-25T12:42:46.993+0000] {dagbag.py:545} INFO - Filling up the DagBag from /opt/airflow/dags/example.py
[2026-03-25T12:42:47.015+0000] {processor.py:840} INFO - DAG(s) 'hello_airflow' retrieved from /opt/airflow/dags/example.py
[2026-03-25T12:42:47.042+0000] {logging_mixin.py:188} INFO - [2026-03-25T12:42:47.041+0000] {dag.py:3096} INFO - Sync 1 DAGs
[2026-03-25T12:42:47.061+0000] {logging_mixin.py:188} INFO - [2026-03-25T12:42:47.061+0000] {dag.py:3954} INFO - Setting next_dagrun for hello_airflow to 2024-03-23 00:00:00+00:00, run_after=2024-03-24 00:00:00+00:00
[2026-03-25T12:42:47.082+0000] {processor.py:183} INFO - Processing /opt/airflow/dags/example.py took 0.100 seconds
[2026-03-25T12:43:17.858+0000] {processor.py:161} INFO - Started process (PID=4536) to work on /opt/airflow/dags/example.py
[2026-03-25T12:43:17.859+0000] {processor.py:830} INFO - Processing file /opt/airflow/dags/example.py for tasks to queue
[2026-03-25T12:43:17.861+0000] {logging_mixin.py:188} INFO - [2026-03-25T12:43:17.861+0000] {dagbag.py:545} INFO - Filling up the DagBag from /opt/airflow/dags/example.py
[2026-03-25T12:43:17.879+0000] {processor.py:840} INFO - DAG(s) 'hello_airflow' retrieved from /opt/airflow/dags/example.py
[2026-03-25T12:43:17.905+0000] {logging_mixin.py:188} INFO - [2026-03-25T12:43:17.905+0000] {dag.py:3096} INFO - Sync 1 DAGs
[2026-03-25T12:43:17.926+0000] {logging_mixin.py:188} INFO - [2026-03-25T12:43:17.926+0000] {dag.py:3954} INFO - Setting next_dagrun for hello_airflow to 2024-03-23 00:00:00+00:00, run_after=2024-03-24 00:00:00+00:00
[2026-03-25T12:43:17.951+0000] {processor.py:183} INFO - Processing /opt/airflow/dags/example.py took 0.100 seconds
[2026-03-25T12:43:48.858+0000] {processor.py:161} INFO - Started process (PID=4562) to work on /opt/airflow/dags/example.py
[2026-03-25T12:43:48.859+0000] {processor.py:830} INFO - Processing file /opt/airflow/dags/example.py for tasks to queue
[2026-03-25T12:43:48.861+0000] {logging_mixin.py:188} INFO - [2026-03-25T12:43:48.861+0000] {dagbag.py:545} INFO - Filling up the DagBag from /opt/airflow/dags/example.py
[2026-03-25T12:43:48.881+0000] {processor.py:840} INFO - DAG(s) 'hello_airflow' retrieved from /opt/airflow/dags/example.py
[2026-03-25T12:43:48.908+0000] {logging_mixin.py:188} INFO - [2026-03-25T12:43:48.908+0000] {dag.py:3096} INFO - Sync 1 DAGs
[2026-03-25T12:43:48.929+0000] {logging_mixin.py:188} INFO - [2026-03-25T12:43:48.929+0000] {dag.py:3954} INFO - Setting next_dagrun for hello_airflow to 2024-03-23 00:00:00+00:00, run_after=2024-03-24 00:00:00+00:00
[2026-03-25T12:43:48.955+0000] {processor.py:183} INFO - Processing /opt/airflow/dags/example.py took 0.104 seconds
[2026-03-25T12:44:19.661+0000] {processor.py:161} INFO - Started process (PID=4588) to work on /opt/airflow/dags/example.py
[2026-03-25T12:44:19.663+0000] {processor.py:830} INFO - Processing file /opt/airflow/dags/example.py for tasks to queue
[2026-03-25T12:44:19.665+0000] {logging_mixin.py:188} INFO - [2026-03-25T12:44:19.665+0000] {dagbag.py:545} INFO - Filling up the DagBag from /opt/airflow/dags/example.py
[2026-03-25T12:44:19.691+0000] {processor.py:840} INFO - DAG(s) 'hello_airflow' retrieved from /opt/airflow/dags/example.py
[2026-03-25T12:44:19.719+0000] {logging_mixin.py:188} INFO - [2026-03-25T12:44:19.718+0000] {dag.py:3096} INFO - Sync 1 DAGs
[2026-03-25T12:44:19.744+0000] {logging_mixin.py:188} INFO - [2026-03-25T12:44:19.743+0000] {dag.py:3954} INFO - Setting next_dagrun for hello_airflow to 2024-03-23 00:00:00+00:00, run_after=2024-03-24 00:00:00+00:00
[2026-03-25T12:44:19.770+0000] {processor.py:183} INFO - Processing /opt/airflow/dags/example.py took 0.117 seconds
[2026-03-25T12:44:50.574+0000] {processor.py:161} INFO - Started process (PID=4614) to work on /opt/airflow/dags/example.py
[2026-03-25T12:44:50.576+0000] {processor.py:830} INFO - Processing file /opt/airflow/dags/example.py for tasks to queue
[2026-03-25T12:44:50.578+0000] {logging_mixin.py:188} INFO - [2026-03-25T12:44:50.578+0000] {dagbag.py:545} INFO - Filling up the DagBag from /opt/airflow/dags/example.py
[2026-03-25T12:44:50.598+0000] {processor.py:840} INFO - DAG(s) 'hello_airflow' retrieved from /opt/airflow/dags/example.py
[2026-03-25T12:44:50.625+0000] {logging_mixin.py:188} INFO - [2026-03-25T12:44:50.624+0000] {dag.py:3096} INFO - Sync 1 DAGs
[2026-03-25T12:44:50.644+0000] {logging_mixin.py:188} INFO - [2026-03-25T12:44:50.644+0000] {dag.py:3954} INFO - Setting next_dagrun for hello_airflow to 2024-03-23 00:00:00+00:00, run_after=2024-03-24 00:00:00+00:00
[2026-03-25T12:44:50.669+0000] {processor.py:183} INFO - Processing /opt/airflow/dags/example.py took 0.101 seconds
[2026-03-25T12:45:21.340+0000] {processor.py:161} INFO - Started process (PID=4640) to work on /opt/airflow/dags/example.py
[2026-03-25T12:45:21.341+0000] {processor.py:830} INFO - Processing file /opt/airflow/dags/example.py for tasks to queue
[2026-03-25T12:45:21.343+0000] {logging_mixin.py:188} INFO - [2026-03-25T12:45:21.342+0000] {dagbag.py:545} INFO - Filling up the DagBag from /opt/airflow/dags/example.py
[2026-03-25T12:45:21.363+0000] {processor.py:840} INFO - DAG(s) 'hello_airflow' retrieved from /opt/airflow/dags/example.py
[2026-03-25T12:45:21.403+0000] {logging_mixin.py:188} INFO - [2026-03-25T12:45:21.402+0000] {dag.py:3096} INFO - Sync 1 DAGs
[2026-03-25T12:45:21.430+0000] {logging_mixin.py:188} INFO - [2026-03-25T12:45:21.430+0000] {dag.py:3954} INFO - Setting next_dagrun for hello_airflow to 2024-03-23 00:00:00+00:00, run_after=2024-03-24 00:00:00+00:00
[2026-03-25T12:45:21.454+0000] {processor.py:183} INFO - Processing /opt/airflow/dags/example.py took 0.120 seconds
[2026-03-25T12:45:52.279+0000] {processor.py:161} INFO - Started process (PID=4667) to work on /opt/airflow/dags/example.py
[2026-03-25T12:45:52.280+0000] {processor.py:830} INFO - Processing file /opt/airflow/dags/example.py for tasks to queue
[2026-03-25T12:45:52.282+0000] {logging_mixin.py:188} INFO - [2026-03-25T12:45:52.281+0000] {dagbag.py:545} INFO - Filling up the DagBag from /opt/airflow/dags/example.py
[2026-03-25T12:45:52.303+0000] {processor.py:840} INFO - DAG(s) 'hello_airflow' retrieved from /opt/airflow/dags/example.py
[2026-03-25T12:45:52.331+0000] {logging_mixin.py:188} INFO - [2026-03-25T12:45:52.331+0000] {dag.py:3096} INFO - Sync 1 DAGs
[2026-03-25T12:45:52.352+0000] {logging_mixin.py:188} INFO - [2026-03-25T12:45:52.352+0000] {dag.py:3954} INFO - Setting next_dagrun for hello_airflow to 2024-03-23 00:00:00+00:00, run_after=2024-03-24 00:00:00+00:00
[2026-03-25T12:45:52.380+0000] {processor.py:183} INFO - Processing /opt/airflow/dags/example.py took 0.108 seconds
[2026-03-25T12:46:23.187+0000] {processor.py:161} INFO - Started process (PID=4693) to work on /opt/airflow/dags/example.py
[2026-03-25T12:46:23.189+0000] {processor.py:830} INFO - Processing file /opt/airflow/dags/example.py for tasks to queue
[2026-03-25T12:46:23.191+0000] {logging_mixin.py:188} INFO - [2026-03-25T12:46:23.191+0000] {dagbag.py:545} INFO - Filling up the DagBag from /opt/airflow/dags/example.py
[2026-03-25T12:46:23.212+0000] {processor.py:840} INFO - DAG(s) 'hello_airflow' retrieved from /opt/airflow/dags/example.py
[2026-03-25T12:46:23.240+0000] {logging_mixin.py:188} INFO - [2026-03-25T12:46:23.240+0000] {dag.py:3096} INFO - Sync 1 DAGs
[2026-03-25T12:46:23.261+0000] {logging_mixin.py:188} INFO - [2026-03-25T12:46:23.260+0000] {dag.py:3954} INFO - Setting next_dagrun for hello_airflow to 2024-03-23 00:00:00+00:00, run_after=2024-03-24 00:00:00+00:00
[2026-03-25T12:46:23.284+0000] {processor.py:183} INFO - Processing /opt/airflow/dags/example.py took 0.103 seconds
[2026-03-25T12:46:54.073+0000] {processor.py:161} INFO - Started process (PID=4719) to work on /opt/airflow/dags/example.py
[2026-03-25T12:46:54.074+0000] {processor.py:830} INFO - Processing file /opt/airflow/dags/example.py for tasks to queue
[2026-03-25T12:46:54.076+0000] {logging_mixin.py:188} INFO - [2026-03-25T12:46:54.076+0000] {dagbag.py:545} INFO - Filling up the DagBag from /opt/airflow/dags/example.py
[2026-03-25T12:46:54.097+0000] {processor.py:840} INFO - DAG(s) 'hello_airflow' retrieved from /opt/airflow/dags/example.py
[2026-03-25T12:46:54.128+0000] {logging_mixin.py:188} INFO - [2026-03-25T12:46:54.128+0000] {dag.py:3096} INFO - Sync 1 DAGs
[2026-03-25T12:46:54.151+0000] {logging_mixin.py:188} INFO - [2026-03-25T12:46:54.151+0000] {dag.py:3954} INFO - Setting next_dagrun for hello_airflow to 2024-03-23 00:00:00+00:00, run_after=2024-03-24 00:00:00+00:00
[2026-03-25T12:46:54.177+0000] {processor.py:183} INFO - Processing /opt/airflow/dags/example.py took 0.111 seconds
[2026-03-25T12:47:24.962+0000] {processor.py:161} INFO - Started process (PID=4745) to work on /opt/airflow/dags/example.py
[2026-03-25T12:47:24.964+0000] {processor.py:830} INFO - Processing file /opt/airflow/dags/example.py for tasks to queue
[2026-03-25T12:47:24.966+0000] {logging_mixin.py:188} INFO - [2026-03-25T12:47:24.965+0000] {dagbag.py:545} INFO - Filling up the DagBag from /opt/airflow/dags/example.py
[2026-03-25T12:47:24.985+0000] {processor.py:840} INFO - DAG(s) 'hello_airflow' retrieved from /opt/airflow/dags/example.py
[2026-03-25T12:47:25.013+0000] {logging_mixin.py:188} INFO - [2026-03-25T12:47:25.013+0000] {dag.py:3096} INFO - Sync 1 DAGs
[2026-03-25T12:47:25.036+0000] {logging_mixin.py:188} INFO - [2026-03-25T12:47:25.036+0000] {dag.py:3954} INFO - Setting next_dagrun for hello_airflow to 2024-03-23 00:00:00+00:00, run_after=2024-03-24 00:00:00+00:00
[2026-03-25T12:47:25.060+0000] {processor.py:183} INFO - Processing /opt/airflow/dags/example.py took 0.103 seconds
[2026-03-25T12:47:55.768+0000] {processor.py:161} INFO - Started process (PID=4771) to work on /opt/airflow/dags/example.py
[2026-03-25T12:47:55.769+0000] {processor.py:830} INFO - Processing file /opt/airflow/dags/example.py for tasks to queue
[2026-03-25T12:47:55.771+0000] {logging_mixin.py:188} INFO - [2026-03-25T12:47:55.771+0000] {dagbag.py:545} INFO - Filling up the DagBag from /opt/airflow/dags/example.py
[2026-03-25T12:47:55.789+0000] {processor.py:840} INFO - DAG(s) 'hello_airflow' retrieved from /opt/airflow/dags/example.py
[2026-03-25T12:47:55.815+0000] {logging_mixin.py:188} INFO - [2026-03-25T12:47:55.814+0000] {dag.py:3096} INFO - Sync 1 DAGs
[2026-03-25T12:47:55.835+0000] {logging_mixin.py:188} INFO - [2026-03-25T12:47:55.835+0000] {dag.py:3954} INFO - Setting next_dagrun for hello_airflow to 2024-03-23 00:00:00+00:00, run_after=2024-03-24 00:00:00+00:00
[2026-03-25T12:47:55.860+0000] {processor.py:183} INFO - Processing /opt/airflow/dags/example.py took 0.098 seconds
[2026-03-25T12:48:26.597+0000] {processor.py:161} INFO - Started process (PID=4797) to work on /opt/airflow/dags/example.py
[2026-03-25T12:48:26.598+0000] {processor.py:830} INFO - Processing file /opt/airflow/dags/example.py for tasks to queue
[2026-03-25T12:48:26.601+0000] {logging_mixin.py:188} INFO - [2026-03-25T12:48:26.600+0000] {dagbag.py:545} INFO - Filling up the DagBag from /opt/airflow/dags/example.py
[2026-03-25T12:48:26.619+0000] {processor.py:840} INFO - DAG(s) 'hello_airflow' retrieved from /opt/airflow/dags/example.py
[2026-03-25T12:48:26.645+0000] {logging_mixin.py:188} INFO - [2026-03-25T12:48:26.645+0000] {dag.py:3096} INFO - Sync 1 DAGs
[2026-03-25T12:48:26.665+0000] {logging_mixin.py:188} INFO - [2026-03-25T12:48:26.665+0000] {dag.py:3954} INFO - Setting next_dagrun for hello_airflow to 2024-03-23 00:00:00+00:00, run_after=2024-03-24 00:00:00+00:00
[2026-03-25T12:48:26.690+0000] {processor.py:183} INFO - Processing /opt/airflow/dags/example.py took 0.098 seconds
[2026-03-25T12:48:57.536+0000] {processor.py:161} INFO - Started process (PID=4823) to work on /opt/airflow/dags/example.py
[2026-03-25T12:48:57.537+0000] {processor.py:830} INFO - Processing file /opt/airflow/dags/example.py for tasks to queue
[2026-03-25T12:48:57.539+0000] {logging_mixin.py:188} INFO - [2026-03-25T12:48:57.538+0000] {dagbag.py:545} INFO - Filling up the DagBag from /opt/airflow/dags/example.py
[2026-03-25T12:48:57.557+0000] {processor.py:840} INFO - DAG(s) 'hello_airflow' retrieved from /opt/airflow/dags/example.py
[2026-03-25T12:48:57.582+0000] {logging_mixin.py:188} INFO - [2026-03-25T12:48:57.582+0000] {dag.py:3096} INFO - Sync 1 DAGs
[2026-03-25T12:48:57.602+0000] {logging_mixin.py:188} INFO - [2026-03-25T12:48:57.602+0000] {dag.py:3954} INFO - Setting next_dagrun for hello_airflow to 2024-03-23 00:00:00+00:00, run_after=2024-03-24 00:00:00+00:00
[2026-03-25T12:48:57.628+0000] {processor.py:183} INFO - Processing /opt/airflow/dags/example.py took 0.098 seconds
[2026-03-25T12:49:28.452+0000] {processor.py:161} INFO - Started process (PID=4849) to work on /opt/airflow/dags/example.py
[2026-03-25T12:49:28.453+0000] {processor.py:830} INFO - Processing file /opt/airflow/dags/example.py for tasks to queue
[2026-03-25T12:49:28.455+0000] {logging_mixin.py:188} INFO - [2026-03-25T12:49:28.455+0000] {dagbag.py:545} INFO - Filling up the DagBag from /opt/airflow/dags/example.py
[2026-03-25T12:49:28.475+0000] {processor.py:840} INFO - DAG(s) 'hello_airflow' retrieved from /opt/airflow/dags/example.py
[2026-03-25T12:49:28.502+0000] {logging_mixin.py:188} INFO - [2026-03-25T12:49:28.502+0000] {dag.py:3096} INFO - Sync 1 DAGs
[2026-03-25T12:49:28.522+0000] {logging_mixin.py:188} INFO - [2026-03-25T12:49:28.522+0000] {dag.py:3954} INFO - Setting next_dagrun for hello_airflow to 2024-03-23 00:00:00+00:00, run_after=2024-03-24 00:00:00+00:00
[2026-03-25T12:49:28.551+0000] {processor.py:183} INFO - Processing /opt/airflow/dags/example.py took 0.105 seconds
[2026-03-25T12:49:59.244+0000] {processor.py:161} INFO - Started process (PID=4875) to work on /opt/airflow/dags/example.py
[2026-03-25T12:49:59.245+0000] {processor.py:830} INFO - Processing file /opt/airflow/dags/example.py for tasks to queue
[2026-03-25T12:49:59.246+0000] {logging_mixin.py:188} INFO - [2026-03-25T12:49:59.246+0000] {dagbag.py:545} INFO - Filling up the DagBag from /opt/airflow/dags/example.py
[2026-03-25T12:49:59.266+0000] {processor.py:840} INFO - DAG(s) 'hello_airflow' retrieved from /opt/airflow/dags/example.py
[2026-03-25T12:49:59.302+0000] {logging_mixin.py:188} INFO - [2026-03-25T12:49:59.302+0000] {dag.py:3096} INFO - Sync 1 DAGs
[2026-03-25T12:49:59.338+0000] {logging_mixin.py:188} INFO - [2026-03-25T12:49:59.337+0000] {dag.py:3954} INFO - Setting next_dagrun for hello_airflow to 2024-03-23 00:00:00+00:00, run_after=2024-03-24 00:00:00+00:00
[2026-03-25T12:49:59.364+0000] {processor.py:183} INFO - Processing /opt/airflow/dags/example.py took 0.127 seconds
[2026-03-25T12:50:30.188+0000] {processor.py:161} INFO - Started process (PID=4901) to work on /opt/airflow/dags/example.py
[2026-03-25T12:50:30.189+0000] {processor.py:830} INFO - Processing file /opt/airflow/dags/example.py for tasks to queue
[2026-03-25T12:50:30.191+0000] {logging_mixin.py:188} INFO - [2026-03-25T12:50:30.191+0000] {dagbag.py:545} INFO - Filling up the DagBag from /opt/airflow/dags/example.py
[2026-03-25T12:50:30.210+0000] {processor.py:840} INFO - DAG(s) 'hello_airflow' retrieved from /opt/airflow/dags/example.py
[2026-03-25T12:50:30.236+0000] {logging_mixin.py:188} INFO - [2026-03-25T12:50:30.235+0000] {dag.py:3096} INFO - Sync 1 DAGs
[2026-03-25T12:50:30.256+0000] {logging_mixin.py:188} INFO - [2026-03-25T12:50:30.255+0000] {dag.py:3954} INFO - Setting next_dagrun for hello_airflow to 2024-03-23 00:00:00+00:00, run_after=2024-03-24 00:00:00+00:00
[2026-03-25T12:50:30.281+0000] {processor.py:183} INFO - Processing /opt/airflow/dags/example.py took 0.099 seconds
[2026-03-25T12:51:00.998+0000] {processor.py:161} INFO - Started process (PID=4927) to work on /opt/airflow/dags/example.py
[2026-03-25T12:51:00.999+0000] {processor.py:830} INFO - Processing file /opt/airflow/dags/example.py for tasks to queue
[2026-03-25T12:51:01.001+0000] {logging_mixin.py:188} INFO - [2026-03-25T12:51:01.001+0000] {dagbag.py:545} INFO - Filling up the DagBag from /opt/airflow/dags/example.py
[2026-03-25T12:51:01.020+0000] {processor.py:840} INFO - DAG(s) 'hello_airflow' retrieved from /opt/airflow/dags/example.py
[2026-03-25T12:51:01.046+0000] {logging_mixin.py:188} INFO - [2026-03-25T12:51:01.046+0000] {dag.py:3096} INFO - Sync 1 DAGs
[2026-03-25T12:51:01.066+0000] {logging_mixin.py:188} INFO - [2026-03-25T12:51:01.066+0000] {dag.py:3954} INFO - Setting next_dagrun for hello_airflow to 2024-03-23 00:00:00+00:00, run_after=2024-03-24 00:00:00+00:00
[2026-03-25T12:51:01.090+0000] {processor.py:183} INFO - Processing /opt/airflow/dags/example.py took 0.098 seconds
[2026-03-25T12:51:31.740+0000] {processor.py:161} INFO - Started process (PID=4953) to work on /opt/airflow/dags/example.py
[2026-03-25T12:51:31.741+0000] {processor.py:830} INFO - Processing file /opt/airflow/dags/example.py for tasks to queue
[2026-03-25T12:51:31.743+0000] {logging_mixin.py:188} INFO - [2026-03-25T12:51:31.743+0000] {dagbag.py:545} INFO - Filling up the DagBag from /opt/airflow/dags/example.py
[2026-03-25T12:51:31.764+0000] {processor.py:840} INFO - DAG(s) 'hello_airflow' retrieved from /opt/airflow/dags/example.py
[2026-03-25T12:51:31.791+0000] {logging_mixin.py:188} INFO - [2026-03-25T12:51:31.791+0000] {dag.py:3096} INFO - Sync 1 DAGs
[2026-03-25T12:51:31.811+0000] {logging_mixin.py:188} INFO - [2026-03-25T12:51:31.811+0000] {dag.py:3954} INFO - Setting next_dagrun for hello_airflow to 2024-03-23 00:00:00+00:00, run_after=2024-03-24 00:00:00+00:00
[2026-03-25T12:51:31.835+0000] {processor.py:183} INFO - Processing /opt/airflow/dags/example.py took 0.101 seconds
[2026-03-25T12:52:02.610+0000] {processor.py:161} INFO - Started process (PID=4979) to work on /opt/airflow/dags/example.py
[2026-03-25T12:52:02.611+0000] {processor.py:830} INFO - Processing file /opt/airflow/dags/example.py for tasks to queue
[2026-03-25T12:52:02.613+0000] {logging_mixin.py:188} INFO - [2026-03-25T12:52:02.613+0000] {dagbag.py:545} INFO - Filling up the DagBag from /opt/airflow/dags/example.py
[2026-03-25T12:52:02.631+0000] {processor.py:840} INFO - DAG(s) 'hello_airflow' retrieved from /opt/airflow/dags/example.py
[2026-03-25T12:52:02.656+0000] {logging_mixin.py:188} INFO - [2026-03-25T12:52:02.655+0000] {dag.py:3096} INFO - Sync 1 DAGs
[2026-03-25T12:52:02.674+0000] {logging_mixin.py:188} INFO - [2026-03-25T12:52:02.674+0000] {dag.py:3954} INFO - Setting next_dagrun for hello_airflow to 2024-03-23 00:00:00+00:00, run_after=2024-03-24 00:00:00+00:00
[2026-03-25T12:52:02.699+0000] {processor.py:183} INFO - Processing /opt/airflow/dags/example.py took 0.094 seconds
[2026-03-25T12:52:33.515+0000] {processor.py:161} INFO - Started process (PID=5005) to work on /opt/airflow/dags/example.py
[2026-03-25T12:52:33.516+0000] {processor.py:830} INFO - Processing file /opt/airflow/dags/example.py for tasks to queue
[2026-03-25T12:52:33.518+0000] {logging_mixin.py:188} INFO - [2026-03-25T12:52:33.518+0000] {dagbag.py:545} INFO - Filling up the DagBag from /opt/airflow/dags/example.py
[2026-03-25T12:52:33.538+0000] {processor.py:840} INFO - DAG(s) 'hello_airflow' retrieved from /opt/airflow/dags/example.py
[2026-03-25T12:52:33.564+0000] {logging_mixin.py:188} INFO - [2026-03-25T12:52:33.564+0000] {dag.py:3096} INFO - Sync 1 DAGs
[2026-03-25T12:52:33.583+0000] {logging_mixin.py:188} INFO - [2026-03-25T12:52:33.583+0000] {dag.py:3954} INFO - Setting next_dagrun for hello_airflow to 2024-03-23 00:00:00+00:00, run_after=2024-03-24 00:00:00+00:00
[2026-03-25T12:52:33.609+0000] {processor.py:183} INFO - Processing /opt/airflow/dags/example.py took 0.100 seconds
[2026-03-25T12:53:04.295+0000] {processor.py:161} INFO - Started process (PID=5031) to work on /opt/airflow/dags/example.py
[2026-03-25T12:53:04.297+0000] {processor.py:830} INFO - Processing file /opt/airflow/dags/example.py for tasks to queue
[2026-03-25T12:53:04.299+0000] {logging_mixin.py:188} INFO - [2026-03-25T12:53:04.299+0000] {dagbag.py:545} INFO - Filling up the DagBag from /opt/airflow/dags/example.py
[2026-03-25T12:53:04.321+0000] {processor.py:840} INFO - DAG(s) 'hello_airflow' retrieved from /opt/airflow/dags/example.py
[2026-03-25T12:53:04.353+0000] {logging_mixin.py:188} INFO - [2026-03-25T12:53:04.353+0000] {dag.py:3096} INFO - Sync 1 DAGs
[2026-03-25T12:53:04.375+0000] {logging_mixin.py:188} INFO - [2026-03-25T12:53:04.375+0000] {dag.py:3954} INFO - Setting next_dagrun for hello_airflow to 2024-03-23 00:00:00+00:00, run_after=2024-03-24 00:00:00+00:00
[2026-03-25T12:53:04.398+0000] {processor.py:183} INFO - Processing /opt/airflow/dags/example.py took 0.110 seconds
[2026-03-25T12:53:35.222+0000] {processor.py:161} INFO - Started process (PID=5057) to work on /opt/airflow/dags/example.py
[2026-03-25T12:53:35.223+0000] {processor.py:830} INFO - Processing file /opt/airflow/dags/example.py for tasks to queue
[2026-03-25T12:53:35.224+0000] {logging_mixin.py:188} INFO - [2026-03-25T12:53:35.224+0000] {dagbag.py:545} INFO - Filling up the DagBag from /opt/airflow/dags/example.py
[2026-03-25T12:53:35.243+0000] {processor.py:840} INFO - DAG(s) 'hello_airflow' retrieved from /opt/airflow/dags/example.py
[2026-03-25T12:53:35.270+0000] {logging_mixin.py:188} INFO - [2026-03-25T12:53:35.270+0000] {dag.py:3096} INFO - Sync 1 DAGs
[2026-03-25T12:53:35.289+0000] {logging_mixin.py:188} INFO - [2026-03-25T12:53:35.289+0000] {dag.py:3954} INFO - Setting next_dagrun for hello_airflow to 2024-03-23 00:00:00+00:00, run_after=2024-03-24 00:00:00+00:00
[2026-03-25T12:53:35.313+0000] {processor.py:183} INFO - Processing /opt/airflow/dags/example.py took 0.097 seconds
[2026-03-25T12:54:05.441+0000] {processor.py:161} INFO - Started process (PID=5083) to work on /opt/airflow/dags/example.py
[2026-03-25T12:54:05.442+0000] {processor.py:830} INFO - Processing file /opt/airflow/dags/example.py for tasks to queue
[2026-03-25T12:54:05.444+0000] {logging_mixin.py:188} INFO - [2026-03-25T12:54:05.444+0000] {dagbag.py:545} INFO - Filling up the DagBag from /opt/airflow/dags/example.py
[2026-03-25T12:54:05.462+0000] {processor.py:840} INFO - DAG(s) 'hello_airflow' retrieved from /opt/airflow/dags/example.py
[2026-03-25T12:54:05.488+0000] {logging_mixin.py:188} INFO - [2026-03-25T12:54:05.488+0000] {dag.py:3096} INFO - Sync 1 DAGs
[2026-03-25T12:54:05.507+0000] {logging_mixin.py:188} INFO - [2026-03-25T12:54:05.506+0000] {dag.py:3954} INFO - Setting next_dagrun for hello_airflow to 2024-03-23 00:00:00+00:00, run_after=2024-03-24 00:00:00+00:00
[2026-03-25T12:54:05.532+0000] {processor.py:183} INFO - Processing /opt/airflow/dags/example.py took 0.097 seconds
[2026-03-25T12:54:36.258+0000] {processor.py:161} INFO - Started process (PID=5109) to work on /opt/airflow/dags/example.py
[2026-03-25T12:54:36.259+0000] {processor.py:830} INFO - Processing file /opt/airflow/dags/example.py for tasks to queue
[2026-03-25T12:54:36.260+0000] {logging_mixin.py:188} INFO - [2026-03-25T12:54:36.260+0000] {dagbag.py:545} INFO - Filling up the DagBag from /opt/airflow/dags/example.py
[2026-03-25T12:54:36.278+0000] {processor.py:840} INFO - DAG(s) 'hello_airflow' retrieved from /opt/airflow/dags/example.py
[2026-03-25T12:54:36.303+0000] {logging_mixin.py:188} INFO - [2026-03-25T12:54:36.303+0000] {dag.py:3096} INFO - Sync 1 DAGs
[2026-03-25T12:54:36.321+0000] {logging_mixin.py:188} INFO - [2026-03-25T12:54:36.321+0000] {dag.py:3954} INFO - Setting next_dagrun for hello_airflow to 2024-03-23 00:00:00+00:00, run_after=2024-03-24 00:00:00+00:00
[2026-03-25T12:54:36.346+0000] {processor.py:183} INFO - Processing /opt/airflow/dags/example.py took 0.094 seconds
[2026-03-25T12:55:07.109+0000] {processor.py:161} INFO - Started process (PID=5135) to work on /opt/airflow/dags/example.py
[2026-03-25T12:55:07.110+0000] {processor.py:830} INFO - Processing file /opt/airflow/dags/example.py for tasks to queue
[2026-03-25T12:55:07.112+0000] {logging_mixin.py:188} INFO - [2026-03-25T12:55:07.112+0000] {dagbag.py:545} INFO - Filling up the DagBag from /opt/airflow/dags/example.py
[2026-03-25T12:55:07.130+0000] {processor.py:840} INFO - DAG(s) 'hello_airflow' retrieved from /opt/airflow/dags/example.py
[2026-03-25T12:55:07.159+0000] {logging_mixin.py:188} INFO - [2026-03-25T12:55:07.158+0000] {dag.py:3096} INFO - Sync 1 DAGs
[2026-03-25T12:55:07.179+0000] {logging_mixin.py:188} INFO - [2026-03-25T12:55:07.178+0000] {dag.py:3954} INFO - Setting next_dagrun for hello_airflow to 2024-03-23 00:00:00+00:00, run_after=2024-03-24 00:00:00+00:00
[2026-03-25T12:55:07.205+0000] {processor.py:183} INFO - Processing /opt/airflow/dags/example.py took 0.103 seconds
[2026-03-25T12:55:37.869+0000] {processor.py:161} INFO - Started process (PID=5161) to work on /opt/airflow/dags/example.py
[2026-03-25T12:55:37.870+0000] {processor.py:830} INFO - Processing file /opt/airflow/dags/example.py for tasks to queue
[2026-03-25T12:55:37.872+0000] {logging_mixin.py:188} INFO - [2026-03-25T12:55:37.872+0000] {dagbag.py:545} INFO - Filling up the DagBag from /opt/airflow/dags/example.py
[2026-03-25T12:55:37.890+0000] {processor.py:840} INFO - DAG(s) 'hello_airflow' retrieved from /opt/airflow/dags/example.py
[2026-03-25T12:55:37.918+0000] {logging_mixin.py:188} INFO - [2026-03-25T12:55:37.918+0000] {dag.py:3096} INFO - Sync 1 DAGs
[2026-03-25T12:55:37.938+0000] {logging_mixin.py:188} INFO - [2026-03-25T12:55:37.938+0000] {dag.py:3954} INFO - Setting next_dagrun for hello_airflow to 2024-03-23 00:00:00+00:00, run_after=2024-03-24 00:00:00+00:00
[2026-03-25T12:55:37.962+0000] {processor.py:183} INFO - Processing /opt/airflow/dags/example.py took 0.099 seconds
[2026-03-25T12:56:08.810+0000] {processor.py:161} INFO - Started process (PID=5187) to work on /opt/airflow/dags/example.py
[2026-03-25T12:56:08.811+0000] {processor.py:830} INFO - Processing file /opt/airflow/dags/example.py for tasks to queue
[2026-03-25T12:56:08.813+0000] {logging_mixin.py:188} INFO - [2026-03-25T12:56:08.813+0000] {dagbag.py:545} INFO - Filling up the DagBag from /opt/airflow/dags/example.py
[2026-03-25T12:56:08.835+0000] {processor.py:840} INFO - DAG(s) 'hello_airflow' retrieved from /opt/airflow/dags/example.py
[2026-03-25T12:56:08.862+0000] {logging_mixin.py:188} INFO - [2026-03-25T12:56:08.862+0000] {dag.py:3096} INFO - Sync 1 DAGs
[2026-03-25T12:56:08.886+0000] {logging_mixin.py:188} INFO - [2026-03-25T12:56:08.886+0000] {dag.py:3954} INFO - Setting next_dagrun for hello_airflow to 2024-03-23 00:00:00+00:00, run_after=2024-03-24 00:00:00+00:00
[2026-03-25T12:56:08.914+0000] {processor.py:183} INFO - Processing /opt/airflow/dags/example.py took 0.110 seconds
[2026-03-25T12:56:39.710+0000] {processor.py:161} INFO - Started process (PID=5213) to work on /opt/airflow/dags/example.py
[2026-03-25T12:56:39.712+0000] {processor.py:830} INFO - Processing file /opt/airflow/dags/example.py for tasks to queue
[2026-03-25T12:56:39.714+0000] {logging_mixin.py:188} INFO - [2026-03-25T12:56:39.713+0000] {dagbag.py:545} INFO - Filling up the DagBag from /opt/airflow/dags/example.py
[2026-03-25T12:56:39.740+0000] {processor.py:840} INFO - DAG(s) 'hello_airflow' retrieved from /opt/airflow/dags/example.py
[2026-03-25T12:56:39.769+0000] {logging_mixin.py:188} INFO - [2026-03-25T12:56:39.769+0000] {dag.py:3096} INFO - Sync 1 DAGs
[2026-03-25T12:56:39.789+0000] {logging_mixin.py:188} INFO - [2026-03-25T12:56:39.789+0000] {dag.py:3954} INFO - Setting next_dagrun for hello_airflow to 2024-03-23 00:00:00+00:00, run_after=2024-03-24 00:00:00+00:00
[2026-03-25T12:56:39.812+0000] {processor.py:183} INFO - Processing /opt/airflow/dags/example.py took 0.108 seconds
[2026-03-25T12:57:10.612+0000] {processor.py:161} INFO - Started process (PID=5239) to work on /opt/airflow/dags/example.py
[2026-03-25T12:57:10.613+0000] {processor.py:830} INFO - Processing file /opt/airflow/dags/example.py for tasks to queue
[2026-03-25T12:57:10.616+0000] {logging_mixin.py:188} INFO - [2026-03-25T12:57:10.616+0000] {dagbag.py:545} INFO - Filling up the DagBag from /opt/airflow/dags/example.py
[2026-03-25T12:57:10.633+0000] {processor.py:840} INFO - DAG(s) 'hello_airflow' retrieved from /opt/airflow/dags/example.py
[2026-03-25T12:57:10.659+0000] {logging_mixin.py:188} INFO - [2026-03-25T12:57:10.658+0000] {dag.py:3096} INFO - Sync 1 DAGs
[2026-03-25T12:57:10.678+0000] {logging_mixin.py:188} INFO - [2026-03-25T12:57:10.678+0000] {dag.py:3954} INFO - Setting next_dagrun for hello_airflow to 2024-03-23 00:00:00+00:00, run_after=2024-03-24 00:00:00+00:00
[2026-03-25T12:57:10.703+0000] {processor.py:183} INFO - Processing /opt/airflow/dags/example.py took 0.097 seconds
[2026-03-25T12:57:41.448+0000] {processor.py:161} INFO - Started process (PID=5265) to work on /opt/airflow/dags/example.py
[2026-03-25T12:57:41.448+0000] {processor.py:830} INFO - Processing file /opt/airflow/dags/example.py for tasks to queue
[2026-03-25T12:57:41.450+0000] {logging_mixin.py:188} INFO - [2026-03-25T12:57:41.450+0000] {dagbag.py:545} INFO - Filling up the DagBag from /opt/airflow/dags/example.py
[2026-03-25T12:57:41.469+0000] {processor.py:840} INFO - DAG(s) 'hello_airflow' retrieved from /opt/airflow/dags/example.py
[2026-03-25T12:57:41.496+0000] {logging_mixin.py:188} INFO - [2026-03-25T12:57:41.496+0000] {dag.py:3096} INFO - Sync 1 DAGs
[2026-03-25T12:57:41.517+0000] {logging_mixin.py:188} INFO - [2026-03-25T12:57:41.516+0000] {dag.py:3954} INFO - Setting next_dagrun for hello_airflow to 2024-03-23 00:00:00+00:00, run_after=2024-03-24 00:00:00+00:00
[2026-03-25T12:57:41.543+0000] {processor.py:183} INFO - Processing /opt/airflow/dags/example.py took 0.101 seconds
[2026-03-25T12:58:12.253+0000] {processor.py:161} INFO - Started process (PID=5291) to work on /opt/airflow/dags/example.py
[2026-03-25T12:58:12.254+0000] {processor.py:830} INFO - Processing file /opt/airflow/dags/example.py for tasks to queue
[2026-03-25T12:58:12.256+0000] {logging_mixin.py:188} INFO - [2026-03-25T12:58:12.255+0000] {dagbag.py:545} INFO - Filling up the DagBag from /opt/airflow/dags/example.py
[2026-03-25T12:58:12.274+0000] {processor.py:840} INFO - DAG(s) 'hello_airflow' retrieved from /opt/airflow/dags/example.py
[2026-03-25T12:58:12.301+0000] {logging_mixin.py:188} INFO - [2026-03-25T12:58:12.301+0000] {dag.py:3096} INFO - Sync 1 DAGs
[2026-03-25T12:58:12.321+0000] {logging_mixin.py:188} INFO - [2026-03-25T12:58:12.320+0000] {dag.py:3954} INFO - Setting next_dagrun for hello_airflow to 2024-03-23 00:00:00+00:00, run_after=2024-03-24 00:00:00+00:00
[2026-03-25T12:58:12.346+0000] {processor.py:183} INFO - Processing /opt/airflow/dags/example.py took 0.099 seconds
[2026-03-25T12:58:43.213+0000] {processor.py:161} INFO - Started process (PID=5317) to work on /opt/airflow/dags/example.py
[2026-03-25T12:58:43.214+0000] {processor.py:830} INFO - Processing file /opt/airflow/dags/example.py for tasks to queue
[2026-03-25T12:58:43.217+0000] {logging_mixin.py:188} INFO - [2026-03-25T12:58:43.216+0000] {dagbag.py:545} INFO - Filling up the DagBag from /opt/airflow/dags/example.py
[2026-03-25T12:58:43.238+0000] {processor.py:840} INFO - DAG(s) 'hello_airflow' retrieved from /opt/airflow/dags/example.py
[2026-03-25T12:58:43.265+0000] {logging_mixin.py:188} INFO - [2026-03-25T12:58:43.265+0000] {dag.py:3096} INFO - Sync 1 DAGs
[2026-03-25T12:58:43.286+0000] {logging_mixin.py:188} INFO - [2026-03-25T12:58:43.286+0000] {dag.py:3954} INFO - Setting next_dagrun for hello_airflow to 2024-03-23 00:00:00+00:00, run_after=2024-03-24 00:00:00+00:00
[2026-03-25T12:58:43.312+0000] {processor.py:183} INFO - Processing /opt/airflow/dags/example.py took 0.106 seconds
[2026-03-25T12:59:14.134+0000] {processor.py:161} INFO - Started process (PID=5343) to work on /opt/airflow/dags/example.py
[2026-03-25T12:59:14.135+0000] {processor.py:830} INFO - Processing file /opt/airflow/dags/example.py for tasks to queue
[2026-03-25T12:59:14.137+0000] {logging_mixin.py:188} INFO - [2026-03-25T12:59:14.137+0000] {dagbag.py:545} INFO - Filling up the DagBag from /opt/airflow/dags/example.py
[2026-03-25T12:59:14.155+0000] {processor.py:840} INFO - DAG(s) 'hello_airflow' retrieved from /opt/airflow/dags/example.py
[2026-03-25T12:59:14.182+0000] {logging_mixin.py:188} INFO - [2026-03-25T12:59:14.182+0000] {dag.py:3096} INFO - Sync 1 DAGs
[2026-03-25T12:59:14.201+0000] {logging_mixin.py:188} INFO - [2026-03-25T12:59:14.200+0000] {dag.py:3954} INFO - Setting next_dagrun for hello_airflow to 2024-03-23 00:00:00+00:00, run_after=2024-03-24 00:00:00+00:00
[2026-03-25T12:59:14.225+0000] {processor.py:183} INFO - Processing /opt/airflow/dags/example.py took 0.096 seconds
[2026-03-25T12:59:44.943+0000] {processor.py:161} INFO - Started process (PID=5369) to work on /opt/airflow/dags/example.py
[2026-03-25T12:59:44.945+0000] {processor.py:830} INFO - Processing file /opt/airflow/dags/example.py for tasks to queue
[2026-03-25T12:59:44.947+0000] {logging_mixin.py:188} INFO - [2026-03-25T12:59:44.946+0000] {dagbag.py:545} INFO - Filling up the DagBag from /opt/airflow/dags/example.py
[2026-03-25T12:59:44.966+0000] {processor.py:840} INFO - DAG(s) 'hello_airflow' retrieved from /opt/airflow/dags/example.py
[2026-03-25T12:59:44.992+0000] {logging_mixin.py:188} INFO - [2026-03-25T12:59:44.992+0000] {dag.py:3096} INFO - Sync 1 DAGs
[2026-03-25T12:59:45.011+0000] {logging_mixin.py:188} INFO - [2026-03-25T12:59:45.011+0000] {dag.py:3954} INFO - Setting next_dagrun for hello_airflow to 2024-03-23 00:00:00+00:00, run_after=2024-03-24 00:00:00+00:00
[2026-03-25T12:59:45.040+0000] {processor.py:183} INFO - Processing /opt/airflow/dags/example.py took 0.103 seconds
[2026-03-25T13:00:15.882+0000] {processor.py:161} INFO - Started process (PID=5401) to work on /opt/airflow/dags/example.py
[2026-03-25T13:00:15.883+0000] {processor.py:830} INFO - Processing file /opt/airflow/dags/example.py for tasks to queue
[2026-03-25T13:00:15.885+0000] {logging_mixin.py:188} INFO - [2026-03-25T13:00:15.885+0000] {dagbag.py:545} INFO - Filling up the DagBag from /opt/airflow/dags/example.py
[2026-03-25T13:00:15.904+0000] {processor.py:840} INFO - DAG(s) 'hello_airflow' retrieved from /opt/airflow/dags/example.py
[2026-03-25T13:00:15.931+0000] {logging_mixin.py:188} INFO - [2026-03-25T13:00:15.931+0000] {dag.py:3096} INFO - Sync 1 DAGs
[2026-03-25T13:00:15.951+0000] {logging_mixin.py:188} INFO - [2026-03-25T13:00:15.951+0000] {dag.py:3954} INFO - Setting next_dagrun for hello_airflow to 2024-03-23 00:00:00+00:00, run_after=2024-03-24 00:00:00+00:00
[2026-03-25T13:00:15.978+0000] {processor.py:183} INFO - Processing /opt/airflow/dags/example.py took 0.102 seconds
[2026-03-25T13:00:46.704+0000] {processor.py:161} INFO - Started process (PID=5427) to work on /opt/airflow/dags/example.py
[2026-03-25T13:00:46.705+0000] {processor.py:830} INFO - Processing file /opt/airflow/dags/example.py for tasks to queue
[2026-03-25T13:00:46.708+0000] {logging_mixin.py:188} INFO - [2026-03-25T13:00:46.707+0000] {dagbag.py:545} INFO - Filling up the DagBag from /opt/airflow/dags/example.py
[2026-03-25T13:00:46.731+0000] {processor.py:840} INFO - DAG(s) 'hello_airflow' retrieved from /opt/airflow/dags/example.py
[2026-03-25T13:00:46.762+0000] {logging_mixin.py:188} INFO - [2026-03-25T13:00:46.762+0000] {dag.py:3096} INFO - Sync 1 DAGs
[2026-03-25T13:00:46.785+0000] {logging_mixin.py:188} INFO - [2026-03-25T13:00:46.785+0000] {dag.py:3954} INFO - Setting next_dagrun for hello_airflow to 2024-03-23 00:00:00+00:00, run_after=2024-03-24 00:00:00+00:00
[2026-03-25T13:00:46.809+0000] {processor.py:183} INFO - Processing /opt/airflow/dags/example.py took 0.113 seconds
[2026-03-25T13:01:17.531+0000] {processor.py:161} INFO - Started process (PID=5453) to work on /opt/airflow/dags/example.py
[2026-03-25T13:01:17.532+0000] {processor.py:830} INFO - Processing file /opt/airflow/dags/example.py for tasks to queue
[2026-03-25T13:01:17.533+0000] {logging_mixin.py:188} INFO - [2026-03-25T13:01:17.533+0000] {dagbag.py:545} INFO - Filling up the DagBag from /opt/airflow/dags/example.py
[2026-03-25T13:01:17.553+0000] {processor.py:840} INFO - DAG(s) 'hello_airflow' retrieved from /opt/airflow/dags/example.py
[2026-03-25T13:01:17.581+0000] {logging_mixin.py:188} INFO - [2026-03-25T13:01:17.581+0000] {dag.py:3096} INFO - Sync 1 DAGs
[2026-03-25T13:01:17.602+0000] {logging_mixin.py:188} INFO - [2026-03-25T13:01:17.602+0000] {dag.py:3954} INFO - Setting next_dagrun for hello_airflow to 2024-03-23 00:00:00+00:00, run_after=2024-03-24 00:00:00+00:00
[2026-03-25T13:01:17.627+0000] {processor.py:183} INFO - Processing /opt/airflow/dags/example.py took 0.103 seconds
[2026-03-25T13:01:48.407+0000] {processor.py:161} INFO - Started process (PID=5479) to work on /opt/airflow/dags/example.py
[2026-03-25T13:01:48.408+0000] {processor.py:830} INFO - Processing file /opt/airflow/dags/example.py for tasks to queue
[2026-03-25T13:01:48.410+0000] {logging_mixin.py:188} INFO - [2026-03-25T13:01:48.409+0000] {dagbag.py:545} INFO - Filling up the DagBag from /opt/airflow/dags/example.py
[2026-03-25T13:01:48.431+0000] {processor.py:840} INFO - DAG(s) 'hello_airflow' retrieved from /opt/airflow/dags/example.py
[2026-03-25T13:01:48.458+0000] {logging_mixin.py:188} INFO - [2026-03-25T13:01:48.458+0000] {dag.py:3096} INFO - Sync 1 DAGs
[2026-03-25T13:01:48.477+0000] {logging_mixin.py:188} INFO - [2026-03-25T13:01:48.477+0000] {dag.py:3954} INFO - Setting next_dagrun for hello_airflow to 2024-03-23 00:00:00+00:00, run_after=2024-03-24 00:00:00+00:00
[2026-03-25T13:01:48.501+0000] {processor.py:183} INFO - Processing /opt/airflow/dags/example.py took 0.101 seconds
[2026-03-25T13:02:19.238+0000] {processor.py:161} INFO - Started process (PID=5505) to work on /opt/airflow/dags/example.py
[2026-03-25T13:02:19.240+0000] {processor.py:830} INFO - Processing file /opt/airflow/dags/example.py for tasks to queue
[2026-03-25T13:02:19.241+0000] {logging_mixin.py:188} INFO - [2026-03-25T13:02:19.241+0000] {dagbag.py:545} INFO - Filling up the DagBag from /opt/airflow/dags/example.py
[2026-03-25T13:02:19.260+0000] {processor.py:840} INFO - DAG(s) 'hello_airflow' retrieved from /opt/airflow/dags/example.py
[2026-03-25T13:02:19.288+0000] {logging_mixin.py:188} INFO - [2026-03-25T13:02:19.287+0000] {dag.py:3096} INFO - Sync 1 DAGs
[2026-03-25T13:02:19.309+0000] {logging_mixin.py:188} INFO - [2026-03-25T13:02:19.308+0000] {dag.py:3954} INFO - Setting next_dagrun for hello_airflow to 2024-03-23 00:00:00+00:00, run_after=2024-03-24 00:00:00+00:00
[2026-03-25T13:02:19.334+0000] {processor.py:183} INFO - Processing /opt/airflow/dags/example.py took 0.103 seconds
[2026-03-25T13:02:50.056+0000] {processor.py:161} INFO - Started process (PID=5531) to work on /opt/airflow/dags/example.py
[2026-03-25T13:02:50.057+0000] {processor.py:830} INFO - Processing file /opt/airflow/dags/example.py for tasks to queue
[2026-03-25T13:02:50.060+0000] {logging_mixin.py:188} INFO - [2026-03-25T13:02:50.059+0000] {dagbag.py:545} INFO - Filling up the DagBag from /opt/airflow/dags/example.py
[2026-03-25T13:02:50.081+0000] {processor.py:840} INFO - DAG(s) 'hello_airflow' retrieved from /opt/airflow/dags/example.py
[2026-03-25T13:02:50.110+0000] {logging_mixin.py:188} INFO - [2026-03-25T13:02:50.110+0000] {dag.py:3096} INFO - Sync 1 DAGs
[2026-03-25T13:02:50.132+0000] {logging_mixin.py:188} INFO - [2026-03-25T13:02:50.132+0000] {dag.py:3954} INFO - Setting next_dagrun for hello_airflow to 2024-03-23 00:00:00+00:00, run_after=2024-03-24 00:00:00+00:00
[2026-03-25T13:02:50.157+0000] {processor.py:183} INFO - Processing /opt/airflow/dags/example.py took 0.107 seconds
[2026-03-25T13:03:20.848+0000] {processor.py:161} INFO - Started process (PID=5557) to work on /opt/airflow/dags/example.py
[2026-03-25T13:03:20.850+0000] {processor.py:830} INFO - Processing file /opt/airflow/dags/example.py for tasks to queue
[2026-03-25T13:03:20.852+0000] {logging_mixin.py:188} INFO - [2026-03-25T13:03:20.852+0000] {dagbag.py:545} INFO - Filling up the DagBag from /opt/airflow/dags/example.py
[2026-03-25T13:03:20.871+0000] {processor.py:840} INFO - DAG(s) 'hello_airflow' retrieved from /opt/airflow/dags/example.py
[2026-03-25T13:03:20.900+0000] {logging_mixin.py:188} INFO - [2026-03-25T13:03:20.900+0000] {dag.py:3096} INFO - Sync 1 DAGs
[2026-03-25T13:03:20.921+0000] {logging_mixin.py:188} INFO - [2026-03-25T13:03:20.921+0000] {dag.py:3954} INFO - Setting next_dagrun for hello_airflow to 2024-03-23 00:00:00+00:00, run_after=2024-03-24 00:00:00+00:00
[2026-03-25T13:03:20.947+0000] {processor.py:183} INFO - Processing /opt/airflow/dags/example.py took 0.105 seconds
[2026-03-25T13:03:51.906+0000] {processor.py:161} INFO - Started process (PID=5583) to work on /opt/airflow/dags/example.py
[2026-03-25T13:03:51.907+0000] {processor.py:830} INFO - Processing file /opt/airflow/dags/example.py for tasks to queue
[2026-03-25T13:03:51.909+0000] {logging_mixin.py:188} INFO - [2026-03-25T13:03:51.909+0000] {dagbag.py:545} INFO - Filling up the DagBag from /opt/airflow/dags/example.py
[2026-03-25T13:03:51.931+0000] {processor.py:840} INFO - DAG(s) 'hello_airflow' retrieved from /opt/airflow/dags/example.py
[2026-03-25T13:03:51.964+0000] {logging_mixin.py:188} INFO - [2026-03-25T13:03:51.964+0000] {dag.py:3096} INFO - Sync 1 DAGs
[2026-03-25T13:03:51.986+0000] {logging_mixin.py:188} INFO - [2026-03-25T13:03:51.985+0000] {dag.py:3954} INFO - Setting next_dagrun for hello_airflow to 2024-03-23 00:00:00+00:00, run_after=2024-03-24 00:00:00+00:00
[2026-03-25T13:03:52.010+0000] {processor.py:183} INFO - Processing /opt/airflow/dags/example.py took 0.109 seconds
[2026-03-25T13:04:22.815+0000] {processor.py:161} INFO - Started process (PID=5609) to work on /opt/airflow/dags/example.py
[2026-03-25T13:04:22.816+0000] {processor.py:830} INFO - Processing file /opt/airflow/dags/example.py for tasks to queue
[2026-03-25T13:04:22.818+0000] {logging_mixin.py:188} INFO - [2026-03-25T13:04:22.818+0000] {dagbag.py:545} INFO - Filling up the DagBag from /opt/airflow/dags/example.py
[2026-03-25T13:04:22.836+0000] {processor.py:840} INFO - DAG(s) 'hello_airflow' retrieved from /opt/airflow/dags/example.py
[2026-03-25T13:04:22.863+0000] {logging_mixin.py:188} INFO - [2026-03-25T13:04:22.863+0000] {dag.py:3096} INFO - Sync 1 DAGs
[2026-03-25T13:04:22.885+0000] {logging_mixin.py:188} INFO - [2026-03-25T13:04:22.885+0000] {dag.py:3954} INFO - Setting next_dagrun for hello_airflow to 2024-03-23 00:00:00+00:00, run_after=2024-03-24 00:00:00+00:00
[2026-03-25T13:04:22.911+0000] {processor.py:183} INFO - Processing /opt/airflow/dags/example.py took 0.101 seconds
[2026-03-25T13:04:53.625+0000] {processor.py:161} INFO - Started process (PID=5635) to work on /opt/airflow/dags/example.py
[2026-03-25T13:04:53.626+0000] {processor.py:830} INFO - Processing file /opt/airflow/dags/example.py for tasks to queue
[2026-03-25T13:04:53.628+0000] {logging_mixin.py:188} INFO - [2026-03-25T13:04:53.628+0000] {dagbag.py:545} INFO - Filling up the DagBag from /opt/airflow/dags/example.py
[2026-03-25T13:04:53.646+0000] {processor.py:840} INFO - DAG(s) 'hello_airflow' retrieved from /opt/airflow/dags/example.py
[2026-03-25T13:04:53.674+0000] {logging_mixin.py:188} INFO - [2026-03-25T13:04:53.673+0000] {dag.py:3096} INFO - Sync 1 DAGs
[2026-03-25T13:04:53.695+0000] {logging_mixin.py:188} INFO - [2026-03-25T13:04:53.695+0000] {dag.py:3954} INFO - Setting next_dagrun for hello_airflow to 2024-03-23 00:00:00+00:00, run_after=2024-03-24 00:00:00+00:00
[2026-03-25T13:04:53.721+0000] {processor.py:183} INFO - Processing /opt/airflow/dags/example.py took 0.102 seconds
[2026-03-25T13:05:24.476+0000] {processor.py:161} INFO - Started process (PID=5661) to work on /opt/airflow/dags/example.py
[2026-03-25T13:05:24.477+0000] {processor.py:830} INFO - Processing file /opt/airflow/dags/example.py for tasks to queue
[2026-03-25T13:05:24.479+0000] {logging_mixin.py:188} INFO - [2026-03-25T13:05:24.478+0000] {dagbag.py:545} INFO - Filling up the DagBag from /opt/airflow/dags/example.py
[2026-03-25T13:05:24.499+0000] {processor.py:840} INFO - DAG(s) 'hello_airflow' retrieved from /opt/airflow/dags/example.py
[2026-03-25T13:05:24.526+0000] {logging_mixin.py:188} INFO - [2026-03-25T13:05:24.526+0000] {dag.py:3096} INFO - Sync 1 DAGs
[2026-03-25T13:05:24.547+0000] {logging_mixin.py:188} INFO - [2026-03-25T13:05:24.547+0000] {dag.py:3954} INFO - Setting next_dagrun for hello_airflow to 2024-03-23 00:00:00+00:00, run_after=2024-03-24 00:00:00+00:00
[2026-03-25T13:05:24.573+0000] {processor.py:183} INFO - Processing /opt/airflow/dags/example.py took 0.104 seconds
[2026-03-25T13:05:55.264+0000] {processor.py:161} INFO - Started process (PID=5687) to work on /opt/airflow/dags/example.py
[2026-03-25T13:05:55.265+0000] {processor.py:830} INFO - Processing file /opt/airflow/dags/example.py for tasks to queue
[2026-03-25T13:05:55.267+0000] {logging_mixin.py:188} INFO - [2026-03-25T13:05:55.267+0000] {dagbag.py:545} INFO - Filling up the DagBag from /opt/airflow/dags/example.py
[2026-03-25T13:05:55.285+0000] {processor.py:840} INFO - DAG(s) 'hello_airflow' retrieved from /opt/airflow/dags/example.py
[2026-03-25T13:05:55.314+0000] {logging_mixin.py:188} INFO - [2026-03-25T13:05:55.314+0000] {dag.py:3096} INFO - Sync 1 DAGs
[2026-03-25T13:05:55.335+0000] {logging_mixin.py:188} INFO - [2026-03-25T13:05:55.335+0000] {dag.py:3954} INFO - Setting next_dagrun for hello_airflow to 2024-03-23 00:00:00+00:00, run_after=2024-03-24 00:00:00+00:00
[2026-03-25T13:05:55.362+0000] {processor.py:183} INFO - Processing /opt/airflow/dags/example.py took 0.104 seconds
[2026-03-25T13:06:26.138+0000] {processor.py:161} INFO - Started process (PID=5713) to work on /opt/airflow/dags/example.py
[2026-03-25T13:06:26.140+0000] {processor.py:830} INFO - Processing file /opt/airflow/dags/example.py for tasks to queue
[2026-03-25T13:06:26.141+0000] {logging_mixin.py:188} INFO - [2026-03-25T13:06:26.141+0000] {dagbag.py:545} INFO - Filling up the DagBag from /opt/airflow/dags/example.py
[2026-03-25T13:06:26.162+0000] {processor.py:840} INFO - DAG(s) 'hello_airflow' retrieved from /opt/airflow/dags/example.py
[2026-03-25T13:06:26.189+0000] {logging_mixin.py:188} INFO - [2026-03-25T13:06:26.189+0000] {dag.py:3096} INFO - Sync 1 DAGs
[2026-03-25T13:06:26.225+0000] {logging_mixin.py:188} INFO - [2026-03-25T13:06:26.225+0000] {dag.py:3954} INFO - Setting next_dagrun for hello_airflow to 2024-03-23 00:00:00+00:00, run_after=2024-03-24 00:00:00+00:00
[2026-03-25T13:06:26.250+0000] {processor.py:183} INFO - Processing /opt/airflow/dags/example.py took 0.118 seconds
[2026-03-25T13:07:53.663+0000] {processor.py:161} INFO - Started process (PID=187) to work on /opt/airflow/dags/example.py
[2026-03-25T13:07:53.665+0000] {processor.py:830} INFO - Processing file /opt/airflow/dags/example.py for tasks to queue
[2026-03-25T13:07:53.667+0000] {logging_mixin.py:188} INFO - [2026-03-25T13:07:53.667+0000] {dagbag.py:545} INFO - Filling up the DagBag from /opt/airflow/dags/example.py
[2026-03-25T13:07:53.703+0000] {processor.py:840} INFO - DAG(s) 'hello_airflow' retrieved from /opt/airflow/dags/example.py
[2026-03-25T13:07:57.906+0000] {logging_mixin.py:188} INFO - [2026-03-25T13:07:57.905+0000] {override.py:1829} INFO - Created Permission View: can edit on DAG:hello_airflow
[2026-03-25T13:07:57.919+0000] {logging_mixin.py:188} INFO - [2026-03-25T13:07:57.918+0000] {override.py:1829} INFO - Created Permission View: can delete on DAG:hello_airflow
[2026-03-25T13:07:57.931+0000] {logging_mixin.py:188} INFO - [2026-03-25T13:07:57.931+0000] {override.py:1829} INFO - Created Permission View: can read on DAG:hello_airflow
[2026-03-25T13:07:57.932+0000] {logging_mixin.py:188} INFO - [2026-03-25T13:07:57.932+0000] {dag.py:3096} INFO - Sync 1 DAGs
[2026-03-25T13:07:57.946+0000] {logging_mixin.py:188} INFO - [2026-03-25T13:07:57.946+0000] {dag.py:3118} INFO - Creating ORM DAG for hello_airflow
[2026-03-25T13:07:57.959+0000] {logging_mixin.py:188} INFO - [2026-03-25T13:07:57.958+0000] {dag.py:3954} INFO - Setting next_dagrun for hello_airflow to 2024-03-23 00:00:00+00:00, run_after=2024-03-24 00:00:00+00:00
[2026-03-25T13:07:57.984+0000] {processor.py:183} INFO - Processing /opt/airflow/dags/example.py took 4.328 seconds
[2026-03-25T13:08:28.943+0000] {processor.py:161} INFO - Started process (PID=219) to work on /opt/airflow/dags/example.py
[2026-03-25T13:08:28.946+0000] {processor.py:830} INFO - Processing file /opt/airflow/dags/example.py for tasks to queue
[2026-03-25T13:08:28.951+0000] {logging_mixin.py:188} INFO - [2026-03-25T13:08:28.950+0000] {dagbag.py:545} INFO - Filling up the DagBag from /opt/airflow/dags/example.py
[2026-03-25T13:08:28.992+0000] {processor.py:840} INFO - DAG(s) 'hello_airflow' retrieved from /opt/airflow/dags/example.py
[2026-03-25T13:08:29.049+0000] {logging_mixin.py:188} INFO - [2026-03-25T13:08:29.049+0000] {dag.py:3096} INFO - Sync 1 DAGs
[2026-03-25T13:08:29.081+0000] {logging_mixin.py:188} INFO - [2026-03-25T13:08:29.081+0000] {dag.py:3954} INFO - Setting next_dagrun for hello_airflow to 2024-03-23 00:00:00+00:00, run_after=2024-03-24 00:00:00+00:00
[2026-03-25T13:08:29.103+0000] {processor.py:183} INFO - Processing /opt/airflow/dags/example.py took 0.181 seconds
[2026-03-25T13:08:59.792+0000] {processor.py:161} INFO - Started process (PID=245) to work on /opt/airflow/dags/example.py
[2026-03-25T13:08:59.793+0000] {processor.py:830} INFO - Processing file /opt/airflow/dags/example.py for tasks to queue
[2026-03-25T13:08:59.796+0000] {logging_mixin.py:188} INFO - [2026-03-25T13:08:59.796+0000] {dagbag.py:545} INFO - Filling up the DagBag from /opt/airflow/dags/example.py
[2026-03-25T13:08:59.820+0000] {processor.py:840} INFO - DAG(s) 'hello_airflow' retrieved from /opt/airflow/dags/example.py
[2026-03-25T13:08:59.857+0000] {logging_mixin.py:188} INFO - [2026-03-25T13:08:59.857+0000] {dag.py:3096} INFO - Sync 1 DAGs
[2026-03-25T13:08:59.880+0000] {logging_mixin.py:188} INFO - [2026-03-25T13:08:59.880+0000] {dag.py:3954} INFO - Setting next_dagrun for hello_airflow to 2024-03-23 00:00:00+00:00, run_after=2024-03-24 00:00:00+00:00
[2026-03-25T13:08:59.906+0000] {processor.py:183} INFO - Processing /opt/airflow/dags/example.py took 0.122 seconds
[2026-03-25T13:09:30.732+0000] {processor.py:161} INFO - Started process (PID=271) to work on /opt/airflow/dags/example.py
[2026-03-25T13:09:30.733+0000] {processor.py:830} INFO - Processing file /opt/airflow/dags/example.py for tasks to queue
[2026-03-25T13:09:30.736+0000] {logging_mixin.py:188} INFO - [2026-03-25T13:09:30.736+0000] {dagbag.py:545} INFO - Filling up the DagBag from /opt/airflow/dags/example.py
[2026-03-25T13:09:30.757+0000] {processor.py:840} INFO - DAG(s) 'hello_airflow' retrieved from /opt/airflow/dags/example.py
[2026-03-25T13:09:30.789+0000] {logging_mixin.py:188} INFO - [2026-03-25T13:09:30.789+0000] {dag.py:3096} INFO - Sync 1 DAGs
[2026-03-25T13:09:30.810+0000] {logging_mixin.py:188} INFO - [2026-03-25T13:09:30.810+0000] {dag.py:3954} INFO - Setting next_dagrun for hello_airflow to 2024-03-23 00:00:00+00:00, run_after=2024-03-24 00:00:00+00:00
[2026-03-25T13:09:30.835+0000] {processor.py:183} INFO - Processing /opt/airflow/dags/example.py took 0.111 seconds
[2026-03-25T13:10:01.401+0000] {processor.py:161} INFO - Started process (PID=297) to work on /opt/airflow/dags/example.py
[2026-03-25T13:10:01.403+0000] {processor.py:830} INFO - Processing file /opt/airflow/dags/example.py for tasks to queue
[2026-03-25T13:10:01.406+0000] {logging_mixin.py:188} INFO - [2026-03-25T13:10:01.405+0000] {dagbag.py:545} INFO - Filling up the DagBag from /opt/airflow/dags/example.py
[2026-03-25T13:10:01.431+0000] {processor.py:840} INFO - DAG(s) 'hello_airflow' retrieved from /opt/airflow/dags/example.py
[2026-03-25T13:10:01.465+0000] {logging_mixin.py:188} INFO - [2026-03-25T13:10:01.465+0000] {dag.py:3096} INFO - Sync 1 DAGs
[2026-03-25T13:10:01.489+0000] {logging_mixin.py:188} INFO - [2026-03-25T13:10:01.488+0000] {dag.py:3954} INFO - Setting next_dagrun for hello_airflow to 2024-03-23 00:00:00+00:00, run_after=2024-03-24 00:00:00+00:00
[2026-03-25T13:10:01.515+0000] {processor.py:183} INFO - Processing /opt/airflow/dags/example.py took 0.121 seconds
[2026-03-25T13:10:32.295+0000] {processor.py:161} INFO - Started process (PID=323) to work on /opt/airflow/dags/example.py
[2026-03-25T13:10:32.297+0000] {processor.py:830} INFO - Processing file /opt/airflow/dags/example.py for tasks to queue
[2026-03-25T13:10:32.299+0000] {logging_mixin.py:188} INFO - [2026-03-25T13:10:32.299+0000] {dagbag.py:545} INFO - Filling up the DagBag from /opt/airflow/dags/example.py
[2026-03-25T13:10:32.320+0000] {processor.py:840} INFO - DAG(s) 'hello_airflow' retrieved from /opt/airflow/dags/example.py
[2026-03-25T13:10:32.355+0000] {logging_mixin.py:188} INFO - [2026-03-25T13:10:32.355+0000] {dag.py:3096} INFO - Sync 1 DAGs
[2026-03-25T13:10:32.377+0000] {logging_mixin.py:188} INFO - [2026-03-25T13:10:32.377+0000] {dag.py:3954} INFO - Setting next_dagrun for hello_airflow to 2024-03-23 00:00:00+00:00, run_after=2024-03-24 00:00:00+00:00
[2026-03-25T13:10:32.403+0000] {processor.py:183} INFO - Processing /opt/airflow/dags/example.py took 0.115 seconds
[2026-03-25T13:11:03.002+0000] {processor.py:161} INFO - Started process (PID=349) to work on /opt/airflow/dags/example.py
[2026-03-25T13:11:03.003+0000] {processor.py:830} INFO - Processing file /opt/airflow/dags/example.py for tasks to queue
[2026-03-25T13:11:03.005+0000] {logging_mixin.py:188} INFO - [2026-03-25T13:11:03.005+0000] {dagbag.py:545} INFO - Filling up the DagBag from /opt/airflow/dags/example.py
[2026-03-25T13:11:03.023+0000] {processor.py:840} INFO - DAG(s) 'hello_airflow' retrieved from /opt/airflow/dags/example.py
[2026-03-25T13:11:03.053+0000] {logging_mixin.py:188} INFO - [2026-03-25T13:11:03.053+0000] {dag.py:3096} INFO - Sync 1 DAGs
[2026-03-25T13:11:03.075+0000] {logging_mixin.py:188} INFO - [2026-03-25T13:11:03.075+0000] {dag.py:3954} INFO - Setting next_dagrun for hello_airflow to 2024-03-23 00:00:00+00:00, run_after=2024-03-24 00:00:00+00:00
[2026-03-25T13:11:03.100+0000] {processor.py:183} INFO - Processing /opt/airflow/dags/example.py took 0.104 seconds
[2026-03-25T13:11:33.623+0000] {processor.py:161} INFO - Started process (PID=375) to work on /opt/airflow/dags/example.py
[2026-03-25T13:11:33.624+0000] {processor.py:830} INFO - Processing file /opt/airflow/dags/example.py for tasks to queue
[2026-03-25T13:11:33.627+0000] {logging_mixin.py:188} INFO - [2026-03-25T13:11:33.627+0000] {dagbag.py:545} INFO - Filling up the DagBag from /opt/airflow/dags/example.py
[2026-03-25T13:11:33.656+0000] {processor.py:840} INFO - DAG(s) 'hello_airflow' retrieved from /opt/airflow/dags/example.py
[2026-03-25T13:11:33.702+0000] {logging_mixin.py:188} INFO - [2026-03-25T13:11:33.702+0000] {dag.py:3096} INFO - Sync 1 DAGs
[2026-03-25T13:11:33.731+0000] {logging_mixin.py:188} INFO - [2026-03-25T13:11:33.731+0000] {dag.py:3954} INFO - Setting next_dagrun for hello_airflow to 2024-03-23 00:00:00+00:00, run_after=2024-03-24 00:00:00+00:00
[2026-03-25T13:11:33.753+0000] {processor.py:183} INFO - Processing /opt/airflow/dags/example.py took 0.137 seconds
[2026-03-25T13:12:04.454+0000] {processor.py:161} INFO - Started process (PID=401) to work on /opt/airflow/dags/example.py
[2026-03-25T13:12:04.455+0000] {processor.py:830} INFO - Processing file /opt/airflow/dags/example.py for tasks to queue
[2026-03-25T13:12:04.457+0000] {logging_mixin.py:188} INFO - [2026-03-25T13:12:04.457+0000] {dagbag.py:545} INFO - Filling up the DagBag from /opt/airflow/dags/example.py
[2026-03-25T13:12:04.476+0000] {processor.py:840} INFO - DAG(s) 'hello_airflow' retrieved from /opt/airflow/dags/example.py
[2026-03-25T13:12:04.506+0000] {logging_mixin.py:188} INFO - [2026-03-25T13:12:04.506+0000] {dag.py:3096} INFO - Sync 1 DAGs
[2026-03-25T13:12:04.527+0000] {logging_mixin.py:188} INFO - [2026-03-25T13:12:04.527+0000] {dag.py:3954} INFO - Setting next_dagrun for hello_airflow to 2024-03-23 00:00:00+00:00, run_after=2024-03-24 00:00:00+00:00
[2026-03-25T13:12:04.553+0000] {processor.py:183} INFO - Processing /opt/airflow/dags/example.py took 0.107 seconds
[2026-03-25T13:12:35.335+0000] {processor.py:161} INFO - Started process (PID=427) to work on /opt/airflow/dags/example.py
[2026-03-25T13:12:35.336+0000] {processor.py:830} INFO - Processing file /opt/airflow/dags/example.py for tasks to queue
[2026-03-25T13:12:35.339+0000] {logging_mixin.py:188} INFO - [2026-03-25T13:12:35.338+0000] {dagbag.py:545} INFO - Filling up the DagBag from /opt/airflow/dags/example.py
[2026-03-25T13:12:35.357+0000] {processor.py:840} INFO - DAG(s) 'hello_airflow' retrieved from /opt/airflow/dags/example.py
[2026-03-25T13:12:35.386+0000] {logging_mixin.py:188} INFO - [2026-03-25T13:12:35.386+0000] {dag.py:3096} INFO - Sync 1 DAGs
[2026-03-25T13:12:35.407+0000] {logging_mixin.py:188} INFO - [2026-03-25T13:12:35.407+0000] {dag.py:3954} INFO - Setting next_dagrun for hello_airflow to 2024-03-23 00:00:00+00:00, run_after=2024-03-24 00:00:00+00:00
[2026-03-25T13:12:35.433+0000] {processor.py:183} INFO - Processing /opt/airflow/dags/example.py took 0.105 seconds
[2026-03-25T13:13:06.309+0000] {processor.py:161} INFO - Started process (PID=453) to work on /opt/airflow/dags/example.py
[2026-03-25T13:13:06.311+0000] {processor.py:830} INFO - Processing file /opt/airflow/dags/example.py for tasks to queue
[2026-03-25T13:13:06.316+0000] {logging_mixin.py:188} INFO - [2026-03-25T13:13:06.315+0000] {dagbag.py:545} INFO - Filling up the DagBag from /opt/airflow/dags/example.py
[2026-03-25T13:13:06.360+0000] {processor.py:840} INFO - DAG(s) 'hello_airflow' retrieved from /opt/airflow/dags/example.py
[2026-03-25T13:13:06.408+0000] {logging_mixin.py:188} INFO - [2026-03-25T13:13:06.408+0000] {dag.py:3096} INFO - Sync 1 DAGs
[2026-03-25T13:13:06.442+0000] {logging_mixin.py:188} INFO - [2026-03-25T13:13:06.442+0000] {dag.py:3954} INFO - Setting next_dagrun for hello_airflow to 2024-03-23 00:00:00+00:00, run_after=2024-03-24 00:00:00+00:00
[2026-03-25T13:13:06.475+0000] {processor.py:183} INFO - Processing /opt/airflow/dags/example.py took 0.177 seconds
[2026-03-25T13:13:37.243+0000] {processor.py:161} INFO - Started process (PID=479) to work on /opt/airflow/dags/example.py
[2026-03-25T13:13:37.244+0000] {processor.py:830} INFO - Processing file /opt/airflow/dags/example.py for tasks to queue
[2026-03-25T13:13:37.246+0000] {logging_mixin.py:188} INFO - [2026-03-25T13:13:37.246+0000] {dagbag.py:545} INFO - Filling up the DagBag from /opt/airflow/dags/example.py
[2026-03-25T13:13:37.266+0000] {processor.py:840} INFO - DAG(s) 'hello_airflow' retrieved from /opt/airflow/dags/example.py
[2026-03-25T13:13:37.297+0000] {logging_mixin.py:188} INFO - [2026-03-25T13:13:37.296+0000] {dag.py:3096} INFO - Sync 1 DAGs
[2026-03-25T13:13:37.319+0000] {logging_mixin.py:188} INFO - [2026-03-25T13:13:37.319+0000] {dag.py:3954} INFO - Setting next_dagrun for hello_airflow to 2024-03-23 00:00:00+00:00, run_after=2024-03-24 00:00:00+00:00
[2026-03-25T13:13:37.345+0000] {processor.py:183} INFO - Processing /opt/airflow/dags/example.py took 0.107 seconds
[2026-03-25T13:14:08.149+0000] {processor.py:161} INFO - Started process (PID=505) to work on /opt/airflow/dags/example.py
[2026-03-25T13:14:08.150+0000] {processor.py:830} INFO - Processing file /opt/airflow/dags/example.py for tasks to queue
[2026-03-25T13:14:08.152+0000] {logging_mixin.py:188} INFO - [2026-03-25T13:14:08.152+0000] {dagbag.py:545} INFO - Filling up the DagBag from /opt/airflow/dags/example.py
[2026-03-25T13:14:08.175+0000] {processor.py:840} INFO - DAG(s) 'hello_airflow' retrieved from /opt/airflow/dags/example.py
[2026-03-25T13:14:08.205+0000] {logging_mixin.py:188} INFO - [2026-03-25T13:14:08.205+0000] {dag.py:3096} INFO - Sync 1 DAGs
[2026-03-25T13:14:08.226+0000] {logging_mixin.py:188} INFO - [2026-03-25T13:14:08.226+0000] {dag.py:3954} INFO - Setting next_dagrun for hello_airflow to 2024-03-23 00:00:00+00:00, run_after=2024-03-24 00:00:00+00:00
[2026-03-25T13:14:08.252+0000] {processor.py:183} INFO - Processing /opt/airflow/dags/example.py took 0.110 seconds
[2026-03-25T13:14:38.938+0000] {processor.py:161} INFO - Started process (PID=531) to work on /opt/airflow/dags/example.py
[2026-03-25T13:14:38.939+0000] {processor.py:830} INFO - Processing file /opt/airflow/dags/example.py for tasks to queue
[2026-03-25T13:14:38.942+0000] {logging_mixin.py:188} INFO - [2026-03-25T13:14:38.941+0000] {dagbag.py:545} INFO - Filling up the DagBag from /opt/airflow/dags/example.py
[2026-03-25T13:14:38.966+0000] {processor.py:840} INFO - DAG(s) 'hello_airflow' retrieved from /opt/airflow/dags/example.py
[2026-03-25T13:14:38.999+0000] {logging_mixin.py:188} INFO - [2026-03-25T13:14:38.999+0000] {dag.py:3096} INFO - Sync 1 DAGs
[2026-03-25T13:14:39.025+0000] {logging_mixin.py:188} INFO - [2026-03-25T13:14:39.024+0000] {dag.py:3954} INFO - Setting next_dagrun for hello_airflow to 2024-03-23 00:00:00+00:00, run_after=2024-03-24 00:00:00+00:00
[2026-03-25T13:14:39.050+0000] {processor.py:183} INFO - Processing /opt/airflow/dags/example.py took 0.121 seconds
[2026-03-25T13:15:09.698+0000] {processor.py:161} INFO - Started process (PID=557) to work on /opt/airflow/dags/example.py
[2026-03-25T13:15:09.700+0000] {processor.py:830} INFO - Processing file /opt/airflow/dags/example.py for tasks to queue
[2026-03-25T13:15:09.702+0000] {logging_mixin.py:188} INFO - [2026-03-25T13:15:09.701+0000] {dagbag.py:545} INFO - Filling up the DagBag from /opt/airflow/dags/example.py
[2026-03-25T13:15:09.723+0000] {processor.py:840} INFO - DAG(s) 'hello_airflow' retrieved from /opt/airflow/dags/example.py
[2026-03-25T13:15:09.756+0000] {logging_mixin.py:188} INFO - [2026-03-25T13:15:09.755+0000] {dag.py:3096} INFO - Sync 1 DAGs
[2026-03-25T13:15:09.779+0000] {logging_mixin.py:188} INFO - [2026-03-25T13:15:09.778+0000] {dag.py:3954} INFO - Setting next_dagrun for hello_airflow to 2024-03-23 00:00:00+00:00, run_after=2024-03-24 00:00:00+00:00
[2026-03-25T13:15:09.806+0000] {processor.py:183} INFO - Processing /opt/airflow/dags/example.py took 0.114 seconds
[2026-03-25T13:15:40.410+0000] {processor.py:161} INFO - Started process (PID=583) to work on /opt/airflow/dags/example.py
[2026-03-25T13:15:40.411+0000] {processor.py:830} INFO - Processing file /opt/airflow/dags/example.py for tasks to queue
[2026-03-25T13:15:40.413+0000] {logging_mixin.py:188} INFO - [2026-03-25T13:15:40.412+0000] {dagbag.py:545} INFO - Filling up the DagBag from /opt/airflow/dags/example.py
[2026-03-25T13:15:40.430+0000] {processor.py:840} INFO - DAG(s) 'hello_airflow' retrieved from /opt/airflow/dags/example.py
[2026-03-25T13:15:40.457+0000] {logging_mixin.py:188} INFO - [2026-03-25T13:15:40.457+0000] {dag.py:3096} INFO - Sync 1 DAGs
[2026-03-25T13:15:40.478+0000] {logging_mixin.py:188} INFO - [2026-03-25T13:15:40.478+0000] {dag.py:3954} INFO - Setting next_dagrun for hello_airflow to 2024-03-23 00:00:00+00:00, run_after=2024-03-24 00:00:00+00:00
[2026-03-25T13:15:40.502+0000] {processor.py:183} INFO - Processing /opt/airflow/dags/example.py took 0.098 seconds
[2026-03-25T13:16:11.276+0000] {processor.py:161} INFO - Started process (PID=609) to work on /opt/airflow/dags/example.py
[2026-03-25T13:16:11.277+0000] {processor.py:830} INFO - Processing file /opt/airflow/dags/example.py for tasks to queue
[2026-03-25T13:16:11.279+0000] {logging_mixin.py:188} INFO - [2026-03-25T13:16:11.279+0000] {dagbag.py:545} INFO - Filling up the DagBag from /opt/airflow/dags/example.py
[2026-03-25T13:16:11.301+0000] {processor.py:840} INFO - DAG(s) 'hello_airflow' retrieved from /opt/airflow/dags/example.py
[2026-03-25T13:16:11.354+0000] {logging_mixin.py:188} INFO - [2026-03-25T13:16:11.354+0000] {dag.py:3096} INFO - Sync 1 DAGs
[2026-03-25T13:16:11.379+0000] {logging_mixin.py:188} INFO - [2026-03-25T13:16:11.379+0000] {dag.py:3954} INFO - Setting next_dagrun for hello_airflow to 2024-03-23 00:00:00+00:00, run_after=2024-03-24 00:00:00+00:00
[2026-03-25T13:16:11.402+0000] {processor.py:183} INFO - Processing /opt/airflow/dags/example.py took 0.134 seconds
[2026-03-25T13:16:42.078+0000] {processor.py:161} INFO - Started process (PID=635) to work on /opt/airflow/dags/example.py
[2026-03-25T13:16:42.079+0000] {processor.py:830} INFO - Processing file /opt/airflow/dags/example.py for tasks to queue
[2026-03-25T13:16:42.083+0000] {logging_mixin.py:188} INFO - [2026-03-25T13:16:42.082+0000] {dagbag.py:545} INFO - Filling up the DagBag from /opt/airflow/dags/example.py
[2026-03-25T13:16:42.107+0000] {processor.py:840} INFO - DAG(s) 'hello_airflow' retrieved from /opt/airflow/dags/example.py
[2026-03-25T13:16:42.139+0000] {logging_mixin.py:188} INFO - [2026-03-25T13:16:42.139+0000] {dag.py:3096} INFO - Sync 1 DAGs
[2026-03-25T13:16:42.164+0000] {logging_mixin.py:188} INFO - [2026-03-25T13:16:42.164+0000] {dag.py:3954} INFO - Setting next_dagrun for hello_airflow to 2024-03-23 00:00:00+00:00, run_after=2024-03-24 00:00:00+00:00
[2026-03-25T13:16:42.191+0000] {processor.py:183} INFO - Processing /opt/airflow/dags/example.py took 0.120 seconds
[2026-03-25T13:17:12.948+0000] {processor.py:161} INFO - Started process (PID=661) to work on /opt/airflow/dags/example.py
[2026-03-25T13:17:12.950+0000] {processor.py:830} INFO - Processing file /opt/airflow/dags/example.py for tasks to queue
[2026-03-25T13:17:12.952+0000] {logging_mixin.py:188} INFO - [2026-03-25T13:17:12.951+0000] {dagbag.py:545} INFO - Filling up the DagBag from /opt/airflow/dags/example.py
[2026-03-25T13:17:12.979+0000] {processor.py:840} INFO - DAG(s) 'hello_airflow' retrieved from /opt/airflow/dags/example.py
[2026-03-25T13:17:13.014+0000] {logging_mixin.py:188} INFO - [2026-03-25T13:17:13.014+0000] {dag.py:3096} INFO - Sync 1 DAGs
[2026-03-25T13:17:13.037+0000] {logging_mixin.py:188} INFO - [2026-03-25T13:17:13.037+0000] {dag.py:3954} INFO - Setting next_dagrun for hello_airflow to 2024-03-23 00:00:00+00:00, run_after=2024-03-24 00:00:00+00:00
[2026-03-25T13:17:13.065+0000] {processor.py:183} INFO - Processing /opt/airflow/dags/example.py took 0.123 seconds
[2026-03-25T13:17:43.771+0000] {processor.py:161} INFO - Started process (PID=687) to work on /opt/airflow/dags/example.py
[2026-03-25T13:17:43.772+0000] {processor.py:830} INFO - Processing file /opt/airflow/dags/example.py for tasks to queue
[2026-03-25T13:17:43.774+0000] {logging_mixin.py:188} INFO - [2026-03-25T13:17:43.774+0000] {dagbag.py:545} INFO - Filling up the DagBag from /opt/airflow/dags/example.py
[2026-03-25T13:17:43.796+0000] {processor.py:840} INFO - DAG(s) 'hello_airflow' retrieved from /opt/airflow/dags/example.py
[2026-03-25T13:17:43.829+0000] {logging_mixin.py:188} INFO - [2026-03-25T13:17:43.829+0000] {dag.py:3096} INFO - Sync 1 DAGs
[2026-03-25T13:17:43.851+0000] {logging_mixin.py:188} INFO - [2026-03-25T13:17:43.851+0000] {dag.py:3954} INFO - Setting next_dagrun for hello_airflow to 2024-03-23 00:00:00+00:00, run_after=2024-03-24 00:00:00+00:00
[2026-03-25T13:17:43.877+0000] {processor.py:183} INFO - Processing /opt/airflow/dags/example.py took 0.114 seconds
[2026-03-25T13:18:14.717+0000] {processor.py:161} INFO - Started process (PID=713) to work on /opt/airflow/dags/example.py
[2026-03-25T13:18:14.718+0000] {processor.py:830} INFO - Processing file /opt/airflow/dags/example.py for tasks to queue
[2026-03-25T13:18:14.720+0000] {logging_mixin.py:188} INFO - [2026-03-25T13:18:14.720+0000] {dagbag.py:545} INFO - Filling up the DagBag from /opt/airflow/dags/example.py
[2026-03-25T13:18:14.740+0000] {processor.py:840} INFO - DAG(s) 'hello_airflow' retrieved from /opt/airflow/dags/example.py
[2026-03-25T13:18:14.770+0000] {logging_mixin.py:188} INFO - [2026-03-25T13:18:14.770+0000] {dag.py:3096} INFO - Sync 1 DAGs
[2026-03-25T13:18:14.791+0000] {logging_mixin.py:188} INFO - [2026-03-25T13:18:14.791+0000] {dag.py:3954} INFO - Setting next_dagrun for hello_airflow to 2024-03-23 00:00:00+00:00, run_after=2024-03-24 00:00:00+00:00
[2026-03-25T13:18:14.815+0000] {processor.py:183} INFO - Processing /opt/airflow/dags/example.py took 0.105 seconds
[2026-03-25T13:18:45.567+0000] {processor.py:161} INFO - Started process (PID=740) to work on /opt/airflow/dags/example.py
[2026-03-25T13:18:45.568+0000] {processor.py:830} INFO - Processing file /opt/airflow/dags/example.py for tasks to queue
[2026-03-25T13:18:45.570+0000] {logging_mixin.py:188} INFO - [2026-03-25T13:18:45.570+0000] {dagbag.py:545} INFO - Filling up the DagBag from /opt/airflow/dags/example.py
[2026-03-25T13:18:45.591+0000] {processor.py:840} INFO - DAG(s) 'hello_airflow' retrieved from /opt/airflow/dags/example.py
[2026-03-25T13:18:45.621+0000] {logging_mixin.py:188} INFO - [2026-03-25T13:18:45.621+0000] {dag.py:3096} INFO - Sync 1 DAGs
[2026-03-25T13:18:45.642+0000] {logging_mixin.py:188} INFO - [2026-03-25T13:18:45.642+0000] {dag.py:3954} INFO - Setting next_dagrun for hello_airflow to 2024-03-23 00:00:00+00:00, run_after=2024-03-24 00:00:00+00:00
[2026-03-25T13:18:45.668+0000] {processor.py:183} INFO - Processing /opt/airflow/dags/example.py took 0.109 seconds
[2026-03-25T13:19:16.391+0000] {processor.py:161} INFO - Started process (PID=766) to work on /opt/airflow/dags/example.py
[2026-03-25T13:19:16.392+0000] {processor.py:830} INFO - Processing file /opt/airflow/dags/example.py for tasks to queue
[2026-03-25T13:19:16.395+0000] {logging_mixin.py:188} INFO - [2026-03-25T13:19:16.394+0000] {dagbag.py:545} INFO - Filling up the DagBag from /opt/airflow/dags/example.py
[2026-03-25T13:19:16.415+0000] {processor.py:840} INFO - DAG(s) 'hello_airflow' retrieved from /opt/airflow/dags/example.py
[2026-03-25T13:19:16.445+0000] {logging_mixin.py:188} INFO - [2026-03-25T13:19:16.445+0000] {dag.py:3096} INFO - Sync 1 DAGs
[2026-03-25T13:19:16.466+0000] {logging_mixin.py:188} INFO - [2026-03-25T13:19:16.466+0000] {dag.py:3954} INFO - Setting next_dagrun for hello_airflow to 2024-03-23 00:00:00+00:00, run_after=2024-03-24 00:00:00+00:00
[2026-03-25T13:19:16.492+0000] {processor.py:183} INFO - Processing /opt/airflow/dags/example.py took 0.108 seconds
[2026-03-25T13:19:47.311+0000] {processor.py:161} INFO - Started process (PID=792) to work on /opt/airflow/dags/example.py
[2026-03-25T13:19:47.312+0000] {processor.py:830} INFO - Processing file /opt/airflow/dags/example.py for tasks to queue
[2026-03-25T13:19:47.314+0000] {logging_mixin.py:188} INFO - [2026-03-25T13:19:47.314+0000] {dagbag.py:545} INFO - Filling up the DagBag from /opt/airflow/dags/example.py
[2026-03-25T13:19:47.338+0000] {processor.py:840} INFO - DAG(s) 'hello_airflow' retrieved from /opt/airflow/dags/example.py
[2026-03-25T13:19:47.372+0000] {logging_mixin.py:188} INFO - [2026-03-25T13:19:47.371+0000] {dag.py:3096} INFO - Sync 1 DAGs
[2026-03-25T13:19:47.395+0000] {logging_mixin.py:188} INFO - [2026-03-25T13:19:47.395+0000] {dag.py:3954} INFO - Setting next_dagrun for hello_airflow to 2024-03-23 00:00:00+00:00, run_after=2024-03-24 00:00:00+00:00
[2026-03-25T13:19:47.422+0000] {processor.py:183} INFO - Processing /opt/airflow/dags/example.py took 0.118 seconds
[2026-03-25T13:20:18.093+0000] {processor.py:161} INFO - Started process (PID=818) to work on /opt/airflow/dags/example.py
[2026-03-25T13:20:18.095+0000] {processor.py:830} INFO - Processing file /opt/airflow/dags/example.py for tasks to queue
[2026-03-25T13:20:18.098+0000] {logging_mixin.py:188} INFO - [2026-03-25T13:20:18.097+0000] {dagbag.py:545} INFO - Filling up the DagBag from /opt/airflow/dags/example.py
[2026-03-25T13:20:18.132+0000] {processor.py:840} INFO - DAG(s) 'hello_airflow' retrieved from /opt/airflow/dags/example.py
[2026-03-25T13:20:18.191+0000] {logging_mixin.py:188} INFO - [2026-03-25T13:20:18.191+0000] {dag.py:3096} INFO - Sync 1 DAGs
[2026-03-25T13:20:18.239+0000] {logging_mixin.py:188} INFO - [2026-03-25T13:20:18.238+0000] {dag.py:3954} INFO - Setting next_dagrun for hello_airflow to 2024-03-23 00:00:00+00:00, run_after=2024-03-24 00:00:00+00:00
[2026-03-25T13:20:18.276+0000] {processor.py:183} INFO - Processing /opt/airflow/dags/example.py took 0.189 seconds
[2026-03-25T13:20:49.264+0000] {processor.py:161} INFO - Started process (PID=844) to work on /opt/airflow/dags/example.py
[2026-03-25T13:20:49.265+0000] {processor.py:830} INFO - Processing file /opt/airflow/dags/example.py for tasks to queue
[2026-03-25T13:20:49.267+0000] {logging_mixin.py:188} INFO - [2026-03-25T13:20:49.267+0000] {dagbag.py:545} INFO - Filling up the DagBag from /opt/airflow/dags/example.py
[2026-03-25T13:20:49.289+0000] {processor.py:840} INFO - DAG(s) 'hello_airflow' retrieved from /opt/airflow/dags/example.py
[2026-03-25T13:20:49.323+0000] {logging_mixin.py:188} INFO - [2026-03-25T13:20:49.323+0000] {dag.py:3096} INFO - Sync 1 DAGs
[2026-03-25T13:20:49.349+0000] {logging_mixin.py:188} INFO - [2026-03-25T13:20:49.348+0000] {dag.py:3954} INFO - Setting next_dagrun for hello_airflow to 2024-03-23 00:00:00+00:00, run_after=2024-03-24 00:00:00+00:00
[2026-03-25T13:20:49.384+0000] {processor.py:183} INFO - Processing /opt/airflow/dags/example.py took 0.126 seconds
[2026-03-25T13:21:20.195+0000] {processor.py:161} INFO - Started process (PID=870) to work on /opt/airflow/dags/example.py
[2026-03-25T13:21:20.196+0000] {processor.py:830} INFO - Processing file /opt/airflow/dags/example.py for tasks to queue
[2026-03-25T13:21:20.198+0000] {logging_mixin.py:188} INFO - [2026-03-25T13:21:20.198+0000] {dagbag.py:545} INFO - Filling up the DagBag from /opt/airflow/dags/example.py
[2026-03-25T13:21:20.216+0000] {processor.py:840} INFO - DAG(s) 'hello_airflow' retrieved from /opt/airflow/dags/example.py
[2026-03-25T13:21:20.244+0000] {logging_mixin.py:188} INFO - [2026-03-25T13:21:20.244+0000] {dag.py:3096} INFO - Sync 1 DAGs
[2026-03-25T13:21:20.266+0000] {logging_mixin.py:188} INFO - [2026-03-25T13:21:20.266+0000] {dag.py:3954} INFO - Setting next_dagrun for hello_airflow to 2024-03-23 00:00:00+00:00, run_after=2024-03-24 00:00:00+00:00
[2026-03-25T13:21:20.300+0000] {processor.py:183} INFO - Processing /opt/airflow/dags/example.py took 0.111 seconds
[2026-03-25T13:21:50.937+0000] {processor.py:161} INFO - Started process (PID=896) to work on /opt/airflow/dags/example.py
[2026-03-25T13:21:50.938+0000] {processor.py:830} INFO - Processing file /opt/airflow/dags/example.py for tasks to queue
[2026-03-25T13:21:50.940+0000] {logging_mixin.py:188} INFO - [2026-03-25T13:21:50.940+0000] {dagbag.py:545} INFO - Filling up the DagBag from /opt/airflow/dags/example.py
[2026-03-25T13:21:50.959+0000] {processor.py:840} INFO - DAG(s) 'hello_airflow' retrieved from /opt/airflow/dags/example.py
[2026-03-25T13:21:50.984+0000] {logging_mixin.py:188} INFO - [2026-03-25T13:21:50.984+0000] {dag.py:3096} INFO - Sync 1 DAGs
[2026-03-25T13:21:51.007+0000] {logging_mixin.py:188} INFO - [2026-03-25T13:21:51.006+0000] {dag.py:3954} INFO - Setting next_dagrun for hello_airflow to 2024-03-23 00:00:00+00:00, run_after=2024-03-24 00:00:00+00:00
[2026-03-25T13:21:51.034+0000] {processor.py:183} INFO - Processing /opt/airflow/dags/example.py took 0.104 seconds
[2026-03-25T13:22:21.719+0000] {processor.py:161} INFO - Started process (PID=922) to work on /opt/airflow/dags/example.py
[2026-03-25T13:22:21.721+0000] {processor.py:830} INFO - Processing file /opt/airflow/dags/example.py for tasks to queue
[2026-03-25T13:22:21.724+0000] {logging_mixin.py:188} INFO - [2026-03-25T13:22:21.724+0000] {dagbag.py:545} INFO - Filling up the DagBag from /opt/airflow/dags/example.py
[2026-03-25T13:22:21.746+0000] {processor.py:840} INFO - DAG(s) 'hello_airflow' retrieved from /opt/airflow/dags/example.py
[2026-03-25T13:22:21.776+0000] {logging_mixin.py:188} INFO - [2026-03-25T13:22:21.776+0000] {dag.py:3096} INFO - Sync 1 DAGs
[2026-03-25T13:22:21.797+0000] {logging_mixin.py:188} INFO - [2026-03-25T13:22:21.797+0000] {dag.py:3954} INFO - Setting next_dagrun for hello_airflow to 2024-03-23 00:00:00+00:00, run_after=2024-03-24 00:00:00+00:00
[2026-03-25T13:22:21.818+0000] {processor.py:183} INFO - Processing /opt/airflow/dags/example.py took 0.107 seconds
[2026-03-25T13:22:52.446+0000] {processor.py:161} INFO - Started process (PID=948) to work on /opt/airflow/dags/example.py
[2026-03-25T13:22:52.447+0000] {processor.py:830} INFO - Processing file /opt/airflow/dags/example.py for tasks to queue
[2026-03-25T13:22:52.448+0000] {logging_mixin.py:188} INFO - [2026-03-25T13:22:52.448+0000] {dagbag.py:545} INFO - Filling up the DagBag from /opt/airflow/dags/example.py
[2026-03-25T13:22:52.467+0000] {processor.py:840} INFO - DAG(s) 'hello_airflow' retrieved from /opt/airflow/dags/example.py
[2026-03-25T13:22:52.495+0000] {logging_mixin.py:188} INFO - [2026-03-25T13:22:52.494+0000] {dag.py:3096} INFO - Sync 1 DAGs
[2026-03-25T13:22:52.516+0000] {logging_mixin.py:188} INFO - [2026-03-25T13:22:52.515+0000] {dag.py:3954} INFO - Setting next_dagrun for hello_airflow to 2024-03-23 00:00:00+00:00, run_after=2024-03-24 00:00:00+00:00
[2026-03-25T13:22:52.542+0000] {processor.py:183} INFO - Processing /opt/airflow/dags/example.py took 0.102 seconds
[2026-03-25T13:23:23.271+0000] {processor.py:161} INFO - Started process (PID=974) to work on /opt/airflow/dags/example.py
[2026-03-25T13:23:23.273+0000] {processor.py:830} INFO - Processing file /opt/airflow/dags/example.py for tasks to queue
[2026-03-25T13:23:23.275+0000] {logging_mixin.py:188} INFO - [2026-03-25T13:23:23.275+0000] {dagbag.py:545} INFO - Filling up the DagBag from /opt/airflow/dags/example.py
[2026-03-25T13:23:23.306+0000] {processor.py:840} INFO - DAG(s) 'hello_airflow' retrieved from /opt/airflow/dags/example.py
[2026-03-25T13:23:23.341+0000] {logging_mixin.py:188} INFO - [2026-03-25T13:23:23.341+0000] {dag.py:3096} INFO - Sync 1 DAGs
[2026-03-25T13:23:23.364+0000] {logging_mixin.py:188} INFO - [2026-03-25T13:23:23.364+0000] {dag.py:3954} INFO - Setting next_dagrun for hello_airflow to 2024-03-23 00:00:00+00:00, run_after=2024-03-24 00:00:00+00:00
[2026-03-25T13:23:23.394+0000] {processor.py:183} INFO - Processing /opt/airflow/dags/example.py took 0.133 seconds
[2026-03-25T13:23:54.004+0000] {processor.py:161} INFO - Started process (PID=1000) to work on /opt/airflow/dags/example.py
[2026-03-25T13:23:54.005+0000] {processor.py:830} INFO - Processing file /opt/airflow/dags/example.py for tasks to queue
[2026-03-25T13:23:54.007+0000] {logging_mixin.py:188} INFO - [2026-03-25T13:23:54.006+0000] {dagbag.py:545} INFO - Filling up the DagBag from /opt/airflow/dags/example.py
[2026-03-25T13:23:54.027+0000] {processor.py:840} INFO - DAG(s) 'hello_airflow' retrieved from /opt/airflow/dags/example.py
[2026-03-25T13:23:54.058+0000] {logging_mixin.py:188} INFO - [2026-03-25T13:23:54.058+0000] {dag.py:3096} INFO - Sync 1 DAGs
[2026-03-25T13:23:54.081+0000] {logging_mixin.py:188} INFO - [2026-03-25T13:23:54.080+0000] {dag.py:3954} INFO - Setting next_dagrun for hello_airflow to 2024-03-23 00:00:00+00:00, run_after=2024-03-24 00:00:00+00:00
[2026-03-25T13:23:54.106+0000] {processor.py:183} INFO - Processing /opt/airflow/dags/example.py took 0.108 seconds
[2026-03-25T13:24:24.759+0000] {processor.py:161} INFO - Started process (PID=1026) to work on /opt/airflow/dags/example.py
[2026-03-25T13:24:24.760+0000] {processor.py:830} INFO - Processing file /opt/airflow/dags/example.py for tasks to queue
[2026-03-25T13:24:24.761+0000] {logging_mixin.py:188} INFO - [2026-03-25T13:24:24.761+0000] {dagbag.py:545} INFO - Filling up the DagBag from /opt/airflow/dags/example.py
[2026-03-25T13:24:24.779+0000] {processor.py:840} INFO - DAG(s) 'hello_airflow' retrieved from /opt/airflow/dags/example.py
[2026-03-25T13:24:24.806+0000] {logging_mixin.py:188} INFO - [2026-03-25T13:24:24.805+0000] {dag.py:3096} INFO - Sync 1 DAGs
[2026-03-25T13:24:24.829+0000] {logging_mixin.py:188} INFO - [2026-03-25T13:24:24.829+0000] {dag.py:3954} INFO - Setting next_dagrun for hello_airflow to 2024-03-23 00:00:00+00:00, run_after=2024-03-24 00:00:00+00:00
[2026-03-25T13:24:24.855+0000] {processor.py:183} INFO - Processing /opt/airflow/dags/example.py took 0.102 seconds
[2026-03-25T13:24:55.575+0000] {processor.py:161} INFO - Started process (PID=1052) to work on /opt/airflow/dags/example.py
[2026-03-25T13:24:55.576+0000] {processor.py:830} INFO - Processing file /opt/airflow/dags/example.py for tasks to queue
[2026-03-25T13:24:55.579+0000] {logging_mixin.py:188} INFO - [2026-03-25T13:24:55.578+0000] {dagbag.py:545} INFO - Filling up the DagBag from /opt/airflow/dags/example.py
[2026-03-25T13:24:55.600+0000] {processor.py:840} INFO - DAG(s) 'hello_airflow' retrieved from /opt/airflow/dags/example.py
[2026-03-25T13:24:55.628+0000] {logging_mixin.py:188} INFO - [2026-03-25T13:24:55.627+0000] {dag.py:3096} INFO - Sync 1 DAGs
[2026-03-25T13:24:55.648+0000] {logging_mixin.py:188} INFO - [2026-03-25T13:24:55.647+0000] {dag.py:3954} INFO - Setting next_dagrun for hello_airflow to 2024-03-23 00:00:00+00:00, run_after=2024-03-24 00:00:00+00:00
[2026-03-25T13:24:55.677+0000] {processor.py:183} INFO - Processing /opt/airflow/dags/example.py took 0.108 seconds
[2026-03-25T13:25:26.258+0000] {processor.py:161} INFO - Started process (PID=1078) to work on /opt/airflow/dags/example.py
[2026-03-25T13:25:26.259+0000] {processor.py:830} INFO - Processing file /opt/airflow/dags/example.py for tasks to queue
[2026-03-25T13:25:26.260+0000] {logging_mixin.py:188} INFO - [2026-03-25T13:25:26.260+0000] {dagbag.py:545} INFO - Filling up the DagBag from /opt/airflow/dags/example.py
[2026-03-25T13:25:26.283+0000] {processor.py:840} INFO - DAG(s) 'hello_airflow' retrieved from /opt/airflow/dags/example.py
[2026-03-25T13:25:26.315+0000] {logging_mixin.py:188} INFO - [2026-03-25T13:25:26.315+0000] {dag.py:3096} INFO - Sync 1 DAGs
[2026-03-25T13:25:26.337+0000] {logging_mixin.py:188} INFO - [2026-03-25T13:25:26.337+0000] {dag.py:3954} INFO - Setting next_dagrun for hello_airflow to 2024-03-23 00:00:00+00:00, run_after=2024-03-24 00:00:00+00:00
[2026-03-25T13:25:26.365+0000] {processor.py:183} INFO - Processing /opt/airflow/dags/example.py took 0.114 seconds
[2026-03-25T13:25:57.065+0000] {processor.py:161} INFO - Started process (PID=1104) to work on /opt/airflow/dags/example.py
[2026-03-25T13:25:57.066+0000] {processor.py:830} INFO - Processing file /opt/airflow/dags/example.py for tasks to queue
[2026-03-25T13:25:57.068+0000] {logging_mixin.py:188} INFO - [2026-03-25T13:25:57.068+0000] {dagbag.py:545} INFO - Filling up the DagBag from /opt/airflow/dags/example.py
[2026-03-25T13:25:57.094+0000] {processor.py:840} INFO - DAG(s) 'hello_airflow' retrieved from /opt/airflow/dags/example.py
[2026-03-25T13:25:57.123+0000] {logging_mixin.py:188} INFO - [2026-03-25T13:25:57.122+0000] {dag.py:3096} INFO - Sync 1 DAGs
[2026-03-25T13:25:57.145+0000] {logging_mixin.py:188} INFO - [2026-03-25T13:25:57.144+0000] {dag.py:3954} INFO - Setting next_dagrun for hello_airflow to 2024-03-23 00:00:00+00:00, run_after=2024-03-24 00:00:00+00:00
[2026-03-25T13:25:57.171+0000] {processor.py:183} INFO - Processing /opt/airflow/dags/example.py took 0.111 seconds
[2026-03-25T13:26:27.858+0000] {processor.py:161} INFO - Started process (PID=1136) to work on /opt/airflow/dags/example.py
[2026-03-25T13:26:27.859+0000] {processor.py:830} INFO - Processing file /opt/airflow/dags/example.py for tasks to queue
[2026-03-25T13:26:27.861+0000] {logging_mixin.py:188} INFO - [2026-03-25T13:26:27.861+0000] {dagbag.py:545} INFO - Filling up the DagBag from /opt/airflow/dags/example.py
[2026-03-25T13:26:27.881+0000] {processor.py:840} INFO - DAG(s) 'hello_airflow' retrieved from /opt/airflow/dags/example.py
[2026-03-25T13:26:27.910+0000] {logging_mixin.py:188} INFO - [2026-03-25T13:26:27.909+0000] {dag.py:3096} INFO - Sync 1 DAGs
[2026-03-25T13:26:27.929+0000] {logging_mixin.py:188} INFO - [2026-03-25T13:26:27.929+0000] {dag.py:3954} INFO - Setting next_dagrun for hello_airflow to 2024-03-23 00:00:00+00:00, run_after=2024-03-24 00:00:00+00:00
[2026-03-25T13:26:27.956+0000] {processor.py:183} INFO - Processing /opt/airflow/dags/example.py took 0.104 seconds
[2026-03-25T13:26:58.607+0000] {processor.py:161} INFO - Started process (PID=1162) to work on /opt/airflow/dags/example.py
[2026-03-25T13:26:58.608+0000] {processor.py:830} INFO - Processing file /opt/airflow/dags/example.py for tasks to queue
[2026-03-25T13:26:58.610+0000] {logging_mixin.py:188} INFO - [2026-03-25T13:26:58.610+0000] {dagbag.py:545} INFO - Filling up the DagBag from /opt/airflow/dags/example.py
[2026-03-25T13:26:58.631+0000] {processor.py:840} INFO - DAG(s) 'hello_airflow' retrieved from /opt/airflow/dags/example.py
[2026-03-25T13:26:58.660+0000] {logging_mixin.py:188} INFO - [2026-03-25T13:26:58.660+0000] {dag.py:3096} INFO - Sync 1 DAGs
[2026-03-25T13:26:58.680+0000] {logging_mixin.py:188} INFO - [2026-03-25T13:26:58.680+0000] {dag.py:3954} INFO - Setting next_dagrun for hello_airflow to 2024-03-23 00:00:00+00:00, run_after=2024-03-24 00:00:00+00:00
[2026-03-25T13:26:58.705+0000] {processor.py:183} INFO - Processing /opt/airflow/dags/example.py took 0.104 seconds
[2026-03-25T13:27:29.410+0000] {processor.py:161} INFO - Started process (PID=1188) to work on /opt/airflow/dags/example.py
[2026-03-25T13:27:29.411+0000] {processor.py:830} INFO - Processing file /opt/airflow/dags/example.py for tasks to queue
[2026-03-25T13:27:29.413+0000] {logging_mixin.py:188} INFO - [2026-03-25T13:27:29.413+0000] {dagbag.py:545} INFO - Filling up the DagBag from /opt/airflow/dags/example.py
[2026-03-25T13:27:29.434+0000] {processor.py:840} INFO - DAG(s) 'hello_airflow' retrieved from /opt/airflow/dags/example.py
[2026-03-25T13:27:29.463+0000] {logging_mixin.py:188} INFO - [2026-03-25T13:27:29.463+0000] {dag.py:3096} INFO - Sync 1 DAGs
[2026-03-25T13:27:29.484+0000] {logging_mixin.py:188} INFO - [2026-03-25T13:27:29.483+0000] {dag.py:3954} INFO - Setting next_dagrun for hello_airflow to 2024-03-23 00:00:00+00:00, run_after=2024-03-24 00:00:00+00:00
[2026-03-25T13:27:29.508+0000] {processor.py:183} INFO - Processing /opt/airflow/dags/example.py took 0.104 seconds
[2026-03-25T13:28:00.371+0000] {processor.py:161} INFO - Started process (PID=1214) to work on /opt/airflow/dags/example.py
[2026-03-25T13:28:00.373+0000] {processor.py:830} INFO - Processing file /opt/airflow/dags/example.py for tasks to queue
[2026-03-25T13:28:00.375+0000] {logging_mixin.py:188} INFO - [2026-03-25T13:28:00.375+0000] {dagbag.py:545} INFO - Filling up the DagBag from /opt/airflow/dags/example.py
[2026-03-25T13:28:00.396+0000] {processor.py:840} INFO - DAG(s) 'hello_airflow' retrieved from /opt/airflow/dags/example.py
[2026-03-25T13:28:00.428+0000] {logging_mixin.py:188} INFO - [2026-03-25T13:28:00.428+0000] {dag.py:3096} INFO - Sync 1 DAGs
[2026-03-25T13:28:00.449+0000] {logging_mixin.py:188} INFO - [2026-03-25T13:28:00.448+0000] {dag.py:3954} INFO - Setting next_dagrun for hello_airflow to 2024-03-23 00:00:00+00:00, run_after=2024-03-24 00:00:00+00:00
[2026-03-25T13:28:00.475+0000] {processor.py:183} INFO - Processing /opt/airflow/dags/example.py took 0.111 seconds
[2026-03-25T13:28:31.119+0000] {processor.py:161} INFO - Started process (PID=1240) to work on /opt/airflow/dags/example.py
[2026-03-25T13:28:31.120+0000] {processor.py:830} INFO - Processing file /opt/airflow/dags/example.py for tasks to queue
[2026-03-25T13:28:31.123+0000] {logging_mixin.py:188} INFO - [2026-03-25T13:28:31.122+0000] {dagbag.py:545} INFO - Filling up the DagBag from /opt/airflow/dags/example.py
[2026-03-25T13:28:31.150+0000] {processor.py:840} INFO - DAG(s) 'hello_airflow' retrieved from /opt/airflow/dags/example.py
[2026-03-25T13:28:31.183+0000] {logging_mixin.py:188} INFO - [2026-03-25T13:28:31.183+0000] {dag.py:3096} INFO - Sync 1 DAGs
[2026-03-25T13:28:31.208+0000] {logging_mixin.py:188} INFO - [2026-03-25T13:28:31.207+0000] {dag.py:3954} INFO - Setting next_dagrun for hello_airflow to 2024-03-23 00:00:00+00:00, run_after=2024-03-24 00:00:00+00:00
[2026-03-25T13:28:31.235+0000] {processor.py:183} INFO - Processing /opt/airflow/dags/example.py took 0.124 seconds
[2026-03-25T13:29:01.961+0000] {processor.py:161} INFO - Started process (PID=1266) to work on /opt/airflow/dags/example.py
[2026-03-25T13:29:01.962+0000] {processor.py:830} INFO - Processing file /opt/airflow/dags/example.py for tasks to queue
[2026-03-25T13:29:01.965+0000] {logging_mixin.py:188} INFO - [2026-03-25T13:29:01.965+0000] {dagbag.py:545} INFO - Filling up the DagBag from /opt/airflow/dags/example.py
[2026-03-25T13:29:01.995+0000] {processor.py:840} INFO - DAG(s) 'hello_airflow' retrieved from /opt/airflow/dags/example.py
[2026-03-25T13:29:02.030+0000] {logging_mixin.py:188} INFO - [2026-03-25T13:29:02.030+0000] {dag.py:3096} INFO - Sync 1 DAGs
[2026-03-25T13:29:02.052+0000] {logging_mixin.py:188} INFO - [2026-03-25T13:29:02.052+0000] {dag.py:3954} INFO - Setting next_dagrun for hello_airflow to 2024-03-23 00:00:00+00:00, run_after=2024-03-24 00:00:00+00:00
[2026-03-25T13:29:02.078+0000] {processor.py:183} INFO - Processing /opt/airflow/dags/example.py took 0.126 seconds
[2026-03-25T13:29:32.816+0000] {processor.py:161} INFO - Started process (PID=1292) to work on /opt/airflow/dags/example.py
[2026-03-25T13:29:32.817+0000] {processor.py:830} INFO - Processing file /opt/airflow/dags/example.py for tasks to queue
[2026-03-25T13:29:32.820+0000] {logging_mixin.py:188} INFO - [2026-03-25T13:29:32.820+0000] {dagbag.py:545} INFO - Filling up the DagBag from /opt/airflow/dags/example.py
[2026-03-25T13:29:32.844+0000] {processor.py:840} INFO - DAG(s) 'hello_airflow' retrieved from /opt/airflow/dags/example.py
[2026-03-25T13:29:32.875+0000] {logging_mixin.py:188} INFO - [2026-03-25T13:29:32.875+0000] {dag.py:3096} INFO - Sync 1 DAGs
[2026-03-25T13:29:32.896+0000] {logging_mixin.py:188} INFO - [2026-03-25T13:29:32.896+0000] {dag.py:3954} INFO - Setting next_dagrun for hello_airflow to 2024-03-23 00:00:00+00:00, run_after=2024-03-24 00:00:00+00:00
[2026-03-25T13:29:32.927+0000] {processor.py:183} INFO - Processing /opt/airflow/dags/example.py took 0.119 seconds
[2026-03-25T13:30:03.708+0000] {processor.py:161} INFO - Started process (PID=1318) to work on /opt/airflow/dags/example.py
[2026-03-25T13:30:03.709+0000] {processor.py:830} INFO - Processing file /opt/airflow/dags/example.py for tasks to queue
[2026-03-25T13:30:03.712+0000] {logging_mixin.py:188} INFO - [2026-03-25T13:30:03.711+0000] {dagbag.py:545} INFO - Filling up the DagBag from /opt/airflow/dags/example.py
[2026-03-25T13:30:03.735+0000] {processor.py:840} INFO - DAG(s) 'hello_airflow' retrieved from /opt/airflow/dags/example.py
[2026-03-25T13:30:03.769+0000] {logging_mixin.py:188} INFO - [2026-03-25T13:30:03.769+0000] {dag.py:3096} INFO - Sync 1 DAGs
[2026-03-25T13:30:03.792+0000] {logging_mixin.py:188} INFO - [2026-03-25T13:30:03.792+0000] {dag.py:3954} INFO - Setting next_dagrun for hello_airflow to 2024-03-23 00:00:00+00:00, run_after=2024-03-24 00:00:00+00:00
[2026-03-25T13:30:03.815+0000] {processor.py:183} INFO - Processing /opt/airflow/dags/example.py took 0.114 seconds
[2026-03-25T13:30:34.537+0000] {processor.py:161} INFO - Started process (PID=1344) to work on /opt/airflow/dags/example.py
[2026-03-25T13:30:34.538+0000] {processor.py:830} INFO - Processing file /opt/airflow/dags/example.py for tasks to queue
[2026-03-25T13:30:34.540+0000] {logging_mixin.py:188} INFO - [2026-03-25T13:30:34.540+0000] {dagbag.py:545} INFO - Filling up the DagBag from /opt/airflow/dags/example.py
[2026-03-25T13:30:34.561+0000] {processor.py:840} INFO - DAG(s) 'hello_airflow' retrieved from /opt/airflow/dags/example.py
[2026-03-25T13:30:34.591+0000] {logging_mixin.py:188} INFO - [2026-03-25T13:30:34.591+0000] {dag.py:3096} INFO - Sync 1 DAGs
[2026-03-25T13:30:34.612+0000] {logging_mixin.py:188} INFO - [2026-03-25T13:30:34.612+0000] {dag.py:3954} INFO - Setting next_dagrun for hello_airflow to 2024-03-23 00:00:00+00:00, run_after=2024-03-24 00:00:00+00:00
[2026-03-25T13:30:34.637+0000] {processor.py:183} INFO - Processing /opt/airflow/dags/example.py took 0.107 seconds
[2026-03-25T13:31:05.298+0000] {processor.py:161} INFO - Started process (PID=1371) to work on /opt/airflow/dags/example.py
[2026-03-25T13:31:05.299+0000] {processor.py:830} INFO - Processing file /opt/airflow/dags/example.py for tasks to queue
[2026-03-25T13:31:05.302+0000] {logging_mixin.py:188} INFO - [2026-03-25T13:31:05.301+0000] {dagbag.py:545} INFO - Filling up the DagBag from /opt/airflow/dags/example.py
[2026-03-25T13:31:05.323+0000] {processor.py:840} INFO - DAG(s) 'hello_airflow' retrieved from /opt/airflow/dags/example.py
[2026-03-25T13:31:05.353+0000] {logging_mixin.py:188} INFO - [2026-03-25T13:31:05.353+0000] {dag.py:3096} INFO - Sync 1 DAGs
[2026-03-25T13:31:05.373+0000] {logging_mixin.py:188} INFO - [2026-03-25T13:31:05.373+0000] {dag.py:3954} INFO - Setting next_dagrun for hello_airflow to 2024-03-23 00:00:00+00:00, run_after=2024-03-24 00:00:00+00:00
[2026-03-25T13:31:05.399+0000] {processor.py:183} INFO - Processing /opt/airflow/dags/example.py took 0.108 seconds
[2026-03-25T13:31:36.071+0000] {processor.py:161} INFO - Started process (PID=1397) to work on /opt/airflow/dags/example.py
[2026-03-25T13:31:36.072+0000] {processor.py:830} INFO - Processing file /opt/airflow/dags/example.py for tasks to queue
[2026-03-25T13:31:36.076+0000] {logging_mixin.py:188} INFO - [2026-03-25T13:31:36.076+0000] {dagbag.py:545} INFO - Filling up the DagBag from /opt/airflow/dags/example.py
[2026-03-25T13:31:36.100+0000] {processor.py:840} INFO - DAG(s) 'hello_airflow' retrieved from /opt/airflow/dags/example.py
[2026-03-25T13:31:36.131+0000] {logging_mixin.py:188} INFO - [2026-03-25T13:31:36.131+0000] {dag.py:3096} INFO - Sync 1 DAGs
[2026-03-25T13:31:36.155+0000] {logging_mixin.py:188} INFO - [2026-03-25T13:31:36.155+0000] {dag.py:3954} INFO - Setting next_dagrun for hello_airflow to 2024-03-23 00:00:00+00:00, run_after=2024-03-24 00:00:00+00:00
[2026-03-25T13:31:36.180+0000] {processor.py:183} INFO - Processing /opt/airflow/dags/example.py took 0.119 seconds
[2026-03-25T13:32:06.979+0000] {processor.py:161} INFO - Started process (PID=1423) to work on /opt/airflow/dags/example.py
[2026-03-25T13:32:06.980+0000] {processor.py:830} INFO - Processing file /opt/airflow/dags/example.py for tasks to queue
[2026-03-25T13:32:06.983+0000] {logging_mixin.py:188} INFO - [2026-03-25T13:32:06.982+0000] {dagbag.py:545} INFO - Filling up the DagBag from /opt/airflow/dags/example.py
[2026-03-25T13:32:07.003+0000] {processor.py:840} INFO - DAG(s) 'hello_airflow' retrieved from /opt/airflow/dags/example.py
[2026-03-25T13:32:07.033+0000] {logging_mixin.py:188} INFO - [2026-03-25T13:32:07.033+0000] {dag.py:3096} INFO - Sync 1 DAGs
[2026-03-25T13:32:07.054+0000] {logging_mixin.py:188} INFO - [2026-03-25T13:32:07.053+0000] {dag.py:3954} INFO - Setting next_dagrun for hello_airflow to 2024-03-23 00:00:00+00:00, run_after=2024-03-24 00:00:00+00:00
[2026-03-25T13:32:07.080+0000] {processor.py:183} INFO - Processing /opt/airflow/dags/example.py took 0.108 seconds
[2026-03-25T13:32:37.770+0000] {processor.py:161} INFO - Started process (PID=1450) to work on /opt/airflow/dags/example.py
[2026-03-25T13:32:37.772+0000] {processor.py:830} INFO - Processing file /opt/airflow/dags/example.py for tasks to queue
[2026-03-25T13:32:37.774+0000] {logging_mixin.py:188} INFO - [2026-03-25T13:32:37.774+0000] {dagbag.py:545} INFO - Filling up the DagBag from /opt/airflow/dags/example.py
[2026-03-25T13:32:37.796+0000] {processor.py:840} INFO - DAG(s) 'hello_airflow' retrieved from /opt/airflow/dags/example.py
[2026-03-25T13:32:37.826+0000] {logging_mixin.py:188} INFO - [2026-03-25T13:32:37.826+0000] {dag.py:3096} INFO - Sync 1 DAGs
[2026-03-25T13:32:37.848+0000] {logging_mixin.py:188} INFO - [2026-03-25T13:32:37.848+0000] {dag.py:3954} INFO - Setting next_dagrun for hello_airflow to 2024-03-23 00:00:00+00:00, run_after=2024-03-24 00:00:00+00:00
[2026-03-25T13:32:37.872+0000] {processor.py:183} INFO - Processing /opt/airflow/dags/example.py took 0.110 seconds
[2026-03-25T13:33:08.662+0000] {processor.py:161} INFO - Started process (PID=1476) to work on /opt/airflow/dags/example.py
[2026-03-25T13:33:08.663+0000] {processor.py:830} INFO - Processing file /opt/airflow/dags/example.py for tasks to queue
[2026-03-25T13:33:08.669+0000] {logging_mixin.py:188} INFO - [2026-03-25T13:33:08.668+0000] {dagbag.py:545} INFO - Filling up the DagBag from /opt/airflow/dags/example.py
[2026-03-25T13:33:08.694+0000] {processor.py:840} INFO - DAG(s) 'hello_airflow' retrieved from /opt/airflow/dags/example.py
[2026-03-25T13:33:08.724+0000] {logging_mixin.py:188} INFO - [2026-03-25T13:33:08.723+0000] {dag.py:3096} INFO - Sync 1 DAGs
[2026-03-25T13:33:08.744+0000] {logging_mixin.py:188} INFO - [2026-03-25T13:33:08.744+0000] {dag.py:3954} INFO - Setting next_dagrun for hello_airflow to 2024-03-23 00:00:00+00:00, run_after=2024-03-24 00:00:00+00:00
[2026-03-25T13:33:08.770+0000] {processor.py:183} INFO - Processing /opt/airflow/dags/example.py took 0.116 seconds
[2026-03-25T13:33:39.454+0000] {processor.py:161} INFO - Started process (PID=1502) to work on /opt/airflow/dags/example.py
[2026-03-25T13:33:39.455+0000] {processor.py:830} INFO - Processing file /opt/airflow/dags/example.py for tasks to queue
[2026-03-25T13:33:39.457+0000] {logging_mixin.py:188} INFO - [2026-03-25T13:33:39.456+0000] {dagbag.py:545} INFO - Filling up the DagBag from /opt/airflow/dags/example.py
[2026-03-25T13:33:39.476+0000] {processor.py:840} INFO - DAG(s) 'hello_airflow' retrieved from /opt/airflow/dags/example.py
[2026-03-25T13:33:39.510+0000] {logging_mixin.py:188} INFO - [2026-03-25T13:33:39.509+0000] {dag.py:3096} INFO - Sync 1 DAGs
[2026-03-25T13:33:39.534+0000] {logging_mixin.py:188} INFO - [2026-03-25T13:33:39.534+0000] {dag.py:3954} INFO - Setting next_dagrun for hello_airflow to 2024-03-23 00:00:00+00:00, run_after=2024-03-24 00:00:00+00:00
[2026-03-25T13:33:39.558+0000] {processor.py:183} INFO - Processing /opt/airflow/dags/example.py took 0.111 seconds
[2026-03-25T13:34:10.155+0000] {processor.py:161} INFO - Started process (PID=1528) to work on /opt/airflow/dags/example.py
[2026-03-25T13:34:10.156+0000] {processor.py:830} INFO - Processing file /opt/airflow/dags/example.py for tasks to queue
[2026-03-25T13:34:10.158+0000] {logging_mixin.py:188} INFO - [2026-03-25T13:34:10.158+0000] {dagbag.py:545} INFO - Filling up the DagBag from /opt/airflow/dags/example.py
[2026-03-25T13:34:10.181+0000] {processor.py:840} INFO - DAG(s) 'hello_airflow' retrieved from /opt/airflow/dags/example.py
[2026-03-25T13:34:10.211+0000] {logging_mixin.py:188} INFO - [2026-03-25T13:34:10.211+0000] {dag.py:3096} INFO - Sync 1 DAGs
[2026-03-25T13:34:10.235+0000] {logging_mixin.py:188} INFO - [2026-03-25T13:34:10.235+0000] {dag.py:3954} INFO - Setting next_dagrun for hello_airflow to 2024-03-23 00:00:00+00:00, run_after=2024-03-24 00:00:00+00:00
[2026-03-25T13:34:10.259+0000] {processor.py:183} INFO - Processing /opt/airflow/dags/example.py took 0.111 seconds
[2026-03-25T13:34:40.978+0000] {processor.py:161} INFO - Started process (PID=1555) to work on /opt/airflow/dags/example.py
[2026-03-25T13:34:40.979+0000] {processor.py:830} INFO - Processing file /opt/airflow/dags/example.py for tasks to queue
[2026-03-25T13:34:40.981+0000] {logging_mixin.py:188} INFO - [2026-03-25T13:34:40.980+0000] {dagbag.py:545} INFO - Filling up the DagBag from /opt/airflow/dags/example.py
[2026-03-25T13:34:40.998+0000] {processor.py:840} INFO - DAG(s) 'hello_airflow' retrieved from /opt/airflow/dags/example.py
[2026-03-25T13:34:41.024+0000] {logging_mixin.py:188} INFO - [2026-03-25T13:34:41.024+0000] {dag.py:3096} INFO - Sync 1 DAGs
[2026-03-25T13:34:41.046+0000] {logging_mixin.py:188} INFO - [2026-03-25T13:34:41.045+0000] {dag.py:3954} INFO - Setting next_dagrun for hello_airflow to 2024-03-23 00:00:00+00:00, run_after=2024-03-24 00:00:00+00:00
[2026-03-25T13:34:41.072+0000] {processor.py:183} INFO - Processing /opt/airflow/dags/example.py took 0.100 seconds
[2026-03-25T13:35:11.773+0000] {processor.py:161} INFO - Started process (PID=1581) to work on /opt/airflow/dags/example.py
[2026-03-25T13:35:11.774+0000] {processor.py:830} INFO - Processing file /opt/airflow/dags/example.py for tasks to queue
[2026-03-25T13:35:11.776+0000] {logging_mixin.py:188} INFO - [2026-03-25T13:35:11.776+0000] {dagbag.py:545} INFO - Filling up the DagBag from /opt/airflow/dags/example.py
[2026-03-25T13:35:11.795+0000] {processor.py:840} INFO - DAG(s) 'hello_airflow' retrieved from /opt/airflow/dags/example.py
[2026-03-25T13:35:11.823+0000] {logging_mixin.py:188} INFO - [2026-03-25T13:35:11.822+0000] {dag.py:3096} INFO - Sync 1 DAGs
[2026-03-25T13:35:11.843+0000] {logging_mixin.py:188} INFO - [2026-03-25T13:35:11.843+0000] {dag.py:3954} INFO - Setting next_dagrun for hello_airflow to 2024-03-23 00:00:00+00:00, run_after=2024-03-24 00:00:00+00:00
[2026-03-25T13:35:11.871+0000] {processor.py:183} INFO - Processing /opt/airflow/dags/example.py took 0.104 seconds
[2026-03-25T13:35:42.611+0000] {processor.py:161} INFO - Started process (PID=1607) to work on /opt/airflow/dags/example.py
[2026-03-25T13:35:42.612+0000] {processor.py:830} INFO - Processing file /opt/airflow/dags/example.py for tasks to queue
[2026-03-25T13:35:42.615+0000] {logging_mixin.py:188} INFO - [2026-03-25T13:35:42.615+0000] {dagbag.py:545} INFO - Filling up the DagBag from /opt/airflow/dags/example.py
[2026-03-25T13:35:42.641+0000] {processor.py:840} INFO - DAG(s) 'hello_airflow' retrieved from /opt/airflow/dags/example.py
[2026-03-25T13:35:42.673+0000] {logging_mixin.py:188} INFO - [2026-03-25T13:35:42.673+0000] {dag.py:3096} INFO - Sync 1 DAGs
[2026-03-25T13:35:42.696+0000] {logging_mixin.py:188} INFO - [2026-03-25T13:35:42.696+0000] {dag.py:3954} INFO - Setting next_dagrun for hello_airflow to 2024-03-23 00:00:00+00:00, run_after=2024-03-24 00:00:00+00:00
[2026-03-25T13:35:42.720+0000] {processor.py:183} INFO - Processing /opt/airflow/dags/example.py took 0.116 seconds
[2026-03-25T13:36:13.315+0000] {processor.py:161} INFO - Started process (PID=1633) to work on /opt/airflow/dags/example.py
[2026-03-25T13:36:13.316+0000] {processor.py:830} INFO - Processing file /opt/airflow/dags/example.py for tasks to queue
[2026-03-25T13:36:13.319+0000] {logging_mixin.py:188} INFO - [2026-03-25T13:36:13.318+0000] {dagbag.py:545} INFO - Filling up the DagBag from /opt/airflow/dags/example.py
[2026-03-25T13:36:13.339+0000] {processor.py:840} INFO - DAG(s) 'hello_airflow' retrieved from /opt/airflow/dags/example.py
[2026-03-25T13:36:13.369+0000] {logging_mixin.py:188} INFO - [2026-03-25T13:36:13.369+0000] {dag.py:3096} INFO - Sync 1 DAGs
[2026-03-25T13:36:13.390+0000] {logging_mixin.py:188} INFO - [2026-03-25T13:36:13.390+0000] {dag.py:3954} INFO - Setting next_dagrun for hello_airflow to 2024-03-23 00:00:00+00:00, run_after=2024-03-24 00:00:00+00:00
[2026-03-25T13:36:13.416+0000] {processor.py:183} INFO - Processing /opt/airflow/dags/example.py took 0.108 seconds
[2026-03-25T13:36:44.177+0000] {processor.py:161} INFO - Started process (PID=1659) to work on /opt/airflow/dags/example.py
[2026-03-25T13:36:44.178+0000] {processor.py:830} INFO - Processing file /opt/airflow/dags/example.py for tasks to queue
[2026-03-25T13:36:44.180+0000] {logging_mixin.py:188} INFO - [2026-03-25T13:36:44.180+0000] {dagbag.py:545} INFO - Filling up the DagBag from /opt/airflow/dags/example.py
[2026-03-25T13:36:44.202+0000] {processor.py:840} INFO - DAG(s) 'hello_airflow' retrieved from /opt/airflow/dags/example.py
[2026-03-25T13:36:44.232+0000] {logging_mixin.py:188} INFO - [2026-03-25T13:36:44.232+0000] {dag.py:3096} INFO - Sync 1 DAGs
[2026-03-25T13:36:44.253+0000] {logging_mixin.py:188} INFO - [2026-03-25T13:36:44.253+0000] {dag.py:3954} INFO - Setting next_dagrun for hello_airflow to 2024-03-23 00:00:00+00:00, run_after=2024-03-24 00:00:00+00:00
[2026-03-25T13:36:44.278+0000] {processor.py:183} INFO - Processing /opt/airflow/dags/example.py took 0.109 seconds
[2026-03-25T13:37:15.023+0000] {processor.py:161} INFO - Started process (PID=1685) to work on /opt/airflow/dags/example.py
[2026-03-25T13:37:15.026+0000] {processor.py:830} INFO - Processing file /opt/airflow/dags/example.py for tasks to queue
[2026-03-25T13:37:15.033+0000] {logging_mixin.py:188} INFO - [2026-03-25T13:37:15.033+0000] {dagbag.py:545} INFO - Filling up the DagBag from /opt/airflow/dags/example.py
[2026-03-25T13:37:15.110+0000] {processor.py:840} INFO - DAG(s) 'hello_airflow' retrieved from /opt/airflow/dags/example.py
[2026-03-25T13:37:15.172+0000] {logging_mixin.py:188} INFO - [2026-03-25T13:37:15.171+0000] {dag.py:3096} INFO - Sync 1 DAGs
[2026-03-25T13:37:15.201+0000] {logging_mixin.py:188} INFO - [2026-03-25T13:37:15.201+0000] {dag.py:3954} INFO - Setting next_dagrun for hello_airflow to 2024-03-23 00:00:00+00:00, run_after=2024-03-24 00:00:00+00:00
[2026-03-25T13:37:15.237+0000] {processor.py:183} INFO - Processing /opt/airflow/dags/example.py took 0.235 seconds
[2026-03-25T13:37:45.916+0000] {processor.py:161} INFO - Started process (PID=1711) to work on /opt/airflow/dags/example.py
[2026-03-25T13:37:45.917+0000] {processor.py:830} INFO - Processing file /opt/airflow/dags/example.py for tasks to queue
[2026-03-25T13:37:45.920+0000] {logging_mixin.py:188} INFO - [2026-03-25T13:37:45.919+0000] {dagbag.py:545} INFO - Filling up the DagBag from /opt/airflow/dags/example.py
[2026-03-25T13:37:45.945+0000] {processor.py:840} INFO - DAG(s) 'hello_airflow' retrieved from /opt/airflow/dags/example.py
[2026-03-25T13:37:45.980+0000] {logging_mixin.py:188} INFO - [2026-03-25T13:37:45.980+0000] {dag.py:3096} INFO - Sync 1 DAGs
[2026-03-25T13:37:46.005+0000] {logging_mixin.py:188} INFO - [2026-03-25T13:37:46.005+0000] {dag.py:3954} INFO - Setting next_dagrun for hello_airflow to 2024-03-23 00:00:00+00:00, run_after=2024-03-24 00:00:00+00:00
[2026-03-25T13:37:46.031+0000] {processor.py:183} INFO - Processing /opt/airflow/dags/example.py took 0.124 seconds
[2026-03-25T13:38:16.879+0000] {processor.py:161} INFO - Started process (PID=1737) to work on /opt/airflow/dags/example.py
[2026-03-25T13:38:16.882+0000] {processor.py:830} INFO - Processing file /opt/airflow/dags/example.py for tasks to queue
[2026-03-25T13:38:16.884+0000] {logging_mixin.py:188} INFO - [2026-03-25T13:38:16.884+0000] {dagbag.py:545} INFO - Filling up the DagBag from /opt/airflow/dags/example.py
[2026-03-25T13:38:16.905+0000] {processor.py:840} INFO - DAG(s) 'hello_airflow' retrieved from /opt/airflow/dags/example.py
[2026-03-25T13:38:16.935+0000] {logging_mixin.py:188} INFO - [2026-03-25T13:38:16.935+0000] {dag.py:3096} INFO - Sync 1 DAGs
[2026-03-25T13:38:16.956+0000] {logging_mixin.py:188} INFO - [2026-03-25T13:38:16.956+0000] {dag.py:3954} INFO - Setting next_dagrun for hello_airflow to 2024-03-23 00:00:00+00:00, run_after=2024-03-24 00:00:00+00:00
[2026-03-25T13:38:16.988+0000] {processor.py:183} INFO - Processing /opt/airflow/dags/example.py took 0.117 seconds
[2026-03-25T13:38:47.733+0000] {processor.py:161} INFO - Started process (PID=1763) to work on /opt/airflow/dags/example.py
[2026-03-25T13:38:47.734+0000] {processor.py:830} INFO - Processing file /opt/airflow/dags/example.py for tasks to queue
[2026-03-25T13:38:47.736+0000] {logging_mixin.py:188} INFO - [2026-03-25T13:38:47.736+0000] {dagbag.py:545} INFO - Filling up the DagBag from /opt/airflow/dags/example.py
[2026-03-25T13:38:47.755+0000] {processor.py:840} INFO - DAG(s) 'hello_airflow' retrieved from /opt/airflow/dags/example.py
[2026-03-25T13:38:47.786+0000] {logging_mixin.py:188} INFO - [2026-03-25T13:38:47.786+0000] {dag.py:3096} INFO - Sync 1 DAGs
[2026-03-25T13:38:47.807+0000] {logging_mixin.py:188} INFO - [2026-03-25T13:38:47.807+0000] {dag.py:3954} INFO - Setting next_dagrun for hello_airflow to 2024-03-23 00:00:00+00:00, run_after=2024-03-24 00:00:00+00:00
[2026-03-25T13:38:47.832+0000] {processor.py:183} INFO - Processing /opt/airflow/dags/example.py took 0.105 seconds
[2026-03-25T13:39:18.605+0000] {processor.py:161} INFO - Started process (PID=1789) to work on /opt/airflow/dags/example.py
[2026-03-25T13:39:18.606+0000] {processor.py:830} INFO - Processing file /opt/airflow/dags/example.py for tasks to queue
[2026-03-25T13:39:18.609+0000] {logging_mixin.py:188} INFO - [2026-03-25T13:39:18.608+0000] {dagbag.py:545} INFO - Filling up the DagBag from /opt/airflow/dags/example.py
[2026-03-25T13:39:18.631+0000] {processor.py:840} INFO - DAG(s) 'hello_airflow' retrieved from /opt/airflow/dags/example.py
[2026-03-25T13:39:18.661+0000] {logging_mixin.py:188} INFO - [2026-03-25T13:39:18.661+0000] {dag.py:3096} INFO - Sync 1 DAGs
[2026-03-25T13:39:18.681+0000] {logging_mixin.py:188} INFO - [2026-03-25T13:39:18.681+0000] {dag.py:3954} INFO - Setting next_dagrun for hello_airflow to 2024-03-23 00:00:00+00:00, run_after=2024-03-24 00:00:00+00:00
[2026-03-25T13:39:18.710+0000] {processor.py:183} INFO - Processing /opt/airflow/dags/example.py took 0.113 seconds
[2026-03-25T13:39:49.456+0000] {processor.py:161} INFO - Started process (PID=1815) to work on /opt/airflow/dags/example.py
[2026-03-25T13:39:49.458+0000] {processor.py:830} INFO - Processing file /opt/airflow/dags/example.py for tasks to queue
[2026-03-25T13:39:49.460+0000] {logging_mixin.py:188} INFO - [2026-03-25T13:39:49.460+0000] {dagbag.py:545} INFO - Filling up the DagBag from /opt/airflow/dags/example.py
[2026-03-25T13:39:49.479+0000] {processor.py:840} INFO - DAG(s) 'hello_airflow' retrieved from /opt/airflow/dags/example.py
[2026-03-25T13:39:49.510+0000] {logging_mixin.py:188} INFO - [2026-03-25T13:39:49.509+0000] {dag.py:3096} INFO - Sync 1 DAGs
[2026-03-25T13:39:49.530+0000] {logging_mixin.py:188} INFO - [2026-03-25T13:39:49.530+0000] {dag.py:3954} INFO - Setting next_dagrun for hello_airflow to 2024-03-23 00:00:00+00:00, run_after=2024-03-24 00:00:00+00:00
[2026-03-25T13:39:49.556+0000] {processor.py:183} INFO - Processing /opt/airflow/dags/example.py took 0.108 seconds
[2026-03-25T13:40:20.368+0000] {processor.py:161} INFO - Started process (PID=1841) to work on /opt/airflow/dags/example.py
[2026-03-25T13:40:20.370+0000] {processor.py:830} INFO - Processing file /opt/airflow/dags/example.py for tasks to queue
[2026-03-25T13:40:20.374+0000] {logging_mixin.py:188} INFO - [2026-03-25T13:40:20.373+0000] {dagbag.py:545} INFO - Filling up the DagBag from /opt/airflow/dags/example.py
[2026-03-25T13:40:20.415+0000] {processor.py:840} INFO - DAG(s) 'hello_airflow' retrieved from /opt/airflow/dags/example.py
[2026-03-25T13:40:20.464+0000] {logging_mixin.py:188} INFO - [2026-03-25T13:40:20.464+0000] {dag.py:3096} INFO - Sync 1 DAGs
[2026-03-25T13:40:20.495+0000] {logging_mixin.py:188} INFO - [2026-03-25T13:40:20.494+0000] {dag.py:3954} INFO - Setting next_dagrun for hello_airflow to 2024-03-23 00:00:00+00:00, run_after=2024-03-24 00:00:00+00:00
[2026-03-25T13:40:20.519+0000] {processor.py:183} INFO - Processing /opt/airflow/dags/example.py took 0.162 seconds
[2026-03-25T13:40:51.232+0000] {processor.py:161} INFO - Started process (PID=1867) to work on /opt/airflow/dags/example.py
[2026-03-25T13:40:51.233+0000] {processor.py:830} INFO - Processing file /opt/airflow/dags/example.py for tasks to queue
[2026-03-25T13:40:51.235+0000] {logging_mixin.py:188} INFO - [2026-03-25T13:40:51.235+0000] {dagbag.py:545} INFO - Filling up the DagBag from /opt/airflow/dags/example.py
[2026-03-25T13:40:51.257+0000] {processor.py:840} INFO - DAG(s) 'hello_airflow' retrieved from /opt/airflow/dags/example.py
[2026-03-25T13:40:51.287+0000] {logging_mixin.py:188} INFO - [2026-03-25T13:40:51.287+0000] {dag.py:3096} INFO - Sync 1 DAGs
[2026-03-25T13:40:51.309+0000] {logging_mixin.py:188} INFO - [2026-03-25T13:40:51.308+0000] {dag.py:3954} INFO - Setting next_dagrun for hello_airflow to 2024-03-23 00:00:00+00:00, run_after=2024-03-24 00:00:00+00:00
[2026-03-25T13:40:51.334+0000] {processor.py:183} INFO - Processing /opt/airflow/dags/example.py took 0.108 seconds
[2026-03-25T13:41:22.111+0000] {processor.py:161} INFO - Started process (PID=1893) to work on /opt/airflow/dags/example.py
[2026-03-25T13:41:22.113+0000] {processor.py:830} INFO - Processing file /opt/airflow/dags/example.py for tasks to queue
[2026-03-25T13:41:22.115+0000] {logging_mixin.py:188} INFO - [2026-03-25T13:41:22.115+0000] {dagbag.py:545} INFO - Filling up the DagBag from /opt/airflow/dags/example.py
[2026-03-25T13:41:22.135+0000] {processor.py:840} INFO - DAG(s) 'hello_airflow' retrieved from /opt/airflow/dags/example.py
[2026-03-25T13:41:22.166+0000] {logging_mixin.py:188} INFO - [2026-03-25T13:41:22.165+0000] {dag.py:3096} INFO - Sync 1 DAGs
[2026-03-25T13:41:22.186+0000] {logging_mixin.py:188} INFO - [2026-03-25T13:41:22.186+0000] {dag.py:3954} INFO - Setting next_dagrun for hello_airflow to 2024-03-23 00:00:00+00:00, run_after=2024-03-24 00:00:00+00:00
[2026-03-25T13:41:22.213+0000] {processor.py:183} INFO - Processing /opt/airflow/dags/example.py took 0.109 seconds
[2026-03-25T13:41:52.933+0000] {processor.py:161} INFO - Started process (PID=1919) to work on /opt/airflow/dags/example.py
[2026-03-25T13:41:52.935+0000] {processor.py:830} INFO - Processing file /opt/airflow/dags/example.py for tasks to queue
[2026-03-25T13:41:52.938+0000] {logging_mixin.py:188} INFO - [2026-03-25T13:41:52.938+0000] {dagbag.py:545} INFO - Filling up the DagBag from /opt/airflow/dags/example.py
[2026-03-25T13:41:52.972+0000] {processor.py:840} INFO - DAG(s) 'hello_airflow' retrieved from /opt/airflow/dags/example.py
[2026-03-25T13:41:53.017+0000] {logging_mixin.py:188} INFO - [2026-03-25T13:41:53.016+0000] {dag.py:3096} INFO - Sync 1 DAGs
[2026-03-25T13:41:53.044+0000] {logging_mixin.py:188} INFO - [2026-03-25T13:41:53.044+0000] {dag.py:3954} INFO - Setting next_dagrun for hello_airflow to 2024-03-23 00:00:00+00:00, run_after=2024-03-24 00:00:00+00:00
[2026-03-25T13:41:53.072+0000] {processor.py:183} INFO - Processing /opt/airflow/dags/example.py took 0.148 seconds
[2026-03-25T13:42:23.853+0000] {processor.py:161} INFO - Started process (PID=1946) to work on /opt/airflow/dags/example.py
[2026-03-25T13:42:23.854+0000] {processor.py:830} INFO - Processing file /opt/airflow/dags/example.py for tasks to queue
[2026-03-25T13:42:23.857+0000] {logging_mixin.py:188} INFO - [2026-03-25T13:42:23.856+0000] {dagbag.py:545} INFO - Filling up the DagBag from /opt/airflow/dags/example.py
[2026-03-25T13:42:23.877+0000] {processor.py:840} INFO - DAG(s) 'hello_airflow' retrieved from /opt/airflow/dags/example.py
[2026-03-25T13:42:23.906+0000] {logging_mixin.py:188} INFO - [2026-03-25T13:42:23.906+0000] {dag.py:3096} INFO - Sync 1 DAGs
[2026-03-25T13:42:23.929+0000] {logging_mixin.py:188} INFO - [2026-03-25T13:42:23.929+0000] {dag.py:3954} INFO - Setting next_dagrun for hello_airflow to 2024-03-23 00:00:00+00:00, run_after=2024-03-24 00:00:00+00:00
[2026-03-25T13:42:23.955+0000] {processor.py:183} INFO - Processing /opt/airflow/dags/example.py took 0.108 seconds
[2026-03-25T13:42:54.630+0000] {processor.py:161} INFO - Started process (PID=1972) to work on /opt/airflow/dags/example.py
[2026-03-25T13:42:54.631+0000] {processor.py:830} INFO - Processing file /opt/airflow/dags/example.py for tasks to queue
[2026-03-25T13:42:54.634+0000] {logging_mixin.py:188} INFO - [2026-03-25T13:42:54.634+0000] {dagbag.py:545} INFO - Filling up the DagBag from /opt/airflow/dags/example.py
[2026-03-25T13:42:54.655+0000] {processor.py:840} INFO - DAG(s) 'hello_airflow' retrieved from /opt/airflow/dags/example.py
[2026-03-25T13:42:54.686+0000] {logging_mixin.py:188} INFO - [2026-03-25T13:42:54.685+0000] {dag.py:3096} INFO - Sync 1 DAGs
[2026-03-25T13:42:54.707+0000] {logging_mixin.py:188} INFO - [2026-03-25T13:42:54.706+0000] {dag.py:3954} INFO - Setting next_dagrun for hello_airflow to 2024-03-23 00:00:00+00:00, run_after=2024-03-24 00:00:00+00:00
[2026-03-25T13:42:54.732+0000] {processor.py:183} INFO - Processing /opt/airflow/dags/example.py took 0.111 seconds
[2026-03-25T13:43:25.668+0000] {processor.py:161} INFO - Started process (PID=1998) to work on /opt/airflow/dags/example.py
[2026-03-25T13:43:25.669+0000] {processor.py:830} INFO - Processing file /opt/airflow/dags/example.py for tasks to queue
[2026-03-25T13:43:25.671+0000] {logging_mixin.py:188} INFO - [2026-03-25T13:43:25.671+0000] {dagbag.py:545} INFO - Filling up the DagBag from /opt/airflow/dags/example.py
[2026-03-25T13:43:25.693+0000] {processor.py:840} INFO - DAG(s) 'hello_airflow' retrieved from /opt/airflow/dags/example.py
[2026-03-25T13:43:25.723+0000] {logging_mixin.py:188} INFO - [2026-03-25T13:43:25.722+0000] {dag.py:3096} INFO - Sync 1 DAGs
[2026-03-25T13:43:25.744+0000] {logging_mixin.py:188} INFO - [2026-03-25T13:43:25.744+0000] {dag.py:3954} INFO - Setting next_dagrun for hello_airflow to 2024-03-23 00:00:00+00:00, run_after=2024-03-24 00:00:00+00:00
[2026-03-25T13:43:25.770+0000] {processor.py:183} INFO - Processing /opt/airflow/dags/example.py took 0.109 seconds
[2026-03-25T13:43:56.446+0000] {processor.py:161} INFO - Started process (PID=2024) to work on /opt/airflow/dags/example.py
[2026-03-25T13:43:56.448+0000] {processor.py:830} INFO - Processing file /opt/airflow/dags/example.py for tasks to queue
[2026-03-25T13:43:56.451+0000] {logging_mixin.py:188} INFO - [2026-03-25T13:43:56.450+0000] {dagbag.py:545} INFO - Filling up the DagBag from /opt/airflow/dags/example.py
[2026-03-25T13:43:56.471+0000] {processor.py:840} INFO - DAG(s) 'hello_airflow' retrieved from /opt/airflow/dags/example.py
[2026-03-25T13:43:56.504+0000] {logging_mixin.py:188} INFO - [2026-03-25T13:43:56.504+0000] {dag.py:3096} INFO - Sync 1 DAGs
[2026-03-25T13:43:56.526+0000] {logging_mixin.py:188} INFO - [2026-03-25T13:43:56.526+0000] {dag.py:3954} INFO - Setting next_dagrun for hello_airflow to 2024-03-23 00:00:00+00:00, run_after=2024-03-24 00:00:00+00:00
[2026-03-25T13:43:56.553+0000] {processor.py:183} INFO - Processing /opt/airflow/dags/example.py took 0.113 seconds
[2026-03-25T13:44:27.322+0000] {processor.py:161} INFO - Started process (PID=2050) to work on /opt/airflow/dags/example.py
[2026-03-25T13:44:27.323+0000] {processor.py:830} INFO - Processing file /opt/airflow/dags/example.py for tasks to queue
[2026-03-25T13:44:27.325+0000] {logging_mixin.py:188} INFO - [2026-03-25T13:44:27.325+0000] {dagbag.py:545} INFO - Filling up the DagBag from /opt/airflow/dags/example.py
[2026-03-25T13:44:27.350+0000] {processor.py:840} INFO - DAG(s) 'hello_airflow' retrieved from /opt/airflow/dags/example.py
[2026-03-25T13:44:27.382+0000] {logging_mixin.py:188} INFO - [2026-03-25T13:44:27.381+0000] {dag.py:3096} INFO - Sync 1 DAGs
[2026-03-25T13:44:27.403+0000] {logging_mixin.py:188} INFO - [2026-03-25T13:44:27.402+0000] {dag.py:3954} INFO - Setting next_dagrun for hello_airflow to 2024-03-23 00:00:00+00:00, run_after=2024-03-24 00:00:00+00:00
[2026-03-25T13:44:27.426+0000] {processor.py:183} INFO - Processing /opt/airflow/dags/example.py took 0.110 seconds
[2026-03-25T13:44:58.006+0000] {processor.py:161} INFO - Started process (PID=2076) to work on /opt/airflow/dags/example.py
[2026-03-25T13:44:58.007+0000] {processor.py:830} INFO - Processing file /opt/airflow/dags/example.py for tasks to queue
[2026-03-25T13:44:58.009+0000] {logging_mixin.py:188} INFO - [2026-03-25T13:44:58.009+0000] {dagbag.py:545} INFO - Filling up the DagBag from /opt/airflow/dags/example.py
[2026-03-25T13:44:58.027+0000] {processor.py:840} INFO - DAG(s) 'hello_airflow' retrieved from /opt/airflow/dags/example.py
[2026-03-25T13:44:58.057+0000] {logging_mixin.py:188} INFO - [2026-03-25T13:44:58.057+0000] {dag.py:3096} INFO - Sync 1 DAGs
[2026-03-25T13:44:58.079+0000] {logging_mixin.py:188} INFO - [2026-03-25T13:44:58.078+0000] {dag.py:3954} INFO - Setting next_dagrun for hello_airflow to 2024-03-23 00:00:00+00:00, run_after=2024-03-24 00:00:00+00:00
[2026-03-25T13:44:58.102+0000] {processor.py:183} INFO - Processing /opt/airflow/dags/example.py took 0.103 seconds
[2026-03-25T13:45:28.764+0000] {processor.py:161} INFO - Started process (PID=2102) to work on /opt/airflow/dags/example.py
[2026-03-25T13:45:28.766+0000] {processor.py:830} INFO - Processing file /opt/airflow/dags/example.py for tasks to queue
[2026-03-25T13:45:28.770+0000] {logging_mixin.py:188} INFO - [2026-03-25T13:45:28.769+0000] {dagbag.py:545} INFO - Filling up the DagBag from /opt/airflow/dags/example.py
[2026-03-25T13:45:28.812+0000] {processor.py:840} INFO - DAG(s) 'hello_airflow' retrieved from /opt/airflow/dags/example.py
[2026-03-25T13:45:28.861+0000] {logging_mixin.py:188} INFO - [2026-03-25T13:45:28.860+0000] {dag.py:3096} INFO - Sync 1 DAGs
[2026-03-25T13:45:28.892+0000] {logging_mixin.py:188} INFO - [2026-03-25T13:45:28.892+0000] {dag.py:3954} INFO - Setting next_dagrun for hello_airflow to 2024-03-23 00:00:00+00:00, run_after=2024-03-24 00:00:00+00:00
[2026-03-25T13:45:28.919+0000] {processor.py:183} INFO - Processing /opt/airflow/dags/example.py took 0.167 seconds
[2026-03-25T13:45:59.648+0000] {processor.py:161} INFO - Started process (PID=2129) to work on /opt/airflow/dags/example.py
[2026-03-25T13:45:59.650+0000] {processor.py:830} INFO - Processing file /opt/airflow/dags/example.py for tasks to queue
[2026-03-25T13:45:59.652+0000] {logging_mixin.py:188} INFO - [2026-03-25T13:45:59.652+0000] {dagbag.py:545} INFO - Filling up the DagBag from /opt/airflow/dags/example.py
[2026-03-25T13:45:59.677+0000] {processor.py:840} INFO - DAG(s) 'hello_airflow' retrieved from /opt/airflow/dags/example.py
[2026-03-25T13:45:59.715+0000] {logging_mixin.py:188} INFO - [2026-03-25T13:45:59.714+0000] {dag.py:3096} INFO - Sync 1 DAGs
[2026-03-25T13:45:59.740+0000] {logging_mixin.py:188} INFO - [2026-03-25T13:45:59.740+0000] {dag.py:3954} INFO - Setting next_dagrun for hello_airflow to 2024-03-23 00:00:00+00:00, run_after=2024-03-24 00:00:00+00:00
[2026-03-25T13:45:59.766+0000] {processor.py:183} INFO - Processing /opt/airflow/dags/example.py took 0.125 seconds
[2026-03-25T13:46:30.486+0000] {processor.py:161} INFO - Started process (PID=2162) to work on /opt/airflow/dags/example.py
[2026-03-25T13:46:30.487+0000] {processor.py:830} INFO - Processing file /opt/airflow/dags/example.py for tasks to queue
[2026-03-25T13:46:30.490+0000] {logging_mixin.py:188} INFO - [2026-03-25T13:46:30.489+0000] {dagbag.py:545} INFO - Filling up the DagBag from /opt/airflow/dags/example.py
[2026-03-25T13:46:30.516+0000] {processor.py:840} INFO - DAG(s) 'hello_airflow' retrieved from /opt/airflow/dags/example.py
[2026-03-25T13:46:30.565+0000] {logging_mixin.py:188} INFO - [2026-03-25T13:46:30.564+0000] {dag.py:3096} INFO - Sync 1 DAGs
[2026-03-25T13:46:30.683+0000] {logging_mixin.py:188} INFO - [2026-03-25T13:46:30.683+0000] {dag.py:3954} INFO - Setting next_dagrun for hello_airflow to 2024-03-23 00:00:00+00:00, run_after=2024-03-24 00:00:00+00:00
[2026-03-25T13:46:30.726+0000] {processor.py:183} INFO - Processing /opt/airflow/dags/example.py took 0.250 seconds
[2026-03-25T13:47:35.912+0000] {processor.py:161} INFO - Started process (PID=193) to work on /opt/airflow/dags/example.py
[2026-03-25T13:47:35.914+0000] {processor.py:830} INFO - Processing file /opt/airflow/dags/example.py for tasks to queue
[2026-03-25T13:47:35.916+0000] {logging_mixin.py:188} INFO - [2026-03-25T13:47:35.915+0000] {dagbag.py:545} INFO - Filling up the DagBag from /opt/airflow/dags/example.py
[2026-03-25T13:47:35.952+0000] {processor.py:840} INFO - DAG(s) 'hello_airflow' retrieved from /opt/airflow/dags/example.py
[2026-03-25T13:47:36.225+0000] {logging_mixin.py:188} INFO - [2026-03-25T13:47:36.224+0000] {dag.py:3096} INFO - Sync 1 DAGs
[2026-03-25T13:47:36.256+0000] {logging_mixin.py:188} INFO - [2026-03-25T13:47:36.256+0000] {dag.py:3954} INFO - Setting next_dagrun for hello_airflow to 2024-03-23 00:00:00+00:00, run_after=2024-03-24 00:00:00+00:00
[2026-03-25T13:47:36.293+0000] {processor.py:183} INFO - Processing /opt/airflow/dags/example.py took 0.388 seconds
[2026-03-25T13:48:07.074+0000] {processor.py:161} INFO - Started process (PID=219) to work on /opt/airflow/dags/example.py
[2026-03-25T13:48:07.076+0000] {processor.py:830} INFO - Processing file /opt/airflow/dags/example.py for tasks to queue
[2026-03-25T13:48:07.080+0000] {logging_mixin.py:188} INFO - [2026-03-25T13:48:07.079+0000] {dagbag.py:545} INFO - Filling up the DagBag from /opt/airflow/dags/example.py
[2026-03-25T13:48:07.110+0000] {processor.py:840} INFO - DAG(s) 'hello_airflow' retrieved from /opt/airflow/dags/example.py
[2026-03-25T13:48:07.151+0000] {logging_mixin.py:188} INFO - [2026-03-25T13:48:07.150+0000] {dag.py:3096} INFO - Sync 1 DAGs
[2026-03-25T13:48:07.177+0000] {logging_mixin.py:188} INFO - [2026-03-25T13:48:07.177+0000] {dag.py:3954} INFO - Setting next_dagrun for hello_airflow to 2024-03-23 00:00:00+00:00, run_after=2024-03-24 00:00:00+00:00
[2026-03-25T13:48:07.200+0000] {processor.py:183} INFO - Processing /opt/airflow/dags/example.py took 0.139 seconds
[2026-03-25T13:48:37.858+0000] {processor.py:161} INFO - Started process (PID=245) to work on /opt/airflow/dags/example.py
[2026-03-25T13:48:37.859+0000] {processor.py:830} INFO - Processing file /opt/airflow/dags/example.py for tasks to queue
[2026-03-25T13:48:37.861+0000] {logging_mixin.py:188} INFO - [2026-03-25T13:48:37.861+0000] {dagbag.py:545} INFO - Filling up the DagBag from /opt/airflow/dags/example.py
[2026-03-25T13:48:37.886+0000] {processor.py:840} INFO - DAG(s) 'hello_airflow' retrieved from /opt/airflow/dags/example.py
[2026-03-25T13:48:37.921+0000] {logging_mixin.py:188} INFO - [2026-03-25T13:48:37.921+0000] {dag.py:3096} INFO - Sync 1 DAGs
[2026-03-25T13:48:37.946+0000] {logging_mixin.py:188} INFO - [2026-03-25T13:48:37.945+0000] {dag.py:3954} INFO - Setting next_dagrun for hello_airflow to 2024-03-23 00:00:00+00:00, run_after=2024-03-24 00:00:00+00:00
[2026-03-25T13:48:37.973+0000] {processor.py:183} INFO - Processing /opt/airflow/dags/example.py took 0.122 seconds
[2026-03-25T13:49:08.584+0000] {processor.py:161} INFO - Started process (PID=271) to work on /opt/airflow/dags/example.py
[2026-03-25T13:49:08.586+0000] {processor.py:830} INFO - Processing file /opt/airflow/dags/example.py for tasks to queue
[2026-03-25T13:49:08.588+0000] {logging_mixin.py:188} INFO - [2026-03-25T13:49:08.588+0000] {dagbag.py:545} INFO - Filling up the DagBag from /opt/airflow/dags/example.py
[2026-03-25T13:49:08.612+0000] {processor.py:840} INFO - DAG(s) 'hello_airflow' retrieved from /opt/airflow/dags/example.py
[2026-03-25T13:49:08.648+0000] {logging_mixin.py:188} INFO - [2026-03-25T13:49:08.647+0000] {dag.py:3096} INFO - Sync 1 DAGs
[2026-03-25T13:49:08.670+0000] {logging_mixin.py:188} INFO - [2026-03-25T13:49:08.669+0000] {dag.py:3954} INFO - Setting next_dagrun for hello_airflow to 2024-03-23 00:00:00+00:00, run_after=2024-03-24 00:00:00+00:00
[2026-03-25T13:49:08.697+0000] {processor.py:183} INFO - Processing /opt/airflow/dags/example.py took 0.119 seconds
[2026-03-25T13:49:39.272+0000] {processor.py:161} INFO - Started process (PID=297) to work on /opt/airflow/dags/example.py
[2026-03-25T13:49:39.273+0000] {processor.py:830} INFO - Processing file /opt/airflow/dags/example.py for tasks to queue
[2026-03-25T13:49:39.275+0000] {logging_mixin.py:188} INFO - [2026-03-25T13:49:39.275+0000] {dagbag.py:545} INFO - Filling up the DagBag from /opt/airflow/dags/example.py
[2026-03-25T13:49:39.294+0000] {processor.py:840} INFO - DAG(s) 'hello_airflow' retrieved from /opt/airflow/dags/example.py
[2026-03-25T13:49:39.325+0000] {logging_mixin.py:188} INFO - [2026-03-25T13:49:39.325+0000] {dag.py:3096} INFO - Sync 1 DAGs
[2026-03-25T13:49:39.347+0000] {logging_mixin.py:188} INFO - [2026-03-25T13:49:39.347+0000] {dag.py:3954} INFO - Setting next_dagrun for hello_airflow to 2024-03-23 00:00:00+00:00, run_after=2024-03-24 00:00:00+00:00
[2026-03-25T13:49:39.372+0000] {processor.py:183} INFO - Processing /opt/airflow/dags/example.py took 0.109 seconds
[2026-03-25T13:50:09.976+0000] {processor.py:161} INFO - Started process (PID=323) to work on /opt/airflow/dags/example.py
[2026-03-25T13:50:09.978+0000] {processor.py:830} INFO - Processing file /opt/airflow/dags/example.py for tasks to queue
[2026-03-25T13:50:09.982+0000] {logging_mixin.py:188} INFO - [2026-03-25T13:50:09.981+0000] {dagbag.py:545} INFO - Filling up the DagBag from /opt/airflow/dags/example.py
[2026-03-25T13:50:10.012+0000] {processor.py:840} INFO - DAG(s) 'hello_airflow' retrieved from /opt/airflow/dags/example.py
[2026-03-25T13:50:10.045+0000] {logging_mixin.py:188} INFO - [2026-03-25T13:50:10.044+0000] {dag.py:3096} INFO - Sync 1 DAGs
[2026-03-25T13:50:10.069+0000] {logging_mixin.py:188} INFO - [2026-03-25T13:50:10.069+0000] {dag.py:3954} INFO - Setting next_dagrun for hello_airflow to 2024-03-23 00:00:00+00:00, run_after=2024-03-24 00:00:00+00:00
[2026-03-25T13:50:10.098+0000] {processor.py:183} INFO - Processing /opt/airflow/dags/example.py took 0.130 seconds
[2026-03-25T13:50:40.748+0000] {processor.py:161} INFO - Started process (PID=349) to work on /opt/airflow/dags/example.py
[2026-03-25T13:50:40.749+0000] {processor.py:830} INFO - Processing file /opt/airflow/dags/example.py for tasks to queue
[2026-03-25T13:50:40.752+0000] {logging_mixin.py:188} INFO - [2026-03-25T13:50:40.751+0000] {dagbag.py:545} INFO - Filling up the DagBag from /opt/airflow/dags/example.py
[2026-03-25T13:50:40.774+0000] {processor.py:840} INFO - DAG(s) 'hello_airflow' retrieved from /opt/airflow/dags/example.py
[2026-03-25T13:50:40.806+0000] {logging_mixin.py:188} INFO - [2026-03-25T13:50:40.806+0000] {dag.py:3096} INFO - Sync 1 DAGs
[2026-03-25T13:50:40.827+0000] {logging_mixin.py:188} INFO - [2026-03-25T13:50:40.827+0000] {dag.py:3954} INFO - Setting next_dagrun for hello_airflow to 2024-03-23 00:00:00+00:00, run_after=2024-03-24 00:00:00+00:00
[2026-03-25T13:50:40.854+0000] {processor.py:183} INFO - Processing /opt/airflow/dags/example.py took 0.112 seconds
[2026-03-25T13:52:09.540+0000] {processor.py:161} INFO - Started process (PID=194) to work on /opt/airflow/dags/example.py
[2026-03-25T13:52:09.542+0000] {processor.py:830} INFO - Processing file /opt/airflow/dags/example.py for tasks to queue
[2026-03-25T13:52:09.545+0000] {logging_mixin.py:188} INFO - [2026-03-25T13:52:09.544+0000] {dagbag.py:545} INFO - Filling up the DagBag from /opt/airflow/dags/example.py
[2026-03-25T13:52:09.586+0000] {processor.py:840} INFO - DAG(s) 'hello_airflow' retrieved from /opt/airflow/dags/example.py
[2026-03-25T13:52:10.014+0000] {logging_mixin.py:188} INFO - [2026-03-25T13:52:10.013+0000] {override.py:1829} INFO - Created Permission View: can delete on DAG:hello_airflow
[2026-03-25T13:52:10.029+0000] {logging_mixin.py:188} INFO - [2026-03-25T13:52:10.029+0000] {override.py:1829} INFO - Created Permission View: can edit on DAG:hello_airflow
[2026-03-25T13:52:10.040+0000] {logging_mixin.py:188} INFO - [2026-03-25T13:52:10.040+0000] {override.py:1829} INFO - Created Permission View: can read on DAG:hello_airflow
[2026-03-25T13:52:10.041+0000] {logging_mixin.py:188} INFO - [2026-03-25T13:52:10.041+0000] {dag.py:3096} INFO - Sync 1 DAGs
[2026-03-25T13:52:10.058+0000] {logging_mixin.py:188} INFO - [2026-03-25T13:52:10.058+0000] {dag.py:3118} INFO - Creating ORM DAG for hello_airflow
[2026-03-25T13:52:10.077+0000] {logging_mixin.py:188} INFO - [2026-03-25T13:52:10.076+0000] {dag.py:3954} INFO - Setting next_dagrun for hello_airflow to 2024-03-23 00:00:00+00:00, run_after=2024-03-24 00:00:00+00:00
[2026-03-25T13:52:10.129+0000] {processor.py:183} INFO - Processing /opt/airflow/dags/example.py took 0.598 seconds
[2026-03-25T13:52:40.681+0000] {processor.py:161} INFO - Started process (PID=220) to work on /opt/airflow/dags/example.py
[2026-03-25T13:52:40.682+0000] {processor.py:830} INFO - Processing file /opt/airflow/dags/example.py for tasks to queue
[2026-03-25T13:52:40.685+0000] {logging_mixin.py:188} INFO - [2026-03-25T13:52:40.684+0000] {dagbag.py:545} INFO - Filling up the DagBag from /opt/airflow/dags/example.py
[2026-03-25T13:52:40.707+0000] {processor.py:840} INFO - DAG(s) 'hello_airflow' retrieved from /opt/airflow/dags/example.py
[2026-03-25T13:52:40.747+0000] {logging_mixin.py:188} INFO - [2026-03-25T13:52:40.747+0000] {dag.py:3096} INFO - Sync 1 DAGs
[2026-03-25T13:52:40.776+0000] {logging_mixin.py:188} INFO - [2026-03-25T13:52:40.776+0000] {dag.py:3954} INFO - Setting next_dagrun for hello_airflow to 2024-03-23 00:00:00+00:00, run_after=2024-03-24 00:00:00+00:00
[2026-03-25T13:52:40.800+0000] {processor.py:183} INFO - Processing /opt/airflow/dags/example.py took 0.125 seconds
[2026-03-25T13:53:11.520+0000] {processor.py:161} INFO - Started process (PID=253) to work on /opt/airflow/dags/example.py
[2026-03-25T13:53:11.522+0000] {processor.py:830} INFO - Processing file /opt/airflow/dags/example.py for tasks to queue
[2026-03-25T13:53:11.525+0000] {logging_mixin.py:188} INFO - [2026-03-25T13:53:11.525+0000] {dagbag.py:545} INFO - Filling up the DagBag from /opt/airflow/dags/example.py
[2026-03-25T13:53:11.553+0000] {processor.py:840} INFO - DAG(s) 'hello_airflow' retrieved from /opt/airflow/dags/example.py
[2026-03-25T13:53:11.590+0000] {logging_mixin.py:188} INFO - [2026-03-25T13:53:11.589+0000] {dag.py:3096} INFO - Sync 1 DAGs
[2026-03-25T13:53:11.616+0000] {logging_mixin.py:188} INFO - [2026-03-25T13:53:11.615+0000] {dag.py:3954} INFO - Setting next_dagrun for hello_airflow to 2024-03-23 00:00:00+00:00, run_after=2024-03-24 00:00:00+00:00
[2026-03-25T13:53:11.639+0000] {processor.py:183} INFO - Processing /opt/airflow/dags/example.py took 0.129 seconds
[2026-03-25T13:53:42.310+0000] {processor.py:161} INFO - Started process (PID=279) to work on /opt/airflow/dags/example.py
[2026-03-25T13:53:42.311+0000] {processor.py:830} INFO - Processing file /opt/airflow/dags/example.py for tasks to queue
[2026-03-25T13:53:42.319+0000] {logging_mixin.py:188} INFO - [2026-03-25T13:53:42.319+0000] {dagbag.py:545} INFO - Filling up the DagBag from /opt/airflow/dags/example.py
[2026-03-25T13:53:42.361+0000] {processor.py:840} INFO - DAG(s) 'hello_airflow' retrieved from /opt/airflow/dags/example.py
[2026-03-25T13:53:42.422+0000] {logging_mixin.py:188} INFO - [2026-03-25T13:53:42.420+0000] {dag.py:3096} INFO - Sync 1 DAGs
[2026-03-25T13:53:42.480+0000] {logging_mixin.py:188} INFO - [2026-03-25T13:53:42.480+0000] {dag.py:3954} INFO - Setting next_dagrun for hello_airflow to 2024-03-23 00:00:00+00:00, run_after=2024-03-24 00:00:00+00:00
[2026-03-25T13:53:42.516+0000] {processor.py:183} INFO - Processing /opt/airflow/dags/example.py took 0.220 seconds
[2026-03-25T13:54:13.142+0000] {processor.py:161} INFO - Started process (PID=305) to work on /opt/airflow/dags/example.py
[2026-03-25T13:54:13.144+0000] {processor.py:830} INFO - Processing file /opt/airflow/dags/example.py for tasks to queue
[2026-03-25T13:54:13.147+0000] {logging_mixin.py:188} INFO - [2026-03-25T13:54:13.147+0000] {dagbag.py:545} INFO - Filling up the DagBag from /opt/airflow/dags/example.py
[2026-03-25T13:54:13.175+0000] {processor.py:840} INFO - DAG(s) 'hello_airflow' retrieved from /opt/airflow/dags/example.py
[2026-03-25T13:54:13.217+0000] {logging_mixin.py:188} INFO - [2026-03-25T13:54:13.217+0000] {dag.py:3096} INFO - Sync 1 DAGs
[2026-03-25T13:54:13.248+0000] {logging_mixin.py:188} INFO - [2026-03-25T13:54:13.248+0000] {dag.py:3954} INFO - Setting next_dagrun for hello_airflow to 2024-03-23 00:00:00+00:00, run_after=2024-03-24 00:00:00+00:00
[2026-03-25T13:54:13.287+0000] {processor.py:183} INFO - Processing /opt/airflow/dags/example.py took 0.155 seconds
[2026-03-25T13:54:43.908+0000] {processor.py:161} INFO - Started process (PID=331) to work on /opt/airflow/dags/example.py
[2026-03-25T13:54:43.910+0000] {processor.py:830} INFO - Processing file /opt/airflow/dags/example.py for tasks to queue
[2026-03-25T13:54:43.914+0000] {logging_mixin.py:188} INFO - [2026-03-25T13:54:43.913+0000] {dagbag.py:545} INFO - Filling up the DagBag from /opt/airflow/dags/example.py
[2026-03-25T13:54:43.939+0000] {processor.py:840} INFO - DAG(s) 'hello_airflow' retrieved from /opt/airflow/dags/example.py
[2026-03-25T13:54:43.978+0000] {logging_mixin.py:188} INFO - [2026-03-25T13:54:43.978+0000] {dag.py:3096} INFO - Sync 1 DAGs
[2026-03-25T13:54:44.002+0000] {logging_mixin.py:188} INFO - [2026-03-25T13:54:44.001+0000] {dag.py:3954} INFO - Setting next_dagrun for hello_airflow to 2024-03-23 00:00:00+00:00, run_after=2024-03-24 00:00:00+00:00
[2026-03-25T13:54:44.030+0000] {processor.py:183} INFO - Processing /opt/airflow/dags/example.py took 0.131 seconds
[2026-03-25T13:55:14.962+0000] {processor.py:161} INFO - Started process (PID=466) to work on /opt/airflow/dags/example.py
[2026-03-25T13:55:14.963+0000] {processor.py:830} INFO - Processing file /opt/airflow/dags/example.py for tasks to queue
[2026-03-25T13:55:14.965+0000] {logging_mixin.py:188} INFO - [2026-03-25T13:55:14.965+0000] {dagbag.py:545} INFO - Filling up the DagBag from /opt/airflow/dags/example.py
[2026-03-25T13:55:14.988+0000] {processor.py:840} INFO - DAG(s) 'hello_airflow' retrieved from /opt/airflow/dags/example.py
[2026-03-25T13:55:15.019+0000] {logging_mixin.py:188} INFO - [2026-03-25T13:55:15.018+0000] {dag.py:3096} INFO - Sync 1 DAGs
[2026-03-25T13:55:15.041+0000] {logging_mixin.py:188} INFO - [2026-03-25T13:55:15.040+0000] {dag.py:3954} INFO - Setting next_dagrun for hello_airflow to 2024-03-23 00:00:00+00:00, run_after=2024-03-24 00:00:00+00:00
[2026-03-25T13:55:15.064+0000] {processor.py:183} INFO - Processing /opt/airflow/dags/example.py took 0.108 seconds
[2026-03-25T13:55:45.928+0000] {processor.py:161} INFO - Started process (PID=600) to work on /opt/airflow/dags/example.py
[2026-03-25T13:55:45.930+0000] {processor.py:830} INFO - Processing file /opt/airflow/dags/example.py for tasks to queue
[2026-03-25T13:55:45.932+0000] {logging_mixin.py:188} INFO - [2026-03-25T13:55:45.931+0000] {dagbag.py:545} INFO - Filling up the DagBag from /opt/airflow/dags/example.py
[2026-03-25T13:55:45.953+0000] {processor.py:840} INFO - DAG(s) 'hello_airflow' retrieved from /opt/airflow/dags/example.py
[2026-03-25T13:55:45.988+0000] {logging_mixin.py:188} INFO - [2026-03-25T13:55:45.988+0000] {dag.py:3096} INFO - Sync 1 DAGs
[2026-03-25T13:55:46.012+0000] {logging_mixin.py:188} INFO - [2026-03-25T13:55:46.011+0000] {dag.py:3954} INFO - Setting next_dagrun for hello_airflow to 2024-03-23 00:00:00+00:00, run_after=2024-03-24 00:00:00+00:00
[2026-03-25T13:55:46.037+0000] {processor.py:183} INFO - Processing /opt/airflow/dags/example.py took 0.118 seconds
[2026-03-25T13:56:16.879+0000] {processor.py:161} INFO - Started process (PID=714) to work on /opt/airflow/dags/example.py
[2026-03-25T13:56:16.881+0000] {processor.py:830} INFO - Processing file /opt/airflow/dags/example.py for tasks to queue
[2026-03-25T13:56:16.886+0000] {logging_mixin.py:188} INFO - [2026-03-25T13:56:16.885+0000] {dagbag.py:545} INFO - Filling up the DagBag from /opt/airflow/dags/example.py
[2026-03-25T13:56:16.936+0000] {processor.py:840} INFO - DAG(s) 'hello_airflow' retrieved from /opt/airflow/dags/example.py
[2026-03-25T13:56:16.992+0000] {logging_mixin.py:188} INFO - [2026-03-25T13:56:16.991+0000] {dag.py:3096} INFO - Sync 1 DAGs
[2026-03-25T13:56:17.031+0000] {logging_mixin.py:188} INFO - [2026-03-25T13:56:17.030+0000] {dag.py:3954} INFO - Setting next_dagrun for hello_airflow to 2024-03-23 00:00:00+00:00, run_after=2024-03-24 00:00:00+00:00
[2026-03-25T13:56:17.070+0000] {processor.py:183} INFO - Processing /opt/airflow/dags/example.py took 0.205 seconds
[2026-03-25T13:56:47.732+0000] {processor.py:161} INFO - Started process (PID=814) to work on /opt/airflow/dags/example.py
[2026-03-25T13:56:47.734+0000] {processor.py:830} INFO - Processing file /opt/airflow/dags/example.py for tasks to queue
[2026-03-25T13:56:47.736+0000] {logging_mixin.py:188} INFO - [2026-03-25T13:56:47.736+0000] {dagbag.py:545} INFO - Filling up the DagBag from /opt/airflow/dags/example.py
[2026-03-25T13:56:47.757+0000] {processor.py:840} INFO - DAG(s) 'hello_airflow' retrieved from /opt/airflow/dags/example.py
[2026-03-25T13:56:47.785+0000] {logging_mixin.py:188} INFO - [2026-03-25T13:56:47.785+0000] {dag.py:3096} INFO - Sync 1 DAGs
[2026-03-25T13:56:47.805+0000] {logging_mixin.py:188} INFO - [2026-03-25T13:56:47.805+0000] {dag.py:3954} INFO - Setting next_dagrun for hello_airflow to 2024-03-23 00:00:00+00:00, run_after=2024-03-24 00:00:00+00:00
[2026-03-25T13:56:47.831+0000] {processor.py:183} INFO - Processing /opt/airflow/dags/example.py took 0.106 seconds
[2026-03-25T13:57:17.936+0000] {processor.py:161} INFO - Started process (PID=950) to work on /opt/airflow/dags/example.py
[2026-03-25T13:57:17.938+0000] {processor.py:830} INFO - Processing file /opt/airflow/dags/example.py for tasks to queue
[2026-03-25T13:57:17.940+0000] {logging_mixin.py:188} INFO - [2026-03-25T13:57:17.940+0000] {dagbag.py:545} INFO - Filling up the DagBag from /opt/airflow/dags/example.py
[2026-03-25T13:57:17.962+0000] {processor.py:840} INFO - DAG(s) 'hello_airflow' retrieved from /opt/airflow/dags/example.py
[2026-03-25T13:57:17.992+0000] {logging_mixin.py:188} INFO - [2026-03-25T13:57:17.991+0000] {dag.py:3096} INFO - Sync 1 DAGs
[2026-03-25T13:57:18.012+0000] {logging_mixin.py:188} INFO - [2026-03-25T13:57:18.012+0000] {dag.py:3954} INFO - Setting next_dagrun for hello_airflow to 2024-03-23 00:00:00+00:00, run_after=2024-03-24 00:00:00+00:00
[2026-03-25T13:57:18.038+0000] {processor.py:183} INFO - Processing /opt/airflow/dags/example.py took 0.109 seconds
[2026-03-25T13:57:48.364+0000] {processor.py:161} INFO - Started process (PID=1102) to work on /opt/airflow/dags/example.py
[2026-03-25T13:57:48.372+0000] {processor.py:830} INFO - Processing file /opt/airflow/dags/example.py for tasks to queue
[2026-03-25T13:57:48.379+0000] {logging_mixin.py:188} INFO - [2026-03-25T13:57:48.379+0000] {dagbag.py:545} INFO - Filling up the DagBag from /opt/airflow/dags/example.py
[2026-03-25T13:57:48.499+0000] {processor.py:840} INFO - DAG(s) 'hello_airflow' retrieved from /opt/airflow/dags/example.py
[2026-03-25T13:57:48.597+0000] {logging_mixin.py:188} INFO - [2026-03-25T13:57:48.597+0000] {dag.py:3096} INFO - Sync 1 DAGs
[2026-03-25T13:57:48.664+0000] {logging_mixin.py:188} INFO - [2026-03-25T13:57:48.663+0000] {dag.py:3954} INFO - Setting next_dagrun for hello_airflow to 2024-03-23 00:00:00+00:00, run_after=2024-03-24 00:00:00+00:00
[2026-03-25T13:57:48.749+0000] {processor.py:183} INFO - Processing /opt/airflow/dags/example.py took 0.411 seconds
[2026-03-25T13:58:19.585+0000] {processor.py:161} INFO - Started process (PID=1243) to work on /opt/airflow/dags/example.py
[2026-03-25T13:58:19.587+0000] {processor.py:830} INFO - Processing file /opt/airflow/dags/example.py for tasks to queue
[2026-03-25T13:58:19.588+0000] {logging_mixin.py:188} INFO - [2026-03-25T13:58:19.588+0000] {dagbag.py:545} INFO - Filling up the DagBag from /opt/airflow/dags/example.py
[2026-03-25T13:58:19.608+0000] {processor.py:840} INFO - DAG(s) 'hello_airflow' retrieved from /opt/airflow/dags/example.py
[2026-03-25T13:58:19.638+0000] {logging_mixin.py:188} INFO - [2026-03-25T13:58:19.637+0000] {dag.py:3096} INFO - Sync 1 DAGs
[2026-03-25T13:58:19.659+0000] {logging_mixin.py:188} INFO - [2026-03-25T13:58:19.659+0000] {dag.py:3954} INFO - Setting next_dagrun for hello_airflow to 2024-03-23 00:00:00+00:00, run_after=2024-03-24 00:00:00+00:00
[2026-03-25T13:58:19.688+0000] {processor.py:183} INFO - Processing /opt/airflow/dags/example.py took 0.109 seconds
[2026-03-25T13:58:50.389+0000] {processor.py:161} INFO - Started process (PID=1402) to work on /opt/airflow/dags/example.py
[2026-03-25T13:58:50.390+0000] {processor.py:830} INFO - Processing file /opt/airflow/dags/example.py for tasks to queue
[2026-03-25T13:58:50.392+0000] {logging_mixin.py:188} INFO - [2026-03-25T13:58:50.392+0000] {dagbag.py:545} INFO - Filling up the DagBag from /opt/airflow/dags/example.py
[2026-03-25T13:58:50.413+0000] {processor.py:840} INFO - DAG(s) 'hello_airflow' retrieved from /opt/airflow/dags/example.py
[2026-03-25T13:58:50.442+0000] {logging_mixin.py:188} INFO - [2026-03-25T13:58:50.441+0000] {dag.py:3096} INFO - Sync 1 DAGs
[2026-03-25T13:58:50.460+0000] {logging_mixin.py:188} INFO - [2026-03-25T13:58:50.460+0000] {dag.py:3954} INFO - Setting next_dagrun for hello_airflow to 2024-03-23 00:00:00+00:00, run_after=2024-03-24 00:00:00+00:00
[2026-03-25T13:58:50.486+0000] {processor.py:183} INFO - Processing /opt/airflow/dags/example.py took 0.103 seconds
[2026-03-25T13:59:20.669+0000] {processor.py:161} INFO - Started process (PID=1536) to work on /opt/airflow/dags/example.py
[2026-03-25T13:59:20.670+0000] {processor.py:830} INFO - Processing file /opt/airflow/dags/example.py for tasks to queue
[2026-03-25T13:59:20.672+0000] {logging_mixin.py:188} INFO - [2026-03-25T13:59:20.671+0000] {dagbag.py:545} INFO - Filling up the DagBag from /opt/airflow/dags/example.py
[2026-03-25T13:59:20.694+0000] {processor.py:840} INFO - DAG(s) 'hello_airflow' retrieved from /opt/airflow/dags/example.py
[2026-03-25T13:59:20.725+0000] {logging_mixin.py:188} INFO - [2026-03-25T13:59:20.725+0000] {dag.py:3096} INFO - Sync 1 DAGs
[2026-03-25T13:59:20.749+0000] {logging_mixin.py:188} INFO - [2026-03-25T13:59:20.748+0000] {dag.py:3954} INFO - Setting next_dagrun for hello_airflow to 2024-03-23 00:00:00+00:00, run_after=2024-03-24 00:00:00+00:00
[2026-03-25T13:59:20.777+0000] {processor.py:183} INFO - Processing /opt/airflow/dags/example.py took 0.116 seconds
[2026-03-25T13:59:51.456+0000] {processor.py:161} INFO - Started process (PID=1627) to work on /opt/airflow/dags/example.py
[2026-03-25T13:59:51.457+0000] {processor.py:830} INFO - Processing file /opt/airflow/dags/example.py for tasks to queue
[2026-03-25T13:59:51.459+0000] {logging_mixin.py:188} INFO - [2026-03-25T13:59:51.459+0000] {dagbag.py:545} INFO - Filling up the DagBag from /opt/airflow/dags/example.py
[2026-03-25T13:59:51.477+0000] {processor.py:840} INFO - DAG(s) 'hello_airflow' retrieved from /opt/airflow/dags/example.py
[2026-03-25T13:59:51.506+0000] {logging_mixin.py:188} INFO - [2026-03-25T13:59:51.505+0000] {dag.py:3096} INFO - Sync 1 DAGs
[2026-03-25T13:59:51.525+0000] {logging_mixin.py:188} INFO - [2026-03-25T13:59:51.525+0000] {dag.py:3954} INFO - Setting next_dagrun for hello_airflow to 2024-03-23 00:00:00+00:00, run_after=2024-03-24 00:00:00+00:00
[2026-03-25T13:59:51.552+0000] {processor.py:183} INFO - Processing /opt/airflow/dags/example.py took 0.102 seconds
[2026-03-25T14:00:22.211+0000] {processor.py:161} INFO - Started process (PID=1653) to work on /opt/airflow/dags/example.py
[2026-03-25T14:00:22.212+0000] {processor.py:830} INFO - Processing file /opt/airflow/dags/example.py for tasks to queue
[2026-03-25T14:00:22.214+0000] {logging_mixin.py:188} INFO - [2026-03-25T14:00:22.214+0000] {dagbag.py:545} INFO - Filling up the DagBag from /opt/airflow/dags/example.py
[2026-03-25T14:00:22.240+0000] {processor.py:840} INFO - DAG(s) 'hello_airflow' retrieved from /opt/airflow/dags/example.py
[2026-03-25T14:00:22.271+0000] {logging_mixin.py:188} INFO - [2026-03-25T14:00:22.271+0000] {dag.py:3096} INFO - Sync 1 DAGs
[2026-03-25T14:00:22.292+0000] {logging_mixin.py:188} INFO - [2026-03-25T14:00:22.292+0000] {dag.py:3954} INFO - Setting next_dagrun for hello_airflow to 2024-03-23 00:00:00+00:00, run_after=2024-03-24 00:00:00+00:00
[2026-03-25T14:00:22.321+0000] {processor.py:183} INFO - Processing /opt/airflow/dags/example.py took 0.117 seconds
[2026-03-25T14:00:52.880+0000] {processor.py:161} INFO - Started process (PID=1679) to work on /opt/airflow/dags/example.py
[2026-03-25T14:00:52.881+0000] {processor.py:830} INFO - Processing file /opt/airflow/dags/example.py for tasks to queue
[2026-03-25T14:00:52.883+0000] {logging_mixin.py:188} INFO - [2026-03-25T14:00:52.883+0000] {dagbag.py:545} INFO - Filling up the DagBag from /opt/airflow/dags/example.py
[2026-03-25T14:00:52.903+0000] {processor.py:840} INFO - DAG(s) 'hello_airflow' retrieved from /opt/airflow/dags/example.py
[2026-03-25T14:00:52.936+0000] {logging_mixin.py:188} INFO - [2026-03-25T14:00:52.936+0000] {dag.py:3096} INFO - Sync 1 DAGs
[2026-03-25T14:00:52.964+0000] {logging_mixin.py:188} INFO - [2026-03-25T14:00:52.963+0000] {dag.py:3954} INFO - Setting next_dagrun for hello_airflow to 2024-03-23 00:00:00+00:00, run_after=2024-03-24 00:00:00+00:00
[2026-03-25T14:00:52.996+0000] {processor.py:183} INFO - Processing /opt/airflow/dags/example.py took 0.123 seconds
[2026-03-25T14:01:23.608+0000] {processor.py:161} INFO - Started process (PID=1705) to work on /opt/airflow/dags/example.py
[2026-03-25T14:01:23.609+0000] {processor.py:830} INFO - Processing file /opt/airflow/dags/example.py for tasks to queue
[2026-03-25T14:01:23.611+0000] {logging_mixin.py:188} INFO - [2026-03-25T14:01:23.611+0000] {dagbag.py:545} INFO - Filling up the DagBag from /opt/airflow/dags/example.py
[2026-03-25T14:01:23.632+0000] {processor.py:840} INFO - DAG(s) 'hello_airflow' retrieved from /opt/airflow/dags/example.py
[2026-03-25T14:01:23.662+0000] {logging_mixin.py:188} INFO - [2026-03-25T14:01:23.661+0000] {dag.py:3096} INFO - Sync 1 DAGs
[2026-03-25T14:01:23.685+0000] {logging_mixin.py:188} INFO - [2026-03-25T14:01:23.684+0000] {dag.py:3954} INFO - Setting next_dagrun for hello_airflow to 2024-03-23 00:00:00+00:00, run_after=2024-03-24 00:00:00+00:00
[2026-03-25T14:01:23.712+0000] {processor.py:183} INFO - Processing /opt/airflow/dags/example.py took 0.110 seconds
[2026-03-25T14:01:54.402+0000] {processor.py:161} INFO - Started process (PID=1733) to work on /opt/airflow/dags/example.py
[2026-03-25T14:01:54.403+0000] {processor.py:830} INFO - Processing file /opt/airflow/dags/example.py for tasks to queue
[2026-03-25T14:01:54.405+0000] {logging_mixin.py:188} INFO - [2026-03-25T14:01:54.405+0000] {dagbag.py:545} INFO - Filling up the DagBag from /opt/airflow/dags/example.py
[2026-03-25T14:01:54.426+0000] {processor.py:840} INFO - DAG(s) 'hello_airflow' retrieved from /opt/airflow/dags/example.py
[2026-03-25T14:01:54.455+0000] {logging_mixin.py:188} INFO - [2026-03-25T14:01:54.454+0000] {dag.py:3096} INFO - Sync 1 DAGs
[2026-03-25T14:01:54.476+0000] {logging_mixin.py:188} INFO - [2026-03-25T14:01:54.476+0000] {dag.py:3954} INFO - Setting next_dagrun for hello_airflow to 2024-03-23 00:00:00+00:00, run_after=2024-03-24 00:00:00+00:00
[2026-03-25T14:01:54.505+0000] {processor.py:183} INFO - Processing /opt/airflow/dags/example.py took 0.109 seconds
[2026-03-25T14:02:25.254+0000] {processor.py:161} INFO - Started process (PID=1761) to work on /opt/airflow/dags/example.py
[2026-03-25T14:02:25.255+0000] {processor.py:830} INFO - Processing file /opt/airflow/dags/example.py for tasks to queue
[2026-03-25T14:02:25.258+0000] {logging_mixin.py:188} INFO - [2026-03-25T14:02:25.258+0000] {dagbag.py:545} INFO - Filling up the DagBag from /opt/airflow/dags/example.py
[2026-03-25T14:02:25.322+0000] {processor.py:840} INFO - DAG(s) 'hello_airflow' retrieved from /opt/airflow/dags/example.py
[2026-03-25T14:02:25.353+0000] {logging_mixin.py:188} INFO - [2026-03-25T14:02:25.352+0000] {dag.py:3096} INFO - Sync 1 DAGs
[2026-03-25T14:02:25.374+0000] {logging_mixin.py:188} INFO - [2026-03-25T14:02:25.374+0000] {dag.py:3954} INFO - Setting next_dagrun for hello_airflow to 2024-03-23 00:00:00+00:00, run_after=2024-03-24 00:00:00+00:00
[2026-03-25T14:02:25.401+0000] {processor.py:183} INFO - Processing /opt/airflow/dags/example.py took 0.154 seconds
[2026-03-25T14:02:55.995+0000] {processor.py:161} INFO - Started process (PID=1787) to work on /opt/airflow/dags/example.py
[2026-03-25T14:02:55.996+0000] {processor.py:830} INFO - Processing file /opt/airflow/dags/example.py for tasks to queue
[2026-03-25T14:02:55.998+0000] {logging_mixin.py:188} INFO - [2026-03-25T14:02:55.998+0000] {dagbag.py:545} INFO - Filling up the DagBag from /opt/airflow/dags/example.py
[2026-03-25T14:02:56.021+0000] {processor.py:840} INFO - DAG(s) 'hello_airflow' retrieved from /opt/airflow/dags/example.py
[2026-03-25T14:02:56.051+0000] {logging_mixin.py:188} INFO - [2026-03-25T14:02:56.051+0000] {dag.py:3096} INFO - Sync 1 DAGs
[2026-03-25T14:02:56.075+0000] {logging_mixin.py:188} INFO - [2026-03-25T14:02:56.075+0000] {dag.py:3954} INFO - Setting next_dagrun for hello_airflow to 2024-03-23 00:00:00+00:00, run_after=2024-03-24 00:00:00+00:00
[2026-03-25T14:02:56.140+0000] {processor.py:183} INFO - Processing /opt/airflow/dags/example.py took 0.152 seconds
[2026-03-25T14:03:26.807+0000] {processor.py:161} INFO - Started process (PID=1813) to work on /opt/airflow/dags/example.py
[2026-03-25T14:03:26.808+0000] {processor.py:830} INFO - Processing file /opt/airflow/dags/example.py for tasks to queue
[2026-03-25T14:03:26.810+0000] {logging_mixin.py:188} INFO - [2026-03-25T14:03:26.810+0000] {dagbag.py:545} INFO - Filling up the DagBag from /opt/airflow/dags/example.py
[2026-03-25T14:03:26.833+0000] {processor.py:840} INFO - DAG(s) 'hello_airflow' retrieved from /opt/airflow/dags/example.py
[2026-03-25T14:03:26.864+0000] {logging_mixin.py:188} INFO - [2026-03-25T14:03:26.863+0000] {dag.py:3096} INFO - Sync 1 DAGs
[2026-03-25T14:03:26.885+0000] {logging_mixin.py:188} INFO - [2026-03-25T14:03:26.885+0000] {dag.py:3954} INFO - Setting next_dagrun for hello_airflow to 2024-03-23 00:00:00+00:00, run_after=2024-03-24 00:00:00+00:00
[2026-03-25T14:03:26.915+0000] {processor.py:183} INFO - Processing /opt/airflow/dags/example.py took 0.116 seconds
[2026-03-25T14:03:57.544+0000] {processor.py:161} INFO - Started process (PID=1839) to work on /opt/airflow/dags/example.py
[2026-03-25T14:03:57.545+0000] {processor.py:830} INFO - Processing file /opt/airflow/dags/example.py for tasks to queue
[2026-03-25T14:03:57.547+0000] {logging_mixin.py:188} INFO - [2026-03-25T14:03:57.547+0000] {dagbag.py:545} INFO - Filling up the DagBag from /opt/airflow/dags/example.py
[2026-03-25T14:03:57.565+0000] {processor.py:840} INFO - DAG(s) 'hello_airflow' retrieved from /opt/airflow/dags/example.py
[2026-03-25T14:03:57.591+0000] {logging_mixin.py:188} INFO - [2026-03-25T14:03:57.591+0000] {dag.py:3096} INFO - Sync 1 DAGs
[2026-03-25T14:03:57.613+0000] {logging_mixin.py:188} INFO - [2026-03-25T14:03:57.613+0000] {dag.py:3954} INFO - Setting next_dagrun for hello_airflow to 2024-03-23 00:00:00+00:00, run_after=2024-03-24 00:00:00+00:00
[2026-03-25T14:03:57.641+0000] {processor.py:183} INFO - Processing /opt/airflow/dags/example.py took 0.103 seconds
[2026-03-25T14:04:28.205+0000] {processor.py:161} INFO - Started process (PID=1865) to work on /opt/airflow/dags/example.py
[2026-03-25T14:04:28.206+0000] {processor.py:830} INFO - Processing file /opt/airflow/dags/example.py for tasks to queue
[2026-03-25T14:04:28.208+0000] {logging_mixin.py:188} INFO - [2026-03-25T14:04:28.208+0000] {dagbag.py:545} INFO - Filling up the DagBag from /opt/airflow/dags/example.py
[2026-03-25T14:04:28.227+0000] {processor.py:840} INFO - DAG(s) 'hello_airflow' retrieved from /opt/airflow/dags/example.py
[2026-03-25T14:04:28.256+0000] {logging_mixin.py:188} INFO - [2026-03-25T14:04:28.256+0000] {dag.py:3096} INFO - Sync 1 DAGs
[2026-03-25T14:04:28.280+0000] {logging_mixin.py:188} INFO - [2026-03-25T14:04:28.280+0000] {dag.py:3954} INFO - Setting next_dagrun for hello_airflow to 2024-03-23 00:00:00+00:00, run_after=2024-03-24 00:00:00+00:00
[2026-03-25T14:04:28.306+0000] {processor.py:183} INFO - Processing /opt/airflow/dags/example.py took 0.107 seconds
[2026-03-25T14:04:58.888+0000] {processor.py:161} INFO - Started process (PID=1891) to work on /opt/airflow/dags/example.py
[2026-03-25T14:04:58.889+0000] {processor.py:830} INFO - Processing file /opt/airflow/dags/example.py for tasks to queue
[2026-03-25T14:04:58.891+0000] {logging_mixin.py:188} INFO - [2026-03-25T14:04:58.891+0000] {dagbag.py:545} INFO - Filling up the DagBag from /opt/airflow/dags/example.py
[2026-03-25T14:04:58.917+0000] {processor.py:840} INFO - DAG(s) 'hello_airflow' retrieved from /opt/airflow/dags/example.py
[2026-03-25T14:04:58.950+0000] {logging_mixin.py:188} INFO - [2026-03-25T14:04:58.949+0000] {dag.py:3096} INFO - Sync 1 DAGs
[2026-03-25T14:04:58.974+0000] {logging_mixin.py:188} INFO - [2026-03-25T14:04:58.974+0000] {dag.py:3954} INFO - Setting next_dagrun for hello_airflow to 2024-03-23 00:00:00+00:00, run_after=2024-03-24 00:00:00+00:00
[2026-03-25T14:04:58.996+0000] {processor.py:183} INFO - Processing /opt/airflow/dags/example.py took 0.115 seconds
[2026-03-25T14:05:29.618+0000] {processor.py:161} INFO - Started process (PID=1919) to work on /opt/airflow/dags/example.py
[2026-03-25T14:05:29.619+0000] {processor.py:830} INFO - Processing file /opt/airflow/dags/example.py for tasks to queue
[2026-03-25T14:05:29.621+0000] {logging_mixin.py:188} INFO - [2026-03-25T14:05:29.620+0000] {dagbag.py:545} INFO - Filling up the DagBag from /opt/airflow/dags/example.py
[2026-03-25T14:05:29.641+0000] {processor.py:840} INFO - DAG(s) 'hello_airflow' retrieved from /opt/airflow/dags/example.py
[2026-03-25T14:05:29.668+0000] {logging_mixin.py:188} INFO - [2026-03-25T14:05:29.668+0000] {dag.py:3096} INFO - Sync 1 DAGs
[2026-03-25T14:05:29.691+0000] {logging_mixin.py:188} INFO - [2026-03-25T14:05:29.691+0000] {dag.py:3954} INFO - Setting next_dagrun for hello_airflow to 2024-03-23 00:00:00+00:00, run_after=2024-03-24 00:00:00+00:00
[2026-03-25T14:05:29.717+0000] {processor.py:183} INFO - Processing /opt/airflow/dags/example.py took 0.105 seconds
[2026-03-25T14:06:00.386+0000] {processor.py:161} INFO - Started process (PID=1945) to work on /opt/airflow/dags/example.py
[2026-03-25T14:06:00.387+0000] {processor.py:830} INFO - Processing file /opt/airflow/dags/example.py for tasks to queue
[2026-03-25T14:06:00.390+0000] {logging_mixin.py:188} INFO - [2026-03-25T14:06:00.389+0000] {dagbag.py:545} INFO - Filling up the DagBag from /opt/airflow/dags/example.py
[2026-03-25T14:06:00.428+0000] {processor.py:840} INFO - DAG(s) 'hello_airflow' retrieved from /opt/airflow/dags/example.py
[2026-03-25T14:06:00.540+0000] {logging_mixin.py:188} INFO - [2026-03-25T14:06:00.540+0000] {dag.py:3096} INFO - Sync 1 DAGs
[2026-03-25T14:06:00.580+0000] {logging_mixin.py:188} INFO - [2026-03-25T14:06:00.579+0000] {dag.py:3954} INFO - Setting next_dagrun for hello_airflow to 2024-03-23 00:00:00+00:00, run_after=2024-03-24 00:00:00+00:00
[2026-03-25T14:06:00.607+0000] {processor.py:183} INFO - Processing /opt/airflow/dags/example.py took 0.231 seconds
[2026-03-25T14:06:31.300+0000] {processor.py:161} INFO - Started process (PID=1973) to work on /opt/airflow/dags/example.py
[2026-03-25T14:06:31.302+0000] {processor.py:830} INFO - Processing file /opt/airflow/dags/example.py for tasks to queue
[2026-03-25T14:06:31.304+0000] {logging_mixin.py:188} INFO - [2026-03-25T14:06:31.304+0000] {dagbag.py:545} INFO - Filling up the DagBag from /opt/airflow/dags/example.py
[2026-03-25T14:06:31.332+0000] {processor.py:840} INFO - DAG(s) 'hello_airflow' retrieved from /opt/airflow/dags/example.py
[2026-03-25T14:06:31.368+0000] {logging_mixin.py:188} INFO - [2026-03-25T14:06:31.367+0000] {dag.py:3096} INFO - Sync 1 DAGs
[2026-03-25T14:06:31.398+0000] {logging_mixin.py:188} INFO - [2026-03-25T14:06:31.398+0000] {dag.py:3954} INFO - Setting next_dagrun for hello_airflow to 2024-03-23 00:00:00+00:00, run_after=2024-03-24 00:00:00+00:00
[2026-03-25T14:06:31.422+0000] {processor.py:183} INFO - Processing /opt/airflow/dags/example.py took 0.129 seconds
[2026-03-25T14:07:02.029+0000] {processor.py:161} INFO - Started process (PID=1999) to work on /opt/airflow/dags/example.py
[2026-03-25T14:07:02.031+0000] {processor.py:830} INFO - Processing file /opt/airflow/dags/example.py for tasks to queue
[2026-03-25T14:07:02.034+0000] {logging_mixin.py:188} INFO - [2026-03-25T14:07:02.033+0000] {dagbag.py:545} INFO - Filling up the DagBag from /opt/airflow/dags/example.py
[2026-03-25T14:07:02.062+0000] {processor.py:840} INFO - DAG(s) 'hello_airflow' retrieved from /opt/airflow/dags/example.py
[2026-03-25T14:07:02.093+0000] {logging_mixin.py:188} INFO - [2026-03-25T14:07:02.093+0000] {dag.py:3096} INFO - Sync 1 DAGs
[2026-03-25T14:07:02.121+0000] {logging_mixin.py:188} INFO - [2026-03-25T14:07:02.120+0000] {dag.py:3954} INFO - Setting next_dagrun for hello_airflow to 2024-03-23 00:00:00+00:00, run_after=2024-03-24 00:00:00+00:00
[2026-03-25T14:07:02.153+0000] {processor.py:183} INFO - Processing /opt/airflow/dags/example.py took 0.132 seconds
[2026-03-25T14:07:32.963+0000] {processor.py:161} INFO - Started process (PID=2025) to work on /opt/airflow/dags/example.py
[2026-03-25T14:07:32.965+0000] {processor.py:830} INFO - Processing file /opt/airflow/dags/example.py for tasks to queue
[2026-03-25T14:07:32.968+0000] {logging_mixin.py:188} INFO - [2026-03-25T14:07:32.968+0000] {dagbag.py:545} INFO - Filling up the DagBag from /opt/airflow/dags/example.py
[2026-03-25T14:07:32.998+0000] {processor.py:840} INFO - DAG(s) 'hello_airflow' retrieved from /opt/airflow/dags/example.py
[2026-03-25T14:07:33.041+0000] {logging_mixin.py:188} INFO - [2026-03-25T14:07:33.040+0000] {dag.py:3096} INFO - Sync 1 DAGs
[2026-03-25T14:07:33.064+0000] {logging_mixin.py:188} INFO - [2026-03-25T14:07:33.064+0000] {dag.py:3954} INFO - Setting next_dagrun for hello_airflow to 2024-03-23 00:00:00+00:00, run_after=2024-03-24 00:00:00+00:00
[2026-03-25T14:07:33.090+0000] {processor.py:183} INFO - Processing /opt/airflow/dags/example.py took 0.136 seconds
[2026-03-25T14:08:03.676+0000] {processor.py:161} INFO - Started process (PID=2060) to work on /opt/airflow/dags/example.py
[2026-03-25T14:08:03.678+0000] {processor.py:830} INFO - Processing file /opt/airflow/dags/example.py for tasks to queue
[2026-03-25T14:08:03.681+0000] {logging_mixin.py:188} INFO - [2026-03-25T14:08:03.681+0000] {dagbag.py:545} INFO - Filling up the DagBag from /opt/airflow/dags/example.py
[2026-03-25T14:08:03.706+0000] {processor.py:840} INFO - DAG(s) 'hello_airflow' retrieved from /opt/airflow/dags/example.py
[2026-03-25T14:08:03.740+0000] {logging_mixin.py:188} INFO - [2026-03-25T14:08:03.740+0000] {dag.py:3096} INFO - Sync 1 DAGs
[2026-03-25T14:08:03.767+0000] {logging_mixin.py:188} INFO - [2026-03-25T14:08:03.767+0000] {dag.py:3954} INFO - Setting next_dagrun for hello_airflow to 2024-03-23 00:00:00+00:00, run_after=2024-03-24 00:00:00+00:00
[2026-03-25T14:08:03.794+0000] {processor.py:183} INFO - Processing /opt/airflow/dags/example.py took 0.124 seconds
[2026-03-25T14:08:34.534+0000] {processor.py:161} INFO - Started process (PID=2087) to work on /opt/airflow/dags/example.py
[2026-03-25T14:08:34.535+0000] {processor.py:830} INFO - Processing file /opt/airflow/dags/example.py for tasks to queue
[2026-03-25T14:08:34.537+0000] {logging_mixin.py:188} INFO - [2026-03-25T14:08:34.536+0000] {dagbag.py:545} INFO - Filling up the DagBag from /opt/airflow/dags/example.py
[2026-03-25T14:08:34.557+0000] {processor.py:840} INFO - DAG(s) 'hello_airflow' retrieved from /opt/airflow/dags/example.py
[2026-03-25T14:08:34.586+0000] {logging_mixin.py:188} INFO - [2026-03-25T14:08:34.585+0000] {dag.py:3096} INFO - Sync 1 DAGs
[2026-03-25T14:08:34.607+0000] {logging_mixin.py:188} INFO - [2026-03-25T14:08:34.606+0000] {dag.py:3954} INFO - Setting next_dagrun for hello_airflow to 2024-03-23 00:00:00+00:00, run_after=2024-03-24 00:00:00+00:00
[2026-03-25T14:08:34.635+0000] {processor.py:183} INFO - Processing /opt/airflow/dags/example.py took 0.108 seconds
[2026-03-25T14:09:05.197+0000] {processor.py:161} INFO - Started process (PID=2115) to work on /opt/airflow/dags/example.py
[2026-03-25T14:09:05.198+0000] {processor.py:830} INFO - Processing file /opt/airflow/dags/example.py for tasks to queue
[2026-03-25T14:09:05.199+0000] {logging_mixin.py:188} INFO - [2026-03-25T14:09:05.199+0000] {dagbag.py:545} INFO - Filling up the DagBag from /opt/airflow/dags/example.py
[2026-03-25T14:09:05.217+0000] {processor.py:840} INFO - DAG(s) 'hello_airflow' retrieved from /opt/airflow/dags/example.py
[2026-03-25T14:09:05.244+0000] {logging_mixin.py:188} INFO - [2026-03-25T14:09:05.244+0000] {dag.py:3096} INFO - Sync 1 DAGs
[2026-03-25T14:09:05.270+0000] {logging_mixin.py:188} INFO - [2026-03-25T14:09:05.270+0000] {dag.py:3954} INFO - Setting next_dagrun for hello_airflow to 2024-03-23 00:00:00+00:00, run_after=2024-03-24 00:00:00+00:00
[2026-03-25T14:09:05.298+0000] {processor.py:183} INFO - Processing /opt/airflow/dags/example.py took 0.108 seconds
[2026-03-25T14:09:35.999+0000] {processor.py:161} INFO - Started process (PID=2141) to work on /opt/airflow/dags/example.py
[2026-03-25T14:09:36.000+0000] {processor.py:830} INFO - Processing file /opt/airflow/dags/example.py for tasks to queue
[2026-03-25T14:09:36.002+0000] {logging_mixin.py:188} INFO - [2026-03-25T14:09:36.002+0000] {dagbag.py:545} INFO - Filling up the DagBag from /opt/airflow/dags/example.py
[2026-03-25T14:09:36.020+0000] {processor.py:840} INFO - DAG(s) 'hello_airflow' retrieved from /opt/airflow/dags/example.py
[2026-03-25T14:09:36.051+0000] {logging_mixin.py:188} INFO - [2026-03-25T14:09:36.051+0000] {dag.py:3096} INFO - Sync 1 DAGs
[2026-03-25T14:09:36.087+0000] {logging_mixin.py:188} INFO - [2026-03-25T14:09:36.087+0000] {dag.py:3954} INFO - Setting next_dagrun for hello_airflow to 2024-03-23 00:00:00+00:00, run_after=2024-03-24 00:00:00+00:00
[2026-03-25T14:09:36.119+0000] {processor.py:183} INFO - Processing /opt/airflow/dags/example.py took 0.125 seconds
[2026-03-25T14:10:06.774+0000] {processor.py:161} INFO - Started process (PID=2167) to work on /opt/airflow/dags/example.py
[2026-03-25T14:10:06.775+0000] {processor.py:830} INFO - Processing file /opt/airflow/dags/example.py for tasks to queue
[2026-03-25T14:10:06.777+0000] {logging_mixin.py:188} INFO - [2026-03-25T14:10:06.777+0000] {dagbag.py:545} INFO - Filling up the DagBag from /opt/airflow/dags/example.py
[2026-03-25T14:10:06.796+0000] {processor.py:840} INFO - DAG(s) 'hello_airflow' retrieved from /opt/airflow/dags/example.py
[2026-03-25T14:10:06.823+0000] {logging_mixin.py:188} INFO - [2026-03-25T14:10:06.823+0000] {dag.py:3096} INFO - Sync 1 DAGs
[2026-03-25T14:10:06.845+0000] {logging_mixin.py:188} INFO - [2026-03-25T14:10:06.845+0000] {dag.py:3954} INFO - Setting next_dagrun for hello_airflow to 2024-03-23 00:00:00+00:00, run_after=2024-03-24 00:00:00+00:00
[2026-03-25T14:10:06.872+0000] {processor.py:183} INFO - Processing /opt/airflow/dags/example.py took 0.104 seconds
[2026-03-25T14:10:37.441+0000] {processor.py:161} INFO - Started process (PID=2193) to work on /opt/airflow/dags/example.py
[2026-03-25T14:10:37.442+0000] {processor.py:830} INFO - Processing file /opt/airflow/dags/example.py for tasks to queue
[2026-03-25T14:10:37.444+0000] {logging_mixin.py:188} INFO - [2026-03-25T14:10:37.444+0000] {dagbag.py:545} INFO - Filling up the DagBag from /opt/airflow/dags/example.py
[2026-03-25T14:10:37.464+0000] {processor.py:840} INFO - DAG(s) 'hello_airflow' retrieved from /opt/airflow/dags/example.py
[2026-03-25T14:10:37.490+0000] {logging_mixin.py:188} INFO - [2026-03-25T14:10:37.489+0000] {dag.py:3096} INFO - Sync 1 DAGs
[2026-03-25T14:10:37.508+0000] {logging_mixin.py:188} INFO - [2026-03-25T14:10:37.508+0000] {dag.py:3954} INFO - Setting next_dagrun for hello_airflow to 2024-03-23 00:00:00+00:00, run_after=2024-03-24 00:00:00+00:00
[2026-03-25T14:10:37.534+0000] {processor.py:183} INFO - Processing /opt/airflow/dags/example.py took 0.099 seconds
[2026-03-25T14:11:27.873+0000] {processor.py:161} INFO - Started process (PID=187) to work on /opt/airflow/dags/example.py
[2026-03-25T14:11:27.875+0000] {processor.py:830} INFO - Processing file /opt/airflow/dags/example.py for tasks to queue
[2026-03-25T14:11:27.877+0000] {logging_mixin.py:188} INFO - [2026-03-25T14:11:27.877+0000] {dagbag.py:545} INFO - Filling up the DagBag from /opt/airflow/dags/example.py
[2026-03-25T14:11:27.911+0000] {processor.py:840} INFO - DAG(s) 'hello_airflow' retrieved from /opt/airflow/dags/example.py
[2026-03-25T14:11:28.167+0000] {logging_mixin.py:188} INFO - [2026-03-25T14:11:28.167+0000] {dag.py:3096} INFO - Sync 1 DAGs
[2026-03-25T14:11:28.195+0000] {logging_mixin.py:188} INFO - [2026-03-25T14:11:28.195+0000] {dag.py:3954} INFO - Setting next_dagrun for hello_airflow to 2024-03-23 00:00:00+00:00, run_after=2024-03-24 00:00:00+00:00
[2026-03-25T14:11:28.229+0000] {processor.py:183} INFO - Processing /opt/airflow/dags/example.py took 0.364 seconds
[2026-03-25T14:11:59.065+0000] {processor.py:161} INFO - Started process (PID=213) to work on /opt/airflow/dags/example.py
[2026-03-25T14:11:59.066+0000] {processor.py:830} INFO - Processing file /opt/airflow/dags/example.py for tasks to queue
[2026-03-25T14:11:59.069+0000] {logging_mixin.py:188} INFO - [2026-03-25T14:11:59.068+0000] {dagbag.py:545} INFO - Filling up the DagBag from /opt/airflow/dags/example.py
[2026-03-25T14:11:59.091+0000] {processor.py:840} INFO - DAG(s) 'hello_airflow' retrieved from /opt/airflow/dags/example.py
[2026-03-25T14:11:59.123+0000] {logging_mixin.py:188} INFO - [2026-03-25T14:11:59.123+0000] {dag.py:3096} INFO - Sync 1 DAGs
[2026-03-25T14:11:59.147+0000] {logging_mixin.py:188} INFO - [2026-03-25T14:11:59.147+0000] {dag.py:3954} INFO - Setting next_dagrun for hello_airflow to 2024-03-23 00:00:00+00:00, run_after=2024-03-24 00:00:00+00:00
[2026-03-25T14:11:59.173+0000] {processor.py:183} INFO - Processing /opt/airflow/dags/example.py took 0.115 seconds
[2026-03-25T14:12:29.776+0000] {processor.py:161} INFO - Started process (PID=247) to work on /opt/airflow/dags/example.py
[2026-03-25T14:12:29.777+0000] {processor.py:830} INFO - Processing file /opt/airflow/dags/example.py for tasks to queue
[2026-03-25T14:12:29.780+0000] {logging_mixin.py:188} INFO - [2026-03-25T14:12:29.779+0000] {dagbag.py:545} INFO - Filling up the DagBag from /opt/airflow/dags/example.py
[2026-03-25T14:12:29.809+0000] {processor.py:840} INFO - DAG(s) 'hello_airflow' retrieved from /opt/airflow/dags/example.py
[2026-03-25T14:12:29.844+0000] {logging_mixin.py:188} INFO - [2026-03-25T14:12:29.844+0000] {dag.py:3096} INFO - Sync 1 DAGs
[2026-03-25T14:12:29.875+0000] {logging_mixin.py:188} INFO - [2026-03-25T14:12:29.875+0000] {dag.py:3954} INFO - Setting next_dagrun for hello_airflow to 2024-03-23 00:00:00+00:00, run_after=2024-03-24 00:00:00+00:00
[2026-03-25T14:12:29.906+0000] {processor.py:183} INFO - Processing /opt/airflow/dags/example.py took 0.141 seconds
[2026-03-25T14:13:00.518+0000] {processor.py:161} INFO - Started process (PID=273) to work on /opt/airflow/dags/example.py
[2026-03-25T14:13:00.519+0000] {processor.py:830} INFO - Processing file /opt/airflow/dags/example.py for tasks to queue
[2026-03-25T14:13:00.521+0000] {logging_mixin.py:188} INFO - [2026-03-25T14:13:00.521+0000] {dagbag.py:545} INFO - Filling up the DagBag from /opt/airflow/dags/example.py
[2026-03-25T14:13:00.545+0000] {processor.py:840} INFO - DAG(s) 'hello_airflow' retrieved from /opt/airflow/dags/example.py
[2026-03-25T14:13:00.578+0000] {logging_mixin.py:188} INFO - [2026-03-25T14:13:00.577+0000] {dag.py:3096} INFO - Sync 1 DAGs
[2026-03-25T14:13:00.600+0000] {logging_mixin.py:188} INFO - [2026-03-25T14:13:00.599+0000] {dag.py:3954} INFO - Setting next_dagrun for hello_airflow to 2024-03-23 00:00:00+00:00, run_after=2024-03-24 00:00:00+00:00
[2026-03-25T14:13:00.625+0000] {processor.py:183} INFO - Processing /opt/airflow/dags/example.py took 0.116 seconds
[2026-03-25T14:13:31.231+0000] {processor.py:161} INFO - Started process (PID=299) to work on /opt/airflow/dags/example.py
[2026-03-25T14:13:31.232+0000] {processor.py:830} INFO - Processing file /opt/airflow/dags/example.py for tasks to queue
[2026-03-25T14:13:31.234+0000] {logging_mixin.py:188} INFO - [2026-03-25T14:13:31.233+0000] {dagbag.py:545} INFO - Filling up the DagBag from /opt/airflow/dags/example.py
[2026-03-25T14:13:31.256+0000] {processor.py:840} INFO - DAG(s) 'hello_airflow' retrieved from /opt/airflow/dags/example.py
[2026-03-25T14:13:31.290+0000] {logging_mixin.py:188} INFO - [2026-03-25T14:13:31.290+0000] {dag.py:3096} INFO - Sync 1 DAGs
[2026-03-25T14:13:31.314+0000] {logging_mixin.py:188} INFO - [2026-03-25T14:13:31.314+0000] {dag.py:3954} INFO - Setting next_dagrun for hello_airflow to 2024-03-23 00:00:00+00:00, run_after=2024-03-24 00:00:00+00:00
[2026-03-25T14:13:31.338+0000] {processor.py:183} INFO - Processing /opt/airflow/dags/example.py took 0.114 seconds
[2026-03-25T14:14:02.034+0000] {processor.py:161} INFO - Started process (PID=325) to work on /opt/airflow/dags/example.py
[2026-03-25T14:14:02.035+0000] {processor.py:830} INFO - Processing file /opt/airflow/dags/example.py for tasks to queue
[2026-03-25T14:14:02.037+0000] {logging_mixin.py:188} INFO - [2026-03-25T14:14:02.037+0000] {dagbag.py:545} INFO - Filling up the DagBag from /opt/airflow/dags/example.py
[2026-03-25T14:14:02.057+0000] {processor.py:840} INFO - DAG(s) 'hello_airflow' retrieved from /opt/airflow/dags/example.py
[2026-03-25T14:14:02.082+0000] {logging_mixin.py:188} INFO - [2026-03-25T14:14:02.082+0000] {dag.py:3096} INFO - Sync 1 DAGs
[2026-03-25T14:14:02.102+0000] {logging_mixin.py:188} INFO - [2026-03-25T14:14:02.102+0000] {dag.py:3954} INFO - Setting next_dagrun for hello_airflow to 2024-03-23 00:00:00+00:00, run_after=2024-03-24 00:00:00+00:00
[2026-03-25T14:14:02.129+0000] {processor.py:183} INFO - Processing /opt/airflow/dags/example.py took 0.100 seconds
[2026-03-25T14:14:32.721+0000] {processor.py:161} INFO - Started process (PID=352) to work on /opt/airflow/dags/example.py
[2026-03-25T14:14:32.722+0000] {processor.py:830} INFO - Processing file /opt/airflow/dags/example.py for tasks to queue
[2026-03-25T14:14:32.724+0000] {logging_mixin.py:188} INFO - [2026-03-25T14:14:32.723+0000] {dagbag.py:545} INFO - Filling up the DagBag from /opt/airflow/dags/example.py
[2026-03-25T14:14:32.743+0000] {processor.py:840} INFO - DAG(s) 'hello_airflow' retrieved from /opt/airflow/dags/example.py
[2026-03-25T14:14:32.771+0000] {logging_mixin.py:188} INFO - [2026-03-25T14:14:32.770+0000] {dag.py:3096} INFO - Sync 1 DAGs
[2026-03-25T14:14:32.792+0000] {logging_mixin.py:188} INFO - [2026-03-25T14:14:32.792+0000] {dag.py:3954} INFO - Setting next_dagrun for hello_airflow to 2024-03-23 00:00:00+00:00, run_after=2024-03-24 00:00:00+00:00
[2026-03-25T14:14:32.818+0000] {processor.py:183} INFO - Processing /opt/airflow/dags/example.py took 0.103 seconds
[2026-03-25T14:15:03.541+0000] {processor.py:161} INFO - Started process (PID=378) to work on /opt/airflow/dags/example.py
[2026-03-25T14:15:03.542+0000] {processor.py:830} INFO - Processing file /opt/airflow/dags/example.py for tasks to queue
[2026-03-25T14:15:03.545+0000] {logging_mixin.py:188} INFO - [2026-03-25T14:15:03.544+0000] {dagbag.py:545} INFO - Filling up the DagBag from /opt/airflow/dags/example.py
[2026-03-25T14:15:03.572+0000] {processor.py:840} INFO - DAG(s) 'hello_airflow' retrieved from /opt/airflow/dags/example.py
[2026-03-25T14:15:03.600+0000] {logging_mixin.py:188} INFO - [2026-03-25T14:15:03.600+0000] {dag.py:3096} INFO - Sync 1 DAGs
[2026-03-25T14:15:03.622+0000] {logging_mixin.py:188} INFO - [2026-03-25T14:15:03.621+0000] {dag.py:3954} INFO - Setting next_dagrun for hello_airflow to 2024-03-23 00:00:00+00:00, run_after=2024-03-24 00:00:00+00:00
[2026-03-25T14:15:03.646+0000] {processor.py:183} INFO - Processing /opt/airflow/dags/example.py took 0.115 seconds
[2026-03-25T14:15:34.409+0000] {processor.py:161} INFO - Started process (PID=404) to work on /opt/airflow/dags/example.py
[2026-03-25T14:15:34.410+0000] {processor.py:830} INFO - Processing file /opt/airflow/dags/example.py for tasks to queue
[2026-03-25T14:15:34.413+0000] {logging_mixin.py:188} INFO - [2026-03-25T14:15:34.413+0000] {dagbag.py:545} INFO - Filling up the DagBag from /opt/airflow/dags/example.py
[2026-03-25T14:15:34.433+0000] {processor.py:840} INFO - DAG(s) 'hello_airflow' retrieved from /opt/airflow/dags/example.py
[2026-03-25T14:15:34.464+0000] {logging_mixin.py:188} INFO - [2026-03-25T14:15:34.463+0000] {dag.py:3096} INFO - Sync 1 DAGs
[2026-03-25T14:15:34.485+0000] {logging_mixin.py:188} INFO - [2026-03-25T14:15:34.484+0000] {dag.py:3954} INFO - Setting next_dagrun for hello_airflow to 2024-03-23 00:00:00+00:00, run_after=2024-03-24 00:00:00+00:00
[2026-03-25T14:15:34.510+0000] {processor.py:183} INFO - Processing /opt/airflow/dags/example.py took 0.106 seconds
[2026-03-25T14:16:05.252+0000] {processor.py:161} INFO - Started process (PID=430) to work on /opt/airflow/dags/example.py
[2026-03-25T14:16:05.253+0000] {processor.py:830} INFO - Processing file /opt/airflow/dags/example.py for tasks to queue
[2026-03-25T14:16:05.254+0000] {logging_mixin.py:188} INFO - [2026-03-25T14:16:05.254+0000] {dagbag.py:545} INFO - Filling up the DagBag from /opt/airflow/dags/example.py
[2026-03-25T14:16:05.274+0000] {processor.py:840} INFO - DAG(s) 'hello_airflow' retrieved from /opt/airflow/dags/example.py
[2026-03-25T14:16:05.304+0000] {logging_mixin.py:188} INFO - [2026-03-25T14:16:05.304+0000] {dag.py:3096} INFO - Sync 1 DAGs
[2026-03-25T14:16:05.325+0000] {logging_mixin.py:188} INFO - [2026-03-25T14:16:05.325+0000] {dag.py:3954} INFO - Setting next_dagrun for hello_airflow to 2024-03-23 00:00:00+00:00, run_after=2024-03-24 00:00:00+00:00
[2026-03-25T14:16:05.351+0000] {processor.py:183} INFO - Processing /opt/airflow/dags/example.py took 0.104 seconds
[2026-03-25T14:16:36.283+0000] {processor.py:161} INFO - Started process (PID=457) to work on /opt/airflow/dags/example.py
[2026-03-25T14:16:36.285+0000] {processor.py:830} INFO - Processing file /opt/airflow/dags/example.py for tasks to queue
[2026-03-25T14:16:36.287+0000] {logging_mixin.py:188} INFO - [2026-03-25T14:16:36.286+0000] {dagbag.py:545} INFO - Filling up the DagBag from /opt/airflow/dags/example.py
[2026-03-25T14:16:36.310+0000] {processor.py:840} INFO - DAG(s) 'hello_airflow' retrieved from /opt/airflow/dags/example.py
[2026-03-25T14:16:36.345+0000] {logging_mixin.py:188} INFO - [2026-03-25T14:16:36.345+0000] {dag.py:3096} INFO - Sync 1 DAGs
[2026-03-25T14:16:36.367+0000] {logging_mixin.py:188} INFO - [2026-03-25T14:16:36.367+0000] {dag.py:3954} INFO - Setting next_dagrun for hello_airflow to 2024-03-23 00:00:00+00:00, run_after=2024-03-24 00:00:00+00:00
[2026-03-25T14:16:36.390+0000] {processor.py:183} INFO - Processing /opt/airflow/dags/example.py took 0.115 seconds
[2026-03-25T14:17:06.995+0000] {processor.py:161} INFO - Started process (PID=483) to work on /opt/airflow/dags/example.py
[2026-03-25T14:17:06.996+0000] {processor.py:830} INFO - Processing file /opt/airflow/dags/example.py for tasks to queue
[2026-03-25T14:17:06.999+0000] {logging_mixin.py:188} INFO - [2026-03-25T14:17:06.998+0000] {dagbag.py:545} INFO - Filling up the DagBag from /opt/airflow/dags/example.py
[2026-03-25T14:17:07.020+0000] {processor.py:840} INFO - DAG(s) 'hello_airflow' retrieved from /opt/airflow/dags/example.py
[2026-03-25T14:17:07.050+0000] {logging_mixin.py:188} INFO - [2026-03-25T14:17:07.050+0000] {dag.py:3096} INFO - Sync 1 DAGs
[2026-03-25T14:17:07.072+0000] {logging_mixin.py:188} INFO - [2026-03-25T14:17:07.071+0000] {dag.py:3954} INFO - Setting next_dagrun for hello_airflow to 2024-03-23 00:00:00+00:00, run_after=2024-03-24 00:00:00+00:00
[2026-03-25T14:17:07.098+0000] {processor.py:183} INFO - Processing /opt/airflow/dags/example.py took 0.110 seconds
[2026-03-25T14:17:37.699+0000] {processor.py:161} INFO - Started process (PID=509) to work on /opt/airflow/dags/example.py
[2026-03-25T14:17:37.700+0000] {processor.py:830} INFO - Processing file /opt/airflow/dags/example.py for tasks to queue
[2026-03-25T14:17:37.702+0000] {logging_mixin.py:188} INFO - [2026-03-25T14:17:37.702+0000] {dagbag.py:545} INFO - Filling up the DagBag from /opt/airflow/dags/example.py
[2026-03-25T14:17:37.730+0000] {processor.py:840} INFO - DAG(s) 'hello_airflow' retrieved from /opt/airflow/dags/example.py
[2026-03-25T14:17:37.762+0000] {logging_mixin.py:188} INFO - [2026-03-25T14:17:37.762+0000] {dag.py:3096} INFO - Sync 1 DAGs
[2026-03-25T14:17:37.785+0000] {logging_mixin.py:188} INFO - [2026-03-25T14:17:37.784+0000] {dag.py:3954} INFO - Setting next_dagrun for hello_airflow to 2024-03-23 00:00:00+00:00, run_after=2024-03-24 00:00:00+00:00
[2026-03-25T14:17:37.812+0000] {processor.py:183} INFO - Processing /opt/airflow/dags/example.py took 0.120 seconds
[2026-03-25T14:18:08.358+0000] {processor.py:161} INFO - Started process (PID=535) to work on /opt/airflow/dags/example.py
[2026-03-25T14:18:08.359+0000] {processor.py:830} INFO - Processing file /opt/airflow/dags/example.py for tasks to queue
[2026-03-25T14:18:08.361+0000] {logging_mixin.py:188} INFO - [2026-03-25T14:18:08.361+0000] {dagbag.py:545} INFO - Filling up the DagBag from /opt/airflow/dags/example.py
[2026-03-25T14:18:08.385+0000] {processor.py:840} INFO - DAG(s) 'hello_airflow' retrieved from /opt/airflow/dags/example.py
[2026-03-25T14:18:08.418+0000] {logging_mixin.py:188} INFO - [2026-03-25T14:18:08.417+0000] {dag.py:3096} INFO - Sync 1 DAGs
[2026-03-25T14:18:08.439+0000] {logging_mixin.py:188} INFO - [2026-03-25T14:18:08.439+0000] {dag.py:3954} INFO - Setting next_dagrun for hello_airflow to 2024-03-23 00:00:00+00:00, run_after=2024-03-24 00:00:00+00:00
[2026-03-25T14:18:08.466+0000] {processor.py:183} INFO - Processing /opt/airflow/dags/example.py took 0.114 seconds
[2026-03-25T14:18:39.240+0000] {processor.py:161} INFO - Started process (PID=561) to work on /opt/airflow/dags/example.py
[2026-03-25T14:18:39.242+0000] {processor.py:830} INFO - Processing file /opt/airflow/dags/example.py for tasks to queue
[2026-03-25T14:18:39.244+0000] {logging_mixin.py:188} INFO - [2026-03-25T14:18:39.244+0000] {dagbag.py:545} INFO - Filling up the DagBag from /opt/airflow/dags/example.py
[2026-03-25T14:18:39.276+0000] {processor.py:840} INFO - DAG(s) 'hello_airflow' retrieved from /opt/airflow/dags/example.py
[2026-03-25T14:18:39.311+0000] {logging_mixin.py:188} INFO - [2026-03-25T14:18:39.310+0000] {dag.py:3096} INFO - Sync 1 DAGs
[2026-03-25T14:18:39.333+0000] {logging_mixin.py:188} INFO - [2026-03-25T14:18:39.333+0000] {dag.py:3954} INFO - Setting next_dagrun for hello_airflow to 2024-03-23 00:00:00+00:00, run_after=2024-03-24 00:00:00+00:00
[2026-03-25T14:18:39.358+0000] {processor.py:183} INFO - Processing /opt/airflow/dags/example.py took 0.125 seconds
[2026-03-25T14:19:09.945+0000] {processor.py:161} INFO - Started process (PID=587) to work on /opt/airflow/dags/example.py
[2026-03-25T14:19:09.947+0000] {processor.py:830} INFO - Processing file /opt/airflow/dags/example.py for tasks to queue
[2026-03-25T14:19:09.949+0000] {logging_mixin.py:188} INFO - [2026-03-25T14:19:09.949+0000] {dagbag.py:545} INFO - Filling up the DagBag from /opt/airflow/dags/example.py
[2026-03-25T14:19:09.970+0000] {processor.py:840} INFO - DAG(s) 'hello_airflow' retrieved from /opt/airflow/dags/example.py
[2026-03-25T14:19:10.001+0000] {logging_mixin.py:188} INFO - [2026-03-25T14:19:10.001+0000] {dag.py:3096} INFO - Sync 1 DAGs
[2026-03-25T14:19:10.023+0000] {logging_mixin.py:188} INFO - [2026-03-25T14:19:10.023+0000] {dag.py:3954} INFO - Setting next_dagrun for hello_airflow to 2024-03-23 00:00:00+00:00, run_after=2024-03-24 00:00:00+00:00
[2026-03-25T14:19:10.050+0000] {processor.py:183} INFO - Processing /opt/airflow/dags/example.py took 0.112 seconds
[2026-03-25T14:19:40.654+0000] {processor.py:161} INFO - Started process (PID=613) to work on /opt/airflow/dags/example.py
[2026-03-25T14:19:40.656+0000] {processor.py:830} INFO - Processing file /opt/airflow/dags/example.py for tasks to queue
[2026-03-25T14:19:40.660+0000] {logging_mixin.py:188} INFO - [2026-03-25T14:19:40.659+0000] {dagbag.py:545} INFO - Filling up the DagBag from /opt/airflow/dags/example.py
[2026-03-25T14:19:40.692+0000] {processor.py:840} INFO - DAG(s) 'hello_airflow' retrieved from /opt/airflow/dags/example.py
[2026-03-25T14:19:40.731+0000] {logging_mixin.py:188} INFO - [2026-03-25T14:19:40.731+0000] {dag.py:3096} INFO - Sync 1 DAGs
[2026-03-25T14:19:40.758+0000] {logging_mixin.py:188} INFO - [2026-03-25T14:19:40.757+0000] {dag.py:3954} INFO - Setting next_dagrun for hello_airflow to 2024-03-23 00:00:00+00:00, run_after=2024-03-24 00:00:00+00:00
[2026-03-25T14:19:40.785+0000] {processor.py:183} INFO - Processing /opt/airflow/dags/example.py took 0.138 seconds
[2026-03-25T14:20:11.351+0000] {processor.py:161} INFO - Started process (PID=639) to work on /opt/airflow/dags/example.py
[2026-03-25T14:20:11.353+0000] {processor.py:830} INFO - Processing file /opt/airflow/dags/example.py for tasks to queue
[2026-03-25T14:20:11.354+0000] {logging_mixin.py:188} INFO - [2026-03-25T14:20:11.354+0000] {dagbag.py:545} INFO - Filling up the DagBag from /opt/airflow/dags/example.py
[2026-03-25T14:20:11.376+0000] {processor.py:840} INFO - DAG(s) 'hello_airflow' retrieved from /opt/airflow/dags/example.py
[2026-03-25T14:20:11.407+0000] {logging_mixin.py:188} INFO - [2026-03-25T14:20:11.407+0000] {dag.py:3096} INFO - Sync 1 DAGs
[2026-03-25T14:20:11.432+0000] {logging_mixin.py:188} INFO - [2026-03-25T14:20:11.432+0000] {dag.py:3954} INFO - Setting next_dagrun for hello_airflow to 2024-03-23 00:00:00+00:00, run_after=2024-03-24 00:00:00+00:00
[2026-03-25T14:20:11.459+0000] {processor.py:183} INFO - Processing /opt/airflow/dags/example.py took 0.113 seconds
[2026-03-25T14:20:42.018+0000] {processor.py:161} INFO - Started process (PID=665) to work on /opt/airflow/dags/example.py
[2026-03-25T14:20:42.019+0000] {processor.py:830} INFO - Processing file /opt/airflow/dags/example.py for tasks to queue
[2026-03-25T14:20:42.022+0000] {logging_mixin.py:188} INFO - [2026-03-25T14:20:42.021+0000] {dagbag.py:545} INFO - Filling up the DagBag from /opt/airflow/dags/example.py
[2026-03-25T14:20:42.044+0000] {processor.py:840} INFO - DAG(s) 'hello_airflow' retrieved from /opt/airflow/dags/example.py
[2026-03-25T14:20:42.076+0000] {logging_mixin.py:188} INFO - [2026-03-25T14:20:42.076+0000] {dag.py:3096} INFO - Sync 1 DAGs
[2026-03-25T14:20:42.098+0000] {logging_mixin.py:188} INFO - [2026-03-25T14:20:42.097+0000] {dag.py:3954} INFO - Setting next_dagrun for hello_airflow to 2024-03-23 00:00:00+00:00, run_after=2024-03-24 00:00:00+00:00
[2026-03-25T14:20:42.124+0000] {processor.py:183} INFO - Processing /opt/airflow/dags/example.py took 0.113 seconds
[2026-03-25T14:21:12.849+0000] {processor.py:161} INFO - Started process (PID=691) to work on /opt/airflow/dags/example.py
[2026-03-25T14:21:12.850+0000] {processor.py:830} INFO - Processing file /opt/airflow/dags/example.py for tasks to queue
[2026-03-25T14:21:12.852+0000] {logging_mixin.py:188} INFO - [2026-03-25T14:21:12.852+0000] {dagbag.py:545} INFO - Filling up the DagBag from /opt/airflow/dags/example.py
[2026-03-25T14:21:12.873+0000] {processor.py:840} INFO - DAG(s) 'hello_airflow' retrieved from /opt/airflow/dags/example.py
[2026-03-25T14:21:12.907+0000] {logging_mixin.py:188} INFO - [2026-03-25T14:21:12.906+0000] {dag.py:3096} INFO - Sync 1 DAGs
[2026-03-25T14:21:12.928+0000] {logging_mixin.py:188} INFO - [2026-03-25T14:21:12.928+0000] {dag.py:3954} INFO - Setting next_dagrun for hello_airflow to 2024-03-23 00:00:00+00:00, run_after=2024-03-24 00:00:00+00:00
[2026-03-25T14:21:12.954+0000] {processor.py:183} INFO - Processing /opt/airflow/dags/example.py took 0.112 seconds
[2026-03-25T14:21:43.786+0000] {processor.py:161} INFO - Started process (PID=717) to work on /opt/airflow/dags/example.py
[2026-03-25T14:21:43.787+0000] {processor.py:830} INFO - Processing file /opt/airflow/dags/example.py for tasks to queue
[2026-03-25T14:21:43.789+0000] {logging_mixin.py:188} INFO - [2026-03-25T14:21:43.789+0000] {dagbag.py:545} INFO - Filling up the DagBag from /opt/airflow/dags/example.py
[2026-03-25T14:21:43.813+0000] {processor.py:840} INFO - DAG(s) 'hello_airflow' retrieved from /opt/airflow/dags/example.py
[2026-03-25T14:21:43.850+0000] {logging_mixin.py:188} INFO - [2026-03-25T14:21:43.849+0000] {dag.py:3096} INFO - Sync 1 DAGs
[2026-03-25T14:21:43.875+0000] {logging_mixin.py:188} INFO - [2026-03-25T14:21:43.875+0000] {dag.py:3954} INFO - Setting next_dagrun for hello_airflow to 2024-03-23 00:00:00+00:00, run_after=2024-03-24 00:00:00+00:00
[2026-03-25T14:21:43.901+0000] {processor.py:183} INFO - Processing /opt/airflow/dags/example.py took 0.122 seconds
[2026-03-25T14:22:14.620+0000] {processor.py:161} INFO - Started process (PID=743) to work on /opt/airflow/dags/example.py
[2026-03-25T14:22:14.621+0000] {processor.py:830} INFO - Processing file /opt/airflow/dags/example.py for tasks to queue
[2026-03-25T14:22:14.623+0000] {logging_mixin.py:188} INFO - [2026-03-25T14:22:14.623+0000] {dagbag.py:545} INFO - Filling up the DagBag from /opt/airflow/dags/example.py
[2026-03-25T14:22:14.645+0000] {processor.py:840} INFO - DAG(s) 'hello_airflow' retrieved from /opt/airflow/dags/example.py
[2026-03-25T14:22:14.677+0000] {logging_mixin.py:188} INFO - [2026-03-25T14:22:14.677+0000] {dag.py:3096} INFO - Sync 1 DAGs
[2026-03-25T14:22:14.698+0000] {logging_mixin.py:188} INFO - [2026-03-25T14:22:14.698+0000] {dag.py:3954} INFO - Setting next_dagrun for hello_airflow to 2024-03-23 00:00:00+00:00, run_after=2024-03-24 00:00:00+00:00
[2026-03-25T14:22:14.727+0000] {processor.py:183} INFO - Processing /opt/airflow/dags/example.py took 0.114 seconds
[2026-03-25T14:22:45.419+0000] {processor.py:161} INFO - Started process (PID=769) to work on /opt/airflow/dags/example.py
[2026-03-25T14:22:45.420+0000] {processor.py:830} INFO - Processing file /opt/airflow/dags/example.py for tasks to queue
[2026-03-25T14:22:45.422+0000] {logging_mixin.py:188} INFO - [2026-03-25T14:22:45.422+0000] {dagbag.py:545} INFO - Filling up the DagBag from /opt/airflow/dags/example.py
[2026-03-25T14:22:45.442+0000] {processor.py:840} INFO - DAG(s) 'hello_airflow' retrieved from /opt/airflow/dags/example.py
[2026-03-25T14:22:45.474+0000] {logging_mixin.py:188} INFO - [2026-03-25T14:22:45.474+0000] {dag.py:3096} INFO - Sync 1 DAGs
[2026-03-25T14:22:45.496+0000] {logging_mixin.py:188} INFO - [2026-03-25T14:22:45.496+0000] {dag.py:3954} INFO - Setting next_dagrun for hello_airflow to 2024-03-23 00:00:00+00:00, run_after=2024-03-24 00:00:00+00:00
[2026-03-25T14:22:45.520+0000] {processor.py:183} INFO - Processing /opt/airflow/dags/example.py took 0.107 seconds
[2026-03-25T14:23:16.209+0000] {processor.py:161} INFO - Started process (PID=795) to work on /opt/airflow/dags/example.py
[2026-03-25T14:23:16.211+0000] {processor.py:830} INFO - Processing file /opt/airflow/dags/example.py for tasks to queue
[2026-03-25T14:23:16.228+0000] {logging_mixin.py:188} INFO - [2026-03-25T14:23:16.222+0000] {dagbag.py:545} INFO - Filling up the DagBag from /opt/airflow/dags/example.py
[2026-03-25T14:23:16.428+0000] {processor.py:840} INFO - DAG(s) 'hello_airflow' retrieved from /opt/airflow/dags/example.py
[2026-03-25T14:23:16.620+0000] {logging_mixin.py:188} INFO - [2026-03-25T14:23:16.619+0000] {dag.py:3096} INFO - Sync 1 DAGs
[2026-03-25T14:23:16.802+0000] {logging_mixin.py:188} INFO - [2026-03-25T14:23:16.801+0000] {dag.py:3954} INFO - Setting next_dagrun for hello_airflow to 2024-03-23 00:00:00+00:00, run_after=2024-03-24 00:00:00+00:00
[2026-03-25T14:23:17.052+0000] {processor.py:183} INFO - Processing /opt/airflow/dags/example.py took 0.852 seconds
[2026-03-25T14:23:47.471+0000] {processor.py:161} INFO - Started process (PID=818) to work on /opt/airflow/dags/example.py
[2026-03-25T14:23:47.473+0000] {processor.py:830} INFO - Processing file /opt/airflow/dags/example.py for tasks to queue
[2026-03-25T14:23:47.475+0000] {logging_mixin.py:188} INFO - [2026-03-25T14:23:47.475+0000] {dagbag.py:545} INFO - Filling up the DagBag from /opt/airflow/dags/example.py
[2026-03-25T14:23:47.507+0000] {processor.py:840} INFO - DAG(s) 'hello_airflow' retrieved from /opt/airflow/dags/example.py
[2026-03-25T14:23:47.534+0000] {logging_mixin.py:188} INFO - [2026-03-25T14:23:47.533+0000] {dag.py:3096} INFO - Sync 1 DAGs
[2026-03-25T14:23:47.553+0000] {logging_mixin.py:188} INFO - [2026-03-25T14:23:47.553+0000] {dag.py:3954} INFO - Setting next_dagrun for hello_airflow to 2024-03-23 00:00:00+00:00, run_after=2024-03-24 00:00:00+00:00
[2026-03-25T14:23:47.576+0000] {processor.py:183} INFO - Processing /opt/airflow/dags/example.py took 0.111 seconds
[2026-03-25T14:24:18.331+0000] {processor.py:161} INFO - Started process (PID=844) to work on /opt/airflow/dags/example.py
[2026-03-25T14:24:18.333+0000] {processor.py:830} INFO - Processing file /opt/airflow/dags/example.py for tasks to queue
[2026-03-25T14:24:18.335+0000] {logging_mixin.py:188} INFO - [2026-03-25T14:24:18.334+0000] {dagbag.py:545} INFO - Filling up the DagBag from /opt/airflow/dags/example.py
[2026-03-25T14:24:18.354+0000] {processor.py:840} INFO - DAG(s) 'hello_airflow' retrieved from /opt/airflow/dags/example.py
[2026-03-25T14:24:18.384+0000] {logging_mixin.py:188} INFO - [2026-03-25T14:24:18.383+0000] {dag.py:3096} INFO - Sync 1 DAGs
[2026-03-25T14:24:18.405+0000] {logging_mixin.py:188} INFO - [2026-03-25T14:24:18.404+0000] {dag.py:3954} INFO - Setting next_dagrun for hello_airflow to 2024-03-23 00:00:00+00:00, run_after=2024-03-24 00:00:00+00:00
[2026-03-25T14:24:18.434+0000] {processor.py:183} INFO - Processing /opt/airflow/dags/example.py took 0.109 seconds
[2026-03-25T14:24:49.177+0000] {processor.py:161} INFO - Started process (PID=870) to work on /opt/airflow/dags/example.py
[2026-03-25T14:24:49.178+0000] {processor.py:830} INFO - Processing file /opt/airflow/dags/example.py for tasks to queue
[2026-03-25T14:24:49.181+0000] {logging_mixin.py:188} INFO - [2026-03-25T14:24:49.180+0000] {dagbag.py:545} INFO - Filling up the DagBag from /opt/airflow/dags/example.py
[2026-03-25T14:24:49.209+0000] {processor.py:840} INFO - DAG(s) 'hello_airflow' retrieved from /opt/airflow/dags/example.py
[2026-03-25T14:24:49.239+0000] {logging_mixin.py:188} INFO - [2026-03-25T14:24:49.239+0000] {dag.py:3096} INFO - Sync 1 DAGs
[2026-03-25T14:24:49.259+0000] {logging_mixin.py:188} INFO - [2026-03-25T14:24:49.259+0000] {dag.py:3954} INFO - Setting next_dagrun for hello_airflow to 2024-03-23 00:00:00+00:00, run_after=2024-03-24 00:00:00+00:00
[2026-03-25T14:24:49.283+0000] {processor.py:183} INFO - Processing /opt/airflow/dags/example.py took 0.112 seconds
[2026-03-25T14:25:19.920+0000] {processor.py:161} INFO - Started process (PID=896) to work on /opt/airflow/dags/example.py
[2026-03-25T14:25:19.923+0000] {processor.py:830} INFO - Processing file /opt/airflow/dags/example.py for tasks to queue
[2026-03-25T14:25:19.927+0000] {logging_mixin.py:188} INFO - [2026-03-25T14:25:19.927+0000] {dagbag.py:545} INFO - Filling up the DagBag from /opt/airflow/dags/example.py
[2026-03-25T14:25:19.980+0000] {processor.py:840} INFO - DAG(s) 'hello_airflow' retrieved from /opt/airflow/dags/example.py
[2026-03-25T14:25:20.015+0000] {logging_mixin.py:188} INFO - [2026-03-25T14:25:20.015+0000] {dag.py:3096} INFO - Sync 1 DAGs
[2026-03-25T14:25:20.045+0000] {logging_mixin.py:188} INFO - [2026-03-25T14:25:20.044+0000] {dag.py:3954} INFO - Setting next_dagrun for hello_airflow to 2024-03-23 00:00:00+00:00, run_after=2024-03-24 00:00:00+00:00
[2026-03-25T14:25:20.075+0000] {processor.py:183} INFO - Processing /opt/airflow/dags/example.py took 0.164 seconds
[2026-03-25T14:25:50.707+0000] {processor.py:161} INFO - Started process (PID=922) to work on /opt/airflow/dags/example.py
[2026-03-25T14:25:50.709+0000] {processor.py:830} INFO - Processing file /opt/airflow/dags/example.py for tasks to queue
[2026-03-25T14:25:50.711+0000] {logging_mixin.py:188} INFO - [2026-03-25T14:25:50.710+0000] {dagbag.py:545} INFO - Filling up the DagBag from /opt/airflow/dags/example.py
[2026-03-25T14:25:50.740+0000] {processor.py:840} INFO - DAG(s) 'hello_airflow' retrieved from /opt/airflow/dags/example.py
[2026-03-25T14:25:50.769+0000] {logging_mixin.py:188} INFO - [2026-03-25T14:25:50.769+0000] {dag.py:3096} INFO - Sync 1 DAGs
[2026-03-25T14:25:50.791+0000] {logging_mixin.py:188} INFO - [2026-03-25T14:25:50.791+0000] {dag.py:3954} INFO - Setting next_dagrun for hello_airflow to 2024-03-23 00:00:00+00:00, run_after=2024-03-24 00:00:00+00:00
[2026-03-25T14:25:50.814+0000] {processor.py:183} INFO - Processing /opt/airflow/dags/example.py took 0.113 seconds
[2026-03-25T14:26:21.522+0000] {processor.py:161} INFO - Started process (PID=948) to work on /opt/airflow/dags/example.py
[2026-03-25T14:26:21.523+0000] {processor.py:830} INFO - Processing file /opt/airflow/dags/example.py for tasks to queue
[2026-03-25T14:26:21.526+0000] {logging_mixin.py:188} INFO - [2026-03-25T14:26:21.525+0000] {dagbag.py:545} INFO - Filling up the DagBag from /opt/airflow/dags/example.py
[2026-03-25T14:26:21.544+0000] {processor.py:840} INFO - DAG(s) 'hello_airflow' retrieved from /opt/airflow/dags/example.py
[2026-03-25T14:26:21.583+0000] {logging_mixin.py:188} INFO - [2026-03-25T14:26:21.582+0000] {dag.py:3096} INFO - Sync 1 DAGs
[2026-03-25T14:26:21.605+0000] {logging_mixin.py:188} INFO - [2026-03-25T14:26:21.605+0000] {dag.py:3954} INFO - Setting next_dagrun for hello_airflow to 2024-03-23 00:00:00+00:00, run_after=2024-03-24 00:00:00+00:00
[2026-03-25T14:26:21.626+0000] {processor.py:183} INFO - Processing /opt/airflow/dags/example.py took 0.116 seconds
[2026-03-25T14:26:52.454+0000] {processor.py:161} INFO - Started process (PID=975) to work on /opt/airflow/dags/example.py
[2026-03-25T14:26:52.456+0000] {processor.py:830} INFO - Processing file /opt/airflow/dags/example.py for tasks to queue
[2026-03-25T14:26:52.458+0000] {logging_mixin.py:188} INFO - [2026-03-25T14:26:52.457+0000] {dagbag.py:545} INFO - Filling up the DagBag from /opt/airflow/dags/example.py
[2026-03-25T14:26:52.484+0000] {processor.py:840} INFO - DAG(s) 'hello_airflow' retrieved from /opt/airflow/dags/example.py
[2026-03-25T14:26:52.517+0000] {logging_mixin.py:188} INFO - [2026-03-25T14:26:52.517+0000] {dag.py:3096} INFO - Sync 1 DAGs
[2026-03-25T14:26:52.554+0000] {logging_mixin.py:188} INFO - [2026-03-25T14:26:52.553+0000] {dag.py:3954} INFO - Setting next_dagrun for hello_airflow to 2024-03-23 00:00:00+00:00, run_after=2024-03-24 00:00:00+00:00
[2026-03-25T14:26:52.590+0000] {processor.py:183} INFO - Processing /opt/airflow/dags/example.py took 0.143 seconds
[2026-03-25T14:27:23.240+0000] {processor.py:161} INFO - Started process (PID=1001) to work on /opt/airflow/dags/example.py
[2026-03-25T14:27:23.241+0000] {processor.py:830} INFO - Processing file /opt/airflow/dags/example.py for tasks to queue
[2026-03-25T14:27:23.243+0000] {logging_mixin.py:188} INFO - [2026-03-25T14:27:23.242+0000] {dagbag.py:545} INFO - Filling up the DagBag from /opt/airflow/dags/example.py
[2026-03-25T14:27:23.261+0000] {processor.py:840} INFO - DAG(s) 'hello_airflow' retrieved from /opt/airflow/dags/example.py
[2026-03-25T14:27:23.294+0000] {logging_mixin.py:188} INFO - [2026-03-25T14:27:23.294+0000] {dag.py:3096} INFO - Sync 1 DAGs
[2026-03-25T14:27:23.315+0000] {logging_mixin.py:188} INFO - [2026-03-25T14:27:23.314+0000] {dag.py:3954} INFO - Setting next_dagrun for hello_airflow to 2024-03-23 00:00:00+00:00, run_after=2024-03-24 00:00:00+00:00
[2026-03-25T14:27:23.339+0000] {processor.py:183} INFO - Processing /opt/airflow/dags/example.py took 0.105 seconds
[2026-03-25T14:27:54.031+0000] {processor.py:161} INFO - Started process (PID=1029) to work on /opt/airflow/dags/example.py
[2026-03-25T14:27:54.033+0000] {processor.py:830} INFO - Processing file /opt/airflow/dags/example.py for tasks to queue
[2026-03-25T14:27:54.037+0000] {logging_mixin.py:188} INFO - [2026-03-25T14:27:54.036+0000] {dagbag.py:545} INFO - Filling up the DagBag from /opt/airflow/dags/example.py
[2026-03-25T14:27:54.068+0000] {processor.py:840} INFO - DAG(s) 'hello_airflow' retrieved from /opt/airflow/dags/example.py
[2026-03-25T14:27:54.125+0000] {logging_mixin.py:188} INFO - [2026-03-25T14:27:54.124+0000] {dag.py:3096} INFO - Sync 1 DAGs
[2026-03-25T14:27:54.159+0000] {logging_mixin.py:188} INFO - [2026-03-25T14:27:54.159+0000] {dag.py:3954} INFO - Setting next_dagrun for hello_airflow to 2024-03-23 00:00:00+00:00, run_after=2024-03-24 00:00:00+00:00
[2026-03-25T14:27:54.199+0000] {processor.py:183} INFO - Processing /opt/airflow/dags/example.py took 0.176 seconds
[2026-03-25T14:28:24.846+0000] {processor.py:161} INFO - Started process (PID=1056) to work on /opt/airflow/dags/example.py
[2026-03-25T14:28:24.847+0000] {processor.py:830} INFO - Processing file /opt/airflow/dags/example.py for tasks to queue
[2026-03-25T14:28:24.850+0000] {logging_mixin.py:188} INFO - [2026-03-25T14:28:24.850+0000] {dagbag.py:545} INFO - Filling up the DagBag from /opt/airflow/dags/example.py
[2026-03-25T14:28:24.886+0000] {processor.py:840} INFO - DAG(s) 'hello_airflow' retrieved from /opt/airflow/dags/example.py
[2026-03-25T14:28:24.937+0000] {logging_mixin.py:188} INFO - [2026-03-25T14:28:24.937+0000] {dag.py:3096} INFO - Sync 1 DAGs
[2026-03-25T14:28:24.966+0000] {logging_mixin.py:188} INFO - [2026-03-25T14:28:24.965+0000] {dag.py:3954} INFO - Setting next_dagrun for hello_airflow to 2024-03-23 00:00:00+00:00, run_after=2024-03-24 00:00:00+00:00
[2026-03-25T14:28:24.989+0000] {processor.py:183} INFO - Processing /opt/airflow/dags/example.py took 0.151 seconds
[2026-03-25T14:28:55.544+0000] {processor.py:161} INFO - Started process (PID=1082) to work on /opt/airflow/dags/example.py
[2026-03-25T14:28:55.545+0000] {processor.py:830} INFO - Processing file /opt/airflow/dags/example.py for tasks to queue
[2026-03-25T14:28:55.548+0000] {logging_mixin.py:188} INFO - [2026-03-25T14:28:55.547+0000] {dagbag.py:545} INFO - Filling up the DagBag from /opt/airflow/dags/example.py
[2026-03-25T14:28:55.570+0000] {processor.py:840} INFO - DAG(s) 'hello_airflow' retrieved from /opt/airflow/dags/example.py
[2026-03-25T14:28:55.601+0000] {logging_mixin.py:188} INFO - [2026-03-25T14:28:55.600+0000] {dag.py:3096} INFO - Sync 1 DAGs
[2026-03-25T14:28:55.625+0000] {logging_mixin.py:188} INFO - [2026-03-25T14:28:55.625+0000] {dag.py:3954} INFO - Setting next_dagrun for hello_airflow to 2024-03-23 00:00:00+00:00, run_after=2024-03-24 00:00:00+00:00
[2026-03-25T14:28:55.648+0000] {processor.py:183} INFO - Processing /opt/airflow/dags/example.py took 0.112 seconds
[2026-03-25T14:29:26.272+0000] {processor.py:161} INFO - Started process (PID=1108) to work on /opt/airflow/dags/example.py
[2026-03-25T14:29:26.273+0000] {processor.py:830} INFO - Processing file /opt/airflow/dags/example.py for tasks to queue
[2026-03-25T14:29:26.278+0000] {logging_mixin.py:188} INFO - [2026-03-25T14:29:26.277+0000] {dagbag.py:545} INFO - Filling up the DagBag from /opt/airflow/dags/example.py
[2026-03-25T14:29:26.311+0000] {processor.py:840} INFO - DAG(s) 'hello_airflow' retrieved from /opt/airflow/dags/example.py
[2026-03-25T14:29:26.346+0000] {logging_mixin.py:188} INFO - [2026-03-25T14:29:26.346+0000] {dag.py:3096} INFO - Sync 1 DAGs
[2026-03-25T14:29:26.370+0000] {logging_mixin.py:188} INFO - [2026-03-25T14:29:26.369+0000] {dag.py:3954} INFO - Setting next_dagrun for hello_airflow to 2024-03-23 00:00:00+00:00, run_after=2024-03-24 00:00:00+00:00
[2026-03-25T14:29:26.398+0000] {processor.py:183} INFO - Processing /opt/airflow/dags/example.py took 0.135 seconds
[2026-03-25T14:29:45.131+0000] {processor.py:161} INFO - Started process (PID=186) to work on /opt/airflow/dags/example.py
[2026-03-25T14:29:45.132+0000] {processor.py:830} INFO - Processing file /opt/airflow/dags/example.py for tasks to queue
[2026-03-25T14:29:45.135+0000] {logging_mixin.py:188} INFO - [2026-03-25T14:29:45.134+0000] {dagbag.py:545} INFO - Filling up the DagBag from /opt/airflow/dags/example.py
[2026-03-25T14:29:45.165+0000] {processor.py:840} INFO - DAG(s) 'hello_airflow' retrieved from /opt/airflow/dags/example.py
[2026-03-25T14:29:45.202+0000] {logging_mixin.py:188} INFO - [2026-03-25T14:29:45.202+0000] {dag.py:3096} INFO - Sync 1 DAGs
[2026-03-25T14:29:45.228+0000] {logging_mixin.py:188} INFO - [2026-03-25T14:29:45.228+0000] {dag.py:3954} INFO - Setting next_dagrun for hello_airflow to 2024-03-23 00:00:00+00:00, run_after=2024-03-24 00:00:00+00:00
[2026-03-25T14:29:45.254+0000] {processor.py:183} INFO - Processing /opt/airflow/dags/example.py took 0.131 seconds
[2026-03-25T14:30:15.892+0000] {processor.py:161} INFO - Started process (PID=212) to work on /opt/airflow/dags/example.py
[2026-03-25T14:30:15.893+0000] {processor.py:830} INFO - Processing file /opt/airflow/dags/example.py for tasks to queue
[2026-03-25T14:30:15.895+0000] {logging_mixin.py:188} INFO - [2026-03-25T14:30:15.895+0000] {dagbag.py:545} INFO - Filling up the DagBag from /opt/airflow/dags/example.py
[2026-03-25T14:30:15.923+0000] {processor.py:840} INFO - DAG(s) 'hello_airflow' retrieved from /opt/airflow/dags/example.py
[2026-03-25T14:30:15.968+0000] {logging_mixin.py:188} INFO - [2026-03-25T14:30:15.968+0000] {dag.py:3096} INFO - Sync 1 DAGs
[2026-03-25T14:30:15.993+0000] {logging_mixin.py:188} INFO - [2026-03-25T14:30:15.992+0000] {dag.py:3954} INFO - Setting next_dagrun for hello_airflow to 2024-03-23 00:00:00+00:00, run_after=2024-03-24 00:00:00+00:00
[2026-03-25T14:30:16.014+0000] {processor.py:183} INFO - Processing /opt/airflow/dags/example.py took 0.130 seconds
[2026-03-25T14:30:46.618+0000] {processor.py:161} INFO - Started process (PID=238) to work on /opt/airflow/dags/example.py
[2026-03-25T14:30:46.619+0000] {processor.py:830} INFO - Processing file /opt/airflow/dags/example.py for tasks to queue
[2026-03-25T14:30:46.622+0000] {logging_mixin.py:188} INFO - [2026-03-25T14:30:46.622+0000] {dagbag.py:545} INFO - Filling up the DagBag from /opt/airflow/dags/example.py
[2026-03-25T14:30:46.660+0000] {processor.py:840} INFO - DAG(s) 'hello_airflow' retrieved from /opt/airflow/dags/example.py
[2026-03-25T14:30:46.694+0000] {logging_mixin.py:188} INFO - [2026-03-25T14:30:46.694+0000] {dag.py:3096} INFO - Sync 1 DAGs
[2026-03-25T14:30:46.714+0000] {logging_mixin.py:188} INFO - [2026-03-25T14:30:46.714+0000] {dag.py:3954} INFO - Setting next_dagrun for hello_airflow to 2024-03-23 00:00:00+00:00, run_after=2024-03-24 00:00:00+00:00
[2026-03-25T14:30:46.734+0000] {processor.py:183} INFO - Processing /opt/airflow/dags/example.py took 0.125 seconds
[2026-03-25T14:31:17.318+0000] {processor.py:161} INFO - Started process (PID=280) to work on /opt/airflow/dags/example.py
[2026-03-25T14:31:17.320+0000] {processor.py:830} INFO - Processing file /opt/airflow/dags/example.py for tasks to queue
[2026-03-25T14:31:17.322+0000] {logging_mixin.py:188} INFO - [2026-03-25T14:31:17.322+0000] {dagbag.py:545} INFO - Filling up the DagBag from /opt/airflow/dags/example.py
[2026-03-25T14:31:17.341+0000] {processor.py:840} INFO - DAG(s) 'hello_airflow' retrieved from /opt/airflow/dags/example.py
[2026-03-25T14:31:17.374+0000] {logging_mixin.py:188} INFO - [2026-03-25T14:31:17.373+0000] {dag.py:3096} INFO - Sync 1 DAGs
[2026-03-25T14:31:17.396+0000] {logging_mixin.py:188} INFO - [2026-03-25T14:31:17.396+0000] {dag.py:3954} INFO - Setting next_dagrun for hello_airflow to 2024-03-23 00:00:00+00:00, run_after=2024-03-24 00:00:00+00:00
[2026-03-25T14:31:17.417+0000] {processor.py:183} INFO - Processing /opt/airflow/dags/example.py took 0.106 seconds
[2026-03-25T14:31:48.028+0000] {processor.py:161} INFO - Started process (PID=306) to work on /opt/airflow/dags/example.py
[2026-03-25T14:31:48.030+0000] {processor.py:830} INFO - Processing file /opt/airflow/dags/example.py for tasks to queue
[2026-03-25T14:31:48.032+0000] {logging_mixin.py:188} INFO - [2026-03-25T14:31:48.032+0000] {dagbag.py:545} INFO - Filling up the DagBag from /opt/airflow/dags/example.py
[2026-03-25T14:31:48.056+0000] {processor.py:840} INFO - DAG(s) 'hello_airflow' retrieved from /opt/airflow/dags/example.py
[2026-03-25T14:31:48.086+0000] {logging_mixin.py:188} INFO - [2026-03-25T14:31:48.086+0000] {dag.py:3096} INFO - Sync 1 DAGs
[2026-03-25T14:31:48.108+0000] {logging_mixin.py:188} INFO - [2026-03-25T14:31:48.107+0000] {dag.py:3954} INFO - Setting next_dagrun for hello_airflow to 2024-03-23 00:00:00+00:00, run_after=2024-03-24 00:00:00+00:00
[2026-03-25T14:31:48.134+0000] {processor.py:183} INFO - Processing /opt/airflow/dags/example.py took 0.112 seconds
[2026-03-25T14:32:18.746+0000] {processor.py:161} INFO - Started process (PID=332) to work on /opt/airflow/dags/example.py
[2026-03-25T14:32:18.748+0000] {processor.py:830} INFO - Processing file /opt/airflow/dags/example.py for tasks to queue
[2026-03-25T14:32:18.750+0000] {logging_mixin.py:188} INFO - [2026-03-25T14:32:18.750+0000] {dagbag.py:545} INFO - Filling up the DagBag from /opt/airflow/dags/example.py
[2026-03-25T14:32:18.768+0000] {processor.py:840} INFO - DAG(s) 'hello_airflow' retrieved from /opt/airflow/dags/example.py
[2026-03-25T14:32:18.798+0000] {logging_mixin.py:188} INFO - [2026-03-25T14:32:18.798+0000] {dag.py:3096} INFO - Sync 1 DAGs
[2026-03-25T14:32:18.820+0000] {logging_mixin.py:188} INFO - [2026-03-25T14:32:18.820+0000] {dag.py:3954} INFO - Setting next_dagrun for hello_airflow to 2024-03-23 00:00:00+00:00, run_after=2024-03-24 00:00:00+00:00
[2026-03-25T14:32:18.839+0000] {processor.py:183} INFO - Processing /opt/airflow/dags/example.py took 0.100 seconds
[2026-03-25T14:32:49.570+0000] {processor.py:161} INFO - Started process (PID=360) to work on /opt/airflow/dags/example.py
[2026-03-25T14:32:49.571+0000] {processor.py:830} INFO - Processing file /opt/airflow/dags/example.py for tasks to queue
[2026-03-25T14:32:49.573+0000] {logging_mixin.py:188} INFO - [2026-03-25T14:32:49.572+0000] {dagbag.py:545} INFO - Filling up the DagBag from /opt/airflow/dags/example.py
[2026-03-25T14:32:49.591+0000] {processor.py:840} INFO - DAG(s) 'hello_airflow' retrieved from /opt/airflow/dags/example.py
[2026-03-25T14:32:49.618+0000] {logging_mixin.py:188} INFO - [2026-03-25T14:32:49.617+0000] {dag.py:3096} INFO - Sync 1 DAGs
[2026-03-25T14:32:49.638+0000] {logging_mixin.py:188} INFO - [2026-03-25T14:32:49.638+0000] {dag.py:3954} INFO - Setting next_dagrun for hello_airflow to 2024-03-23 00:00:00+00:00, run_after=2024-03-24 00:00:00+00:00
[2026-03-25T14:32:49.663+0000] {processor.py:183} INFO - Processing /opt/airflow/dags/example.py took 0.101 seconds
[2026-03-25T14:33:20.273+0000] {processor.py:161} INFO - Started process (PID=390) to work on /opt/airflow/dags/example.py
[2026-03-25T14:33:20.275+0000] {processor.py:830} INFO - Processing file /opt/airflow/dags/example.py for tasks to queue
[2026-03-25T14:33:20.278+0000] {logging_mixin.py:188} INFO - [2026-03-25T14:33:20.278+0000] {dagbag.py:545} INFO - Filling up the DagBag from /opt/airflow/dags/example.py
[2026-03-25T14:33:20.305+0000] {processor.py:840} INFO - DAG(s) 'hello_airflow' retrieved from /opt/airflow/dags/example.py
[2026-03-25T14:33:20.342+0000] {logging_mixin.py:188} INFO - [2026-03-25T14:33:20.341+0000] {dag.py:3096} INFO - Sync 1 DAGs
[2026-03-25T14:33:20.369+0000] {logging_mixin.py:188} INFO - [2026-03-25T14:33:20.368+0000] {dag.py:3954} INFO - Setting next_dagrun for hello_airflow to 2024-03-23 00:00:00+00:00, run_after=2024-03-24 00:00:00+00:00
[2026-03-25T14:33:20.393+0000] {processor.py:183} INFO - Processing /opt/airflow/dags/example.py took 0.127 seconds
[2026-03-25T14:33:51.004+0000] {processor.py:161} INFO - Started process (PID=416) to work on /opt/airflow/dags/example.py
[2026-03-25T14:33:51.006+0000] {processor.py:830} INFO - Processing file /opt/airflow/dags/example.py for tasks to queue
[2026-03-25T14:33:51.008+0000] {logging_mixin.py:188} INFO - [2026-03-25T14:33:51.008+0000] {dagbag.py:545} INFO - Filling up the DagBag from /opt/airflow/dags/example.py
[2026-03-25T14:33:51.030+0000] {processor.py:840} INFO - DAG(s) 'hello_airflow' retrieved from /opt/airflow/dags/example.py
[2026-03-25T14:33:51.062+0000] {logging_mixin.py:188} INFO - [2026-03-25T14:33:51.062+0000] {dag.py:3096} INFO - Sync 1 DAGs
[2026-03-25T14:33:51.085+0000] {logging_mixin.py:188} INFO - [2026-03-25T14:33:51.085+0000] {dag.py:3954} INFO - Setting next_dagrun for hello_airflow to 2024-03-23 00:00:00+00:00, run_after=2024-03-24 00:00:00+00:00
[2026-03-25T14:33:51.106+0000] {processor.py:183} INFO - Processing /opt/airflow/dags/example.py took 0.108 seconds
[2026-03-25T14:34:21.813+0000] {processor.py:161} INFO - Started process (PID=442) to work on /opt/airflow/dags/example.py
[2026-03-25T14:34:21.816+0000] {processor.py:830} INFO - Processing file /opt/airflow/dags/example.py for tasks to queue
[2026-03-25T14:34:21.818+0000] {logging_mixin.py:188} INFO - [2026-03-25T14:34:21.818+0000] {dagbag.py:545} INFO - Filling up the DagBag from /opt/airflow/dags/example.py
[2026-03-25T14:34:21.853+0000] {processor.py:840} INFO - DAG(s) 'hello_airflow' retrieved from /opt/airflow/dags/example.py
[2026-03-25T14:34:21.902+0000] {logging_mixin.py:188} INFO - [2026-03-25T14:34:21.902+0000] {dag.py:3096} INFO - Sync 1 DAGs
[2026-03-25T14:34:21.930+0000] {logging_mixin.py:188} INFO - [2026-03-25T14:34:21.930+0000] {dag.py:3954} INFO - Setting next_dagrun for hello_airflow to 2024-03-23 00:00:00+00:00, run_after=2024-03-24 00:00:00+00:00
[2026-03-25T14:34:21.949+0000] {processor.py:183} INFO - Processing /opt/airflow/dags/example.py took 0.148 seconds
[2026-03-25T14:34:52.769+0000] {processor.py:161} INFO - Started process (PID=468) to work on /opt/airflow/dags/example.py
[2026-03-25T14:34:52.771+0000] {processor.py:830} INFO - Processing file /opt/airflow/dags/example.py for tasks to queue
[2026-03-25T14:34:52.773+0000] {logging_mixin.py:188} INFO - [2026-03-25T14:34:52.772+0000] {dagbag.py:545} INFO - Filling up the DagBag from /opt/airflow/dags/example.py
[2026-03-25T14:34:52.804+0000] {processor.py:840} INFO - DAG(s) 'hello_airflow' retrieved from /opt/airflow/dags/example.py
[2026-03-25T14:34:52.839+0000] {logging_mixin.py:188} INFO - [2026-03-25T14:34:52.838+0000] {dag.py:3096} INFO - Sync 1 DAGs
[2026-03-25T14:34:52.861+0000] {logging_mixin.py:188} INFO - [2026-03-25T14:34:52.860+0000] {dag.py:3954} INFO - Setting next_dagrun for hello_airflow to 2024-03-23 00:00:00+00:00, run_after=2024-03-24 00:00:00+00:00
[2026-03-25T14:34:52.880+0000] {processor.py:183} INFO - Processing /opt/airflow/dags/example.py took 0.116 seconds
[2026-03-25T14:35:23.506+0000] {processor.py:161} INFO - Started process (PID=494) to work on /opt/airflow/dags/example.py
[2026-03-25T14:35:23.508+0000] {processor.py:830} INFO - Processing file /opt/airflow/dags/example.py for tasks to queue
[2026-03-25T14:35:23.511+0000] {logging_mixin.py:188} INFO - [2026-03-25T14:35:23.510+0000] {dagbag.py:545} INFO - Filling up the DagBag from /opt/airflow/dags/example.py
[2026-03-25T14:35:23.540+0000] {processor.py:840} INFO - DAG(s) 'hello_airflow' retrieved from /opt/airflow/dags/example.py
[2026-03-25T14:35:23.578+0000] {logging_mixin.py:188} INFO - [2026-03-25T14:35:23.578+0000] {dag.py:3096} INFO - Sync 1 DAGs
[2026-03-25T14:35:23.600+0000] {logging_mixin.py:188} INFO - [2026-03-25T14:35:23.600+0000] {dag.py:3954} INFO - Setting next_dagrun for hello_airflow to 2024-03-23 00:00:00+00:00, run_after=2024-03-24 00:00:00+00:00
[2026-03-25T14:35:23.623+0000] {processor.py:183} INFO - Processing /opt/airflow/dags/example.py took 0.125 seconds
[2026-03-25T14:35:54.295+0000] {processor.py:161} INFO - Started process (PID=520) to work on /opt/airflow/dags/example.py
[2026-03-25T14:35:54.296+0000] {processor.py:830} INFO - Processing file /opt/airflow/dags/example.py for tasks to queue
[2026-03-25T14:35:54.299+0000] {logging_mixin.py:188} INFO - [2026-03-25T14:35:54.298+0000] {dagbag.py:545} INFO - Filling up the DagBag from /opt/airflow/dags/example.py
[2026-03-25T14:35:54.330+0000] {processor.py:840} INFO - DAG(s) 'hello_airflow' retrieved from /opt/airflow/dags/example.py
[2026-03-25T14:35:54.368+0000] {logging_mixin.py:188} INFO - [2026-03-25T14:35:54.368+0000] {dag.py:3096} INFO - Sync 1 DAGs
[2026-03-25T14:35:54.392+0000] {logging_mixin.py:188} INFO - [2026-03-25T14:35:54.391+0000] {dag.py:3954} INFO - Setting next_dagrun for hello_airflow to 2024-03-23 00:00:00+00:00, run_after=2024-03-24 00:00:00+00:00
[2026-03-25T14:35:54.416+0000] {processor.py:183} INFO - Processing /opt/airflow/dags/example.py took 0.127 seconds
[2026-03-25T14:36:25.148+0000] {processor.py:161} INFO - Started process (PID=546) to work on /opt/airflow/dags/example.py
[2026-03-25T14:36:25.150+0000] {processor.py:830} INFO - Processing file /opt/airflow/dags/example.py for tasks to queue
[2026-03-25T14:36:25.153+0000] {logging_mixin.py:188} INFO - [2026-03-25T14:36:25.152+0000] {dagbag.py:545} INFO - Filling up the DagBag from /opt/airflow/dags/example.py
[2026-03-25T14:36:25.183+0000] {processor.py:840} INFO - DAG(s) 'hello_airflow' retrieved from /opt/airflow/dags/example.py
[2026-03-25T14:36:25.226+0000] {logging_mixin.py:188} INFO - [2026-03-25T14:36:25.225+0000] {dag.py:3096} INFO - Sync 1 DAGs
[2026-03-25T14:36:25.257+0000] {logging_mixin.py:188} INFO - [2026-03-25T14:36:25.256+0000] {dag.py:3954} INFO - Setting next_dagrun for hello_airflow to 2024-03-23 00:00:00+00:00, run_after=2024-03-24 00:00:00+00:00
[2026-03-25T14:36:25.286+0000] {processor.py:183} INFO - Processing /opt/airflow/dags/example.py took 0.146 seconds
[2026-03-25T14:36:55.877+0000] {processor.py:161} INFO - Started process (PID=572) to work on /opt/airflow/dags/example.py
[2026-03-25T14:36:55.878+0000] {processor.py:830} INFO - Processing file /opt/airflow/dags/example.py for tasks to queue
[2026-03-25T14:36:55.880+0000] {logging_mixin.py:188} INFO - [2026-03-25T14:36:55.880+0000] {dagbag.py:545} INFO - Filling up the DagBag from /opt/airflow/dags/example.py
[2026-03-25T14:36:55.911+0000] {processor.py:840} INFO - DAG(s) 'hello_airflow' retrieved from /opt/airflow/dags/example.py
[2026-03-25T14:36:55.944+0000] {logging_mixin.py:188} INFO - [2026-03-25T14:36:55.943+0000] {dag.py:3096} INFO - Sync 1 DAGs
[2026-03-25T14:36:55.966+0000] {logging_mixin.py:188} INFO - [2026-03-25T14:36:55.966+0000] {dag.py:3954} INFO - Setting next_dagrun for hello_airflow to 2024-03-23 00:00:00+00:00, run_after=2024-03-24 00:00:00+00:00
[2026-03-25T14:36:55.989+0000] {processor.py:183} INFO - Processing /opt/airflow/dags/example.py took 0.118 seconds
[2026-03-25T14:37:26.719+0000] {processor.py:161} INFO - Started process (PID=598) to work on /opt/airflow/dags/example.py
[2026-03-25T14:37:26.721+0000] {processor.py:830} INFO - Processing file /opt/airflow/dags/example.py for tasks to queue
[2026-03-25T14:37:26.725+0000] {logging_mixin.py:188} INFO - [2026-03-25T14:37:26.725+0000] {dagbag.py:545} INFO - Filling up the DagBag from /opt/airflow/dags/example.py
[2026-03-25T14:37:26.772+0000] {processor.py:840} INFO - DAG(s) 'hello_airflow' retrieved from /opt/airflow/dags/example.py
[2026-03-25T14:37:26.810+0000] {logging_mixin.py:188} INFO - [2026-03-25T14:37:26.810+0000] {dag.py:3096} INFO - Sync 1 DAGs
[2026-03-25T14:37:26.840+0000] {logging_mixin.py:188} INFO - [2026-03-25T14:37:26.840+0000] {dag.py:3954} INFO - Setting next_dagrun for hello_airflow to 2024-03-23 00:00:00+00:00, run_after=2024-03-24 00:00:00+00:00
[2026-03-25T14:37:26.870+0000] {processor.py:183} INFO - Processing /opt/airflow/dags/example.py took 0.164 seconds
[2026-03-25T14:37:57.503+0000] {processor.py:161} INFO - Started process (PID=625) to work on /opt/airflow/dags/example.py
[2026-03-25T14:37:57.504+0000] {processor.py:830} INFO - Processing file /opt/airflow/dags/example.py for tasks to queue
[2026-03-25T14:37:57.507+0000] {logging_mixin.py:188} INFO - [2026-03-25T14:37:57.507+0000] {dagbag.py:545} INFO - Filling up the DagBag from /opt/airflow/dags/example.py
[2026-03-25T14:37:57.539+0000] {processor.py:840} INFO - DAG(s) 'hello_airflow' retrieved from /opt/airflow/dags/example.py
[2026-03-25T14:37:57.586+0000] {logging_mixin.py:188} INFO - [2026-03-25T14:37:57.585+0000] {dag.py:3096} INFO - Sync 1 DAGs
[2026-03-25T14:37:57.619+0000] {logging_mixin.py:188} INFO - [2026-03-25T14:37:57.618+0000] {dag.py:3954} INFO - Setting next_dagrun for hello_airflow to 2024-03-23 00:00:00+00:00, run_after=2024-03-24 00:00:00+00:00
[2026-03-25T14:37:57.650+0000] {processor.py:183} INFO - Processing /opt/airflow/dags/example.py took 0.155 seconds
[2026-03-25T14:38:28.659+0000] {processor.py:161} INFO - Started process (PID=651) to work on /opt/airflow/dags/example.py
[2026-03-25T14:38:28.668+0000] {processor.py:830} INFO - Processing file /opt/airflow/dags/example.py for tasks to queue
[2026-03-25T14:38:28.670+0000] {logging_mixin.py:188} INFO - [2026-03-25T14:38:28.670+0000] {dagbag.py:545} INFO - Filling up the DagBag from /opt/airflow/dags/example.py
[2026-03-25T14:38:28.701+0000] {processor.py:840} INFO - DAG(s) 'hello_airflow' retrieved from /opt/airflow/dags/example.py
[2026-03-25T14:38:28.757+0000] {logging_mixin.py:188} INFO - [2026-03-25T14:38:28.756+0000] {dag.py:3096} INFO - Sync 1 DAGs
[2026-03-25T14:38:28.804+0000] {logging_mixin.py:188} INFO - [2026-03-25T14:38:28.804+0000] {dag.py:3954} INFO - Setting next_dagrun for hello_airflow to 2024-03-23 00:00:00+00:00, run_after=2024-03-24 00:00:00+00:00
[2026-03-25T14:38:28.838+0000] {processor.py:183} INFO - Processing /opt/airflow/dags/example.py took 0.188 seconds
[2026-03-25T14:38:59.537+0000] {processor.py:161} INFO - Started process (PID=678) to work on /opt/airflow/dags/example.py
[2026-03-25T14:38:59.539+0000] {processor.py:830} INFO - Processing file /opt/airflow/dags/example.py for tasks to queue
[2026-03-25T14:38:59.542+0000] {logging_mixin.py:188} INFO - [2026-03-25T14:38:59.541+0000] {dagbag.py:545} INFO - Filling up the DagBag from /opt/airflow/dags/example.py
[2026-03-25T14:38:59.564+0000] {processor.py:840} INFO - DAG(s) 'hello_airflow' retrieved from /opt/airflow/dags/example.py
[2026-03-25T14:38:59.598+0000] {logging_mixin.py:188} INFO - [2026-03-25T14:38:59.598+0000] {dag.py:3096} INFO - Sync 1 DAGs
[2026-03-25T14:38:59.621+0000] {logging_mixin.py:188} INFO - [2026-03-25T14:38:59.620+0000] {dag.py:3954} INFO - Setting next_dagrun for hello_airflow to 2024-03-23 00:00:00+00:00, run_after=2024-03-24 00:00:00+00:00
[2026-03-25T14:38:59.645+0000] {processor.py:183} INFO - Processing /opt/airflow/dags/example.py took 0.114 seconds
[2026-03-25T14:39:30.213+0000] {processor.py:161} INFO - Started process (PID=704) to work on /opt/airflow/dags/example.py
[2026-03-25T14:39:30.214+0000] {processor.py:830} INFO - Processing file /opt/airflow/dags/example.py for tasks to queue
[2026-03-25T14:39:30.217+0000] {logging_mixin.py:188} INFO - [2026-03-25T14:39:30.216+0000] {dagbag.py:545} INFO - Filling up the DagBag from /opt/airflow/dags/example.py
[2026-03-25T14:39:30.243+0000] {processor.py:840} INFO - DAG(s) 'hello_airflow' retrieved from /opt/airflow/dags/example.py
[2026-03-25T14:39:30.278+0000] {logging_mixin.py:188} INFO - [2026-03-25T14:39:30.278+0000] {dag.py:3096} INFO - Sync 1 DAGs
[2026-03-25T14:39:30.301+0000] {logging_mixin.py:188} INFO - [2026-03-25T14:39:30.301+0000] {dag.py:3954} INFO - Setting next_dagrun for hello_airflow to 2024-03-23 00:00:00+00:00, run_after=2024-03-24 00:00:00+00:00
[2026-03-25T14:39:30.326+0000] {processor.py:183} INFO - Processing /opt/airflow/dags/example.py took 0.120 seconds
[2026-03-25T14:40:01.079+0000] {processor.py:161} INFO - Started process (PID=730) to work on /opt/airflow/dags/example.py
[2026-03-25T14:40:01.081+0000] {processor.py:830} INFO - Processing file /opt/airflow/dags/example.py for tasks to queue
[2026-03-25T14:40:01.085+0000] {logging_mixin.py:188} INFO - [2026-03-25T14:40:01.085+0000] {dagbag.py:545} INFO - Filling up the DagBag from /opt/airflow/dags/example.py
[2026-03-25T14:40:01.130+0000] {processor.py:840} INFO - DAG(s) 'hello_airflow' retrieved from /opt/airflow/dags/example.py
[2026-03-25T14:40:01.201+0000] {logging_mixin.py:188} INFO - [2026-03-25T14:40:01.201+0000] {dag.py:3096} INFO - Sync 1 DAGs
[2026-03-25T14:40:01.246+0000] {logging_mixin.py:188} INFO - [2026-03-25T14:40:01.246+0000] {dag.py:3954} INFO - Setting next_dagrun for hello_airflow to 2024-03-23 00:00:00+00:00, run_after=2024-03-24 00:00:00+00:00
[2026-03-25T14:40:01.271+0000] {processor.py:183} INFO - Processing /opt/airflow/dags/example.py took 0.212 seconds
[2026-03-25T14:40:31.952+0000] {processor.py:161} INFO - Started process (PID=756) to work on /opt/airflow/dags/example.py
[2026-03-25T14:40:31.953+0000] {processor.py:830} INFO - Processing file /opt/airflow/dags/example.py for tasks to queue
[2026-03-25T14:40:31.955+0000] {logging_mixin.py:188} INFO - [2026-03-25T14:40:31.955+0000] {dagbag.py:545} INFO - Filling up the DagBag from /opt/airflow/dags/example.py
[2026-03-25T14:40:31.981+0000] {processor.py:840} INFO - DAG(s) 'hello_airflow' retrieved from /opt/airflow/dags/example.py
[2026-03-25T14:40:32.030+0000] {logging_mixin.py:188} INFO - [2026-03-25T14:40:32.029+0000] {dag.py:3096} INFO - Sync 1 DAGs
[2026-03-25T14:40:32.073+0000] {logging_mixin.py:188} INFO - [2026-03-25T14:40:32.073+0000] {dag.py:3954} INFO - Setting next_dagrun for hello_airflow to 2024-03-23 00:00:00+00:00, run_after=2024-03-24 00:00:00+00:00
[2026-03-25T14:40:32.113+0000] {processor.py:183} INFO - Processing /opt/airflow/dags/example.py took 0.168 seconds
[2026-03-25T14:41:02.728+0000] {processor.py:161} INFO - Started process (PID=782) to work on /opt/airflow/dags/example.py
[2026-03-25T14:41:02.729+0000] {processor.py:830} INFO - Processing file /opt/airflow/dags/example.py for tasks to queue
[2026-03-25T14:41:02.731+0000] {logging_mixin.py:188} INFO - [2026-03-25T14:41:02.730+0000] {dagbag.py:545} INFO - Filling up the DagBag from /opt/airflow/dags/example.py
[2026-03-25T14:41:02.753+0000] {processor.py:840} INFO - DAG(s) 'hello_airflow' retrieved from /opt/airflow/dags/example.py
[2026-03-25T14:41:02.783+0000] {logging_mixin.py:188} INFO - [2026-03-25T14:41:02.783+0000] {dag.py:3096} INFO - Sync 1 DAGs
[2026-03-25T14:41:02.808+0000] {logging_mixin.py:188} INFO - [2026-03-25T14:41:02.808+0000] {dag.py:3954} INFO - Setting next_dagrun for hello_airflow to 2024-03-23 00:00:00+00:00, run_after=2024-03-24 00:00:00+00:00
[2026-03-25T14:41:02.830+0000] {processor.py:183} INFO - Processing /opt/airflow/dags/example.py took 0.109 seconds
[2026-03-25T14:41:33.456+0000] {processor.py:161} INFO - Started process (PID=808) to work on /opt/airflow/dags/example.py
[2026-03-25T14:41:33.457+0000] {processor.py:830} INFO - Processing file /opt/airflow/dags/example.py for tasks to queue
[2026-03-25T14:41:33.460+0000] {logging_mixin.py:188} INFO - [2026-03-25T14:41:33.459+0000] {dagbag.py:545} INFO - Filling up the DagBag from /opt/airflow/dags/example.py
[2026-03-25T14:41:33.485+0000] {processor.py:840} INFO - DAG(s) 'hello_airflow' retrieved from /opt/airflow/dags/example.py
[2026-03-25T14:41:33.522+0000] {logging_mixin.py:188} INFO - [2026-03-25T14:41:33.522+0000] {dag.py:3096} INFO - Sync 1 DAGs
[2026-03-25T14:41:33.546+0000] {logging_mixin.py:188} INFO - [2026-03-25T14:41:33.546+0000] {dag.py:3954} INFO - Setting next_dagrun for hello_airflow to 2024-03-23 00:00:00+00:00, run_after=2024-03-24 00:00:00+00:00
[2026-03-25T14:41:33.571+0000] {processor.py:183} INFO - Processing /opt/airflow/dags/example.py took 0.122 seconds
[2026-03-25T14:42:04.175+0000] {processor.py:161} INFO - Started process (PID=834) to work on /opt/airflow/dags/example.py
[2026-03-25T14:42:04.176+0000] {processor.py:830} INFO - Processing file /opt/airflow/dags/example.py for tasks to queue
[2026-03-25T14:42:04.178+0000] {logging_mixin.py:188} INFO - [2026-03-25T14:42:04.178+0000] {dagbag.py:545} INFO - Filling up the DagBag from /opt/airflow/dags/example.py
[2026-03-25T14:42:04.200+0000] {processor.py:840} INFO - DAG(s) 'hello_airflow' retrieved from /opt/airflow/dags/example.py
[2026-03-25T14:42:04.253+0000] {logging_mixin.py:188} INFO - [2026-03-25T14:42:04.252+0000] {dag.py:3096} INFO - Sync 1 DAGs
[2026-03-25T14:42:04.285+0000] {logging_mixin.py:188} INFO - [2026-03-25T14:42:04.284+0000] {dag.py:3954} INFO - Setting next_dagrun for hello_airflow to 2024-03-23 00:00:00+00:00, run_after=2024-03-24 00:00:00+00:00
[2026-03-25T14:42:04.313+0000] {processor.py:183} INFO - Processing /opt/airflow/dags/example.py took 0.145 seconds
[2026-03-25T14:42:34.950+0000] {processor.py:161} INFO - Started process (PID=861) to work on /opt/airflow/dags/example.py
[2026-03-25T14:42:34.951+0000] {processor.py:830} INFO - Processing file /opt/airflow/dags/example.py for tasks to queue
[2026-03-25T14:42:34.954+0000] {logging_mixin.py:188} INFO - [2026-03-25T14:42:34.953+0000] {dagbag.py:545} INFO - Filling up the DagBag from /opt/airflow/dags/example.py
[2026-03-25T14:42:34.975+0000] {processor.py:840} INFO - DAG(s) 'hello_airflow' retrieved from /opt/airflow/dags/example.py
[2026-03-25T14:42:35.012+0000] {logging_mixin.py:188} INFO - [2026-03-25T14:42:35.012+0000] {dag.py:3096} INFO - Sync 1 DAGs
[2026-03-25T14:42:35.040+0000] {logging_mixin.py:188} INFO - [2026-03-25T14:42:35.040+0000] {dag.py:3954} INFO - Setting next_dagrun for hello_airflow to 2024-03-23 00:00:00+00:00, run_after=2024-03-24 00:00:00+00:00
[2026-03-25T14:42:35.068+0000] {processor.py:183} INFO - Processing /opt/airflow/dags/example.py took 0.125 seconds
[2026-03-25T14:43:05.680+0000] {processor.py:161} INFO - Started process (PID=887) to work on /opt/airflow/dags/example.py
[2026-03-25T14:43:05.682+0000] {processor.py:830} INFO - Processing file /opt/airflow/dags/example.py for tasks to queue
[2026-03-25T14:43:05.685+0000] {logging_mixin.py:188} INFO - [2026-03-25T14:43:05.684+0000] {dagbag.py:545} INFO - Filling up the DagBag from /opt/airflow/dags/example.py
[2026-03-25T14:43:05.715+0000] {processor.py:840} INFO - DAG(s) 'hello_airflow' retrieved from /opt/airflow/dags/example.py
[2026-03-25T14:43:05.754+0000] {logging_mixin.py:188} INFO - [2026-03-25T14:43:05.754+0000] {dag.py:3096} INFO - Sync 1 DAGs
[2026-03-25T14:43:05.782+0000] {logging_mixin.py:188} INFO - [2026-03-25T14:43:05.782+0000] {dag.py:3954} INFO - Setting next_dagrun for hello_airflow to 2024-03-23 00:00:00+00:00, run_after=2024-03-24 00:00:00+00:00
[2026-03-25T14:43:05.811+0000] {processor.py:183} INFO - Processing /opt/airflow/dags/example.py took 0.139 seconds
[2026-03-25T14:43:36.503+0000] {processor.py:161} INFO - Started process (PID=913) to work on /opt/airflow/dags/example.py
[2026-03-25T14:43:36.505+0000] {processor.py:830} INFO - Processing file /opt/airflow/dags/example.py for tasks to queue
[2026-03-25T14:43:36.508+0000] {logging_mixin.py:188} INFO - [2026-03-25T14:43:36.508+0000] {dagbag.py:545} INFO - Filling up the DagBag from /opt/airflow/dags/example.py
[2026-03-25T14:43:36.536+0000] {processor.py:840} INFO - DAG(s) 'hello_airflow' retrieved from /opt/airflow/dags/example.py
[2026-03-25T14:43:36.591+0000] {logging_mixin.py:188} INFO - [2026-03-25T14:43:36.591+0000] {dag.py:3096} INFO - Sync 1 DAGs
[2026-03-25T14:43:36.619+0000] {logging_mixin.py:188} INFO - [2026-03-25T14:43:36.619+0000] {dag.py:3954} INFO - Setting next_dagrun for hello_airflow to 2024-03-23 00:00:00+00:00, run_after=2024-03-24 00:00:00+00:00
[2026-03-25T14:43:36.648+0000] {processor.py:183} INFO - Processing /opt/airflow/dags/example.py took 0.152 seconds
[2026-03-25T14:44:07.259+0000] {processor.py:161} INFO - Started process (PID=939) to work on /opt/airflow/dags/example.py
[2026-03-25T14:44:07.260+0000] {processor.py:830} INFO - Processing file /opt/airflow/dags/example.py for tasks to queue
[2026-03-25T14:44:07.263+0000] {logging_mixin.py:188} INFO - [2026-03-25T14:44:07.263+0000] {dagbag.py:545} INFO - Filling up the DagBag from /opt/airflow/dags/example.py
[2026-03-25T14:44:07.292+0000] {processor.py:840} INFO - DAG(s) 'hello_airflow' retrieved from /opt/airflow/dags/example.py
[2026-03-25T14:44:07.330+0000] {logging_mixin.py:188} INFO - [2026-03-25T14:44:07.330+0000] {dag.py:3096} INFO - Sync 1 DAGs
[2026-03-25T14:44:07.354+0000] {logging_mixin.py:188} INFO - [2026-03-25T14:44:07.354+0000] {dag.py:3954} INFO - Setting next_dagrun for hello_airflow to 2024-03-23 00:00:00+00:00, run_after=2024-03-24 00:00:00+00:00
[2026-03-25T14:44:07.381+0000] {processor.py:183} INFO - Processing /opt/airflow/dags/example.py took 0.133 seconds
[2026-03-25T14:44:38.032+0000] {processor.py:161} INFO - Started process (PID=965) to work on /opt/airflow/dags/example.py
[2026-03-25T14:44:38.034+0000] {processor.py:830} INFO - Processing file /opt/airflow/dags/example.py for tasks to queue
[2026-03-25T14:44:38.038+0000] {logging_mixin.py:188} INFO - [2026-03-25T14:44:38.037+0000] {dagbag.py:545} INFO - Filling up the DagBag from /opt/airflow/dags/example.py
[2026-03-25T14:44:38.080+0000] {processor.py:840} INFO - DAG(s) 'hello_airflow' retrieved from /opt/airflow/dags/example.py
[2026-03-25T14:44:38.117+0000] {logging_mixin.py:188} INFO - [2026-03-25T14:44:38.117+0000] {dag.py:3096} INFO - Sync 1 DAGs
[2026-03-25T14:44:38.140+0000] {logging_mixin.py:188} INFO - [2026-03-25T14:44:38.140+0000] {dag.py:3954} INFO - Setting next_dagrun for hello_airflow to 2024-03-23 00:00:00+00:00, run_after=2024-03-24 00:00:00+00:00
[2026-03-25T14:44:38.167+0000] {processor.py:183} INFO - Processing /opt/airflow/dags/example.py took 0.143 seconds
[2026-03-25T14:45:08.992+0000] {processor.py:161} INFO - Started process (PID=991) to work on /opt/airflow/dags/example.py
[2026-03-25T14:45:08.995+0000] {processor.py:830} INFO - Processing file /opt/airflow/dags/example.py for tasks to queue
[2026-03-25T14:45:08.999+0000] {logging_mixin.py:188} INFO - [2026-03-25T14:45:08.999+0000] {dagbag.py:545} INFO - Filling up the DagBag from /opt/airflow/dags/example.py
[2026-03-25T14:45:09.028+0000] {processor.py:840} INFO - DAG(s) 'hello_airflow' retrieved from /opt/airflow/dags/example.py
[2026-03-25T14:45:09.070+0000] {logging_mixin.py:188} INFO - [2026-03-25T14:45:09.070+0000] {dag.py:3096} INFO - Sync 1 DAGs
[2026-03-25T14:45:09.100+0000] {logging_mixin.py:188} INFO - [2026-03-25T14:45:09.100+0000] {dag.py:3954} INFO - Setting next_dagrun for hello_airflow to 2024-03-23 00:00:00+00:00, run_after=2024-03-24 00:00:00+00:00
[2026-03-25T14:45:09.128+0000] {processor.py:183} INFO - Processing /opt/airflow/dags/example.py took 0.143 seconds
[2026-03-25T14:45:39.773+0000] {processor.py:161} INFO - Started process (PID=1019) to work on /opt/airflow/dags/example.py
[2026-03-25T14:45:39.775+0000] {processor.py:830} INFO - Processing file /opt/airflow/dags/example.py for tasks to queue
[2026-03-25T14:45:39.777+0000] {logging_mixin.py:188} INFO - [2026-03-25T14:45:39.777+0000] {dagbag.py:545} INFO - Filling up the DagBag from /opt/airflow/dags/example.py
[2026-03-25T14:45:39.796+0000] {processor.py:840} INFO - DAG(s) 'hello_airflow' retrieved from /opt/airflow/dags/example.py
[2026-03-25T14:45:39.825+0000] {logging_mixin.py:188} INFO - [2026-03-25T14:45:39.825+0000] {dag.py:3096} INFO - Sync 1 DAGs
[2026-03-25T14:45:39.847+0000] {logging_mixin.py:188} INFO - [2026-03-25T14:45:39.846+0000] {dag.py:3954} INFO - Setting next_dagrun for hello_airflow to 2024-03-23 00:00:00+00:00, run_after=2024-03-24 00:00:00+00:00
[2026-03-25T14:45:39.873+0000] {processor.py:183} INFO - Processing /opt/airflow/dags/example.py took 0.106 seconds
[2026-03-25T14:46:10.741+0000] {processor.py:161} INFO - Started process (PID=1043) to work on /opt/airflow/dags/example.py
[2026-03-25T14:46:10.743+0000] {processor.py:830} INFO - Processing file /opt/airflow/dags/example.py for tasks to queue
[2026-03-25T14:46:10.746+0000] {logging_mixin.py:188} INFO - [2026-03-25T14:46:10.745+0000] {dagbag.py:545} INFO - Filling up the DagBag from /opt/airflow/dags/example.py
[2026-03-25T14:46:10.781+0000] {processor.py:840} INFO - DAG(s) 'hello_airflow' retrieved from /opt/airflow/dags/example.py
[2026-03-25T14:46:10.836+0000] {logging_mixin.py:188} INFO - [2026-03-25T14:46:10.836+0000] {dag.py:3096} INFO - Sync 1 DAGs
[2026-03-25T14:46:10.880+0000] {logging_mixin.py:188} INFO - [2026-03-25T14:46:10.880+0000] {dag.py:3954} INFO - Setting next_dagrun for hello_airflow to 2024-03-23 00:00:00+00:00, run_after=2024-03-24 00:00:00+00:00
[2026-03-25T14:46:10.914+0000] {processor.py:183} INFO - Processing /opt/airflow/dags/example.py took 0.182 seconds
[2026-03-25T14:46:41.181+0000] {processor.py:161} INFO - Started process (PID=1069) to work on /opt/airflow/dags/example.py
[2026-03-25T14:46:41.183+0000] {processor.py:830} INFO - Processing file /opt/airflow/dags/example.py for tasks to queue
[2026-03-25T14:46:41.186+0000] {logging_mixin.py:188} INFO - [2026-03-25T14:46:41.185+0000] {dagbag.py:545} INFO - Filling up the DagBag from /opt/airflow/dags/example.py
[2026-03-25T14:46:41.217+0000] {processor.py:840} INFO - DAG(s) 'hello_airflow' retrieved from /opt/airflow/dags/example.py
[2026-03-25T14:46:41.254+0000] {logging_mixin.py:188} INFO - [2026-03-25T14:46:41.253+0000] {dag.py:3096} INFO - Sync 1 DAGs
[2026-03-25T14:46:41.278+0000] {logging_mixin.py:188} INFO - [2026-03-25T14:46:41.277+0000] {dag.py:3954} INFO - Setting next_dagrun for hello_airflow to 2024-03-23 00:00:00+00:00, run_after=2024-03-24 00:00:00+00:00
[2026-03-25T14:46:41.303+0000] {processor.py:183} INFO - Processing /opt/airflow/dags/example.py took 0.127 seconds
[2026-03-25T14:47:11.881+0000] {processor.py:161} INFO - Started process (PID=1095) to work on /opt/airflow/dags/example.py
[2026-03-25T14:47:11.882+0000] {processor.py:830} INFO - Processing file /opt/airflow/dags/example.py for tasks to queue
[2026-03-25T14:47:11.884+0000] {logging_mixin.py:188} INFO - [2026-03-25T14:47:11.884+0000] {dagbag.py:545} INFO - Filling up the DagBag from /opt/airflow/dags/example.py
[2026-03-25T14:47:11.910+0000] {processor.py:840} INFO - DAG(s) 'hello_airflow' retrieved from /opt/airflow/dags/example.py
[2026-03-25T14:47:11.946+0000] {logging_mixin.py:188} INFO - [2026-03-25T14:47:11.946+0000] {dag.py:3096} INFO - Sync 1 DAGs
[2026-03-25T14:47:11.968+0000] {logging_mixin.py:188} INFO - [2026-03-25T14:47:11.968+0000] {dag.py:3954} INFO - Setting next_dagrun for hello_airflow to 2024-03-23 00:00:00+00:00, run_after=2024-03-24 00:00:00+00:00
[2026-03-25T14:47:11.995+0000] {processor.py:183} INFO - Processing /opt/airflow/dags/example.py took 0.121 seconds
[2026-03-25T14:47:42.679+0000] {processor.py:161} INFO - Started process (PID=1121) to work on /opt/airflow/dags/example.py
[2026-03-25T14:47:42.680+0000] {processor.py:830} INFO - Processing file /opt/airflow/dags/example.py for tasks to queue
[2026-03-25T14:47:42.683+0000] {logging_mixin.py:188} INFO - [2026-03-25T14:47:42.683+0000] {dagbag.py:545} INFO - Filling up the DagBag from /opt/airflow/dags/example.py
[2026-03-25T14:47:42.705+0000] {processor.py:840} INFO - DAG(s) 'hello_airflow' retrieved from /opt/airflow/dags/example.py
[2026-03-25T14:47:42.740+0000] {logging_mixin.py:188} INFO - [2026-03-25T14:47:42.739+0000] {dag.py:3096} INFO - Sync 1 DAGs
[2026-03-25T14:47:42.763+0000] {logging_mixin.py:188} INFO - [2026-03-25T14:47:42.763+0000] {dag.py:3954} INFO - Setting next_dagrun for hello_airflow to 2024-03-23 00:00:00+00:00, run_after=2024-03-24 00:00:00+00:00
[2026-03-25T14:47:42.788+0000] {processor.py:183} INFO - Processing /opt/airflow/dags/example.py took 0.116 seconds
[2026-03-25T14:48:13.486+0000] {processor.py:161} INFO - Started process (PID=1147) to work on /opt/airflow/dags/example.py
[2026-03-25T14:48:13.487+0000] {processor.py:830} INFO - Processing file /opt/airflow/dags/example.py for tasks to queue
[2026-03-25T14:48:13.489+0000] {logging_mixin.py:188} INFO - [2026-03-25T14:48:13.489+0000] {dagbag.py:545} INFO - Filling up the DagBag from /opt/airflow/dags/example.py
[2026-03-25T14:48:13.510+0000] {processor.py:840} INFO - DAG(s) 'hello_airflow' retrieved from /opt/airflow/dags/example.py
[2026-03-25T14:48:13.546+0000] {logging_mixin.py:188} INFO - [2026-03-25T14:48:13.546+0000] {dag.py:3096} INFO - Sync 1 DAGs
[2026-03-25T14:48:13.570+0000] {logging_mixin.py:188} INFO - [2026-03-25T14:48:13.570+0000] {dag.py:3954} INFO - Setting next_dagrun for hello_airflow to 2024-03-23 00:00:00+00:00, run_after=2024-03-24 00:00:00+00:00
[2026-03-25T14:48:13.592+0000] {processor.py:183} INFO - Processing /opt/airflow/dags/example.py took 0.111 seconds
[2026-03-25T14:48:44.263+0000] {processor.py:161} INFO - Started process (PID=1173) to work on /opt/airflow/dags/example.py
[2026-03-25T14:48:44.265+0000] {processor.py:830} INFO - Processing file /opt/airflow/dags/example.py for tasks to queue
[2026-03-25T14:48:44.267+0000] {logging_mixin.py:188} INFO - [2026-03-25T14:48:44.266+0000] {dagbag.py:545} INFO - Filling up the DagBag from /opt/airflow/dags/example.py
[2026-03-25T14:48:44.288+0000] {processor.py:840} INFO - DAG(s) 'hello_airflow' retrieved from /opt/airflow/dags/example.py
[2026-03-25T14:48:44.321+0000] {logging_mixin.py:188} INFO - [2026-03-25T14:48:44.321+0000] {dag.py:3096} INFO - Sync 1 DAGs
[2026-03-25T14:48:44.344+0000] {logging_mixin.py:188} INFO - [2026-03-25T14:48:44.344+0000] {dag.py:3954} INFO - Setting next_dagrun for hello_airflow to 2024-03-23 00:00:00+00:00, run_after=2024-03-24 00:00:00+00:00
[2026-03-25T14:48:44.369+0000] {processor.py:183} INFO - Processing /opt/airflow/dags/example.py took 0.112 seconds
[2026-03-25T14:49:14.989+0000] {processor.py:161} INFO - Started process (PID=1199) to work on /opt/airflow/dags/example.py
[2026-03-25T14:49:14.991+0000] {processor.py:830} INFO - Processing file /opt/airflow/dags/example.py for tasks to queue
[2026-03-25T14:49:14.994+0000] {logging_mixin.py:188} INFO - [2026-03-25T14:49:14.994+0000] {dagbag.py:545} INFO - Filling up the DagBag from /opt/airflow/dags/example.py
[2026-03-25T14:49:15.023+0000] {processor.py:840} INFO - DAG(s) 'hello_airflow' retrieved from /opt/airflow/dags/example.py
[2026-03-25T14:49:15.081+0000] {logging_mixin.py:188} INFO - [2026-03-25T14:49:15.081+0000] {dag.py:3096} INFO - Sync 1 DAGs
[2026-03-25T14:49:15.119+0000] {logging_mixin.py:188} INFO - [2026-03-25T14:49:15.119+0000] {dag.py:3954} INFO - Setting next_dagrun for hello_airflow to 2024-03-23 00:00:00+00:00, run_after=2024-03-24 00:00:00+00:00
[2026-03-25T14:49:15.149+0000] {processor.py:183} INFO - Processing /opt/airflow/dags/example.py took 0.172 seconds
[2026-03-25T14:49:45.731+0000] {processor.py:161} INFO - Started process (PID=1225) to work on /opt/airflow/dags/example.py
[2026-03-25T14:49:45.733+0000] {processor.py:830} INFO - Processing file /opt/airflow/dags/example.py for tasks to queue
[2026-03-25T14:49:45.734+0000] {logging_mixin.py:188} INFO - [2026-03-25T14:49:45.734+0000] {dagbag.py:545} INFO - Filling up the DagBag from /opt/airflow/dags/example.py
[2026-03-25T14:49:45.755+0000] {processor.py:840} INFO - DAG(s) 'hello_airflow' retrieved from /opt/airflow/dags/example.py
[2026-03-25T14:49:45.786+0000] {logging_mixin.py:188} INFO - [2026-03-25T14:49:45.785+0000] {dag.py:3096} INFO - Sync 1 DAGs
[2026-03-25T14:49:45.808+0000] {logging_mixin.py:188} INFO - [2026-03-25T14:49:45.808+0000] {dag.py:3954} INFO - Setting next_dagrun for hello_airflow to 2024-03-23 00:00:00+00:00, run_after=2024-03-24 00:00:00+00:00
[2026-03-25T14:49:45.830+0000] {processor.py:183} INFO - Processing /opt/airflow/dags/example.py took 0.106 seconds
[2026-03-25T14:50:16.635+0000] {processor.py:161} INFO - Started process (PID=1251) to work on /opt/airflow/dags/example.py
[2026-03-25T14:50:16.636+0000] {processor.py:830} INFO - Processing file /opt/airflow/dags/example.py for tasks to queue
[2026-03-25T14:50:16.638+0000] {logging_mixin.py:188} INFO - [2026-03-25T14:50:16.638+0000] {dagbag.py:545} INFO - Filling up the DagBag from /opt/airflow/dags/example.py
[2026-03-25T14:50:16.657+0000] {processor.py:840} INFO - DAG(s) 'hello_airflow' retrieved from /opt/airflow/dags/example.py
[2026-03-25T14:50:16.688+0000] {logging_mixin.py:188} INFO - [2026-03-25T14:50:16.688+0000] {dag.py:3096} INFO - Sync 1 DAGs
[2026-03-25T14:50:16.711+0000] {logging_mixin.py:188} INFO - [2026-03-25T14:50:16.711+0000] {dag.py:3954} INFO - Setting next_dagrun for hello_airflow to 2024-03-23 00:00:00+00:00, run_after=2024-03-24 00:00:00+00:00
[2026-03-25T14:50:16.735+0000] {processor.py:183} INFO - Processing /opt/airflow/dags/example.py took 0.107 seconds
[2026-03-25T14:50:47.297+0000] {processor.py:161} INFO - Started process (PID=1277) to work on /opt/airflow/dags/example.py
[2026-03-25T14:50:47.299+0000] {processor.py:830} INFO - Processing file /opt/airflow/dags/example.py for tasks to queue
[2026-03-25T14:50:47.301+0000] {logging_mixin.py:188} INFO - [2026-03-25T14:50:47.301+0000] {dagbag.py:545} INFO - Filling up the DagBag from /opt/airflow/dags/example.py
[2026-03-25T14:50:47.323+0000] {processor.py:840} INFO - DAG(s) 'hello_airflow' retrieved from /opt/airflow/dags/example.py
[2026-03-25T14:50:47.357+0000] {logging_mixin.py:188} INFO - [2026-03-25T14:50:47.357+0000] {dag.py:3096} INFO - Sync 1 DAGs
[2026-03-25T14:50:47.382+0000] {logging_mixin.py:188} INFO - [2026-03-25T14:50:47.382+0000] {dag.py:3954} INFO - Setting next_dagrun for hello_airflow to 2024-03-23 00:00:00+00:00, run_after=2024-03-24 00:00:00+00:00
[2026-03-25T14:50:47.406+0000] {processor.py:183} INFO - Processing /opt/airflow/dags/example.py took 0.115 seconds
[2026-03-25T14:51:17.992+0000] {processor.py:161} INFO - Started process (PID=1303) to work on /opt/airflow/dags/example.py
[2026-03-25T14:51:17.993+0000] {processor.py:830} INFO - Processing file /opt/airflow/dags/example.py for tasks to queue
[2026-03-25T14:51:17.995+0000] {logging_mixin.py:188} INFO - [2026-03-25T14:51:17.995+0000] {dagbag.py:545} INFO - Filling up the DagBag from /opt/airflow/dags/example.py
[2026-03-25T14:51:18.021+0000] {processor.py:840} INFO - DAG(s) 'hello_airflow' retrieved from /opt/airflow/dags/example.py
[2026-03-25T14:51:18.057+0000] {logging_mixin.py:188} INFO - [2026-03-25T14:51:18.057+0000] {dag.py:3096} INFO - Sync 1 DAGs
[2026-03-25T14:51:18.079+0000] {logging_mixin.py:188} INFO - [2026-03-25T14:51:18.079+0000] {dag.py:3954} INFO - Setting next_dagrun for hello_airflow to 2024-03-23 00:00:00+00:00, run_after=2024-03-24 00:00:00+00:00
[2026-03-25T14:51:18.098+0000] {processor.py:183} INFO - Processing /opt/airflow/dags/example.py took 0.112 seconds
[2026-03-25T14:51:48.709+0000] {processor.py:161} INFO - Started process (PID=1329) to work on /opt/airflow/dags/example.py
[2026-03-25T14:51:48.711+0000] {processor.py:830} INFO - Processing file /opt/airflow/dags/example.py for tasks to queue
[2026-03-25T14:51:48.714+0000] {logging_mixin.py:188} INFO - [2026-03-25T14:51:48.713+0000] {dagbag.py:545} INFO - Filling up the DagBag from /opt/airflow/dags/example.py
[2026-03-25T14:51:48.748+0000] {processor.py:840} INFO - DAG(s) 'hello_airflow' retrieved from /opt/airflow/dags/example.py
[2026-03-25T14:51:48.793+0000] {logging_mixin.py:188} INFO - [2026-03-25T14:51:48.792+0000] {dag.py:3096} INFO - Sync 1 DAGs
[2026-03-25T14:51:48.823+0000] {logging_mixin.py:188} INFO - [2026-03-25T14:51:48.822+0000] {dag.py:3954} INFO - Setting next_dagrun for hello_airflow to 2024-03-23 00:00:00+00:00, run_after=2024-03-24 00:00:00+00:00
[2026-03-25T14:51:48.857+0000] {processor.py:183} INFO - Processing /opt/airflow/dags/example.py took 0.156 seconds
[2026-03-25T14:52:19.435+0000] {processor.py:161} INFO - Started process (PID=1355) to work on /opt/airflow/dags/example.py
[2026-03-25T14:52:19.436+0000] {processor.py:830} INFO - Processing file /opt/airflow/dags/example.py for tasks to queue
[2026-03-25T14:52:19.439+0000] {logging_mixin.py:188} INFO - [2026-03-25T14:52:19.438+0000] {dagbag.py:545} INFO - Filling up the DagBag from /opt/airflow/dags/example.py
[2026-03-25T14:52:19.459+0000] {processor.py:840} INFO - DAG(s) 'hello_airflow' retrieved from /opt/airflow/dags/example.py
[2026-03-25T14:52:19.493+0000] {logging_mixin.py:188} INFO - [2026-03-25T14:52:19.492+0000] {dag.py:3096} INFO - Sync 1 DAGs
[2026-03-25T14:52:19.515+0000] {logging_mixin.py:188} INFO - [2026-03-25T14:52:19.515+0000] {dag.py:3954} INFO - Setting next_dagrun for hello_airflow to 2024-03-23 00:00:00+00:00, run_after=2024-03-24 00:00:00+00:00
[2026-03-25T14:52:19.543+0000] {processor.py:183} INFO - Processing /opt/airflow/dags/example.py took 0.114 seconds
[2026-03-25T14:52:50.129+0000] {processor.py:161} INFO - Started process (PID=1381) to work on /opt/airflow/dags/example.py
[2026-03-25T14:52:50.130+0000] {processor.py:830} INFO - Processing file /opt/airflow/dags/example.py for tasks to queue
[2026-03-25T14:52:50.132+0000] {logging_mixin.py:188} INFO - [2026-03-25T14:52:50.132+0000] {dagbag.py:545} INFO - Filling up the DagBag from /opt/airflow/dags/example.py
[2026-03-25T14:52:50.158+0000] {processor.py:840} INFO - DAG(s) 'hello_airflow' retrieved from /opt/airflow/dags/example.py
[2026-03-25T14:52:50.192+0000] {logging_mixin.py:188} INFO - [2026-03-25T14:52:50.192+0000] {dag.py:3096} INFO - Sync 1 DAGs
[2026-03-25T14:52:50.212+0000] {logging_mixin.py:188} INFO - [2026-03-25T14:52:50.212+0000] {dag.py:3954} INFO - Setting next_dagrun for hello_airflow to 2024-03-23 00:00:00+00:00, run_after=2024-03-24 00:00:00+00:00
[2026-03-25T14:52:50.234+0000] {processor.py:183} INFO - Processing /opt/airflow/dags/example.py took 0.111 seconds
[2026-03-25T14:53:20.878+0000] {processor.py:161} INFO - Started process (PID=1409) to work on /opt/airflow/dags/example.py
[2026-03-25T14:53:20.879+0000] {processor.py:830} INFO - Processing file /opt/airflow/dags/example.py for tasks to queue
[2026-03-25T14:53:20.882+0000] {logging_mixin.py:188} INFO - [2026-03-25T14:53:20.881+0000] {dagbag.py:545} INFO - Filling up the DagBag from /opt/airflow/dags/example.py
[2026-03-25T14:53:20.904+0000] {processor.py:840} INFO - DAG(s) 'hello_airflow' retrieved from /opt/airflow/dags/example.py
[2026-03-25T14:53:20.939+0000] {logging_mixin.py:188} INFO - [2026-03-25T14:53:20.938+0000] {dag.py:3096} INFO - Sync 1 DAGs
[2026-03-25T14:53:20.963+0000] {logging_mixin.py:188} INFO - [2026-03-25T14:53:20.962+0000] {dag.py:3954} INFO - Setting next_dagrun for hello_airflow to 2024-03-23 00:00:00+00:00, run_after=2024-03-24 00:00:00+00:00
[2026-03-25T14:53:20.993+0000] {processor.py:183} INFO - Processing /opt/airflow/dags/example.py took 0.122 seconds
[2026-03-25T14:53:51.457+0000] {processor.py:161} INFO - Started process (PID=1433) to work on /opt/airflow/dags/example.py
[2026-03-25T14:53:51.458+0000] {processor.py:830} INFO - Processing file /opt/airflow/dags/example.py for tasks to queue
[2026-03-25T14:53:51.460+0000] {logging_mixin.py:188} INFO - [2026-03-25T14:53:51.459+0000] {dagbag.py:545} INFO - Filling up the DagBag from /opt/airflow/dags/example.py
[2026-03-25T14:53:51.480+0000] {processor.py:840} INFO - DAG(s) 'hello_airflow' retrieved from /opt/airflow/dags/example.py
[2026-03-25T14:53:51.510+0000] {logging_mixin.py:188} INFO - [2026-03-25T14:53:51.509+0000] {dag.py:3096} INFO - Sync 1 DAGs
[2026-03-25T14:53:51.532+0000] {logging_mixin.py:188} INFO - [2026-03-25T14:53:51.532+0000] {dag.py:3954} INFO - Setting next_dagrun for hello_airflow to 2024-03-23 00:00:00+00:00, run_after=2024-03-24 00:00:00+00:00
[2026-03-25T14:53:51.556+0000] {processor.py:183} INFO - Processing /opt/airflow/dags/example.py took 0.106 seconds
[2026-03-25T14:54:22.199+0000] {processor.py:161} INFO - Started process (PID=1460) to work on /opt/airflow/dags/example.py
[2026-03-25T14:54:22.201+0000] {processor.py:830} INFO - Processing file /opt/airflow/dags/example.py for tasks to queue
[2026-03-25T14:54:22.203+0000] {logging_mixin.py:188} INFO - [2026-03-25T14:54:22.203+0000] {dagbag.py:545} INFO - Filling up the DagBag from /opt/airflow/dags/example.py
[2026-03-25T14:54:22.223+0000] {processor.py:840} INFO - DAG(s) 'hello_airflow' retrieved from /opt/airflow/dags/example.py
[2026-03-25T14:54:22.258+0000] {logging_mixin.py:188} INFO - [2026-03-25T14:54:22.257+0000] {dag.py:3096} INFO - Sync 1 DAGs
[2026-03-25T14:54:22.282+0000] {logging_mixin.py:188} INFO - [2026-03-25T14:54:22.282+0000] {dag.py:3954} INFO - Setting next_dagrun for hello_airflow to 2024-03-23 00:00:00+00:00, run_after=2024-03-24 00:00:00+00:00
[2026-03-25T14:54:22.303+0000] {processor.py:183} INFO - Processing /opt/airflow/dags/example.py took 0.111 seconds
[2026-03-25T14:54:53.111+0000] {processor.py:161} INFO - Started process (PID=1487) to work on /opt/airflow/dags/example.py
[2026-03-25T14:54:53.112+0000] {processor.py:830} INFO - Processing file /opt/airflow/dags/example.py for tasks to queue
[2026-03-25T14:54:53.114+0000] {logging_mixin.py:188} INFO - [2026-03-25T14:54:53.114+0000] {dagbag.py:545} INFO - Filling up the DagBag from /opt/airflow/dags/example.py
[2026-03-25T14:54:53.135+0000] {processor.py:840} INFO - DAG(s) 'hello_airflow' retrieved from /opt/airflow/dags/example.py
[2026-03-25T14:54:53.167+0000] {logging_mixin.py:188} INFO - [2026-03-25T14:54:53.167+0000] {dag.py:3096} INFO - Sync 1 DAGs
[2026-03-25T14:54:53.189+0000] {logging_mixin.py:188} INFO - [2026-03-25T14:54:53.189+0000] {dag.py:3954} INFO - Setting next_dagrun for hello_airflow to 2024-03-23 00:00:00+00:00, run_after=2024-03-24 00:00:00+00:00
[2026-03-25T14:54:53.212+0000] {processor.py:183} INFO - Processing /opt/airflow/dags/example.py took 0.107 seconds
[2026-03-25T14:55:23.986+0000] {processor.py:161} INFO - Started process (PID=1516) to work on /opt/airflow/dags/example.py
[2026-03-25T14:55:23.987+0000] {processor.py:830} INFO - Processing file /opt/airflow/dags/example.py for tasks to queue
[2026-03-25T14:55:23.989+0000] {logging_mixin.py:188} INFO - [2026-03-25T14:55:23.989+0000] {dagbag.py:545} INFO - Filling up the DagBag from /opt/airflow/dags/example.py
[2026-03-25T14:55:24.009+0000] {processor.py:840} INFO - DAG(s) 'hello_airflow' retrieved from /opt/airflow/dags/example.py
[2026-03-25T14:55:24.039+0000] {logging_mixin.py:188} INFO - [2026-03-25T14:55:24.039+0000] {dag.py:3096} INFO - Sync 1 DAGs
[2026-03-25T14:55:24.062+0000] {logging_mixin.py:188} INFO - [2026-03-25T14:55:24.062+0000] {dag.py:3954} INFO - Setting next_dagrun for hello_airflow to 2024-03-23 00:00:00+00:00, run_after=2024-03-24 00:00:00+00:00
[2026-03-25T14:55:24.088+0000] {processor.py:183} INFO - Processing /opt/airflow/dags/example.py took 0.108 seconds
[2026-03-25T14:55:54.531+0000] {processor.py:161} INFO - Started process (PID=1540) to work on /opt/airflow/dags/example.py
[2026-03-25T14:55:54.533+0000] {processor.py:830} INFO - Processing file /opt/airflow/dags/example.py for tasks to queue
[2026-03-25T14:55:54.535+0000] {logging_mixin.py:188} INFO - [2026-03-25T14:55:54.535+0000] {dagbag.py:545} INFO - Filling up the DagBag from /opt/airflow/dags/example.py
[2026-03-25T14:55:54.567+0000] {processor.py:840} INFO - DAG(s) 'hello_airflow' retrieved from /opt/airflow/dags/example.py
[2026-03-25T14:55:54.607+0000] {logging_mixin.py:188} INFO - [2026-03-25T14:55:54.607+0000] {dag.py:3096} INFO - Sync 1 DAGs
[2026-03-25T14:55:54.634+0000] {logging_mixin.py:188} INFO - [2026-03-25T14:55:54.634+0000] {dag.py:3954} INFO - Setting next_dagrun for hello_airflow to 2024-03-23 00:00:00+00:00, run_after=2024-03-24 00:00:00+00:00
[2026-03-25T14:55:54.661+0000] {processor.py:183} INFO - Processing /opt/airflow/dags/example.py took 0.136 seconds
[2026-03-25T14:56:25.275+0000] {processor.py:161} INFO - Started process (PID=1572) to work on /opt/airflow/dags/example.py
[2026-03-25T14:56:25.276+0000] {processor.py:830} INFO - Processing file /opt/airflow/dags/example.py for tasks to queue
[2026-03-25T14:56:25.279+0000] {logging_mixin.py:188} INFO - [2026-03-25T14:56:25.279+0000] {dagbag.py:545} INFO - Filling up the DagBag from /opt/airflow/dags/example.py
[2026-03-25T14:56:25.306+0000] {processor.py:840} INFO - DAG(s) 'hello_airflow' retrieved from /opt/airflow/dags/example.py
[2026-03-25T14:56:25.340+0000] {logging_mixin.py:188} INFO - [2026-03-25T14:56:25.340+0000] {dag.py:3096} INFO - Sync 1 DAGs
[2026-03-25T14:56:25.364+0000] {logging_mixin.py:188} INFO - [2026-03-25T14:56:25.364+0000] {dag.py:3954} INFO - Setting next_dagrun for hello_airflow to 2024-03-23 00:00:00+00:00, run_after=2024-03-24 00:00:00+00:00
[2026-03-25T14:56:25.385+0000] {processor.py:183} INFO - Processing /opt/airflow/dags/example.py took 0.117 seconds
[2026-03-25T14:56:56.108+0000] {processor.py:161} INFO - Started process (PID=1598) to work on /opt/airflow/dags/example.py
[2026-03-25T14:56:56.109+0000] {processor.py:830} INFO - Processing file /opt/airflow/dags/example.py for tasks to queue
[2026-03-25T14:56:56.111+0000] {logging_mixin.py:188} INFO - [2026-03-25T14:56:56.111+0000] {dagbag.py:545} INFO - Filling up the DagBag from /opt/airflow/dags/example.py
[2026-03-25T14:56:56.137+0000] {processor.py:840} INFO - DAG(s) 'hello_airflow' retrieved from /opt/airflow/dags/example.py
[2026-03-25T14:56:56.176+0000] {logging_mixin.py:188} INFO - [2026-03-25T14:56:56.175+0000] {dag.py:3096} INFO - Sync 1 DAGs
[2026-03-25T14:56:56.203+0000] {logging_mixin.py:188} INFO - [2026-03-25T14:56:56.203+0000] {dag.py:3954} INFO - Setting next_dagrun for hello_airflow to 2024-03-23 00:00:00+00:00, run_after=2024-03-24 00:00:00+00:00
[2026-03-25T14:56:56.224+0000] {processor.py:183} INFO - Processing /opt/airflow/dags/example.py took 0.124 seconds
[2026-03-25T14:57:26.974+0000] {processor.py:161} INFO - Started process (PID=1624) to work on /opt/airflow/dags/example.py
[2026-03-25T14:57:26.975+0000] {processor.py:830} INFO - Processing file /opt/airflow/dags/example.py for tasks to queue
[2026-03-25T14:57:26.978+0000] {logging_mixin.py:188} INFO - [2026-03-25T14:57:26.978+0000] {dagbag.py:545} INFO - Filling up the DagBag from /opt/airflow/dags/example.py
[2026-03-25T14:57:27.005+0000] {processor.py:840} INFO - DAG(s) 'hello_airflow' retrieved from /opt/airflow/dags/example.py
[2026-03-25T14:57:27.036+0000] {logging_mixin.py:188} INFO - [2026-03-25T14:57:27.036+0000] {dag.py:3096} INFO - Sync 1 DAGs
[2026-03-25T14:57:27.056+0000] {logging_mixin.py:188} INFO - [2026-03-25T14:57:27.056+0000] {dag.py:3954} INFO - Setting next_dagrun for hello_airflow to 2024-03-23 00:00:00+00:00, run_after=2024-03-24 00:00:00+00:00
[2026-03-25T14:57:27.075+0000] {processor.py:183} INFO - Processing /opt/airflow/dags/example.py took 0.107 seconds
[2026-03-25T14:57:57.800+0000] {processor.py:161} INFO - Started process (PID=1650) to work on /opt/airflow/dags/example.py
[2026-03-25T14:57:57.806+0000] {processor.py:830} INFO - Processing file /opt/airflow/dags/example.py for tasks to queue
[2026-03-25T14:57:57.808+0000] {logging_mixin.py:188} INFO - [2026-03-25T14:57:57.808+0000] {dagbag.py:545} INFO - Filling up the DagBag from /opt/airflow/dags/example.py
[2026-03-25T14:57:57.841+0000] {processor.py:840} INFO - DAG(s) 'hello_airflow' retrieved from /opt/airflow/dags/example.py
[2026-03-25T14:57:57.875+0000] {logging_mixin.py:188} INFO - [2026-03-25T14:57:57.875+0000] {dag.py:3096} INFO - Sync 1 DAGs
[2026-03-25T14:57:57.899+0000] {logging_mixin.py:188} INFO - [2026-03-25T14:57:57.899+0000] {dag.py:3954} INFO - Setting next_dagrun for hello_airflow to 2024-03-23 00:00:00+00:00, run_after=2024-03-24 00:00:00+00:00
[2026-03-25T14:57:57.920+0000] {processor.py:183} INFO - Processing /opt/airflow/dags/example.py took 0.127 seconds
[2026-03-25T14:58:28.648+0000] {processor.py:161} INFO - Started process (PID=1676) to work on /opt/airflow/dags/example.py
[2026-03-25T14:58:28.649+0000] {processor.py:830} INFO - Processing file /opt/airflow/dags/example.py for tasks to queue
[2026-03-25T14:58:28.651+0000] {logging_mixin.py:188} INFO - [2026-03-25T14:58:28.651+0000] {dagbag.py:545} INFO - Filling up the DagBag from /opt/airflow/dags/example.py
[2026-03-25T14:58:28.685+0000] {processor.py:840} INFO - DAG(s) 'hello_airflow' retrieved from /opt/airflow/dags/example.py
[2026-03-25T14:58:28.721+0000] {logging_mixin.py:188} INFO - [2026-03-25T14:58:28.721+0000] {dag.py:3096} INFO - Sync 1 DAGs
[2026-03-25T14:58:28.744+0000] {logging_mixin.py:188} INFO - [2026-03-25T14:58:28.744+0000] {dag.py:3954} INFO - Setting next_dagrun for hello_airflow to 2024-03-23 00:00:00+00:00, run_after=2024-03-24 00:00:00+00:00
[2026-03-25T14:58:28.770+0000] {processor.py:183} INFO - Processing /opt/airflow/dags/example.py took 0.128 seconds
[2026-03-25T14:58:59.436+0000] {processor.py:161} INFO - Started process (PID=1702) to work on /opt/airflow/dags/example.py
[2026-03-25T14:58:59.437+0000] {processor.py:830} INFO - Processing file /opt/airflow/dags/example.py for tasks to queue
[2026-03-25T14:58:59.439+0000] {logging_mixin.py:188} INFO - [2026-03-25T14:58:59.439+0000] {dagbag.py:545} INFO - Filling up the DagBag from /opt/airflow/dags/example.py
[2026-03-25T14:58:59.459+0000] {processor.py:840} INFO - DAG(s) 'hello_airflow' retrieved from /opt/airflow/dags/example.py
[2026-03-25T14:58:59.492+0000] {logging_mixin.py:188} INFO - [2026-03-25T14:58:59.492+0000] {dag.py:3096} INFO - Sync 1 DAGs
[2026-03-25T14:58:59.514+0000] {logging_mixin.py:188} INFO - [2026-03-25T14:58:59.514+0000] {dag.py:3954} INFO - Setting next_dagrun for hello_airflow to 2024-03-23 00:00:00+00:00, run_after=2024-03-24 00:00:00+00:00
[2026-03-25T14:58:59.537+0000] {processor.py:183} INFO - Processing /opt/airflow/dags/example.py took 0.107 seconds
[2026-03-25T14:59:30.155+0000] {processor.py:161} INFO - Started process (PID=1728) to work on /opt/airflow/dags/example.py
[2026-03-25T14:59:30.156+0000] {processor.py:830} INFO - Processing file /opt/airflow/dags/example.py for tasks to queue
[2026-03-25T14:59:30.158+0000] {logging_mixin.py:188} INFO - [2026-03-25T14:59:30.158+0000] {dagbag.py:545} INFO - Filling up the DagBag from /opt/airflow/dags/example.py
[2026-03-25T14:59:30.180+0000] {processor.py:840} INFO - DAG(s) 'hello_airflow' retrieved from /opt/airflow/dags/example.py
[2026-03-25T14:59:30.214+0000] {logging_mixin.py:188} INFO - [2026-03-25T14:59:30.214+0000] {dag.py:3096} INFO - Sync 1 DAGs
[2026-03-25T14:59:30.236+0000] {logging_mixin.py:188} INFO - [2026-03-25T14:59:30.236+0000] {dag.py:3954} INFO - Setting next_dagrun for hello_airflow to 2024-03-23 00:00:00+00:00, run_after=2024-03-24 00:00:00+00:00
[2026-03-25T14:59:30.258+0000] {processor.py:183} INFO - Processing /opt/airflow/dags/example.py took 0.109 seconds
[2026-03-25T15:00:01.086+0000] {processor.py:161} INFO - Started process (PID=1755) to work on /opt/airflow/dags/example.py
[2026-03-25T15:00:01.088+0000] {processor.py:830} INFO - Processing file /opt/airflow/dags/example.py for tasks to queue
[2026-03-25T15:00:01.091+0000] {logging_mixin.py:188} INFO - [2026-03-25T15:00:01.091+0000] {dagbag.py:545} INFO - Filling up the DagBag from /opt/airflow/dags/example.py
[2026-03-25T15:00:01.122+0000] {processor.py:840} INFO - DAG(s) 'hello_airflow' retrieved from /opt/airflow/dags/example.py
[2026-03-25T15:00:01.157+0000] {logging_mixin.py:188} INFO - [2026-03-25T15:00:01.156+0000] {dag.py:3096} INFO - Sync 1 DAGs
[2026-03-25T15:00:01.179+0000] {logging_mixin.py:188} INFO - [2026-03-25T15:00:01.178+0000] {dag.py:3954} INFO - Setting next_dagrun for hello_airflow to 2024-03-23 00:00:00+00:00, run_after=2024-03-24 00:00:00+00:00
[2026-03-25T15:00:01.202+0000] {processor.py:183} INFO - Processing /opt/airflow/dags/example.py took 0.124 seconds
[2026-03-25T15:00:31.779+0000] {processor.py:161} INFO - Started process (PID=1781) to work on /opt/airflow/dags/example.py
[2026-03-25T15:00:31.781+0000] {processor.py:830} INFO - Processing file /opt/airflow/dags/example.py for tasks to queue
[2026-03-25T15:00:31.783+0000] {logging_mixin.py:188} INFO - [2026-03-25T15:00:31.783+0000] {dagbag.py:545} INFO - Filling up the DagBag from /opt/airflow/dags/example.py
[2026-03-25T15:00:31.813+0000] {processor.py:840} INFO - DAG(s) 'hello_airflow' retrieved from /opt/airflow/dags/example.py
[2026-03-25T15:00:31.848+0000] {logging_mixin.py:188} INFO - [2026-03-25T15:00:31.847+0000] {dag.py:3096} INFO - Sync 1 DAGs
[2026-03-25T15:00:31.870+0000] {logging_mixin.py:188} INFO - [2026-03-25T15:00:31.870+0000] {dag.py:3954} INFO - Setting next_dagrun for hello_airflow to 2024-03-23 00:00:00+00:00, run_after=2024-03-24 00:00:00+00:00
[2026-03-25T15:00:31.899+0000] {processor.py:183} INFO - Processing /opt/airflow/dags/example.py took 0.128 seconds
[2026-03-25T15:01:02.566+0000] {processor.py:161} INFO - Started process (PID=1807) to work on /opt/airflow/dags/example.py
[2026-03-25T15:01:02.568+0000] {processor.py:830} INFO - Processing file /opt/airflow/dags/example.py for tasks to queue
[2026-03-25T15:01:02.570+0000] {logging_mixin.py:188} INFO - [2026-03-25T15:01:02.569+0000] {dagbag.py:545} INFO - Filling up the DagBag from /opt/airflow/dags/example.py
[2026-03-25T15:01:02.595+0000] {processor.py:840} INFO - DAG(s) 'hello_airflow' retrieved from /opt/airflow/dags/example.py
[2026-03-25T15:01:02.628+0000] {logging_mixin.py:188} INFO - [2026-03-25T15:01:02.628+0000] {dag.py:3096} INFO - Sync 1 DAGs
[2026-03-25T15:01:02.648+0000] {logging_mixin.py:188} INFO - [2026-03-25T15:01:02.648+0000] {dag.py:3954} INFO - Setting next_dagrun for hello_airflow to 2024-03-23 00:00:00+00:00, run_after=2024-03-24 00:00:00+00:00
[2026-03-25T15:01:02.669+0000] {processor.py:183} INFO - Processing /opt/airflow/dags/example.py took 0.109 seconds
[2026-03-25T15:01:33.405+0000] {processor.py:161} INFO - Started process (PID=1833) to work on /opt/airflow/dags/example.py
[2026-03-25T15:01:33.407+0000] {processor.py:830} INFO - Processing file /opt/airflow/dags/example.py for tasks to queue
[2026-03-25T15:01:33.409+0000] {logging_mixin.py:188} INFO - [2026-03-25T15:01:33.408+0000] {dagbag.py:545} INFO - Filling up the DagBag from /opt/airflow/dags/example.py
[2026-03-25T15:01:33.452+0000] {processor.py:840} INFO - DAG(s) 'hello_airflow' retrieved from /opt/airflow/dags/example.py
[2026-03-25T15:01:33.484+0000] {logging_mixin.py:188} INFO - [2026-03-25T15:01:33.484+0000] {dag.py:3096} INFO - Sync 1 DAGs
[2026-03-25T15:01:33.505+0000] {logging_mixin.py:188} INFO - [2026-03-25T15:01:33.505+0000] {dag.py:3954} INFO - Setting next_dagrun for hello_airflow to 2024-03-23 00:00:00+00:00, run_after=2024-03-24 00:00:00+00:00
[2026-03-25T15:01:33.525+0000] {processor.py:183} INFO - Processing /opt/airflow/dags/example.py took 0.128 seconds
[2026-03-25T15:02:04.227+0000] {processor.py:161} INFO - Started process (PID=1859) to work on /opt/airflow/dags/example.py
[2026-03-25T15:02:04.229+0000] {processor.py:830} INFO - Processing file /opt/airflow/dags/example.py for tasks to queue
[2026-03-25T15:02:04.231+0000] {logging_mixin.py:188} INFO - [2026-03-25T15:02:04.231+0000] {dagbag.py:545} INFO - Filling up the DagBag from /opt/airflow/dags/example.py
[2026-03-25T15:02:04.258+0000] {processor.py:840} INFO - DAG(s) 'hello_airflow' retrieved from /opt/airflow/dags/example.py
[2026-03-25T15:02:04.293+0000] {logging_mixin.py:188} INFO - [2026-03-25T15:02:04.293+0000] {dag.py:3096} INFO - Sync 1 DAGs
[2026-03-25T15:02:04.317+0000] {logging_mixin.py:188} INFO - [2026-03-25T15:02:04.316+0000] {dag.py:3954} INFO - Setting next_dagrun for hello_airflow to 2024-03-23 00:00:00+00:00, run_after=2024-03-24 00:00:00+00:00
[2026-03-25T15:02:04.337+0000] {processor.py:183} INFO - Processing /opt/airflow/dags/example.py took 0.121 seconds
[2026-03-25T15:02:35.059+0000] {processor.py:161} INFO - Started process (PID=1885) to work on /opt/airflow/dags/example.py
[2026-03-25T15:02:35.060+0000] {processor.py:830} INFO - Processing file /opt/airflow/dags/example.py for tasks to queue
[2026-03-25T15:02:35.063+0000] {logging_mixin.py:188} INFO - [2026-03-25T15:02:35.062+0000] {dagbag.py:545} INFO - Filling up the DagBag from /opt/airflow/dags/example.py
[2026-03-25T15:02:35.082+0000] {processor.py:840} INFO - DAG(s) 'hello_airflow' retrieved from /opt/airflow/dags/example.py
[2026-03-25T15:02:35.118+0000] {logging_mixin.py:188} INFO - [2026-03-25T15:02:35.118+0000] {dag.py:3096} INFO - Sync 1 DAGs
[2026-03-25T15:02:35.142+0000] {logging_mixin.py:188} INFO - [2026-03-25T15:02:35.141+0000] {dag.py:3954} INFO - Setting next_dagrun for hello_airflow to 2024-03-23 00:00:00+00:00, run_after=2024-03-24 00:00:00+00:00
[2026-03-25T15:02:35.166+0000] {processor.py:183} INFO - Processing /opt/airflow/dags/example.py took 0.115 seconds
[2026-03-25T15:03:05.902+0000] {processor.py:161} INFO - Started process (PID=1911) to work on /opt/airflow/dags/example.py
[2026-03-25T15:03:05.903+0000] {processor.py:830} INFO - Processing file /opt/airflow/dags/example.py for tasks to queue
[2026-03-25T15:03:05.911+0000] {logging_mixin.py:188} INFO - [2026-03-25T15:03:05.911+0000] {dagbag.py:545} INFO - Filling up the DagBag from /opt/airflow/dags/example.py
[2026-03-25T15:03:05.943+0000] {processor.py:840} INFO - DAG(s) 'hello_airflow' retrieved from /opt/airflow/dags/example.py
[2026-03-25T15:03:05.975+0000] {logging_mixin.py:188} INFO - [2026-03-25T15:03:05.975+0000] {dag.py:3096} INFO - Sync 1 DAGs
[2026-03-25T15:03:05.996+0000] {logging_mixin.py:188} INFO - [2026-03-25T15:03:05.996+0000] {dag.py:3954} INFO - Setting next_dagrun for hello_airflow to 2024-03-23 00:00:00+00:00, run_after=2024-03-24 00:00:00+00:00
[2026-03-25T15:03:06.016+0000] {processor.py:183} INFO - Processing /opt/airflow/dags/example.py took 0.121 seconds
[2026-03-25T15:03:36.668+0000] {processor.py:161} INFO - Started process (PID=1937) to work on /opt/airflow/dags/example.py
[2026-03-25T15:03:36.669+0000] {processor.py:830} INFO - Processing file /opt/airflow/dags/example.py for tasks to queue
[2026-03-25T15:03:36.672+0000] {logging_mixin.py:188} INFO - [2026-03-25T15:03:36.671+0000] {dagbag.py:545} INFO - Filling up the DagBag from /opt/airflow/dags/example.py
[2026-03-25T15:03:36.694+0000] {processor.py:840} INFO - DAG(s) 'hello_airflow' retrieved from /opt/airflow/dags/example.py
[2026-03-25T15:03:36.731+0000] {logging_mixin.py:188} INFO - [2026-03-25T15:03:36.730+0000] {dag.py:3096} INFO - Sync 1 DAGs
[2026-03-25T15:03:36.753+0000] {logging_mixin.py:188} INFO - [2026-03-25T15:03:36.753+0000] {dag.py:3954} INFO - Setting next_dagrun for hello_airflow to 2024-03-23 00:00:00+00:00, run_after=2024-03-24 00:00:00+00:00
[2026-03-25T15:03:36.778+0000] {processor.py:183} INFO - Processing /opt/airflow/dags/example.py took 0.117 seconds
[2026-03-25T15:04:07.420+0000] {processor.py:161} INFO - Started process (PID=1963) to work on /opt/airflow/dags/example.py
[2026-03-25T15:04:07.421+0000] {processor.py:830} INFO - Processing file /opt/airflow/dags/example.py for tasks to queue
[2026-03-25T15:04:07.424+0000] {logging_mixin.py:188} INFO - [2026-03-25T15:04:07.423+0000] {dagbag.py:545} INFO - Filling up the DagBag from /opt/airflow/dags/example.py
[2026-03-25T15:04:07.450+0000] {processor.py:840} INFO - DAG(s) 'hello_airflow' retrieved from /opt/airflow/dags/example.py
[2026-03-25T15:04:07.487+0000] {logging_mixin.py:188} INFO - [2026-03-25T15:04:07.487+0000] {dag.py:3096} INFO - Sync 1 DAGs
[2026-03-25T15:04:07.514+0000] {logging_mixin.py:188} INFO - [2026-03-25T15:04:07.514+0000] {dag.py:3954} INFO - Setting next_dagrun for hello_airflow to 2024-03-23 00:00:00+00:00, run_after=2024-03-24 00:00:00+00:00
[2026-03-25T15:04:07.543+0000] {processor.py:183} INFO - Processing /opt/airflow/dags/example.py took 0.130 seconds
[2026-03-25T15:04:38.156+0000] {processor.py:161} INFO - Started process (PID=1989) to work on /opt/airflow/dags/example.py
[2026-03-25T15:04:38.157+0000] {processor.py:830} INFO - Processing file /opt/airflow/dags/example.py for tasks to queue
[2026-03-25T15:04:38.160+0000] {logging_mixin.py:188} INFO - [2026-03-25T15:04:38.160+0000] {dagbag.py:545} INFO - Filling up the DagBag from /opt/airflow/dags/example.py
[2026-03-25T15:04:38.190+0000] {processor.py:840} INFO - DAG(s) 'hello_airflow' retrieved from /opt/airflow/dags/example.py
[2026-03-25T15:04:38.225+0000] {logging_mixin.py:188} INFO - [2026-03-25T15:04:38.225+0000] {dag.py:3096} INFO - Sync 1 DAGs
[2026-03-25T15:04:38.247+0000] {logging_mixin.py:188} INFO - [2026-03-25T15:04:38.247+0000] {dag.py:3954} INFO - Setting next_dagrun for hello_airflow to 2024-03-23 00:00:00+00:00, run_after=2024-03-24 00:00:00+00:00
[2026-03-25T15:04:38.269+0000] {processor.py:183} INFO - Processing /opt/airflow/dags/example.py took 0.121 seconds
[2026-03-25T15:05:09.044+0000] {processor.py:161} INFO - Started process (PID=2015) to work on /opt/airflow/dags/example.py
[2026-03-25T15:05:09.046+0000] {processor.py:830} INFO - Processing file /opt/airflow/dags/example.py for tasks to queue
[2026-03-25T15:05:09.048+0000] {logging_mixin.py:188} INFO - [2026-03-25T15:05:09.047+0000] {dagbag.py:545} INFO - Filling up the DagBag from /opt/airflow/dags/example.py
[2026-03-25T15:05:09.069+0000] {processor.py:840} INFO - DAG(s) 'hello_airflow' retrieved from /opt/airflow/dags/example.py
[2026-03-25T15:05:09.103+0000] {logging_mixin.py:188} INFO - [2026-03-25T15:05:09.102+0000] {dag.py:3096} INFO - Sync 1 DAGs
[2026-03-25T15:05:09.125+0000] {logging_mixin.py:188} INFO - [2026-03-25T15:05:09.125+0000] {dag.py:3954} INFO - Setting next_dagrun for hello_airflow to 2024-03-23 00:00:00+00:00, run_after=2024-03-24 00:00:00+00:00
[2026-03-25T15:05:09.145+0000] {processor.py:183} INFO - Processing /opt/airflow/dags/example.py took 0.107 seconds
[2026-03-25T15:05:39.776+0000] {processor.py:161} INFO - Started process (PID=2041) to work on /opt/airflow/dags/example.py
[2026-03-25T15:05:39.777+0000] {processor.py:830} INFO - Processing file /opt/airflow/dags/example.py for tasks to queue
[2026-03-25T15:05:39.779+0000] {logging_mixin.py:188} INFO - [2026-03-25T15:05:39.779+0000] {dagbag.py:545} INFO - Filling up the DagBag from /opt/airflow/dags/example.py
[2026-03-25T15:05:39.804+0000] {processor.py:840} INFO - DAG(s) 'hello_airflow' retrieved from /opt/airflow/dags/example.py
[2026-03-25T15:05:39.837+0000] {logging_mixin.py:188} INFO - [2026-03-25T15:05:39.836+0000] {dag.py:3096} INFO - Sync 1 DAGs
[2026-03-25T15:05:39.858+0000] {logging_mixin.py:188} INFO - [2026-03-25T15:05:39.858+0000] {dag.py:3954} INFO - Setting next_dagrun for hello_airflow to 2024-03-23 00:00:00+00:00, run_after=2024-03-24 00:00:00+00:00
[2026-03-25T15:05:39.881+0000] {processor.py:183} INFO - Processing /opt/airflow/dags/example.py took 0.111 seconds
[2026-03-25T15:06:10.567+0000] {processor.py:161} INFO - Started process (PID=2067) to work on /opt/airflow/dags/example.py
[2026-03-25T15:06:10.568+0000] {processor.py:830} INFO - Processing file /opt/airflow/dags/example.py for tasks to queue
[2026-03-25T15:06:10.571+0000] {logging_mixin.py:188} INFO - [2026-03-25T15:06:10.570+0000] {dagbag.py:545} INFO - Filling up the DagBag from /opt/airflow/dags/example.py
[2026-03-25T15:06:10.592+0000] {processor.py:840} INFO - DAG(s) 'hello_airflow' retrieved from /opt/airflow/dags/example.py
[2026-03-25T15:06:10.623+0000] {logging_mixin.py:188} INFO - [2026-03-25T15:06:10.623+0000] {dag.py:3096} INFO - Sync 1 DAGs
[2026-03-25T15:06:10.646+0000] {logging_mixin.py:188} INFO - [2026-03-25T15:06:10.646+0000] {dag.py:3954} INFO - Setting next_dagrun for hello_airflow to 2024-03-23 00:00:00+00:00, run_after=2024-03-24 00:00:00+00:00
[2026-03-25T15:06:10.672+0000] {processor.py:183} INFO - Processing /opt/airflow/dags/example.py took 0.112 seconds
[2026-03-25T15:06:41.314+0000] {processor.py:161} INFO - Started process (PID=2093) to work on /opt/airflow/dags/example.py
[2026-03-25T15:06:41.315+0000] {processor.py:830} INFO - Processing file /opt/airflow/dags/example.py for tasks to queue
[2026-03-25T15:06:41.318+0000] {logging_mixin.py:188} INFO - [2026-03-25T15:06:41.317+0000] {dagbag.py:545} INFO - Filling up the DagBag from /opt/airflow/dags/example.py
[2026-03-25T15:06:41.336+0000] {processor.py:840} INFO - DAG(s) 'hello_airflow' retrieved from /opt/airflow/dags/example.py
[2026-03-25T15:06:41.366+0000] {logging_mixin.py:188} INFO - [2026-03-25T15:06:41.366+0000] {dag.py:3096} INFO - Sync 1 DAGs
[2026-03-25T15:06:41.391+0000] {logging_mixin.py:188} INFO - [2026-03-25T15:06:41.391+0000] {dag.py:3954} INFO - Setting next_dagrun for hello_airflow to 2024-03-23 00:00:00+00:00, run_after=2024-03-24 00:00:00+00:00
[2026-03-25T15:06:41.411+0000] {processor.py:183} INFO - Processing /opt/airflow/dags/example.py took 0.103 seconds
[2026-03-25T15:07:12.046+0000] {processor.py:161} INFO - Started process (PID=2119) to work on /opt/airflow/dags/example.py
[2026-03-25T15:07:12.048+0000] {processor.py:830} INFO - Processing file /opt/airflow/dags/example.py for tasks to queue
[2026-03-25T15:07:12.050+0000] {logging_mixin.py:188} INFO - [2026-03-25T15:07:12.050+0000] {dagbag.py:545} INFO - Filling up the DagBag from /opt/airflow/dags/example.py
[2026-03-25T15:07:12.080+0000] {processor.py:840} INFO - DAG(s) 'hello_airflow' retrieved from /opt/airflow/dags/example.py
[2026-03-25T15:07:12.114+0000] {logging_mixin.py:188} INFO - [2026-03-25T15:07:12.113+0000] {dag.py:3096} INFO - Sync 1 DAGs
[2026-03-25T15:07:12.139+0000] {logging_mixin.py:188} INFO - [2026-03-25T15:07:12.139+0000] {dag.py:3954} INFO - Setting next_dagrun for hello_airflow to 2024-03-23 00:00:00+00:00, run_after=2024-03-24 00:00:00+00:00
[2026-03-25T15:07:12.164+0000] {processor.py:183} INFO - Processing /opt/airflow/dags/example.py took 0.126 seconds
[2026-03-25T15:07:42.854+0000] {processor.py:161} INFO - Started process (PID=2147) to work on /opt/airflow/dags/example.py
[2026-03-25T15:07:42.855+0000] {processor.py:830} INFO - Processing file /opt/airflow/dags/example.py for tasks to queue
[2026-03-25T15:07:42.857+0000] {logging_mixin.py:188} INFO - [2026-03-25T15:07:42.857+0000] {dagbag.py:545} INFO - Filling up the DagBag from /opt/airflow/dags/example.py
[2026-03-25T15:07:42.877+0000] {processor.py:840} INFO - DAG(s) 'hello_airflow' retrieved from /opt/airflow/dags/example.py
[2026-03-25T15:07:42.907+0000] {logging_mixin.py:188} INFO - [2026-03-25T15:07:42.907+0000] {dag.py:3096} INFO - Sync 1 DAGs
[2026-03-25T15:07:42.929+0000] {logging_mixin.py:188} INFO - [2026-03-25T15:07:42.929+0000] {dag.py:3954} INFO - Setting next_dagrun for hello_airflow to 2024-03-23 00:00:00+00:00, run_after=2024-03-24 00:00:00+00:00
[2026-03-25T15:07:42.957+0000] {processor.py:183} INFO - Processing /opt/airflow/dags/example.py took 0.109 seconds
[2026-03-25T15:08:13.615+0000] {processor.py:161} INFO - Started process (PID=2171) to work on /opt/airflow/dags/example.py
[2026-03-25T15:08:13.616+0000] {processor.py:830} INFO - Processing file /opt/airflow/dags/example.py for tasks to queue
[2026-03-25T15:08:13.618+0000] {logging_mixin.py:188} INFO - [2026-03-25T15:08:13.618+0000] {dagbag.py:545} INFO - Filling up the DagBag from /opt/airflow/dags/example.py
[2026-03-25T15:08:13.639+0000] {processor.py:840} INFO - DAG(s) 'hello_airflow' retrieved from /opt/airflow/dags/example.py
[2026-03-25T15:08:13.671+0000] {logging_mixin.py:188} INFO - [2026-03-25T15:08:13.670+0000] {dag.py:3096} INFO - Sync 1 DAGs
[2026-03-25T15:08:13.694+0000] {logging_mixin.py:188} INFO - [2026-03-25T15:08:13.694+0000] {dag.py:3954} INFO - Setting next_dagrun for hello_airflow to 2024-03-23 00:00:00+00:00, run_after=2024-03-24 00:00:00+00:00
[2026-03-25T15:08:13.713+0000] {processor.py:183} INFO - Processing /opt/airflow/dags/example.py took 0.104 seconds
[2026-03-25T15:08:44.398+0000] {processor.py:161} INFO - Started process (PID=2197) to work on /opt/airflow/dags/example.py
[2026-03-25T15:08:44.400+0000] {processor.py:830} INFO - Processing file /opt/airflow/dags/example.py for tasks to queue
[2026-03-25T15:08:44.403+0000] {logging_mixin.py:188} INFO - [2026-03-25T15:08:44.402+0000] {dagbag.py:545} INFO - Filling up the DagBag from /opt/airflow/dags/example.py
[2026-03-25T15:08:44.437+0000] {processor.py:840} INFO - DAG(s) 'hello_airflow' retrieved from /opt/airflow/dags/example.py
[2026-03-25T15:08:44.484+0000] {logging_mixin.py:188} INFO - [2026-03-25T15:08:44.484+0000] {dag.py:3096} INFO - Sync 1 DAGs
[2026-03-25T15:08:44.519+0000] {logging_mixin.py:188} INFO - [2026-03-25T15:08:44.518+0000] {dag.py:3954} INFO - Setting next_dagrun for hello_airflow to 2024-03-23 00:00:00+00:00, run_after=2024-03-24 00:00:00+00:00
[2026-03-25T15:08:44.546+0000] {processor.py:183} INFO - Processing /opt/airflow/dags/example.py took 0.156 seconds
[2026-03-25T15:09:15.169+0000] {processor.py:161} INFO - Started process (PID=2223) to work on /opt/airflow/dags/example.py
[2026-03-25T15:09:15.170+0000] {processor.py:830} INFO - Processing file /opt/airflow/dags/example.py for tasks to queue
[2026-03-25T15:09:15.172+0000] {logging_mixin.py:188} INFO - [2026-03-25T15:09:15.172+0000] {dagbag.py:545} INFO - Filling up the DagBag from /opt/airflow/dags/example.py
[2026-03-25T15:09:15.213+0000] {processor.py:840} INFO - DAG(s) 'hello_airflow' retrieved from /opt/airflow/dags/example.py
[2026-03-25T15:09:15.247+0000] {logging_mixin.py:188} INFO - [2026-03-25T15:09:15.247+0000] {dag.py:3096} INFO - Sync 1 DAGs
[2026-03-25T15:09:15.269+0000] {logging_mixin.py:188} INFO - [2026-03-25T15:09:15.269+0000] {dag.py:3954} INFO - Setting next_dagrun for hello_airflow to 2024-03-23 00:00:00+00:00, run_after=2024-03-24 00:00:00+00:00
[2026-03-25T15:09:15.292+0000] {processor.py:183} INFO - Processing /opt/airflow/dags/example.py took 0.130 seconds
[2026-03-25T15:09:45.962+0000] {processor.py:161} INFO - Started process (PID=2249) to work on /opt/airflow/dags/example.py
[2026-03-25T15:09:45.964+0000] {processor.py:830} INFO - Processing file /opt/airflow/dags/example.py for tasks to queue
[2026-03-25T15:09:45.967+0000] {logging_mixin.py:188} INFO - [2026-03-25T15:09:45.966+0000] {dagbag.py:545} INFO - Filling up the DagBag from /opt/airflow/dags/example.py
[2026-03-25T15:09:45.999+0000] {processor.py:840} INFO - DAG(s) 'hello_airflow' retrieved from /opt/airflow/dags/example.py
[2026-03-25T15:09:46.034+0000] {logging_mixin.py:188} INFO - [2026-03-25T15:09:46.033+0000] {dag.py:3096} INFO - Sync 1 DAGs
[2026-03-25T15:09:46.060+0000] {logging_mixin.py:188} INFO - [2026-03-25T15:09:46.059+0000] {dag.py:3954} INFO - Setting next_dagrun for hello_airflow to 2024-03-23 00:00:00+00:00, run_after=2024-03-24 00:00:00+00:00
[2026-03-25T15:09:46.092+0000] {processor.py:183} INFO - Processing /opt/airflow/dags/example.py took 0.137 seconds
[2026-03-25T15:10:16.844+0000] {processor.py:161} INFO - Started process (PID=2275) to work on /opt/airflow/dags/example.py
[2026-03-25T15:10:16.845+0000] {processor.py:830} INFO - Processing file /opt/airflow/dags/example.py for tasks to queue
[2026-03-25T15:10:16.848+0000] {logging_mixin.py:188} INFO - [2026-03-25T15:10:16.848+0000] {dagbag.py:545} INFO - Filling up the DagBag from /opt/airflow/dags/example.py
[2026-03-25T15:10:16.872+0000] {processor.py:840} INFO - DAG(s) 'hello_airflow' retrieved from /opt/airflow/dags/example.py
[2026-03-25T15:10:16.907+0000] {logging_mixin.py:188} INFO - [2026-03-25T15:10:16.907+0000] {dag.py:3096} INFO - Sync 1 DAGs
[2026-03-25T15:10:16.931+0000] {logging_mixin.py:188} INFO - [2026-03-25T15:10:16.930+0000] {dag.py:3954} INFO - Setting next_dagrun for hello_airflow to 2024-03-23 00:00:00+00:00, run_after=2024-03-24 00:00:00+00:00
[2026-03-25T15:10:16.953+0000] {processor.py:183} INFO - Processing /opt/airflow/dags/example.py took 0.115 seconds
[2026-03-25T15:10:47.507+0000] {processor.py:161} INFO - Started process (PID=2301) to work on /opt/airflow/dags/example.py
[2026-03-25T15:10:47.508+0000] {processor.py:830} INFO - Processing file /opt/airflow/dags/example.py for tasks to queue
[2026-03-25T15:10:47.511+0000] {logging_mixin.py:188} INFO - [2026-03-25T15:10:47.510+0000] {dagbag.py:545} INFO - Filling up the DagBag from /opt/airflow/dags/example.py
[2026-03-25T15:10:47.538+0000] {processor.py:840} INFO - DAG(s) 'hello_airflow' retrieved from /opt/airflow/dags/example.py
[2026-03-25T15:10:47.583+0000] {logging_mixin.py:188} INFO - [2026-03-25T15:10:47.583+0000] {dag.py:3096} INFO - Sync 1 DAGs
[2026-03-25T15:10:47.611+0000] {logging_mixin.py:188} INFO - [2026-03-25T15:10:47.610+0000] {dag.py:3954} INFO - Setting next_dagrun for hello_airflow to 2024-03-23 00:00:00+00:00, run_after=2024-03-24 00:00:00+00:00
[2026-03-25T15:10:47.637+0000] {processor.py:183} INFO - Processing /opt/airflow/dags/example.py took 0.137 seconds
[2026-03-25T15:11:18.331+0000] {processor.py:161} INFO - Started process (PID=2327) to work on /opt/airflow/dags/example.py
[2026-03-25T15:11:18.332+0000] {processor.py:830} INFO - Processing file /opt/airflow/dags/example.py for tasks to queue
[2026-03-25T15:11:18.334+0000] {logging_mixin.py:188} INFO - [2026-03-25T15:11:18.334+0000] {dagbag.py:545} INFO - Filling up the DagBag from /opt/airflow/dags/example.py
[2026-03-25T15:11:18.355+0000] {processor.py:840} INFO - DAG(s) 'hello_airflow' retrieved from /opt/airflow/dags/example.py
[2026-03-25T15:11:18.391+0000] {logging_mixin.py:188} INFO - [2026-03-25T15:11:18.390+0000] {dag.py:3096} INFO - Sync 1 DAGs
[2026-03-25T15:11:18.415+0000] {logging_mixin.py:188} INFO - [2026-03-25T15:11:18.414+0000] {dag.py:3954} INFO - Setting next_dagrun for hello_airflow to 2024-03-23 00:00:00+00:00, run_after=2024-03-24 00:00:00+00:00
[2026-03-25T15:11:18.439+0000] {processor.py:183} INFO - Processing /opt/airflow/dags/example.py took 0.115 seconds
[2026-03-25T15:11:49.118+0000] {processor.py:161} INFO - Started process (PID=2353) to work on /opt/airflow/dags/example.py
[2026-03-25T15:11:49.120+0000] {processor.py:830} INFO - Processing file /opt/airflow/dags/example.py for tasks to queue
[2026-03-25T15:11:49.122+0000] {logging_mixin.py:188} INFO - [2026-03-25T15:11:49.122+0000] {dagbag.py:545} INFO - Filling up the DagBag from /opt/airflow/dags/example.py
[2026-03-25T15:11:49.157+0000] {processor.py:840} INFO - DAG(s) 'hello_airflow' retrieved from /opt/airflow/dags/example.py
[2026-03-25T15:11:49.196+0000] {logging_mixin.py:188} INFO - [2026-03-25T15:11:49.195+0000] {dag.py:3096} INFO - Sync 1 DAGs
[2026-03-25T15:11:49.231+0000] {logging_mixin.py:188} INFO - [2026-03-25T15:11:49.230+0000] {dag.py:3954} INFO - Setting next_dagrun for hello_airflow to 2024-03-23 00:00:00+00:00, run_after=2024-03-24 00:00:00+00:00
[2026-03-25T15:11:49.262+0000] {processor.py:183} INFO - Processing /opt/airflow/dags/example.py took 0.151 seconds
[2026-03-25T15:12:20.234+0000] {processor.py:161} INFO - Started process (PID=2379) to work on /opt/airflow/dags/example.py
[2026-03-25T15:12:20.236+0000] {processor.py:830} INFO - Processing file /opt/airflow/dags/example.py for tasks to queue
[2026-03-25T15:12:20.260+0000] {logging_mixin.py:188} INFO - [2026-03-25T15:12:20.259+0000] {dagbag.py:545} INFO - Filling up the DagBag from /opt/airflow/dags/example.py
[2026-03-25T15:12:20.596+0000] {processor.py:840} INFO - DAG(s) 'hello_airflow' retrieved from /opt/airflow/dags/example.py
[2026-03-25T15:12:20.671+0000] {logging_mixin.py:188} INFO - [2026-03-25T15:12:20.671+0000] {dag.py:3096} INFO - Sync 1 DAGs
[2026-03-25T15:12:20.723+0000] {logging_mixin.py:188} INFO - [2026-03-25T15:12:20.722+0000] {dag.py:3954} INFO - Setting next_dagrun for hello_airflow to 2024-03-23 00:00:00+00:00, run_after=2024-03-24 00:00:00+00:00
[2026-03-25T15:12:20.882+0000] {processor.py:183} INFO - Processing /opt/airflow/dags/example.py took 0.657 seconds
[2026-03-25T15:12:51.335+0000] {processor.py:161} INFO - Started process (PID=2405) to work on /opt/airflow/dags/example.py
[2026-03-25T15:12:51.337+0000] {processor.py:830} INFO - Processing file /opt/airflow/dags/example.py for tasks to queue
[2026-03-25T15:12:51.340+0000] {logging_mixin.py:188} INFO - [2026-03-25T15:12:51.340+0000] {dagbag.py:545} INFO - Filling up the DagBag from /opt/airflow/dags/example.py
[2026-03-25T15:12:51.374+0000] {processor.py:840} INFO - DAG(s) 'hello_airflow' retrieved from /opt/airflow/dags/example.py
[2026-03-25T15:12:51.431+0000] {logging_mixin.py:188} INFO - [2026-03-25T15:12:51.430+0000] {dag.py:3096} INFO - Sync 1 DAGs
[2026-03-25T15:12:51.476+0000] {logging_mixin.py:188} INFO - [2026-03-25T15:12:51.476+0000] {dag.py:3954} INFO - Setting next_dagrun for hello_airflow to 2024-03-23 00:00:00+00:00, run_after=2024-03-24 00:00:00+00:00
[2026-03-25T15:12:51.514+0000] {processor.py:183} INFO - Processing /opt/airflow/dags/example.py took 0.189 seconds
[2026-03-25T15:13:22.184+0000] {processor.py:161} INFO - Started process (PID=2431) to work on /opt/airflow/dags/example.py
[2026-03-25T15:13:22.185+0000] {processor.py:830} INFO - Processing file /opt/airflow/dags/example.py for tasks to queue
[2026-03-25T15:13:22.189+0000] {logging_mixin.py:188} INFO - [2026-03-25T15:13:22.188+0000] {dagbag.py:545} INFO - Filling up the DagBag from /opt/airflow/dags/example.py
[2026-03-25T15:13:22.215+0000] {processor.py:840} INFO - DAG(s) 'hello_airflow' retrieved from /opt/airflow/dags/example.py
[2026-03-25T15:13:22.252+0000] {logging_mixin.py:188} INFO - [2026-03-25T15:13:22.251+0000] {dag.py:3096} INFO - Sync 1 DAGs
[2026-03-25T15:13:22.279+0000] {logging_mixin.py:188} INFO - [2026-03-25T15:13:22.279+0000] {dag.py:3954} INFO - Setting next_dagrun for hello_airflow to 2024-03-23 00:00:00+00:00, run_after=2024-03-24 00:00:00+00:00
[2026-03-25T15:13:22.304+0000] {processor.py:183} INFO - Processing /opt/airflow/dags/example.py took 0.127 seconds
[2026-03-25T15:13:52.932+0000] {processor.py:161} INFO - Started process (PID=2457) to work on /opt/airflow/dags/example.py
[2026-03-25T15:13:52.933+0000] {processor.py:830} INFO - Processing file /opt/airflow/dags/example.py for tasks to queue
[2026-03-25T15:13:52.936+0000] {logging_mixin.py:188} INFO - [2026-03-25T15:13:52.936+0000] {dagbag.py:545} INFO - Filling up the DagBag from /opt/airflow/dags/example.py
[2026-03-25T15:13:52.967+0000] {processor.py:840} INFO - DAG(s) 'hello_airflow' retrieved from /opt/airflow/dags/example.py
[2026-03-25T15:13:53.014+0000] {logging_mixin.py:188} INFO - [2026-03-25T15:13:53.014+0000] {dag.py:3096} INFO - Sync 1 DAGs
[2026-03-25T15:13:53.047+0000] {logging_mixin.py:188} INFO - [2026-03-25T15:13:53.047+0000] {dag.py:3954} INFO - Setting next_dagrun for hello_airflow to 2024-03-23 00:00:00+00:00, run_after=2024-03-24 00:00:00+00:00
[2026-03-25T15:13:53.075+0000] {processor.py:183} INFO - Processing /opt/airflow/dags/example.py took 0.150 seconds
[2026-03-25T15:14:23.722+0000] {processor.py:161} INFO - Started process (PID=2483) to work on /opt/airflow/dags/example.py
[2026-03-25T15:14:23.724+0000] {processor.py:830} INFO - Processing file /opt/airflow/dags/example.py for tasks to queue
[2026-03-25T15:14:23.733+0000] {logging_mixin.py:188} INFO - [2026-03-25T15:14:23.732+0000] {dagbag.py:545} INFO - Filling up the DagBag from /opt/airflow/dags/example.py
[2026-03-25T15:14:23.788+0000] {processor.py:840} INFO - DAG(s) 'hello_airflow' retrieved from /opt/airflow/dags/example.py
[2026-03-25T15:14:23.857+0000] {logging_mixin.py:188} INFO - [2026-03-25T15:14:23.857+0000] {dag.py:3096} INFO - Sync 1 DAGs
[2026-03-25T15:14:23.896+0000] {logging_mixin.py:188} INFO - [2026-03-25T15:14:23.896+0000] {dag.py:3954} INFO - Setting next_dagrun for hello_airflow to 2024-03-23 00:00:00+00:00, run_after=2024-03-24 00:00:00+00:00
[2026-03-25T15:14:23.927+0000] {processor.py:183} INFO - Processing /opt/airflow/dags/example.py took 0.219 seconds
[2026-03-25T15:14:54.698+0000] {processor.py:161} INFO - Started process (PID=2509) to work on /opt/airflow/dags/example.py
[2026-03-25T15:14:54.699+0000] {processor.py:830} INFO - Processing file /opt/airflow/dags/example.py for tasks to queue
[2026-03-25T15:14:54.700+0000] {logging_mixin.py:188} INFO - [2026-03-25T15:14:54.700+0000] {dagbag.py:545} INFO - Filling up the DagBag from /opt/airflow/dags/example.py
[2026-03-25T15:14:54.723+0000] {processor.py:840} INFO - DAG(s) 'hello_airflow' retrieved from /opt/airflow/dags/example.py
[2026-03-25T15:14:54.758+0000] {logging_mixin.py:188} INFO - [2026-03-25T15:14:54.758+0000] {dag.py:3096} INFO - Sync 1 DAGs
[2026-03-25T15:14:54.782+0000] {logging_mixin.py:188} INFO - [2026-03-25T15:14:54.782+0000] {dag.py:3954} INFO - Setting next_dagrun for hello_airflow to 2024-03-23 00:00:00+00:00, run_after=2024-03-24 00:00:00+00:00
[2026-03-25T15:14:54.805+0000] {processor.py:183} INFO - Processing /opt/airflow/dags/example.py took 0.116 seconds
[2026-03-25T15:15:25.388+0000] {processor.py:161} INFO - Started process (PID=2535) to work on /opt/airflow/dags/example.py
[2026-03-25T15:15:25.389+0000] {processor.py:830} INFO - Processing file /opt/airflow/dags/example.py for tasks to queue
[2026-03-25T15:15:25.392+0000] {logging_mixin.py:188} INFO - [2026-03-25T15:15:25.391+0000] {dagbag.py:545} INFO - Filling up the DagBag from /opt/airflow/dags/example.py
[2026-03-25T15:15:25.418+0000] {processor.py:840} INFO - DAG(s) 'hello_airflow' retrieved from /opt/airflow/dags/example.py
[2026-03-25T15:15:25.458+0000] {logging_mixin.py:188} INFO - [2026-03-25T15:15:25.458+0000] {dag.py:3096} INFO - Sync 1 DAGs
[2026-03-25T15:15:25.482+0000] {logging_mixin.py:188} INFO - [2026-03-25T15:15:25.482+0000] {dag.py:3954} INFO - Setting next_dagrun for hello_airflow to 2024-03-23 00:00:00+00:00, run_after=2024-03-24 00:00:00+00:00
[2026-03-25T15:15:25.506+0000] {processor.py:183} INFO - Processing /opt/airflow/dags/example.py took 0.127 seconds
[2026-03-25T15:15:56.058+0000] {processor.py:161} INFO - Started process (PID=2561) to work on /opt/airflow/dags/example.py
[2026-03-25T15:15:56.060+0000] {processor.py:830} INFO - Processing file /opt/airflow/dags/example.py for tasks to queue
[2026-03-25T15:15:56.062+0000] {logging_mixin.py:188} INFO - [2026-03-25T15:15:56.062+0000] {dagbag.py:545} INFO - Filling up the DagBag from /opt/airflow/dags/example.py
[2026-03-25T15:15:56.087+0000] {processor.py:840} INFO - DAG(s) 'hello_airflow' retrieved from /opt/airflow/dags/example.py
[2026-03-25T15:15:56.120+0000] {logging_mixin.py:188} INFO - [2026-03-25T15:15:56.120+0000] {dag.py:3096} INFO - Sync 1 DAGs
[2026-03-25T15:15:56.143+0000] {logging_mixin.py:188} INFO - [2026-03-25T15:15:56.143+0000] {dag.py:3954} INFO - Setting next_dagrun for hello_airflow to 2024-03-23 00:00:00+00:00, run_after=2024-03-24 00:00:00+00:00
[2026-03-25T15:15:56.168+0000] {processor.py:183} INFO - Processing /opt/airflow/dags/example.py took 0.116 seconds
[2026-03-25T15:16:26.746+0000] {processor.py:161} INFO - Started process (PID=2587) to work on /opt/airflow/dags/example.py
[2026-03-25T15:16:26.747+0000] {processor.py:830} INFO - Processing file /opt/airflow/dags/example.py for tasks to queue
[2026-03-25T15:16:26.749+0000] {logging_mixin.py:188} INFO - [2026-03-25T15:16:26.749+0000] {dagbag.py:545} INFO - Filling up the DagBag from /opt/airflow/dags/example.py
[2026-03-25T15:16:26.771+0000] {processor.py:840} INFO - DAG(s) 'hello_airflow' retrieved from /opt/airflow/dags/example.py
[2026-03-25T15:16:26.803+0000] {logging_mixin.py:188} INFO - [2026-03-25T15:16:26.803+0000] {dag.py:3096} INFO - Sync 1 DAGs
[2026-03-25T15:16:26.824+0000] {logging_mixin.py:188} INFO - [2026-03-25T15:16:26.824+0000] {dag.py:3954} INFO - Setting next_dagrun for hello_airflow to 2024-03-23 00:00:00+00:00, run_after=2024-03-24 00:00:00+00:00
[2026-03-25T15:16:26.850+0000] {processor.py:183} INFO - Processing /opt/airflow/dags/example.py took 0.111 seconds
[2026-03-25T15:16:57.468+0000] {processor.py:161} INFO - Started process (PID=2613) to work on /opt/airflow/dags/example.py
[2026-03-25T15:16:57.469+0000] {processor.py:830} INFO - Processing file /opt/airflow/dags/example.py for tasks to queue
[2026-03-25T15:16:57.471+0000] {logging_mixin.py:188} INFO - [2026-03-25T15:16:57.470+0000] {dagbag.py:545} INFO - Filling up the DagBag from /opt/airflow/dags/example.py
[2026-03-25T15:16:57.489+0000] {processor.py:840} INFO - DAG(s) 'hello_airflow' retrieved from /opt/airflow/dags/example.py
[2026-03-25T15:16:57.519+0000] {logging_mixin.py:188} INFO - [2026-03-25T15:16:57.519+0000] {dag.py:3096} INFO - Sync 1 DAGs
[2026-03-25T15:16:57.544+0000] {logging_mixin.py:188} INFO - [2026-03-25T15:16:57.544+0000] {dag.py:3954} INFO - Setting next_dagrun for hello_airflow to 2024-03-23 00:00:00+00:00, run_after=2024-03-24 00:00:00+00:00
[2026-03-25T15:16:57.570+0000] {processor.py:183} INFO - Processing /opt/airflow/dags/example.py took 0.108 seconds
[2026-03-25T15:17:28.179+0000] {processor.py:161} INFO - Started process (PID=2640) to work on /opt/airflow/dags/example.py
[2026-03-25T15:17:28.180+0000] {processor.py:830} INFO - Processing file /opt/airflow/dags/example.py for tasks to queue
[2026-03-25T15:17:28.183+0000] {logging_mixin.py:188} INFO - [2026-03-25T15:17:28.183+0000] {dagbag.py:545} INFO - Filling up the DagBag from /opt/airflow/dags/example.py
[2026-03-25T15:17:28.204+0000] {processor.py:840} INFO - DAG(s) 'hello_airflow' retrieved from /opt/airflow/dags/example.py
[2026-03-25T15:17:28.234+0000] {logging_mixin.py:188} INFO - [2026-03-25T15:17:28.234+0000] {dag.py:3096} INFO - Sync 1 DAGs
[2026-03-25T15:17:28.254+0000] {logging_mixin.py:188} INFO - [2026-03-25T15:17:28.254+0000] {dag.py:3954} INFO - Setting next_dagrun for hello_airflow to 2024-03-23 00:00:00+00:00, run_after=2024-03-24 00:00:00+00:00
[2026-03-25T15:17:28.280+0000] {processor.py:183} INFO - Processing /opt/airflow/dags/example.py took 0.110 seconds
[2026-03-25T15:17:58.971+0000] {processor.py:161} INFO - Started process (PID=2672) to work on /opt/airflow/dags/example.py
[2026-03-25T15:17:58.972+0000] {processor.py:830} INFO - Processing file /opt/airflow/dags/example.py for tasks to queue
[2026-03-25T15:17:58.974+0000] {logging_mixin.py:188} INFO - [2026-03-25T15:17:58.974+0000] {dagbag.py:545} INFO - Filling up the DagBag from /opt/airflow/dags/example.py
[2026-03-25T15:17:58.991+0000] {processor.py:840} INFO - DAG(s) 'hello_airflow' retrieved from /opt/airflow/dags/example.py
[2026-03-25T15:17:59.019+0000] {logging_mixin.py:188} INFO - [2026-03-25T15:17:59.019+0000] {dag.py:3096} INFO - Sync 1 DAGs
[2026-03-25T15:17:59.041+0000] {logging_mixin.py:188} INFO - [2026-03-25T15:17:59.041+0000] {dag.py:3954} INFO - Setting next_dagrun for hello_airflow to 2024-03-23 00:00:00+00:00, run_after=2024-03-24 00:00:00+00:00
[2026-03-25T15:17:59.066+0000] {processor.py:183} INFO - Processing /opt/airflow/dags/example.py took 0.101 seconds
[2026-03-25T15:18:29.733+0000] {processor.py:161} INFO - Started process (PID=2698) to work on /opt/airflow/dags/example.py
[2026-03-25T15:18:29.734+0000] {processor.py:830} INFO - Processing file /opt/airflow/dags/example.py for tasks to queue
[2026-03-25T15:18:29.737+0000] {logging_mixin.py:188} INFO - [2026-03-25T15:18:29.737+0000] {dagbag.py:545} INFO - Filling up the DagBag from /opt/airflow/dags/example.py
[2026-03-25T15:18:29.759+0000] {processor.py:840} INFO - DAG(s) 'hello_airflow' retrieved from /opt/airflow/dags/example.py
[2026-03-25T15:18:29.794+0000] {logging_mixin.py:188} INFO - [2026-03-25T15:18:29.794+0000] {dag.py:3096} INFO - Sync 1 DAGs
[2026-03-25T15:18:29.819+0000] {logging_mixin.py:188} INFO - [2026-03-25T15:18:29.818+0000] {dag.py:3954} INFO - Setting next_dagrun for hello_airflow to 2024-03-23 00:00:00+00:00, run_after=2024-03-24 00:00:00+00:00
[2026-03-25T15:18:29.848+0000] {processor.py:183} INFO - Processing /opt/airflow/dags/example.py took 0.122 seconds
[2026-03-25T15:19:00.366+0000] {processor.py:161} INFO - Started process (PID=2724) to work on /opt/airflow/dags/example.py
[2026-03-25T15:19:00.371+0000] {processor.py:830} INFO - Processing file /opt/airflow/dags/example.py for tasks to queue
[2026-03-25T15:19:00.378+0000] {logging_mixin.py:188} INFO - [2026-03-25T15:19:00.378+0000] {dagbag.py:545} INFO - Filling up the DagBag from /opt/airflow/dags/example.py
[2026-03-25T15:19:00.417+0000] {processor.py:840} INFO - DAG(s) 'hello_airflow' retrieved from /opt/airflow/dags/example.py
[2026-03-25T15:19:00.465+0000] {logging_mixin.py:188} INFO - [2026-03-25T15:19:00.465+0000] {dag.py:3096} INFO - Sync 1 DAGs
[2026-03-25T15:19:00.492+0000] {logging_mixin.py:188} INFO - [2026-03-25T15:19:00.492+0000] {dag.py:3954} INFO - Setting next_dagrun for hello_airflow to 2024-03-23 00:00:00+00:00, run_after=2024-03-24 00:00:00+00:00
[2026-03-25T15:19:00.535+0000] {processor.py:183} INFO - Processing /opt/airflow/dags/example.py took 0.176 seconds
[2026-03-25T15:19:31.178+0000] {processor.py:161} INFO - Started process (PID=2750) to work on /opt/airflow/dags/example.py
[2026-03-25T15:19:31.179+0000] {processor.py:830} INFO - Processing file /opt/airflow/dags/example.py for tasks to queue
[2026-03-25T15:19:31.182+0000] {logging_mixin.py:188} INFO - [2026-03-25T15:19:31.181+0000] {dagbag.py:545} INFO - Filling up the DagBag from /opt/airflow/dags/example.py
[2026-03-25T15:19:31.203+0000] {processor.py:840} INFO - DAG(s) 'hello_airflow' retrieved from /opt/airflow/dags/example.py
[2026-03-25T15:19:31.238+0000] {logging_mixin.py:188} INFO - [2026-03-25T15:19:31.238+0000] {dag.py:3096} INFO - Sync 1 DAGs
[2026-03-25T15:19:31.263+0000] {logging_mixin.py:188} INFO - [2026-03-25T15:19:31.262+0000] {dag.py:3954} INFO - Setting next_dagrun for hello_airflow to 2024-03-23 00:00:00+00:00, run_after=2024-03-24 00:00:00+00:00
[2026-03-25T15:19:31.285+0000] {processor.py:183} INFO - Processing /opt/airflow/dags/example.py took 0.113 seconds
