[2026-03-25T08:35:27.746+0000] {processor.py:161} INFO - Started process (PID=202) to work on /opt/airflow/dags/extract_data.py
[2026-03-25T08:35:27.773+0000] {processor.py:830} INFO - Processing file /opt/airflow/dags/extract_data.py for tasks to queue
[2026-03-25T08:35:27.784+0000] {logging_mixin.py:188} INFO - [2026-03-25T08:35:27.783+0000] {dagbag.py:545} INFO - Filling up the DagBag from /opt/airflow/dags/extract_data.py
[2026-03-25T08:35:28.347+0000] {processor.py:842} WARNING - No viable dags retrieved from /opt/airflow/dags/extract_data.py
[2026-03-25T08:35:28.431+0000] {processor.py:183} INFO - Processing /opt/airflow/dags/extract_data.py took 0.745 seconds
[2026-03-25T08:35:59.081+0000] {processor.py:161} INFO - Started process (PID=225) to work on /opt/airflow/dags/extract_data.py
[2026-03-25T08:35:59.084+0000] {processor.py:830} INFO - Processing file /opt/airflow/dags/extract_data.py for tasks to queue
[2026-03-25T08:35:59.087+0000] {logging_mixin.py:188} INFO - [2026-03-25T08:35:59.087+0000] {dagbag.py:545} INFO - Filling up the DagBag from /opt/airflow/dags/extract_data.py
[2026-03-25T08:35:59.112+0000] {processor.py:842} WARNING - No viable dags retrieved from /opt/airflow/dags/extract_data.py
[2026-03-25T08:35:59.131+0000] {processor.py:183} INFO - Processing /opt/airflow/dags/extract_data.py took 0.059 seconds
[2026-03-25T08:36:29.842+0000] {processor.py:161} INFO - Started process (PID=257) to work on /opt/airflow/dags/extract_data.py
[2026-03-25T08:36:29.843+0000] {processor.py:830} INFO - Processing file /opt/airflow/dags/extract_data.py for tasks to queue
[2026-03-25T08:36:29.845+0000] {logging_mixin.py:188} INFO - [2026-03-25T08:36:29.844+0000] {dagbag.py:545} INFO - Filling up the DagBag from /opt/airflow/dags/extract_data.py
[2026-03-25T08:36:29.857+0000] {processor.py:842} WARNING - No viable dags retrieved from /opt/airflow/dags/extract_data.py
[2026-03-25T08:36:29.869+0000] {processor.py:183} INFO - Processing /opt/airflow/dags/extract_data.py took 0.033 seconds
[2026-03-25T08:37:00.631+0000] {processor.py:161} INFO - Started process (PID=283) to work on /opt/airflow/dags/extract_data.py
[2026-03-25T08:37:00.632+0000] {processor.py:830} INFO - Processing file /opt/airflow/dags/extract_data.py for tasks to queue
[2026-03-25T08:37:00.635+0000] {logging_mixin.py:188} INFO - [2026-03-25T08:37:00.635+0000] {dagbag.py:545} INFO - Filling up the DagBag from /opt/airflow/dags/extract_data.py
[2026-03-25T08:37:00.653+0000] {processor.py:842} WARNING - No viable dags retrieved from /opt/airflow/dags/extract_data.py
[2026-03-25T08:37:00.667+0000] {processor.py:183} INFO - Processing /opt/airflow/dags/extract_data.py took 0.044 seconds
[2026-03-25T08:37:31.354+0000] {processor.py:161} INFO - Started process (PID=309) to work on /opt/airflow/dags/extract_data.py
[2026-03-25T08:37:31.355+0000] {processor.py:830} INFO - Processing file /opt/airflow/dags/extract_data.py for tasks to queue
[2026-03-25T08:37:31.357+0000] {logging_mixin.py:188} INFO - [2026-03-25T08:37:31.357+0000] {dagbag.py:545} INFO - Filling up the DagBag from /opt/airflow/dags/extract_data.py
[2026-03-25T08:37:31.374+0000] {processor.py:842} WARNING - No viable dags retrieved from /opt/airflow/dags/extract_data.py
[2026-03-25T08:37:31.388+0000] {processor.py:183} INFO - Processing /opt/airflow/dags/extract_data.py took 0.041 seconds
[2026-03-25T08:38:02.146+0000] {processor.py:161} INFO - Started process (PID=335) to work on /opt/airflow/dags/extract_data.py
[2026-03-25T08:38:02.147+0000] {processor.py:830} INFO - Processing file /opt/airflow/dags/extract_data.py for tasks to queue
[2026-03-25T08:38:02.149+0000] {logging_mixin.py:188} INFO - [2026-03-25T08:38:02.149+0000] {dagbag.py:545} INFO - Filling up the DagBag from /opt/airflow/dags/extract_data.py
[2026-03-25T08:38:02.164+0000] {processor.py:842} WARNING - No viable dags retrieved from /opt/airflow/dags/extract_data.py
[2026-03-25T08:38:02.177+0000] {processor.py:183} INFO - Processing /opt/airflow/dags/extract_data.py took 0.038 seconds
[2026-03-25T08:38:32.935+0000] {processor.py:161} INFO - Started process (PID=361) to work on /opt/airflow/dags/extract_data.py
[2026-03-25T08:38:32.937+0000] {processor.py:830} INFO - Processing file /opt/airflow/dags/extract_data.py for tasks to queue
[2026-03-25T08:38:32.940+0000] {logging_mixin.py:188} INFO - [2026-03-25T08:38:32.939+0000] {dagbag.py:545} INFO - Filling up the DagBag from /opt/airflow/dags/extract_data.py
[2026-03-25T08:38:32.960+0000] {processor.py:842} WARNING - No viable dags retrieved from /opt/airflow/dags/extract_data.py
[2026-03-25T08:38:32.977+0000] {processor.py:183} INFO - Processing /opt/airflow/dags/extract_data.py took 0.049 seconds
[2026-03-25T08:39:03.730+0000] {processor.py:161} INFO - Started process (PID=388) to work on /opt/airflow/dags/extract_data.py
[2026-03-25T08:39:03.731+0000] {processor.py:830} INFO - Processing file /opt/airflow/dags/extract_data.py for tasks to queue
[2026-03-25T08:39:03.733+0000] {logging_mixin.py:188} INFO - [2026-03-25T08:39:03.733+0000] {dagbag.py:545} INFO - Filling up the DagBag from /opt/airflow/dags/extract_data.py
[2026-03-25T08:39:03.745+0000] {processor.py:842} WARNING - No viable dags retrieved from /opt/airflow/dags/extract_data.py
[2026-03-25T08:39:03.760+0000] {processor.py:183} INFO - Processing /opt/airflow/dags/extract_data.py took 0.036 seconds
[2026-03-25T08:39:34.547+0000] {processor.py:161} INFO - Started process (PID=414) to work on /opt/airflow/dags/extract_data.py
[2026-03-25T08:39:34.548+0000] {processor.py:830} INFO - Processing file /opt/airflow/dags/extract_data.py for tasks to queue
[2026-03-25T08:39:34.551+0000] {logging_mixin.py:188} INFO - [2026-03-25T08:39:34.550+0000] {dagbag.py:545} INFO - Filling up the DagBag from /opt/airflow/dags/extract_data.py
[2026-03-25T08:39:34.563+0000] {processor.py:842} WARNING - No viable dags retrieved from /opt/airflow/dags/extract_data.py
[2026-03-25T08:39:34.575+0000] {processor.py:183} INFO - Processing /opt/airflow/dags/extract_data.py took 0.033 seconds
[2026-03-25T08:40:05.274+0000] {processor.py:161} INFO - Started process (PID=440) to work on /opt/airflow/dags/extract_data.py
[2026-03-25T08:40:05.275+0000] {processor.py:830} INFO - Processing file /opt/airflow/dags/extract_data.py for tasks to queue
[2026-03-25T08:40:05.278+0000] {logging_mixin.py:188} INFO - [2026-03-25T08:40:05.278+0000] {dagbag.py:545} INFO - Filling up the DagBag from /opt/airflow/dags/extract_data.py
[2026-03-25T08:40:05.309+0000] {processor.py:842} WARNING - No viable dags retrieved from /opt/airflow/dags/extract_data.py
[2026-03-25T08:40:05.323+0000] {processor.py:183} INFO - Processing /opt/airflow/dags/extract_data.py took 0.056 seconds
[2026-03-25T08:40:36.178+0000] {processor.py:161} INFO - Started process (PID=468) to work on /opt/airflow/dags/extract_data.py
[2026-03-25T08:40:36.179+0000] {processor.py:830} INFO - Processing file /opt/airflow/dags/extract_data.py for tasks to queue
[2026-03-25T08:40:36.182+0000] {logging_mixin.py:188} INFO - [2026-03-25T08:40:36.181+0000] {dagbag.py:545} INFO - Filling up the DagBag from /opt/airflow/dags/extract_data.py
[2026-03-25T08:40:36.201+0000] {processor.py:842} WARNING - No viable dags retrieved from /opt/airflow/dags/extract_data.py
[2026-03-25T08:40:36.216+0000] {processor.py:183} INFO - Processing /opt/airflow/dags/extract_data.py took 0.044 seconds
[2026-03-25T08:41:06.877+0000] {processor.py:161} INFO - Started process (PID=495) to work on /opt/airflow/dags/extract_data.py
[2026-03-25T08:41:06.879+0000] {processor.py:830} INFO - Processing file /opt/airflow/dags/extract_data.py for tasks to queue
[2026-03-25T08:41:06.882+0000] {logging_mixin.py:188} INFO - [2026-03-25T08:41:06.882+0000] {dagbag.py:545} INFO - Filling up the DagBag from /opt/airflow/dags/extract_data.py
[2026-03-25T08:41:06.900+0000] {processor.py:842} WARNING - No viable dags retrieved from /opt/airflow/dags/extract_data.py
[2026-03-25T08:41:06.917+0000] {processor.py:183} INFO - Processing /opt/airflow/dags/extract_data.py took 0.047 seconds
[2026-03-25T08:41:37.339+0000] {processor.py:161} INFO - Started process (PID=585) to work on /opt/airflow/dags/extract_data.py
[2026-03-25T08:41:37.341+0000] {processor.py:830} INFO - Processing file /opt/airflow/dags/extract_data.py for tasks to queue
[2026-03-25T08:41:37.344+0000] {logging_mixin.py:188} INFO - [2026-03-25T08:41:37.343+0000] {dagbag.py:545} INFO - Filling up the DagBag from /opt/airflow/dags/extract_data.py
[2026-03-25T08:41:37.370+0000] {processor.py:842} WARNING - No viable dags retrieved from /opt/airflow/dags/extract_data.py
[2026-03-25T08:41:37.386+0000] {processor.py:183} INFO - Processing /opt/airflow/dags/extract_data.py took 0.053 seconds
[2026-03-25T08:42:08.351+0000] {processor.py:161} INFO - Started process (PID=700) to work on /opt/airflow/dags/extract_data.py
[2026-03-25T08:42:08.353+0000] {processor.py:830} INFO - Processing file /opt/airflow/dags/extract_data.py for tasks to queue
[2026-03-25T08:42:08.356+0000] {logging_mixin.py:188} INFO - [2026-03-25T08:42:08.356+0000] {dagbag.py:545} INFO - Filling up the DagBag from /opt/airflow/dags/extract_data.py
[2026-03-25T08:42:08.376+0000] {processor.py:842} WARNING - No viable dags retrieved from /opt/airflow/dags/extract_data.py
[2026-03-25T08:42:08.397+0000] {processor.py:183} INFO - Processing /opt/airflow/dags/extract_data.py took 0.057 seconds
[2026-03-25T08:42:39.233+0000] {processor.py:161} INFO - Started process (PID=791) to work on /opt/airflow/dags/extract_data.py
[2026-03-25T08:42:39.235+0000] {processor.py:830} INFO - Processing file /opt/airflow/dags/extract_data.py for tasks to queue
[2026-03-25T08:42:39.237+0000] {logging_mixin.py:188} INFO - [2026-03-25T08:42:39.237+0000] {dagbag.py:545} INFO - Filling up the DagBag from /opt/airflow/dags/extract_data.py
[2026-03-25T08:42:39.266+0000] {processor.py:842} WARNING - No viable dags retrieved from /opt/airflow/dags/extract_data.py
[2026-03-25T08:42:39.293+0000] {processor.py:183} INFO - Processing /opt/airflow/dags/extract_data.py took 0.066 seconds
[2026-03-25T08:43:09.414+0000] {processor.py:161} INFO - Started process (PID=924) to work on /opt/airflow/dags/extract_data.py
[2026-03-25T08:43:09.417+0000] {processor.py:830} INFO - Processing file /opt/airflow/dags/extract_data.py for tasks to queue
[2026-03-25T08:43:09.421+0000] {logging_mixin.py:188} INFO - [2026-03-25T08:43:09.420+0000] {dagbag.py:545} INFO - Filling up the DagBag from /opt/airflow/dags/extract_data.py
[2026-03-25T08:43:09.450+0000] {processor.py:842} WARNING - No viable dags retrieved from /opt/airflow/dags/extract_data.py
[2026-03-25T08:43:09.474+0000] {processor.py:183} INFO - Processing /opt/airflow/dags/extract_data.py took 0.070 seconds
[2026-03-25T08:43:40.383+0000] {processor.py:161} INFO - Started process (PID=1031) to work on /opt/airflow/dags/extract_data.py
[2026-03-25T08:43:40.384+0000] {processor.py:830} INFO - Processing file /opt/airflow/dags/extract_data.py for tasks to queue
[2026-03-25T08:43:40.387+0000] {logging_mixin.py:188} INFO - [2026-03-25T08:43:40.387+0000] {dagbag.py:545} INFO - Filling up the DagBag from /opt/airflow/dags/extract_data.py
[2026-03-25T08:43:40.405+0000] {processor.py:842} WARNING - No viable dags retrieved from /opt/airflow/dags/extract_data.py
[2026-03-25T08:43:40.421+0000] {processor.py:183} INFO - Processing /opt/airflow/dags/extract_data.py took 0.045 seconds
[2026-03-25T08:44:10.652+0000] {processor.py:161} INFO - Started process (PID=1165) to work on /opt/airflow/dags/extract_data.py
[2026-03-25T08:44:10.654+0000] {processor.py:830} INFO - Processing file /opt/airflow/dags/extract_data.py for tasks to queue
[2026-03-25T08:44:10.656+0000] {logging_mixin.py:188} INFO - [2026-03-25T08:44:10.656+0000] {dagbag.py:545} INFO - Filling up the DagBag from /opt/airflow/dags/extract_data.py
[2026-03-25T08:44:10.671+0000] {processor.py:842} WARNING - No viable dags retrieved from /opt/airflow/dags/extract_data.py
[2026-03-25T08:44:10.687+0000] {processor.py:183} INFO - Processing /opt/airflow/dags/extract_data.py took 0.041 seconds
[2026-03-25T08:44:40.794+0000] {processor.py:161} INFO - Started process (PID=1277) to work on /opt/airflow/dags/extract_data.py
[2026-03-25T08:44:40.795+0000] {processor.py:830} INFO - Processing file /opt/airflow/dags/extract_data.py for tasks to queue
[2026-03-25T08:44:40.798+0000] {logging_mixin.py:188} INFO - [2026-03-25T08:44:40.797+0000] {dagbag.py:545} INFO - Filling up the DagBag from /opt/airflow/dags/extract_data.py
[2026-03-25T08:44:40.824+0000] {processor.py:842} WARNING - No viable dags retrieved from /opt/airflow/dags/extract_data.py
[2026-03-25T08:44:40.841+0000] {processor.py:183} INFO - Processing /opt/airflow/dags/extract_data.py took 0.053 seconds
[2026-03-25T08:45:11.091+0000] {processor.py:161} INFO - Started process (PID=1401) to work on /opt/airflow/dags/extract_data.py
[2026-03-25T08:45:11.094+0000] {processor.py:830} INFO - Processing file /opt/airflow/dags/extract_data.py for tasks to queue
[2026-03-25T08:45:11.099+0000] {logging_mixin.py:188} INFO - [2026-03-25T08:45:11.098+0000] {dagbag.py:545} INFO - Filling up the DagBag from /opt/airflow/dags/extract_data.py
[2026-03-25T08:45:11.173+0000] {processor.py:842} WARNING - No viable dags retrieved from /opt/airflow/dags/extract_data.py
[2026-03-25T08:45:11.222+0000] {processor.py:183} INFO - Processing /opt/airflow/dags/extract_data.py took 0.144 seconds
[2026-03-25T08:45:41.804+0000] {processor.py:161} INFO - Started process (PID=1526) to work on /opt/airflow/dags/extract_data.py
[2026-03-25T08:45:41.807+0000] {processor.py:830} INFO - Processing file /opt/airflow/dags/extract_data.py for tasks to queue
[2026-03-25T08:45:41.812+0000] {logging_mixin.py:188} INFO - [2026-03-25T08:45:41.811+0000] {dagbag.py:545} INFO - Filling up the DagBag from /opt/airflow/dags/extract_data.py
[2026-03-25T08:45:41.911+0000] {processor.py:842} WARNING - No viable dags retrieved from /opt/airflow/dags/extract_data.py
[2026-03-25T08:45:41.971+0000] {processor.py:183} INFO - Processing /opt/airflow/dags/extract_data.py took 0.184 seconds
[2026-03-25T08:46:12.468+0000] {processor.py:161} INFO - Started process (PID=1661) to work on /opt/airflow/dags/extract_data.py
[2026-03-25T08:46:12.470+0000] {processor.py:830} INFO - Processing file /opt/airflow/dags/extract_data.py for tasks to queue
[2026-03-25T08:46:12.473+0000] {logging_mixin.py:188} INFO - [2026-03-25T08:46:12.473+0000] {dagbag.py:545} INFO - Filling up the DagBag from /opt/airflow/dags/extract_data.py
[2026-03-25T08:46:12.504+0000] {processor.py:842} WARNING - No viable dags retrieved from /opt/airflow/dags/extract_data.py
[2026-03-25T08:46:12.524+0000] {processor.py:183} INFO - Processing /opt/airflow/dags/extract_data.py took 0.064 seconds
[2026-03-25T08:46:42.751+0000] {processor.py:161} INFO - Started process (PID=1782) to work on /opt/airflow/dags/extract_data.py
[2026-03-25T08:46:42.755+0000] {processor.py:830} INFO - Processing file /opt/airflow/dags/extract_data.py for tasks to queue
[2026-03-25T08:46:42.766+0000] {logging_mixin.py:188} INFO - [2026-03-25T08:46:42.765+0000] {dagbag.py:545} INFO - Filling up the DagBag from /opt/airflow/dags/extract_data.py
[2026-03-25T08:46:42.850+0000] {processor.py:842} WARNING - No viable dags retrieved from /opt/airflow/dags/extract_data.py
[2026-03-25T08:46:42.902+0000] {processor.py:183} INFO - Processing /opt/airflow/dags/extract_data.py took 0.173 seconds
[2026-03-25T08:47:13.241+0000] {processor.py:161} INFO - Started process (PID=1849) to work on /opt/airflow/dags/extract_data.py
[2026-03-25T08:47:13.243+0000] {processor.py:830} INFO - Processing file /opt/airflow/dags/extract_data.py for tasks to queue
[2026-03-25T08:47:13.245+0000] {logging_mixin.py:188} INFO - [2026-03-25T08:47:13.245+0000] {dagbag.py:545} INFO - Filling up the DagBag from /opt/airflow/dags/extract_data.py
[2026-03-25T08:47:13.269+0000] {processor.py:842} WARNING - No viable dags retrieved from /opt/airflow/dags/extract_data.py
[2026-03-25T08:47:13.283+0000] {processor.py:183} INFO - Processing /opt/airflow/dags/extract_data.py took 0.049 seconds
[2026-03-25T08:47:31.880+0000] {processor.py:161} INFO - Started process (PID=1875) to work on /opt/airflow/dags/extract_data.py
[2026-03-25T08:47:31.882+0000] {processor.py:830} INFO - Processing file /opt/airflow/dags/extract_data.py for tasks to queue
[2026-03-25T08:47:31.885+0000] {logging_mixin.py:188} INFO - [2026-03-25T08:47:31.884+0000] {dagbag.py:545} INFO - Filling up the DagBag from /opt/airflow/dags/extract_data.py
[2026-03-25T08:47:31.921+0000] {logging_mixin.py:188} INFO - [2026-03-25T08:47:31.916+0000] {dagbag.py:355} ERROR - Failed to import: /opt/airflow/dags/extract_data.py
Traceback (most recent call last):
  File "/home/airflow/.local/lib/python3.10/site-packages/airflow/models/dagbag.py", line 351, in parse
    loader.exec_module(new_module)
  File "<frozen importlib._bootstrap_external>", line 883, in exec_module
  File "<frozen importlib._bootstrap>", line 241, in _call_with_frames_removed
  File "/opt/airflow/dags/extract_data.py", line 8, in <module>
    from pluginsmysql_operator import MySQLOperators
ModuleNotFoundError: No module named 'pluginsmysql_operator'
[2026-03-25T08:47:31.923+0000] {processor.py:842} WARNING - No viable dags retrieved from /opt/airflow/dags/extract_data.py
[2026-03-25T08:47:31.955+0000] {processor.py:183} INFO - Processing /opt/airflow/dags/extract_data.py took 0.083 seconds
[2026-03-25T08:47:33.018+0000] {processor.py:161} INFO - Started process (PID=1880) to work on /opt/airflow/dags/extract_data.py
[2026-03-25T08:47:33.019+0000] {processor.py:830} INFO - Processing file /opt/airflow/dags/extract_data.py for tasks to queue
[2026-03-25T08:47:33.021+0000] {logging_mixin.py:188} INFO - [2026-03-25T08:47:33.020+0000] {dagbag.py:545} INFO - Filling up the DagBag from /opt/airflow/dags/extract_data.py
[2026-03-25T08:47:33.045+0000] {logging_mixin.py:188} INFO - [2026-03-25T08:47:33.042+0000] {dagbag.py:355} ERROR - Failed to import: /opt/airflow/dags/extract_data.py
Traceback (most recent call last):
  File "/home/airflow/.local/lib/python3.10/site-packages/airflow/models/dagbag.py", line 351, in parse
    loader.exec_module(new_module)
  File "<frozen importlib._bootstrap_external>", line 883, in exec_module
  File "<frozen importlib._bootstrap>", line 241, in _call_with_frames_removed
  File "/opt/airflow/dags/extract_data.py", line 8, in <module>
    from plugins.mysql_operator import MySQLOperators
ModuleNotFoundError: No module named 'plugins'
[2026-03-25T08:47:33.047+0000] {processor.py:842} WARNING - No viable dags retrieved from /opt/airflow/dags/extract_data.py
[2026-03-25T08:47:33.065+0000] {processor.py:183} INFO - Processing /opt/airflow/dags/extract_data.py took 0.053 seconds
[2026-03-25T08:47:37.190+0000] {processor.py:161} INFO - Started process (PID=1885) to work on /opt/airflow/dags/extract_data.py
[2026-03-25T08:47:37.191+0000] {processor.py:830} INFO - Processing file /opt/airflow/dags/extract_data.py for tasks to queue
[2026-03-25T08:47:37.194+0000] {logging_mixin.py:188} INFO - [2026-03-25T08:47:37.194+0000] {dagbag.py:545} INFO - Filling up the DagBag from /opt/airflow/dags/extract_data.py
[2026-03-25T08:47:37.231+0000] {logging_mixin.py:188} INFO - [2026-03-25T08:47:37.228+0000] {dagbag.py:355} ERROR - Failed to import: /opt/airflow/dags/extract_data.py
Traceback (most recent call last):
  File "/home/airflow/.local/lib/python3.10/site-packages/airflow/models/dagbag.py", line 351, in parse
    loader.exec_module(new_module)
  File "<frozen importlib._bootstrap_external>", line 883, in exec_module
  File "<frozen importlib._bootstrap>", line 241, in _call_with_frames_removed
  File "/opt/airflow/dags/extract_data.py", line 8, in <module>
    from plugins.mysql_operator import MySQLOperators
ModuleNotFoundError: No module named 'plugins'
[2026-03-25T08:47:37.233+0000] {processor.py:842} WARNING - No viable dags retrieved from /opt/airflow/dags/extract_data.py
[2026-03-25T08:47:37.254+0000] {processor.py:183} INFO - Processing /opt/airflow/dags/extract_data.py took 0.071 seconds
[2026-03-25T08:47:38.208+0000] {processor.py:161} INFO - Started process (PID=1890) to work on /opt/airflow/dags/extract_data.py
[2026-03-25T08:47:38.210+0000] {processor.py:830} INFO - Processing file /opt/airflow/dags/extract_data.py for tasks to queue
[2026-03-25T08:47:38.212+0000] {logging_mixin.py:188} INFO - [2026-03-25T08:47:38.212+0000] {dagbag.py:545} INFO - Filling up the DagBag from /opt/airflow/dags/extract_data.py
[2026-03-25T08:47:38.250+0000] {logging_mixin.py:188} INFO - [2026-03-25T08:47:38.245+0000] {dagbag.py:355} ERROR - Failed to import: /opt/airflow/dags/extract_data.py
Traceback (most recent call last):
  File "/home/airflow/.local/lib/python3.10/site-packages/airflow/models/dagbag.py", line 351, in parse
    loader.exec_module(new_module)
  File "<frozen importlib._bootstrap_external>", line 883, in exec_module
  File "<frozen importlib._bootstrap>", line 241, in _call_with_frames_removed
  File "/opt/airflow/dags/extract_data.py", line 8, in <module>
    from plugins.mysql_operator import MySQLOperators
ModuleNotFoundError: No module named 'plugins'
[2026-03-25T08:47:38.253+0000] {processor.py:842} WARNING - No viable dags retrieved from /opt/airflow/dags/extract_data.py
[2026-03-25T08:47:38.275+0000] {processor.py:183} INFO - Processing /opt/airflow/dags/extract_data.py took 0.073 seconds
[2026-03-25T08:48:08.858+0000] {processor.py:161} INFO - Started process (PID=1917) to work on /opt/airflow/dags/extract_data.py
[2026-03-25T08:48:08.859+0000] {processor.py:830} INFO - Processing file /opt/airflow/dags/extract_data.py for tasks to queue
[2026-03-25T08:48:08.861+0000] {logging_mixin.py:188} INFO - [2026-03-25T08:48:08.861+0000] {dagbag.py:545} INFO - Filling up the DagBag from /opt/airflow/dags/extract_data.py
[2026-03-25T08:48:08.885+0000] {logging_mixin.py:188} INFO - [2026-03-25T08:48:08.882+0000] {dagbag.py:355} ERROR - Failed to import: /opt/airflow/dags/extract_data.py
Traceback (most recent call last):
  File "/home/airflow/.local/lib/python3.10/site-packages/airflow/models/dagbag.py", line 351, in parse
    loader.exec_module(new_module)
  File "<frozen importlib._bootstrap_external>", line 883, in exec_module
  File "<frozen importlib._bootstrap>", line 241, in _call_with_frames_removed
  File "/opt/airflow/dags/extract_data.py", line 8, in <module>
    from plugins.mysql_operator import MySQLOperators
ModuleNotFoundError: No module named 'plugins'
[2026-03-25T08:48:08.887+0000] {processor.py:842} WARNING - No viable dags retrieved from /opt/airflow/dags/extract_data.py
[2026-03-25T08:48:08.905+0000] {processor.py:183} INFO - Processing /opt/airflow/dags/extract_data.py took 0.055 seconds
[2026-03-25T08:48:39.566+0000] {processor.py:161} INFO - Started process (PID=1943) to work on /opt/airflow/dags/extract_data.py
[2026-03-25T08:48:39.568+0000] {processor.py:830} INFO - Processing file /opt/airflow/dags/extract_data.py for tasks to queue
[2026-03-25T08:48:39.570+0000] {logging_mixin.py:188} INFO - [2026-03-25T08:48:39.570+0000] {dagbag.py:545} INFO - Filling up the DagBag from /opt/airflow/dags/extract_data.py
[2026-03-25T08:48:39.600+0000] {logging_mixin.py:188} INFO - [2026-03-25T08:48:39.594+0000] {dagbag.py:355} ERROR - Failed to import: /opt/airflow/dags/extract_data.py
Traceback (most recent call last):
  File "/home/airflow/.local/lib/python3.10/site-packages/airflow/models/dagbag.py", line 351, in parse
    loader.exec_module(new_module)
  File "<frozen importlib._bootstrap_external>", line 883, in exec_module
  File "<frozen importlib._bootstrap>", line 241, in _call_with_frames_removed
  File "/opt/airflow/dags/extract_data.py", line 8, in <module>
    from plugins.mysql_operator import MySQLOperators
ModuleNotFoundError: No module named 'plugins'
[2026-03-25T08:48:39.602+0000] {processor.py:842} WARNING - No viable dags retrieved from /opt/airflow/dags/extract_data.py
[2026-03-25T08:48:39.632+0000] {processor.py:183} INFO - Processing /opt/airflow/dags/extract_data.py took 0.082 seconds
[2026-03-25T08:49:51.559+0000] {processor.py:161} INFO - Started process (PID=193) to work on /opt/airflow/dags/extract_data.py
[2026-03-25T08:49:51.561+0000] {processor.py:830} INFO - Processing file /opt/airflow/dags/extract_data.py for tasks to queue
[2026-03-25T08:49:51.564+0000] {logging_mixin.py:188} INFO - [2026-03-25T08:49:51.563+0000] {dagbag.py:545} INFO - Filling up the DagBag from /opt/airflow/dags/extract_data.py
[2026-03-25T08:49:51.606+0000] {logging_mixin.py:188} INFO - [2026-03-25T08:49:51.599+0000] {dagbag.py:355} ERROR - Failed to import: /opt/airflow/dags/extract_data.py
Traceback (most recent call last):
  File "/home/airflow/.local/lib/python3.10/site-packages/airflow/models/dagbag.py", line 351, in parse
    loader.exec_module(new_module)
  File "<frozen importlib._bootstrap_external>", line 883, in exec_module
  File "<frozen importlib._bootstrap>", line 241, in _call_with_frames_removed
  File "/opt/airflow/dags/extract_data.py", line 8, in <module>
    from plugins.mysql_operator import MySQLOperators
ModuleNotFoundError: No module named 'plugins'
[2026-03-25T08:49:51.608+0000] {processor.py:842} WARNING - No viable dags retrieved from /opt/airflow/dags/extract_data.py
[2026-03-25T08:49:51.634+0000] {processor.py:183} INFO - Processing /opt/airflow/dags/extract_data.py took 0.084 seconds
[2026-03-25T08:50:21.752+0000] {processor.py:161} INFO - Started process (PID=219) to work on /opt/airflow/dags/extract_data.py
[2026-03-25T08:50:21.753+0000] {processor.py:830} INFO - Processing file /opt/airflow/dags/extract_data.py for tasks to queue
[2026-03-25T08:50:21.755+0000] {logging_mixin.py:188} INFO - [2026-03-25T08:50:21.755+0000] {dagbag.py:545} INFO - Filling up the DagBag from /opt/airflow/dags/extract_data.py
[2026-03-25T08:50:21.774+0000] {logging_mixin.py:188} INFO - [2026-03-25T08:50:21.771+0000] {dagbag.py:355} ERROR - Failed to import: /opt/airflow/dags/extract_data.py
Traceback (most recent call last):
  File "/home/airflow/.local/lib/python3.10/site-packages/airflow/models/dagbag.py", line 351, in parse
    loader.exec_module(new_module)
  File "<frozen importlib._bootstrap_external>", line 883, in exec_module
  File "<frozen importlib._bootstrap>", line 241, in _call_with_frames_removed
  File "/opt/airflow/dags/extract_data.py", line 8, in <module>
    from plugins.mysql_operator import MySQLOperators
ModuleNotFoundError: No module named 'plugins'
[2026-03-25T08:50:21.776+0000] {processor.py:842} WARNING - No viable dags retrieved from /opt/airflow/dags/extract_data.py
[2026-03-25T08:50:21.798+0000] {processor.py:183} INFO - Processing /opt/airflow/dags/extract_data.py took 0.053 seconds
[2026-03-25T08:50:52.313+0000] {processor.py:161} INFO - Started process (PID=246) to work on /opt/airflow/dags/extract_data.py
[2026-03-25T08:50:52.314+0000] {processor.py:830} INFO - Processing file /opt/airflow/dags/extract_data.py for tasks to queue
[2026-03-25T08:50:52.316+0000] {logging_mixin.py:188} INFO - [2026-03-25T08:50:52.316+0000] {dagbag.py:545} INFO - Filling up the DagBag from /opt/airflow/dags/extract_data.py
[2026-03-25T08:50:52.337+0000] {logging_mixin.py:188} INFO - [2026-03-25T08:50:52.332+0000] {dagbag.py:355} ERROR - Failed to import: /opt/airflow/dags/extract_data.py
Traceback (most recent call last):
  File "/home/airflow/.local/lib/python3.10/site-packages/airflow/models/dagbag.py", line 351, in parse
    loader.exec_module(new_module)
  File "<frozen importlib._bootstrap_external>", line 883, in exec_module
  File "<frozen importlib._bootstrap>", line 241, in _call_with_frames_removed
  File "/opt/airflow/dags/extract_data.py", line 8, in <module>
    from plugins.mysql_operator import MySQLOperators
ModuleNotFoundError: No module named 'plugins'
[2026-03-25T08:50:52.339+0000] {processor.py:842} WARNING - No viable dags retrieved from /opt/airflow/dags/extract_data.py
[2026-03-25T08:50:52.364+0000] {processor.py:183} INFO - Processing /opt/airflow/dags/extract_data.py took 0.057 seconds
[2026-03-25T08:51:23.064+0000] {processor.py:161} INFO - Started process (PID=272) to work on /opt/airflow/dags/extract_data.py
[2026-03-25T08:51:23.065+0000] {processor.py:830} INFO - Processing file /opt/airflow/dags/extract_data.py for tasks to queue
[2026-03-25T08:51:23.068+0000] {logging_mixin.py:188} INFO - [2026-03-25T08:51:23.067+0000] {dagbag.py:545} INFO - Filling up the DagBag from /opt/airflow/dags/extract_data.py
[2026-03-25T08:51:23.094+0000] {logging_mixin.py:188} INFO - [2026-03-25T08:51:23.089+0000] {dagbag.py:355} ERROR - Failed to import: /opt/airflow/dags/extract_data.py
Traceback (most recent call last):
  File "/home/airflow/.local/lib/python3.10/site-packages/airflow/models/dagbag.py", line 351, in parse
    loader.exec_module(new_module)
  File "<frozen importlib._bootstrap_external>", line 883, in exec_module
  File "<frozen importlib._bootstrap>", line 241, in _call_with_frames_removed
  File "/opt/airflow/dags/extract_data.py", line 8, in <module>
    from plugins.mysql_operator import MySQLOperators
ModuleNotFoundError: No module named 'plugins'
[2026-03-25T08:51:23.096+0000] {processor.py:842} WARNING - No viable dags retrieved from /opt/airflow/dags/extract_data.py
[2026-03-25T08:51:23.117+0000] {processor.py:183} INFO - Processing /opt/airflow/dags/extract_data.py took 0.062 seconds
[2026-03-25T08:51:53.652+0000] {processor.py:161} INFO - Started process (PID=298) to work on /opt/airflow/dags/extract_data.py
[2026-03-25T08:51:53.652+0000] {processor.py:830} INFO - Processing file /opt/airflow/dags/extract_data.py for tasks to queue
[2026-03-25T08:51:53.656+0000] {logging_mixin.py:188} INFO - [2026-03-25T08:51:53.655+0000] {dagbag.py:545} INFO - Filling up the DagBag from /opt/airflow/dags/extract_data.py
[2026-03-25T08:51:53.674+0000] {logging_mixin.py:188} INFO - [2026-03-25T08:51:53.671+0000] {dagbag.py:355} ERROR - Failed to import: /opt/airflow/dags/extract_data.py
Traceback (most recent call last):
  File "/home/airflow/.local/lib/python3.10/site-packages/airflow/models/dagbag.py", line 351, in parse
    loader.exec_module(new_module)
  File "<frozen importlib._bootstrap_external>", line 883, in exec_module
  File "<frozen importlib._bootstrap>", line 241, in _call_with_frames_removed
  File "/opt/airflow/dags/extract_data.py", line 8, in <module>
    from plugins.mysql_operator import MySQLOperators
ModuleNotFoundError: No module named 'plugins'
[2026-03-25T08:51:53.676+0000] {processor.py:842} WARNING - No viable dags retrieved from /opt/airflow/dags/extract_data.py
[2026-03-25T08:51:53.701+0000] {processor.py:183} INFO - Processing /opt/airflow/dags/extract_data.py took 0.055 seconds
[2026-03-25T08:52:24.389+0000] {processor.py:161} INFO - Started process (PID=324) to work on /opt/airflow/dags/extract_data.py
[2026-03-25T08:52:24.390+0000] {processor.py:830} INFO - Processing file /opt/airflow/dags/extract_data.py for tasks to queue
[2026-03-25T08:52:24.397+0000] {logging_mixin.py:188} INFO - [2026-03-25T08:52:24.396+0000] {dagbag.py:545} INFO - Filling up the DagBag from /opt/airflow/dags/extract_data.py
[2026-03-25T08:52:24.457+0000] {logging_mixin.py:188} INFO - [2026-03-25T08:52:24.449+0000] {dagbag.py:355} ERROR - Failed to import: /opt/airflow/dags/extract_data.py
Traceback (most recent call last):
  File "/home/airflow/.local/lib/python3.10/site-packages/airflow/models/dagbag.py", line 351, in parse
    loader.exec_module(new_module)
  File "<frozen importlib._bootstrap_external>", line 883, in exec_module
  File "<frozen importlib._bootstrap>", line 241, in _call_with_frames_removed
  File "/opt/airflow/dags/extract_data.py", line 8, in <module>
    from plugins.mysql_operator import MySQLOperators
ModuleNotFoundError: No module named 'plugins'
[2026-03-25T08:52:24.462+0000] {processor.py:842} WARNING - No viable dags retrieved from /opt/airflow/dags/extract_data.py
[2026-03-25T08:52:24.499+0000] {processor.py:183} INFO - Processing /opt/airflow/dags/extract_data.py took 0.126 seconds
[2026-03-25T08:52:40.999+0000] {processor.py:161} INFO - Started process (PID=347) to work on /opt/airflow/dags/extract_data.py
[2026-03-25T08:52:41.001+0000] {processor.py:830} INFO - Processing file /opt/airflow/dags/extract_data.py for tasks to queue
[2026-03-25T08:52:41.003+0000] {logging_mixin.py:188} INFO - [2026-03-25T08:52:41.002+0000] {dagbag.py:545} INFO - Filling up the DagBag from /opt/airflow/dags/extract_data.py
[2026-03-25T08:52:41.039+0000] {logging_mixin.py:188} INFO - [2026-03-25T08:52:41.035+0000] {dagbag.py:355} ERROR - Failed to import: /opt/airflow/dags/extract_data.py
Traceback (most recent call last):
  File "/home/airflow/.local/lib/python3.10/site-packages/airflow/models/dagbag.py", line 351, in parse
    loader.exec_module(new_module)
  File "<frozen importlib._bootstrap_external>", line 883, in exec_module
  File "<frozen importlib._bootstrap>", line 241, in _call_with_frames_removed
  File "/opt/airflow/dags/extract_data.py", line 2, in <module>
    from airflow.providers.standard.operators.python import PythonOperator
ModuleNotFoundError: No module named 'airflow.providers.standard'
[2026-03-25T08:52:41.041+0000] {processor.py:842} WARNING - No viable dags retrieved from /opt/airflow/dags/extract_data.py
[2026-03-25T08:52:41.061+0000] {processor.py:183} INFO - Processing /opt/airflow/dags/extract_data.py took 0.068 seconds
[2026-03-25T08:52:43.033+0000] {processor.py:161} INFO - Started process (PID=352) to work on /opt/airflow/dags/extract_data.py
[2026-03-25T08:52:43.034+0000] {processor.py:830} INFO - Processing file /opt/airflow/dags/extract_data.py for tasks to queue
[2026-03-25T08:52:43.036+0000] {logging_mixin.py:188} INFO - [2026-03-25T08:52:43.036+0000] {dagbag.py:545} INFO - Filling up the DagBag from /opt/airflow/dags/extract_data.py
[2026-03-25T08:52:43.086+0000] {logging_mixin.py:188} INFO - [2026-03-25T08:52:43.080+0000] {dagbag.py:355} ERROR - Failed to import: /opt/airflow/dags/extract_data.py
Traceback (most recent call last):
  File "/home/airflow/.local/lib/python3.10/site-packages/airflow/models/dagbag.py", line 351, in parse
    loader.exec_module(new_module)
  File "<frozen importlib._bootstrap_external>", line 883, in exec_module
  File "<frozen importlib._bootstrap>", line 241, in _call_with_frames_removed
  File "/opt/airflow/dags/extract_data.py", line 8, in <module>
    from plugins.mysql_operator import MySQLOperators
ModuleNotFoundError: No module named 'plugins'
[2026-03-25T08:52:43.089+0000] {processor.py:842} WARNING - No viable dags retrieved from /opt/airflow/dags/extract_data.py
[2026-03-25T08:52:43.111+0000] {processor.py:183} INFO - Processing /opt/airflow/dags/extract_data.py took 0.085 seconds
[2026-03-25T08:53:13.767+0000] {processor.py:161} INFO - Started process (PID=378) to work on /opt/airflow/dags/extract_data.py
[2026-03-25T08:53:13.768+0000] {processor.py:830} INFO - Processing file /opt/airflow/dags/extract_data.py for tasks to queue
[2026-03-25T08:53:13.770+0000] {logging_mixin.py:188} INFO - [2026-03-25T08:53:13.770+0000] {dagbag.py:545} INFO - Filling up the DagBag from /opt/airflow/dags/extract_data.py
[2026-03-25T08:53:13.789+0000] {logging_mixin.py:188} INFO - [2026-03-25T08:53:13.785+0000] {dagbag.py:355} ERROR - Failed to import: /opt/airflow/dags/extract_data.py
Traceback (most recent call last):
  File "/home/airflow/.local/lib/python3.10/site-packages/airflow/models/dagbag.py", line 351, in parse
    loader.exec_module(new_module)
  File "<frozen importlib._bootstrap_external>", line 883, in exec_module
  File "<frozen importlib._bootstrap>", line 241, in _call_with_frames_removed
  File "/opt/airflow/dags/extract_data.py", line 8, in <module>
    from plugins.mysql_operator import MySQLOperators
ModuleNotFoundError: No module named 'plugins'
[2026-03-25T08:53:13.791+0000] {processor.py:842} WARNING - No viable dags retrieved from /opt/airflow/dags/extract_data.py
[2026-03-25T08:53:13.811+0000] {processor.py:183} INFO - Processing /opt/airflow/dags/extract_data.py took 0.050 seconds
[2026-03-25T08:53:44.527+0000] {processor.py:161} INFO - Started process (PID=414) to work on /opt/airflow/dags/extract_data.py
[2026-03-25T08:53:44.528+0000] {processor.py:830} INFO - Processing file /opt/airflow/dags/extract_data.py for tasks to queue
[2026-03-25T08:53:44.530+0000] {logging_mixin.py:188} INFO - [2026-03-25T08:53:44.530+0000] {dagbag.py:545} INFO - Filling up the DagBag from /opt/airflow/dags/extract_data.py
[2026-03-25T08:53:44.569+0000] {logging_mixin.py:188} INFO - [2026-03-25T08:53:44.565+0000] {dagbag.py:355} ERROR - Failed to import: /opt/airflow/dags/extract_data.py
Traceback (most recent call last):
  File "/home/airflow/.local/lib/python3.10/site-packages/airflow/models/dagbag.py", line 351, in parse
    loader.exec_module(new_module)
  File "<frozen importlib._bootstrap_external>", line 883, in exec_module
  File "<frozen importlib._bootstrap>", line 241, in _call_with_frames_removed
  File "/opt/airflow/dags/extract_data.py", line 2, in <module>
    from airflow.providers.standard.operators.python import PythonOperator
ModuleNotFoundError: No module named 'airflow.providers.standard'
[2026-03-25T08:53:44.571+0000] {processor.py:842} WARNING - No viable dags retrieved from /opt/airflow/dags/extract_data.py
[2026-03-25T08:53:44.598+0000] {processor.py:183} INFO - Processing /opt/airflow/dags/extract_data.py took 0.080 seconds
[2026-03-25T08:54:15.366+0000] {processor.py:161} INFO - Started process (PID=440) to work on /opt/airflow/dags/extract_data.py
[2026-03-25T08:54:15.367+0000] {processor.py:830} INFO - Processing file /opt/airflow/dags/extract_data.py for tasks to queue
[2026-03-25T08:54:15.369+0000] {logging_mixin.py:188} INFO - [2026-03-25T08:54:15.369+0000] {dagbag.py:545} INFO - Filling up the DagBag from /opt/airflow/dags/extract_data.py
[2026-03-25T08:54:15.382+0000] {logging_mixin.py:188} INFO - [2026-03-25T08:54:15.379+0000] {dagbag.py:355} ERROR - Failed to import: /opt/airflow/dags/extract_data.py
Traceback (most recent call last):
  File "/home/airflow/.local/lib/python3.10/site-packages/airflow/models/dagbag.py", line 351, in parse
    loader.exec_module(new_module)
  File "<frozen importlib._bootstrap_external>", line 883, in exec_module
  File "<frozen importlib._bootstrap>", line 241, in _call_with_frames_removed
  File "/opt/airflow/dags/extract_data.py", line 2, in <module>
    from airflow.providers.standard.operators.python import PythonOperator
ModuleNotFoundError: No module named 'airflow.providers.standard'
[2026-03-25T08:54:15.383+0000] {processor.py:842} WARNING - No viable dags retrieved from /opt/airflow/dags/extract_data.py
[2026-03-25T08:54:15.401+0000] {processor.py:183} INFO - Processing /opt/airflow/dags/extract_data.py took 0.041 seconds
[2026-03-25T08:54:37.953+0000] {processor.py:161} INFO - Started process (PID=461) to work on /opt/airflow/dags/extract_data.py
[2026-03-25T08:54:37.954+0000] {processor.py:830} INFO - Processing file /opt/airflow/dags/extract_data.py for tasks to queue
[2026-03-25T08:54:37.956+0000] {logging_mixin.py:188} INFO - [2026-03-25T08:54:37.955+0000] {dagbag.py:545} INFO - Filling up the DagBag from /opt/airflow/dags/extract_data.py
[2026-03-25T08:54:37.982+0000] {logging_mixin.py:188} INFO - [2026-03-25T08:54:37.978+0000] {dagbag.py:355} ERROR - Failed to import: /opt/airflow/dags/extract_data.py
Traceback (most recent call last):
  File "/home/airflow/.local/lib/python3.10/site-packages/airflow/models/dagbag.py", line 351, in parse
    loader.exec_module(new_module)
  File "<frozen importlib._bootstrap_external>", line 883, in exec_module
  File "<frozen importlib._bootstrap>", line 241, in _call_with_frames_removed
  File "/opt/airflow/dags/extract_data.py", line 8, in <module>
    from plugins.mysql_operator import MySQLOperators
ModuleNotFoundError: No module named 'plugins'
[2026-03-25T08:54:37.984+0000] {processor.py:842} WARNING - No viable dags retrieved from /opt/airflow/dags/extract_data.py
[2026-03-25T08:54:38.002+0000] {processor.py:183} INFO - Processing /opt/airflow/dags/extract_data.py took 0.056 seconds
[2026-03-25T08:54:40.019+0000] {processor.py:161} INFO - Started process (PID=466) to work on /opt/airflow/dags/extract_data.py
[2026-03-25T08:54:40.020+0000] {processor.py:830} INFO - Processing file /opt/airflow/dags/extract_data.py for tasks to queue
[2026-03-25T08:54:40.022+0000] {logging_mixin.py:188} INFO - [2026-03-25T08:54:40.022+0000] {dagbag.py:545} INFO - Filling up the DagBag from /opt/airflow/dags/extract_data.py
[2026-03-25T08:54:40.050+0000] {logging_mixin.py:188} INFO - [2026-03-25T08:54:40.047+0000] {dagbag.py:355} ERROR - Failed to import: /opt/airflow/dags/extract_data.py
Traceback (most recent call last):
  File "/home/airflow/.local/lib/python3.10/site-packages/airflow/models/dagbag.py", line 351, in parse
    loader.exec_module(new_module)
  File "<frozen importlib._bootstrap_external>", line 883, in exec_module
  File "<frozen importlib._bootstrap>", line 241, in _call_with_frames_removed
  File "/opt/airflow/dags/extract_data.py", line 8, in <module>
    from plugins.mysql_operator import MySQLOperators
ModuleNotFoundError: No module named 'plugins'
[2026-03-25T08:54:40.052+0000] {processor.py:842} WARNING - No viable dags retrieved from /opt/airflow/dags/extract_data.py
[2026-03-25T08:54:40.070+0000] {processor.py:183} INFO - Processing /opt/airflow/dags/extract_data.py took 0.059 seconds
[2026-03-25T08:54:41.107+0000] {processor.py:161} INFO - Started process (PID=471) to work on /opt/airflow/dags/extract_data.py
[2026-03-25T08:54:41.109+0000] {processor.py:830} INFO - Processing file /opt/airflow/dags/extract_data.py for tasks to queue
[2026-03-25T08:54:41.111+0000] {logging_mixin.py:188} INFO - [2026-03-25T08:54:41.111+0000] {dagbag.py:545} INFO - Filling up the DagBag from /opt/airflow/dags/extract_data.py
[2026-03-25T08:54:41.151+0000] {logging_mixin.py:188} INFO - [2026-03-25T08:54:41.146+0000] {dagbag.py:355} ERROR - Failed to import: /opt/airflow/dags/extract_data.py
Traceback (most recent call last):
  File "/home/airflow/.local/lib/python3.10/site-packages/airflow/models/dagbag.py", line 351, in parse
    loader.exec_module(new_module)
  File "<frozen importlib._bootstrap_external>", line 883, in exec_module
  File "<frozen importlib._bootstrap>", line 241, in _call_with_frames_removed
  File "/opt/airflow/dags/extract_data.py", line 8, in <module>
    from plugins.mysql_operator import MySQLOperators
ModuleNotFoundError: No module named 'plugins'
[2026-03-25T08:54:41.153+0000] {processor.py:842} WARNING - No viable dags retrieved from /opt/airflow/dags/extract_data.py
[2026-03-25T08:54:41.179+0000] {processor.py:183} INFO - Processing /opt/airflow/dags/extract_data.py took 0.081 seconds
[2026-03-25T08:55:11.888+0000] {processor.py:161} INFO - Started process (PID=497) to work on /opt/airflow/dags/extract_data.py
[2026-03-25T08:55:11.890+0000] {processor.py:830} INFO - Processing file /opt/airflow/dags/extract_data.py for tasks to queue
[2026-03-25T08:55:11.892+0000] {logging_mixin.py:188} INFO - [2026-03-25T08:55:11.892+0000] {dagbag.py:545} INFO - Filling up the DagBag from /opt/airflow/dags/extract_data.py
[2026-03-25T08:55:11.910+0000] {logging_mixin.py:188} INFO - [2026-03-25T08:55:11.907+0000] {dagbag.py:355} ERROR - Failed to import: /opt/airflow/dags/extract_data.py
Traceback (most recent call last):
  File "/home/airflow/.local/lib/python3.10/site-packages/airflow/models/dagbag.py", line 351, in parse
    loader.exec_module(new_module)
  File "<frozen importlib._bootstrap_external>", line 883, in exec_module
  File "<frozen importlib._bootstrap>", line 241, in _call_with_frames_removed
  File "/opt/airflow/dags/extract_data.py", line 8, in <module>
    from plugins.mysql_operator import MySQLOperators
ModuleNotFoundError: No module named 'plugins'
[2026-03-25T08:55:11.911+0000] {processor.py:842} WARNING - No viable dags retrieved from /opt/airflow/dags/extract_data.py
[2026-03-25T08:55:11.931+0000] {processor.py:183} INFO - Processing /opt/airflow/dags/extract_data.py took 0.048 seconds
[2026-03-25T08:55:42.461+0000] {processor.py:161} INFO - Started process (PID=523) to work on /opt/airflow/dags/extract_data.py
[2026-03-25T08:55:42.462+0000] {processor.py:830} INFO - Processing file /opt/airflow/dags/extract_data.py for tasks to queue
[2026-03-25T08:55:42.465+0000] {logging_mixin.py:188} INFO - [2026-03-25T08:55:42.465+0000] {dagbag.py:545} INFO - Filling up the DagBag from /opt/airflow/dags/extract_data.py
[2026-03-25T08:55:42.505+0000] {logging_mixin.py:188} INFO - [2026-03-25T08:55:42.501+0000] {dagbag.py:355} ERROR - Failed to import: /opt/airflow/dags/extract_data.py
Traceback (most recent call last):
  File "/home/airflow/.local/lib/python3.10/site-packages/airflow/models/dagbag.py", line 351, in parse
    loader.exec_module(new_module)
  File "<frozen importlib._bootstrap_external>", line 883, in exec_module
  File "<frozen importlib._bootstrap>", line 241, in _call_with_frames_removed
  File "/opt/airflow/dags/extract_data.py", line 8, in <module>
    from plugins.mysql_operator import MySQLOperators
ModuleNotFoundError: No module named 'plugins'
[2026-03-25T08:55:42.506+0000] {processor.py:842} WARNING - No viable dags retrieved from /opt/airflow/dags/extract_data.py
[2026-03-25T08:55:42.527+0000] {processor.py:183} INFO - Processing /opt/airflow/dags/extract_data.py took 0.073 seconds
[2026-03-25T08:56:13.109+0000] {processor.py:161} INFO - Started process (PID=549) to work on /opt/airflow/dags/extract_data.py
[2026-03-25T08:56:13.111+0000] {processor.py:830} INFO - Processing file /opt/airflow/dags/extract_data.py for tasks to queue
[2026-03-25T08:56:13.113+0000] {logging_mixin.py:188} INFO - [2026-03-25T08:56:13.113+0000] {dagbag.py:545} INFO - Filling up the DagBag from /opt/airflow/dags/extract_data.py
[2026-03-25T08:56:13.134+0000] {logging_mixin.py:188} INFO - [2026-03-25T08:56:13.130+0000] {dagbag.py:355} ERROR - Failed to import: /opt/airflow/dags/extract_data.py
Traceback (most recent call last):
  File "/home/airflow/.local/lib/python3.10/site-packages/airflow/models/dagbag.py", line 351, in parse
    loader.exec_module(new_module)
  File "<frozen importlib._bootstrap_external>", line 883, in exec_module
  File "<frozen importlib._bootstrap>", line 241, in _call_with_frames_removed
  File "/opt/airflow/dags/extract_data.py", line 8, in <module>
    from plugins.mysql_operator import MySQLOperators
ModuleNotFoundError: No module named 'plugins'
[2026-03-25T08:56:13.136+0000] {processor.py:842} WARNING - No viable dags retrieved from /opt/airflow/dags/extract_data.py
[2026-03-25T08:56:13.159+0000] {processor.py:183} INFO - Processing /opt/airflow/dags/extract_data.py took 0.057 seconds
[2026-03-25T08:56:43.821+0000] {processor.py:161} INFO - Started process (PID=575) to work on /opt/airflow/dags/extract_data.py
[2026-03-25T08:56:43.823+0000] {processor.py:830} INFO - Processing file /opt/airflow/dags/extract_data.py for tasks to queue
[2026-03-25T08:56:43.825+0000] {logging_mixin.py:188} INFO - [2026-03-25T08:56:43.825+0000] {dagbag.py:545} INFO - Filling up the DagBag from /opt/airflow/dags/extract_data.py
[2026-03-25T08:56:43.854+0000] {logging_mixin.py:188} INFO - [2026-03-25T08:56:43.850+0000] {dagbag.py:355} ERROR - Failed to import: /opt/airflow/dags/extract_data.py
Traceback (most recent call last):
  File "/home/airflow/.local/lib/python3.10/site-packages/airflow/models/dagbag.py", line 351, in parse
    loader.exec_module(new_module)
  File "<frozen importlib._bootstrap_external>", line 883, in exec_module
  File "<frozen importlib._bootstrap>", line 241, in _call_with_frames_removed
  File "/opt/airflow/dags/extract_data.py", line 8, in <module>
    from plugins.mysql_operator import MySQLOperators
ModuleNotFoundError: No module named 'plugins'
[2026-03-25T08:56:43.856+0000] {processor.py:842} WARNING - No viable dags retrieved from /opt/airflow/dags/extract_data.py
[2026-03-25T08:56:43.882+0000] {processor.py:183} INFO - Processing /opt/airflow/dags/extract_data.py took 0.067 seconds
[2026-03-25T08:57:14.607+0000] {processor.py:161} INFO - Started process (PID=601) to work on /opt/airflow/dags/extract_data.py
[2026-03-25T08:57:14.608+0000] {processor.py:830} INFO - Processing file /opt/airflow/dags/extract_data.py for tasks to queue
[2026-03-25T08:57:14.610+0000] {logging_mixin.py:188} INFO - [2026-03-25T08:57:14.610+0000] {dagbag.py:545} INFO - Filling up the DagBag from /opt/airflow/dags/extract_data.py
[2026-03-25T08:57:14.628+0000] {logging_mixin.py:188} INFO - [2026-03-25T08:57:14.624+0000] {dagbag.py:355} ERROR - Failed to import: /opt/airflow/dags/extract_data.py
Traceback (most recent call last):
  File "/home/airflow/.local/lib/python3.10/site-packages/airflow/models/dagbag.py", line 351, in parse
    loader.exec_module(new_module)
  File "<frozen importlib._bootstrap_external>", line 883, in exec_module
  File "<frozen importlib._bootstrap>", line 241, in _call_with_frames_removed
  File "/opt/airflow/dags/extract_data.py", line 8, in <module>
    from plugins.mysql_operator import MySQLOperators
ModuleNotFoundError: No module named 'plugins'
[2026-03-25T08:57:14.629+0000] {processor.py:842} WARNING - No viable dags retrieved from /opt/airflow/dags/extract_data.py
[2026-03-25T08:57:14.647+0000] {processor.py:183} INFO - Processing /opt/airflow/dags/extract_data.py took 0.046 seconds
[2026-03-25T08:57:45.212+0000] {processor.py:161} INFO - Started process (PID=628) to work on /opt/airflow/dags/extract_data.py
[2026-03-25T08:57:45.213+0000] {processor.py:830} INFO - Processing file /opt/airflow/dags/extract_data.py for tasks to queue
[2026-03-25T08:57:45.215+0000] {logging_mixin.py:188} INFO - [2026-03-25T08:57:45.215+0000] {dagbag.py:545} INFO - Filling up the DagBag from /opt/airflow/dags/extract_data.py
[2026-03-25T08:57:45.246+0000] {logging_mixin.py:188} INFO - [2026-03-25T08:57:45.241+0000] {dagbag.py:355} ERROR - Failed to import: /opt/airflow/dags/extract_data.py
Traceback (most recent call last):
  File "/home/airflow/.local/lib/python3.10/site-packages/airflow/models/dagbag.py", line 351, in parse
    loader.exec_module(new_module)
  File "<frozen importlib._bootstrap_external>", line 883, in exec_module
  File "<frozen importlib._bootstrap>", line 241, in _call_with_frames_removed
  File "/opt/airflow/dags/extract_data.py", line 8, in <module>
    from plugins.mysql_operator import MySQLOperators
ModuleNotFoundError: No module named 'plugins'
[2026-03-25T08:57:45.249+0000] {processor.py:842} WARNING - No viable dags retrieved from /opt/airflow/dags/extract_data.py
[2026-03-25T08:57:45.268+0000] {processor.py:183} INFO - Processing /opt/airflow/dags/extract_data.py took 0.062 seconds
[2026-03-25T08:58:15.814+0000] {processor.py:161} INFO - Started process (PID=654) to work on /opt/airflow/dags/extract_data.py
[2026-03-25T08:58:15.816+0000] {processor.py:830} INFO - Processing file /opt/airflow/dags/extract_data.py for tasks to queue
[2026-03-25T08:58:15.818+0000] {logging_mixin.py:188} INFO - [2026-03-25T08:58:15.818+0000] {dagbag.py:545} INFO - Filling up the DagBag from /opt/airflow/dags/extract_data.py
[2026-03-25T08:58:15.850+0000] {logging_mixin.py:188} INFO - [2026-03-25T08:58:15.847+0000] {dagbag.py:355} ERROR - Failed to import: /opt/airflow/dags/extract_data.py
Traceback (most recent call last):
  File "/home/airflow/.local/lib/python3.10/site-packages/airflow/models/dagbag.py", line 351, in parse
    loader.exec_module(new_module)
  File "<frozen importlib._bootstrap_external>", line 883, in exec_module
  File "<frozen importlib._bootstrap>", line 241, in _call_with_frames_removed
  File "/opt/airflow/dags/extract_data.py", line 8, in <module>
    from plugins.mysql_operator import MySQLOperators
ModuleNotFoundError: No module named 'plugins'
[2026-03-25T08:58:15.852+0000] {processor.py:842} WARNING - No viable dags retrieved from /opt/airflow/dags/extract_data.py
[2026-03-25T08:58:15.874+0000] {processor.py:183} INFO - Processing /opt/airflow/dags/extract_data.py took 0.066 seconds
[2026-03-25T08:58:46.451+0000] {processor.py:161} INFO - Started process (PID=680) to work on /opt/airflow/dags/extract_data.py
[2026-03-25T08:58:46.452+0000] {processor.py:830} INFO - Processing file /opt/airflow/dags/extract_data.py for tasks to queue
[2026-03-25T08:58:46.454+0000] {logging_mixin.py:188} INFO - [2026-03-25T08:58:46.454+0000] {dagbag.py:545} INFO - Filling up the DagBag from /opt/airflow/dags/extract_data.py
[2026-03-25T08:58:46.469+0000] {logging_mixin.py:188} INFO - [2026-03-25T08:58:46.466+0000] {dagbag.py:355} ERROR - Failed to import: /opt/airflow/dags/extract_data.py
Traceback (most recent call last):
  File "/home/airflow/.local/lib/python3.10/site-packages/airflow/models/dagbag.py", line 351, in parse
    loader.exec_module(new_module)
  File "<frozen importlib._bootstrap_external>", line 883, in exec_module
  File "<frozen importlib._bootstrap>", line 241, in _call_with_frames_removed
  File "/opt/airflow/dags/extract_data.py", line 8, in <module>
    from plugins.mysql_operator import MySQLOperators
ModuleNotFoundError: No module named 'plugins'
[2026-03-25T08:58:46.471+0000] {processor.py:842} WARNING - No viable dags retrieved from /opt/airflow/dags/extract_data.py
[2026-03-25T08:58:46.502+0000] {processor.py:183} INFO - Processing /opt/airflow/dags/extract_data.py took 0.057 seconds
[2026-03-25T08:59:17.241+0000] {processor.py:161} INFO - Started process (PID=706) to work on /opt/airflow/dags/extract_data.py
[2026-03-25T08:59:17.242+0000] {processor.py:830} INFO - Processing file /opt/airflow/dags/extract_data.py for tasks to queue
[2026-03-25T08:59:17.244+0000] {logging_mixin.py:188} INFO - [2026-03-25T08:59:17.244+0000] {dagbag.py:545} INFO - Filling up the DagBag from /opt/airflow/dags/extract_data.py
[2026-03-25T08:59:17.273+0000] {logging_mixin.py:188} INFO - [2026-03-25T08:59:17.268+0000] {dagbag.py:355} ERROR - Failed to import: /opt/airflow/dags/extract_data.py
Traceback (most recent call last):
  File "/home/airflow/.local/lib/python3.10/site-packages/airflow/models/dagbag.py", line 351, in parse
    loader.exec_module(new_module)
  File "<frozen importlib._bootstrap_external>", line 883, in exec_module
  File "<frozen importlib._bootstrap>", line 241, in _call_with_frames_removed
  File "/opt/airflow/dags/extract_data.py", line 8, in <module>
    from plugins.mysql_operator import MySQLOperators
ModuleNotFoundError: No module named 'plugins'
[2026-03-25T08:59:17.275+0000] {processor.py:842} WARNING - No viable dags retrieved from /opt/airflow/dags/extract_data.py
[2026-03-25T08:59:17.294+0000] {processor.py:183} INFO - Processing /opt/airflow/dags/extract_data.py took 0.059 seconds
[2026-03-25T08:59:47.911+0000] {processor.py:161} INFO - Started process (PID=732) to work on /opt/airflow/dags/extract_data.py
[2026-03-25T08:59:47.912+0000] {processor.py:830} INFO - Processing file /opt/airflow/dags/extract_data.py for tasks to queue
[2026-03-25T08:59:47.914+0000] {logging_mixin.py:188} INFO - [2026-03-25T08:59:47.914+0000] {dagbag.py:545} INFO - Filling up the DagBag from /opt/airflow/dags/extract_data.py
[2026-03-25T08:59:47.935+0000] {logging_mixin.py:188} INFO - [2026-03-25T08:59:47.931+0000] {dagbag.py:355} ERROR - Failed to import: /opt/airflow/dags/extract_data.py
Traceback (most recent call last):
  File "/home/airflow/.local/lib/python3.10/site-packages/airflow/models/dagbag.py", line 351, in parse
    loader.exec_module(new_module)
  File "<frozen importlib._bootstrap_external>", line 883, in exec_module
  File "<frozen importlib._bootstrap>", line 241, in _call_with_frames_removed
  File "/opt/airflow/dags/extract_data.py", line 8, in <module>
    from plugins.mysql_operator import MySQLOperators
ModuleNotFoundError: No module named 'plugins'
[2026-03-25T08:59:47.936+0000] {processor.py:842} WARNING - No viable dags retrieved from /opt/airflow/dags/extract_data.py
[2026-03-25T08:59:47.956+0000] {processor.py:183} INFO - Processing /opt/airflow/dags/extract_data.py took 0.050 seconds
[2026-03-25T09:05:10.110+0000] {processor.py:161} INFO - Started process (PID=185) to work on /opt/airflow/dags/extract_data.py
[2026-03-25T09:05:10.112+0000] {processor.py:830} INFO - Processing file /opt/airflow/dags/extract_data.py for tasks to queue
[2026-03-25T09:05:10.117+0000] {logging_mixin.py:188} INFO - [2026-03-25T09:05:10.116+0000] {dagbag.py:545} INFO - Filling up the DagBag from /opt/airflow/dags/extract_data.py
[2026-03-25T09:05:10.175+0000] {logging_mixin.py:188} INFO - [2026-03-25T09:05:10.170+0000] {dagbag.py:355} ERROR - Failed to import: /opt/airflow/dags/extract_data.py
Traceback (most recent call last):
  File "/home/airflow/.local/lib/python3.10/site-packages/airflow/models/dagbag.py", line 351, in parse
    loader.exec_module(new_module)
  File "<frozen importlib._bootstrap_external>", line 883, in exec_module
  File "<frozen importlib._bootstrap>", line 241, in _call_with_frames_removed
  File "/opt/airflow/dags/extract_data.py", line 8, in <module>
    from plugins.mysql_operator import MySQLOperators
ModuleNotFoundError: No module named 'plugins'
[2026-03-25T09:05:10.177+0000] {processor.py:842} WARNING - No viable dags retrieved from /opt/airflow/dags/extract_data.py
[2026-03-25T09:05:10.213+0000] {processor.py:183} INFO - Processing /opt/airflow/dags/extract_data.py took 0.116 seconds
[2026-03-25T09:05:40.627+0000] {processor.py:161} INFO - Started process (PID=211) to work on /opt/airflow/dags/extract_data.py
[2026-03-25T09:05:40.630+0000] {processor.py:830} INFO - Processing file /opt/airflow/dags/extract_data.py for tasks to queue
[2026-03-25T09:05:40.635+0000] {logging_mixin.py:188} INFO - [2026-03-25T09:05:40.634+0000] {dagbag.py:545} INFO - Filling up the DagBag from /opt/airflow/dags/extract_data.py
[2026-03-25T09:05:40.660+0000] {logging_mixin.py:188} INFO - [2026-03-25T09:05:40.655+0000] {dagbag.py:355} ERROR - Failed to import: /opt/airflow/dags/extract_data.py
Traceback (most recent call last):
  File "/home/airflow/.local/lib/python3.10/site-packages/airflow/models/dagbag.py", line 351, in parse
    loader.exec_module(new_module)
  File "<frozen importlib._bootstrap_external>", line 883, in exec_module
  File "<frozen importlib._bootstrap>", line 241, in _call_with_frames_removed
  File "/opt/airflow/dags/extract_data.py", line 8, in <module>
    from plugins.mysql_operator import MySQLOperators
ModuleNotFoundError: No module named 'plugins'
[2026-03-25T09:05:40.663+0000] {processor.py:842} WARNING - No viable dags retrieved from /opt/airflow/dags/extract_data.py
[2026-03-25T09:05:40.702+0000] {processor.py:183} INFO - Processing /opt/airflow/dags/extract_data.py took 0.087 seconds
[2026-03-25T09:06:11.456+0000] {processor.py:161} INFO - Started process (PID=243) to work on /opt/airflow/dags/extract_data.py
[2026-03-25T09:06:11.461+0000] {processor.py:830} INFO - Processing file /opt/airflow/dags/extract_data.py for tasks to queue
[2026-03-25T09:06:11.468+0000] {logging_mixin.py:188} INFO - [2026-03-25T09:06:11.467+0000] {dagbag.py:545} INFO - Filling up the DagBag from /opt/airflow/dags/extract_data.py
[2026-03-25T09:06:11.532+0000] {logging_mixin.py:188} INFO - [2026-03-25T09:06:11.515+0000] {dagbag.py:355} ERROR - Failed to import: /opt/airflow/dags/extract_data.py
Traceback (most recent call last):
  File "/home/airflow/.local/lib/python3.10/site-packages/airflow/models/dagbag.py", line 351, in parse
    loader.exec_module(new_module)
  File "<frozen importlib._bootstrap_external>", line 883, in exec_module
  File "<frozen importlib._bootstrap>", line 241, in _call_with_frames_removed
  File "/opt/airflow/dags/extract_data.py", line 8, in <module>
    from plugins.mysql_operator import MySQLOperators
ModuleNotFoundError: No module named 'plugins'
[2026-03-25T09:06:11.546+0000] {processor.py:842} WARNING - No viable dags retrieved from /opt/airflow/dags/extract_data.py
[2026-03-25T09:06:11.619+0000] {processor.py:183} INFO - Processing /opt/airflow/dags/extract_data.py took 0.186 seconds
[2026-03-25T09:06:41.879+0000] {processor.py:161} INFO - Started process (PID=269) to work on /opt/airflow/dags/extract_data.py
[2026-03-25T09:06:41.882+0000] {processor.py:830} INFO - Processing file /opt/airflow/dags/extract_data.py for tasks to queue
[2026-03-25T09:06:41.888+0000] {logging_mixin.py:188} INFO - [2026-03-25T09:06:41.887+0000] {dagbag.py:545} INFO - Filling up the DagBag from /opt/airflow/dags/extract_data.py
[2026-03-25T09:06:41.949+0000] {logging_mixin.py:188} INFO - [2026-03-25T09:06:41.940+0000] {dagbag.py:355} ERROR - Failed to import: /opt/airflow/dags/extract_data.py
Traceback (most recent call last):
  File "/home/airflow/.local/lib/python3.10/site-packages/airflow/models/dagbag.py", line 351, in parse
    loader.exec_module(new_module)
  File "<frozen importlib._bootstrap_external>", line 883, in exec_module
  File "<frozen importlib._bootstrap>", line 241, in _call_with_frames_removed
  File "/opt/airflow/dags/extract_data.py", line 8, in <module>
    from plugins.mysql_operator import MySQLOperators
ModuleNotFoundError: No module named 'plugins'
[2026-03-25T09:06:41.952+0000] {processor.py:842} WARNING - No viable dags retrieved from /opt/airflow/dags/extract_data.py
[2026-03-25T09:06:42.019+0000] {processor.py:183} INFO - Processing /opt/airflow/dags/extract_data.py took 0.160 seconds
[2026-03-25T09:07:12.677+0000] {processor.py:161} INFO - Started process (PID=295) to work on /opt/airflow/dags/extract_data.py
[2026-03-25T09:07:12.679+0000] {processor.py:830} INFO - Processing file /opt/airflow/dags/extract_data.py for tasks to queue
[2026-03-25T09:07:12.681+0000] {logging_mixin.py:188} INFO - [2026-03-25T09:07:12.681+0000] {dagbag.py:545} INFO - Filling up the DagBag from /opt/airflow/dags/extract_data.py
[2026-03-25T09:07:12.703+0000] {logging_mixin.py:188} INFO - [2026-03-25T09:07:12.698+0000] {dagbag.py:355} ERROR - Failed to import: /opt/airflow/dags/extract_data.py
Traceback (most recent call last):
  File "/home/airflow/.local/lib/python3.10/site-packages/airflow/models/dagbag.py", line 351, in parse
    loader.exec_module(new_module)
  File "<frozen importlib._bootstrap_external>", line 883, in exec_module
  File "<frozen importlib._bootstrap>", line 241, in _call_with_frames_removed
  File "/opt/airflow/dags/extract_data.py", line 8, in <module>
    from plugins.mysql_operator import MySQLOperators
ModuleNotFoundError: No module named 'plugins'
[2026-03-25T09:07:12.704+0000] {processor.py:842} WARNING - No viable dags retrieved from /opt/airflow/dags/extract_data.py
[2026-03-25T09:07:12.737+0000] {processor.py:183} INFO - Processing /opt/airflow/dags/extract_data.py took 0.067 seconds
[2026-03-25T09:07:43.420+0000] {processor.py:161} INFO - Started process (PID=321) to work on /opt/airflow/dags/extract_data.py
[2026-03-25T09:07:43.423+0000] {processor.py:830} INFO - Processing file /opt/airflow/dags/extract_data.py for tasks to queue
[2026-03-25T09:07:43.427+0000] {logging_mixin.py:188} INFO - [2026-03-25T09:07:43.426+0000] {dagbag.py:545} INFO - Filling up the DagBag from /opt/airflow/dags/extract_data.py
[2026-03-25T09:07:43.474+0000] {logging_mixin.py:188} INFO - [2026-03-25T09:07:43.466+0000] {dagbag.py:355} ERROR - Failed to import: /opt/airflow/dags/extract_data.py
Traceback (most recent call last):
  File "/home/airflow/.local/lib/python3.10/site-packages/airflow/models/dagbag.py", line 351, in parse
    loader.exec_module(new_module)
  File "<frozen importlib._bootstrap_external>", line 883, in exec_module
  File "<frozen importlib._bootstrap>", line 241, in _call_with_frames_removed
  File "/opt/airflow/dags/extract_data.py", line 8, in <module>
    from plugins.mysql_operator import MySQLOperators
ModuleNotFoundError: No module named 'plugins'
[2026-03-25T09:07:43.477+0000] {processor.py:842} WARNING - No viable dags retrieved from /opt/airflow/dags/extract_data.py
[2026-03-25T09:07:43.536+0000] {processor.py:183} INFO - Processing /opt/airflow/dags/extract_data.py took 0.127 seconds
[2026-03-25T09:08:13.689+0000] {processor.py:161} INFO - Started process (PID=357) to work on /opt/airflow/dags/extract_data.py
[2026-03-25T09:08:13.691+0000] {processor.py:830} INFO - Processing file /opt/airflow/dags/extract_data.py for tasks to queue
[2026-03-25T09:08:13.694+0000] {logging_mixin.py:188} INFO - [2026-03-25T09:08:13.693+0000] {dagbag.py:545} INFO - Filling up the DagBag from /opt/airflow/dags/extract_data.py
[2026-03-25T09:08:13.718+0000] {logging_mixin.py:188} INFO - [2026-03-25T09:08:13.713+0000] {dagbag.py:355} ERROR - Failed to import: /opt/airflow/dags/extract_data.py
Traceback (most recent call last):
  File "/home/airflow/.local/lib/python3.10/site-packages/airflow/models/dagbag.py", line 351, in parse
    loader.exec_module(new_module)
  File "<frozen importlib._bootstrap_external>", line 883, in exec_module
  File "<frozen importlib._bootstrap>", line 241, in _call_with_frames_removed
  File "/opt/airflow/dags/extract_data.py", line 8, in <module>
    from plugins.mysql_operator import MySQLOperators
ModuleNotFoundError: No module named 'plugins'
[2026-03-25T09:08:13.719+0000] {processor.py:842} WARNING - No viable dags retrieved from /opt/airflow/dags/extract_data.py
[2026-03-25T09:08:13.743+0000] {processor.py:183} INFO - Processing /opt/airflow/dags/extract_data.py took 0.069 seconds
[2026-03-25T09:08:44.452+0000] {processor.py:161} INFO - Started process (PID=383) to work on /opt/airflow/dags/extract_data.py
[2026-03-25T09:08:44.454+0000] {processor.py:830} INFO - Processing file /opt/airflow/dags/extract_data.py for tasks to queue
[2026-03-25T09:08:44.458+0000] {logging_mixin.py:188} INFO - [2026-03-25T09:08:44.457+0000] {dagbag.py:545} INFO - Filling up the DagBag from /opt/airflow/dags/extract_data.py
[2026-03-25T09:08:44.494+0000] {logging_mixin.py:188} INFO - [2026-03-25T09:08:44.487+0000] {dagbag.py:355} ERROR - Failed to import: /opt/airflow/dags/extract_data.py
Traceback (most recent call last):
  File "/home/airflow/.local/lib/python3.10/site-packages/airflow/models/dagbag.py", line 351, in parse
    loader.exec_module(new_module)
  File "<frozen importlib._bootstrap_external>", line 883, in exec_module
  File "<frozen importlib._bootstrap>", line 241, in _call_with_frames_removed
  File "/opt/airflow/dags/extract_data.py", line 8, in <module>
    from plugins.mysql_operator import MySQLOperators
ModuleNotFoundError: No module named 'plugins'
[2026-03-25T09:08:44.497+0000] {processor.py:842} WARNING - No viable dags retrieved from /opt/airflow/dags/extract_data.py
[2026-03-25T09:08:44.530+0000] {processor.py:183} INFO - Processing /opt/airflow/dags/extract_data.py took 0.090 seconds
[2026-03-25T09:09:15.161+0000] {processor.py:161} INFO - Started process (PID=410) to work on /opt/airflow/dags/extract_data.py
[2026-03-25T09:09:15.163+0000] {processor.py:830} INFO - Processing file /opt/airflow/dags/extract_data.py for tasks to queue
[2026-03-25T09:09:15.165+0000] {logging_mixin.py:188} INFO - [2026-03-25T09:09:15.164+0000] {dagbag.py:545} INFO - Filling up the DagBag from /opt/airflow/dags/extract_data.py
[2026-03-25T09:09:15.189+0000] {logging_mixin.py:188} INFO - [2026-03-25T09:09:15.183+0000] {dagbag.py:355} ERROR - Failed to import: /opt/airflow/dags/extract_data.py
Traceback (most recent call last):
  File "/home/airflow/.local/lib/python3.10/site-packages/airflow/models/dagbag.py", line 351, in parse
    loader.exec_module(new_module)
  File "<frozen importlib._bootstrap_external>", line 883, in exec_module
  File "<frozen importlib._bootstrap>", line 241, in _call_with_frames_removed
  File "/opt/airflow/dags/extract_data.py", line 8, in <module>
    from plugins.mysql_operator import MySQLOperators
ModuleNotFoundError: No module named 'plugins'
[2026-03-25T09:09:15.191+0000] {processor.py:842} WARNING - No viable dags retrieved from /opt/airflow/dags/extract_data.py
[2026-03-25T09:09:15.214+0000] {processor.py:183} INFO - Processing /opt/airflow/dags/extract_data.py took 0.060 seconds
[2026-03-25T09:09:45.769+0000] {processor.py:161} INFO - Started process (PID=436) to work on /opt/airflow/dags/extract_data.py
[2026-03-25T09:09:45.771+0000] {processor.py:830} INFO - Processing file /opt/airflow/dags/extract_data.py for tasks to queue
[2026-03-25T09:09:45.774+0000] {logging_mixin.py:188} INFO - [2026-03-25T09:09:45.773+0000] {dagbag.py:545} INFO - Filling up the DagBag from /opt/airflow/dags/extract_data.py
[2026-03-25T09:09:45.825+0000] {logging_mixin.py:188} INFO - [2026-03-25T09:09:45.816+0000] {dagbag.py:355} ERROR - Failed to import: /opt/airflow/dags/extract_data.py
Traceback (most recent call last):
  File "/home/airflow/.local/lib/python3.10/site-packages/airflow/models/dagbag.py", line 351, in parse
    loader.exec_module(new_module)
  File "<frozen importlib._bootstrap_external>", line 883, in exec_module
  File "<frozen importlib._bootstrap>", line 241, in _call_with_frames_removed
  File "/opt/airflow/dags/extract_data.py", line 8, in <module>
    from plugins.mysql_operator import MySQLOperators
ModuleNotFoundError: No module named 'plugins'
[2026-03-25T09:09:45.828+0000] {processor.py:842} WARNING - No viable dags retrieved from /opt/airflow/dags/extract_data.py
[2026-03-25T09:09:45.847+0000] {processor.py:183} INFO - Processing /opt/airflow/dags/extract_data.py took 0.084 seconds
[2026-03-25T09:10:16.555+0000] {processor.py:161} INFO - Started process (PID=462) to work on /opt/airflow/dags/extract_data.py
[2026-03-25T09:10:16.557+0000] {processor.py:830} INFO - Processing file /opt/airflow/dags/extract_data.py for tasks to queue
[2026-03-25T09:10:16.559+0000] {logging_mixin.py:188} INFO - [2026-03-25T09:10:16.559+0000] {dagbag.py:545} INFO - Filling up the DagBag from /opt/airflow/dags/extract_data.py
[2026-03-25T09:10:16.585+0000] {logging_mixin.py:188} INFO - [2026-03-25T09:10:16.582+0000] {dagbag.py:355} ERROR - Failed to import: /opt/airflow/dags/extract_data.py
Traceback (most recent call last):
  File "/home/airflow/.local/lib/python3.10/site-packages/airflow/models/dagbag.py", line 351, in parse
    loader.exec_module(new_module)
  File "<frozen importlib._bootstrap_external>", line 883, in exec_module
  File "<frozen importlib._bootstrap>", line 241, in _call_with_frames_removed
  File "/opt/airflow/dags/extract_data.py", line 8, in <module>
    from plugins.mysql_operator import MySQLOperators
ModuleNotFoundError: No module named 'plugins'
[2026-03-25T09:10:16.587+0000] {processor.py:842} WARNING - No viable dags retrieved from /opt/airflow/dags/extract_data.py
[2026-03-25T09:10:16.609+0000] {processor.py:183} INFO - Processing /opt/airflow/dags/extract_data.py took 0.062 seconds
[2026-03-25T09:10:47.075+0000] {processor.py:161} INFO - Started process (PID=488) to work on /opt/airflow/dags/extract_data.py
[2026-03-25T09:10:47.076+0000] {processor.py:830} INFO - Processing file /opt/airflow/dags/extract_data.py for tasks to queue
[2026-03-25T09:10:47.078+0000] {logging_mixin.py:188} INFO - [2026-03-25T09:10:47.078+0000] {dagbag.py:545} INFO - Filling up the DagBag from /opt/airflow/dags/extract_data.py
[2026-03-25T09:10:47.100+0000] {logging_mixin.py:188} INFO - [2026-03-25T09:10:47.096+0000] {dagbag.py:355} ERROR - Failed to import: /opt/airflow/dags/extract_data.py
Traceback (most recent call last):
  File "/home/airflow/.local/lib/python3.10/site-packages/airflow/models/dagbag.py", line 351, in parse
    loader.exec_module(new_module)
  File "<frozen importlib._bootstrap_external>", line 883, in exec_module
  File "<frozen importlib._bootstrap>", line 241, in _call_with_frames_removed
  File "/opt/airflow/dags/extract_data.py", line 8, in <module>
    from plugins.mysql_operator import MySQLOperators
ModuleNotFoundError: No module named 'plugins'
[2026-03-25T09:10:47.101+0000] {processor.py:842} WARNING - No viable dags retrieved from /opt/airflow/dags/extract_data.py
[2026-03-25T09:10:47.121+0000] {processor.py:183} INFO - Processing /opt/airflow/dags/extract_data.py took 0.052 seconds
[2026-03-25T09:11:17.841+0000] {processor.py:161} INFO - Started process (PID=514) to work on /opt/airflow/dags/extract_data.py
[2026-03-25T09:11:17.842+0000] {processor.py:830} INFO - Processing file /opt/airflow/dags/extract_data.py for tasks to queue
[2026-03-25T09:11:17.844+0000] {logging_mixin.py:188} INFO - [2026-03-25T09:11:17.844+0000] {dagbag.py:545} INFO - Filling up the DagBag from /opt/airflow/dags/extract_data.py
[2026-03-25T09:11:17.863+0000] {logging_mixin.py:188} INFO - [2026-03-25T09:11:17.860+0000] {dagbag.py:355} ERROR - Failed to import: /opt/airflow/dags/extract_data.py
Traceback (most recent call last):
  File "/home/airflow/.local/lib/python3.10/site-packages/airflow/models/dagbag.py", line 351, in parse
    loader.exec_module(new_module)
  File "<frozen importlib._bootstrap_external>", line 883, in exec_module
  File "<frozen importlib._bootstrap>", line 241, in _call_with_frames_removed
  File "/opt/airflow/dags/extract_data.py", line 8, in <module>
    from plugins.mysql_operator import MySQLOperators
ModuleNotFoundError: No module named 'plugins'
[2026-03-25T09:11:17.864+0000] {processor.py:842} WARNING - No viable dags retrieved from /opt/airflow/dags/extract_data.py
[2026-03-25T09:11:17.882+0000] {processor.py:183} INFO - Processing /opt/airflow/dags/extract_data.py took 0.048 seconds
[2026-03-25T09:11:48.431+0000] {processor.py:161} INFO - Started process (PID=540) to work on /opt/airflow/dags/extract_data.py
[2026-03-25T09:11:48.433+0000] {processor.py:830} INFO - Processing file /opt/airflow/dags/extract_data.py for tasks to queue
[2026-03-25T09:11:48.436+0000] {logging_mixin.py:188} INFO - [2026-03-25T09:11:48.435+0000] {dagbag.py:545} INFO - Filling up the DagBag from /opt/airflow/dags/extract_data.py
[2026-03-25T09:11:48.462+0000] {logging_mixin.py:188} INFO - [2026-03-25T09:11:48.458+0000] {dagbag.py:355} ERROR - Failed to import: /opt/airflow/dags/extract_data.py
Traceback (most recent call last):
  File "/home/airflow/.local/lib/python3.10/site-packages/airflow/models/dagbag.py", line 351, in parse
    loader.exec_module(new_module)
  File "<frozen importlib._bootstrap_external>", line 883, in exec_module
  File "<frozen importlib._bootstrap>", line 241, in _call_with_frames_removed
  File "/opt/airflow/dags/extract_data.py", line 8, in <module>
    from plugins.mysql_operator import MySQLOperators
ModuleNotFoundError: No module named 'plugins'
[2026-03-25T09:11:48.464+0000] {processor.py:842} WARNING - No viable dags retrieved from /opt/airflow/dags/extract_data.py
[2026-03-25T09:11:48.484+0000] {processor.py:183} INFO - Processing /opt/airflow/dags/extract_data.py took 0.060 seconds
[2026-03-25T09:12:19.199+0000] {processor.py:161} INFO - Started process (PID=566) to work on /opt/airflow/dags/extract_data.py
[2026-03-25T09:12:19.201+0000] {processor.py:830} INFO - Processing file /opt/airflow/dags/extract_data.py for tasks to queue
[2026-03-25T09:12:19.203+0000] {logging_mixin.py:188} INFO - [2026-03-25T09:12:19.203+0000] {dagbag.py:545} INFO - Filling up the DagBag from /opt/airflow/dags/extract_data.py
[2026-03-25T09:12:19.222+0000] {logging_mixin.py:188} INFO - [2026-03-25T09:12:19.219+0000] {dagbag.py:355} ERROR - Failed to import: /opt/airflow/dags/extract_data.py
Traceback (most recent call last):
  File "/home/airflow/.local/lib/python3.10/site-packages/airflow/models/dagbag.py", line 351, in parse
    loader.exec_module(new_module)
  File "<frozen importlib._bootstrap_external>", line 883, in exec_module
  File "<frozen importlib._bootstrap>", line 241, in _call_with_frames_removed
  File "/opt/airflow/dags/extract_data.py", line 8, in <module>
    from plugins.mysql_operator import MySQLOperators
ModuleNotFoundError: No module named 'plugins'
[2026-03-25T09:12:19.224+0000] {processor.py:842} WARNING - No viable dags retrieved from /opt/airflow/dags/extract_data.py
[2026-03-25T09:12:19.244+0000] {processor.py:183} INFO - Processing /opt/airflow/dags/extract_data.py took 0.051 seconds
[2026-03-25T09:12:49.871+0000] {processor.py:161} INFO - Started process (PID=592) to work on /opt/airflow/dags/extract_data.py
[2026-03-25T09:12:49.872+0000] {processor.py:830} INFO - Processing file /opt/airflow/dags/extract_data.py for tasks to queue
[2026-03-25T09:12:49.875+0000] {logging_mixin.py:188} INFO - [2026-03-25T09:12:49.874+0000] {dagbag.py:545} INFO - Filling up the DagBag from /opt/airflow/dags/extract_data.py
[2026-03-25T09:12:49.906+0000] {logging_mixin.py:188} INFO - [2026-03-25T09:12:49.899+0000] {dagbag.py:355} ERROR - Failed to import: /opt/airflow/dags/extract_data.py
Traceback (most recent call last):
  File "/home/airflow/.local/lib/python3.10/site-packages/airflow/models/dagbag.py", line 351, in parse
    loader.exec_module(new_module)
  File "<frozen importlib._bootstrap_external>", line 883, in exec_module
  File "<frozen importlib._bootstrap>", line 241, in _call_with_frames_removed
  File "/opt/airflow/dags/extract_data.py", line 8, in <module>
    from plugins.mysql_operator import MySQLOperators
ModuleNotFoundError: No module named 'plugins'
[2026-03-25T09:12:49.907+0000] {processor.py:842} WARNING - No viable dags retrieved from /opt/airflow/dags/extract_data.py
[2026-03-25T09:12:49.933+0000] {processor.py:183} INFO - Processing /opt/airflow/dags/extract_data.py took 0.070 seconds
[2026-03-25T09:13:20.465+0000] {processor.py:161} INFO - Started process (PID=618) to work on /opt/airflow/dags/extract_data.py
[2026-03-25T09:13:20.467+0000] {processor.py:830} INFO - Processing file /opt/airflow/dags/extract_data.py for tasks to queue
[2026-03-25T09:13:20.469+0000] {logging_mixin.py:188} INFO - [2026-03-25T09:13:20.469+0000] {dagbag.py:545} INFO - Filling up the DagBag from /opt/airflow/dags/extract_data.py
[2026-03-25T09:13:20.509+0000] {logging_mixin.py:188} INFO - [2026-03-25T09:13:20.504+0000] {dagbag.py:355} ERROR - Failed to import: /opt/airflow/dags/extract_data.py
Traceback (most recent call last):
  File "/home/airflow/.local/lib/python3.10/site-packages/airflow/models/dagbag.py", line 351, in parse
    loader.exec_module(new_module)
  File "<frozen importlib._bootstrap_external>", line 883, in exec_module
  File "<frozen importlib._bootstrap>", line 241, in _call_with_frames_removed
  File "/opt/airflow/dags/extract_data.py", line 8, in <module>
    from plugins.mysql_operator import MySQLOperators
ModuleNotFoundError: No module named 'plugins'
[2026-03-25T09:13:20.512+0000] {processor.py:842} WARNING - No viable dags retrieved from /opt/airflow/dags/extract_data.py
[2026-03-25T09:13:20.533+0000] {processor.py:183} INFO - Processing /opt/airflow/dags/extract_data.py took 0.075 seconds
[2026-03-25T09:13:51.038+0000] {processor.py:161} INFO - Started process (PID=644) to work on /opt/airflow/dags/extract_data.py
[2026-03-25T09:13:51.040+0000] {processor.py:830} INFO - Processing file /opt/airflow/dags/extract_data.py for tasks to queue
[2026-03-25T09:13:51.042+0000] {logging_mixin.py:188} INFO - [2026-03-25T09:13:51.042+0000] {dagbag.py:545} INFO - Filling up the DagBag from /opt/airflow/dags/extract_data.py
[2026-03-25T09:13:51.062+0000] {logging_mixin.py:188} INFO - [2026-03-25T09:13:51.058+0000] {dagbag.py:355} ERROR - Failed to import: /opt/airflow/dags/extract_data.py
Traceback (most recent call last):
  File "/home/airflow/.local/lib/python3.10/site-packages/airflow/models/dagbag.py", line 351, in parse
    loader.exec_module(new_module)
  File "<frozen importlib._bootstrap_external>", line 883, in exec_module
  File "<frozen importlib._bootstrap>", line 241, in _call_with_frames_removed
  File "/opt/airflow/dags/extract_data.py", line 8, in <module>
    from plugins.mysql_operator import MySQLOperators
ModuleNotFoundError: No module named 'plugins'
[2026-03-25T09:13:51.063+0000] {processor.py:842} WARNING - No viable dags retrieved from /opt/airflow/dags/extract_data.py
[2026-03-25T09:13:51.088+0000] {processor.py:183} INFO - Processing /opt/airflow/dags/extract_data.py took 0.056 seconds
[2026-03-25T09:14:21.877+0000] {processor.py:161} INFO - Started process (PID=670) to work on /opt/airflow/dags/extract_data.py
[2026-03-25T09:14:21.878+0000] {processor.py:830} INFO - Processing file /opt/airflow/dags/extract_data.py for tasks to queue
[2026-03-25T09:14:21.880+0000] {logging_mixin.py:188} INFO - [2026-03-25T09:14:21.880+0000] {dagbag.py:545} INFO - Filling up the DagBag from /opt/airflow/dags/extract_data.py
[2026-03-25T09:14:21.898+0000] {logging_mixin.py:188} INFO - [2026-03-25T09:14:21.895+0000] {dagbag.py:355} ERROR - Failed to import: /opt/airflow/dags/extract_data.py
Traceback (most recent call last):
  File "/home/airflow/.local/lib/python3.10/site-packages/airflow/models/dagbag.py", line 351, in parse
    loader.exec_module(new_module)
  File "<frozen importlib._bootstrap_external>", line 883, in exec_module
  File "<frozen importlib._bootstrap>", line 241, in _call_with_frames_removed
  File "/opt/airflow/dags/extract_data.py", line 8, in <module>
    from plugins.mysql_operator import MySQLOperators
ModuleNotFoundError: No module named 'plugins'
[2026-03-25T09:14:21.899+0000] {processor.py:842} WARNING - No viable dags retrieved from /opt/airflow/dags/extract_data.py
[2026-03-25T09:14:21.921+0000] {processor.py:183} INFO - Processing /opt/airflow/dags/extract_data.py took 0.051 seconds
[2026-03-25T09:14:52.451+0000] {processor.py:161} INFO - Started process (PID=696) to work on /opt/airflow/dags/extract_data.py
[2026-03-25T09:14:52.452+0000] {processor.py:830} INFO - Processing file /opt/airflow/dags/extract_data.py for tasks to queue
[2026-03-25T09:14:52.454+0000] {logging_mixin.py:188} INFO - [2026-03-25T09:14:52.454+0000] {dagbag.py:545} INFO - Filling up the DagBag from /opt/airflow/dags/extract_data.py
[2026-03-25T09:14:52.473+0000] {logging_mixin.py:188} INFO - [2026-03-25T09:14:52.469+0000] {dagbag.py:355} ERROR - Failed to import: /opt/airflow/dags/extract_data.py
Traceback (most recent call last):
  File "/home/airflow/.local/lib/python3.10/site-packages/airflow/models/dagbag.py", line 351, in parse
    loader.exec_module(new_module)
  File "<frozen importlib._bootstrap_external>", line 883, in exec_module
  File "<frozen importlib._bootstrap>", line 241, in _call_with_frames_removed
  File "/opt/airflow/dags/extract_data.py", line 8, in <module>
    from plugins.mysql_operator import MySQLOperators
ModuleNotFoundError: No module named 'plugins'
[2026-03-25T09:14:52.475+0000] {processor.py:842} WARNING - No viable dags retrieved from /opt/airflow/dags/extract_data.py
[2026-03-25T09:14:52.494+0000] {processor.py:183} INFO - Processing /opt/airflow/dags/extract_data.py took 0.050 seconds
[2026-03-25T09:15:23.155+0000] {processor.py:161} INFO - Started process (PID=722) to work on /opt/airflow/dags/extract_data.py
[2026-03-25T09:15:23.156+0000] {processor.py:830} INFO - Processing file /opt/airflow/dags/extract_data.py for tasks to queue
[2026-03-25T09:15:23.158+0000] {logging_mixin.py:188} INFO - [2026-03-25T09:15:23.158+0000] {dagbag.py:545} INFO - Filling up the DagBag from /opt/airflow/dags/extract_data.py
[2026-03-25T09:15:23.176+0000] {logging_mixin.py:188} INFO - [2026-03-25T09:15:23.172+0000] {dagbag.py:355} ERROR - Failed to import: /opt/airflow/dags/extract_data.py
Traceback (most recent call last):
  File "/home/airflow/.local/lib/python3.10/site-packages/airflow/models/dagbag.py", line 351, in parse
    loader.exec_module(new_module)
  File "<frozen importlib._bootstrap_external>", line 883, in exec_module
  File "<frozen importlib._bootstrap>", line 241, in _call_with_frames_removed
  File "/opt/airflow/dags/extract_data.py", line 8, in <module>
    from plugins.mysql_operator import MySQLOperators
ModuleNotFoundError: No module named 'plugins'
[2026-03-25T09:15:23.178+0000] {processor.py:842} WARNING - No viable dags retrieved from /opt/airflow/dags/extract_data.py
[2026-03-25T09:15:23.196+0000] {processor.py:183} INFO - Processing /opt/airflow/dags/extract_data.py took 0.047 seconds
[2026-03-25T09:15:53.842+0000] {processor.py:161} INFO - Started process (PID=748) to work on /opt/airflow/dags/extract_data.py
[2026-03-25T09:15:53.843+0000] {processor.py:830} INFO - Processing file /opt/airflow/dags/extract_data.py for tasks to queue
[2026-03-25T09:15:53.846+0000] {logging_mixin.py:188} INFO - [2026-03-25T09:15:53.845+0000] {dagbag.py:545} INFO - Filling up the DagBag from /opt/airflow/dags/extract_data.py
[2026-03-25T09:15:53.878+0000] {logging_mixin.py:188} INFO - [2026-03-25T09:15:53.872+0000] {dagbag.py:355} ERROR - Failed to import: /opt/airflow/dags/extract_data.py
Traceback (most recent call last):
  File "/home/airflow/.local/lib/python3.10/site-packages/airflow/models/dagbag.py", line 351, in parse
    loader.exec_module(new_module)
  File "<frozen importlib._bootstrap_external>", line 883, in exec_module
  File "<frozen importlib._bootstrap>", line 241, in _call_with_frames_removed
  File "/opt/airflow/dags/extract_data.py", line 8, in <module>
    from plugins.mysql_operator import MySQLOperators
ModuleNotFoundError: No module named 'plugins'
[2026-03-25T09:15:53.881+0000] {processor.py:842} WARNING - No viable dags retrieved from /opt/airflow/dags/extract_data.py
[2026-03-25T09:15:53.912+0000] {processor.py:183} INFO - Processing /opt/airflow/dags/extract_data.py took 0.078 seconds
[2026-03-25T09:16:24.490+0000] {processor.py:161} INFO - Started process (PID=774) to work on /opt/airflow/dags/extract_data.py
[2026-03-25T09:16:24.492+0000] {processor.py:830} INFO - Processing file /opt/airflow/dags/extract_data.py for tasks to queue
[2026-03-25T09:16:24.495+0000] {logging_mixin.py:188} INFO - [2026-03-25T09:16:24.494+0000] {dagbag.py:545} INFO - Filling up the DagBag from /opt/airflow/dags/extract_data.py
[2026-03-25T09:16:24.526+0000] {logging_mixin.py:188} INFO - [2026-03-25T09:16:24.521+0000] {dagbag.py:355} ERROR - Failed to import: /opt/airflow/dags/extract_data.py
Traceback (most recent call last):
  File "/home/airflow/.local/lib/python3.10/site-packages/airflow/models/dagbag.py", line 351, in parse
    loader.exec_module(new_module)
  File "<frozen importlib._bootstrap_external>", line 883, in exec_module
  File "<frozen importlib._bootstrap>", line 241, in _call_with_frames_removed
  File "/opt/airflow/dags/extract_data.py", line 8, in <module>
    from plugins.mysql_operator import MySQLOperators
ModuleNotFoundError: No module named 'plugins'
[2026-03-25T09:16:24.528+0000] {processor.py:842} WARNING - No viable dags retrieved from /opt/airflow/dags/extract_data.py
[2026-03-25T09:16:24.551+0000] {processor.py:183} INFO - Processing /opt/airflow/dags/extract_data.py took 0.067 seconds
[2026-03-25T09:16:55.214+0000] {processor.py:161} INFO - Started process (PID=800) to work on /opt/airflow/dags/extract_data.py
[2026-03-25T09:16:55.216+0000] {processor.py:830} INFO - Processing file /opt/airflow/dags/extract_data.py for tasks to queue
[2026-03-25T09:16:55.218+0000] {logging_mixin.py:188} INFO - [2026-03-25T09:16:55.218+0000] {dagbag.py:545} INFO - Filling up the DagBag from /opt/airflow/dags/extract_data.py
[2026-03-25T09:16:55.243+0000] {logging_mixin.py:188} INFO - [2026-03-25T09:16:55.239+0000] {dagbag.py:355} ERROR - Failed to import: /opt/airflow/dags/extract_data.py
Traceback (most recent call last):
  File "/home/airflow/.local/lib/python3.10/site-packages/airflow/models/dagbag.py", line 351, in parse
    loader.exec_module(new_module)
  File "<frozen importlib._bootstrap_external>", line 883, in exec_module
  File "<frozen importlib._bootstrap>", line 241, in _call_with_frames_removed
  File "/opt/airflow/dags/extract_data.py", line 8, in <module>
    from plugins.mysql_operator import MySQLOperators
ModuleNotFoundError: No module named 'plugins'
[2026-03-25T09:16:55.245+0000] {processor.py:842} WARNING - No viable dags retrieved from /opt/airflow/dags/extract_data.py
[2026-03-25T09:16:55.264+0000] {processor.py:183} INFO - Processing /opt/airflow/dags/extract_data.py took 0.056 seconds
[2026-03-25T09:19:16.135+0000] {processor.py:161} INFO - Started process (PID=182) to work on /opt/airflow/dags/extract_data.py
[2026-03-25T09:19:16.138+0000] {processor.py:830} INFO - Processing file /opt/airflow/dags/extract_data.py for tasks to queue
[2026-03-25T09:19:16.141+0000] {logging_mixin.py:188} INFO - [2026-03-25T09:19:16.141+0000] {dagbag.py:545} INFO - Filling up the DagBag from /opt/airflow/dags/extract_data.py
[2026-03-25T09:19:16.179+0000] {logging_mixin.py:188} INFO - [2026-03-25T09:19:16.173+0000] {dagbag.py:355} ERROR - Failed to import: /opt/airflow/dags/extract_data.py
Traceback (most recent call last):
  File "/home/airflow/.local/lib/python3.10/site-packages/airflow/models/dagbag.py", line 351, in parse
    loader.exec_module(new_module)
  File "<frozen importlib._bootstrap_external>", line 883, in exec_module
  File "<frozen importlib._bootstrap>", line 241, in _call_with_frames_removed
  File "/opt/airflow/dags/extract_data.py", line 8, in <module>
    from plugins.mysql_operator import MySQLOperators
ModuleNotFoundError: No module named 'plugins'
[2026-03-25T09:19:16.181+0000] {processor.py:842} WARNING - No viable dags retrieved from /opt/airflow/dags/extract_data.py
[2026-03-25T09:19:16.212+0000] {processor.py:183} INFO - Processing /opt/airflow/dags/extract_data.py took 0.086 seconds
[2026-03-25T09:19:46.384+0000] {processor.py:161} INFO - Started process (PID=208) to work on /opt/airflow/dags/extract_data.py
[2026-03-25T09:19:46.385+0000] {processor.py:830} INFO - Processing file /opt/airflow/dags/extract_data.py for tasks to queue
[2026-03-25T09:19:46.388+0000] {logging_mixin.py:188} INFO - [2026-03-25T09:19:46.387+0000] {dagbag.py:545} INFO - Filling up the DagBag from /opt/airflow/dags/extract_data.py
[2026-03-25T09:19:46.408+0000] {logging_mixin.py:188} INFO - [2026-03-25T09:19:46.404+0000] {dagbag.py:355} ERROR - Failed to import: /opt/airflow/dags/extract_data.py
Traceback (most recent call last):
  File "/home/airflow/.local/lib/python3.10/site-packages/airflow/models/dagbag.py", line 351, in parse
    loader.exec_module(new_module)
  File "<frozen importlib._bootstrap_external>", line 883, in exec_module
  File "<frozen importlib._bootstrap>", line 241, in _call_with_frames_removed
  File "/opt/airflow/dags/extract_data.py", line 8, in <module>
    from plugins.mysql_operator import MySQLOperators
ModuleNotFoundError: No module named 'plugins'
[2026-03-25T09:19:46.410+0000] {processor.py:842} WARNING - No viable dags retrieved from /opt/airflow/dags/extract_data.py
[2026-03-25T09:19:46.433+0000] {processor.py:183} INFO - Processing /opt/airflow/dags/extract_data.py took 0.056 seconds
[2026-03-25T09:20:17.092+0000] {processor.py:161} INFO - Started process (PID=234) to work on /opt/airflow/dags/extract_data.py
[2026-03-25T09:20:17.093+0000] {processor.py:830} INFO - Processing file /opt/airflow/dags/extract_data.py for tasks to queue
[2026-03-25T09:20:17.096+0000] {logging_mixin.py:188} INFO - [2026-03-25T09:20:17.095+0000] {dagbag.py:545} INFO - Filling up the DagBag from /opt/airflow/dags/extract_data.py
[2026-03-25T09:20:17.115+0000] {logging_mixin.py:188} INFO - [2026-03-25T09:20:17.111+0000] {dagbag.py:355} ERROR - Failed to import: /opt/airflow/dags/extract_data.py
Traceback (most recent call last):
  File "/home/airflow/.local/lib/python3.10/site-packages/airflow/models/dagbag.py", line 351, in parse
    loader.exec_module(new_module)
  File "<frozen importlib._bootstrap_external>", line 883, in exec_module
  File "<frozen importlib._bootstrap>", line 241, in _call_with_frames_removed
  File "/opt/airflow/dags/extract_data.py", line 8, in <module>
    from plugins.mysql_operator import MySQLOperators
ModuleNotFoundError: No module named 'plugins'
[2026-03-25T09:20:17.117+0000] {processor.py:842} WARNING - No viable dags retrieved from /opt/airflow/dags/extract_data.py
[2026-03-25T09:20:17.141+0000] {processor.py:183} INFO - Processing /opt/airflow/dags/extract_data.py took 0.057 seconds
[2026-03-25T09:20:47.695+0000] {processor.py:161} INFO - Started process (PID=266) to work on /opt/airflow/dags/extract_data.py
[2026-03-25T09:20:47.696+0000] {processor.py:830} INFO - Processing file /opt/airflow/dags/extract_data.py for tasks to queue
[2026-03-25T09:20:47.698+0000] {logging_mixin.py:188} INFO - [2026-03-25T09:20:47.698+0000] {dagbag.py:545} INFO - Filling up the DagBag from /opt/airflow/dags/extract_data.py
[2026-03-25T09:20:47.720+0000] {logging_mixin.py:188} INFO - [2026-03-25T09:20:47.716+0000] {dagbag.py:355} ERROR - Failed to import: /opt/airflow/dags/extract_data.py
Traceback (most recent call last):
  File "/home/airflow/.local/lib/python3.10/site-packages/airflow/models/dagbag.py", line 351, in parse
    loader.exec_module(new_module)
  File "<frozen importlib._bootstrap_external>", line 883, in exec_module
  File "<frozen importlib._bootstrap>", line 241, in _call_with_frames_removed
  File "/opt/airflow/dags/extract_data.py", line 8, in <module>
    from plugins.mysql_operator import MySQLOperators
ModuleNotFoundError: No module named 'plugins'
[2026-03-25T09:20:47.722+0000] {processor.py:842} WARNING - No viable dags retrieved from /opt/airflow/dags/extract_data.py
[2026-03-25T09:20:47.751+0000] {processor.py:183} INFO - Processing /opt/airflow/dags/extract_data.py took 0.064 seconds
[2026-03-25T09:21:18.363+0000] {processor.py:161} INFO - Started process (PID=292) to work on /opt/airflow/dags/extract_data.py
[2026-03-25T09:21:18.364+0000] {processor.py:830} INFO - Processing file /opt/airflow/dags/extract_data.py for tasks to queue
[2026-03-25T09:21:18.368+0000] {logging_mixin.py:188} INFO - [2026-03-25T09:21:18.367+0000] {dagbag.py:545} INFO - Filling up the DagBag from /opt/airflow/dags/extract_data.py
[2026-03-25T09:21:18.389+0000] {logging_mixin.py:188} INFO - [2026-03-25T09:21:18.385+0000] {dagbag.py:355} ERROR - Failed to import: /opt/airflow/dags/extract_data.py
Traceback (most recent call last):
  File "/home/airflow/.local/lib/python3.10/site-packages/airflow/models/dagbag.py", line 351, in parse
    loader.exec_module(new_module)
  File "<frozen importlib._bootstrap_external>", line 883, in exec_module
  File "<frozen importlib._bootstrap>", line 241, in _call_with_frames_removed
  File "/opt/airflow/dags/extract_data.py", line 8, in <module>
    from plugins.mysql_operator import MySQLOperators
ModuleNotFoundError: No module named 'plugins'
[2026-03-25T09:21:18.391+0000] {processor.py:842} WARNING - No viable dags retrieved from /opt/airflow/dags/extract_data.py
[2026-03-25T09:21:18.418+0000] {processor.py:183} INFO - Processing /opt/airflow/dags/extract_data.py took 0.064 seconds
[2026-03-25T09:21:49.115+0000] {processor.py:161} INFO - Started process (PID=319) to work on /opt/airflow/dags/extract_data.py
[2026-03-25T09:21:49.116+0000] {processor.py:830} INFO - Processing file /opt/airflow/dags/extract_data.py for tasks to queue
[2026-03-25T09:21:49.118+0000] {logging_mixin.py:188} INFO - [2026-03-25T09:21:49.118+0000] {dagbag.py:545} INFO - Filling up the DagBag from /opt/airflow/dags/extract_data.py
[2026-03-25T09:21:49.147+0000] {logging_mixin.py:188} INFO - [2026-03-25T09:21:49.143+0000] {dagbag.py:355} ERROR - Failed to import: /opt/airflow/dags/extract_data.py
Traceback (most recent call last):
  File "/home/airflow/.local/lib/python3.10/site-packages/airflow/models/dagbag.py", line 351, in parse
    loader.exec_module(new_module)
  File "<frozen importlib._bootstrap_external>", line 883, in exec_module
  File "<frozen importlib._bootstrap>", line 241, in _call_with_frames_removed
  File "/opt/airflow/dags/extract_data.py", line 8, in <module>
    from plugins.mysql_operator import MySQLOperators
ModuleNotFoundError: No module named 'plugins'
[2026-03-25T09:21:49.148+0000] {processor.py:842} WARNING - No viable dags retrieved from /opt/airflow/dags/extract_data.py
[2026-03-25T09:21:49.172+0000] {processor.py:183} INFO - Processing /opt/airflow/dags/extract_data.py took 0.063 seconds
[2026-03-25T09:22:58.210+0000] {processor.py:161} INFO - Started process (PID=187) to work on /opt/airflow/dags/extract_data.py
[2026-03-25T09:22:58.213+0000] {processor.py:830} INFO - Processing file /opt/airflow/dags/extract_data.py for tasks to queue
[2026-03-25T09:22:58.219+0000] {logging_mixin.py:188} INFO - [2026-03-25T09:22:58.218+0000] {dagbag.py:545} INFO - Filling up the DagBag from /opt/airflow/dags/extract_data.py
[2026-03-25T09:22:58.259+0000] {logging_mixin.py:188} INFO - [2026-03-25T09:22:58.251+0000] {dagbag.py:355} ERROR - Failed to import: /opt/airflow/dags/extract_data.py
Traceback (most recent call last):
  File "/home/airflow/.local/lib/python3.10/site-packages/airflow/models/dagbag.py", line 351, in parse
    loader.exec_module(new_module)
  File "<frozen importlib._bootstrap_external>", line 883, in exec_module
  File "<frozen importlib._bootstrap>", line 241, in _call_with_frames_removed
  File "/opt/airflow/dags/extract_data.py", line 8, in <module>
    from plugins.mysql_operator import MySQLOperators
ModuleNotFoundError: No module named 'plugins'
[2026-03-25T09:22:58.262+0000] {processor.py:842} WARNING - No viable dags retrieved from /opt/airflow/dags/extract_data.py
[2026-03-25T09:22:58.348+0000] {processor.py:183} INFO - Processing /opt/airflow/dags/extract_data.py took 0.151 seconds
[2026-03-25T09:23:28.499+0000] {processor.py:161} INFO - Started process (PID=213) to work on /opt/airflow/dags/extract_data.py
[2026-03-25T09:23:28.500+0000] {processor.py:830} INFO - Processing file /opt/airflow/dags/extract_data.py for tasks to queue
[2026-03-25T09:23:28.504+0000] {logging_mixin.py:188} INFO - [2026-03-25T09:23:28.503+0000] {dagbag.py:545} INFO - Filling up the DagBag from /opt/airflow/dags/extract_data.py
[2026-03-25T09:23:28.528+0000] {logging_mixin.py:188} INFO - [2026-03-25T09:23:28.523+0000] {dagbag.py:355} ERROR - Failed to import: /opt/airflow/dags/extract_data.py
Traceback (most recent call last):
  File "/home/airflow/.local/lib/python3.10/site-packages/airflow/models/dagbag.py", line 351, in parse
    loader.exec_module(new_module)
  File "<frozen importlib._bootstrap_external>", line 883, in exec_module
  File "<frozen importlib._bootstrap>", line 241, in _call_with_frames_removed
  File "/opt/airflow/dags/extract_data.py", line 8, in <module>
    from plugins.mysql_operator import MySQLOperators
ModuleNotFoundError: No module named 'plugins'
[2026-03-25T09:23:28.530+0000] {processor.py:842} WARNING - No viable dags retrieved from /opt/airflow/dags/extract_data.py
[2026-03-25T09:23:29.659+0000] {processor.py:183} INFO - Processing /opt/airflow/dags/extract_data.py took 1.170 seconds
[2026-03-25T09:24:00.167+0000] {processor.py:161} INFO - Started process (PID=239) to work on /opt/airflow/dags/extract_data.py
[2026-03-25T09:24:00.169+0000] {processor.py:830} INFO - Processing file /opt/airflow/dags/extract_data.py for tasks to queue
[2026-03-25T09:24:00.171+0000] {logging_mixin.py:188} INFO - [2026-03-25T09:24:00.171+0000] {dagbag.py:545} INFO - Filling up the DagBag from /opt/airflow/dags/extract_data.py
[2026-03-25T09:24:00.194+0000] {logging_mixin.py:188} INFO - [2026-03-25T09:24:00.189+0000] {dagbag.py:355} ERROR - Failed to import: /opt/airflow/dags/extract_data.py
Traceback (most recent call last):
  File "/home/airflow/.local/lib/python3.10/site-packages/airflow/models/dagbag.py", line 351, in parse
    loader.exec_module(new_module)
  File "<frozen importlib._bootstrap_external>", line 883, in exec_module
  File "<frozen importlib._bootstrap>", line 241, in _call_with_frames_removed
  File "/opt/airflow/dags/extract_data.py", line 8, in <module>
    from plugins.mysql_operator import MySQLOperators
ModuleNotFoundError: No module named 'plugins'
[2026-03-25T09:24:00.195+0000] {processor.py:842} WARNING - No viable dags retrieved from /opt/airflow/dags/extract_data.py
[2026-03-25T09:24:00.222+0000] {processor.py:183} INFO - Processing /opt/airflow/dags/extract_data.py took 0.063 seconds
[2026-03-25T09:24:30.663+0000] {processor.py:161} INFO - Started process (PID=265) to work on /opt/airflow/dags/extract_data.py
[2026-03-25T09:24:30.664+0000] {processor.py:830} INFO - Processing file /opt/airflow/dags/extract_data.py for tasks to queue
[2026-03-25T09:24:30.666+0000] {logging_mixin.py:188} INFO - [2026-03-25T09:24:30.666+0000] {dagbag.py:545} INFO - Filling up the DagBag from /opt/airflow/dags/extract_data.py
[2026-03-25T09:24:30.686+0000] {logging_mixin.py:188} INFO - [2026-03-25T09:24:30.682+0000] {dagbag.py:355} ERROR - Failed to import: /opt/airflow/dags/extract_data.py
Traceback (most recent call last):
  File "/home/airflow/.local/lib/python3.10/site-packages/airflow/models/dagbag.py", line 351, in parse
    loader.exec_module(new_module)
  File "<frozen importlib._bootstrap_external>", line 883, in exec_module
  File "<frozen importlib._bootstrap>", line 241, in _call_with_frames_removed
  File "/opt/airflow/dags/extract_data.py", line 8, in <module>
    from plugins.mysql_operator import MySQLOperators
ModuleNotFoundError: No module named 'plugins'
[2026-03-25T09:24:30.688+0000] {processor.py:842} WARNING - No viable dags retrieved from /opt/airflow/dags/extract_data.py
[2026-03-25T09:24:30.713+0000] {processor.py:183} INFO - Processing /opt/airflow/dags/extract_data.py took 0.058 seconds
[2026-03-25T09:25:01.270+0000] {processor.py:161} INFO - Started process (PID=291) to work on /opt/airflow/dags/extract_data.py
[2026-03-25T09:25:01.272+0000] {processor.py:830} INFO - Processing file /opt/airflow/dags/extract_data.py for tasks to queue
[2026-03-25T09:25:01.275+0000] {logging_mixin.py:188} INFO - [2026-03-25T09:25:01.275+0000] {dagbag.py:545} INFO - Filling up the DagBag from /opt/airflow/dags/extract_data.py
[2026-03-25T09:25:01.294+0000] {logging_mixin.py:188} INFO - [2026-03-25T09:25:01.291+0000] {dagbag.py:355} ERROR - Failed to import: /opt/airflow/dags/extract_data.py
Traceback (most recent call last):
  File "/home/airflow/.local/lib/python3.10/site-packages/airflow/models/dagbag.py", line 351, in parse
    loader.exec_module(new_module)
  File "<frozen importlib._bootstrap_external>", line 883, in exec_module
  File "<frozen importlib._bootstrap>", line 241, in _call_with_frames_removed
  File "/opt/airflow/dags/extract_data.py", line 8, in <module>
    from plugins.mysql_operator import MySQLOperators
ModuleNotFoundError: No module named 'plugins'
[2026-03-25T09:25:01.296+0000] {processor.py:842} WARNING - No viable dags retrieved from /opt/airflow/dags/extract_data.py
[2026-03-25T09:25:01.321+0000] {processor.py:183} INFO - Processing /opt/airflow/dags/extract_data.py took 0.059 seconds
[2026-03-25T09:25:07.618+0000] {processor.py:161} INFO - Started process (PID=308) to work on /opt/airflow/dags/extract_data.py
[2026-03-25T09:25:07.619+0000] {processor.py:830} INFO - Processing file /opt/airflow/dags/extract_data.py for tasks to queue
[2026-03-25T09:25:07.622+0000] {logging_mixin.py:188} INFO - [2026-03-25T09:25:07.621+0000] {dagbag.py:545} INFO - Filling up the DagBag from /opt/airflow/dags/extract_data.py
[2026-03-25T09:25:07.653+0000] {processor.py:842} WARNING - No viable dags retrieved from /opt/airflow/dags/extract_data.py
[2026-03-25T09:25:07.672+0000] {processor.py:183} INFO - Processing /opt/airflow/dags/extract_data.py took 0.062 seconds
[2026-03-25T09:26:08.652+0000] {processor.py:161} INFO - Started process (PID=186) to work on /opt/airflow/dags/extract_data.py
[2026-03-25T09:26:08.654+0000] {processor.py:830} INFO - Processing file /opt/airflow/dags/extract_data.py for tasks to queue
[2026-03-25T09:26:08.658+0000] {logging_mixin.py:188} INFO - [2026-03-25T09:26:08.658+0000] {dagbag.py:545} INFO - Filling up the DagBag from /opt/airflow/dags/extract_data.py
[2026-03-25T09:26:08.702+0000] {processor.py:842} WARNING - No viable dags retrieved from /opt/airflow/dags/extract_data.py
[2026-03-25T09:26:08.724+0000] {processor.py:183} INFO - Processing /opt/airflow/dags/extract_data.py took 0.085 seconds
[2026-03-25T09:26:39.369+0000] {processor.py:161} INFO - Started process (PID=212) to work on /opt/airflow/dags/extract_data.py
[2026-03-25T09:26:39.370+0000] {processor.py:830} INFO - Processing file /opt/airflow/dags/extract_data.py for tasks to queue
[2026-03-25T09:26:39.374+0000] {logging_mixin.py:188} INFO - [2026-03-25T09:26:39.373+0000] {dagbag.py:545} INFO - Filling up the DagBag from /opt/airflow/dags/extract_data.py
[2026-03-25T09:26:39.390+0000] {processor.py:842} WARNING - No viable dags retrieved from /opt/airflow/dags/extract_data.py
[2026-03-25T09:26:39.409+0000] {processor.py:183} INFO - Processing /opt/airflow/dags/extract_data.py took 0.050 seconds
[2026-03-25T09:27:10.259+0000] {processor.py:161} INFO - Started process (PID=248) to work on /opt/airflow/dags/extract_data.py
[2026-03-25T09:27:10.260+0000] {processor.py:830} INFO - Processing file /opt/airflow/dags/extract_data.py for tasks to queue
[2026-03-25T09:27:10.262+0000] {logging_mixin.py:188} INFO - [2026-03-25T09:27:10.262+0000] {dagbag.py:545} INFO - Filling up the DagBag from /opt/airflow/dags/extract_data.py
[2026-03-25T09:27:10.277+0000] {processor.py:842} WARNING - No viable dags retrieved from /opt/airflow/dags/extract_data.py
[2026-03-25T09:27:10.291+0000] {processor.py:183} INFO - Processing /opt/airflow/dags/extract_data.py took 0.040 seconds
[2026-03-25T09:27:40.977+0000] {processor.py:161} INFO - Started process (PID=274) to work on /opt/airflow/dags/extract_data.py
[2026-03-25T09:27:40.979+0000] {processor.py:830} INFO - Processing file /opt/airflow/dags/extract_data.py for tasks to queue
[2026-03-25T09:27:40.981+0000] {logging_mixin.py:188} INFO - [2026-03-25T09:27:40.981+0000] {dagbag.py:545} INFO - Filling up the DagBag from /opt/airflow/dags/extract_data.py
[2026-03-25T09:27:40.998+0000] {processor.py:842} WARNING - No viable dags retrieved from /opt/airflow/dags/extract_data.py
[2026-03-25T09:27:41.020+0000] {processor.py:183} INFO - Processing /opt/airflow/dags/extract_data.py took 0.051 seconds
[2026-03-25T09:28:11.650+0000] {processor.py:161} INFO - Started process (PID=300) to work on /opt/airflow/dags/extract_data.py
[2026-03-25T09:28:11.652+0000] {processor.py:830} INFO - Processing file /opt/airflow/dags/extract_data.py for tasks to queue
[2026-03-25T09:28:11.654+0000] {logging_mixin.py:188} INFO - [2026-03-25T09:28:11.654+0000] {dagbag.py:545} INFO - Filling up the DagBag from /opt/airflow/dags/extract_data.py
[2026-03-25T09:28:11.672+0000] {processor.py:842} WARNING - No viable dags retrieved from /opt/airflow/dags/extract_data.py
[2026-03-25T09:28:11.690+0000] {processor.py:183} INFO - Processing /opt/airflow/dags/extract_data.py took 0.052 seconds
[2026-03-25T09:28:42.388+0000] {processor.py:161} INFO - Started process (PID=326) to work on /opt/airflow/dags/extract_data.py
[2026-03-25T09:28:42.390+0000] {processor.py:830} INFO - Processing file /opt/airflow/dags/extract_data.py for tasks to queue
[2026-03-25T09:28:42.393+0000] {logging_mixin.py:188} INFO - [2026-03-25T09:28:42.393+0000] {dagbag.py:545} INFO - Filling up the DagBag from /opt/airflow/dags/extract_data.py
[2026-03-25T09:28:42.425+0000] {processor.py:842} WARNING - No viable dags retrieved from /opt/airflow/dags/extract_data.py
[2026-03-25T09:28:42.446+0000] {processor.py:183} INFO - Processing /opt/airflow/dags/extract_data.py took 0.067 seconds
[2026-03-25T09:29:41.459+0000] {processor.py:161} INFO - Started process (PID=181) to work on /opt/airflow/dags/extract_data.py
[2026-03-25T09:29:41.461+0000] {processor.py:830} INFO - Processing file /opt/airflow/dags/extract_data.py for tasks to queue
[2026-03-25T09:29:41.463+0000] {logging_mixin.py:188} INFO - [2026-03-25T09:29:41.463+0000] {dagbag.py:545} INFO - Filling up the DagBag from /opt/airflow/dags/extract_data.py
[2026-03-25T09:29:41.502+0000] {processor.py:842} WARNING - No viable dags retrieved from /opt/airflow/dags/extract_data.py
[2026-03-25T09:29:41.523+0000] {processor.py:183} INFO - Processing /opt/airflow/dags/extract_data.py took 0.072 seconds
[2026-03-25T09:30:11.794+0000] {processor.py:161} INFO - Started process (PID=235) to work on /opt/airflow/dags/extract_data.py
[2026-03-25T09:30:11.796+0000] {processor.py:830} INFO - Processing file /opt/airflow/dags/extract_data.py for tasks to queue
[2026-03-25T09:30:11.804+0000] {logging_mixin.py:188} INFO - [2026-03-25T09:30:11.804+0000] {dagbag.py:545} INFO - Filling up the DagBag from /opt/airflow/dags/extract_data.py
[2026-03-25T09:30:11.851+0000] {processor.py:842} WARNING - No viable dags retrieved from /opt/airflow/dags/extract_data.py
[2026-03-25T09:30:11.886+0000] {processor.py:183} INFO - Processing /opt/airflow/dags/extract_data.py took 0.109 seconds
[2026-03-25T09:30:42.133+0000] {processor.py:161} INFO - Started process (PID=374) to work on /opt/airflow/dags/extract_data.py
[2026-03-25T09:30:42.135+0000] {processor.py:830} INFO - Processing file /opt/airflow/dags/extract_data.py for tasks to queue
[2026-03-25T09:30:42.139+0000] {logging_mixin.py:188} INFO - [2026-03-25T09:30:42.139+0000] {dagbag.py:545} INFO - Filling up the DagBag from /opt/airflow/dags/extract_data.py
[2026-03-25T09:30:42.182+0000] {processor.py:842} WARNING - No viable dags retrieved from /opt/airflow/dags/extract_data.py
[2026-03-25T09:30:42.211+0000] {processor.py:183} INFO - Processing /opt/airflow/dags/extract_data.py took 0.091 seconds
[2026-03-25T09:31:12.722+0000] {processor.py:161} INFO - Started process (PID=505) to work on /opt/airflow/dags/extract_data.py
[2026-03-25T09:31:12.724+0000] {processor.py:830} INFO - Processing file /opt/airflow/dags/extract_data.py for tasks to queue
[2026-03-25T09:31:12.731+0000] {logging_mixin.py:188} INFO - [2026-03-25T09:31:12.730+0000] {dagbag.py:545} INFO - Filling up the DagBag from /opt/airflow/dags/extract_data.py
[2026-03-25T09:31:12.781+0000] {processor.py:842} WARNING - No viable dags retrieved from /opt/airflow/dags/extract_data.py
[2026-03-25T09:31:12.813+0000] {processor.py:183} INFO - Processing /opt/airflow/dags/extract_data.py took 0.111 seconds
[2026-03-25T09:31:43.504+0000] {processor.py:161} INFO - Started process (PID=641) to work on /opt/airflow/dags/extract_data.py
[2026-03-25T09:31:43.506+0000] {processor.py:830} INFO - Processing file /opt/airflow/dags/extract_data.py for tasks to queue
[2026-03-25T09:31:43.511+0000] {logging_mixin.py:188} INFO - [2026-03-25T09:31:43.511+0000] {dagbag.py:545} INFO - Filling up the DagBag from /opt/airflow/dags/extract_data.py
[2026-03-25T09:31:43.564+0000] {processor.py:842} WARNING - No viable dags retrieved from /opt/airflow/dags/extract_data.py
[2026-03-25T09:31:43.598+0000] {processor.py:183} INFO - Processing /opt/airflow/dags/extract_data.py took 0.111 seconds
[2026-03-25T09:32:14.141+0000] {processor.py:161} INFO - Started process (PID=757) to work on /opt/airflow/dags/extract_data.py
[2026-03-25T09:32:14.143+0000] {processor.py:830} INFO - Processing file /opt/airflow/dags/extract_data.py for tasks to queue
[2026-03-25T09:32:14.149+0000] {logging_mixin.py:188} INFO - [2026-03-25T09:32:14.148+0000] {dagbag.py:545} INFO - Filling up the DagBag from /opt/airflow/dags/extract_data.py
[2026-03-25T09:32:14.189+0000] {processor.py:842} WARNING - No viable dags retrieved from /opt/airflow/dags/extract_data.py
[2026-03-25T09:32:14.227+0000] {processor.py:183} INFO - Processing /opt/airflow/dags/extract_data.py took 0.098 seconds
[2026-03-25T09:32:44.440+0000] {processor.py:161} INFO - Started process (PID=894) to work on /opt/airflow/dags/extract_data.py
[2026-03-25T09:32:44.443+0000] {processor.py:830} INFO - Processing file /opt/airflow/dags/extract_data.py for tasks to queue
[2026-03-25T09:32:44.449+0000] {logging_mixin.py:188} INFO - [2026-03-25T09:32:44.448+0000] {dagbag.py:545} INFO - Filling up the DagBag from /opt/airflow/dags/extract_data.py
[2026-03-25T09:32:44.553+0000] {processor.py:842} WARNING - No viable dags retrieved from /opt/airflow/dags/extract_data.py
[2026-03-25T09:32:44.596+0000] {processor.py:183} INFO - Processing /opt/airflow/dags/extract_data.py took 0.175 seconds
[2026-03-25T09:33:14.743+0000] {processor.py:161} INFO - Started process (PID=1002) to work on /opt/airflow/dags/extract_data.py
[2026-03-25T09:33:14.745+0000] {processor.py:830} INFO - Processing file /opt/airflow/dags/extract_data.py for tasks to queue
[2026-03-25T09:33:14.750+0000] {logging_mixin.py:188} INFO - [2026-03-25T09:33:14.749+0000] {dagbag.py:545} INFO - Filling up the DagBag from /opt/airflow/dags/extract_data.py
[2026-03-25T09:33:14.796+0000] {processor.py:842} WARNING - No viable dags retrieved from /opt/airflow/dags/extract_data.py
[2026-03-25T09:33:14.829+0000] {processor.py:183} INFO - Processing /opt/airflow/dags/extract_data.py took 0.102 seconds
[2026-03-25T09:33:45.106+0000] {processor.py:161} INFO - Started process (PID=1141) to work on /opt/airflow/dags/extract_data.py
[2026-03-25T09:33:45.108+0000] {processor.py:830} INFO - Processing file /opt/airflow/dags/extract_data.py for tasks to queue
[2026-03-25T09:33:45.111+0000] {logging_mixin.py:188} INFO - [2026-03-25T09:33:45.111+0000] {dagbag.py:545} INFO - Filling up the DagBag from /opt/airflow/dags/extract_data.py
[2026-03-25T09:33:45.140+0000] {processor.py:842} WARNING - No viable dags retrieved from /opt/airflow/dags/extract_data.py
[2026-03-25T09:33:45.161+0000] {processor.py:183} INFO - Processing /opt/airflow/dags/extract_data.py took 0.063 seconds
[2026-03-25T09:34:15.450+0000] {processor.py:161} INFO - Started process (PID=1253) to work on /opt/airflow/dags/extract_data.py
[2026-03-25T09:34:15.451+0000] {processor.py:830} INFO - Processing file /opt/airflow/dags/extract_data.py for tasks to queue
[2026-03-25T09:34:15.454+0000] {logging_mixin.py:188} INFO - [2026-03-25T09:34:15.453+0000] {dagbag.py:545} INFO - Filling up the DagBag from /opt/airflow/dags/extract_data.py
[2026-03-25T09:34:15.486+0000] {processor.py:842} WARNING - No viable dags retrieved from /opt/airflow/dags/extract_data.py
[2026-03-25T09:34:15.508+0000] {processor.py:183} INFO - Processing /opt/airflow/dags/extract_data.py took 0.066 seconds
[2026-03-25T09:34:46.010+0000] {processor.py:161} INFO - Started process (PID=1381) to work on /opt/airflow/dags/extract_data.py
[2026-03-25T09:34:46.017+0000] {processor.py:830} INFO - Processing file /opt/airflow/dags/extract_data.py for tasks to queue
[2026-03-25T09:34:46.026+0000] {logging_mixin.py:188} INFO - [2026-03-25T09:34:46.025+0000] {dagbag.py:545} INFO - Filling up the DagBag from /opt/airflow/dags/extract_data.py
[2026-03-25T09:34:46.258+0000] {processor.py:842} WARNING - No viable dags retrieved from /opt/airflow/dags/extract_data.py
[2026-03-25T09:34:46.315+0000] {processor.py:183} INFO - Processing /opt/airflow/dags/extract_data.py took 0.324 seconds
[2026-03-25T09:35:17.148+0000] {processor.py:161} INFO - Started process (PID=1495) to work on /opt/airflow/dags/extract_data.py
[2026-03-25T09:35:17.151+0000] {processor.py:830} INFO - Processing file /opt/airflow/dags/extract_data.py for tasks to queue
[2026-03-25T09:35:17.155+0000] {logging_mixin.py:188} INFO - [2026-03-25T09:35:17.154+0000] {dagbag.py:545} INFO - Filling up the DagBag from /opt/airflow/dags/extract_data.py
[2026-03-25T09:35:17.200+0000] {processor.py:842} WARNING - No viable dags retrieved from /opt/airflow/dags/extract_data.py
[2026-03-25T09:35:17.245+0000] {processor.py:183} INFO - Processing /opt/airflow/dags/extract_data.py took 0.116 seconds
[2026-03-25T09:35:48.008+0000] {processor.py:161} INFO - Started process (PID=1527) to work on /opt/airflow/dags/extract_data.py
[2026-03-25T09:35:48.010+0000] {processor.py:830} INFO - Processing file /opt/airflow/dags/extract_data.py for tasks to queue
[2026-03-25T09:35:48.012+0000] {logging_mixin.py:188} INFO - [2026-03-25T09:35:48.012+0000] {dagbag.py:545} INFO - Filling up the DagBag from /opt/airflow/dags/extract_data.py
[2026-03-25T09:35:48.031+0000] {processor.py:842} WARNING - No viable dags retrieved from /opt/airflow/dags/extract_data.py
[2026-03-25T09:35:48.050+0000] {processor.py:183} INFO - Processing /opt/airflow/dags/extract_data.py took 0.050 seconds
[2026-03-25T09:36:18.726+0000] {processor.py:161} INFO - Started process (PID=1553) to work on /opt/airflow/dags/extract_data.py
[2026-03-25T09:36:18.727+0000] {processor.py:830} INFO - Processing file /opt/airflow/dags/extract_data.py for tasks to queue
[2026-03-25T09:36:18.730+0000] {logging_mixin.py:188} INFO - [2026-03-25T09:36:18.729+0000] {dagbag.py:545} INFO - Filling up the DagBag from /opt/airflow/dags/extract_data.py
[2026-03-25T09:36:18.748+0000] {processor.py:842} WARNING - No viable dags retrieved from /opt/airflow/dags/extract_data.py
[2026-03-25T09:36:18.765+0000] {processor.py:183} INFO - Processing /opt/airflow/dags/extract_data.py took 0.048 seconds
[2026-03-25T09:36:49.416+0000] {processor.py:161} INFO - Started process (PID=1579) to work on /opt/airflow/dags/extract_data.py
[2026-03-25T09:36:49.417+0000] {processor.py:830} INFO - Processing file /opt/airflow/dags/extract_data.py for tasks to queue
[2026-03-25T09:36:49.420+0000] {logging_mixin.py:188} INFO - [2026-03-25T09:36:49.420+0000] {dagbag.py:545} INFO - Filling up the DagBag from /opt/airflow/dags/extract_data.py
[2026-03-25T09:36:49.436+0000] {processor.py:842} WARNING - No viable dags retrieved from /opt/airflow/dags/extract_data.py
[2026-03-25T09:36:49.453+0000] {processor.py:183} INFO - Processing /opt/airflow/dags/extract_data.py took 0.045 seconds
[2026-03-25T09:37:20.093+0000] {processor.py:161} INFO - Started process (PID=1605) to work on /opt/airflow/dags/extract_data.py
[2026-03-25T09:37:20.094+0000] {processor.py:830} INFO - Processing file /opt/airflow/dags/extract_data.py for tasks to queue
[2026-03-25T09:37:20.097+0000] {logging_mixin.py:188} INFO - [2026-03-25T09:37:20.097+0000] {dagbag.py:545} INFO - Filling up the DagBag from /opt/airflow/dags/extract_data.py
[2026-03-25T09:37:20.132+0000] {processor.py:842} WARNING - No viable dags retrieved from /opt/airflow/dags/extract_data.py
[2026-03-25T09:37:20.150+0000] {processor.py:183} INFO - Processing /opt/airflow/dags/extract_data.py took 0.067 seconds
[2026-03-25T09:37:50.816+0000] {processor.py:161} INFO - Started process (PID=1631) to work on /opt/airflow/dags/extract_data.py
[2026-03-25T09:37:50.817+0000] {processor.py:830} INFO - Processing file /opt/airflow/dags/extract_data.py for tasks to queue
[2026-03-25T09:37:50.820+0000] {logging_mixin.py:188} INFO - [2026-03-25T09:37:50.819+0000] {dagbag.py:545} INFO - Filling up the DagBag from /opt/airflow/dags/extract_data.py
[2026-03-25T09:37:50.846+0000] {processor.py:842} WARNING - No viable dags retrieved from /opt/airflow/dags/extract_data.py
[2026-03-25T09:37:50.860+0000] {processor.py:183} INFO - Processing /opt/airflow/dags/extract_data.py took 0.050 seconds
[2026-03-25T09:38:21.507+0000] {processor.py:161} INFO - Started process (PID=1657) to work on /opt/airflow/dags/extract_data.py
[2026-03-25T09:38:21.508+0000] {processor.py:830} INFO - Processing file /opt/airflow/dags/extract_data.py for tasks to queue
[2026-03-25T09:38:21.510+0000] {logging_mixin.py:188} INFO - [2026-03-25T09:38:21.509+0000] {dagbag.py:545} INFO - Filling up the DagBag from /opt/airflow/dags/extract_data.py
[2026-03-25T09:38:21.522+0000] {processor.py:842} WARNING - No viable dags retrieved from /opt/airflow/dags/extract_data.py
[2026-03-25T09:38:21.537+0000] {processor.py:183} INFO - Processing /opt/airflow/dags/extract_data.py took 0.037 seconds
[2026-03-25T09:38:52.166+0000] {processor.py:161} INFO - Started process (PID=1685) to work on /opt/airflow/dags/extract_data.py
[2026-03-25T09:38:52.168+0000] {processor.py:830} INFO - Processing file /opt/airflow/dags/extract_data.py for tasks to queue
[2026-03-25T09:38:52.170+0000] {logging_mixin.py:188} INFO - [2026-03-25T09:38:52.169+0000] {dagbag.py:545} INFO - Filling up the DagBag from /opt/airflow/dags/extract_data.py
[2026-03-25T09:38:52.191+0000] {processor.py:842} WARNING - No viable dags retrieved from /opt/airflow/dags/extract_data.py
[2026-03-25T09:38:52.208+0000] {processor.py:183} INFO - Processing /opt/airflow/dags/extract_data.py took 0.049 seconds
[2026-03-25T09:39:22.917+0000] {processor.py:161} INFO - Started process (PID=1711) to work on /opt/airflow/dags/extract_data.py
[2026-03-25T09:39:22.919+0000] {processor.py:830} INFO - Processing file /opt/airflow/dags/extract_data.py for tasks to queue
[2026-03-25T09:39:22.922+0000] {logging_mixin.py:188} INFO - [2026-03-25T09:39:22.922+0000] {dagbag.py:545} INFO - Filling up the DagBag from /opt/airflow/dags/extract_data.py
[2026-03-25T09:39:22.957+0000] {processor.py:842} WARNING - No viable dags retrieved from /opt/airflow/dags/extract_data.py
[2026-03-25T09:39:22.978+0000] {processor.py:183} INFO - Processing /opt/airflow/dags/extract_data.py took 0.075 seconds
[2026-03-25T09:39:53.890+0000] {processor.py:161} INFO - Started process (PID=1737) to work on /opt/airflow/dags/extract_data.py
[2026-03-25T09:39:53.891+0000] {processor.py:830} INFO - Processing file /opt/airflow/dags/extract_data.py for tasks to queue
[2026-03-25T09:39:53.893+0000] {logging_mixin.py:188} INFO - [2026-03-25T09:39:53.893+0000] {dagbag.py:545} INFO - Filling up the DagBag from /opt/airflow/dags/extract_data.py
[2026-03-25T09:39:53.919+0000] {processor.py:842} WARNING - No viable dags retrieved from /opt/airflow/dags/extract_data.py
[2026-03-25T09:39:53.934+0000] {processor.py:183} INFO - Processing /opt/airflow/dags/extract_data.py took 0.050 seconds
[2026-03-25T09:40:24.560+0000] {processor.py:161} INFO - Started process (PID=1763) to work on /opt/airflow/dags/extract_data.py
[2026-03-25T09:40:24.561+0000] {processor.py:830} INFO - Processing file /opt/airflow/dags/extract_data.py for tasks to queue
[2026-03-25T09:40:24.564+0000] {logging_mixin.py:188} INFO - [2026-03-25T09:40:24.563+0000] {dagbag.py:545} INFO - Filling up the DagBag from /opt/airflow/dags/extract_data.py
[2026-03-25T09:40:24.581+0000] {processor.py:842} WARNING - No viable dags retrieved from /opt/airflow/dags/extract_data.py
[2026-03-25T09:40:24.600+0000] {processor.py:183} INFO - Processing /opt/airflow/dags/extract_data.py took 0.048 seconds
[2026-03-25T09:40:55.296+0000] {processor.py:161} INFO - Started process (PID=1789) to work on /opt/airflow/dags/extract_data.py
[2026-03-25T09:40:55.298+0000] {processor.py:830} INFO - Processing file /opt/airflow/dags/extract_data.py for tasks to queue
[2026-03-25T09:40:55.301+0000] {logging_mixin.py:188} INFO - [2026-03-25T09:40:55.301+0000] {dagbag.py:545} INFO - Filling up the DagBag from /opt/airflow/dags/extract_data.py
[2026-03-25T09:40:55.330+0000] {processor.py:842} WARNING - No viable dags retrieved from /opt/airflow/dags/extract_data.py
[2026-03-25T09:40:55.347+0000] {processor.py:183} INFO - Processing /opt/airflow/dags/extract_data.py took 0.060 seconds
[2026-03-25T09:41:26.023+0000] {processor.py:161} INFO - Started process (PID=1815) to work on /opt/airflow/dags/extract_data.py
[2026-03-25T09:41:26.025+0000] {processor.py:830} INFO - Processing file /opt/airflow/dags/extract_data.py for tasks to queue
[2026-03-25T09:41:26.028+0000] {logging_mixin.py:188} INFO - [2026-03-25T09:41:26.027+0000] {dagbag.py:545} INFO - Filling up the DagBag from /opt/airflow/dags/extract_data.py
[2026-03-25T09:41:26.061+0000] {processor.py:842} WARNING - No viable dags retrieved from /opt/airflow/dags/extract_data.py
[2026-03-25T09:41:26.076+0000] {processor.py:183} INFO - Processing /opt/airflow/dags/extract_data.py took 0.059 seconds
[2026-03-25T09:41:56.838+0000] {processor.py:161} INFO - Started process (PID=1841) to work on /opt/airflow/dags/extract_data.py
[2026-03-25T09:41:56.840+0000] {processor.py:830} INFO - Processing file /opt/airflow/dags/extract_data.py for tasks to queue
[2026-03-25T09:41:56.843+0000] {logging_mixin.py:188} INFO - [2026-03-25T09:41:56.843+0000] {dagbag.py:545} INFO - Filling up the DagBag from /opt/airflow/dags/extract_data.py
[2026-03-25T09:41:56.871+0000] {processor.py:842} WARNING - No viable dags retrieved from /opt/airflow/dags/extract_data.py
[2026-03-25T09:41:56.897+0000] {processor.py:183} INFO - Processing /opt/airflow/dags/extract_data.py took 0.077 seconds
[2026-03-25T09:42:27.580+0000] {processor.py:161} INFO - Started process (PID=1867) to work on /opt/airflow/dags/extract_data.py
[2026-03-25T09:42:27.582+0000] {processor.py:830} INFO - Processing file /opt/airflow/dags/extract_data.py for tasks to queue
[2026-03-25T09:42:27.585+0000] {logging_mixin.py:188} INFO - [2026-03-25T09:42:27.585+0000] {dagbag.py:545} INFO - Filling up the DagBag from /opt/airflow/dags/extract_data.py
[2026-03-25T09:42:27.616+0000] {processor.py:842} WARNING - No viable dags retrieved from /opt/airflow/dags/extract_data.py
[2026-03-25T09:42:27.637+0000] {processor.py:183} INFO - Processing /opt/airflow/dags/extract_data.py took 0.065 seconds
[2026-03-25T09:42:58.463+0000] {processor.py:161} INFO - Started process (PID=1893) to work on /opt/airflow/dags/extract_data.py
[2026-03-25T09:42:58.465+0000] {processor.py:830} INFO - Processing file /opt/airflow/dags/extract_data.py for tasks to queue
[2026-03-25T09:42:58.469+0000] {logging_mixin.py:188} INFO - [2026-03-25T09:42:58.468+0000] {dagbag.py:545} INFO - Filling up the DagBag from /opt/airflow/dags/extract_data.py
[2026-03-25T09:42:58.497+0000] {processor.py:842} WARNING - No viable dags retrieved from /opt/airflow/dags/extract_data.py
[2026-03-25T09:42:58.513+0000] {processor.py:183} INFO - Processing /opt/airflow/dags/extract_data.py took 0.058 seconds
[2026-03-25T09:43:29.170+0000] {processor.py:161} INFO - Started process (PID=1919) to work on /opt/airflow/dags/extract_data.py
[2026-03-25T09:43:29.172+0000] {processor.py:830} INFO - Processing file /opt/airflow/dags/extract_data.py for tasks to queue
[2026-03-25T09:43:29.175+0000] {logging_mixin.py:188} INFO - [2026-03-25T09:43:29.174+0000] {dagbag.py:545} INFO - Filling up the DagBag from /opt/airflow/dags/extract_data.py
[2026-03-25T09:43:29.194+0000] {processor.py:842} WARNING - No viable dags retrieved from /opt/airflow/dags/extract_data.py
[2026-03-25T09:43:29.213+0000] {processor.py:183} INFO - Processing /opt/airflow/dags/extract_data.py took 0.050 seconds
[2026-03-25T09:43:59.878+0000] {processor.py:161} INFO - Started process (PID=1945) to work on /opt/airflow/dags/extract_data.py
[2026-03-25T09:43:59.880+0000] {processor.py:830} INFO - Processing file /opt/airflow/dags/extract_data.py for tasks to queue
[2026-03-25T09:43:59.884+0000] {logging_mixin.py:188} INFO - [2026-03-25T09:43:59.883+0000] {dagbag.py:545} INFO - Filling up the DagBag from /opt/airflow/dags/extract_data.py
[2026-03-25T09:43:59.905+0000] {processor.py:842} WARNING - No viable dags retrieved from /opt/airflow/dags/extract_data.py
[2026-03-25T09:43:59.926+0000] {processor.py:183} INFO - Processing /opt/airflow/dags/extract_data.py took 0.057 seconds
[2026-03-25T09:44:30.602+0000] {processor.py:161} INFO - Started process (PID=1971) to work on /opt/airflow/dags/extract_data.py
[2026-03-25T09:44:30.603+0000] {processor.py:830} INFO - Processing file /opt/airflow/dags/extract_data.py for tasks to queue
[2026-03-25T09:44:30.606+0000] {logging_mixin.py:188} INFO - [2026-03-25T09:44:30.605+0000] {dagbag.py:545} INFO - Filling up the DagBag from /opt/airflow/dags/extract_data.py
[2026-03-25T09:44:30.633+0000] {processor.py:842} WARNING - No viable dags retrieved from /opt/airflow/dags/extract_data.py
[2026-03-25T09:44:30.651+0000] {processor.py:183} INFO - Processing /opt/airflow/dags/extract_data.py took 0.056 seconds
[2026-03-25T09:45:01.576+0000] {processor.py:161} INFO - Started process (PID=1997) to work on /opt/airflow/dags/extract_data.py
[2026-03-25T09:45:01.578+0000] {processor.py:830} INFO - Processing file /opt/airflow/dags/extract_data.py for tasks to queue
[2026-03-25T09:45:01.581+0000] {logging_mixin.py:188} INFO - [2026-03-25T09:45:01.580+0000] {dagbag.py:545} INFO - Filling up the DagBag from /opt/airflow/dags/extract_data.py
[2026-03-25T09:45:01.596+0000] {processor.py:842} WARNING - No viable dags retrieved from /opt/airflow/dags/extract_data.py
[2026-03-25T09:45:01.612+0000] {processor.py:183} INFO - Processing /opt/airflow/dags/extract_data.py took 0.042 seconds
[2026-03-25T09:45:32.257+0000] {processor.py:161} INFO - Started process (PID=2023) to work on /opt/airflow/dags/extract_data.py
[2026-03-25T09:45:32.259+0000] {processor.py:830} INFO - Processing file /opt/airflow/dags/extract_data.py for tasks to queue
[2026-03-25T09:45:32.263+0000] {logging_mixin.py:188} INFO - [2026-03-25T09:45:32.262+0000] {dagbag.py:545} INFO - Filling up the DagBag from /opt/airflow/dags/extract_data.py
[2026-03-25T09:45:32.287+0000] {processor.py:842} WARNING - No viable dags retrieved from /opt/airflow/dags/extract_data.py
[2026-03-25T09:45:32.305+0000] {processor.py:183} INFO - Processing /opt/airflow/dags/extract_data.py took 0.055 seconds
[2026-03-25T09:46:03.001+0000] {processor.py:161} INFO - Started process (PID=2049) to work on /opt/airflow/dags/extract_data.py
[2026-03-25T09:46:03.002+0000] {processor.py:830} INFO - Processing file /opt/airflow/dags/extract_data.py for tasks to queue
[2026-03-25T09:46:03.005+0000] {logging_mixin.py:188} INFO - [2026-03-25T09:46:03.005+0000] {dagbag.py:545} INFO - Filling up the DagBag from /opt/airflow/dags/extract_data.py
[2026-03-25T09:46:03.036+0000] {processor.py:842} WARNING - No viable dags retrieved from /opt/airflow/dags/extract_data.py
[2026-03-25T09:46:03.050+0000] {processor.py:183} INFO - Processing /opt/airflow/dags/extract_data.py took 0.055 seconds
[2026-03-25T09:46:33.691+0000] {processor.py:161} INFO - Started process (PID=2075) to work on /opt/airflow/dags/extract_data.py
[2026-03-25T09:46:33.693+0000] {processor.py:830} INFO - Processing file /opt/airflow/dags/extract_data.py for tasks to queue
[2026-03-25T09:46:33.695+0000] {logging_mixin.py:188} INFO - [2026-03-25T09:46:33.694+0000] {dagbag.py:545} INFO - Filling up the DagBag from /opt/airflow/dags/extract_data.py
[2026-03-25T09:46:33.712+0000] {processor.py:842} WARNING - No viable dags retrieved from /opt/airflow/dags/extract_data.py
[2026-03-25T09:46:33.728+0000] {processor.py:183} INFO - Processing /opt/airflow/dags/extract_data.py took 0.045 seconds
[2026-03-25T09:47:04.455+0000] {processor.py:161} INFO - Started process (PID=2102) to work on /opt/airflow/dags/extract_data.py
[2026-03-25T09:47:04.457+0000] {processor.py:830} INFO - Processing file /opt/airflow/dags/extract_data.py for tasks to queue
[2026-03-25T09:47:04.459+0000] {logging_mixin.py:188} INFO - [2026-03-25T09:47:04.459+0000] {dagbag.py:545} INFO - Filling up the DagBag from /opt/airflow/dags/extract_data.py
[2026-03-25T09:47:04.483+0000] {processor.py:842} WARNING - No viable dags retrieved from /opt/airflow/dags/extract_data.py
[2026-03-25T09:47:04.498+0000] {processor.py:183} INFO - Processing /opt/airflow/dags/extract_data.py took 0.050 seconds
[2026-03-25T09:48:17.976+0000] {processor.py:161} INFO - Started process (PID=187) to work on /opt/airflow/dags/extract_data.py
[2026-03-25T09:48:17.981+0000] {processor.py:830} INFO - Processing file /opt/airflow/dags/extract_data.py for tasks to queue
[2026-03-25T09:48:17.986+0000] {logging_mixin.py:188} INFO - [2026-03-25T09:48:17.986+0000] {dagbag.py:545} INFO - Filling up the DagBag from /opt/airflow/dags/extract_data.py
[2026-03-25T09:48:18.049+0000] {processor.py:842} WARNING - No viable dags retrieved from /opt/airflow/dags/extract_data.py
[2026-03-25T09:48:18.102+0000] {processor.py:183} INFO - Processing /opt/airflow/dags/extract_data.py took 0.150 seconds
[2026-03-25T09:48:48.674+0000] {processor.py:161} INFO - Started process (PID=212) to work on /opt/airflow/dags/extract_data.py
[2026-03-25T09:48:48.675+0000] {processor.py:830} INFO - Processing file /opt/airflow/dags/extract_data.py for tasks to queue
[2026-03-25T09:48:48.678+0000] {logging_mixin.py:188} INFO - [2026-03-25T09:48:48.678+0000] {dagbag.py:545} INFO - Filling up the DagBag from /opt/airflow/dags/extract_data.py
[2026-03-25T09:48:48.699+0000] {processor.py:842} WARNING - No viable dags retrieved from /opt/airflow/dags/extract_data.py
[2026-03-25T09:48:48.720+0000] {processor.py:183} INFO - Processing /opt/airflow/dags/extract_data.py took 0.055 seconds
[2026-03-25T09:49:19.456+0000] {processor.py:161} INFO - Started process (PID=241) to work on /opt/airflow/dags/extract_data.py
[2026-03-25T09:49:19.457+0000] {processor.py:830} INFO - Processing file /opt/airflow/dags/extract_data.py for tasks to queue
[2026-03-25T09:49:19.460+0000] {logging_mixin.py:188} INFO - [2026-03-25T09:49:19.460+0000] {dagbag.py:545} INFO - Filling up the DagBag from /opt/airflow/dags/extract_data.py
[2026-03-25T09:49:19.479+0000] {processor.py:842} WARNING - No viable dags retrieved from /opt/airflow/dags/extract_data.py
[2026-03-25T09:49:19.498+0000] {processor.py:183} INFO - Processing /opt/airflow/dags/extract_data.py took 0.050 seconds
[2026-03-25T09:49:50.137+0000] {processor.py:161} INFO - Started process (PID=267) to work on /opt/airflow/dags/extract_data.py
[2026-03-25T09:49:50.138+0000] {processor.py:830} INFO - Processing file /opt/airflow/dags/extract_data.py for tasks to queue
[2026-03-25T09:49:50.140+0000] {logging_mixin.py:188} INFO - [2026-03-25T09:49:50.140+0000] {dagbag.py:545} INFO - Filling up the DagBag from /opt/airflow/dags/extract_data.py
[2026-03-25T09:49:50.159+0000] {processor.py:842} WARNING - No viable dags retrieved from /opt/airflow/dags/extract_data.py
[2026-03-25T09:49:50.187+0000] {processor.py:183} INFO - Processing /opt/airflow/dags/extract_data.py took 0.059 seconds
[2026-03-25T09:50:20.857+0000] {processor.py:161} INFO - Started process (PID=299) to work on /opt/airflow/dags/extract_data.py
[2026-03-25T09:50:20.859+0000] {processor.py:830} INFO - Processing file /opt/airflow/dags/extract_data.py for tasks to queue
[2026-03-25T09:50:20.863+0000] {logging_mixin.py:188} INFO - [2026-03-25T09:50:20.863+0000] {dagbag.py:545} INFO - Filling up the DagBag from /opt/airflow/dags/extract_data.py
[2026-03-25T09:50:20.881+0000] {processor.py:842} WARNING - No viable dags retrieved from /opt/airflow/dags/extract_data.py
[2026-03-25T09:50:20.898+0000] {processor.py:183} INFO - Processing /opt/airflow/dags/extract_data.py took 0.047 seconds
[2026-03-25T09:50:51.522+0000] {processor.py:161} INFO - Started process (PID=327) to work on /opt/airflow/dags/extract_data.py
[2026-03-25T09:50:51.524+0000] {processor.py:830} INFO - Processing file /opt/airflow/dags/extract_data.py for tasks to queue
[2026-03-25T09:50:51.528+0000] {logging_mixin.py:188} INFO - [2026-03-25T09:50:51.527+0000] {dagbag.py:545} INFO - Filling up the DagBag from /opt/airflow/dags/extract_data.py
[2026-03-25T09:50:51.547+0000] {processor.py:842} WARNING - No viable dags retrieved from /opt/airflow/dags/extract_data.py
[2026-03-25T09:50:51.574+0000] {processor.py:183} INFO - Processing /opt/airflow/dags/extract_data.py took 0.060 seconds
[2026-03-25T09:51:22.418+0000] {processor.py:161} INFO - Started process (PID=353) to work on /opt/airflow/dags/extract_data.py
[2026-03-25T09:51:22.419+0000] {processor.py:830} INFO - Processing file /opt/airflow/dags/extract_data.py for tasks to queue
[2026-03-25T09:51:22.423+0000] {logging_mixin.py:188} INFO - [2026-03-25T09:51:22.422+0000] {dagbag.py:545} INFO - Filling up the DagBag from /opt/airflow/dags/extract_data.py
[2026-03-25T09:51:22.442+0000] {processor.py:842} WARNING - No viable dags retrieved from /opt/airflow/dags/extract_data.py
[2026-03-25T09:51:22.465+0000] {processor.py:183} INFO - Processing /opt/airflow/dags/extract_data.py took 0.055 seconds
[2026-03-25T09:51:53.263+0000] {processor.py:161} INFO - Started process (PID=381) to work on /opt/airflow/dags/extract_data.py
[2026-03-25T09:51:53.265+0000] {processor.py:830} INFO - Processing file /opt/airflow/dags/extract_data.py for tasks to queue
[2026-03-25T09:51:53.268+0000] {logging_mixin.py:188} INFO - [2026-03-25T09:51:53.267+0000] {dagbag.py:545} INFO - Filling up the DagBag from /opt/airflow/dags/extract_data.py
[2026-03-25T09:51:53.291+0000] {processor.py:842} WARNING - No viable dags retrieved from /opt/airflow/dags/extract_data.py
[2026-03-25T09:51:53.314+0000] {processor.py:183} INFO - Processing /opt/airflow/dags/extract_data.py took 0.062 seconds
[2026-03-25T09:52:23.967+0000] {processor.py:161} INFO - Started process (PID=407) to work on /opt/airflow/dags/extract_data.py
[2026-03-25T09:52:23.969+0000] {processor.py:830} INFO - Processing file /opt/airflow/dags/extract_data.py for tasks to queue
[2026-03-25T09:52:23.972+0000] {logging_mixin.py:188} INFO - [2026-03-25T09:52:23.972+0000] {dagbag.py:545} INFO - Filling up the DagBag from /opt/airflow/dags/extract_data.py
[2026-03-25T09:52:23.990+0000] {processor.py:842} WARNING - No viable dags retrieved from /opt/airflow/dags/extract_data.py
[2026-03-25T09:52:24.011+0000] {processor.py:183} INFO - Processing /opt/airflow/dags/extract_data.py took 0.053 seconds
[2026-03-25T09:52:54.703+0000] {processor.py:161} INFO - Started process (PID=433) to work on /opt/airflow/dags/extract_data.py
[2026-03-25T09:52:54.705+0000] {processor.py:830} INFO - Processing file /opt/airflow/dags/extract_data.py for tasks to queue
[2026-03-25T09:52:54.707+0000] {logging_mixin.py:188} INFO - [2026-03-25T09:52:54.707+0000] {dagbag.py:545} INFO - Filling up the DagBag from /opt/airflow/dags/extract_data.py
[2026-03-25T09:52:54.723+0000] {processor.py:842} WARNING - No viable dags retrieved from /opt/airflow/dags/extract_data.py
[2026-03-25T09:52:54.741+0000] {processor.py:183} INFO - Processing /opt/airflow/dags/extract_data.py took 0.046 seconds
[2026-03-25T09:53:25.491+0000] {processor.py:161} INFO - Started process (PID=459) to work on /opt/airflow/dags/extract_data.py
[2026-03-25T09:53:25.492+0000] {processor.py:830} INFO - Processing file /opt/airflow/dags/extract_data.py for tasks to queue
[2026-03-25T09:53:25.495+0000] {logging_mixin.py:188} INFO - [2026-03-25T09:53:25.494+0000] {dagbag.py:545} INFO - Filling up the DagBag from /opt/airflow/dags/extract_data.py
[2026-03-25T09:53:25.514+0000] {processor.py:842} WARNING - No viable dags retrieved from /opt/airflow/dags/extract_data.py
[2026-03-25T09:53:25.539+0000] {processor.py:183} INFO - Processing /opt/airflow/dags/extract_data.py took 0.056 seconds
[2026-03-25T10:18:44.649+0000] {processor.py:161} INFO - Started process (PID=189) to work on /opt/airflow/dags/extract_data.py
[2026-03-25T10:18:44.651+0000] {processor.py:830} INFO - Processing file /opt/airflow/dags/extract_data.py for tasks to queue
[2026-03-25T10:18:44.655+0000] {logging_mixin.py:188} INFO - [2026-03-25T10:18:44.654+0000] {dagbag.py:545} INFO - Filling up the DagBag from /opt/airflow/dags/extract_data.py
[2026-03-25T10:18:44.693+0000] {processor.py:842} WARNING - No viable dags retrieved from /opt/airflow/dags/extract_data.py
[2026-03-25T10:18:44.722+0000] {processor.py:183} INFO - Processing /opt/airflow/dags/extract_data.py took 0.086 seconds
[2026-03-25T10:19:15.197+0000] {processor.py:161} INFO - Started process (PID=212) to work on /opt/airflow/dags/extract_data.py
[2026-03-25T10:19:15.198+0000] {processor.py:830} INFO - Processing file /opt/airflow/dags/extract_data.py for tasks to queue
[2026-03-25T10:19:15.201+0000] {logging_mixin.py:188} INFO - [2026-03-25T10:19:15.201+0000] {dagbag.py:545} INFO - Filling up the DagBag from /opt/airflow/dags/extract_data.py
[2026-03-25T10:19:15.219+0000] {processor.py:842} WARNING - No viable dags retrieved from /opt/airflow/dags/extract_data.py
[2026-03-25T10:19:15.240+0000] {processor.py:183} INFO - Processing /opt/airflow/dags/extract_data.py took 0.053 seconds
[2026-03-25T10:19:45.773+0000] {processor.py:161} INFO - Started process (PID=273) to work on /opt/airflow/dags/extract_data.py
[2026-03-25T10:19:45.774+0000] {processor.py:830} INFO - Processing file /opt/airflow/dags/extract_data.py for tasks to queue
[2026-03-25T10:19:45.776+0000] {logging_mixin.py:188} INFO - [2026-03-25T10:19:45.776+0000] {dagbag.py:545} INFO - Filling up the DagBag from /opt/airflow/dags/extract_data.py
[2026-03-25T10:19:45.835+0000] {processor.py:842} WARNING - No viable dags retrieved from /opt/airflow/dags/extract_data.py
[2026-03-25T10:19:45.854+0000] {processor.py:183} INFO - Processing /opt/airflow/dags/extract_data.py took 0.090 seconds
[2026-03-25T10:20:16.056+0000] {processor.py:161} INFO - Started process (PID=348) to work on /opt/airflow/dags/extract_data.py
[2026-03-25T10:20:16.058+0000] {processor.py:830} INFO - Processing file /opt/airflow/dags/extract_data.py for tasks to queue
[2026-03-25T10:20:16.062+0000] {logging_mixin.py:188} INFO - [2026-03-25T10:20:16.061+0000] {dagbag.py:545} INFO - Filling up the DagBag from /opt/airflow/dags/extract_data.py
[2026-03-25T10:20:16.099+0000] {processor.py:842} WARNING - No viable dags retrieved from /opt/airflow/dags/extract_data.py
[2026-03-25T10:20:16.141+0000] {processor.py:183} INFO - Processing /opt/airflow/dags/extract_data.py took 0.178 seconds
[2026-03-25T10:20:46.906+0000] {processor.py:161} INFO - Started process (PID=438) to work on /opt/airflow/dags/extract_data.py
[2026-03-25T10:20:46.907+0000] {processor.py:830} INFO - Processing file /opt/airflow/dags/extract_data.py for tasks to queue
[2026-03-25T10:20:46.909+0000] {logging_mixin.py:188} INFO - [2026-03-25T10:20:46.909+0000] {dagbag.py:545} INFO - Filling up the DagBag from /opt/airflow/dags/extract_data.py
[2026-03-25T10:20:46.923+0000] {processor.py:842} WARNING - No viable dags retrieved from /opt/airflow/dags/extract_data.py
[2026-03-25T10:20:46.940+0000] {processor.py:183} INFO - Processing /opt/airflow/dags/extract_data.py took 0.041 seconds
[2026-03-25T10:21:17.087+0000] {processor.py:161} INFO - Started process (PID=529) to work on /opt/airflow/dags/extract_data.py
[2026-03-25T10:21:17.095+0000] {processor.py:830} INFO - Processing file /opt/airflow/dags/extract_data.py for tasks to queue
[2026-03-25T10:21:17.112+0000] {logging_mixin.py:188} INFO - [2026-03-25T10:21:17.111+0000] {dagbag.py:545} INFO - Filling up the DagBag from /opt/airflow/dags/extract_data.py
[2026-03-25T10:21:17.288+0000] {processor.py:842} WARNING - No viable dags retrieved from /opt/airflow/dags/extract_data.py
[2026-03-25T10:21:17.348+0000] {processor.py:183} INFO - Processing /opt/airflow/dags/extract_data.py took 0.279 seconds
[2026-03-25T10:21:47.669+0000] {processor.py:161} INFO - Started process (PID=602) to work on /opt/airflow/dags/extract_data.py
[2026-03-25T10:21:47.672+0000] {processor.py:830} INFO - Processing file /opt/airflow/dags/extract_data.py for tasks to queue
[2026-03-25T10:21:47.678+0000] {logging_mixin.py:188} INFO - [2026-03-25T10:21:47.677+0000] {dagbag.py:545} INFO - Filling up the DagBag from /opt/airflow/dags/extract_data.py
[2026-03-25T10:21:47.712+0000] {processor.py:842} WARNING - No viable dags retrieved from /opt/airflow/dags/extract_data.py
[2026-03-25T10:21:47.745+0000] {processor.py:183} INFO - Processing /opt/airflow/dags/extract_data.py took 0.098 seconds
[2026-03-25T10:22:17.927+0000] {processor.py:161} INFO - Started process (PID=681) to work on /opt/airflow/dags/extract_data.py
[2026-03-25T10:22:17.928+0000] {processor.py:830} INFO - Processing file /opt/airflow/dags/extract_data.py for tasks to queue
[2026-03-25T10:22:17.930+0000] {logging_mixin.py:188} INFO - [2026-03-25T10:22:17.930+0000] {dagbag.py:545} INFO - Filling up the DagBag from /opt/airflow/dags/extract_data.py
[2026-03-25T10:22:17.944+0000] {processor.py:842} WARNING - No viable dags retrieved from /opt/airflow/dags/extract_data.py
[2026-03-25T10:22:17.962+0000] {processor.py:183} INFO - Processing /opt/airflow/dags/extract_data.py took 0.042 seconds
[2026-03-25T10:53:31.667+0000] {processor.py:161} INFO - Started process (PID=189) to work on /opt/airflow/dags/extract_data.py
[2026-03-25T10:53:31.683+0000] {processor.py:830} INFO - Processing file /opt/airflow/dags/extract_data.py for tasks to queue
[2026-03-25T10:53:31.710+0000] {logging_mixin.py:188} INFO - [2026-03-25T10:53:31.710+0000] {dagbag.py:545} INFO - Filling up the DagBag from /opt/airflow/dags/extract_data.py
[2026-03-25T10:53:31.834+0000] {processor.py:842} WARNING - No viable dags retrieved from /opt/airflow/dags/extract_data.py
[2026-03-25T10:53:31.889+0000] {processor.py:183} INFO - Processing /opt/airflow/dags/extract_data.py took 0.244 seconds
[2026-03-25T10:54:02.117+0000] {processor.py:161} INFO - Started process (PID=212) to work on /opt/airflow/dags/extract_data.py
[2026-03-25T10:54:02.118+0000] {processor.py:830} INFO - Processing file /opt/airflow/dags/extract_data.py for tasks to queue
[2026-03-25T10:54:02.121+0000] {logging_mixin.py:188} INFO - [2026-03-25T10:54:02.121+0000] {dagbag.py:545} INFO - Filling up the DagBag from /opt/airflow/dags/extract_data.py
[2026-03-25T10:54:02.139+0000] {processor.py:842} WARNING - No viable dags retrieved from /opt/airflow/dags/extract_data.py
[2026-03-25T10:54:02.157+0000] {processor.py:183} INFO - Processing /opt/airflow/dags/extract_data.py took 0.048 seconds
[2026-03-25T10:54:32.971+0000] {processor.py:161} INFO - Started process (PID=271) to work on /opt/airflow/dags/extract_data.py
[2026-03-25T10:54:32.994+0000] {processor.py:830} INFO - Processing file /opt/airflow/dags/extract_data.py for tasks to queue
[2026-03-25T10:54:33.006+0000] {logging_mixin.py:188} INFO - [2026-03-25T10:54:33.005+0000] {dagbag.py:545} INFO - Filling up the DagBag from /opt/airflow/dags/extract_data.py
[2026-03-25T10:54:33.061+0000] {processor.py:842} WARNING - No viable dags retrieved from /opt/airflow/dags/extract_data.py
[2026-03-25T10:54:33.101+0000] {processor.py:183} INFO - Processing /opt/airflow/dags/extract_data.py took 0.155 seconds
[2026-03-25T10:55:03.619+0000] {processor.py:161} INFO - Started process (PID=349) to work on /opt/airflow/dags/extract_data.py
[2026-03-25T10:55:03.632+0000] {processor.py:830} INFO - Processing file /opt/airflow/dags/extract_data.py for tasks to queue
[2026-03-25T10:55:03.651+0000] {logging_mixin.py:188} INFO - [2026-03-25T10:55:03.646+0000] {dagbag.py:545} INFO - Filling up the DagBag from /opt/airflow/dags/extract_data.py
[2026-03-25T10:55:03.704+0000] {processor.py:842} WARNING - No viable dags retrieved from /opt/airflow/dags/extract_data.py
[2026-03-25T10:55:03.826+0000] {processor.py:183} INFO - Processing /opt/airflow/dags/extract_data.py took 0.255 seconds
[2026-03-25T10:55:34.084+0000] {processor.py:161} INFO - Started process (PID=433) to work on /opt/airflow/dags/extract_data.py
[2026-03-25T10:55:34.088+0000] {processor.py:830} INFO - Processing file /opt/airflow/dags/extract_data.py for tasks to queue
[2026-03-25T10:55:34.093+0000] {logging_mixin.py:188} INFO - [2026-03-25T10:55:34.092+0000] {dagbag.py:545} INFO - Filling up the DagBag from /opt/airflow/dags/extract_data.py
[2026-03-25T10:55:34.132+0000] {processor.py:842} WARNING - No viable dags retrieved from /opt/airflow/dags/extract_data.py
[2026-03-25T10:55:34.163+0000] {processor.py:183} INFO - Processing /opt/airflow/dags/extract_data.py took 0.099 seconds
[2026-03-25T10:56:04.735+0000] {processor.py:161} INFO - Started process (PID=506) to work on /opt/airflow/dags/extract_data.py
[2026-03-25T10:56:04.740+0000] {processor.py:830} INFO - Processing file /opt/airflow/dags/extract_data.py for tasks to queue
[2026-03-25T10:56:04.755+0000] {logging_mixin.py:188} INFO - [2026-03-25T10:56:04.754+0000] {dagbag.py:545} INFO - Filling up the DagBag from /opt/airflow/dags/extract_data.py
[2026-03-25T10:56:04.816+0000] {processor.py:842} WARNING - No viable dags retrieved from /opt/airflow/dags/extract_data.py
[2026-03-25T10:56:04.889+0000] {processor.py:183} INFO - Processing /opt/airflow/dags/extract_data.py took 0.179 seconds
[2026-03-25T10:56:35.163+0000] {processor.py:161} INFO - Started process (PID=587) to work on /opt/airflow/dags/extract_data.py
[2026-03-25T10:56:35.165+0000] {processor.py:830} INFO - Processing file /opt/airflow/dags/extract_data.py for tasks to queue
[2026-03-25T10:56:35.168+0000] {logging_mixin.py:188} INFO - [2026-03-25T10:56:35.168+0000] {dagbag.py:545} INFO - Filling up the DagBag from /opt/airflow/dags/extract_data.py
[2026-03-25T10:56:35.189+0000] {processor.py:842} WARNING - No viable dags retrieved from /opt/airflow/dags/extract_data.py
[2026-03-25T10:56:35.205+0000] {processor.py:183} INFO - Processing /opt/airflow/dags/extract_data.py took 0.050 seconds
[2026-03-25T10:57:05.280+0000] {processor.py:161} INFO - Started process (PID=677) to work on /opt/airflow/dags/extract_data.py
[2026-03-25T10:57:05.281+0000] {processor.py:830} INFO - Processing file /opt/airflow/dags/extract_data.py for tasks to queue
[2026-03-25T10:57:05.283+0000] {logging_mixin.py:188} INFO - [2026-03-25T10:57:05.283+0000] {dagbag.py:545} INFO - Filling up the DagBag from /opt/airflow/dags/extract_data.py
[2026-03-25T10:57:05.310+0000] {processor.py:842} WARNING - No viable dags retrieved from /opt/airflow/dags/extract_data.py
[2026-03-25T10:57:05.325+0000] {processor.py:183} INFO - Processing /opt/airflow/dags/extract_data.py took 0.052 seconds
[2026-03-25T10:57:35.509+0000] {processor.py:161} INFO - Started process (PID=767) to work on /opt/airflow/dags/extract_data.py
[2026-03-25T10:57:35.511+0000] {processor.py:830} INFO - Processing file /opt/airflow/dags/extract_data.py for tasks to queue
[2026-03-25T10:57:35.513+0000] {logging_mixin.py:188} INFO - [2026-03-25T10:57:35.513+0000] {dagbag.py:545} INFO - Filling up the DagBag from /opt/airflow/dags/extract_data.py
[2026-03-25T10:57:35.528+0000] {processor.py:842} WARNING - No viable dags retrieved from /opt/airflow/dags/extract_data.py
[2026-03-25T10:57:35.543+0000] {processor.py:183} INFO - Processing /opt/airflow/dags/extract_data.py took 0.041 seconds
[2026-03-25T10:58:06.283+0000] {processor.py:161} INFO - Started process (PID=857) to work on /opt/airflow/dags/extract_data.py
[2026-03-25T10:58:06.285+0000] {processor.py:830} INFO - Processing file /opt/airflow/dags/extract_data.py for tasks to queue
[2026-03-25T10:58:06.287+0000] {logging_mixin.py:188} INFO - [2026-03-25T10:58:06.287+0000] {dagbag.py:545} INFO - Filling up the DagBag from /opt/airflow/dags/extract_data.py
[2026-03-25T10:58:06.310+0000] {processor.py:842} WARNING - No viable dags retrieved from /opt/airflow/dags/extract_data.py
[2026-03-25T10:58:06.328+0000] {processor.py:183} INFO - Processing /opt/airflow/dags/extract_data.py took 0.051 seconds
[2026-03-25T10:58:36.442+0000] {processor.py:161} INFO - Started process (PID=947) to work on /opt/airflow/dags/extract_data.py
[2026-03-25T10:58:36.444+0000] {processor.py:830} INFO - Processing file /opt/airflow/dags/extract_data.py for tasks to queue
[2026-03-25T10:58:36.446+0000] {logging_mixin.py:188} INFO - [2026-03-25T10:58:36.446+0000] {dagbag.py:545} INFO - Filling up the DagBag from /opt/airflow/dags/extract_data.py
[2026-03-25T10:58:36.473+0000] {processor.py:842} WARNING - No viable dags retrieved from /opt/airflow/dags/extract_data.py
[2026-03-25T10:58:36.492+0000] {processor.py:183} INFO - Processing /opt/airflow/dags/extract_data.py took 0.057 seconds
[2026-03-25T10:59:07.495+0000] {processor.py:161} INFO - Started process (PID=1037) to work on /opt/airflow/dags/extract_data.py
[2026-03-25T10:59:07.497+0000] {processor.py:830} INFO - Processing file /opt/airflow/dags/extract_data.py for tasks to queue
[2026-03-25T10:59:07.513+0000] {logging_mixin.py:188} INFO - [2026-03-25T10:59:07.513+0000] {dagbag.py:545} INFO - Filling up the DagBag from /opt/airflow/dags/extract_data.py
[2026-03-25T10:59:07.575+0000] {processor.py:842} WARNING - No viable dags retrieved from /opt/airflow/dags/extract_data.py
[2026-03-25T10:59:07.604+0000] {processor.py:183} INFO - Processing /opt/airflow/dags/extract_data.py took 0.159 seconds
[2026-03-25T10:59:38.534+0000] {processor.py:161} INFO - Started process (PID=1123) to work on /opt/airflow/dags/extract_data.py
[2026-03-25T10:59:38.542+0000] {processor.py:830} INFO - Processing file /opt/airflow/dags/extract_data.py for tasks to queue
[2026-03-25T10:59:38.548+0000] {logging_mixin.py:188} INFO - [2026-03-25T10:59:38.547+0000] {dagbag.py:545} INFO - Filling up the DagBag from /opt/airflow/dags/extract_data.py
[2026-03-25T10:59:38.602+0000] {processor.py:842} WARNING - No viable dags retrieved from /opt/airflow/dags/extract_data.py
[2026-03-25T10:59:38.653+0000] {processor.py:183} INFO - Processing /opt/airflow/dags/extract_data.py took 0.139 seconds
[2026-03-25T11:00:09.257+0000] {processor.py:161} INFO - Started process (PID=1192) to work on /opt/airflow/dags/extract_data.py
[2026-03-25T11:00:09.261+0000] {processor.py:830} INFO - Processing file /opt/airflow/dags/extract_data.py for tasks to queue
[2026-03-25T11:00:09.274+0000] {logging_mixin.py:188} INFO - [2026-03-25T11:00:09.269+0000] {dagbag.py:545} INFO - Filling up the DagBag from /opt/airflow/dags/extract_data.py
[2026-03-25T11:00:09.365+0000] {processor.py:842} WARNING - No viable dags retrieved from /opt/airflow/dags/extract_data.py
[2026-03-25T11:00:09.412+0000] {processor.py:183} INFO - Processing /opt/airflow/dags/extract_data.py took 0.197 seconds
[2026-03-25T11:00:39.921+0000] {processor.py:161} INFO - Started process (PID=1275) to work on /opt/airflow/dags/extract_data.py
[2026-03-25T11:00:39.924+0000] {processor.py:830} INFO - Processing file /opt/airflow/dags/extract_data.py for tasks to queue
[2026-03-25T11:00:39.927+0000] {logging_mixin.py:188} INFO - [2026-03-25T11:00:39.926+0000] {dagbag.py:545} INFO - Filling up the DagBag from /opt/airflow/dags/extract_data.py
[2026-03-25T11:00:39.958+0000] {processor.py:842} WARNING - No viable dags retrieved from /opt/airflow/dags/extract_data.py
[2026-03-25T11:00:39.979+0000] {processor.py:183} INFO - Processing /opt/airflow/dags/extract_data.py took 0.065 seconds
[2026-03-25T11:01:10.741+0000] {processor.py:161} INFO - Started process (PID=1365) to work on /opt/airflow/dags/extract_data.py
[2026-03-25T11:01:10.742+0000] {processor.py:830} INFO - Processing file /opt/airflow/dags/extract_data.py for tasks to queue
[2026-03-25T11:01:10.746+0000] {logging_mixin.py:188} INFO - [2026-03-25T11:01:10.745+0000] {dagbag.py:545} INFO - Filling up the DagBag from /opt/airflow/dags/extract_data.py
[2026-03-25T11:01:10.771+0000] {processor.py:842} WARNING - No viable dags retrieved from /opt/airflow/dags/extract_data.py
[2026-03-25T11:01:10.791+0000] {processor.py:183} INFO - Processing /opt/airflow/dags/extract_data.py took 0.060 seconds
[2026-03-25T11:01:41.682+0000] {processor.py:161} INFO - Started process (PID=1447) to work on /opt/airflow/dags/extract_data.py
[2026-03-25T11:01:41.685+0000] {processor.py:830} INFO - Processing file /opt/airflow/dags/extract_data.py for tasks to queue
[2026-03-25T11:01:41.690+0000] {logging_mixin.py:188} INFO - [2026-03-25T11:01:41.689+0000] {dagbag.py:545} INFO - Filling up the DagBag from /opt/airflow/dags/extract_data.py
[2026-03-25T11:01:41.728+0000] {processor.py:842} WARNING - No viable dags retrieved from /opt/airflow/dags/extract_data.py
[2026-03-25T11:01:41.751+0000] {processor.py:183} INFO - Processing /opt/airflow/dags/extract_data.py took 0.084 seconds
[2026-03-25T11:02:11.900+0000] {processor.py:161} INFO - Started process (PID=1533) to work on /opt/airflow/dags/extract_data.py
[2026-03-25T11:02:11.902+0000] {processor.py:830} INFO - Processing file /opt/airflow/dags/extract_data.py for tasks to queue
[2026-03-25T11:02:11.905+0000] {logging_mixin.py:188} INFO - [2026-03-25T11:02:11.904+0000] {dagbag.py:545} INFO - Filling up the DagBag from /opt/airflow/dags/extract_data.py
[2026-03-25T11:02:11.925+0000] {processor.py:842} WARNING - No viable dags retrieved from /opt/airflow/dags/extract_data.py
[2026-03-25T11:02:11.951+0000] {processor.py:183} INFO - Processing /opt/airflow/dags/extract_data.py took 0.062 seconds
[2026-03-25T11:02:42.730+0000] {processor.py:161} INFO - Started process (PID=1621) to work on /opt/airflow/dags/extract_data.py
[2026-03-25T11:02:42.732+0000] {processor.py:830} INFO - Processing file /opt/airflow/dags/extract_data.py for tasks to queue
[2026-03-25T11:02:42.734+0000] {logging_mixin.py:188} INFO - [2026-03-25T11:02:42.734+0000] {dagbag.py:545} INFO - Filling up the DagBag from /opt/airflow/dags/extract_data.py
[2026-03-25T11:02:42.768+0000] {processor.py:842} WARNING - No viable dags retrieved from /opt/airflow/dags/extract_data.py
[2026-03-25T11:02:42.800+0000] {processor.py:183} INFO - Processing /opt/airflow/dags/extract_data.py took 0.080 seconds
[2026-03-25T11:03:13.634+0000] {processor.py:161} INFO - Started process (PID=1700) to work on /opt/airflow/dags/extract_data.py
[2026-03-25T11:03:13.636+0000] {processor.py:830} INFO - Processing file /opt/airflow/dags/extract_data.py for tasks to queue
[2026-03-25T11:03:13.640+0000] {logging_mixin.py:188} INFO - [2026-03-25T11:03:13.639+0000] {dagbag.py:545} INFO - Filling up the DagBag from /opt/airflow/dags/extract_data.py
[2026-03-25T11:03:13.666+0000] {processor.py:842} WARNING - No viable dags retrieved from /opt/airflow/dags/extract_data.py
[2026-03-25T11:03:13.689+0000] {processor.py:183} INFO - Processing /opt/airflow/dags/extract_data.py took 0.065 seconds
[2026-03-25T11:03:43.853+0000] {processor.py:161} INFO - Started process (PID=1745) to work on /opt/airflow/dags/extract_data.py
[2026-03-25T11:03:43.854+0000] {processor.py:830} INFO - Processing file /opt/airflow/dags/extract_data.py for tasks to queue
[2026-03-25T11:03:43.857+0000] {logging_mixin.py:188} INFO - [2026-03-25T11:03:43.856+0000] {dagbag.py:545} INFO - Filling up the DagBag from /opt/airflow/dags/extract_data.py
[2026-03-25T11:03:43.881+0000] {processor.py:842} WARNING - No viable dags retrieved from /opt/airflow/dags/extract_data.py
[2026-03-25T11:03:43.895+0000] {processor.py:183} INFO - Processing /opt/airflow/dags/extract_data.py took 0.051 seconds
[2026-03-25T11:04:14.768+0000] {processor.py:161} INFO - Started process (PID=1771) to work on /opt/airflow/dags/extract_data.py
[2026-03-25T11:04:14.769+0000] {processor.py:830} INFO - Processing file /opt/airflow/dags/extract_data.py for tasks to queue
[2026-03-25T11:04:14.772+0000] {logging_mixin.py:188} INFO - [2026-03-25T11:04:14.772+0000] {dagbag.py:545} INFO - Filling up the DagBag from /opt/airflow/dags/extract_data.py
[2026-03-25T11:04:14.803+0000] {processor.py:842} WARNING - No viable dags retrieved from /opt/airflow/dags/extract_data.py
[2026-03-25T11:04:14.819+0000] {processor.py:183} INFO - Processing /opt/airflow/dags/extract_data.py took 0.057 seconds
[2026-03-25T11:04:45.520+0000] {processor.py:161} INFO - Started process (PID=1798) to work on /opt/airflow/dags/extract_data.py
[2026-03-25T11:04:45.521+0000] {processor.py:830} INFO - Processing file /opt/airflow/dags/extract_data.py for tasks to queue
[2026-03-25T11:04:45.523+0000] {logging_mixin.py:188} INFO - [2026-03-25T11:04:45.523+0000] {dagbag.py:545} INFO - Filling up the DagBag from /opt/airflow/dags/extract_data.py
[2026-03-25T11:04:45.539+0000] {processor.py:842} WARNING - No viable dags retrieved from /opt/airflow/dags/extract_data.py
[2026-03-25T11:04:45.556+0000] {processor.py:183} INFO - Processing /opt/airflow/dags/extract_data.py took 0.043 seconds
[2026-03-25T11:05:16.215+0000] {processor.py:161} INFO - Started process (PID=1824) to work on /opt/airflow/dags/extract_data.py
[2026-03-25T11:05:16.217+0000] {processor.py:830} INFO - Processing file /opt/airflow/dags/extract_data.py for tasks to queue
[2026-03-25T11:05:16.219+0000] {logging_mixin.py:188} INFO - [2026-03-25T11:05:16.219+0000] {dagbag.py:545} INFO - Filling up the DagBag from /opt/airflow/dags/extract_data.py
[2026-03-25T11:05:16.236+0000] {processor.py:842} WARNING - No viable dags retrieved from /opt/airflow/dags/extract_data.py
[2026-03-25T11:05:16.254+0000] {processor.py:183} INFO - Processing /opt/airflow/dags/extract_data.py took 0.046 seconds
[2026-03-25T11:12:39.872+0000] {processor.py:161} INFO - Started process (PID=183) to work on /opt/airflow/dags/extract_data.py
[2026-03-25T11:12:39.874+0000] {processor.py:830} INFO - Processing file /opt/airflow/dags/extract_data.py for tasks to queue
[2026-03-25T11:12:39.877+0000] {logging_mixin.py:188} INFO - [2026-03-25T11:12:39.876+0000] {dagbag.py:545} INFO - Filling up the DagBag from /opt/airflow/dags/extract_data.py
[2026-03-25T11:12:39.910+0000] {processor.py:842} WARNING - No viable dags retrieved from /opt/airflow/dags/extract_data.py
[2026-03-25T11:12:39.931+0000] {processor.py:183} INFO - Processing /opt/airflow/dags/extract_data.py took 0.066 seconds
[2026-03-25T11:13:10.077+0000] {processor.py:161} INFO - Started process (PID=206) to work on /opt/airflow/dags/extract_data.py
[2026-03-25T11:13:10.078+0000] {processor.py:830} INFO - Processing file /opt/airflow/dags/extract_data.py for tasks to queue
[2026-03-25T11:13:10.083+0000] {logging_mixin.py:188} INFO - [2026-03-25T11:13:10.082+0000] {dagbag.py:545} INFO - Filling up the DagBag from /opt/airflow/dags/extract_data.py
[2026-03-25T11:13:10.110+0000] {processor.py:842} WARNING - No viable dags retrieved from /opt/airflow/dags/extract_data.py
[2026-03-25T11:13:10.131+0000] {processor.py:183} INFO - Processing /opt/airflow/dags/extract_data.py took 0.066 seconds
[2026-03-25T11:13:40.234+0000] {processor.py:161} INFO - Started process (PID=232) to work on /opt/airflow/dags/extract_data.py
[2026-03-25T11:13:40.236+0000] {processor.py:830} INFO - Processing file /opt/airflow/dags/extract_data.py for tasks to queue
[2026-03-25T11:13:40.242+0000] {logging_mixin.py:188} INFO - [2026-03-25T11:13:40.241+0000] {dagbag.py:545} INFO - Filling up the DagBag from /opt/airflow/dags/extract_data.py
[2026-03-25T11:13:40.267+0000] {processor.py:842} WARNING - No viable dags retrieved from /opt/airflow/dags/extract_data.py
[2026-03-25T11:13:40.285+0000] {processor.py:183} INFO - Processing /opt/airflow/dags/extract_data.py took 0.064 seconds
[2026-03-25T11:14:10.995+0000] {processor.py:161} INFO - Started process (PID=258) to work on /opt/airflow/dags/extract_data.py
[2026-03-25T11:14:10.997+0000] {processor.py:830} INFO - Processing file /opt/airflow/dags/extract_data.py for tasks to queue
[2026-03-25T11:14:10.999+0000] {logging_mixin.py:188} INFO - [2026-03-25T11:14:10.999+0000] {dagbag.py:545} INFO - Filling up the DagBag from /opt/airflow/dags/extract_data.py
[2026-03-25T11:14:11.019+0000] {processor.py:842} WARNING - No viable dags retrieved from /opt/airflow/dags/extract_data.py
[2026-03-25T11:14:11.036+0000] {processor.py:183} INFO - Processing /opt/airflow/dags/extract_data.py took 0.046 seconds
[2026-03-25T11:14:41.370+0000] {processor.py:161} INFO - Started process (PID=331) to work on /opt/airflow/dags/extract_data.py
[2026-03-25T11:14:41.375+0000] {processor.py:830} INFO - Processing file /opt/airflow/dags/extract_data.py for tasks to queue
[2026-03-25T11:14:41.382+0000] {logging_mixin.py:188} INFO - [2026-03-25T11:14:41.380+0000] {dagbag.py:545} INFO - Filling up the DagBag from /opt/airflow/dags/extract_data.py
[2026-03-25T11:14:41.446+0000] {processor.py:842} WARNING - No viable dags retrieved from /opt/airflow/dags/extract_data.py
[2026-03-25T11:14:41.486+0000] {processor.py:183} INFO - Processing /opt/airflow/dags/extract_data.py took 0.138 seconds
[2026-03-25T11:15:11.657+0000] {processor.py:161} INFO - Started process (PID=407) to work on /opt/airflow/dags/extract_data.py
[2026-03-25T11:15:11.659+0000] {processor.py:830} INFO - Processing file /opt/airflow/dags/extract_data.py for tasks to queue
[2026-03-25T11:15:11.662+0000] {logging_mixin.py:188} INFO - [2026-03-25T11:15:11.662+0000] {dagbag.py:545} INFO - Filling up the DagBag from /opt/airflow/dags/extract_data.py
[2026-03-25T11:15:11.691+0000] {processor.py:842} WARNING - No viable dags retrieved from /opt/airflow/dags/extract_data.py
[2026-03-25T11:15:11.707+0000] {processor.py:183} INFO - Processing /opt/airflow/dags/extract_data.py took 0.057 seconds
[2026-03-25T11:15:42.064+0000] {processor.py:161} INFO - Started process (PID=503) to work on /opt/airflow/dags/extract_data.py
[2026-03-25T11:15:42.065+0000] {processor.py:830} INFO - Processing file /opt/airflow/dags/extract_data.py for tasks to queue
[2026-03-25T11:15:42.068+0000] {logging_mixin.py:188} INFO - [2026-03-25T11:15:42.068+0000] {dagbag.py:545} INFO - Filling up the DagBag from /opt/airflow/dags/extract_data.py
[2026-03-25T11:15:42.085+0000] {processor.py:842} WARNING - No viable dags retrieved from /opt/airflow/dags/extract_data.py
[2026-03-25T11:15:42.099+0000] {processor.py:183} INFO - Processing /opt/airflow/dags/extract_data.py took 0.045 seconds
[2026-03-25T11:16:13.137+0000] {processor.py:161} INFO - Started process (PID=609) to work on /opt/airflow/dags/extract_data.py
[2026-03-25T11:16:13.139+0000] {processor.py:830} INFO - Processing file /opt/airflow/dags/extract_data.py for tasks to queue
[2026-03-25T11:16:13.149+0000] {logging_mixin.py:188} INFO - [2026-03-25T11:16:13.148+0000] {dagbag.py:545} INFO - Filling up the DagBag from /opt/airflow/dags/extract_data.py
[2026-03-25T11:16:13.220+0000] {processor.py:842} WARNING - No viable dags retrieved from /opt/airflow/dags/extract_data.py
[2026-03-25T11:16:13.275+0000] {processor.py:183} INFO - Processing /opt/airflow/dags/extract_data.py took 0.156 seconds
[2026-03-25T11:16:43.455+0000] {processor.py:161} INFO - Started process (PID=696) to work on /opt/airflow/dags/extract_data.py
[2026-03-25T11:16:43.457+0000] {processor.py:830} INFO - Processing file /opt/airflow/dags/extract_data.py for tasks to queue
[2026-03-25T11:16:43.468+0000] {logging_mixin.py:188} INFO - [2026-03-25T11:16:43.467+0000] {dagbag.py:545} INFO - Filling up the DagBag from /opt/airflow/dags/extract_data.py
[2026-03-25T11:16:43.520+0000] {processor.py:842} WARNING - No viable dags retrieved from /opt/airflow/dags/extract_data.py
[2026-03-25T11:16:43.556+0000] {processor.py:183} INFO - Processing /opt/airflow/dags/extract_data.py took 0.120 seconds
[2026-03-25T11:17:13.762+0000] {processor.py:161} INFO - Started process (PID=774) to work on /opt/airflow/dags/extract_data.py
[2026-03-25T11:17:13.764+0000] {processor.py:830} INFO - Processing file /opt/airflow/dags/extract_data.py for tasks to queue
[2026-03-25T11:17:13.766+0000] {logging_mixin.py:188} INFO - [2026-03-25T11:17:13.766+0000] {dagbag.py:545} INFO - Filling up the DagBag from /opt/airflow/dags/extract_data.py
[2026-03-25T11:17:13.794+0000] {processor.py:842} WARNING - No viable dags retrieved from /opt/airflow/dags/extract_data.py
[2026-03-25T11:17:13.817+0000] {processor.py:183} INFO - Processing /opt/airflow/dags/extract_data.py took 0.063 seconds
[2026-03-25T11:17:44.082+0000] {processor.py:161} INFO - Started process (PID=865) to work on /opt/airflow/dags/extract_data.py
[2026-03-25T11:17:44.084+0000] {processor.py:830} INFO - Processing file /opt/airflow/dags/extract_data.py for tasks to queue
[2026-03-25T11:17:44.087+0000] {logging_mixin.py:188} INFO - [2026-03-25T11:17:44.086+0000] {dagbag.py:545} INFO - Filling up the DagBag from /opt/airflow/dags/extract_data.py
[2026-03-25T11:17:44.109+0000] {processor.py:842} WARNING - No viable dags retrieved from /opt/airflow/dags/extract_data.py
[2026-03-25T11:17:44.125+0000] {processor.py:183} INFO - Processing /opt/airflow/dags/extract_data.py took 0.048 seconds
[2026-03-25T11:18:14.292+0000] {processor.py:161} INFO - Started process (PID=955) to work on /opt/airflow/dags/extract_data.py
[2026-03-25T11:18:14.293+0000] {processor.py:830} INFO - Processing file /opt/airflow/dags/extract_data.py for tasks to queue
[2026-03-25T11:18:14.296+0000] {logging_mixin.py:188} INFO - [2026-03-25T11:18:14.295+0000] {dagbag.py:545} INFO - Filling up the DagBag from /opt/airflow/dags/extract_data.py
[2026-03-25T11:18:14.320+0000] {processor.py:842} WARNING - No viable dags retrieved from /opt/airflow/dags/extract_data.py
[2026-03-25T11:18:14.377+0000] {processor.py:183} INFO - Processing /opt/airflow/dags/extract_data.py took 0.096 seconds
[2026-03-25T11:18:44.545+0000] {processor.py:161} INFO - Started process (PID=1045) to work on /opt/airflow/dags/extract_data.py
[2026-03-25T11:18:44.547+0000] {processor.py:830} INFO - Processing file /opt/airflow/dags/extract_data.py for tasks to queue
[2026-03-25T11:18:44.549+0000] {logging_mixin.py:188} INFO - [2026-03-25T11:18:44.549+0000] {dagbag.py:545} INFO - Filling up the DagBag from /opt/airflow/dags/extract_data.py
[2026-03-25T11:18:44.580+0000] {processor.py:842} WARNING - No viable dags retrieved from /opt/airflow/dags/extract_data.py
[2026-03-25T11:18:44.596+0000] {processor.py:183} INFO - Processing /opt/airflow/dags/extract_data.py took 0.058 seconds
[2026-03-25T11:19:15.275+0000] {processor.py:161} INFO - Started process (PID=1135) to work on /opt/airflow/dags/extract_data.py
[2026-03-25T11:19:15.277+0000] {processor.py:830} INFO - Processing file /opt/airflow/dags/extract_data.py for tasks to queue
[2026-03-25T11:19:15.281+0000] {logging_mixin.py:188} INFO - [2026-03-25T11:19:15.280+0000] {dagbag.py:545} INFO - Filling up the DagBag from /opt/airflow/dags/extract_data.py
[2026-03-25T11:19:15.322+0000] {processor.py:842} WARNING - No viable dags retrieved from /opt/airflow/dags/extract_data.py
[2026-03-25T11:19:15.346+0000] {processor.py:183} INFO - Processing /opt/airflow/dags/extract_data.py took 0.080 seconds
[2026-03-25T11:19:46.389+0000] {processor.py:161} INFO - Started process (PID=1225) to work on /opt/airflow/dags/extract_data.py
[2026-03-25T11:19:46.390+0000] {processor.py:830} INFO - Processing file /opt/airflow/dags/extract_data.py for tasks to queue
[2026-03-25T11:19:46.394+0000] {logging_mixin.py:188} INFO - [2026-03-25T11:19:46.393+0000] {dagbag.py:545} INFO - Filling up the DagBag from /opt/airflow/dags/extract_data.py
[2026-03-25T11:19:46.418+0000] {processor.py:842} WARNING - No viable dags retrieved from /opt/airflow/dags/extract_data.py
[2026-03-25T11:19:46.434+0000] {processor.py:183} INFO - Processing /opt/airflow/dags/extract_data.py took 0.053 seconds
[2026-03-25T11:20:16.597+0000] {processor.py:161} INFO - Started process (PID=1315) to work on /opt/airflow/dags/extract_data.py
[2026-03-25T11:20:16.599+0000] {processor.py:830} INFO - Processing file /opt/airflow/dags/extract_data.py for tasks to queue
[2026-03-25T11:20:16.602+0000] {logging_mixin.py:188} INFO - [2026-03-25T11:20:16.601+0000] {dagbag.py:545} INFO - Filling up the DagBag from /opt/airflow/dags/extract_data.py
[2026-03-25T11:20:16.630+0000] {processor.py:842} WARNING - No viable dags retrieved from /opt/airflow/dags/extract_data.py
[2026-03-25T11:20:16.648+0000] {processor.py:183} INFO - Processing /opt/airflow/dags/extract_data.py took 0.058 seconds
[2026-03-25T11:20:47.317+0000] {processor.py:161} INFO - Started process (PID=1405) to work on /opt/airflow/dags/extract_data.py
[2026-03-25T11:20:47.319+0000] {processor.py:830} INFO - Processing file /opt/airflow/dags/extract_data.py for tasks to queue
[2026-03-25T11:20:47.321+0000] {logging_mixin.py:188} INFO - [2026-03-25T11:20:47.321+0000] {dagbag.py:545} INFO - Filling up the DagBag from /opt/airflow/dags/extract_data.py
[2026-03-25T11:20:47.349+0000] {processor.py:842} WARNING - No viable dags retrieved from /opt/airflow/dags/extract_data.py
[2026-03-25T11:20:47.366+0000] {processor.py:183} INFO - Processing /opt/airflow/dags/extract_data.py took 0.057 seconds
[2026-03-25T11:21:18.078+0000] {processor.py:161} INFO - Started process (PID=1495) to work on /opt/airflow/dags/extract_data.py
[2026-03-25T11:21:18.079+0000] {processor.py:830} INFO - Processing file /opt/airflow/dags/extract_data.py for tasks to queue
[2026-03-25T11:21:18.081+0000] {logging_mixin.py:188} INFO - [2026-03-25T11:21:18.081+0000] {dagbag.py:545} INFO - Filling up the DagBag from /opt/airflow/dags/extract_data.py
[2026-03-25T11:21:18.105+0000] {processor.py:842} WARNING - No viable dags retrieved from /opt/airflow/dags/extract_data.py
[2026-03-25T11:21:18.125+0000] {processor.py:183} INFO - Processing /opt/airflow/dags/extract_data.py took 0.054 seconds
[2026-03-25T11:21:48.411+0000] {processor.py:161} INFO - Started process (PID=1585) to work on /opt/airflow/dags/extract_data.py
[2026-03-25T11:21:48.413+0000] {processor.py:830} INFO - Processing file /opt/airflow/dags/extract_data.py for tasks to queue
[2026-03-25T11:21:48.416+0000] {logging_mixin.py:188} INFO - [2026-03-25T11:21:48.416+0000] {dagbag.py:545} INFO - Filling up the DagBag from /opt/airflow/dags/extract_data.py
[2026-03-25T11:21:48.437+0000] {processor.py:842} WARNING - No viable dags retrieved from /opt/airflow/dags/extract_data.py
[2026-03-25T11:21:48.453+0000] {processor.py:183} INFO - Processing /opt/airflow/dags/extract_data.py took 0.052 seconds
[2026-03-25T11:22:19.220+0000] {processor.py:161} INFO - Started process (PID=1675) to work on /opt/airflow/dags/extract_data.py
[2026-03-25T11:22:19.221+0000] {processor.py:830} INFO - Processing file /opt/airflow/dags/extract_data.py for tasks to queue
[2026-03-25T11:22:19.224+0000] {logging_mixin.py:188} INFO - [2026-03-25T11:22:19.224+0000] {dagbag.py:545} INFO - Filling up the DagBag from /opt/airflow/dags/extract_data.py
[2026-03-25T11:22:19.246+0000] {processor.py:842} WARNING - No viable dags retrieved from /opt/airflow/dags/extract_data.py
[2026-03-25T11:22:19.268+0000] {processor.py:183} INFO - Processing /opt/airflow/dags/extract_data.py took 0.057 seconds
[2026-03-25T11:22:49.641+0000] {processor.py:161} INFO - Started process (PID=1743) to work on /opt/airflow/dags/extract_data.py
[2026-03-25T11:22:49.642+0000] {processor.py:830} INFO - Processing file /opt/airflow/dags/extract_data.py for tasks to queue
[2026-03-25T11:22:49.644+0000] {logging_mixin.py:188} INFO - [2026-03-25T11:22:49.644+0000] {dagbag.py:545} INFO - Filling up the DagBag from /opt/airflow/dags/extract_data.py
[2026-03-25T11:22:49.659+0000] {processor.py:842} WARNING - No viable dags retrieved from /opt/airflow/dags/extract_data.py
[2026-03-25T11:22:49.679+0000] {processor.py:183} INFO - Processing /opt/airflow/dags/extract_data.py took 0.044 seconds
[2026-03-25T11:23:20.455+0000] {processor.py:161} INFO - Started process (PID=1770) to work on /opt/airflow/dags/extract_data.py
[2026-03-25T11:23:20.458+0000] {processor.py:830} INFO - Processing file /opt/airflow/dags/extract_data.py for tasks to queue
[2026-03-25T11:23:20.469+0000] {logging_mixin.py:188} INFO - [2026-03-25T11:23:20.468+0000] {dagbag.py:545} INFO - Filling up the DagBag from /opt/airflow/dags/extract_data.py
[2026-03-25T11:23:20.496+0000] {processor.py:842} WARNING - No viable dags retrieved from /opt/airflow/dags/extract_data.py
[2026-03-25T11:23:20.520+0000] {processor.py:183} INFO - Processing /opt/airflow/dags/extract_data.py took 0.079 seconds
[2026-03-25T11:23:51.465+0000] {processor.py:161} INFO - Started process (PID=1796) to work on /opt/airflow/dags/extract_data.py
[2026-03-25T11:23:51.467+0000] {processor.py:830} INFO - Processing file /opt/airflow/dags/extract_data.py for tasks to queue
[2026-03-25T11:23:51.472+0000] {logging_mixin.py:188} INFO - [2026-03-25T11:23:51.471+0000] {dagbag.py:545} INFO - Filling up the DagBag from /opt/airflow/dags/extract_data.py
[2026-03-25T11:23:51.507+0000] {processor.py:842} WARNING - No viable dags retrieved from /opt/airflow/dags/extract_data.py
[2026-03-25T11:23:51.538+0000] {processor.py:183} INFO - Processing /opt/airflow/dags/extract_data.py took 0.085 seconds
[2026-03-25T11:24:22.329+0000] {processor.py:161} INFO - Started process (PID=1822) to work on /opt/airflow/dags/extract_data.py
[2026-03-25T11:24:22.331+0000] {processor.py:830} INFO - Processing file /opt/airflow/dags/extract_data.py for tasks to queue
[2026-03-25T11:24:22.335+0000] {logging_mixin.py:188} INFO - [2026-03-25T11:24:22.335+0000] {dagbag.py:545} INFO - Filling up the DagBag from /opt/airflow/dags/extract_data.py
[2026-03-25T11:24:22.374+0000] {processor.py:842} WARNING - No viable dags retrieved from /opt/airflow/dags/extract_data.py
[2026-03-25T11:24:22.395+0000] {processor.py:183} INFO - Processing /opt/airflow/dags/extract_data.py took 0.073 seconds
[2026-03-25T11:24:53.121+0000] {processor.py:161} INFO - Started process (PID=1848) to work on /opt/airflow/dags/extract_data.py
[2026-03-25T11:24:53.123+0000] {processor.py:830} INFO - Processing file /opt/airflow/dags/extract_data.py for tasks to queue
[2026-03-25T11:24:53.125+0000] {logging_mixin.py:188} INFO - [2026-03-25T11:24:53.125+0000] {dagbag.py:545} INFO - Filling up the DagBag from /opt/airflow/dags/extract_data.py
[2026-03-25T11:24:53.161+0000] {processor.py:842} WARNING - No viable dags retrieved from /opt/airflow/dags/extract_data.py
[2026-03-25T11:24:53.180+0000] {processor.py:183} INFO - Processing /opt/airflow/dags/extract_data.py took 0.067 seconds
[2026-03-25T11:25:23.921+0000] {processor.py:161} INFO - Started process (PID=1874) to work on /opt/airflow/dags/extract_data.py
[2026-03-25T11:25:23.924+0000] {processor.py:830} INFO - Processing file /opt/airflow/dags/extract_data.py for tasks to queue
[2026-03-25T11:25:23.928+0000] {logging_mixin.py:188} INFO - [2026-03-25T11:25:23.927+0000] {dagbag.py:545} INFO - Filling up the DagBag from /opt/airflow/dags/extract_data.py
[2026-03-25T11:25:23.962+0000] {processor.py:842} WARNING - No viable dags retrieved from /opt/airflow/dags/extract_data.py
[2026-03-25T11:25:23.982+0000] {processor.py:183} INFO - Processing /opt/airflow/dags/extract_data.py took 0.068 seconds
[2026-03-25T11:29:56.855+0000] {processor.py:161} INFO - Started process (PID=188) to work on /opt/airflow/dags/extract_data.py
[2026-03-25T11:29:56.865+0000] {processor.py:830} INFO - Processing file /opt/airflow/dags/extract_data.py for tasks to queue
[2026-03-25T11:29:56.883+0000] {logging_mixin.py:188} INFO - [2026-03-25T11:29:56.882+0000] {dagbag.py:545} INFO - Filling up the DagBag from /opt/airflow/dags/extract_data.py
[2026-03-25T11:29:56.960+0000] {processor.py:842} WARNING - No viable dags retrieved from /opt/airflow/dags/extract_data.py
[2026-03-25T11:29:57.009+0000] {processor.py:183} INFO - Processing /opt/airflow/dags/extract_data.py took 0.181 seconds
[2026-03-25T11:30:27.636+0000] {processor.py:161} INFO - Started process (PID=224) to work on /opt/airflow/dags/extract_data.py
[2026-03-25T11:30:27.638+0000] {processor.py:830} INFO - Processing file /opt/airflow/dags/extract_data.py for tasks to queue
[2026-03-25T11:30:27.641+0000] {logging_mixin.py:188} INFO - [2026-03-25T11:30:27.640+0000] {dagbag.py:545} INFO - Filling up the DagBag from /opt/airflow/dags/extract_data.py
[2026-03-25T11:30:27.682+0000] {processor.py:842} WARNING - No viable dags retrieved from /opt/airflow/dags/extract_data.py
[2026-03-25T11:30:27.701+0000] {processor.py:183} INFO - Processing /opt/airflow/dags/extract_data.py took 0.073 seconds
[2026-03-25T11:30:58.478+0000] {processor.py:161} INFO - Started process (PID=251) to work on /opt/airflow/dags/extract_data.py
[2026-03-25T11:30:58.479+0000] {processor.py:830} INFO - Processing file /opt/airflow/dags/extract_data.py for tasks to queue
[2026-03-25T11:30:58.481+0000] {logging_mixin.py:188} INFO - [2026-03-25T11:30:58.481+0000] {dagbag.py:545} INFO - Filling up the DagBag from /opt/airflow/dags/extract_data.py
[2026-03-25T11:30:58.501+0000] {processor.py:842} WARNING - No viable dags retrieved from /opt/airflow/dags/extract_data.py
[2026-03-25T11:30:58.516+0000] {processor.py:183} INFO - Processing /opt/airflow/dags/extract_data.py took 0.044 seconds
[2026-03-25T11:31:29.248+0000] {processor.py:161} INFO - Started process (PID=278) to work on /opt/airflow/dags/extract_data.py
[2026-03-25T11:31:29.250+0000] {processor.py:830} INFO - Processing file /opt/airflow/dags/extract_data.py for tasks to queue
[2026-03-25T11:31:29.251+0000] {logging_mixin.py:188} INFO - [2026-03-25T11:31:29.251+0000] {dagbag.py:545} INFO - Filling up the DagBag from /opt/airflow/dags/extract_data.py
[2026-03-25T11:31:29.266+0000] {processor.py:842} WARNING - No viable dags retrieved from /opt/airflow/dags/extract_data.py
[2026-03-25T11:31:29.281+0000] {processor.py:183} INFO - Processing /opt/airflow/dags/extract_data.py took 0.038 seconds
[2026-03-25T11:31:59.966+0000] {processor.py:161} INFO - Started process (PID=305) to work on /opt/airflow/dags/extract_data.py
[2026-03-25T11:31:59.968+0000] {processor.py:830} INFO - Processing file /opt/airflow/dags/extract_data.py for tasks to queue
[2026-03-25T11:31:59.971+0000] {logging_mixin.py:188} INFO - [2026-03-25T11:31:59.971+0000] {dagbag.py:545} INFO - Filling up the DagBag from /opt/airflow/dags/extract_data.py
[2026-03-25T11:32:00.000+0000] {processor.py:842} WARNING - No viable dags retrieved from /opt/airflow/dags/extract_data.py
[2026-03-25T11:32:00.020+0000] {processor.py:183} INFO - Processing /opt/airflow/dags/extract_data.py took 0.060 seconds
[2026-03-25T11:32:30.826+0000] {processor.py:161} INFO - Started process (PID=333) to work on /opt/airflow/dags/extract_data.py
[2026-03-25T11:32:30.827+0000] {processor.py:830} INFO - Processing file /opt/airflow/dags/extract_data.py for tasks to queue
[2026-03-25T11:32:30.829+0000] {logging_mixin.py:188} INFO - [2026-03-25T11:32:30.829+0000] {dagbag.py:545} INFO - Filling up the DagBag from /opt/airflow/dags/extract_data.py
[2026-03-25T11:32:30.851+0000] {processor.py:842} WARNING - No viable dags retrieved from /opt/airflow/dags/extract_data.py
[2026-03-25T11:32:30.864+0000] {processor.py:183} INFO - Processing /opt/airflow/dags/extract_data.py took 0.044 seconds
[2026-03-25T11:33:01.540+0000] {processor.py:161} INFO - Started process (PID=359) to work on /opt/airflow/dags/extract_data.py
[2026-03-25T11:33:01.541+0000] {processor.py:830} INFO - Processing file /opt/airflow/dags/extract_data.py for tasks to queue
[2026-03-25T11:33:01.543+0000] {logging_mixin.py:188} INFO - [2026-03-25T11:33:01.543+0000] {dagbag.py:545} INFO - Filling up the DagBag from /opt/airflow/dags/extract_data.py
[2026-03-25T11:33:01.578+0000] {processor.py:842} WARNING - No viable dags retrieved from /opt/airflow/dags/extract_data.py
[2026-03-25T11:33:01.595+0000] {processor.py:183} INFO - Processing /opt/airflow/dags/extract_data.py took 0.062 seconds
[2026-03-25T11:33:32.371+0000] {processor.py:161} INFO - Started process (PID=385) to work on /opt/airflow/dags/extract_data.py
[2026-03-25T11:33:32.372+0000] {processor.py:830} INFO - Processing file /opt/airflow/dags/extract_data.py for tasks to queue
[2026-03-25T11:33:32.375+0000] {logging_mixin.py:188} INFO - [2026-03-25T11:33:32.375+0000] {dagbag.py:545} INFO - Filling up the DagBag from /opt/airflow/dags/extract_data.py
[2026-03-25T11:33:32.400+0000] {processor.py:842} WARNING - No viable dags retrieved from /opt/airflow/dags/extract_data.py
[2026-03-25T11:33:32.416+0000] {processor.py:183} INFO - Processing /opt/airflow/dags/extract_data.py took 0.053 seconds
[2026-03-25T11:34:03.119+0000] {processor.py:161} INFO - Started process (PID=411) to work on /opt/airflow/dags/extract_data.py
[2026-03-25T11:34:03.120+0000] {processor.py:830} INFO - Processing file /opt/airflow/dags/extract_data.py for tasks to queue
[2026-03-25T11:34:03.123+0000] {logging_mixin.py:188} INFO - [2026-03-25T11:34:03.123+0000] {dagbag.py:545} INFO - Filling up the DagBag from /opt/airflow/dags/extract_data.py
[2026-03-25T11:34:03.146+0000] {processor.py:842} WARNING - No viable dags retrieved from /opt/airflow/dags/extract_data.py
[2026-03-25T11:34:03.157+0000] {processor.py:183} INFO - Processing /opt/airflow/dags/extract_data.py took 0.048 seconds
[2026-03-25T11:34:33.873+0000] {processor.py:161} INFO - Started process (PID=437) to work on /opt/airflow/dags/extract_data.py
[2026-03-25T11:34:33.874+0000] {processor.py:830} INFO - Processing file /opt/airflow/dags/extract_data.py for tasks to queue
[2026-03-25T11:34:33.876+0000] {logging_mixin.py:188} INFO - [2026-03-25T11:34:33.876+0000] {dagbag.py:545} INFO - Filling up the DagBag from /opt/airflow/dags/extract_data.py
[2026-03-25T11:34:33.894+0000] {processor.py:842} WARNING - No viable dags retrieved from /opt/airflow/dags/extract_data.py
[2026-03-25T11:34:33.910+0000] {processor.py:183} INFO - Processing /opt/airflow/dags/extract_data.py took 0.044 seconds
[2026-03-25T11:35:04.851+0000] {processor.py:161} INFO - Started process (PID=463) to work on /opt/airflow/dags/extract_data.py
[2026-03-25T11:35:04.852+0000] {processor.py:830} INFO - Processing file /opt/airflow/dags/extract_data.py for tasks to queue
[2026-03-25T11:35:04.854+0000] {logging_mixin.py:188} INFO - [2026-03-25T11:35:04.854+0000] {dagbag.py:545} INFO - Filling up the DagBag from /opt/airflow/dags/extract_data.py
[2026-03-25T11:35:04.868+0000] {processor.py:842} WARNING - No viable dags retrieved from /opt/airflow/dags/extract_data.py
[2026-03-25T11:35:04.882+0000] {processor.py:183} INFO - Processing /opt/airflow/dags/extract_data.py took 0.037 seconds
[2026-03-25T11:35:35.586+0000] {processor.py:161} INFO - Started process (PID=489) to work on /opt/airflow/dags/extract_data.py
[2026-03-25T11:35:35.587+0000] {processor.py:830} INFO - Processing file /opt/airflow/dags/extract_data.py for tasks to queue
[2026-03-25T11:35:35.590+0000] {logging_mixin.py:188} INFO - [2026-03-25T11:35:35.590+0000] {dagbag.py:545} INFO - Filling up the DagBag from /opt/airflow/dags/extract_data.py
[2026-03-25T11:35:35.611+0000] {processor.py:842} WARNING - No viable dags retrieved from /opt/airflow/dags/extract_data.py
[2026-03-25T11:35:35.626+0000] {processor.py:183} INFO - Processing /opt/airflow/dags/extract_data.py took 0.048 seconds
[2026-03-25T11:36:06.382+0000] {processor.py:161} INFO - Started process (PID=515) to work on /opt/airflow/dags/extract_data.py
[2026-03-25T11:36:06.383+0000] {processor.py:830} INFO - Processing file /opt/airflow/dags/extract_data.py for tasks to queue
[2026-03-25T11:36:06.386+0000] {logging_mixin.py:188} INFO - [2026-03-25T11:36:06.385+0000] {dagbag.py:545} INFO - Filling up the DagBag from /opt/airflow/dags/extract_data.py
[2026-03-25T11:36:06.415+0000] {processor.py:842} WARNING - No viable dags retrieved from /opt/airflow/dags/extract_data.py
[2026-03-25T11:36:06.430+0000] {processor.py:183} INFO - Processing /opt/airflow/dags/extract_data.py took 0.054 seconds
[2026-03-25T11:36:37.206+0000] {processor.py:161} INFO - Started process (PID=541) to work on /opt/airflow/dags/extract_data.py
[2026-03-25T11:36:37.207+0000] {processor.py:830} INFO - Processing file /opt/airflow/dags/extract_data.py for tasks to queue
[2026-03-25T11:36:37.210+0000] {logging_mixin.py:188} INFO - [2026-03-25T11:36:37.209+0000] {dagbag.py:545} INFO - Filling up the DagBag from /opt/airflow/dags/extract_data.py
[2026-03-25T11:36:37.247+0000] {processor.py:842} WARNING - No viable dags retrieved from /opt/airflow/dags/extract_data.py
[2026-03-25T11:36:37.262+0000] {processor.py:183} INFO - Processing /opt/airflow/dags/extract_data.py took 0.061 seconds
[2026-03-25T11:37:07.997+0000] {processor.py:161} INFO - Started process (PID=567) to work on /opt/airflow/dags/extract_data.py
[2026-03-25T11:37:07.998+0000] {processor.py:830} INFO - Processing file /opt/airflow/dags/extract_data.py for tasks to queue
[2026-03-25T11:37:08.001+0000] {logging_mixin.py:188} INFO - [2026-03-25T11:37:08.001+0000] {dagbag.py:545} INFO - Filling up the DagBag from /opt/airflow/dags/extract_data.py
[2026-03-25T11:37:08.022+0000] {processor.py:842} WARNING - No viable dags retrieved from /opt/airflow/dags/extract_data.py
[2026-03-25T11:37:08.035+0000] {processor.py:183} INFO - Processing /opt/airflow/dags/extract_data.py took 0.044 seconds
[2026-03-25T11:38:32.466+0000] {processor.py:161} INFO - Started process (PID=188) to work on /opt/airflow/dags/extract_data.py
[2026-03-25T11:38:32.468+0000] {processor.py:830} INFO - Processing file /opt/airflow/dags/extract_data.py for tasks to queue
[2026-03-25T11:38:32.481+0000] {logging_mixin.py:188} INFO - [2026-03-25T11:38:32.480+0000] {dagbag.py:545} INFO - Filling up the DagBag from /opt/airflow/dags/extract_data.py
[2026-03-25T11:38:32.531+0000] {processor.py:842} WARNING - No viable dags retrieved from /opt/airflow/dags/extract_data.py
[2026-03-25T11:38:32.556+0000] {processor.py:183} INFO - Processing /opt/airflow/dags/extract_data.py took 0.102 seconds
[2026-03-25T11:39:02.969+0000] {processor.py:161} INFO - Started process (PID=211) to work on /opt/airflow/dags/extract_data.py
[2026-03-25T11:39:02.971+0000] {processor.py:830} INFO - Processing file /opt/airflow/dags/extract_data.py for tasks to queue
[2026-03-25T11:39:02.975+0000] {logging_mixin.py:188} INFO - [2026-03-25T11:39:02.974+0000] {dagbag.py:545} INFO - Filling up the DagBag from /opt/airflow/dags/extract_data.py
[2026-03-25T11:39:03.050+0000] {processor.py:842} WARNING - No viable dags retrieved from /opt/airflow/dags/extract_data.py
[2026-03-25T11:39:03.086+0000] {processor.py:183} INFO - Processing /opt/airflow/dags/extract_data.py took 0.134 seconds
[2026-03-25T11:39:33.887+0000] {processor.py:161} INFO - Started process (PID=349) to work on /opt/airflow/dags/extract_data.py
[2026-03-25T11:39:33.889+0000] {processor.py:830} INFO - Processing file /opt/airflow/dags/extract_data.py for tasks to queue
[2026-03-25T11:39:33.892+0000] {logging_mixin.py:188} INFO - [2026-03-25T11:39:33.891+0000] {dagbag.py:545} INFO - Filling up the DagBag from /opt/airflow/dags/extract_data.py
[2026-03-25T11:39:33.916+0000] {processor.py:842} WARNING - No viable dags retrieved from /opt/airflow/dags/extract_data.py
[2026-03-25T11:39:33.939+0000] {processor.py:183} INFO - Processing /opt/airflow/dags/extract_data.py took 0.059 seconds
[2026-03-25T11:40:04.439+0000] {processor.py:161} INFO - Started process (PID=463) to work on /opt/airflow/dags/extract_data.py
[2026-03-25T11:40:04.442+0000] {processor.py:830} INFO - Processing file /opt/airflow/dags/extract_data.py for tasks to queue
[2026-03-25T11:40:04.446+0000] {logging_mixin.py:188} INFO - [2026-03-25T11:40:04.445+0000] {dagbag.py:545} INFO - Filling up the DagBag from /opt/airflow/dags/extract_data.py
[2026-03-25T11:40:04.483+0000] {processor.py:842} WARNING - No viable dags retrieved from /opt/airflow/dags/extract_data.py
[2026-03-25T11:40:04.507+0000] {processor.py:183} INFO - Processing /opt/airflow/dags/extract_data.py took 0.080 seconds
[2026-03-25T11:40:35.188+0000] {processor.py:161} INFO - Started process (PID=553) to work on /opt/airflow/dags/extract_data.py
[2026-03-25T11:40:35.192+0000] {processor.py:830} INFO - Processing file /opt/airflow/dags/extract_data.py for tasks to queue
[2026-03-25T11:40:35.197+0000] {logging_mixin.py:188} INFO - [2026-03-25T11:40:35.196+0000] {dagbag.py:545} INFO - Filling up the DagBag from /opt/airflow/dags/extract_data.py
[2026-03-25T11:40:35.248+0000] {processor.py:842} WARNING - No viable dags retrieved from /opt/airflow/dags/extract_data.py
[2026-03-25T11:40:35.285+0000] {processor.py:183} INFO - Processing /opt/airflow/dags/extract_data.py took 0.118 seconds
[2026-03-25T11:41:06.033+0000] {processor.py:161} INFO - Started process (PID=629) to work on /opt/airflow/dags/extract_data.py
[2026-03-25T11:41:06.034+0000] {processor.py:830} INFO - Processing file /opt/airflow/dags/extract_data.py for tasks to queue
[2026-03-25T11:41:06.037+0000] {logging_mixin.py:188} INFO - [2026-03-25T11:41:06.037+0000] {dagbag.py:545} INFO - Filling up the DagBag from /opt/airflow/dags/extract_data.py
[2026-03-25T11:41:06.074+0000] {processor.py:842} WARNING - No viable dags retrieved from /opt/airflow/dags/extract_data.py
[2026-03-25T11:41:06.093+0000] {processor.py:183} INFO - Processing /opt/airflow/dags/extract_data.py took 0.068 seconds
[2026-03-25T11:41:36.239+0000] {processor.py:161} INFO - Started process (PID=741) to work on /opt/airflow/dags/extract_data.py
[2026-03-25T11:41:36.241+0000] {processor.py:830} INFO - Processing file /opt/airflow/dags/extract_data.py for tasks to queue
[2026-03-25T11:41:36.247+0000] {logging_mixin.py:188} INFO - [2026-03-25T11:41:36.246+0000] {dagbag.py:545} INFO - Filling up the DagBag from /opt/airflow/dags/extract_data.py
[2026-03-25T11:41:36.285+0000] {processor.py:842} WARNING - No viable dags retrieved from /opt/airflow/dags/extract_data.py
[2026-03-25T11:41:36.315+0000] {processor.py:183} INFO - Processing /opt/airflow/dags/extract_data.py took 0.100 seconds
[2026-03-25T11:42:06.562+0000] {processor.py:161} INFO - Started process (PID=873) to work on /opt/airflow/dags/extract_data.py
[2026-03-25T11:42:06.564+0000] {processor.py:830} INFO - Processing file /opt/airflow/dags/extract_data.py for tasks to queue
[2026-03-25T11:42:06.566+0000] {logging_mixin.py:188} INFO - [2026-03-25T11:42:06.565+0000] {dagbag.py:545} INFO - Filling up the DagBag from /opt/airflow/dags/extract_data.py
[2026-03-25T11:42:06.602+0000] {processor.py:842} WARNING - No viable dags retrieved from /opt/airflow/dags/extract_data.py
[2026-03-25T11:42:06.618+0000] {processor.py:183} INFO - Processing /opt/airflow/dags/extract_data.py took 0.063 seconds
[2026-03-25T11:42:37.516+0000] {processor.py:161} INFO - Started process (PID=1029) to work on /opt/airflow/dags/extract_data.py
[2026-03-25T11:42:37.518+0000] {processor.py:830} INFO - Processing file /opt/airflow/dags/extract_data.py for tasks to queue
[2026-03-25T11:42:37.520+0000] {logging_mixin.py:188} INFO - [2026-03-25T11:42:37.520+0000] {dagbag.py:545} INFO - Filling up the DagBag from /opt/airflow/dags/extract_data.py
[2026-03-25T11:42:37.543+0000] {processor.py:842} WARNING - No viable dags retrieved from /opt/airflow/dags/extract_data.py
[2026-03-25T11:42:37.559+0000] {processor.py:183} INFO - Processing /opt/airflow/dags/extract_data.py took 0.049 seconds
[2026-03-25T11:43:08.314+0000] {processor.py:161} INFO - Started process (PID=1161) to work on /opt/airflow/dags/extract_data.py
[2026-03-25T11:43:08.315+0000] {processor.py:830} INFO - Processing file /opt/airflow/dags/extract_data.py for tasks to queue
[2026-03-25T11:43:08.317+0000] {logging_mixin.py:188} INFO - [2026-03-25T11:43:08.317+0000] {dagbag.py:545} INFO - Filling up the DagBag from /opt/airflow/dags/extract_data.py
[2026-03-25T11:43:08.334+0000] {processor.py:842} WARNING - No viable dags retrieved from /opt/airflow/dags/extract_data.py
[2026-03-25T11:43:08.347+0000] {processor.py:183} INFO - Processing /opt/airflow/dags/extract_data.py took 0.040 seconds
[2026-03-25T11:43:38.676+0000] {processor.py:161} INFO - Started process (PID=1299) to work on /opt/airflow/dags/extract_data.py
[2026-03-25T11:43:38.680+0000] {processor.py:830} INFO - Processing file /opt/airflow/dags/extract_data.py for tasks to queue
[2026-03-25T11:43:38.684+0000] {logging_mixin.py:188} INFO - [2026-03-25T11:43:38.683+0000] {dagbag.py:545} INFO - Filling up the DagBag from /opt/airflow/dags/extract_data.py
[2026-03-25T11:43:38.713+0000] {processor.py:842} WARNING - No viable dags retrieved from /opt/airflow/dags/extract_data.py
[2026-03-25T11:43:38.733+0000] {processor.py:183} INFO - Processing /opt/airflow/dags/extract_data.py took 0.066 seconds
[2026-03-25T11:44:09.326+0000] {processor.py:161} INFO - Started process (PID=1391) to work on /opt/airflow/dags/extract_data.py
[2026-03-25T11:44:09.329+0000] {processor.py:830} INFO - Processing file /opt/airflow/dags/extract_data.py for tasks to queue
[2026-03-25T11:44:09.332+0000] {logging_mixin.py:188} INFO - [2026-03-25T11:44:09.331+0000] {dagbag.py:545} INFO - Filling up the DagBag from /opt/airflow/dags/extract_data.py
[2026-03-25T11:44:09.367+0000] {processor.py:842} WARNING - No viable dags retrieved from /opt/airflow/dags/extract_data.py
[2026-03-25T11:44:09.389+0000] {processor.py:183} INFO - Processing /opt/airflow/dags/extract_data.py took 0.072 seconds
[2026-03-25T11:44:39.574+0000] {processor.py:161} INFO - Started process (PID=1537) to work on /opt/airflow/dags/extract_data.py
[2026-03-25T11:44:39.576+0000] {processor.py:830} INFO - Processing file /opt/airflow/dags/extract_data.py for tasks to queue
[2026-03-25T11:44:39.578+0000] {logging_mixin.py:188} INFO - [2026-03-25T11:44:39.577+0000] {dagbag.py:545} INFO - Filling up the DagBag from /opt/airflow/dags/extract_data.py
[2026-03-25T11:44:39.611+0000] {processor.py:842} WARNING - No viable dags retrieved from /opt/airflow/dags/extract_data.py
[2026-03-25T11:44:39.627+0000] {processor.py:183} INFO - Processing /opt/airflow/dags/extract_data.py took 0.059 seconds
[2026-03-25T11:45:10.282+0000] {processor.py:161} INFO - Started process (PID=1563) to work on /opt/airflow/dags/extract_data.py
[2026-03-25T11:45:10.283+0000] {processor.py:830} INFO - Processing file /opt/airflow/dags/extract_data.py for tasks to queue
[2026-03-25T11:45:10.285+0000] {logging_mixin.py:188} INFO - [2026-03-25T11:45:10.285+0000] {dagbag.py:545} INFO - Filling up the DagBag from /opt/airflow/dags/extract_data.py
[2026-03-25T11:45:10.302+0000] {processor.py:842} WARNING - No viable dags retrieved from /opt/airflow/dags/extract_data.py
[2026-03-25T11:45:10.315+0000] {processor.py:183} INFO - Processing /opt/airflow/dags/extract_data.py took 0.040 seconds
[2026-03-25T11:45:40.969+0000] {processor.py:161} INFO - Started process (PID=1589) to work on /opt/airflow/dags/extract_data.py
[2026-03-25T11:45:40.971+0000] {processor.py:830} INFO - Processing file /opt/airflow/dags/extract_data.py for tasks to queue
[2026-03-25T11:45:40.973+0000] {logging_mixin.py:188} INFO - [2026-03-25T11:45:40.973+0000] {dagbag.py:545} INFO - Filling up the DagBag from /opt/airflow/dags/extract_data.py
[2026-03-25T11:45:41.001+0000] {processor.py:842} WARNING - No viable dags retrieved from /opt/airflow/dags/extract_data.py
[2026-03-25T11:45:41.022+0000] {processor.py:183} INFO - Processing /opt/airflow/dags/extract_data.py took 0.060 seconds
[2026-03-25T11:46:11.773+0000] {processor.py:161} INFO - Started process (PID=1615) to work on /opt/airflow/dags/extract_data.py
[2026-03-25T11:46:11.775+0000] {processor.py:830} INFO - Processing file /opt/airflow/dags/extract_data.py for tasks to queue
[2026-03-25T11:46:11.778+0000] {logging_mixin.py:188} INFO - [2026-03-25T11:46:11.777+0000] {dagbag.py:545} INFO - Filling up the DagBag from /opt/airflow/dags/extract_data.py
[2026-03-25T11:46:11.815+0000] {processor.py:842} WARNING - No viable dags retrieved from /opt/airflow/dags/extract_data.py
[2026-03-25T11:46:11.833+0000] {processor.py:183} INFO - Processing /opt/airflow/dags/extract_data.py took 0.066 seconds
[2026-03-25T11:46:42.723+0000] {processor.py:161} INFO - Started process (PID=1641) to work on /opt/airflow/dags/extract_data.py
[2026-03-25T11:46:42.724+0000] {processor.py:830} INFO - Processing file /opt/airflow/dags/extract_data.py for tasks to queue
[2026-03-25T11:46:42.726+0000] {logging_mixin.py:188} INFO - [2026-03-25T11:46:42.725+0000] {dagbag.py:545} INFO - Filling up the DagBag from /opt/airflow/dags/extract_data.py
[2026-03-25T11:46:42.738+0000] {processor.py:842} WARNING - No viable dags retrieved from /opt/airflow/dags/extract_data.py
[2026-03-25T11:46:42.750+0000] {processor.py:183} INFO - Processing /opt/airflow/dags/extract_data.py took 0.033 seconds
[2026-03-25T11:47:13.561+0000] {processor.py:161} INFO - Started process (PID=1667) to work on /opt/airflow/dags/extract_data.py
[2026-03-25T11:47:13.563+0000] {processor.py:830} INFO - Processing file /opt/airflow/dags/extract_data.py for tasks to queue
[2026-03-25T11:47:13.565+0000] {logging_mixin.py:188} INFO - [2026-03-25T11:47:13.565+0000] {dagbag.py:545} INFO - Filling up the DagBag from /opt/airflow/dags/extract_data.py
[2026-03-25T11:47:13.604+0000] {processor.py:842} WARNING - No viable dags retrieved from /opt/airflow/dags/extract_data.py
[2026-03-25T11:47:13.618+0000] {processor.py:183} INFO - Processing /opt/airflow/dags/extract_data.py took 0.062 seconds
[2026-03-25T11:47:44.478+0000] {processor.py:161} INFO - Started process (PID=1693) to work on /opt/airflow/dags/extract_data.py
[2026-03-25T11:47:44.479+0000] {processor.py:830} INFO - Processing file /opt/airflow/dags/extract_data.py for tasks to queue
[2026-03-25T11:47:44.482+0000] {logging_mixin.py:188} INFO - [2026-03-25T11:47:44.481+0000] {dagbag.py:545} INFO - Filling up the DagBag from /opt/airflow/dags/extract_data.py
[2026-03-25T11:47:44.502+0000] {processor.py:842} WARNING - No viable dags retrieved from /opt/airflow/dags/extract_data.py
[2026-03-25T11:47:44.519+0000] {processor.py:183} INFO - Processing /opt/airflow/dags/extract_data.py took 0.050 seconds
[2026-03-25T11:48:15.329+0000] {processor.py:161} INFO - Started process (PID=1719) to work on /opt/airflow/dags/extract_data.py
[2026-03-25T11:48:15.330+0000] {processor.py:830} INFO - Processing file /opt/airflow/dags/extract_data.py for tasks to queue
[2026-03-25T11:48:15.333+0000] {logging_mixin.py:188} INFO - [2026-03-25T11:48:15.333+0000] {dagbag.py:545} INFO - Filling up the DagBag from /opt/airflow/dags/extract_data.py
[2026-03-25T11:48:15.372+0000] {processor.py:842} WARNING - No viable dags retrieved from /opt/airflow/dags/extract_data.py
[2026-03-25T11:48:15.386+0000] {processor.py:183} INFO - Processing /opt/airflow/dags/extract_data.py took 0.063 seconds
[2026-03-25T11:48:46.288+0000] {processor.py:161} INFO - Started process (PID=1746) to work on /opt/airflow/dags/extract_data.py
[2026-03-25T11:48:46.290+0000] {processor.py:830} INFO - Processing file /opt/airflow/dags/extract_data.py for tasks to queue
[2026-03-25T11:48:46.293+0000] {logging_mixin.py:188} INFO - [2026-03-25T11:48:46.292+0000] {dagbag.py:545} INFO - Filling up the DagBag from /opt/airflow/dags/extract_data.py
[2026-03-25T11:48:46.322+0000] {processor.py:842} WARNING - No viable dags retrieved from /opt/airflow/dags/extract_data.py
[2026-03-25T11:48:46.343+0000] {processor.py:183} INFO - Processing /opt/airflow/dags/extract_data.py took 0.064 seconds
[2026-03-25T11:49:17.042+0000] {processor.py:161} INFO - Started process (PID=1772) to work on /opt/airflow/dags/extract_data.py
[2026-03-25T11:49:17.044+0000] {processor.py:830} INFO - Processing file /opt/airflow/dags/extract_data.py for tasks to queue
[2026-03-25T11:49:17.046+0000] {logging_mixin.py:188} INFO - [2026-03-25T11:49:17.045+0000] {dagbag.py:545} INFO - Filling up the DagBag from /opt/airflow/dags/extract_data.py
[2026-03-25T11:49:17.062+0000] {processor.py:842} WARNING - No viable dags retrieved from /opt/airflow/dags/extract_data.py
[2026-03-25T11:49:17.075+0000] {processor.py:183} INFO - Processing /opt/airflow/dags/extract_data.py took 0.038 seconds
[2026-03-25T11:49:47.694+0000] {processor.py:161} INFO - Started process (PID=1798) to work on /opt/airflow/dags/extract_data.py
[2026-03-25T11:49:47.695+0000] {processor.py:830} INFO - Processing file /opt/airflow/dags/extract_data.py for tasks to queue
[2026-03-25T11:49:47.698+0000] {logging_mixin.py:188} INFO - [2026-03-25T11:49:47.697+0000] {dagbag.py:545} INFO - Filling up the DagBag from /opt/airflow/dags/extract_data.py
[2026-03-25T11:49:47.714+0000] {processor.py:842} WARNING - No viable dags retrieved from /opt/airflow/dags/extract_data.py
[2026-03-25T11:49:47.726+0000] {processor.py:183} INFO - Processing /opt/airflow/dags/extract_data.py took 0.038 seconds
[2026-03-25T11:50:18.387+0000] {processor.py:161} INFO - Started process (PID=1824) to work on /opt/airflow/dags/extract_data.py
[2026-03-25T11:50:18.389+0000] {processor.py:830} INFO - Processing file /opt/airflow/dags/extract_data.py for tasks to queue
[2026-03-25T11:50:18.391+0000] {logging_mixin.py:188} INFO - [2026-03-25T11:50:18.391+0000] {dagbag.py:545} INFO - Filling up the DagBag from /opt/airflow/dags/extract_data.py
[2026-03-25T11:50:18.415+0000] {processor.py:842} WARNING - No viable dags retrieved from /opt/airflow/dags/extract_data.py
[2026-03-25T11:50:18.429+0000] {processor.py:183} INFO - Processing /opt/airflow/dags/extract_data.py took 0.049 seconds
[2026-03-25T11:50:49.077+0000] {processor.py:161} INFO - Started process (PID=1850) to work on /opt/airflow/dags/extract_data.py
[2026-03-25T11:50:49.078+0000] {processor.py:830} INFO - Processing file /opt/airflow/dags/extract_data.py for tasks to queue
[2026-03-25T11:50:49.080+0000] {logging_mixin.py:188} INFO - [2026-03-25T11:50:49.080+0000] {dagbag.py:545} INFO - Filling up the DagBag from /opt/airflow/dags/extract_data.py
[2026-03-25T11:50:49.096+0000] {processor.py:842} WARNING - No viable dags retrieved from /opt/airflow/dags/extract_data.py
[2026-03-25T11:50:49.111+0000] {processor.py:183} INFO - Processing /opt/airflow/dags/extract_data.py took 0.041 seconds
[2026-03-25T11:51:19.862+0000] {processor.py:161} INFO - Started process (PID=1876) to work on /opt/airflow/dags/extract_data.py
[2026-03-25T11:51:19.863+0000] {processor.py:830} INFO - Processing file /opt/airflow/dags/extract_data.py for tasks to queue
[2026-03-25T11:51:19.865+0000] {logging_mixin.py:188} INFO - [2026-03-25T11:51:19.865+0000] {dagbag.py:545} INFO - Filling up the DagBag from /opt/airflow/dags/extract_data.py
[2026-03-25T11:51:19.902+0000] {processor.py:842} WARNING - No viable dags retrieved from /opt/airflow/dags/extract_data.py
[2026-03-25T11:51:19.919+0000] {processor.py:183} INFO - Processing /opt/airflow/dags/extract_data.py took 0.063 seconds
[2026-03-25T11:51:50.697+0000] {processor.py:161} INFO - Started process (PID=1903) to work on /opt/airflow/dags/extract_data.py
[2026-03-25T11:51:50.698+0000] {processor.py:830} INFO - Processing file /opt/airflow/dags/extract_data.py for tasks to queue
[2026-03-25T11:51:50.701+0000] {logging_mixin.py:188} INFO - [2026-03-25T11:51:50.700+0000] {dagbag.py:545} INFO - Filling up the DagBag from /opt/airflow/dags/extract_data.py
[2026-03-25T11:51:50.719+0000] {processor.py:842} WARNING - No viable dags retrieved from /opt/airflow/dags/extract_data.py
[2026-03-25T11:51:50.733+0000] {processor.py:183} INFO - Processing /opt/airflow/dags/extract_data.py took 0.043 seconds
[2026-03-25T11:52:21.453+0000] {processor.py:161} INFO - Started process (PID=1929) to work on /opt/airflow/dags/extract_data.py
[2026-03-25T11:52:21.455+0000] {processor.py:830} INFO - Processing file /opt/airflow/dags/extract_data.py for tasks to queue
[2026-03-25T11:52:21.458+0000] {logging_mixin.py:188} INFO - [2026-03-25T11:52:21.458+0000] {dagbag.py:545} INFO - Filling up the DagBag from /opt/airflow/dags/extract_data.py
[2026-03-25T11:52:21.481+0000] {processor.py:842} WARNING - No viable dags retrieved from /opt/airflow/dags/extract_data.py
[2026-03-25T11:52:21.500+0000] {processor.py:183} INFO - Processing /opt/airflow/dags/extract_data.py took 0.054 seconds
[2026-03-25T11:52:52.267+0000] {processor.py:161} INFO - Started process (PID=1955) to work on /opt/airflow/dags/extract_data.py
[2026-03-25T11:52:52.268+0000] {processor.py:830} INFO - Processing file /opt/airflow/dags/extract_data.py for tasks to queue
[2026-03-25T11:52:52.270+0000] {logging_mixin.py:188} INFO - [2026-03-25T11:52:52.270+0000] {dagbag.py:545} INFO - Filling up the DagBag from /opt/airflow/dags/extract_data.py
[2026-03-25T11:52:52.284+0000] {processor.py:842} WARNING - No viable dags retrieved from /opt/airflow/dags/extract_data.py
[2026-03-25T11:52:52.298+0000] {processor.py:183} INFO - Processing /opt/airflow/dags/extract_data.py took 0.037 seconds
[2026-03-25T11:53:23.162+0000] {processor.py:161} INFO - Started process (PID=1981) to work on /opt/airflow/dags/extract_data.py
[2026-03-25T11:53:23.163+0000] {processor.py:830} INFO - Processing file /opt/airflow/dags/extract_data.py for tasks to queue
[2026-03-25T11:53:23.165+0000] {logging_mixin.py:188} INFO - [2026-03-25T11:53:23.165+0000] {dagbag.py:545} INFO - Filling up the DagBag from /opt/airflow/dags/extract_data.py
[2026-03-25T11:53:23.202+0000] {processor.py:842} WARNING - No viable dags retrieved from /opt/airflow/dags/extract_data.py
[2026-03-25T11:53:23.216+0000] {processor.py:183} INFO - Processing /opt/airflow/dags/extract_data.py took 0.060 seconds
[2026-03-25T11:53:54.214+0000] {processor.py:161} INFO - Started process (PID=2007) to work on /opt/airflow/dags/extract_data.py
[2026-03-25T11:53:54.216+0000] {processor.py:830} INFO - Processing file /opt/airflow/dags/extract_data.py for tasks to queue
[2026-03-25T11:53:54.218+0000] {logging_mixin.py:188} INFO - [2026-03-25T11:53:54.218+0000] {dagbag.py:545} INFO - Filling up the DagBag from /opt/airflow/dags/extract_data.py
[2026-03-25T11:53:54.249+0000] {processor.py:842} WARNING - No viable dags retrieved from /opt/airflow/dags/extract_data.py
[2026-03-25T11:53:54.262+0000] {processor.py:183} INFO - Processing /opt/airflow/dags/extract_data.py took 0.053 seconds
[2026-03-25T11:54:25.112+0000] {processor.py:161} INFO - Started process (PID=2033) to work on /opt/airflow/dags/extract_data.py
[2026-03-25T11:54:25.113+0000] {processor.py:830} INFO - Processing file /opt/airflow/dags/extract_data.py for tasks to queue
[2026-03-25T11:54:25.116+0000] {logging_mixin.py:188} INFO - [2026-03-25T11:54:25.115+0000] {dagbag.py:545} INFO - Filling up the DagBag from /opt/airflow/dags/extract_data.py
[2026-03-25T11:54:25.144+0000] {processor.py:842} WARNING - No viable dags retrieved from /opt/airflow/dags/extract_data.py
[2026-03-25T11:54:25.157+0000] {processor.py:183} INFO - Processing /opt/airflow/dags/extract_data.py took 0.051 seconds
[2026-03-25T11:54:56.069+0000] {processor.py:161} INFO - Started process (PID=2059) to work on /opt/airflow/dags/extract_data.py
[2026-03-25T11:54:56.070+0000] {processor.py:830} INFO - Processing file /opt/airflow/dags/extract_data.py for tasks to queue
[2026-03-25T11:54:56.072+0000] {logging_mixin.py:188} INFO - [2026-03-25T11:54:56.071+0000] {dagbag.py:545} INFO - Filling up the DagBag from /opt/airflow/dags/extract_data.py
[2026-03-25T11:54:56.087+0000] {processor.py:842} WARNING - No viable dags retrieved from /opt/airflow/dags/extract_data.py
[2026-03-25T11:54:56.100+0000] {processor.py:183} INFO - Processing /opt/airflow/dags/extract_data.py took 0.037 seconds
[2026-03-25T11:55:26.905+0000] {processor.py:161} INFO - Started process (PID=2085) to work on /opt/airflow/dags/extract_data.py
[2026-03-25T11:55:26.907+0000] {processor.py:830} INFO - Processing file /opt/airflow/dags/extract_data.py for tasks to queue
[2026-03-25T11:55:26.909+0000] {logging_mixin.py:188} INFO - [2026-03-25T11:55:26.909+0000] {dagbag.py:545} INFO - Filling up the DagBag from /opt/airflow/dags/extract_data.py
[2026-03-25T11:55:26.944+0000] {processor.py:842} WARNING - No viable dags retrieved from /opt/airflow/dags/extract_data.py
[2026-03-25T11:55:26.958+0000] {processor.py:183} INFO - Processing /opt/airflow/dags/extract_data.py took 0.058 seconds
[2026-03-25T11:55:57.806+0000] {processor.py:161} INFO - Started process (PID=2111) to work on /opt/airflow/dags/extract_data.py
[2026-03-25T11:55:57.808+0000] {processor.py:830} INFO - Processing file /opt/airflow/dags/extract_data.py for tasks to queue
[2026-03-25T11:55:57.810+0000] {logging_mixin.py:188} INFO - [2026-03-25T11:55:57.810+0000] {dagbag.py:545} INFO - Filling up the DagBag from /opt/airflow/dags/extract_data.py
[2026-03-25T11:55:57.823+0000] {processor.py:842} WARNING - No viable dags retrieved from /opt/airflow/dags/extract_data.py
[2026-03-25T11:55:57.835+0000] {processor.py:183} INFO - Processing /opt/airflow/dags/extract_data.py took 0.035 seconds
[2026-03-25T11:56:28.649+0000] {processor.py:161} INFO - Started process (PID=2137) to work on /opt/airflow/dags/extract_data.py
[2026-03-25T11:56:28.650+0000] {processor.py:830} INFO - Processing file /opt/airflow/dags/extract_data.py for tasks to queue
[2026-03-25T11:56:28.653+0000] {logging_mixin.py:188} INFO - [2026-03-25T11:56:28.653+0000] {dagbag.py:545} INFO - Filling up the DagBag from /opt/airflow/dags/extract_data.py
[2026-03-25T11:56:28.683+0000] {processor.py:842} WARNING - No viable dags retrieved from /opt/airflow/dags/extract_data.py
[2026-03-25T11:56:28.700+0000] {processor.py:183} INFO - Processing /opt/airflow/dags/extract_data.py took 0.059 seconds
[2026-03-25T11:56:59.440+0000] {processor.py:161} INFO - Started process (PID=2163) to work on /opt/airflow/dags/extract_data.py
[2026-03-25T11:56:59.441+0000] {processor.py:830} INFO - Processing file /opt/airflow/dags/extract_data.py for tasks to queue
[2026-03-25T11:56:59.443+0000] {logging_mixin.py:188} INFO - [2026-03-25T11:56:59.443+0000] {dagbag.py:545} INFO - Filling up the DagBag from /opt/airflow/dags/extract_data.py
[2026-03-25T11:56:59.456+0000] {processor.py:842} WARNING - No viable dags retrieved from /opt/airflow/dags/extract_data.py
[2026-03-25T11:56:59.472+0000] {processor.py:183} INFO - Processing /opt/airflow/dags/extract_data.py took 0.039 seconds
[2026-03-25T11:57:30.049+0000] {processor.py:161} INFO - Started process (PID=2189) to work on /opt/airflow/dags/extract_data.py
[2026-03-25T11:57:30.051+0000] {processor.py:830} INFO - Processing file /opt/airflow/dags/extract_data.py for tasks to queue
[2026-03-25T11:57:30.054+0000] {logging_mixin.py:188} INFO - [2026-03-25T11:57:30.054+0000] {dagbag.py:545} INFO - Filling up the DagBag from /opt/airflow/dags/extract_data.py
[2026-03-25T11:57:30.075+0000] {processor.py:842} WARNING - No viable dags retrieved from /opt/airflow/dags/extract_data.py
[2026-03-25T11:57:30.093+0000] {processor.py:183} INFO - Processing /opt/airflow/dags/extract_data.py took 0.052 seconds
[2026-03-25T11:58:00.652+0000] {processor.py:161} INFO - Started process (PID=2215) to work on /opt/airflow/dags/extract_data.py
[2026-03-25T11:58:00.653+0000] {processor.py:830} INFO - Processing file /opt/airflow/dags/extract_data.py for tasks to queue
[2026-03-25T11:58:00.655+0000] {logging_mixin.py:188} INFO - [2026-03-25T11:58:00.655+0000] {dagbag.py:545} INFO - Filling up the DagBag from /opt/airflow/dags/extract_data.py
[2026-03-25T11:58:00.668+0000] {processor.py:842} WARNING - No viable dags retrieved from /opt/airflow/dags/extract_data.py
[2026-03-25T11:58:00.682+0000] {processor.py:183} INFO - Processing /opt/airflow/dags/extract_data.py took 0.035 seconds
[2026-03-25T11:58:31.352+0000] {processor.py:161} INFO - Started process (PID=2241) to work on /opt/airflow/dags/extract_data.py
[2026-03-25T11:58:31.354+0000] {processor.py:830} INFO - Processing file /opt/airflow/dags/extract_data.py for tasks to queue
[2026-03-25T11:58:31.356+0000] {logging_mixin.py:188} INFO - [2026-03-25T11:58:31.355+0000] {dagbag.py:545} INFO - Filling up the DagBag from /opt/airflow/dags/extract_data.py
[2026-03-25T11:58:31.372+0000] {processor.py:842} WARNING - No viable dags retrieved from /opt/airflow/dags/extract_data.py
[2026-03-25T11:58:31.385+0000] {processor.py:183} INFO - Processing /opt/airflow/dags/extract_data.py took 0.040 seconds
[2026-03-25T11:59:02.086+0000] {processor.py:161} INFO - Started process (PID=2268) to work on /opt/airflow/dags/extract_data.py
[2026-03-25T11:59:02.088+0000] {processor.py:830} INFO - Processing file /opt/airflow/dags/extract_data.py for tasks to queue
[2026-03-25T11:59:02.090+0000] {logging_mixin.py:188} INFO - [2026-03-25T11:59:02.090+0000] {dagbag.py:545} INFO - Filling up the DagBag from /opt/airflow/dags/extract_data.py
[2026-03-25T11:59:02.120+0000] {processor.py:842} WARNING - No viable dags retrieved from /opt/airflow/dags/extract_data.py
[2026-03-25T11:59:02.135+0000] {processor.py:183} INFO - Processing /opt/airflow/dags/extract_data.py took 0.057 seconds
[2026-03-25T11:59:32.867+0000] {processor.py:161} INFO - Started process (PID=2294) to work on /opt/airflow/dags/extract_data.py
[2026-03-25T11:59:32.868+0000] {processor.py:830} INFO - Processing file /opt/airflow/dags/extract_data.py for tasks to queue
[2026-03-25T11:59:32.870+0000] {logging_mixin.py:188} INFO - [2026-03-25T11:59:32.870+0000] {dagbag.py:545} INFO - Filling up the DagBag from /opt/airflow/dags/extract_data.py
[2026-03-25T11:59:32.887+0000] {processor.py:842} WARNING - No viable dags retrieved from /opt/airflow/dags/extract_data.py
[2026-03-25T11:59:32.900+0000] {processor.py:183} INFO - Processing /opt/airflow/dags/extract_data.py took 0.040 seconds
[2026-03-25T12:00:03.737+0000] {processor.py:161} INFO - Started process (PID=2320) to work on /opt/airflow/dags/extract_data.py
[2026-03-25T12:00:03.739+0000] {processor.py:830} INFO - Processing file /opt/airflow/dags/extract_data.py for tasks to queue
[2026-03-25T12:00:03.742+0000] {logging_mixin.py:188} INFO - [2026-03-25T12:00:03.741+0000] {dagbag.py:545} INFO - Filling up the DagBag from /opt/airflow/dags/extract_data.py
[2026-03-25T12:00:03.771+0000] {processor.py:842} WARNING - No viable dags retrieved from /opt/airflow/dags/extract_data.py
[2026-03-25T12:00:03.784+0000] {processor.py:183} INFO - Processing /opt/airflow/dags/extract_data.py took 0.052 seconds
[2026-03-25T12:00:34.525+0000] {processor.py:161} INFO - Started process (PID=2346) to work on /opt/airflow/dags/extract_data.py
[2026-03-25T12:00:34.526+0000] {processor.py:830} INFO - Processing file /opt/airflow/dags/extract_data.py for tasks to queue
[2026-03-25T12:00:34.528+0000] {logging_mixin.py:188} INFO - [2026-03-25T12:00:34.528+0000] {dagbag.py:545} INFO - Filling up the DagBag from /opt/airflow/dags/extract_data.py
[2026-03-25T12:00:34.547+0000] {processor.py:842} WARNING - No viable dags retrieved from /opt/airflow/dags/extract_data.py
[2026-03-25T12:00:34.561+0000] {processor.py:183} INFO - Processing /opt/airflow/dags/extract_data.py took 0.042 seconds
[2026-03-25T12:01:05.346+0000] {processor.py:161} INFO - Started process (PID=2372) to work on /opt/airflow/dags/extract_data.py
[2026-03-25T12:01:05.348+0000] {processor.py:830} INFO - Processing file /opt/airflow/dags/extract_data.py for tasks to queue
[2026-03-25T12:01:05.351+0000] {logging_mixin.py:188} INFO - [2026-03-25T12:01:05.351+0000] {dagbag.py:545} INFO - Filling up the DagBag from /opt/airflow/dags/extract_data.py
[2026-03-25T12:01:05.366+0000] {processor.py:842} WARNING - No viable dags retrieved from /opt/airflow/dags/extract_data.py
[2026-03-25T12:01:05.379+0000] {processor.py:183} INFO - Processing /opt/airflow/dags/extract_data.py took 0.040 seconds
[2026-03-25T12:01:36.203+0000] {processor.py:161} INFO - Started process (PID=2399) to work on /opt/airflow/dags/extract_data.py
[2026-03-25T12:01:36.204+0000] {processor.py:830} INFO - Processing file /opt/airflow/dags/extract_data.py for tasks to queue
[2026-03-25T12:01:36.206+0000] {logging_mixin.py:188} INFO - [2026-03-25T12:01:36.206+0000] {dagbag.py:545} INFO - Filling up the DagBag from /opt/airflow/dags/extract_data.py
[2026-03-25T12:01:36.224+0000] {processor.py:842} WARNING - No viable dags retrieved from /opt/airflow/dags/extract_data.py
[2026-03-25T12:01:36.237+0000] {processor.py:183} INFO - Processing /opt/airflow/dags/extract_data.py took 0.041 seconds
[2026-03-25T12:02:07.124+0000] {processor.py:161} INFO - Started process (PID=2425) to work on /opt/airflow/dags/extract_data.py
[2026-03-25T12:02:07.125+0000] {processor.py:830} INFO - Processing file /opt/airflow/dags/extract_data.py for tasks to queue
[2026-03-25T12:02:07.128+0000] {logging_mixin.py:188} INFO - [2026-03-25T12:02:07.127+0000] {dagbag.py:545} INFO - Filling up the DagBag from /opt/airflow/dags/extract_data.py
[2026-03-25T12:02:07.154+0000] {processor.py:842} WARNING - No viable dags retrieved from /opt/airflow/dags/extract_data.py
[2026-03-25T12:02:07.171+0000] {processor.py:183} INFO - Processing /opt/airflow/dags/extract_data.py took 0.060 seconds
[2026-03-25T12:02:37.999+0000] {processor.py:161} INFO - Started process (PID=2457) to work on /opt/airflow/dags/extract_data.py
[2026-03-25T12:02:38.000+0000] {processor.py:830} INFO - Processing file /opt/airflow/dags/extract_data.py for tasks to queue
[2026-03-25T12:02:38.003+0000] {logging_mixin.py:188} INFO - [2026-03-25T12:02:38.002+0000] {dagbag.py:545} INFO - Filling up the DagBag from /opt/airflow/dags/extract_data.py
[2026-03-25T12:02:38.023+0000] {processor.py:842} WARNING - No viable dags retrieved from /opt/airflow/dags/extract_data.py
[2026-03-25T12:02:38.037+0000] {processor.py:183} INFO - Processing /opt/airflow/dags/extract_data.py took 0.046 seconds
[2026-03-25T12:03:08.894+0000] {processor.py:161} INFO - Started process (PID=2483) to work on /opt/airflow/dags/extract_data.py
[2026-03-25T12:03:08.895+0000] {processor.py:830} INFO - Processing file /opt/airflow/dags/extract_data.py for tasks to queue
[2026-03-25T12:03:08.898+0000] {logging_mixin.py:188} INFO - [2026-03-25T12:03:08.898+0000] {dagbag.py:545} INFO - Filling up the DagBag from /opt/airflow/dags/extract_data.py
[2026-03-25T12:03:08.933+0000] {processor.py:842} WARNING - No viable dags retrieved from /opt/airflow/dags/extract_data.py
[2026-03-25T12:03:08.949+0000] {processor.py:183} INFO - Processing /opt/airflow/dags/extract_data.py took 0.062 seconds
[2026-03-25T12:03:39.645+0000] {processor.py:161} INFO - Started process (PID=2510) to work on /opt/airflow/dags/extract_data.py
[2026-03-25T12:03:39.647+0000] {processor.py:830} INFO - Processing file /opt/airflow/dags/extract_data.py for tasks to queue
[2026-03-25T12:03:39.649+0000] {logging_mixin.py:188} INFO - [2026-03-25T12:03:39.648+0000] {dagbag.py:545} INFO - Filling up the DagBag from /opt/airflow/dags/extract_data.py
[2026-03-25T12:03:39.670+0000] {processor.py:842} WARNING - No viable dags retrieved from /opt/airflow/dags/extract_data.py
[2026-03-25T12:03:39.683+0000] {processor.py:183} INFO - Processing /opt/airflow/dags/extract_data.py took 0.044 seconds
[2026-03-25T12:04:10.472+0000] {processor.py:161} INFO - Started process (PID=2536) to work on /opt/airflow/dags/extract_data.py
[2026-03-25T12:04:10.474+0000] {processor.py:830} INFO - Processing file /opt/airflow/dags/extract_data.py for tasks to queue
[2026-03-25T12:04:10.477+0000] {logging_mixin.py:188} INFO - [2026-03-25T12:04:10.476+0000] {dagbag.py:545} INFO - Filling up the DagBag from /opt/airflow/dags/extract_data.py
[2026-03-25T12:04:10.497+0000] {processor.py:842} WARNING - No viable dags retrieved from /opt/airflow/dags/extract_data.py
[2026-03-25T12:04:10.509+0000] {processor.py:183} INFO - Processing /opt/airflow/dags/extract_data.py took 0.045 seconds
[2026-03-25T12:04:41.389+0000] {processor.py:161} INFO - Started process (PID=2562) to work on /opt/airflow/dags/extract_data.py
[2026-03-25T12:04:41.390+0000] {processor.py:830} INFO - Processing file /opt/airflow/dags/extract_data.py for tasks to queue
[2026-03-25T12:04:41.392+0000] {logging_mixin.py:188} INFO - [2026-03-25T12:04:41.391+0000] {dagbag.py:545} INFO - Filling up the DagBag from /opt/airflow/dags/extract_data.py
[2026-03-25T12:04:41.409+0000] {processor.py:842} WARNING - No viable dags retrieved from /opt/airflow/dags/extract_data.py
[2026-03-25T12:04:41.424+0000] {processor.py:183} INFO - Processing /opt/airflow/dags/extract_data.py took 0.041 seconds
[2026-03-25T12:05:12.213+0000] {processor.py:161} INFO - Started process (PID=2589) to work on /opt/airflow/dags/extract_data.py
[2026-03-25T12:05:12.215+0000] {processor.py:830} INFO - Processing file /opt/airflow/dags/extract_data.py for tasks to queue
[2026-03-25T12:05:12.217+0000] {logging_mixin.py:188} INFO - [2026-03-25T12:05:12.216+0000] {dagbag.py:545} INFO - Filling up the DagBag from /opt/airflow/dags/extract_data.py
[2026-03-25T12:05:12.234+0000] {processor.py:842} WARNING - No viable dags retrieved from /opt/airflow/dags/extract_data.py
[2026-03-25T12:05:12.247+0000] {processor.py:183} INFO - Processing /opt/airflow/dags/extract_data.py took 0.040 seconds
[2026-03-25T12:05:43.140+0000] {processor.py:161} INFO - Started process (PID=2615) to work on /opt/airflow/dags/extract_data.py
[2026-03-25T12:05:43.141+0000] {processor.py:830} INFO - Processing file /opt/airflow/dags/extract_data.py for tasks to queue
[2026-03-25T12:05:43.143+0000] {logging_mixin.py:188} INFO - [2026-03-25T12:05:43.143+0000] {dagbag.py:545} INFO - Filling up the DagBag from /opt/airflow/dags/extract_data.py
[2026-03-25T12:05:43.178+0000] {processor.py:842} WARNING - No viable dags retrieved from /opt/airflow/dags/extract_data.py
[2026-03-25T12:05:43.193+0000] {processor.py:183} INFO - Processing /opt/airflow/dags/extract_data.py took 0.060 seconds
[2026-03-25T12:06:14.028+0000] {processor.py:161} INFO - Started process (PID=2641) to work on /opt/airflow/dags/extract_data.py
[2026-03-25T12:06:14.030+0000] {processor.py:830} INFO - Processing file /opt/airflow/dags/extract_data.py for tasks to queue
[2026-03-25T12:06:14.032+0000] {logging_mixin.py:188} INFO - [2026-03-25T12:06:14.032+0000] {dagbag.py:545} INFO - Filling up the DagBag from /opt/airflow/dags/extract_data.py
[2026-03-25T12:06:14.042+0000] {processor.py:842} WARNING - No viable dags retrieved from /opt/airflow/dags/extract_data.py
[2026-03-25T12:06:14.055+0000] {processor.py:183} INFO - Processing /opt/airflow/dags/extract_data.py took 0.033 seconds
[2026-03-25T12:06:44.781+0000] {processor.py:161} INFO - Started process (PID=2667) to work on /opt/airflow/dags/extract_data.py
[2026-03-25T12:06:44.783+0000] {processor.py:830} INFO - Processing file /opt/airflow/dags/extract_data.py for tasks to queue
[2026-03-25T12:06:44.793+0000] {logging_mixin.py:188} INFO - [2026-03-25T12:06:44.793+0000] {dagbag.py:545} INFO - Filling up the DagBag from /opt/airflow/dags/extract_data.py
[2026-03-25T12:06:44.861+0000] {processor.py:842} WARNING - No viable dags retrieved from /opt/airflow/dags/extract_data.py
[2026-03-25T12:06:44.888+0000] {processor.py:183} INFO - Processing /opt/airflow/dags/extract_data.py took 0.114 seconds
[2026-03-25T12:07:15.607+0000] {processor.py:161} INFO - Started process (PID=2693) to work on /opt/airflow/dags/extract_data.py
[2026-03-25T12:07:15.609+0000] {processor.py:830} INFO - Processing file /opt/airflow/dags/extract_data.py for tasks to queue
[2026-03-25T12:07:15.611+0000] {logging_mixin.py:188} INFO - [2026-03-25T12:07:15.611+0000] {dagbag.py:545} INFO - Filling up the DagBag from /opt/airflow/dags/extract_data.py
[2026-03-25T12:07:15.632+0000] {processor.py:842} WARNING - No viable dags retrieved from /opt/airflow/dags/extract_data.py
[2026-03-25T12:07:15.650+0000] {processor.py:183} INFO - Processing /opt/airflow/dags/extract_data.py took 0.050 seconds
[2026-03-25T12:07:46.396+0000] {processor.py:161} INFO - Started process (PID=2719) to work on /opt/airflow/dags/extract_data.py
[2026-03-25T12:07:46.397+0000] {processor.py:830} INFO - Processing file /opt/airflow/dags/extract_data.py for tasks to queue
[2026-03-25T12:07:46.399+0000] {logging_mixin.py:188} INFO - [2026-03-25T12:07:46.399+0000] {dagbag.py:545} INFO - Filling up the DagBag from /opt/airflow/dags/extract_data.py
[2026-03-25T12:07:46.429+0000] {processor.py:842} WARNING - No viable dags retrieved from /opt/airflow/dags/extract_data.py
[2026-03-25T12:07:46.445+0000] {processor.py:183} INFO - Processing /opt/airflow/dags/extract_data.py took 0.055 seconds
[2026-03-25T12:08:17.148+0000] {processor.py:161} INFO - Started process (PID=2745) to work on /opt/airflow/dags/extract_data.py
[2026-03-25T12:08:17.150+0000] {processor.py:830} INFO - Processing file /opt/airflow/dags/extract_data.py for tasks to queue
[2026-03-25T12:08:17.153+0000] {logging_mixin.py:188} INFO - [2026-03-25T12:08:17.153+0000] {dagbag.py:545} INFO - Filling up the DagBag from /opt/airflow/dags/extract_data.py
[2026-03-25T12:08:17.187+0000] {processor.py:842} WARNING - No viable dags retrieved from /opt/airflow/dags/extract_data.py
[2026-03-25T12:08:17.200+0000] {processor.py:183} INFO - Processing /opt/airflow/dags/extract_data.py took 0.059 seconds
[2026-03-25T12:08:47.936+0000] {processor.py:161} INFO - Started process (PID=2771) to work on /opt/airflow/dags/extract_data.py
[2026-03-25T12:08:47.938+0000] {processor.py:830} INFO - Processing file /opt/airflow/dags/extract_data.py for tasks to queue
[2026-03-25T12:08:47.946+0000] {logging_mixin.py:188} INFO - [2026-03-25T12:08:47.944+0000] {dagbag.py:545} INFO - Filling up the DagBag from /opt/airflow/dags/extract_data.py
[2026-03-25T12:08:47.976+0000] {processor.py:842} WARNING - No viable dags retrieved from /opt/airflow/dags/extract_data.py
[2026-03-25T12:08:47.991+0000] {processor.py:183} INFO - Processing /opt/airflow/dags/extract_data.py took 0.061 seconds
[2026-03-25T12:09:18.690+0000] {processor.py:161} INFO - Started process (PID=2797) to work on /opt/airflow/dags/extract_data.py
[2026-03-25T12:09:18.691+0000] {processor.py:830} INFO - Processing file /opt/airflow/dags/extract_data.py for tasks to queue
[2026-03-25T12:09:18.694+0000] {logging_mixin.py:188} INFO - [2026-03-25T12:09:18.693+0000] {dagbag.py:545} INFO - Filling up the DagBag from /opt/airflow/dags/extract_data.py
[2026-03-25T12:09:18.714+0000] {processor.py:842} WARNING - No viable dags retrieved from /opt/airflow/dags/extract_data.py
[2026-03-25T12:09:18.731+0000] {processor.py:183} INFO - Processing /opt/airflow/dags/extract_data.py took 0.049 seconds
[2026-03-25T12:09:49.549+0000] {processor.py:161} INFO - Started process (PID=2823) to work on /opt/airflow/dags/extract_data.py
[2026-03-25T12:09:49.551+0000] {processor.py:830} INFO - Processing file /opt/airflow/dags/extract_data.py for tasks to queue
[2026-03-25T12:09:49.553+0000] {logging_mixin.py:188} INFO - [2026-03-25T12:09:49.553+0000] {dagbag.py:545} INFO - Filling up the DagBag from /opt/airflow/dags/extract_data.py
[2026-03-25T12:09:49.582+0000] {processor.py:842} WARNING - No viable dags retrieved from /opt/airflow/dags/extract_data.py
[2026-03-25T12:09:49.598+0000] {processor.py:183} INFO - Processing /opt/airflow/dags/extract_data.py took 0.055 seconds
[2026-03-25T12:10:20.404+0000] {processor.py:161} INFO - Started process (PID=2849) to work on /opt/airflow/dags/extract_data.py
[2026-03-25T12:10:20.405+0000] {processor.py:830} INFO - Processing file /opt/airflow/dags/extract_data.py for tasks to queue
[2026-03-25T12:10:20.407+0000] {logging_mixin.py:188} INFO - [2026-03-25T12:10:20.407+0000] {dagbag.py:545} INFO - Filling up the DagBag from /opt/airflow/dags/extract_data.py
[2026-03-25T12:10:20.426+0000] {processor.py:842} WARNING - No viable dags retrieved from /opt/airflow/dags/extract_data.py
[2026-03-25T12:10:20.438+0000] {processor.py:183} INFO - Processing /opt/airflow/dags/extract_data.py took 0.040 seconds
[2026-03-25T12:10:51.337+0000] {processor.py:161} INFO - Started process (PID=2875) to work on /opt/airflow/dags/extract_data.py
[2026-03-25T12:10:51.338+0000] {processor.py:830} INFO - Processing file /opt/airflow/dags/extract_data.py for tasks to queue
[2026-03-25T12:10:51.340+0000] {logging_mixin.py:188} INFO - [2026-03-25T12:10:51.340+0000] {dagbag.py:545} INFO - Filling up the DagBag from /opt/airflow/dags/extract_data.py
[2026-03-25T12:10:51.360+0000] {processor.py:842} WARNING - No viable dags retrieved from /opt/airflow/dags/extract_data.py
[2026-03-25T12:10:51.372+0000] {processor.py:183} INFO - Processing /opt/airflow/dags/extract_data.py took 0.042 seconds
[2026-03-25T12:11:22.171+0000] {processor.py:161} INFO - Started process (PID=2901) to work on /opt/airflow/dags/extract_data.py
[2026-03-25T12:11:22.172+0000] {processor.py:830} INFO - Processing file /opt/airflow/dags/extract_data.py for tasks to queue
[2026-03-25T12:11:22.174+0000] {logging_mixin.py:188} INFO - [2026-03-25T12:11:22.174+0000] {dagbag.py:545} INFO - Filling up the DagBag from /opt/airflow/dags/extract_data.py
[2026-03-25T12:11:22.208+0000] {processor.py:842} WARNING - No viable dags retrieved from /opt/airflow/dags/extract_data.py
[2026-03-25T12:11:22.224+0000] {processor.py:183} INFO - Processing /opt/airflow/dags/extract_data.py took 0.059 seconds
[2026-03-25T12:11:53.134+0000] {processor.py:161} INFO - Started process (PID=2927) to work on /opt/airflow/dags/extract_data.py
[2026-03-25T12:11:53.136+0000] {processor.py:830} INFO - Processing file /opt/airflow/dags/extract_data.py for tasks to queue
[2026-03-25T12:11:53.138+0000] {logging_mixin.py:188} INFO - [2026-03-25T12:11:53.138+0000] {dagbag.py:545} INFO - Filling up the DagBag from /opt/airflow/dags/extract_data.py
[2026-03-25T12:11:53.168+0000] {processor.py:842} WARNING - No viable dags retrieved from /opt/airflow/dags/extract_data.py
[2026-03-25T12:11:53.181+0000] {processor.py:183} INFO - Processing /opt/airflow/dags/extract_data.py took 0.052 seconds
[2026-03-25T12:12:23.964+0000] {processor.py:161} INFO - Started process (PID=2953) to work on /opt/airflow/dags/extract_data.py
[2026-03-25T12:12:23.965+0000] {processor.py:830} INFO - Processing file /opt/airflow/dags/extract_data.py for tasks to queue
[2026-03-25T12:12:23.967+0000] {logging_mixin.py:188} INFO - [2026-03-25T12:12:23.967+0000] {dagbag.py:545} INFO - Filling up the DagBag from /opt/airflow/dags/extract_data.py
[2026-03-25T12:12:24.003+0000] {processor.py:842} WARNING - No viable dags retrieved from /opt/airflow/dags/extract_data.py
[2026-03-25T12:12:24.017+0000] {processor.py:183} INFO - Processing /opt/airflow/dags/extract_data.py took 0.060 seconds
[2026-03-25T12:12:54.819+0000] {processor.py:161} INFO - Started process (PID=2979) to work on /opt/airflow/dags/extract_data.py
[2026-03-25T12:12:54.821+0000] {processor.py:830} INFO - Processing file /opt/airflow/dags/extract_data.py for tasks to queue
[2026-03-25T12:12:54.823+0000] {logging_mixin.py:188} INFO - [2026-03-25T12:12:54.823+0000] {dagbag.py:545} INFO - Filling up the DagBag from /opt/airflow/dags/extract_data.py
[2026-03-25T12:12:54.861+0000] {processor.py:842} WARNING - No viable dags retrieved from /opt/airflow/dags/extract_data.py
[2026-03-25T12:12:54.878+0000] {processor.py:183} INFO - Processing /opt/airflow/dags/extract_data.py took 0.065 seconds
[2026-03-25T12:13:25.823+0000] {processor.py:161} INFO - Started process (PID=3005) to work on /opt/airflow/dags/extract_data.py
[2026-03-25T12:13:25.825+0000] {processor.py:830} INFO - Processing file /opt/airflow/dags/extract_data.py for tasks to queue
[2026-03-25T12:13:25.828+0000] {logging_mixin.py:188} INFO - [2026-03-25T12:13:25.827+0000] {dagbag.py:545} INFO - Filling up the DagBag from /opt/airflow/dags/extract_data.py
[2026-03-25T12:13:25.867+0000] {processor.py:842} WARNING - No viable dags retrieved from /opt/airflow/dags/extract_data.py
[2026-03-25T12:13:25.882+0000] {processor.py:183} INFO - Processing /opt/airflow/dags/extract_data.py took 0.071 seconds
[2026-03-25T12:13:56.882+0000] {processor.py:161} INFO - Started process (PID=3031) to work on /opt/airflow/dags/extract_data.py
[2026-03-25T12:13:56.883+0000] {processor.py:830} INFO - Processing file /opt/airflow/dags/extract_data.py for tasks to queue
[2026-03-25T12:13:56.885+0000] {logging_mixin.py:188} INFO - [2026-03-25T12:13:56.885+0000] {dagbag.py:545} INFO - Filling up the DagBag from /opt/airflow/dags/extract_data.py
[2026-03-25T12:13:56.900+0000] {processor.py:842} WARNING - No viable dags retrieved from /opt/airflow/dags/extract_data.py
[2026-03-25T12:13:56.912+0000] {processor.py:183} INFO - Processing /opt/airflow/dags/extract_data.py took 0.036 seconds
[2026-03-25T12:14:27.703+0000] {processor.py:161} INFO - Started process (PID=3057) to work on /opt/airflow/dags/extract_data.py
[2026-03-25T12:14:27.704+0000] {processor.py:830} INFO - Processing file /opt/airflow/dags/extract_data.py for tasks to queue
[2026-03-25T12:14:27.707+0000] {logging_mixin.py:188} INFO - [2026-03-25T12:14:27.707+0000] {dagbag.py:545} INFO - Filling up the DagBag from /opt/airflow/dags/extract_data.py
[2026-03-25T12:14:27.724+0000] {processor.py:842} WARNING - No viable dags retrieved from /opt/airflow/dags/extract_data.py
[2026-03-25T12:14:27.739+0000] {processor.py:183} INFO - Processing /opt/airflow/dags/extract_data.py took 0.044 seconds
[2026-03-25T12:14:58.573+0000] {processor.py:161} INFO - Started process (PID=3084) to work on /opt/airflow/dags/extract_data.py
[2026-03-25T12:14:58.575+0000] {processor.py:830} INFO - Processing file /opt/airflow/dags/extract_data.py for tasks to queue
[2026-03-25T12:14:58.577+0000] {logging_mixin.py:188} INFO - [2026-03-25T12:14:58.577+0000] {dagbag.py:545} INFO - Filling up the DagBag from /opt/airflow/dags/extract_data.py
[2026-03-25T12:14:58.599+0000] {processor.py:842} WARNING - No viable dags retrieved from /opt/airflow/dags/extract_data.py
[2026-03-25T12:14:58.612+0000] {processor.py:183} INFO - Processing /opt/airflow/dags/extract_data.py took 0.046 seconds
[2026-03-25T12:15:29.435+0000] {processor.py:161} INFO - Started process (PID=3110) to work on /opt/airflow/dags/extract_data.py
[2026-03-25T12:15:29.436+0000] {processor.py:830} INFO - Processing file /opt/airflow/dags/extract_data.py for tasks to queue
[2026-03-25T12:15:29.438+0000] {logging_mixin.py:188} INFO - [2026-03-25T12:15:29.438+0000] {dagbag.py:545} INFO - Filling up the DagBag from /opt/airflow/dags/extract_data.py
[2026-03-25T12:15:29.450+0000] {processor.py:842} WARNING - No viable dags retrieved from /opt/airflow/dags/extract_data.py
[2026-03-25T12:15:29.464+0000] {processor.py:183} INFO - Processing /opt/airflow/dags/extract_data.py took 0.035 seconds
[2026-03-25T12:16:00.290+0000] {processor.py:161} INFO - Started process (PID=3136) to work on /opt/airflow/dags/extract_data.py
[2026-03-25T12:16:00.291+0000] {processor.py:830} INFO - Processing file /opt/airflow/dags/extract_data.py for tasks to queue
[2026-03-25T12:16:00.294+0000] {logging_mixin.py:188} INFO - [2026-03-25T12:16:00.293+0000] {dagbag.py:545} INFO - Filling up the DagBag from /opt/airflow/dags/extract_data.py
[2026-03-25T12:16:00.310+0000] {processor.py:842} WARNING - No viable dags retrieved from /opt/airflow/dags/extract_data.py
[2026-03-25T12:16:00.323+0000] {processor.py:183} INFO - Processing /opt/airflow/dags/extract_data.py took 0.041 seconds
[2026-03-25T12:16:31.104+0000] {processor.py:161} INFO - Started process (PID=3162) to work on /opt/airflow/dags/extract_data.py
[2026-03-25T12:16:31.105+0000] {processor.py:830} INFO - Processing file /opt/airflow/dags/extract_data.py for tasks to queue
[2026-03-25T12:16:31.108+0000] {logging_mixin.py:188} INFO - [2026-03-25T12:16:31.107+0000] {dagbag.py:545} INFO - Filling up the DagBag from /opt/airflow/dags/extract_data.py
[2026-03-25T12:16:31.142+0000] {processor.py:842} WARNING - No viable dags retrieved from /opt/airflow/dags/extract_data.py
[2026-03-25T12:16:31.158+0000] {processor.py:183} INFO - Processing /opt/airflow/dags/extract_data.py took 0.062 seconds
[2026-03-25T12:17:01.878+0000] {processor.py:161} INFO - Started process (PID=3188) to work on /opt/airflow/dags/extract_data.py
[2026-03-25T12:17:01.879+0000] {processor.py:830} INFO - Processing file /opt/airflow/dags/extract_data.py for tasks to queue
[2026-03-25T12:17:01.881+0000] {logging_mixin.py:188} INFO - [2026-03-25T12:17:01.881+0000] {dagbag.py:545} INFO - Filling up the DagBag from /opt/airflow/dags/extract_data.py
[2026-03-25T12:17:01.905+0000] {processor.py:842} WARNING - No viable dags retrieved from /opt/airflow/dags/extract_data.py
[2026-03-25T12:17:01.919+0000] {processor.py:183} INFO - Processing /opt/airflow/dags/extract_data.py took 0.046 seconds
[2026-03-25T12:17:32.667+0000] {processor.py:161} INFO - Started process (PID=3214) to work on /opt/airflow/dags/extract_data.py
[2026-03-25T12:17:32.669+0000] {processor.py:830} INFO - Processing file /opt/airflow/dags/extract_data.py for tasks to queue
[2026-03-25T12:17:32.671+0000] {logging_mixin.py:188} INFO - [2026-03-25T12:17:32.671+0000] {dagbag.py:545} INFO - Filling up the DagBag from /opt/airflow/dags/extract_data.py
[2026-03-25T12:17:32.704+0000] {processor.py:842} WARNING - No viable dags retrieved from /opt/airflow/dags/extract_data.py
[2026-03-25T12:17:32.718+0000] {processor.py:183} INFO - Processing /opt/airflow/dags/extract_data.py took 0.056 seconds
[2026-03-25T12:18:03.456+0000] {processor.py:161} INFO - Started process (PID=3241) to work on /opt/airflow/dags/extract_data.py
[2026-03-25T12:18:03.457+0000] {processor.py:830} INFO - Processing file /opt/airflow/dags/extract_data.py for tasks to queue
[2026-03-25T12:18:03.459+0000] {logging_mixin.py:188} INFO - [2026-03-25T12:18:03.459+0000] {dagbag.py:545} INFO - Filling up the DagBag from /opt/airflow/dags/extract_data.py
[2026-03-25T12:18:03.479+0000] {processor.py:842} WARNING - No viable dags retrieved from /opt/airflow/dags/extract_data.py
[2026-03-25T12:18:03.492+0000] {processor.py:183} INFO - Processing /opt/airflow/dags/extract_data.py took 0.042 seconds
[2026-03-25T12:18:34.502+0000] {processor.py:161} INFO - Started process (PID=3267) to work on /opt/airflow/dags/extract_data.py
[2026-03-25T12:18:34.503+0000] {processor.py:830} INFO - Processing file /opt/airflow/dags/extract_data.py for tasks to queue
[2026-03-25T12:18:34.504+0000] {logging_mixin.py:188} INFO - [2026-03-25T12:18:34.504+0000] {dagbag.py:545} INFO - Filling up the DagBag from /opt/airflow/dags/extract_data.py
[2026-03-25T12:18:34.515+0000] {processor.py:842} WARNING - No viable dags retrieved from /opt/airflow/dags/extract_data.py
[2026-03-25T12:18:34.527+0000] {processor.py:183} INFO - Processing /opt/airflow/dags/extract_data.py took 0.031 seconds
[2026-03-25T12:19:05.316+0000] {processor.py:161} INFO - Started process (PID=3293) to work on /opt/airflow/dags/extract_data.py
[2026-03-25T12:19:05.317+0000] {processor.py:830} INFO - Processing file /opt/airflow/dags/extract_data.py for tasks to queue
[2026-03-25T12:19:05.319+0000] {logging_mixin.py:188} INFO - [2026-03-25T12:19:05.319+0000] {dagbag.py:545} INFO - Filling up the DagBag from /opt/airflow/dags/extract_data.py
[2026-03-25T12:19:05.341+0000] {processor.py:842} WARNING - No viable dags retrieved from /opt/airflow/dags/extract_data.py
[2026-03-25T12:19:05.354+0000] {processor.py:183} INFO - Processing /opt/airflow/dags/extract_data.py took 0.044 seconds
[2026-03-25T12:19:36.129+0000] {processor.py:161} INFO - Started process (PID=3319) to work on /opt/airflow/dags/extract_data.py
[2026-03-25T12:19:36.131+0000] {processor.py:830} INFO - Processing file /opt/airflow/dags/extract_data.py for tasks to queue
[2026-03-25T12:19:36.134+0000] {logging_mixin.py:188} INFO - [2026-03-25T12:19:36.133+0000] {dagbag.py:545} INFO - Filling up the DagBag from /opt/airflow/dags/extract_data.py
[2026-03-25T12:19:36.165+0000] {processor.py:842} WARNING - No viable dags retrieved from /opt/airflow/dags/extract_data.py
[2026-03-25T12:19:36.180+0000] {processor.py:183} INFO - Processing /opt/airflow/dags/extract_data.py took 0.058 seconds
[2026-03-25T12:20:06.957+0000] {processor.py:161} INFO - Started process (PID=3345) to work on /opt/airflow/dags/extract_data.py
[2026-03-25T12:20:06.958+0000] {processor.py:830} INFO - Processing file /opt/airflow/dags/extract_data.py for tasks to queue
[2026-03-25T12:20:06.959+0000] {logging_mixin.py:188} INFO - [2026-03-25T12:20:06.959+0000] {dagbag.py:545} INFO - Filling up the DagBag from /opt/airflow/dags/extract_data.py
[2026-03-25T12:20:06.979+0000] {processor.py:842} WARNING - No viable dags retrieved from /opt/airflow/dags/extract_data.py
[2026-03-25T12:20:06.991+0000] {processor.py:183} INFO - Processing /opt/airflow/dags/extract_data.py took 0.040 seconds
[2026-03-25T12:20:37.811+0000] {processor.py:161} INFO - Started process (PID=3371) to work on /opt/airflow/dags/extract_data.py
[2026-03-25T12:20:37.812+0000] {processor.py:830} INFO - Processing file /opt/airflow/dags/extract_data.py for tasks to queue
[2026-03-25T12:20:37.815+0000] {logging_mixin.py:188} INFO - [2026-03-25T12:20:37.814+0000] {dagbag.py:545} INFO - Filling up the DagBag from /opt/airflow/dags/extract_data.py
[2026-03-25T12:20:37.830+0000] {processor.py:842} WARNING - No viable dags retrieved from /opt/airflow/dags/extract_data.py
[2026-03-25T12:20:37.846+0000] {processor.py:183} INFO - Processing /opt/airflow/dags/extract_data.py took 0.041 seconds
[2026-03-25T12:21:08.719+0000] {processor.py:161} INFO - Started process (PID=3397) to work on /opt/airflow/dags/extract_data.py
[2026-03-25T12:21:08.720+0000] {processor.py:830} INFO - Processing file /opt/airflow/dags/extract_data.py for tasks to queue
[2026-03-25T12:21:08.722+0000] {logging_mixin.py:188} INFO - [2026-03-25T12:21:08.721+0000] {dagbag.py:545} INFO - Filling up the DagBag from /opt/airflow/dags/extract_data.py
[2026-03-25T12:21:08.736+0000] {processor.py:842} WARNING - No viable dags retrieved from /opt/airflow/dags/extract_data.py
[2026-03-25T12:21:08.748+0000] {processor.py:183} INFO - Processing /opt/airflow/dags/extract_data.py took 0.035 seconds
[2026-03-25T12:21:39.514+0000] {processor.py:161} INFO - Started process (PID=3423) to work on /opt/airflow/dags/extract_data.py
[2026-03-25T12:21:39.515+0000] {processor.py:830} INFO - Processing file /opt/airflow/dags/extract_data.py for tasks to queue
[2026-03-25T12:21:39.517+0000] {logging_mixin.py:188} INFO - [2026-03-25T12:21:39.517+0000] {dagbag.py:545} INFO - Filling up the DagBag from /opt/airflow/dags/extract_data.py
[2026-03-25T12:21:39.550+0000] {processor.py:842} WARNING - No viable dags retrieved from /opt/airflow/dags/extract_data.py
[2026-03-25T12:21:39.567+0000] {processor.py:183} INFO - Processing /opt/airflow/dags/extract_data.py took 0.060 seconds
[2026-03-25T12:22:10.333+0000] {processor.py:161} INFO - Started process (PID=3455) to work on /opt/airflow/dags/extract_data.py
[2026-03-25T12:22:10.335+0000] {processor.py:830} INFO - Processing file /opt/airflow/dags/extract_data.py for tasks to queue
[2026-03-25T12:22:10.338+0000] {logging_mixin.py:188} INFO - [2026-03-25T12:22:10.337+0000] {dagbag.py:545} INFO - Filling up the DagBag from /opt/airflow/dags/extract_data.py
[2026-03-25T12:22:10.365+0000] {processor.py:842} WARNING - No viable dags retrieved from /opt/airflow/dags/extract_data.py
[2026-03-25T12:22:10.378+0000] {processor.py:183} INFO - Processing /opt/airflow/dags/extract_data.py took 0.051 seconds
[2026-03-25T12:22:41.169+0000] {processor.py:161} INFO - Started process (PID=3481) to work on /opt/airflow/dags/extract_data.py
[2026-03-25T12:22:41.170+0000] {processor.py:830} INFO - Processing file /opt/airflow/dags/extract_data.py for tasks to queue
[2026-03-25T12:22:41.172+0000] {logging_mixin.py:188} INFO - [2026-03-25T12:22:41.172+0000] {dagbag.py:545} INFO - Filling up the DagBag from /opt/airflow/dags/extract_data.py
[2026-03-25T12:22:41.190+0000] {processor.py:842} WARNING - No viable dags retrieved from /opt/airflow/dags/extract_data.py
[2026-03-25T12:22:41.202+0000] {processor.py:183} INFO - Processing /opt/airflow/dags/extract_data.py took 0.039 seconds
[2026-03-25T12:23:12.024+0000] {processor.py:161} INFO - Started process (PID=3507) to work on /opt/airflow/dags/extract_data.py
[2026-03-25T12:23:12.026+0000] {processor.py:830} INFO - Processing file /opt/airflow/dags/extract_data.py for tasks to queue
[2026-03-25T12:23:12.028+0000] {logging_mixin.py:188} INFO - [2026-03-25T12:23:12.027+0000] {dagbag.py:545} INFO - Filling up the DagBag from /opt/airflow/dags/extract_data.py
[2026-03-25T12:23:12.047+0000] {processor.py:842} WARNING - No viable dags retrieved from /opt/airflow/dags/extract_data.py
[2026-03-25T12:23:12.060+0000] {processor.py:183} INFO - Processing /opt/airflow/dags/extract_data.py took 0.043 seconds
[2026-03-25T12:23:43.067+0000] {processor.py:161} INFO - Started process (PID=3533) to work on /opt/airflow/dags/extract_data.py
[2026-03-25T12:23:43.068+0000] {processor.py:830} INFO - Processing file /opt/airflow/dags/extract_data.py for tasks to queue
[2026-03-25T12:23:43.070+0000] {logging_mixin.py:188} INFO - [2026-03-25T12:23:43.069+0000] {dagbag.py:545} INFO - Filling up the DagBag from /opt/airflow/dags/extract_data.py
[2026-03-25T12:23:43.095+0000] {processor.py:842} WARNING - No viable dags retrieved from /opt/airflow/dags/extract_data.py
[2026-03-25T12:23:43.108+0000] {processor.py:183} INFO - Processing /opt/airflow/dags/extract_data.py took 0.047 seconds
[2026-03-25T12:24:13.919+0000] {processor.py:161} INFO - Started process (PID=3559) to work on /opt/airflow/dags/extract_data.py
[2026-03-25T12:24:13.921+0000] {processor.py:830} INFO - Processing file /opt/airflow/dags/extract_data.py for tasks to queue
[2026-03-25T12:24:13.923+0000] {logging_mixin.py:188} INFO - [2026-03-25T12:24:13.923+0000] {dagbag.py:545} INFO - Filling up the DagBag from /opt/airflow/dags/extract_data.py
[2026-03-25T12:24:13.946+0000] {processor.py:842} WARNING - No viable dags retrieved from /opt/airflow/dags/extract_data.py
[2026-03-25T12:24:13.962+0000] {processor.py:183} INFO - Processing /opt/airflow/dags/extract_data.py took 0.049 seconds
[2026-03-25T12:24:44.813+0000] {processor.py:161} INFO - Started process (PID=3585) to work on /opt/airflow/dags/extract_data.py
[2026-03-25T12:24:44.814+0000] {processor.py:830} INFO - Processing file /opt/airflow/dags/extract_data.py for tasks to queue
[2026-03-25T12:24:44.816+0000] {logging_mixin.py:188} INFO - [2026-03-25T12:24:44.816+0000] {dagbag.py:545} INFO - Filling up the DagBag from /opt/airflow/dags/extract_data.py
[2026-03-25T12:24:44.841+0000] {processor.py:842} WARNING - No viable dags retrieved from /opt/airflow/dags/extract_data.py
[2026-03-25T12:24:44.853+0000] {processor.py:183} INFO - Processing /opt/airflow/dags/extract_data.py took 0.046 seconds
[2026-03-25T12:25:15.691+0000] {processor.py:161} INFO - Started process (PID=3611) to work on /opt/airflow/dags/extract_data.py
[2026-03-25T12:25:15.693+0000] {processor.py:830} INFO - Processing file /opt/airflow/dags/extract_data.py for tasks to queue
[2026-03-25T12:25:15.695+0000] {logging_mixin.py:188} INFO - [2026-03-25T12:25:15.695+0000] {dagbag.py:545} INFO - Filling up the DagBag from /opt/airflow/dags/extract_data.py
[2026-03-25T12:25:15.715+0000] {processor.py:842} WARNING - No viable dags retrieved from /opt/airflow/dags/extract_data.py
[2026-03-25T12:25:15.730+0000] {processor.py:183} INFO - Processing /opt/airflow/dags/extract_data.py took 0.046 seconds
[2026-03-25T12:25:46.525+0000] {processor.py:161} INFO - Started process (PID=3637) to work on /opt/airflow/dags/extract_data.py
[2026-03-25T12:25:46.527+0000] {processor.py:830} INFO - Processing file /opt/airflow/dags/extract_data.py for tasks to queue
[2026-03-25T12:25:46.530+0000] {logging_mixin.py:188} INFO - [2026-03-25T12:25:46.529+0000] {dagbag.py:545} INFO - Filling up the DagBag from /opt/airflow/dags/extract_data.py
[2026-03-25T12:25:46.558+0000] {processor.py:842} WARNING - No viable dags retrieved from /opt/airflow/dags/extract_data.py
[2026-03-25T12:25:46.571+0000] {processor.py:183} INFO - Processing /opt/airflow/dags/extract_data.py took 0.052 seconds
[2026-03-25T12:26:17.364+0000] {processor.py:161} INFO - Started process (PID=3663) to work on /opt/airflow/dags/extract_data.py
[2026-03-25T12:26:17.366+0000] {processor.py:830} INFO - Processing file /opt/airflow/dags/extract_data.py for tasks to queue
[2026-03-25T12:26:17.368+0000] {logging_mixin.py:188} INFO - [2026-03-25T12:26:17.368+0000] {dagbag.py:545} INFO - Filling up the DagBag from /opt/airflow/dags/extract_data.py
[2026-03-25T12:26:17.386+0000] {processor.py:842} WARNING - No viable dags retrieved from /opt/airflow/dags/extract_data.py
[2026-03-25T12:26:17.399+0000] {processor.py:183} INFO - Processing /opt/airflow/dags/extract_data.py took 0.040 seconds
[2026-03-25T12:26:48.162+0000] {processor.py:161} INFO - Started process (PID=3689) to work on /opt/airflow/dags/extract_data.py
[2026-03-25T12:26:48.163+0000] {processor.py:830} INFO - Processing file /opt/airflow/dags/extract_data.py for tasks to queue
[2026-03-25T12:26:48.166+0000] {logging_mixin.py:188} INFO - [2026-03-25T12:26:48.166+0000] {dagbag.py:545} INFO - Filling up the DagBag from /opt/airflow/dags/extract_data.py
[2026-03-25T12:26:48.199+0000] {processor.py:842} WARNING - No viable dags retrieved from /opt/airflow/dags/extract_data.py
[2026-03-25T12:26:48.217+0000] {processor.py:183} INFO - Processing /opt/airflow/dags/extract_data.py took 0.063 seconds
[2026-03-25T12:27:19.012+0000] {processor.py:161} INFO - Started process (PID=3715) to work on /opt/airflow/dags/extract_data.py
[2026-03-25T12:27:19.014+0000] {processor.py:830} INFO - Processing file /opt/airflow/dags/extract_data.py for tasks to queue
[2026-03-25T12:27:19.016+0000] {logging_mixin.py:188} INFO - [2026-03-25T12:27:19.016+0000] {dagbag.py:545} INFO - Filling up the DagBag from /opt/airflow/dags/extract_data.py
[2026-03-25T12:27:19.049+0000] {processor.py:842} WARNING - No viable dags retrieved from /opt/airflow/dags/extract_data.py
[2026-03-25T12:27:19.065+0000] {processor.py:183} INFO - Processing /opt/airflow/dags/extract_data.py took 0.061 seconds
[2026-03-25T12:27:49.856+0000] {processor.py:161} INFO - Started process (PID=3741) to work on /opt/airflow/dags/extract_data.py
[2026-03-25T12:27:49.857+0000] {processor.py:830} INFO - Processing file /opt/airflow/dags/extract_data.py for tasks to queue
[2026-03-25T12:27:49.859+0000] {logging_mixin.py:188} INFO - [2026-03-25T12:27:49.859+0000] {dagbag.py:545} INFO - Filling up the DagBag from /opt/airflow/dags/extract_data.py
[2026-03-25T12:27:49.877+0000] {processor.py:842} WARNING - No viable dags retrieved from /opt/airflow/dags/extract_data.py
[2026-03-25T12:27:49.890+0000] {processor.py:183} INFO - Processing /opt/airflow/dags/extract_data.py took 0.041 seconds
[2026-03-25T12:28:20.715+0000] {processor.py:161} INFO - Started process (PID=3767) to work on /opt/airflow/dags/extract_data.py
[2026-03-25T12:28:20.717+0000] {processor.py:830} INFO - Processing file /opt/airflow/dags/extract_data.py for tasks to queue
[2026-03-25T12:28:20.719+0000] {logging_mixin.py:188} INFO - [2026-03-25T12:28:20.719+0000] {dagbag.py:545} INFO - Filling up the DagBag from /opt/airflow/dags/extract_data.py
[2026-03-25T12:28:20.743+0000] {processor.py:842} WARNING - No viable dags retrieved from /opt/airflow/dags/extract_data.py
[2026-03-25T12:28:20.757+0000] {processor.py:183} INFO - Processing /opt/airflow/dags/extract_data.py took 0.049 seconds
[2026-03-25T12:28:51.801+0000] {processor.py:161} INFO - Started process (PID=3793) to work on /opt/airflow/dags/extract_data.py
[2026-03-25T12:28:51.802+0000] {processor.py:830} INFO - Processing file /opt/airflow/dags/extract_data.py for tasks to queue
[2026-03-25T12:28:51.804+0000] {logging_mixin.py:188} INFO - [2026-03-25T12:28:51.803+0000] {dagbag.py:545} INFO - Filling up the DagBag from /opt/airflow/dags/extract_data.py
[2026-03-25T12:28:51.822+0000] {processor.py:842} WARNING - No viable dags retrieved from /opt/airflow/dags/extract_data.py
[2026-03-25T12:28:51.834+0000] {processor.py:183} INFO - Processing /opt/airflow/dags/extract_data.py took 0.039 seconds
[2026-03-25T12:29:22.612+0000] {processor.py:161} INFO - Started process (PID=3819) to work on /opt/airflow/dags/extract_data.py
[2026-03-25T12:29:22.613+0000] {processor.py:830} INFO - Processing file /opt/airflow/dags/extract_data.py for tasks to queue
[2026-03-25T12:29:22.615+0000] {logging_mixin.py:188} INFO - [2026-03-25T12:29:22.615+0000] {dagbag.py:545} INFO - Filling up the DagBag from /opt/airflow/dags/extract_data.py
[2026-03-25T12:29:22.636+0000] {processor.py:842} WARNING - No viable dags retrieved from /opt/airflow/dags/extract_data.py
[2026-03-25T12:29:22.651+0000] {processor.py:183} INFO - Processing /opt/airflow/dags/extract_data.py took 0.046 seconds
[2026-03-25T12:29:53.482+0000] {processor.py:161} INFO - Started process (PID=3845) to work on /opt/airflow/dags/extract_data.py
[2026-03-25T12:29:53.483+0000] {processor.py:830} INFO - Processing file /opt/airflow/dags/extract_data.py for tasks to queue
[2026-03-25T12:29:53.485+0000] {logging_mixin.py:188} INFO - [2026-03-25T12:29:53.485+0000] {dagbag.py:545} INFO - Filling up the DagBag from /opt/airflow/dags/extract_data.py
[2026-03-25T12:29:53.513+0000] {processor.py:842} WARNING - No viable dags retrieved from /opt/airflow/dags/extract_data.py
[2026-03-25T12:29:53.527+0000] {processor.py:183} INFO - Processing /opt/airflow/dags/extract_data.py took 0.051 seconds
[2026-03-25T12:30:24.287+0000] {processor.py:161} INFO - Started process (PID=3871) to work on /opt/airflow/dags/extract_data.py
[2026-03-25T12:30:24.289+0000] {processor.py:830} INFO - Processing file /opt/airflow/dags/extract_data.py for tasks to queue
[2026-03-25T12:30:24.291+0000] {logging_mixin.py:188} INFO - [2026-03-25T12:30:24.291+0000] {dagbag.py:545} INFO - Filling up the DagBag from /opt/airflow/dags/extract_data.py
[2026-03-25T12:30:24.316+0000] {processor.py:842} WARNING - No viable dags retrieved from /opt/airflow/dags/extract_data.py
[2026-03-25T12:30:24.330+0000] {processor.py:183} INFO - Processing /opt/airflow/dags/extract_data.py took 0.048 seconds
[2026-03-25T12:30:55.156+0000] {processor.py:161} INFO - Started process (PID=3897) to work on /opt/airflow/dags/extract_data.py
[2026-03-25T12:30:55.157+0000] {processor.py:830} INFO - Processing file /opt/airflow/dags/extract_data.py for tasks to queue
[2026-03-25T12:30:55.159+0000] {logging_mixin.py:188} INFO - [2026-03-25T12:30:55.159+0000] {dagbag.py:545} INFO - Filling up the DagBag from /opt/airflow/dags/extract_data.py
[2026-03-25T12:30:55.191+0000] {processor.py:842} WARNING - No viable dags retrieved from /opt/airflow/dags/extract_data.py
[2026-03-25T12:30:55.206+0000] {processor.py:183} INFO - Processing /opt/airflow/dags/extract_data.py took 0.057 seconds
[2026-03-25T12:31:26.071+0000] {processor.py:161} INFO - Started process (PID=3923) to work on /opt/airflow/dags/extract_data.py
[2026-03-25T12:31:26.072+0000] {processor.py:830} INFO - Processing file /opt/airflow/dags/extract_data.py for tasks to queue
[2026-03-25T12:31:26.075+0000] {logging_mixin.py:188} INFO - [2026-03-25T12:31:26.075+0000] {dagbag.py:545} INFO - Filling up the DagBag from /opt/airflow/dags/extract_data.py
[2026-03-25T12:31:26.106+0000] {processor.py:842} WARNING - No viable dags retrieved from /opt/airflow/dags/extract_data.py
[2026-03-25T12:31:26.119+0000] {processor.py:183} INFO - Processing /opt/airflow/dags/extract_data.py took 0.054 seconds
[2026-03-25T12:31:56.944+0000] {processor.py:161} INFO - Started process (PID=3949) to work on /opt/airflow/dags/extract_data.py
[2026-03-25T12:31:56.946+0000] {processor.py:830} INFO - Processing file /opt/airflow/dags/extract_data.py for tasks to queue
[2026-03-25T12:31:56.948+0000] {logging_mixin.py:188} INFO - [2026-03-25T12:31:56.948+0000] {dagbag.py:545} INFO - Filling up the DagBag from /opt/airflow/dags/extract_data.py
[2026-03-25T12:31:56.982+0000] {processor.py:842} WARNING - No viable dags retrieved from /opt/airflow/dags/extract_data.py
[2026-03-25T12:31:56.997+0000] {processor.py:183} INFO - Processing /opt/airflow/dags/extract_data.py took 0.060 seconds
[2026-03-25T12:32:27.809+0000] {processor.py:161} INFO - Started process (PID=3975) to work on /opt/airflow/dags/extract_data.py
[2026-03-25T12:32:27.810+0000] {processor.py:830} INFO - Processing file /opt/airflow/dags/extract_data.py for tasks to queue
[2026-03-25T12:32:27.812+0000] {logging_mixin.py:188} INFO - [2026-03-25T12:32:27.812+0000] {dagbag.py:545} INFO - Filling up the DagBag from /opt/airflow/dags/extract_data.py
[2026-03-25T12:32:27.829+0000] {processor.py:842} WARNING - No viable dags retrieved from /opt/airflow/dags/extract_data.py
[2026-03-25T12:32:27.841+0000] {processor.py:183} INFO - Processing /opt/airflow/dags/extract_data.py took 0.039 seconds
[2026-03-25T12:32:58.659+0000] {processor.py:161} INFO - Started process (PID=4001) to work on /opt/airflow/dags/extract_data.py
[2026-03-25T12:32:58.660+0000] {processor.py:830} INFO - Processing file /opt/airflow/dags/extract_data.py for tasks to queue
[2026-03-25T12:32:58.663+0000] {logging_mixin.py:188} INFO - [2026-03-25T12:32:58.663+0000] {dagbag.py:545} INFO - Filling up the DagBag from /opt/airflow/dags/extract_data.py
[2026-03-25T12:32:58.687+0000] {processor.py:842} WARNING - No viable dags retrieved from /opt/airflow/dags/extract_data.py
[2026-03-25T12:32:58.701+0000] {processor.py:183} INFO - Processing /opt/airflow/dags/extract_data.py took 0.050 seconds
[2026-03-25T12:33:29.458+0000] {processor.py:161} INFO - Started process (PID=4027) to work on /opt/airflow/dags/extract_data.py
[2026-03-25T12:33:29.459+0000] {processor.py:830} INFO - Processing file /opt/airflow/dags/extract_data.py for tasks to queue
[2026-03-25T12:33:29.461+0000] {logging_mixin.py:188} INFO - [2026-03-25T12:33:29.461+0000] {dagbag.py:545} INFO - Filling up the DagBag from /opt/airflow/dags/extract_data.py
[2026-03-25T12:33:29.487+0000] {processor.py:842} WARNING - No viable dags retrieved from /opt/airflow/dags/extract_data.py
[2026-03-25T12:33:29.501+0000] {processor.py:183} INFO - Processing /opt/airflow/dags/extract_data.py took 0.050 seconds
[2026-03-25T12:34:00.443+0000] {processor.py:161} INFO - Started process (PID=4053) to work on /opt/airflow/dags/extract_data.py
[2026-03-25T12:34:00.445+0000] {processor.py:830} INFO - Processing file /opt/airflow/dags/extract_data.py for tasks to queue
[2026-03-25T12:34:00.447+0000] {logging_mixin.py:188} INFO - [2026-03-25T12:34:00.447+0000] {dagbag.py:545} INFO - Filling up the DagBag from /opt/airflow/dags/extract_data.py
[2026-03-25T12:34:00.469+0000] {processor.py:842} WARNING - No viable dags retrieved from /opt/airflow/dags/extract_data.py
[2026-03-25T12:34:00.482+0000] {processor.py:183} INFO - Processing /opt/airflow/dags/extract_data.py took 0.046 seconds
[2026-03-25T12:34:31.265+0000] {processor.py:161} INFO - Started process (PID=4079) to work on /opt/airflow/dags/extract_data.py
[2026-03-25T12:34:31.266+0000] {processor.py:830} INFO - Processing file /opt/airflow/dags/extract_data.py for tasks to queue
[2026-03-25T12:34:31.268+0000] {logging_mixin.py:188} INFO - [2026-03-25T12:34:31.268+0000] {dagbag.py:545} INFO - Filling up the DagBag from /opt/airflow/dags/extract_data.py
[2026-03-25T12:34:31.292+0000] {processor.py:842} WARNING - No viable dags retrieved from /opt/airflow/dags/extract_data.py
[2026-03-25T12:34:31.305+0000] {processor.py:183} INFO - Processing /opt/airflow/dags/extract_data.py took 0.046 seconds
[2026-03-25T12:35:02.100+0000] {processor.py:161} INFO - Started process (PID=4105) to work on /opt/airflow/dags/extract_data.py
[2026-03-25T12:35:02.102+0000] {processor.py:830} INFO - Processing file /opt/airflow/dags/extract_data.py for tasks to queue
[2026-03-25T12:35:02.104+0000] {logging_mixin.py:188} INFO - [2026-03-25T12:35:02.104+0000] {dagbag.py:545} INFO - Filling up the DagBag from /opt/airflow/dags/extract_data.py
[2026-03-25T12:35:02.121+0000] {processor.py:842} WARNING - No viable dags retrieved from /opt/airflow/dags/extract_data.py
[2026-03-25T12:35:02.134+0000] {processor.py:183} INFO - Processing /opt/airflow/dags/extract_data.py took 0.040 seconds
[2026-03-25T12:35:32.944+0000] {processor.py:161} INFO - Started process (PID=4131) to work on /opt/airflow/dags/extract_data.py
[2026-03-25T12:35:32.945+0000] {processor.py:830} INFO - Processing file /opt/airflow/dags/extract_data.py for tasks to queue
[2026-03-25T12:35:32.947+0000] {logging_mixin.py:188} INFO - [2026-03-25T12:35:32.946+0000] {dagbag.py:545} INFO - Filling up the DagBag from /opt/airflow/dags/extract_data.py
[2026-03-25T12:35:32.961+0000] {processor.py:842} WARNING - No viable dags retrieved from /opt/airflow/dags/extract_data.py
[2026-03-25T12:35:32.974+0000] {processor.py:183} INFO - Processing /opt/airflow/dags/extract_data.py took 0.037 seconds
[2026-03-25T12:36:03.806+0000] {processor.py:161} INFO - Started process (PID=4157) to work on /opt/airflow/dags/extract_data.py
[2026-03-25T12:36:03.807+0000] {processor.py:830} INFO - Processing file /opt/airflow/dags/extract_data.py for tasks to queue
[2026-03-25T12:36:03.809+0000] {logging_mixin.py:188} INFO - [2026-03-25T12:36:03.809+0000] {dagbag.py:545} INFO - Filling up the DagBag from /opt/airflow/dags/extract_data.py
[2026-03-25T12:36:03.825+0000] {processor.py:842} WARNING - No viable dags retrieved from /opt/airflow/dags/extract_data.py
[2026-03-25T12:36:03.838+0000] {processor.py:183} INFO - Processing /opt/airflow/dags/extract_data.py took 0.038 seconds
[2026-03-25T12:36:34.607+0000] {processor.py:161} INFO - Started process (PID=4183) to work on /opt/airflow/dags/extract_data.py
[2026-03-25T12:36:34.608+0000] {processor.py:830} INFO - Processing file /opt/airflow/dags/extract_data.py for tasks to queue
[2026-03-25T12:36:34.609+0000] {logging_mixin.py:188} INFO - [2026-03-25T12:36:34.609+0000] {dagbag.py:545} INFO - Filling up the DagBag from /opt/airflow/dags/extract_data.py
[2026-03-25T12:36:34.621+0000] {processor.py:842} WARNING - No viable dags retrieved from /opt/airflow/dags/extract_data.py
[2026-03-25T12:36:34.635+0000] {processor.py:183} INFO - Processing /opt/airflow/dags/extract_data.py took 0.034 seconds
[2026-03-25T12:37:05.461+0000] {processor.py:161} INFO - Started process (PID=4209) to work on /opt/airflow/dags/extract_data.py
[2026-03-25T12:37:05.463+0000] {processor.py:830} INFO - Processing file /opt/airflow/dags/extract_data.py for tasks to queue
[2026-03-25T12:37:05.466+0000] {logging_mixin.py:188} INFO - [2026-03-25T12:37:05.466+0000] {dagbag.py:545} INFO - Filling up the DagBag from /opt/airflow/dags/extract_data.py
[2026-03-25T12:37:05.498+0000] {processor.py:842} WARNING - No viable dags retrieved from /opt/airflow/dags/extract_data.py
[2026-03-25T12:37:05.513+0000] {processor.py:183} INFO - Processing /opt/airflow/dags/extract_data.py took 0.057 seconds
[2026-03-25T12:37:36.348+0000] {processor.py:161} INFO - Started process (PID=4235) to work on /opt/airflow/dags/extract_data.py
[2026-03-25T12:37:36.349+0000] {processor.py:830} INFO - Processing file /opt/airflow/dags/extract_data.py for tasks to queue
[2026-03-25T12:37:36.351+0000] {logging_mixin.py:188} INFO - [2026-03-25T12:37:36.351+0000] {dagbag.py:545} INFO - Filling up the DagBag from /opt/airflow/dags/extract_data.py
[2026-03-25T12:37:36.363+0000] {processor.py:842} WARNING - No viable dags retrieved from /opt/airflow/dags/extract_data.py
[2026-03-25T12:37:36.375+0000] {processor.py:183} INFO - Processing /opt/airflow/dags/extract_data.py took 0.033 seconds
[2026-03-25T12:38:07.187+0000] {processor.py:161} INFO - Started process (PID=4261) to work on /opt/airflow/dags/extract_data.py
[2026-03-25T12:38:07.188+0000] {processor.py:830} INFO - Processing file /opt/airflow/dags/extract_data.py for tasks to queue
[2026-03-25T12:38:07.190+0000] {logging_mixin.py:188} INFO - [2026-03-25T12:38:07.190+0000] {dagbag.py:545} INFO - Filling up the DagBag from /opt/airflow/dags/extract_data.py
[2026-03-25T12:38:07.209+0000] {processor.py:842} WARNING - No viable dags retrieved from /opt/airflow/dags/extract_data.py
[2026-03-25T12:38:07.224+0000] {processor.py:183} INFO - Processing /opt/airflow/dags/extract_data.py took 0.044 seconds
[2026-03-25T12:38:38.192+0000] {processor.py:161} INFO - Started process (PID=4287) to work on /opt/airflow/dags/extract_data.py
[2026-03-25T12:38:38.193+0000] {processor.py:830} INFO - Processing file /opt/airflow/dags/extract_data.py for tasks to queue
[2026-03-25T12:38:38.195+0000] {logging_mixin.py:188} INFO - [2026-03-25T12:38:38.195+0000] {dagbag.py:545} INFO - Filling up the DagBag from /opt/airflow/dags/extract_data.py
[2026-03-25T12:38:38.214+0000] {processor.py:842} WARNING - No viable dags retrieved from /opt/airflow/dags/extract_data.py
[2026-03-25T12:38:38.226+0000] {processor.py:183} INFO - Processing /opt/airflow/dags/extract_data.py took 0.040 seconds
[2026-03-25T12:39:09.063+0000] {processor.py:161} INFO - Started process (PID=4313) to work on /opt/airflow/dags/extract_data.py
[2026-03-25T12:39:09.065+0000] {processor.py:830} INFO - Processing file /opt/airflow/dags/extract_data.py for tasks to queue
[2026-03-25T12:39:09.067+0000] {logging_mixin.py:188} INFO - [2026-03-25T12:39:09.067+0000] {dagbag.py:545} INFO - Filling up the DagBag from /opt/airflow/dags/extract_data.py
[2026-03-25T12:39:09.099+0000] {processor.py:842} WARNING - No viable dags retrieved from /opt/airflow/dags/extract_data.py
[2026-03-25T12:39:09.114+0000] {processor.py:183} INFO - Processing /opt/airflow/dags/extract_data.py took 0.057 seconds
[2026-03-25T12:39:39.893+0000] {processor.py:161} INFO - Started process (PID=4339) to work on /opt/airflow/dags/extract_data.py
[2026-03-25T12:39:39.895+0000] {processor.py:830} INFO - Processing file /opt/airflow/dags/extract_data.py for tasks to queue
[2026-03-25T12:39:39.896+0000] {logging_mixin.py:188} INFO - [2026-03-25T12:39:39.896+0000] {dagbag.py:545} INFO - Filling up the DagBag from /opt/airflow/dags/extract_data.py
[2026-03-25T12:39:39.915+0000] {processor.py:842} WARNING - No viable dags retrieved from /opt/airflow/dags/extract_data.py
[2026-03-25T12:39:39.928+0000] {processor.py:183} INFO - Processing /opt/airflow/dags/extract_data.py took 0.041 seconds
[2026-03-25T12:40:10.752+0000] {processor.py:161} INFO - Started process (PID=4365) to work on /opt/airflow/dags/extract_data.py
[2026-03-25T12:40:10.753+0000] {processor.py:830} INFO - Processing file /opt/airflow/dags/extract_data.py for tasks to queue
[2026-03-25T12:40:10.756+0000] {logging_mixin.py:188} INFO - [2026-03-25T12:40:10.755+0000] {dagbag.py:545} INFO - Filling up the DagBag from /opt/airflow/dags/extract_data.py
[2026-03-25T12:40:10.784+0000] {processor.py:842} WARNING - No viable dags retrieved from /opt/airflow/dags/extract_data.py
[2026-03-25T12:40:10.796+0000] {processor.py:183} INFO - Processing /opt/airflow/dags/extract_data.py took 0.050 seconds
[2026-03-25T12:40:41.616+0000] {processor.py:161} INFO - Started process (PID=4391) to work on /opt/airflow/dags/extract_data.py
[2026-03-25T12:40:41.617+0000] {processor.py:830} INFO - Processing file /opt/airflow/dags/extract_data.py for tasks to queue
[2026-03-25T12:40:41.620+0000] {logging_mixin.py:188} INFO - [2026-03-25T12:40:41.619+0000] {dagbag.py:545} INFO - Filling up the DagBag from /opt/airflow/dags/extract_data.py
[2026-03-25T12:40:41.639+0000] {processor.py:842} WARNING - No viable dags retrieved from /opt/airflow/dags/extract_data.py
[2026-03-25T12:40:41.652+0000] {processor.py:183} INFO - Processing /opt/airflow/dags/extract_data.py took 0.042 seconds
[2026-03-25T12:41:12.364+0000] {processor.py:161} INFO - Started process (PID=4417) to work on /opt/airflow/dags/extract_data.py
[2026-03-25T12:41:12.365+0000] {processor.py:830} INFO - Processing file /opt/airflow/dags/extract_data.py for tasks to queue
[2026-03-25T12:41:12.367+0000] {logging_mixin.py:188} INFO - [2026-03-25T12:41:12.367+0000] {dagbag.py:545} INFO - Filling up the DagBag from /opt/airflow/dags/extract_data.py
[2026-03-25T12:41:12.400+0000] {processor.py:842} WARNING - No viable dags retrieved from /opt/airflow/dags/extract_data.py
[2026-03-25T12:41:12.416+0000] {processor.py:183} INFO - Processing /opt/airflow/dags/extract_data.py took 0.057 seconds
[2026-03-25T12:41:43.195+0000] {processor.py:161} INFO - Started process (PID=4449) to work on /opt/airflow/dags/extract_data.py
[2026-03-25T12:41:43.196+0000] {processor.py:830} INFO - Processing file /opt/airflow/dags/extract_data.py for tasks to queue
[2026-03-25T12:41:43.198+0000] {logging_mixin.py:188} INFO - [2026-03-25T12:41:43.198+0000] {dagbag.py:545} INFO - Filling up the DagBag from /opt/airflow/dags/extract_data.py
[2026-03-25T12:41:43.210+0000] {processor.py:842} WARNING - No viable dags retrieved from /opt/airflow/dags/extract_data.py
[2026-03-25T12:41:43.223+0000] {processor.py:183} INFO - Processing /opt/airflow/dags/extract_data.py took 0.035 seconds
[2026-03-25T12:42:14.050+0000] {processor.py:161} INFO - Started process (PID=4476) to work on /opt/airflow/dags/extract_data.py
[2026-03-25T12:42:14.051+0000] {processor.py:830} INFO - Processing file /opt/airflow/dags/extract_data.py for tasks to queue
[2026-03-25T12:42:14.053+0000] {logging_mixin.py:188} INFO - [2026-03-25T12:42:14.053+0000] {dagbag.py:545} INFO - Filling up the DagBag from /opt/airflow/dags/extract_data.py
[2026-03-25T12:42:14.075+0000] {processor.py:842} WARNING - No viable dags retrieved from /opt/airflow/dags/extract_data.py
[2026-03-25T12:42:14.089+0000] {processor.py:183} INFO - Processing /opt/airflow/dags/extract_data.py took 0.045 seconds
[2026-03-25T12:42:44.925+0000] {processor.py:161} INFO - Started process (PID=4502) to work on /opt/airflow/dags/extract_data.py
[2026-03-25T12:42:44.927+0000] {processor.py:830} INFO - Processing file /opt/airflow/dags/extract_data.py for tasks to queue
[2026-03-25T12:42:44.929+0000] {logging_mixin.py:188} INFO - [2026-03-25T12:42:44.929+0000] {dagbag.py:545} INFO - Filling up the DagBag from /opt/airflow/dags/extract_data.py
[2026-03-25T12:42:44.946+0000] {processor.py:842} WARNING - No viable dags retrieved from /opt/airflow/dags/extract_data.py
[2026-03-25T12:42:44.959+0000] {processor.py:183} INFO - Processing /opt/airflow/dags/extract_data.py took 0.040 seconds
[2026-03-25T12:43:15.760+0000] {processor.py:161} INFO - Started process (PID=4528) to work on /opt/airflow/dags/extract_data.py
[2026-03-25T12:43:15.761+0000] {processor.py:830} INFO - Processing file /opt/airflow/dags/extract_data.py for tasks to queue
[2026-03-25T12:43:15.763+0000] {logging_mixin.py:188} INFO - [2026-03-25T12:43:15.763+0000] {dagbag.py:545} INFO - Filling up the DagBag from /opt/airflow/dags/extract_data.py
[2026-03-25T12:43:15.778+0000] {processor.py:842} WARNING - No viable dags retrieved from /opt/airflow/dags/extract_data.py
[2026-03-25T12:43:15.790+0000] {processor.py:183} INFO - Processing /opt/airflow/dags/extract_data.py took 0.037 seconds
[2026-03-25T12:43:46.767+0000] {processor.py:161} INFO - Started process (PID=4554) to work on /opt/airflow/dags/extract_data.py
[2026-03-25T12:43:46.769+0000] {processor.py:830} INFO - Processing file /opt/airflow/dags/extract_data.py for tasks to queue
[2026-03-25T12:43:46.771+0000] {logging_mixin.py:188} INFO - [2026-03-25T12:43:46.771+0000] {dagbag.py:545} INFO - Filling up the DagBag from /opt/airflow/dags/extract_data.py
[2026-03-25T12:43:46.791+0000] {processor.py:842} WARNING - No viable dags retrieved from /opt/airflow/dags/extract_data.py
[2026-03-25T12:43:46.804+0000] {processor.py:183} INFO - Processing /opt/airflow/dags/extract_data.py took 0.042 seconds
[2026-03-25T12:44:17.601+0000] {processor.py:161} INFO - Started process (PID=4580) to work on /opt/airflow/dags/extract_data.py
[2026-03-25T12:44:17.602+0000] {processor.py:830} INFO - Processing file /opt/airflow/dags/extract_data.py for tasks to queue
[2026-03-25T12:44:17.604+0000] {logging_mixin.py:188} INFO - [2026-03-25T12:44:17.604+0000] {dagbag.py:545} INFO - Filling up the DagBag from /opt/airflow/dags/extract_data.py
[2026-03-25T12:44:17.618+0000] {processor.py:842} WARNING - No viable dags retrieved from /opt/airflow/dags/extract_data.py
[2026-03-25T12:44:17.633+0000] {processor.py:183} INFO - Processing /opt/airflow/dags/extract_data.py took 0.039 seconds
[2026-03-25T12:44:48.442+0000] {processor.py:161} INFO - Started process (PID=4606) to work on /opt/airflow/dags/extract_data.py
[2026-03-25T12:44:48.444+0000] {processor.py:830} INFO - Processing file /opt/airflow/dags/extract_data.py for tasks to queue
[2026-03-25T12:44:48.447+0000] {logging_mixin.py:188} INFO - [2026-03-25T12:44:48.447+0000] {dagbag.py:545} INFO - Filling up the DagBag from /opt/airflow/dags/extract_data.py
[2026-03-25T12:44:48.477+0000] {processor.py:842} WARNING - No viable dags retrieved from /opt/airflow/dags/extract_data.py
[2026-03-25T12:44:48.491+0000] {processor.py:183} INFO - Processing /opt/airflow/dags/extract_data.py took 0.055 seconds
[2026-03-25T12:45:19.300+0000] {processor.py:161} INFO - Started process (PID=4632) to work on /opt/airflow/dags/extract_data.py
[2026-03-25T12:45:19.301+0000] {processor.py:830} INFO - Processing file /opt/airflow/dags/extract_data.py for tasks to queue
[2026-03-25T12:45:19.303+0000] {logging_mixin.py:188} INFO - [2026-03-25T12:45:19.303+0000] {dagbag.py:545} INFO - Filling up the DagBag from /opt/airflow/dags/extract_data.py
[2026-03-25T12:45:19.319+0000] {processor.py:842} WARNING - No viable dags retrieved from /opt/airflow/dags/extract_data.py
[2026-03-25T12:45:19.335+0000] {processor.py:183} INFO - Processing /opt/airflow/dags/extract_data.py took 0.043 seconds
[2026-03-25T12:45:50.140+0000] {processor.py:161} INFO - Started process (PID=4659) to work on /opt/airflow/dags/extract_data.py
[2026-03-25T12:45:50.142+0000] {processor.py:830} INFO - Processing file /opt/airflow/dags/extract_data.py for tasks to queue
[2026-03-25T12:45:50.144+0000] {logging_mixin.py:188} INFO - [2026-03-25T12:45:50.144+0000] {dagbag.py:545} INFO - Filling up the DagBag from /opt/airflow/dags/extract_data.py
[2026-03-25T12:45:50.171+0000] {processor.py:842} WARNING - No viable dags retrieved from /opt/airflow/dags/extract_data.py
[2026-03-25T12:45:50.186+0000] {processor.py:183} INFO - Processing /opt/airflow/dags/extract_data.py took 0.052 seconds
[2026-03-25T12:46:21.038+0000] {processor.py:161} INFO - Started process (PID=4685) to work on /opt/airflow/dags/extract_data.py
[2026-03-25T12:46:21.040+0000] {processor.py:830} INFO - Processing file /opt/airflow/dags/extract_data.py for tasks to queue
[2026-03-25T12:46:21.048+0000] {logging_mixin.py:188} INFO - [2026-03-25T12:46:21.048+0000] {dagbag.py:545} INFO - Filling up the DagBag from /opt/airflow/dags/extract_data.py
[2026-03-25T12:46:21.084+0000] {processor.py:842} WARNING - No viable dags retrieved from /opt/airflow/dags/extract_data.py
[2026-03-25T12:46:21.098+0000] {processor.py:183} INFO - Processing /opt/airflow/dags/extract_data.py took 0.066 seconds
[2026-03-25T12:46:51.963+0000] {processor.py:161} INFO - Started process (PID=4711) to work on /opt/airflow/dags/extract_data.py
[2026-03-25T12:46:51.964+0000] {processor.py:830} INFO - Processing file /opt/airflow/dags/extract_data.py for tasks to queue
[2026-03-25T12:46:51.966+0000] {logging_mixin.py:188} INFO - [2026-03-25T12:46:51.966+0000] {dagbag.py:545} INFO - Filling up the DagBag from /opt/airflow/dags/extract_data.py
[2026-03-25T12:46:51.979+0000] {processor.py:842} WARNING - No viable dags retrieved from /opt/airflow/dags/extract_data.py
[2026-03-25T12:46:51.991+0000] {processor.py:183} INFO - Processing /opt/airflow/dags/extract_data.py took 0.034 seconds
[2026-03-25T12:47:22.823+0000] {processor.py:161} INFO - Started process (PID=4737) to work on /opt/airflow/dags/extract_data.py
[2026-03-25T12:47:22.824+0000] {processor.py:830} INFO - Processing file /opt/airflow/dags/extract_data.py for tasks to queue
[2026-03-25T12:47:22.827+0000] {logging_mixin.py:188} INFO - [2026-03-25T12:47:22.826+0000] {dagbag.py:545} INFO - Filling up the DagBag from /opt/airflow/dags/extract_data.py
[2026-03-25T12:47:22.852+0000] {processor.py:842} WARNING - No viable dags retrieved from /opt/airflow/dags/extract_data.py
[2026-03-25T12:47:22.865+0000] {processor.py:183} INFO - Processing /opt/airflow/dags/extract_data.py took 0.049 seconds
[2026-03-25T12:47:53.671+0000] {processor.py:161} INFO - Started process (PID=4763) to work on /opt/airflow/dags/extract_data.py
[2026-03-25T12:47:53.673+0000] {processor.py:830} INFO - Processing file /opt/airflow/dags/extract_data.py for tasks to queue
[2026-03-25T12:47:53.675+0000] {logging_mixin.py:188} INFO - [2026-03-25T12:47:53.674+0000] {dagbag.py:545} INFO - Filling up the DagBag from /opt/airflow/dags/extract_data.py
[2026-03-25T12:47:53.689+0000] {processor.py:842} WARNING - No viable dags retrieved from /opt/airflow/dags/extract_data.py
[2026-03-25T12:47:53.701+0000] {processor.py:183} INFO - Processing /opt/airflow/dags/extract_data.py took 0.035 seconds
[2026-03-25T12:48:24.534+0000] {processor.py:161} INFO - Started process (PID=4789) to work on /opt/airflow/dags/extract_data.py
[2026-03-25T12:48:24.536+0000] {processor.py:830} INFO - Processing file /opt/airflow/dags/extract_data.py for tasks to queue
[2026-03-25T12:48:24.537+0000] {logging_mixin.py:188} INFO - [2026-03-25T12:48:24.537+0000] {dagbag.py:545} INFO - Filling up the DagBag from /opt/airflow/dags/extract_data.py
[2026-03-25T12:48:24.550+0000] {processor.py:842} WARNING - No viable dags retrieved from /opt/airflow/dags/extract_data.py
[2026-03-25T12:48:24.562+0000] {processor.py:183} INFO - Processing /opt/airflow/dags/extract_data.py took 0.034 seconds
[2026-03-25T12:48:55.456+0000] {processor.py:161} INFO - Started process (PID=4815) to work on /opt/airflow/dags/extract_data.py
[2026-03-25T12:48:55.457+0000] {processor.py:830} INFO - Processing file /opt/airflow/dags/extract_data.py for tasks to queue
[2026-03-25T12:48:55.459+0000] {logging_mixin.py:188} INFO - [2026-03-25T12:48:55.459+0000] {dagbag.py:545} INFO - Filling up the DagBag from /opt/airflow/dags/extract_data.py
[2026-03-25T12:48:55.487+0000] {processor.py:842} WARNING - No viable dags retrieved from /opt/airflow/dags/extract_data.py
[2026-03-25T12:48:55.500+0000] {processor.py:183} INFO - Processing /opt/airflow/dags/extract_data.py took 0.051 seconds
[2026-03-25T12:49:26.297+0000] {processor.py:161} INFO - Started process (PID=4841) to work on /opt/airflow/dags/extract_data.py
[2026-03-25T12:49:26.299+0000] {processor.py:830} INFO - Processing file /opt/airflow/dags/extract_data.py for tasks to queue
[2026-03-25T12:49:26.301+0000] {logging_mixin.py:188} INFO - [2026-03-25T12:49:26.301+0000] {dagbag.py:545} INFO - Filling up the DagBag from /opt/airflow/dags/extract_data.py
[2026-03-25T12:49:26.334+0000] {processor.py:842} WARNING - No viable dags retrieved from /opt/airflow/dags/extract_data.py
[2026-03-25T12:49:26.350+0000] {processor.py:183} INFO - Processing /opt/airflow/dags/extract_data.py took 0.060 seconds
[2026-03-25T12:49:57.174+0000] {processor.py:161} INFO - Started process (PID=4867) to work on /opt/airflow/dags/extract_data.py
[2026-03-25T12:49:57.175+0000] {processor.py:830} INFO - Processing file /opt/airflow/dags/extract_data.py for tasks to queue
[2026-03-25T12:49:57.178+0000] {logging_mixin.py:188} INFO - [2026-03-25T12:49:57.177+0000] {dagbag.py:545} INFO - Filling up the DagBag from /opt/airflow/dags/extract_data.py
[2026-03-25T12:49:57.203+0000] {processor.py:842} WARNING - No viable dags retrieved from /opt/airflow/dags/extract_data.py
[2026-03-25T12:49:57.226+0000] {processor.py:183} INFO - Processing /opt/airflow/dags/extract_data.py took 0.060 seconds
[2026-03-25T12:50:28.048+0000] {processor.py:161} INFO - Started process (PID=4893) to work on /opt/airflow/dags/extract_data.py
[2026-03-25T12:50:28.049+0000] {processor.py:830} INFO - Processing file /opt/airflow/dags/extract_data.py for tasks to queue
[2026-03-25T12:50:28.051+0000] {logging_mixin.py:188} INFO - [2026-03-25T12:50:28.051+0000] {dagbag.py:545} INFO - Filling up the DagBag from /opt/airflow/dags/extract_data.py
[2026-03-25T12:50:28.081+0000] {processor.py:842} WARNING - No viable dags retrieved from /opt/airflow/dags/extract_data.py
[2026-03-25T12:50:28.094+0000] {processor.py:183} INFO - Processing /opt/airflow/dags/extract_data.py took 0.053 seconds
[2026-03-25T12:50:58.938+0000] {processor.py:161} INFO - Started process (PID=4919) to work on /opt/airflow/dags/extract_data.py
[2026-03-25T12:50:58.939+0000] {processor.py:830} INFO - Processing file /opt/airflow/dags/extract_data.py for tasks to queue
[2026-03-25T12:50:58.941+0000] {logging_mixin.py:188} INFO - [2026-03-25T12:50:58.940+0000] {dagbag.py:545} INFO - Filling up the DagBag from /opt/airflow/dags/extract_data.py
[2026-03-25T12:50:58.952+0000] {processor.py:842} WARNING - No viable dags retrieved from /opt/airflow/dags/extract_data.py
[2026-03-25T12:50:58.964+0000] {processor.py:183} INFO - Processing /opt/airflow/dags/extract_data.py took 0.033 seconds
[2026-03-25T12:51:29.674+0000] {processor.py:161} INFO - Started process (PID=4945) to work on /opt/airflow/dags/extract_data.py
[2026-03-25T12:51:29.676+0000] {processor.py:830} INFO - Processing file /opt/airflow/dags/extract_data.py for tasks to queue
[2026-03-25T12:51:29.678+0000] {logging_mixin.py:188} INFO - [2026-03-25T12:51:29.678+0000] {dagbag.py:545} INFO - Filling up the DagBag from /opt/airflow/dags/extract_data.py
[2026-03-25T12:51:29.718+0000] {processor.py:842} WARNING - No viable dags retrieved from /opt/airflow/dags/extract_data.py
[2026-03-25T12:51:29.736+0000] {processor.py:183} INFO - Processing /opt/airflow/dags/extract_data.py took 0.068 seconds
[2026-03-25T12:52:00.484+0000] {processor.py:161} INFO - Started process (PID=4971) to work on /opt/airflow/dags/extract_data.py
[2026-03-25T12:52:00.486+0000] {processor.py:830} INFO - Processing file /opt/airflow/dags/extract_data.py for tasks to queue
[2026-03-25T12:52:00.489+0000] {logging_mixin.py:188} INFO - [2026-03-25T12:52:00.488+0000] {dagbag.py:545} INFO - Filling up the DagBag from /opt/airflow/dags/extract_data.py
[2026-03-25T12:52:00.512+0000] {processor.py:842} WARNING - No viable dags retrieved from /opt/airflow/dags/extract_data.py
[2026-03-25T12:52:00.529+0000] {processor.py:183} INFO - Processing /opt/airflow/dags/extract_data.py took 0.053 seconds
[2026-03-25T12:52:31.374+0000] {processor.py:161} INFO - Started process (PID=4997) to work on /opt/airflow/dags/extract_data.py
[2026-03-25T12:52:31.376+0000] {processor.py:830} INFO - Processing file /opt/airflow/dags/extract_data.py for tasks to queue
[2026-03-25T12:52:31.378+0000] {logging_mixin.py:188} INFO - [2026-03-25T12:52:31.378+0000] {dagbag.py:545} INFO - Filling up the DagBag from /opt/airflow/dags/extract_data.py
[2026-03-25T12:52:31.405+0000] {processor.py:842} WARNING - No viable dags retrieved from /opt/airflow/dags/extract_data.py
[2026-03-25T12:52:31.419+0000] {processor.py:183} INFO - Processing /opt/airflow/dags/extract_data.py took 0.051 seconds
[2026-03-25T12:53:02.274+0000] {processor.py:161} INFO - Started process (PID=5023) to work on /opt/airflow/dags/extract_data.py
[2026-03-25T12:53:02.276+0000] {processor.py:830} INFO - Processing file /opt/airflow/dags/extract_data.py for tasks to queue
[2026-03-25T12:53:02.278+0000] {logging_mixin.py:188} INFO - [2026-03-25T12:53:02.278+0000] {dagbag.py:545} INFO - Filling up the DagBag from /opt/airflow/dags/extract_data.py
[2026-03-25T12:53:02.299+0000] {processor.py:842} WARNING - No viable dags retrieved from /opt/airflow/dags/extract_data.py
[2026-03-25T12:53:02.313+0000] {processor.py:183} INFO - Processing /opt/airflow/dags/extract_data.py took 0.045 seconds
[2026-03-25T12:53:33.086+0000] {processor.py:161} INFO - Started process (PID=5049) to work on /opt/airflow/dags/extract_data.py
[2026-03-25T12:53:33.087+0000] {processor.py:830} INFO - Processing file /opt/airflow/dags/extract_data.py for tasks to queue
[2026-03-25T12:53:33.089+0000] {logging_mixin.py:188} INFO - [2026-03-25T12:53:33.089+0000] {dagbag.py:545} INFO - Filling up the DagBag from /opt/airflow/dags/extract_data.py
[2026-03-25T12:53:33.124+0000] {processor.py:842} WARNING - No viable dags retrieved from /opt/airflow/dags/extract_data.py
[2026-03-25T12:53:33.137+0000] {processor.py:183} INFO - Processing /opt/airflow/dags/extract_data.py took 0.058 seconds
[2026-03-25T12:54:03.312+0000] {processor.py:161} INFO - Started process (PID=5075) to work on /opt/airflow/dags/extract_data.py
[2026-03-25T12:54:03.313+0000] {processor.py:830} INFO - Processing file /opt/airflow/dags/extract_data.py for tasks to queue
[2026-03-25T12:54:03.315+0000] {logging_mixin.py:188} INFO - [2026-03-25T12:54:03.315+0000] {dagbag.py:545} INFO - Filling up the DagBag from /opt/airflow/dags/extract_data.py
[2026-03-25T12:54:03.331+0000] {processor.py:842} WARNING - No viable dags retrieved from /opt/airflow/dags/extract_data.py
[2026-03-25T12:54:03.344+0000] {processor.py:183} INFO - Processing /opt/airflow/dags/extract_data.py took 0.038 seconds
[2026-03-25T12:54:34.171+0000] {processor.py:161} INFO - Started process (PID=5101) to work on /opt/airflow/dags/extract_data.py
[2026-03-25T12:54:34.173+0000] {processor.py:830} INFO - Processing file /opt/airflow/dags/extract_data.py for tasks to queue
[2026-03-25T12:54:34.175+0000] {logging_mixin.py:188} INFO - [2026-03-25T12:54:34.174+0000] {dagbag.py:545} INFO - Filling up the DagBag from /opt/airflow/dags/extract_data.py
[2026-03-25T12:54:34.193+0000] {processor.py:842} WARNING - No viable dags retrieved from /opt/airflow/dags/extract_data.py
[2026-03-25T12:54:34.206+0000] {processor.py:183} INFO - Processing /opt/airflow/dags/extract_data.py took 0.041 seconds
[2026-03-25T12:55:05.043+0000] {processor.py:161} INFO - Started process (PID=5127) to work on /opt/airflow/dags/extract_data.py
[2026-03-25T12:55:05.044+0000] {processor.py:830} INFO - Processing file /opt/airflow/dags/extract_data.py for tasks to queue
[2026-03-25T12:55:05.046+0000] {logging_mixin.py:188} INFO - [2026-03-25T12:55:05.046+0000] {dagbag.py:545} INFO - Filling up the DagBag from /opt/airflow/dags/extract_data.py
[2026-03-25T12:55:05.080+0000] {processor.py:842} WARNING - No viable dags retrieved from /opt/airflow/dags/extract_data.py
[2026-03-25T12:55:05.094+0000] {processor.py:183} INFO - Processing /opt/airflow/dags/extract_data.py took 0.058 seconds
[2026-03-25T12:55:35.801+0000] {processor.py:161} INFO - Started process (PID=5153) to work on /opt/airflow/dags/extract_data.py
[2026-03-25T12:55:35.803+0000] {processor.py:830} INFO - Processing file /opt/airflow/dags/extract_data.py for tasks to queue
[2026-03-25T12:55:35.806+0000] {logging_mixin.py:188} INFO - [2026-03-25T12:55:35.806+0000] {dagbag.py:545} INFO - Filling up the DagBag from /opt/airflow/dags/extract_data.py
[2026-03-25T12:55:35.838+0000] {processor.py:842} WARNING - No viable dags retrieved from /opt/airflow/dags/extract_data.py
[2026-03-25T12:55:35.853+0000] {processor.py:183} INFO - Processing /opt/airflow/dags/extract_data.py took 0.057 seconds
[2026-03-25T12:56:06.693+0000] {processor.py:161} INFO - Started process (PID=5179) to work on /opt/airflow/dags/extract_data.py
[2026-03-25T12:56:06.694+0000] {processor.py:830} INFO - Processing file /opt/airflow/dags/extract_data.py for tasks to queue
[2026-03-25T12:56:06.697+0000] {logging_mixin.py:188} INFO - [2026-03-25T12:56:06.696+0000] {dagbag.py:545} INFO - Filling up the DagBag from /opt/airflow/dags/extract_data.py
[2026-03-25T12:56:06.720+0000] {processor.py:842} WARNING - No viable dags retrieved from /opt/airflow/dags/extract_data.py
[2026-03-25T12:56:06.733+0000] {processor.py:183} INFO - Processing /opt/airflow/dags/extract_data.py took 0.047 seconds
[2026-03-25T12:56:37.540+0000] {processor.py:161} INFO - Started process (PID=5205) to work on /opt/airflow/dags/extract_data.py
[2026-03-25T12:56:37.542+0000] {processor.py:830} INFO - Processing file /opt/airflow/dags/extract_data.py for tasks to queue
[2026-03-25T12:56:37.545+0000] {logging_mixin.py:188} INFO - [2026-03-25T12:56:37.545+0000] {dagbag.py:545} INFO - Filling up the DagBag from /opt/airflow/dags/extract_data.py
[2026-03-25T12:56:37.572+0000] {processor.py:842} WARNING - No viable dags retrieved from /opt/airflow/dags/extract_data.py
[2026-03-25T12:56:37.599+0000] {processor.py:183} INFO - Processing /opt/airflow/dags/extract_data.py took 0.068 seconds
[2026-03-25T12:57:08.483+0000] {processor.py:161} INFO - Started process (PID=5231) to work on /opt/airflow/dags/extract_data.py
[2026-03-25T12:57:08.484+0000] {processor.py:830} INFO - Processing file /opt/airflow/dags/extract_data.py for tasks to queue
[2026-03-25T12:57:08.487+0000] {logging_mixin.py:188} INFO - [2026-03-25T12:57:08.486+0000] {dagbag.py:545} INFO - Filling up the DagBag from /opt/airflow/dags/extract_data.py
[2026-03-25T12:57:08.511+0000] {processor.py:842} WARNING - No viable dags retrieved from /opt/airflow/dags/extract_data.py
[2026-03-25T12:57:08.523+0000] {processor.py:183} INFO - Processing /opt/airflow/dags/extract_data.py took 0.046 seconds
[2026-03-25T12:57:39.298+0000] {processor.py:161} INFO - Started process (PID=5257) to work on /opt/airflow/dags/extract_data.py
[2026-03-25T12:57:39.299+0000] {processor.py:830} INFO - Processing file /opt/airflow/dags/extract_data.py for tasks to queue
[2026-03-25T12:57:39.302+0000] {logging_mixin.py:188} INFO - [2026-03-25T12:57:39.301+0000] {dagbag.py:545} INFO - Filling up the DagBag from /opt/airflow/dags/extract_data.py
[2026-03-25T12:57:39.328+0000] {processor.py:842} WARNING - No viable dags retrieved from /opt/airflow/dags/extract_data.py
[2026-03-25T12:57:39.342+0000] {processor.py:183} INFO - Processing /opt/airflow/dags/extract_data.py took 0.051 seconds
[2026-03-25T12:58:10.202+0000] {processor.py:161} INFO - Started process (PID=5283) to work on /opt/airflow/dags/extract_data.py
[2026-03-25T12:58:10.204+0000] {processor.py:830} INFO - Processing file /opt/airflow/dags/extract_data.py for tasks to queue
[2026-03-25T12:58:10.206+0000] {logging_mixin.py:188} INFO - [2026-03-25T12:58:10.206+0000] {dagbag.py:545} INFO - Filling up the DagBag from /opt/airflow/dags/extract_data.py
[2026-03-25T12:58:10.242+0000] {processor.py:842} WARNING - No viable dags retrieved from /opt/airflow/dags/extract_data.py
[2026-03-25T12:58:10.258+0000] {processor.py:183} INFO - Processing /opt/airflow/dags/extract_data.py took 0.063 seconds
[2026-03-25T12:58:41.146+0000] {processor.py:161} INFO - Started process (PID=5309) to work on /opt/airflow/dags/extract_data.py
[2026-03-25T12:58:41.147+0000] {processor.py:830} INFO - Processing file /opt/airflow/dags/extract_data.py for tasks to queue
[2026-03-25T12:58:41.149+0000] {logging_mixin.py:188} INFO - [2026-03-25T12:58:41.149+0000] {dagbag.py:545} INFO - Filling up the DagBag from /opt/airflow/dags/extract_data.py
[2026-03-25T12:58:41.173+0000] {processor.py:842} WARNING - No viable dags retrieved from /opt/airflow/dags/extract_data.py
[2026-03-25T12:58:41.188+0000] {processor.py:183} INFO - Processing /opt/airflow/dags/extract_data.py took 0.048 seconds
[2026-03-25T12:59:11.992+0000] {processor.py:161} INFO - Started process (PID=5335) to work on /opt/airflow/dags/extract_data.py
[2026-03-25T12:59:11.993+0000] {processor.py:830} INFO - Processing file /opt/airflow/dags/extract_data.py for tasks to queue
[2026-03-25T12:59:11.995+0000] {logging_mixin.py:188} INFO - [2026-03-25T12:59:11.995+0000] {dagbag.py:545} INFO - Filling up the DagBag from /opt/airflow/dags/extract_data.py
[2026-03-25T12:59:12.012+0000] {processor.py:842} WARNING - No viable dags retrieved from /opt/airflow/dags/extract_data.py
[2026-03-25T12:59:12.025+0000] {processor.py:183} INFO - Processing /opt/airflow/dags/extract_data.py took 0.039 seconds
[2026-03-25T12:59:42.877+0000] {processor.py:161} INFO - Started process (PID=5361) to work on /opt/airflow/dags/extract_data.py
[2026-03-25T12:59:42.879+0000] {processor.py:830} INFO - Processing file /opt/airflow/dags/extract_data.py for tasks to queue
[2026-03-25T12:59:42.882+0000] {logging_mixin.py:188} INFO - [2026-03-25T12:59:42.881+0000] {dagbag.py:545} INFO - Filling up the DagBag from /opt/airflow/dags/extract_data.py
[2026-03-25T12:59:42.899+0000] {processor.py:842} WARNING - No viable dags retrieved from /opt/airflow/dags/extract_data.py
[2026-03-25T12:59:42.914+0000] {processor.py:183} INFO - Processing /opt/airflow/dags/extract_data.py took 0.047 seconds
[2026-03-25T13:00:13.761+0000] {processor.py:161} INFO - Started process (PID=5387) to work on /opt/airflow/dags/extract_data.py
[2026-03-25T13:00:13.762+0000] {processor.py:830} INFO - Processing file /opt/airflow/dags/extract_data.py for tasks to queue
[2026-03-25T13:00:13.765+0000] {logging_mixin.py:188} INFO - [2026-03-25T13:00:13.764+0000] {dagbag.py:545} INFO - Filling up the DagBag from /opt/airflow/dags/extract_data.py
[2026-03-25T13:00:13.780+0000] {processor.py:842} WARNING - No viable dags retrieved from /opt/airflow/dags/extract_data.py
[2026-03-25T13:00:13.794+0000] {processor.py:183} INFO - Processing /opt/airflow/dags/extract_data.py took 0.039 seconds
[2026-03-25T13:00:44.651+0000] {processor.py:161} INFO - Started process (PID=5413) to work on /opt/airflow/dags/extract_data.py
[2026-03-25T13:00:44.652+0000] {processor.py:830} INFO - Processing file /opt/airflow/dags/extract_data.py for tasks to queue
[2026-03-25T13:00:44.654+0000] {logging_mixin.py:188} INFO - [2026-03-25T13:00:44.654+0000] {dagbag.py:545} INFO - Filling up the DagBag from /opt/airflow/dags/extract_data.py
[2026-03-25T13:00:44.668+0000] {processor.py:842} WARNING - No viable dags retrieved from /opt/airflow/dags/extract_data.py
[2026-03-25T13:00:44.681+0000] {processor.py:183} INFO - Processing /opt/airflow/dags/extract_data.py took 0.036 seconds
[2026-03-25T13:01:15.462+0000] {processor.py:161} INFO - Started process (PID=5445) to work on /opt/airflow/dags/extract_data.py
[2026-03-25T13:01:15.464+0000] {processor.py:830} INFO - Processing file /opt/airflow/dags/extract_data.py for tasks to queue
[2026-03-25T13:01:15.466+0000] {logging_mixin.py:188} INFO - [2026-03-25T13:01:15.466+0000] {dagbag.py:545} INFO - Filling up the DagBag from /opt/airflow/dags/extract_data.py
[2026-03-25T13:01:15.488+0000] {processor.py:842} WARNING - No viable dags retrieved from /opt/airflow/dags/extract_data.py
[2026-03-25T13:01:15.500+0000] {processor.py:183} INFO - Processing /opt/airflow/dags/extract_data.py took 0.044 seconds
[2026-03-25T13:01:46.308+0000] {processor.py:161} INFO - Started process (PID=5471) to work on /opt/airflow/dags/extract_data.py
[2026-03-25T13:01:46.309+0000] {processor.py:830} INFO - Processing file /opt/airflow/dags/extract_data.py for tasks to queue
[2026-03-25T13:01:46.312+0000] {logging_mixin.py:188} INFO - [2026-03-25T13:01:46.312+0000] {dagbag.py:545} INFO - Filling up the DagBag from /opt/airflow/dags/extract_data.py
[2026-03-25T13:01:46.344+0000] {processor.py:842} WARNING - No viable dags retrieved from /opt/airflow/dags/extract_data.py
[2026-03-25T13:01:46.356+0000] {processor.py:183} INFO - Processing /opt/airflow/dags/extract_data.py took 0.054 seconds
[2026-03-25T13:02:17.155+0000] {processor.py:161} INFO - Started process (PID=5497) to work on /opt/airflow/dags/extract_data.py
[2026-03-25T13:02:17.156+0000] {processor.py:830} INFO - Processing file /opt/airflow/dags/extract_data.py for tasks to queue
[2026-03-25T13:02:17.158+0000] {logging_mixin.py:188} INFO - [2026-03-25T13:02:17.158+0000] {dagbag.py:545} INFO - Filling up the DagBag from /opt/airflow/dags/extract_data.py
[2026-03-25T13:02:17.169+0000] {processor.py:842} WARNING - No viable dags retrieved from /opt/airflow/dags/extract_data.py
[2026-03-25T13:02:17.182+0000] {processor.py:183} INFO - Processing /opt/airflow/dags/extract_data.py took 0.033 seconds
[2026-03-25T13:02:47.983+0000] {processor.py:161} INFO - Started process (PID=5523) to work on /opt/airflow/dags/extract_data.py
[2026-03-25T13:02:47.985+0000] {processor.py:830} INFO - Processing file /opt/airflow/dags/extract_data.py for tasks to queue
[2026-03-25T13:02:47.986+0000] {logging_mixin.py:188} INFO - [2026-03-25T13:02:47.986+0000] {dagbag.py:545} INFO - Filling up the DagBag from /opt/airflow/dags/extract_data.py
[2026-03-25T13:02:47.998+0000] {processor.py:842} WARNING - No viable dags retrieved from /opt/airflow/dags/extract_data.py
[2026-03-25T13:02:48.011+0000] {processor.py:183} INFO - Processing /opt/airflow/dags/extract_data.py took 0.034 seconds
[2026-03-25T13:03:18.774+0000] {processor.py:161} INFO - Started process (PID=5549) to work on /opt/airflow/dags/extract_data.py
[2026-03-25T13:03:18.775+0000] {processor.py:830} INFO - Processing file /opt/airflow/dags/extract_data.py for tasks to queue
[2026-03-25T13:03:18.777+0000] {logging_mixin.py:188} INFO - [2026-03-25T13:03:18.777+0000] {dagbag.py:545} INFO - Filling up the DagBag from /opt/airflow/dags/extract_data.py
[2026-03-25T13:03:18.797+0000] {processor.py:842} WARNING - No viable dags retrieved from /opt/airflow/dags/extract_data.py
[2026-03-25T13:03:18.810+0000] {processor.py:183} INFO - Processing /opt/airflow/dags/extract_data.py took 0.042 seconds
[2026-03-25T13:03:49.827+0000] {processor.py:161} INFO - Started process (PID=5575) to work on /opt/airflow/dags/extract_data.py
[2026-03-25T13:03:49.829+0000] {processor.py:830} INFO - Processing file /opt/airflow/dags/extract_data.py for tasks to queue
[2026-03-25T13:03:49.831+0000] {logging_mixin.py:188} INFO - [2026-03-25T13:03:49.830+0000] {dagbag.py:545} INFO - Filling up the DagBag from /opt/airflow/dags/extract_data.py
[2026-03-25T13:03:49.860+0000] {processor.py:842} WARNING - No viable dags retrieved from /opt/airflow/dags/extract_data.py
[2026-03-25T13:03:49.874+0000] {processor.py:183} INFO - Processing /opt/airflow/dags/extract_data.py took 0.052 seconds
[2026-03-25T13:04:20.654+0000] {processor.py:161} INFO - Started process (PID=5601) to work on /opt/airflow/dags/extract_data.py
[2026-03-25T13:04:20.655+0000] {processor.py:830} INFO - Processing file /opt/airflow/dags/extract_data.py for tasks to queue
[2026-03-25T13:04:20.658+0000] {logging_mixin.py:188} INFO - [2026-03-25T13:04:20.657+0000] {dagbag.py:545} INFO - Filling up the DagBag from /opt/airflow/dags/extract_data.py
[2026-03-25T13:04:20.691+0000] {processor.py:842} WARNING - No viable dags retrieved from /opt/airflow/dags/extract_data.py
[2026-03-25T13:04:20.704+0000] {processor.py:183} INFO - Processing /opt/airflow/dags/extract_data.py took 0.056 seconds
[2026-03-25T13:04:51.564+0000] {processor.py:161} INFO - Started process (PID=5627) to work on /opt/airflow/dags/extract_data.py
[2026-03-25T13:04:51.565+0000] {processor.py:830} INFO - Processing file /opt/airflow/dags/extract_data.py for tasks to queue
[2026-03-25T13:04:51.567+0000] {logging_mixin.py:188} INFO - [2026-03-25T13:04:51.567+0000] {dagbag.py:545} INFO - Filling up the DagBag from /opt/airflow/dags/extract_data.py
[2026-03-25T13:04:51.592+0000] {processor.py:842} WARNING - No viable dags retrieved from /opt/airflow/dags/extract_data.py
[2026-03-25T13:04:51.606+0000] {processor.py:183} INFO - Processing /opt/airflow/dags/extract_data.py took 0.048 seconds
[2026-03-25T13:05:22.395+0000] {processor.py:161} INFO - Started process (PID=5653) to work on /opt/airflow/dags/extract_data.py
[2026-03-25T13:05:22.396+0000] {processor.py:830} INFO - Processing file /opt/airflow/dags/extract_data.py for tasks to queue
[2026-03-25T13:05:22.398+0000] {logging_mixin.py:188} INFO - [2026-03-25T13:05:22.398+0000] {dagbag.py:545} INFO - Filling up the DagBag from /opt/airflow/dags/extract_data.py
[2026-03-25T13:05:22.415+0000] {processor.py:842} WARNING - No viable dags retrieved from /opt/airflow/dags/extract_data.py
[2026-03-25T13:05:22.428+0000] {processor.py:183} INFO - Processing /opt/airflow/dags/extract_data.py took 0.039 seconds
[2026-03-25T13:05:53.207+0000] {processor.py:161} INFO - Started process (PID=5679) to work on /opt/airflow/dags/extract_data.py
[2026-03-25T13:05:53.209+0000] {processor.py:830} INFO - Processing file /opt/airflow/dags/extract_data.py for tasks to queue
[2026-03-25T13:05:53.211+0000] {logging_mixin.py:188} INFO - [2026-03-25T13:05:53.211+0000] {dagbag.py:545} INFO - Filling up the DagBag from /opt/airflow/dags/extract_data.py
[2026-03-25T13:05:53.233+0000] {processor.py:842} WARNING - No viable dags retrieved from /opt/airflow/dags/extract_data.py
[2026-03-25T13:05:53.247+0000] {processor.py:183} INFO - Processing /opt/airflow/dags/extract_data.py took 0.046 seconds
[2026-03-25T13:06:24.009+0000] {processor.py:161} INFO - Started process (PID=5705) to work on /opt/airflow/dags/extract_data.py
[2026-03-25T13:06:24.011+0000] {processor.py:830} INFO - Processing file /opt/airflow/dags/extract_data.py for tasks to queue
[2026-03-25T13:06:24.014+0000] {logging_mixin.py:188} INFO - [2026-03-25T13:06:24.014+0000] {dagbag.py:545} INFO - Filling up the DagBag from /opt/airflow/dags/extract_data.py
[2026-03-25T13:06:24.047+0000] {processor.py:842} WARNING - No viable dags retrieved from /opt/airflow/dags/extract_data.py
[2026-03-25T13:06:24.060+0000] {processor.py:183} INFO - Processing /opt/airflow/dags/extract_data.py took 0.056 seconds
[2026-03-25T13:07:53.510+0000] {processor.py:161} INFO - Started process (PID=182) to work on /opt/airflow/dags/extract_data.py
[2026-03-25T13:07:53.512+0000] {processor.py:830} INFO - Processing file /opt/airflow/dags/extract_data.py for tasks to queue
[2026-03-25T13:07:53.517+0000] {logging_mixin.py:188} INFO - [2026-03-25T13:07:53.516+0000] {dagbag.py:545} INFO - Filling up the DagBag from /opt/airflow/dags/extract_data.py
[2026-03-25T13:07:53.562+0000] {processor.py:842} WARNING - No viable dags retrieved from /opt/airflow/dags/extract_data.py
[2026-03-25T13:07:53.591+0000] {processor.py:183} INFO - Processing /opt/airflow/dags/extract_data.py took 0.092 seconds
[2026-03-25T13:08:23.821+0000] {processor.py:161} INFO - Started process (PID=205) to work on /opt/airflow/dags/extract_data.py
[2026-03-25T13:08:23.822+0000] {processor.py:830} INFO - Processing file /opt/airflow/dags/extract_data.py for tasks to queue
[2026-03-25T13:08:23.826+0000] {logging_mixin.py:188} INFO - [2026-03-25T13:08:23.825+0000] {dagbag.py:545} INFO - Filling up the DagBag from /opt/airflow/dags/extract_data.py
[2026-03-25T13:08:23.843+0000] {processor.py:842} WARNING - No viable dags retrieved from /opt/airflow/dags/extract_data.py
[2026-03-25T13:08:23.861+0000] {processor.py:183} INFO - Processing /opt/airflow/dags/extract_data.py took 0.050 seconds
[2026-03-25T13:08:54.645+0000] {processor.py:161} INFO - Started process (PID=231) to work on /opt/airflow/dags/extract_data.py
[2026-03-25T13:08:54.646+0000] {processor.py:830} INFO - Processing file /opt/airflow/dags/extract_data.py for tasks to queue
[2026-03-25T13:08:54.648+0000] {logging_mixin.py:188} INFO - [2026-03-25T13:08:54.648+0000] {dagbag.py:545} INFO - Filling up the DagBag from /opt/airflow/dags/extract_data.py
[2026-03-25T13:08:54.662+0000] {processor.py:842} WARNING - No viable dags retrieved from /opt/airflow/dags/extract_data.py
[2026-03-25T13:08:54.675+0000] {processor.py:183} INFO - Processing /opt/airflow/dags/extract_data.py took 0.038 seconds
[2026-03-25T13:09:25.573+0000] {processor.py:161} INFO - Started process (PID=263) to work on /opt/airflow/dags/extract_data.py
[2026-03-25T13:09:25.574+0000] {processor.py:830} INFO - Processing file /opt/airflow/dags/extract_data.py for tasks to queue
[2026-03-25T13:09:25.577+0000] {logging_mixin.py:188} INFO - [2026-03-25T13:09:25.576+0000] {dagbag.py:545} INFO - Filling up the DagBag from /opt/airflow/dags/extract_data.py
[2026-03-25T13:09:25.602+0000] {processor.py:842} WARNING - No viable dags retrieved from /opt/airflow/dags/extract_data.py
[2026-03-25T13:09:25.614+0000] {processor.py:183} INFO - Processing /opt/airflow/dags/extract_data.py took 0.046 seconds
[2026-03-25T13:09:56.266+0000] {processor.py:161} INFO - Started process (PID=289) to work on /opt/airflow/dags/extract_data.py
[2026-03-25T13:09:56.267+0000] {processor.py:830} INFO - Processing file /opt/airflow/dags/extract_data.py for tasks to queue
[2026-03-25T13:09:56.269+0000] {logging_mixin.py:188} INFO - [2026-03-25T13:09:56.269+0000] {dagbag.py:545} INFO - Filling up the DagBag from /opt/airflow/dags/extract_data.py
[2026-03-25T13:09:56.281+0000] {processor.py:842} WARNING - No viable dags retrieved from /opt/airflow/dags/extract_data.py
[2026-03-25T13:09:56.294+0000] {processor.py:183} INFO - Processing /opt/airflow/dags/extract_data.py took 0.035 seconds
[2026-03-25T13:10:27.137+0000] {processor.py:161} INFO - Started process (PID=315) to work on /opt/airflow/dags/extract_data.py
[2026-03-25T13:10:27.138+0000] {processor.py:830} INFO - Processing file /opt/airflow/dags/extract_data.py for tasks to queue
[2026-03-25T13:10:27.140+0000] {logging_mixin.py:188} INFO - [2026-03-25T13:10:27.140+0000] {dagbag.py:545} INFO - Filling up the DagBag from /opt/airflow/dags/extract_data.py
[2026-03-25T13:10:27.156+0000] {processor.py:842} WARNING - No viable dags retrieved from /opt/airflow/dags/extract_data.py
[2026-03-25T13:10:27.172+0000] {processor.py:183} INFO - Processing /opt/airflow/dags/extract_data.py took 0.042 seconds
[2026-03-25T13:10:57.885+0000] {processor.py:161} INFO - Started process (PID=341) to work on /opt/airflow/dags/extract_data.py
[2026-03-25T13:10:57.886+0000] {processor.py:830} INFO - Processing file /opt/airflow/dags/extract_data.py for tasks to queue
[2026-03-25T13:10:57.887+0000] {logging_mixin.py:188} INFO - [2026-03-25T13:10:57.887+0000] {dagbag.py:545} INFO - Filling up the DagBag from /opt/airflow/dags/extract_data.py
[2026-03-25T13:10:57.900+0000] {processor.py:842} WARNING - No viable dags retrieved from /opt/airflow/dags/extract_data.py
[2026-03-25T13:10:57.912+0000] {processor.py:183} INFO - Processing /opt/airflow/dags/extract_data.py took 0.033 seconds
[2026-03-25T13:11:28.529+0000] {processor.py:161} INFO - Started process (PID=367) to work on /opt/airflow/dags/extract_data.py
[2026-03-25T13:11:28.530+0000] {processor.py:830} INFO - Processing file /opt/airflow/dags/extract_data.py for tasks to queue
[2026-03-25T13:11:28.532+0000] {logging_mixin.py:188} INFO - [2026-03-25T13:11:28.532+0000] {dagbag.py:545} INFO - Filling up the DagBag from /opt/airflow/dags/extract_data.py
[2026-03-25T13:11:28.549+0000] {processor.py:842} WARNING - No viable dags retrieved from /opt/airflow/dags/extract_data.py
[2026-03-25T13:11:28.567+0000] {processor.py:183} INFO - Processing /opt/airflow/dags/extract_data.py took 0.045 seconds
[2026-03-25T13:11:59.316+0000] {processor.py:161} INFO - Started process (PID=393) to work on /opt/airflow/dags/extract_data.py
[2026-03-25T13:11:59.317+0000] {processor.py:830} INFO - Processing file /opt/airflow/dags/extract_data.py for tasks to queue
[2026-03-25T13:11:59.319+0000] {logging_mixin.py:188} INFO - [2026-03-25T13:11:59.319+0000] {dagbag.py:545} INFO - Filling up the DagBag from /opt/airflow/dags/extract_data.py
[2026-03-25T13:11:59.336+0000] {processor.py:842} WARNING - No viable dags retrieved from /opt/airflow/dags/extract_data.py
[2026-03-25T13:11:59.348+0000] {processor.py:183} INFO - Processing /opt/airflow/dags/extract_data.py took 0.039 seconds
[2026-03-25T13:12:30.161+0000] {processor.py:161} INFO - Started process (PID=419) to work on /opt/airflow/dags/extract_data.py
[2026-03-25T13:12:30.162+0000] {processor.py:830} INFO - Processing file /opt/airflow/dags/extract_data.py for tasks to queue
[2026-03-25T13:12:30.167+0000] {logging_mixin.py:188} INFO - [2026-03-25T13:12:30.166+0000] {dagbag.py:545} INFO - Filling up the DagBag from /opt/airflow/dags/extract_data.py
[2026-03-25T13:12:30.179+0000] {processor.py:842} WARNING - No viable dags retrieved from /opt/airflow/dags/extract_data.py
[2026-03-25T13:12:30.191+0000] {processor.py:183} INFO - Processing /opt/airflow/dags/extract_data.py took 0.041 seconds
[2026-03-25T13:13:01.187+0000] {processor.py:161} INFO - Started process (PID=445) to work on /opt/airflow/dags/extract_data.py
[2026-03-25T13:13:01.188+0000] {processor.py:830} INFO - Processing file /opt/airflow/dags/extract_data.py for tasks to queue
[2026-03-25T13:13:01.191+0000] {logging_mixin.py:188} INFO - [2026-03-25T13:13:01.191+0000] {dagbag.py:545} INFO - Filling up the DagBag from /opt/airflow/dags/extract_data.py
[2026-03-25T13:13:01.212+0000] {processor.py:842} WARNING - No viable dags retrieved from /opt/airflow/dags/extract_data.py
[2026-03-25T13:13:01.225+0000] {processor.py:183} INFO - Processing /opt/airflow/dags/extract_data.py took 0.047 seconds
[2026-03-25T13:13:32.102+0000] {processor.py:161} INFO - Started process (PID=471) to work on /opt/airflow/dags/extract_data.py
[2026-03-25T13:13:32.103+0000] {processor.py:830} INFO - Processing file /opt/airflow/dags/extract_data.py for tasks to queue
[2026-03-25T13:13:32.104+0000] {logging_mixin.py:188} INFO - [2026-03-25T13:13:32.104+0000] {dagbag.py:545} INFO - Filling up the DagBag from /opt/airflow/dags/extract_data.py
[2026-03-25T13:13:32.116+0000] {processor.py:842} WARNING - No viable dags retrieved from /opt/airflow/dags/extract_data.py
[2026-03-25T13:13:32.128+0000] {processor.py:183} INFO - Processing /opt/airflow/dags/extract_data.py took 0.032 seconds
[2026-03-25T13:14:02.956+0000] {processor.py:161} INFO - Started process (PID=497) to work on /opt/airflow/dags/extract_data.py
[2026-03-25T13:14:02.957+0000] {processor.py:830} INFO - Processing file /opt/airflow/dags/extract_data.py for tasks to queue
[2026-03-25T13:14:02.959+0000] {logging_mixin.py:188} INFO - [2026-03-25T13:14:02.959+0000] {dagbag.py:545} INFO - Filling up the DagBag from /opt/airflow/dags/extract_data.py
[2026-03-25T13:14:02.973+0000] {processor.py:842} WARNING - No viable dags retrieved from /opt/airflow/dags/extract_data.py
[2026-03-25T13:14:02.986+0000] {processor.py:183} INFO - Processing /opt/airflow/dags/extract_data.py took 0.036 seconds
[2026-03-25T13:14:33.781+0000] {processor.py:161} INFO - Started process (PID=523) to work on /opt/airflow/dags/extract_data.py
[2026-03-25T13:14:33.783+0000] {processor.py:830} INFO - Processing file /opt/airflow/dags/extract_data.py for tasks to queue
[2026-03-25T13:14:33.787+0000] {logging_mixin.py:188} INFO - [2026-03-25T13:14:33.786+0000] {dagbag.py:545} INFO - Filling up the DagBag from /opt/airflow/dags/extract_data.py
[2026-03-25T13:14:33.822+0000] {processor.py:842} WARNING - No viable dags retrieved from /opt/airflow/dags/extract_data.py
[2026-03-25T13:14:33.841+0000] {processor.py:183} INFO - Processing /opt/airflow/dags/extract_data.py took 0.067 seconds
[2026-03-25T13:15:04.588+0000] {processor.py:161} INFO - Started process (PID=549) to work on /opt/airflow/dags/extract_data.py
[2026-03-25T13:15:04.589+0000] {processor.py:830} INFO - Processing file /opt/airflow/dags/extract_data.py for tasks to queue
[2026-03-25T13:15:04.592+0000] {logging_mixin.py:188} INFO - [2026-03-25T13:15:04.592+0000] {dagbag.py:545} INFO - Filling up the DagBag from /opt/airflow/dags/extract_data.py
[2026-03-25T13:15:04.609+0000] {processor.py:842} WARNING - No viable dags retrieved from /opt/airflow/dags/extract_data.py
[2026-03-25T13:15:04.624+0000] {processor.py:183} INFO - Processing /opt/airflow/dags/extract_data.py took 0.042 seconds
[2026-03-25T13:15:35.298+0000] {processor.py:161} INFO - Started process (PID=575) to work on /opt/airflow/dags/extract_data.py
[2026-03-25T13:15:35.300+0000] {processor.py:830} INFO - Processing file /opt/airflow/dags/extract_data.py for tasks to queue
[2026-03-25T13:15:35.302+0000] {logging_mixin.py:188} INFO - [2026-03-25T13:15:35.301+0000] {dagbag.py:545} INFO - Filling up the DagBag from /opt/airflow/dags/extract_data.py
[2026-03-25T13:15:35.320+0000] {processor.py:842} WARNING - No viable dags retrieved from /opt/airflow/dags/extract_data.py
[2026-03-25T13:15:35.334+0000] {processor.py:183} INFO - Processing /opt/airflow/dags/extract_data.py took 0.043 seconds
[2026-03-25T13:16:06.128+0000] {processor.py:161} INFO - Started process (PID=601) to work on /opt/airflow/dags/extract_data.py
[2026-03-25T13:16:06.129+0000] {processor.py:830} INFO - Processing file /opt/airflow/dags/extract_data.py for tasks to queue
[2026-03-25T13:16:06.132+0000] {logging_mixin.py:188} INFO - [2026-03-25T13:16:06.131+0000] {dagbag.py:545} INFO - Filling up the DagBag from /opt/airflow/dags/extract_data.py
[2026-03-25T13:16:06.152+0000] {processor.py:842} WARNING - No viable dags retrieved from /opt/airflow/dags/extract_data.py
[2026-03-25T13:16:06.168+0000] {processor.py:183} INFO - Processing /opt/airflow/dags/extract_data.py took 0.048 seconds
[2026-03-25T13:16:36.905+0000] {processor.py:161} INFO - Started process (PID=627) to work on /opt/airflow/dags/extract_data.py
[2026-03-25T13:16:36.906+0000] {processor.py:830} INFO - Processing file /opt/airflow/dags/extract_data.py for tasks to queue
[2026-03-25T13:16:36.910+0000] {logging_mixin.py:188} INFO - [2026-03-25T13:16:36.909+0000] {dagbag.py:545} INFO - Filling up the DagBag from /opt/airflow/dags/extract_data.py
[2026-03-25T13:16:36.936+0000] {processor.py:842} WARNING - No viable dags retrieved from /opt/airflow/dags/extract_data.py
[2026-03-25T13:16:36.953+0000] {processor.py:183} INFO - Processing /opt/airflow/dags/extract_data.py took 0.054 seconds
[2026-03-25T13:17:07.756+0000] {processor.py:161} INFO - Started process (PID=653) to work on /opt/airflow/dags/extract_data.py
[2026-03-25T13:17:07.757+0000] {processor.py:830} INFO - Processing file /opt/airflow/dags/extract_data.py for tasks to queue
[2026-03-25T13:17:07.759+0000] {logging_mixin.py:188} INFO - [2026-03-25T13:17:07.759+0000] {dagbag.py:545} INFO - Filling up the DagBag from /opt/airflow/dags/extract_data.py
[2026-03-25T13:17:07.796+0000] {processor.py:842} WARNING - No viable dags retrieved from /opt/airflow/dags/extract_data.py
[2026-03-25T13:17:07.814+0000] {processor.py:183} INFO - Processing /opt/airflow/dags/extract_data.py took 0.064 seconds
[2026-03-25T13:17:38.581+0000] {processor.py:161} INFO - Started process (PID=679) to work on /opt/airflow/dags/extract_data.py
[2026-03-25T13:17:38.585+0000] {processor.py:830} INFO - Processing file /opt/airflow/dags/extract_data.py for tasks to queue
[2026-03-25T13:17:38.590+0000] {logging_mixin.py:188} INFO - [2026-03-25T13:17:38.589+0000] {dagbag.py:545} INFO - Filling up the DagBag from /opt/airflow/dags/extract_data.py
[2026-03-25T13:17:38.607+0000] {processor.py:842} WARNING - No viable dags retrieved from /opt/airflow/dags/extract_data.py
[2026-03-25T13:17:38.629+0000] {processor.py:183} INFO - Processing /opt/airflow/dags/extract_data.py took 0.059 seconds
[2026-03-25T13:18:09.572+0000] {processor.py:161} INFO - Started process (PID=705) to work on /opt/airflow/dags/extract_data.py
[2026-03-25T13:18:09.573+0000] {processor.py:830} INFO - Processing file /opt/airflow/dags/extract_data.py for tasks to queue
[2026-03-25T13:18:09.575+0000] {logging_mixin.py:188} INFO - [2026-03-25T13:18:09.574+0000] {dagbag.py:545} INFO - Filling up the DagBag from /opt/airflow/dags/extract_data.py
[2026-03-25T13:18:09.591+0000] {processor.py:842} WARNING - No viable dags retrieved from /opt/airflow/dags/extract_data.py
[2026-03-25T13:18:09.604+0000] {processor.py:183} INFO - Processing /opt/airflow/dags/extract_data.py took 0.038 seconds
[2026-03-25T13:18:40.397+0000] {processor.py:161} INFO - Started process (PID=732) to work on /opt/airflow/dags/extract_data.py
[2026-03-25T13:18:40.398+0000] {processor.py:830} INFO - Processing file /opt/airflow/dags/extract_data.py for tasks to queue
[2026-03-25T13:18:40.400+0000] {logging_mixin.py:188} INFO - [2026-03-25T13:18:40.400+0000] {dagbag.py:545} INFO - Filling up the DagBag from /opt/airflow/dags/extract_data.py
[2026-03-25T13:18:40.420+0000] {processor.py:842} WARNING - No viable dags retrieved from /opt/airflow/dags/extract_data.py
[2026-03-25T13:18:40.432+0000] {processor.py:183} INFO - Processing /opt/airflow/dags/extract_data.py took 0.041 seconds
[2026-03-25T13:19:11.246+0000] {processor.py:161} INFO - Started process (PID=758) to work on /opt/airflow/dags/extract_data.py
[2026-03-25T13:19:11.247+0000] {processor.py:830} INFO - Processing file /opt/airflow/dags/extract_data.py for tasks to queue
[2026-03-25T13:19:11.249+0000] {logging_mixin.py:188} INFO - [2026-03-25T13:19:11.248+0000] {dagbag.py:545} INFO - Filling up the DagBag from /opt/airflow/dags/extract_data.py
[2026-03-25T13:19:11.276+0000] {processor.py:842} WARNING - No viable dags retrieved from /opt/airflow/dags/extract_data.py
[2026-03-25T13:19:11.291+0000] {processor.py:183} INFO - Processing /opt/airflow/dags/extract_data.py took 0.051 seconds
[2026-03-25T13:19:42.057+0000] {processor.py:161} INFO - Started process (PID=784) to work on /opt/airflow/dags/extract_data.py
[2026-03-25T13:19:42.058+0000] {processor.py:830} INFO - Processing file /opt/airflow/dags/extract_data.py for tasks to queue
[2026-03-25T13:19:42.059+0000] {logging_mixin.py:188} INFO - [2026-03-25T13:19:42.059+0000] {dagbag.py:545} INFO - Filling up the DagBag from /opt/airflow/dags/extract_data.py
[2026-03-25T13:19:42.093+0000] {processor.py:842} WARNING - No viable dags retrieved from /opt/airflow/dags/extract_data.py
[2026-03-25T13:19:42.109+0000] {processor.py:183} INFO - Processing /opt/airflow/dags/extract_data.py took 0.058 seconds
[2026-03-25T13:20:12.908+0000] {processor.py:161} INFO - Started process (PID=810) to work on /opt/airflow/dags/extract_data.py
[2026-03-25T13:20:12.911+0000] {processor.py:830} INFO - Processing file /opt/airflow/dags/extract_data.py for tasks to queue
[2026-03-25T13:20:12.917+0000] {logging_mixin.py:188} INFO - [2026-03-25T13:20:12.916+0000] {dagbag.py:545} INFO - Filling up the DagBag from /opt/airflow/dags/extract_data.py
[2026-03-25T13:20:12.938+0000] {processor.py:842} WARNING - No viable dags retrieved from /opt/airflow/dags/extract_data.py
[2026-03-25T13:20:12.964+0000] {processor.py:183} INFO - Processing /opt/airflow/dags/extract_data.py took 0.067 seconds
[2026-03-25T13:20:43.143+0000] {processor.py:161} INFO - Started process (PID=836) to work on /opt/airflow/dags/extract_data.py
[2026-03-25T13:20:43.144+0000] {processor.py:830} INFO - Processing file /opt/airflow/dags/extract_data.py for tasks to queue
[2026-03-25T13:20:43.148+0000] {logging_mixin.py:188} INFO - [2026-03-25T13:20:43.147+0000] {dagbag.py:545} INFO - Filling up the DagBag from /opt/airflow/dags/extract_data.py
[2026-03-25T13:20:43.166+0000] {processor.py:842} WARNING - No viable dags retrieved from /opt/airflow/dags/extract_data.py
[2026-03-25T13:20:43.189+0000] {processor.py:183} INFO - Processing /opt/airflow/dags/extract_data.py took 0.053 seconds
[2026-03-25T13:21:13.987+0000] {processor.py:161} INFO - Started process (PID=862) to work on /opt/airflow/dags/extract_data.py
[2026-03-25T13:21:13.989+0000] {processor.py:830} INFO - Processing file /opt/airflow/dags/extract_data.py for tasks to queue
[2026-03-25T13:21:13.997+0000] {logging_mixin.py:188} INFO - [2026-03-25T13:21:13.997+0000] {dagbag.py:545} INFO - Filling up the DagBag from /opt/airflow/dags/extract_data.py
[2026-03-25T13:21:14.018+0000] {processor.py:842} WARNING - No viable dags retrieved from /opt/airflow/dags/extract_data.py
[2026-03-25T13:21:14.032+0000] {processor.py:183} INFO - Processing /opt/airflow/dags/extract_data.py took 0.052 seconds
[2026-03-25T13:21:44.792+0000] {processor.py:161} INFO - Started process (PID=888) to work on /opt/airflow/dags/extract_data.py
[2026-03-25T13:21:44.793+0000] {processor.py:830} INFO - Processing file /opt/airflow/dags/extract_data.py for tasks to queue
[2026-03-25T13:21:44.795+0000] {logging_mixin.py:188} INFO - [2026-03-25T13:21:44.794+0000] {dagbag.py:545} INFO - Filling up the DagBag from /opt/airflow/dags/extract_data.py
[2026-03-25T13:21:44.828+0000] {processor.py:842} WARNING - No viable dags retrieved from /opt/airflow/dags/extract_data.py
[2026-03-25T13:21:44.842+0000] {processor.py:183} INFO - Processing /opt/airflow/dags/extract_data.py took 0.057 seconds
[2026-03-25T13:22:15.577+0000] {processor.py:161} INFO - Started process (PID=914) to work on /opt/airflow/dags/extract_data.py
[2026-03-25T13:22:15.578+0000] {processor.py:830} INFO - Processing file /opt/airflow/dags/extract_data.py for tasks to queue
[2026-03-25T13:22:15.580+0000] {logging_mixin.py:188} INFO - [2026-03-25T13:22:15.579+0000] {dagbag.py:545} INFO - Filling up the DagBag from /opt/airflow/dags/extract_data.py
[2026-03-25T13:22:15.596+0000] {processor.py:842} WARNING - No viable dags retrieved from /opt/airflow/dags/extract_data.py
[2026-03-25T13:22:15.609+0000] {processor.py:183} INFO - Processing /opt/airflow/dags/extract_data.py took 0.038 seconds
[2026-03-25T13:22:46.351+0000] {processor.py:161} INFO - Started process (PID=940) to work on /opt/airflow/dags/extract_data.py
[2026-03-25T13:22:46.352+0000] {processor.py:830} INFO - Processing file /opt/airflow/dags/extract_data.py for tasks to queue
[2026-03-25T13:22:46.354+0000] {logging_mixin.py:188} INFO - [2026-03-25T13:22:46.354+0000] {dagbag.py:545} INFO - Filling up the DagBag from /opt/airflow/dags/extract_data.py
[2026-03-25T13:22:46.367+0000] {processor.py:842} WARNING - No viable dags retrieved from /opt/airflow/dags/extract_data.py
[2026-03-25T13:22:46.379+0000] {processor.py:183} INFO - Processing /opt/airflow/dags/extract_data.py took 0.033 seconds
[2026-03-25T13:23:17.129+0000] {processor.py:161} INFO - Started process (PID=966) to work on /opt/airflow/dags/extract_data.py
[2026-03-25T13:23:17.130+0000] {processor.py:830} INFO - Processing file /opt/airflow/dags/extract_data.py for tasks to queue
[2026-03-25T13:23:17.132+0000] {logging_mixin.py:188} INFO - [2026-03-25T13:23:17.131+0000] {dagbag.py:545} INFO - Filling up the DagBag from /opt/airflow/dags/extract_data.py
[2026-03-25T13:23:17.145+0000] {processor.py:842} WARNING - No viable dags retrieved from /opt/airflow/dags/extract_data.py
[2026-03-25T13:23:17.159+0000] {processor.py:183} INFO - Processing /opt/airflow/dags/extract_data.py took 0.035 seconds
[2026-03-25T13:23:47.868+0000] {processor.py:161} INFO - Started process (PID=992) to work on /opt/airflow/dags/extract_data.py
[2026-03-25T13:23:47.870+0000] {processor.py:830} INFO - Processing file /opt/airflow/dags/extract_data.py for tasks to queue
[2026-03-25T13:23:47.873+0000] {logging_mixin.py:188} INFO - [2026-03-25T13:23:47.873+0000] {dagbag.py:545} INFO - Filling up the DagBag from /opt/airflow/dags/extract_data.py
[2026-03-25T13:23:47.903+0000] {processor.py:842} WARNING - No viable dags retrieved from /opt/airflow/dags/extract_data.py
[2026-03-25T13:23:47.922+0000] {processor.py:183} INFO - Processing /opt/airflow/dags/extract_data.py took 0.061 seconds
[2026-03-25T13:24:18.593+0000] {processor.py:161} INFO - Started process (PID=1018) to work on /opt/airflow/dags/extract_data.py
[2026-03-25T13:24:18.594+0000] {processor.py:830} INFO - Processing file /opt/airflow/dags/extract_data.py for tasks to queue
[2026-03-25T13:24:18.595+0000] {logging_mixin.py:188} INFO - [2026-03-25T13:24:18.595+0000] {dagbag.py:545} INFO - Filling up the DagBag from /opt/airflow/dags/extract_data.py
[2026-03-25T13:24:18.607+0000] {processor.py:842} WARNING - No viable dags retrieved from /opt/airflow/dags/extract_data.py
[2026-03-25T13:24:18.621+0000] {processor.py:183} INFO - Processing /opt/airflow/dags/extract_data.py took 0.034 seconds
[2026-03-25T13:24:49.419+0000] {processor.py:161} INFO - Started process (PID=1044) to work on /opt/airflow/dags/extract_data.py
[2026-03-25T13:24:49.420+0000] {processor.py:830} INFO - Processing file /opt/airflow/dags/extract_data.py for tasks to queue
[2026-03-25T13:24:49.422+0000] {logging_mixin.py:188} INFO - [2026-03-25T13:24:49.421+0000] {dagbag.py:545} INFO - Filling up the DagBag from /opt/airflow/dags/extract_data.py
[2026-03-25T13:24:49.440+0000] {processor.py:842} WARNING - No viable dags retrieved from /opt/airflow/dags/extract_data.py
[2026-03-25T13:24:49.454+0000] {processor.py:183} INFO - Processing /opt/airflow/dags/extract_data.py took 0.041 seconds
[2026-03-25T13:25:20.133+0000] {processor.py:161} INFO - Started process (PID=1070) to work on /opt/airflow/dags/extract_data.py
[2026-03-25T13:25:20.134+0000] {processor.py:830} INFO - Processing file /opt/airflow/dags/extract_data.py for tasks to queue
[2026-03-25T13:25:20.136+0000] {logging_mixin.py:188} INFO - [2026-03-25T13:25:20.136+0000] {dagbag.py:545} INFO - Filling up the DagBag from /opt/airflow/dags/extract_data.py
[2026-03-25T13:25:20.150+0000] {processor.py:842} WARNING - No viable dags retrieved from /opt/airflow/dags/extract_data.py
[2026-03-25T13:25:20.164+0000] {processor.py:183} INFO - Processing /opt/airflow/dags/extract_data.py took 0.037 seconds
[2026-03-25T13:25:50.886+0000] {processor.py:161} INFO - Started process (PID=1096) to work on /opt/airflow/dags/extract_data.py
[2026-03-25T13:25:50.888+0000] {processor.py:830} INFO - Processing file /opt/airflow/dags/extract_data.py for tasks to queue
[2026-03-25T13:25:50.890+0000] {logging_mixin.py:188} INFO - [2026-03-25T13:25:50.890+0000] {dagbag.py:545} INFO - Filling up the DagBag from /opt/airflow/dags/extract_data.py
[2026-03-25T13:25:50.917+0000] {processor.py:842} WARNING - No viable dags retrieved from /opt/airflow/dags/extract_data.py
[2026-03-25T13:25:50.930+0000] {processor.py:183} INFO - Processing /opt/airflow/dags/extract_data.py took 0.050 seconds
[2026-03-25T13:26:21.705+0000] {processor.py:161} INFO - Started process (PID=1122) to work on /opt/airflow/dags/extract_data.py
[2026-03-25T13:26:21.706+0000] {processor.py:830} INFO - Processing file /opt/airflow/dags/extract_data.py for tasks to queue
[2026-03-25T13:26:21.709+0000] {logging_mixin.py:188} INFO - [2026-03-25T13:26:21.708+0000] {dagbag.py:545} INFO - Filling up the DagBag from /opt/airflow/dags/extract_data.py
[2026-03-25T13:26:21.745+0000] {processor.py:842} WARNING - No viable dags retrieved from /opt/airflow/dags/extract_data.py
[2026-03-25T13:26:21.759+0000] {processor.py:183} INFO - Processing /opt/airflow/dags/extract_data.py took 0.060 seconds
[2026-03-25T13:26:52.457+0000] {processor.py:161} INFO - Started process (PID=1148) to work on /opt/airflow/dags/extract_data.py
[2026-03-25T13:26:52.458+0000] {processor.py:830} INFO - Processing file /opt/airflow/dags/extract_data.py for tasks to queue
[2026-03-25T13:26:52.460+0000] {logging_mixin.py:188} INFO - [2026-03-25T13:26:52.460+0000] {dagbag.py:545} INFO - Filling up the DagBag from /opt/airflow/dags/extract_data.py
[2026-03-25T13:26:52.478+0000] {processor.py:842} WARNING - No viable dags retrieved from /opt/airflow/dags/extract_data.py
[2026-03-25T13:26:52.492+0000] {processor.py:183} INFO - Processing /opt/airflow/dags/extract_data.py took 0.041 seconds
[2026-03-25T13:27:23.202+0000] {processor.py:161} INFO - Started process (PID=1174) to work on /opt/airflow/dags/extract_data.py
[2026-03-25T13:27:23.204+0000] {processor.py:830} INFO - Processing file /opt/airflow/dags/extract_data.py for tasks to queue
[2026-03-25T13:27:23.206+0000] {logging_mixin.py:188} INFO - [2026-03-25T13:27:23.206+0000] {dagbag.py:545} INFO - Filling up the DagBag from /opt/airflow/dags/extract_data.py
[2026-03-25T13:27:23.243+0000] {processor.py:842} WARNING - No viable dags retrieved from /opt/airflow/dags/extract_data.py
[2026-03-25T13:27:23.259+0000] {processor.py:183} INFO - Processing /opt/airflow/dags/extract_data.py took 0.063 seconds
[2026-03-25T13:27:54.085+0000] {processor.py:161} INFO - Started process (PID=1200) to work on /opt/airflow/dags/extract_data.py
[2026-03-25T13:27:54.086+0000] {processor.py:830} INFO - Processing file /opt/airflow/dags/extract_data.py for tasks to queue
[2026-03-25T13:27:54.088+0000] {logging_mixin.py:188} INFO - [2026-03-25T13:27:54.088+0000] {dagbag.py:545} INFO - Filling up the DagBag from /opt/airflow/dags/extract_data.py
[2026-03-25T13:27:54.099+0000] {processor.py:842} WARNING - No viable dags retrieved from /opt/airflow/dags/extract_data.py
[2026-03-25T13:27:54.112+0000] {processor.py:183} INFO - Processing /opt/airflow/dags/extract_data.py took 0.033 seconds
[2026-03-25T13:28:24.976+0000] {processor.py:161} INFO - Started process (PID=1226) to work on /opt/airflow/dags/extract_data.py
[2026-03-25T13:28:24.977+0000] {processor.py:830} INFO - Processing file /opt/airflow/dags/extract_data.py for tasks to queue
[2026-03-25T13:28:24.979+0000] {logging_mixin.py:188} INFO - [2026-03-25T13:28:24.979+0000] {dagbag.py:545} INFO - Filling up the DagBag from /opt/airflow/dags/extract_data.py
[2026-03-25T13:28:25.007+0000] {processor.py:842} WARNING - No viable dags retrieved from /opt/airflow/dags/extract_data.py
[2026-03-25T13:28:25.023+0000] {processor.py:183} INFO - Processing /opt/airflow/dags/extract_data.py took 0.054 seconds
[2026-03-25T13:28:55.741+0000] {processor.py:161} INFO - Started process (PID=1252) to work on /opt/airflow/dags/extract_data.py
[2026-03-25T13:28:55.742+0000] {processor.py:830} INFO - Processing file /opt/airflow/dags/extract_data.py for tasks to queue
[2026-03-25T13:28:55.745+0000] {logging_mixin.py:188} INFO - [2026-03-25T13:28:55.744+0000] {dagbag.py:545} INFO - Filling up the DagBag from /opt/airflow/dags/extract_data.py
[2026-03-25T13:28:55.769+0000] {processor.py:842} WARNING - No viable dags retrieved from /opt/airflow/dags/extract_data.py
[2026-03-25T13:28:55.783+0000] {processor.py:183} INFO - Processing /opt/airflow/dags/extract_data.py took 0.049 seconds
[2026-03-25T13:29:26.665+0000] {processor.py:161} INFO - Started process (PID=1278) to work on /opt/airflow/dags/extract_data.py
[2026-03-25T13:29:26.666+0000] {processor.py:830} INFO - Processing file /opt/airflow/dags/extract_data.py for tasks to queue
[2026-03-25T13:29:26.668+0000] {logging_mixin.py:188} INFO - [2026-03-25T13:29:26.667+0000] {dagbag.py:545} INFO - Filling up the DagBag from /opt/airflow/dags/extract_data.py
[2026-03-25T13:29:26.679+0000] {processor.py:842} WARNING - No viable dags retrieved from /opt/airflow/dags/extract_data.py
[2026-03-25T13:29:26.691+0000] {processor.py:183} INFO - Processing /opt/airflow/dags/extract_data.py took 0.031 seconds
[2026-03-25T13:29:57.497+0000] {processor.py:161} INFO - Started process (PID=1304) to work on /opt/airflow/dags/extract_data.py
[2026-03-25T13:29:57.498+0000] {processor.py:830} INFO - Processing file /opt/airflow/dags/extract_data.py for tasks to queue
[2026-03-25T13:29:57.500+0000] {logging_mixin.py:188} INFO - [2026-03-25T13:29:57.500+0000] {dagbag.py:545} INFO - Filling up the DagBag from /opt/airflow/dags/extract_data.py
[2026-03-25T13:29:57.529+0000] {processor.py:842} WARNING - No viable dags retrieved from /opt/airflow/dags/extract_data.py
[2026-03-25T13:29:57.543+0000] {processor.py:183} INFO - Processing /opt/airflow/dags/extract_data.py took 0.051 seconds
[2026-03-25T13:30:28.397+0000] {processor.py:161} INFO - Started process (PID=1336) to work on /opt/airflow/dags/extract_data.py
[2026-03-25T13:30:28.398+0000] {processor.py:830} INFO - Processing file /opt/airflow/dags/extract_data.py for tasks to queue
[2026-03-25T13:30:28.400+0000] {logging_mixin.py:188} INFO - [2026-03-25T13:30:28.400+0000] {dagbag.py:545} INFO - Filling up the DagBag from /opt/airflow/dags/extract_data.py
[2026-03-25T13:30:28.423+0000] {processor.py:842} WARNING - No viable dags retrieved from /opt/airflow/dags/extract_data.py
[2026-03-25T13:30:28.436+0000] {processor.py:183} INFO - Processing /opt/airflow/dags/extract_data.py took 0.045 seconds
[2026-03-25T13:30:59.168+0000] {processor.py:161} INFO - Started process (PID=1363) to work on /opt/airflow/dags/extract_data.py
[2026-03-25T13:30:59.169+0000] {processor.py:830} INFO - Processing file /opt/airflow/dags/extract_data.py for tasks to queue
[2026-03-25T13:30:59.171+0000] {logging_mixin.py:188} INFO - [2026-03-25T13:30:59.171+0000] {dagbag.py:545} INFO - Filling up the DagBag from /opt/airflow/dags/extract_data.py
[2026-03-25T13:30:59.185+0000] {processor.py:842} WARNING - No viable dags retrieved from /opt/airflow/dags/extract_data.py
[2026-03-25T13:30:59.199+0000] {processor.py:183} INFO - Processing /opt/airflow/dags/extract_data.py took 0.037 seconds
[2026-03-25T13:31:29.878+0000] {processor.py:161} INFO - Started process (PID=1389) to work on /opt/airflow/dags/extract_data.py
[2026-03-25T13:31:29.879+0000] {processor.py:830} INFO - Processing file /opt/airflow/dags/extract_data.py for tasks to queue
[2026-03-25T13:31:29.882+0000] {logging_mixin.py:188} INFO - [2026-03-25T13:31:29.882+0000] {dagbag.py:545} INFO - Filling up the DagBag from /opt/airflow/dags/extract_data.py
[2026-03-25T13:31:29.906+0000] {processor.py:842} WARNING - No viable dags retrieved from /opt/airflow/dags/extract_data.py
[2026-03-25T13:31:29.929+0000] {processor.py:183} INFO - Processing /opt/airflow/dags/extract_data.py took 0.059 seconds
[2026-03-25T13:32:00.770+0000] {processor.py:161} INFO - Started process (PID=1415) to work on /opt/airflow/dags/extract_data.py
[2026-03-25T13:32:00.771+0000] {processor.py:830} INFO - Processing file /opt/airflow/dags/extract_data.py for tasks to queue
[2026-03-25T13:32:00.773+0000] {logging_mixin.py:188} INFO - [2026-03-25T13:32:00.773+0000] {dagbag.py:545} INFO - Filling up the DagBag from /opt/airflow/dags/extract_data.py
[2026-03-25T13:32:00.806+0000] {processor.py:842} WARNING - No viable dags retrieved from /opt/airflow/dags/extract_data.py
[2026-03-25T13:32:00.818+0000] {processor.py:183} INFO - Processing /opt/airflow/dags/extract_data.py took 0.054 seconds
[2026-03-25T13:32:31.626+0000] {processor.py:161} INFO - Started process (PID=1442) to work on /opt/airflow/dags/extract_data.py
[2026-03-25T13:32:31.628+0000] {processor.py:830} INFO - Processing file /opt/airflow/dags/extract_data.py for tasks to queue
[2026-03-25T13:32:31.629+0000] {logging_mixin.py:188} INFO - [2026-03-25T13:32:31.629+0000] {dagbag.py:545} INFO - Filling up the DagBag from /opt/airflow/dags/extract_data.py
[2026-03-25T13:32:31.643+0000] {processor.py:842} WARNING - No viable dags retrieved from /opt/airflow/dags/extract_data.py
[2026-03-25T13:32:31.659+0000] {processor.py:183} INFO - Processing /opt/airflow/dags/extract_data.py took 0.039 seconds
[2026-03-25T13:33:02.505+0000] {processor.py:161} INFO - Started process (PID=1468) to work on /opt/airflow/dags/extract_data.py
[2026-03-25T13:33:02.506+0000] {processor.py:830} INFO - Processing file /opt/airflow/dags/extract_data.py for tasks to queue
[2026-03-25T13:33:02.508+0000] {logging_mixin.py:188} INFO - [2026-03-25T13:33:02.508+0000] {dagbag.py:545} INFO - Filling up the DagBag from /opt/airflow/dags/extract_data.py
[2026-03-25T13:33:02.547+0000] {processor.py:842} WARNING - No viable dags retrieved from /opt/airflow/dags/extract_data.py
[2026-03-25T13:33:02.563+0000] {processor.py:183} INFO - Processing /opt/airflow/dags/extract_data.py took 0.064 seconds
[2026-03-25T13:33:33.319+0000] {processor.py:161} INFO - Started process (PID=1494) to work on /opt/airflow/dags/extract_data.py
[2026-03-25T13:33:33.320+0000] {processor.py:830} INFO - Processing file /opt/airflow/dags/extract_data.py for tasks to queue
[2026-03-25T13:33:33.322+0000] {logging_mixin.py:188} INFO - [2026-03-25T13:33:33.322+0000] {dagbag.py:545} INFO - Filling up the DagBag from /opt/airflow/dags/extract_data.py
[2026-03-25T13:33:33.334+0000] {processor.py:842} WARNING - No viable dags retrieved from /opt/airflow/dags/extract_data.py
[2026-03-25T13:33:33.346+0000] {processor.py:183} INFO - Processing /opt/airflow/dags/extract_data.py took 0.032 seconds
[2026-03-25T13:34:04.009+0000] {processor.py:161} INFO - Started process (PID=1520) to work on /opt/airflow/dags/extract_data.py
[2026-03-25T13:34:04.010+0000] {processor.py:830} INFO - Processing file /opt/airflow/dags/extract_data.py for tasks to queue
[2026-03-25T13:34:04.013+0000] {logging_mixin.py:188} INFO - [2026-03-25T13:34:04.013+0000] {dagbag.py:545} INFO - Filling up the DagBag from /opt/airflow/dags/extract_data.py
[2026-03-25T13:34:04.046+0000] {processor.py:842} WARNING - No viable dags retrieved from /opt/airflow/dags/extract_data.py
[2026-03-25T13:34:04.062+0000] {processor.py:183} INFO - Processing /opt/airflow/dags/extract_data.py took 0.059 seconds
[2026-03-25T13:34:34.798+0000] {processor.py:161} INFO - Started process (PID=1547) to work on /opt/airflow/dags/extract_data.py
[2026-03-25T13:34:34.799+0000] {processor.py:830} INFO - Processing file /opt/airflow/dags/extract_data.py for tasks to queue
[2026-03-25T13:34:34.800+0000] {logging_mixin.py:188} INFO - [2026-03-25T13:34:34.800+0000] {dagbag.py:545} INFO - Filling up the DagBag from /opt/airflow/dags/extract_data.py
[2026-03-25T13:34:34.817+0000] {processor.py:842} WARNING - No viable dags retrieved from /opt/airflow/dags/extract_data.py
[2026-03-25T13:34:34.829+0000] {processor.py:183} INFO - Processing /opt/airflow/dags/extract_data.py took 0.037 seconds
[2026-03-25T13:35:05.635+0000] {processor.py:161} INFO - Started process (PID=1573) to work on /opt/airflow/dags/extract_data.py
[2026-03-25T13:35:05.636+0000] {processor.py:830} INFO - Processing file /opt/airflow/dags/extract_data.py for tasks to queue
[2026-03-25T13:35:05.638+0000] {logging_mixin.py:188} INFO - [2026-03-25T13:35:05.637+0000] {dagbag.py:545} INFO - Filling up the DagBag from /opt/airflow/dags/extract_data.py
[2026-03-25T13:35:05.654+0000] {processor.py:842} WARNING - No viable dags retrieved from /opt/airflow/dags/extract_data.py
[2026-03-25T13:35:05.667+0000] {processor.py:183} INFO - Processing /opt/airflow/dags/extract_data.py took 0.037 seconds
[2026-03-25T13:35:36.428+0000] {processor.py:161} INFO - Started process (PID=1599) to work on /opt/airflow/dags/extract_data.py
[2026-03-25T13:35:36.429+0000] {processor.py:830} INFO - Processing file /opt/airflow/dags/extract_data.py for tasks to queue
[2026-03-25T13:35:36.431+0000] {logging_mixin.py:188} INFO - [2026-03-25T13:35:36.431+0000] {dagbag.py:545} INFO - Filling up the DagBag from /opt/airflow/dags/extract_data.py
[2026-03-25T13:35:36.451+0000] {processor.py:842} WARNING - No viable dags retrieved from /opt/airflow/dags/extract_data.py
[2026-03-25T13:35:36.465+0000] {processor.py:183} INFO - Processing /opt/airflow/dags/extract_data.py took 0.043 seconds
[2026-03-25T13:36:07.195+0000] {processor.py:161} INFO - Started process (PID=1625) to work on /opt/airflow/dags/extract_data.py
[2026-03-25T13:36:07.196+0000] {processor.py:830} INFO - Processing file /opt/airflow/dags/extract_data.py for tasks to queue
[2026-03-25T13:36:07.199+0000] {logging_mixin.py:188} INFO - [2026-03-25T13:36:07.198+0000] {dagbag.py:545} INFO - Filling up the DagBag from /opt/airflow/dags/extract_data.py
[2026-03-25T13:36:07.216+0000] {processor.py:842} WARNING - No viable dags retrieved from /opt/airflow/dags/extract_data.py
[2026-03-25T13:36:07.232+0000] {processor.py:183} INFO - Processing /opt/airflow/dags/extract_data.py took 0.043 seconds
[2026-03-25T13:36:37.989+0000] {processor.py:161} INFO - Started process (PID=1651) to work on /opt/airflow/dags/extract_data.py
[2026-03-25T13:36:37.990+0000] {processor.py:830} INFO - Processing file /opt/airflow/dags/extract_data.py for tasks to queue
[2026-03-25T13:36:37.993+0000] {logging_mixin.py:188} INFO - [2026-03-25T13:36:37.992+0000] {dagbag.py:545} INFO - Filling up the DagBag from /opt/airflow/dags/extract_data.py
[2026-03-25T13:36:38.013+0000] {processor.py:842} WARNING - No viable dags retrieved from /opt/airflow/dags/extract_data.py
[2026-03-25T13:36:38.027+0000] {processor.py:183} INFO - Processing /opt/airflow/dags/extract_data.py took 0.044 seconds
[2026-03-25T13:37:08.778+0000] {processor.py:161} INFO - Started process (PID=1677) to work on /opt/airflow/dags/extract_data.py
[2026-03-25T13:37:08.784+0000] {processor.py:830} INFO - Processing file /opt/airflow/dags/extract_data.py for tasks to queue
[2026-03-25T13:37:08.792+0000] {logging_mixin.py:188} INFO - [2026-03-25T13:37:08.791+0000] {dagbag.py:545} INFO - Filling up the DagBag from /opt/airflow/dags/extract_data.py
[2026-03-25T13:37:08.823+0000] {processor.py:842} WARNING - No viable dags retrieved from /opt/airflow/dags/extract_data.py
[2026-03-25T13:37:08.855+0000] {processor.py:183} INFO - Processing /opt/airflow/dags/extract_data.py took 0.099 seconds
[2026-03-25T13:37:39.814+0000] {processor.py:161} INFO - Started process (PID=1703) to work on /opt/airflow/dags/extract_data.py
[2026-03-25T13:37:39.815+0000] {processor.py:830} INFO - Processing file /opt/airflow/dags/extract_data.py for tasks to queue
[2026-03-25T13:37:39.818+0000] {logging_mixin.py:188} INFO - [2026-03-25T13:37:39.817+0000] {dagbag.py:545} INFO - Filling up the DagBag from /opt/airflow/dags/extract_data.py
[2026-03-25T13:37:39.831+0000] {processor.py:842} WARNING - No viable dags retrieved from /opt/airflow/dags/extract_data.py
[2026-03-25T13:37:39.845+0000] {processor.py:183} INFO - Processing /opt/airflow/dags/extract_data.py took 0.037 seconds
[2026-03-25T13:38:10.752+0000] {processor.py:161} INFO - Started process (PID=1729) to work on /opt/airflow/dags/extract_data.py
[2026-03-25T13:38:10.753+0000] {processor.py:830} INFO - Processing file /opt/airflow/dags/extract_data.py for tasks to queue
[2026-03-25T13:38:10.756+0000] {logging_mixin.py:188} INFO - [2026-03-25T13:38:10.756+0000] {dagbag.py:545} INFO - Filling up the DagBag from /opt/airflow/dags/extract_data.py
[2026-03-25T13:38:10.782+0000] {processor.py:842} WARNING - No viable dags retrieved from /opt/airflow/dags/extract_data.py
[2026-03-25T13:38:10.798+0000] {processor.py:183} INFO - Processing /opt/airflow/dags/extract_data.py took 0.053 seconds
[2026-03-25T13:38:41.555+0000] {processor.py:161} INFO - Started process (PID=1755) to work on /opt/airflow/dags/extract_data.py
[2026-03-25T13:38:41.556+0000] {processor.py:830} INFO - Processing file /opt/airflow/dags/extract_data.py for tasks to queue
[2026-03-25T13:38:41.558+0000] {logging_mixin.py:188} INFO - [2026-03-25T13:38:41.558+0000] {dagbag.py:545} INFO - Filling up the DagBag from /opt/airflow/dags/extract_data.py
[2026-03-25T13:38:41.588+0000] {processor.py:842} WARNING - No viable dags retrieved from /opt/airflow/dags/extract_data.py
[2026-03-25T13:38:41.600+0000] {processor.py:183} INFO - Processing /opt/airflow/dags/extract_data.py took 0.051 seconds
[2026-03-25T13:39:12.434+0000] {processor.py:161} INFO - Started process (PID=1781) to work on /opt/airflow/dags/extract_data.py
[2026-03-25T13:39:12.435+0000] {processor.py:830} INFO - Processing file /opt/airflow/dags/extract_data.py for tasks to queue
[2026-03-25T13:39:12.438+0000] {logging_mixin.py:188} INFO - [2026-03-25T13:39:12.438+0000] {dagbag.py:545} INFO - Filling up the DagBag from /opt/airflow/dags/extract_data.py
[2026-03-25T13:39:12.470+0000] {processor.py:842} WARNING - No viable dags retrieved from /opt/airflow/dags/extract_data.py
[2026-03-25T13:39:12.486+0000] {processor.py:183} INFO - Processing /opt/airflow/dags/extract_data.py took 0.060 seconds
[2026-03-25T13:39:43.239+0000] {processor.py:161} INFO - Started process (PID=1807) to work on /opt/airflow/dags/extract_data.py
[2026-03-25T13:39:43.240+0000] {processor.py:830} INFO - Processing file /opt/airflow/dags/extract_data.py for tasks to queue
[2026-03-25T13:39:43.242+0000] {logging_mixin.py:188} INFO - [2026-03-25T13:39:43.242+0000] {dagbag.py:545} INFO - Filling up the DagBag from /opt/airflow/dags/extract_data.py
[2026-03-25T13:39:43.261+0000] {processor.py:842} WARNING - No viable dags retrieved from /opt/airflow/dags/extract_data.py
[2026-03-25T13:39:43.276+0000] {processor.py:183} INFO - Processing /opt/airflow/dags/extract_data.py took 0.044 seconds
[2026-03-25T13:40:14.162+0000] {processor.py:161} INFO - Started process (PID=1833) to work on /opt/airflow/dags/extract_data.py
[2026-03-25T13:40:14.164+0000] {processor.py:830} INFO - Processing file /opt/airflow/dags/extract_data.py for tasks to queue
[2026-03-25T13:40:14.166+0000] {logging_mixin.py:188} INFO - [2026-03-25T13:40:14.166+0000] {dagbag.py:545} INFO - Filling up the DagBag from /opt/airflow/dags/extract_data.py
[2026-03-25T13:40:14.182+0000] {processor.py:842} WARNING - No viable dags retrieved from /opt/airflow/dags/extract_data.py
[2026-03-25T13:40:14.196+0000] {processor.py:183} INFO - Processing /opt/airflow/dags/extract_data.py took 0.040 seconds
[2026-03-25T13:40:45.033+0000] {processor.py:161} INFO - Started process (PID=1859) to work on /opt/airflow/dags/extract_data.py
[2026-03-25T13:40:45.035+0000] {processor.py:830} INFO - Processing file /opt/airflow/dags/extract_data.py for tasks to queue
[2026-03-25T13:40:45.037+0000] {logging_mixin.py:188} INFO - [2026-03-25T13:40:45.036+0000] {dagbag.py:545} INFO - Filling up the DagBag from /opt/airflow/dags/extract_data.py
[2026-03-25T13:40:45.064+0000] {processor.py:842} WARNING - No viable dags retrieved from /opt/airflow/dags/extract_data.py
[2026-03-25T13:40:45.078+0000] {processor.py:183} INFO - Processing /opt/airflow/dags/extract_data.py took 0.051 seconds
[2026-03-25T13:41:15.888+0000] {processor.py:161} INFO - Started process (PID=1885) to work on /opt/airflow/dags/extract_data.py
[2026-03-25T13:41:15.890+0000] {processor.py:830} INFO - Processing file /opt/airflow/dags/extract_data.py for tasks to queue
[2026-03-25T13:41:15.892+0000] {logging_mixin.py:188} INFO - [2026-03-25T13:41:15.892+0000] {dagbag.py:545} INFO - Filling up the DagBag from /opt/airflow/dags/extract_data.py
[2026-03-25T13:41:15.926+0000] {processor.py:842} WARNING - No viable dags retrieved from /opt/airflow/dags/extract_data.py
[2026-03-25T13:41:15.942+0000] {processor.py:183} INFO - Processing /opt/airflow/dags/extract_data.py took 0.060 seconds
[2026-03-25T13:41:46.726+0000] {processor.py:161} INFO - Started process (PID=1911) to work on /opt/airflow/dags/extract_data.py
[2026-03-25T13:41:46.728+0000] {processor.py:830} INFO - Processing file /opt/airflow/dags/extract_data.py for tasks to queue
[2026-03-25T13:41:46.730+0000] {logging_mixin.py:188} INFO - [2026-03-25T13:41:46.730+0000] {dagbag.py:545} INFO - Filling up the DagBag from /opt/airflow/dags/extract_data.py
[2026-03-25T13:41:46.755+0000] {processor.py:842} WARNING - No viable dags retrieved from /opt/airflow/dags/extract_data.py
[2026-03-25T13:41:46.771+0000] {processor.py:183} INFO - Processing /opt/airflow/dags/extract_data.py took 0.051 seconds
[2026-03-25T13:42:17.652+0000] {processor.py:161} INFO - Started process (PID=1938) to work on /opt/airflow/dags/extract_data.py
[2026-03-25T13:42:17.654+0000] {processor.py:830} INFO - Processing file /opt/airflow/dags/extract_data.py for tasks to queue
[2026-03-25T13:42:17.656+0000] {logging_mixin.py:188} INFO - [2026-03-25T13:42:17.655+0000] {dagbag.py:545} INFO - Filling up the DagBag from /opt/airflow/dags/extract_data.py
[2026-03-25T13:42:17.684+0000] {processor.py:842} WARNING - No viable dags retrieved from /opt/airflow/dags/extract_data.py
[2026-03-25T13:42:17.696+0000] {processor.py:183} INFO - Processing /opt/airflow/dags/extract_data.py took 0.049 seconds
[2026-03-25T13:42:48.500+0000] {processor.py:161} INFO - Started process (PID=1964) to work on /opt/airflow/dags/extract_data.py
[2026-03-25T13:42:48.502+0000] {processor.py:830} INFO - Processing file /opt/airflow/dags/extract_data.py for tasks to queue
[2026-03-25T13:42:48.504+0000] {logging_mixin.py:188} INFO - [2026-03-25T13:42:48.504+0000] {dagbag.py:545} INFO - Filling up the DagBag from /opt/airflow/dags/extract_data.py
[2026-03-25T13:42:48.530+0000] {processor.py:842} WARNING - No viable dags retrieved from /opt/airflow/dags/extract_data.py
[2026-03-25T13:42:48.546+0000] {processor.py:183} INFO - Processing /opt/airflow/dags/extract_data.py took 0.052 seconds
[2026-03-25T13:43:19.503+0000] {processor.py:161} INFO - Started process (PID=1990) to work on /opt/airflow/dags/extract_data.py
[2026-03-25T13:43:19.505+0000] {processor.py:830} INFO - Processing file /opt/airflow/dags/extract_data.py for tasks to queue
[2026-03-25T13:43:19.508+0000] {logging_mixin.py:188} INFO - [2026-03-25T13:43:19.507+0000] {dagbag.py:545} INFO - Filling up the DagBag from /opt/airflow/dags/extract_data.py
[2026-03-25T13:43:19.535+0000] {processor.py:842} WARNING - No viable dags retrieved from /opt/airflow/dags/extract_data.py
[2026-03-25T13:43:19.551+0000] {processor.py:183} INFO - Processing /opt/airflow/dags/extract_data.py took 0.053 seconds
[2026-03-25T13:43:50.258+0000] {processor.py:161} INFO - Started process (PID=2016) to work on /opt/airflow/dags/extract_data.py
[2026-03-25T13:43:50.259+0000] {processor.py:830} INFO - Processing file /opt/airflow/dags/extract_data.py for tasks to queue
[2026-03-25T13:43:50.262+0000] {logging_mixin.py:188} INFO - [2026-03-25T13:43:50.262+0000] {dagbag.py:545} INFO - Filling up the DagBag from /opt/airflow/dags/extract_data.py
[2026-03-25T13:43:50.290+0000] {processor.py:842} WARNING - No viable dags retrieved from /opt/airflow/dags/extract_data.py
[2026-03-25T13:43:50.304+0000] {processor.py:183} INFO - Processing /opt/airflow/dags/extract_data.py took 0.053 seconds
[2026-03-25T13:44:21.163+0000] {processor.py:161} INFO - Started process (PID=2042) to work on /opt/airflow/dags/extract_data.py
[2026-03-25T13:44:21.164+0000] {processor.py:830} INFO - Processing file /opt/airflow/dags/extract_data.py for tasks to queue
[2026-03-25T13:44:21.166+0000] {logging_mixin.py:188} INFO - [2026-03-25T13:44:21.166+0000] {dagbag.py:545} INFO - Filling up the DagBag from /opt/airflow/dags/extract_data.py
[2026-03-25T13:44:21.190+0000] {processor.py:842} WARNING - No viable dags retrieved from /opt/airflow/dags/extract_data.py
[2026-03-25T13:44:21.203+0000] {processor.py:183} INFO - Processing /opt/airflow/dags/extract_data.py took 0.046 seconds
[2026-03-25T13:44:51.888+0000] {processor.py:161} INFO - Started process (PID=2068) to work on /opt/airflow/dags/extract_data.py
[2026-03-25T13:44:51.890+0000] {processor.py:830} INFO - Processing file /opt/airflow/dags/extract_data.py for tasks to queue
[2026-03-25T13:44:51.892+0000] {logging_mixin.py:188} INFO - [2026-03-25T13:44:51.892+0000] {dagbag.py:545} INFO - Filling up the DagBag from /opt/airflow/dags/extract_data.py
[2026-03-25T13:44:51.911+0000] {processor.py:842} WARNING - No viable dags retrieved from /opt/airflow/dags/extract_data.py
[2026-03-25T13:44:51.926+0000] {processor.py:183} INFO - Processing /opt/airflow/dags/extract_data.py took 0.045 seconds
[2026-03-25T13:45:22.578+0000] {processor.py:161} INFO - Started process (PID=2094) to work on /opt/airflow/dags/extract_data.py
[2026-03-25T13:45:22.581+0000] {processor.py:830} INFO - Processing file /opt/airflow/dags/extract_data.py for tasks to queue
[2026-03-25T13:45:22.584+0000] {logging_mixin.py:188} INFO - [2026-03-25T13:45:22.584+0000] {dagbag.py:545} INFO - Filling up the DagBag from /opt/airflow/dags/extract_data.py
[2026-03-25T13:45:22.602+0000] {processor.py:842} WARNING - No viable dags retrieved from /opt/airflow/dags/extract_data.py
[2026-03-25T13:45:22.620+0000] {processor.py:183} INFO - Processing /opt/airflow/dags/extract_data.py took 0.051 seconds
[2026-03-25T13:45:53.473+0000] {processor.py:161} INFO - Started process (PID=2121) to work on /opt/airflow/dags/extract_data.py
[2026-03-25T13:45:53.475+0000] {processor.py:830} INFO - Processing file /opt/airflow/dags/extract_data.py for tasks to queue
[2026-03-25T13:45:53.478+0000] {logging_mixin.py:188} INFO - [2026-03-25T13:45:53.478+0000] {dagbag.py:545} INFO - Filling up the DagBag from /opt/airflow/dags/extract_data.py
[2026-03-25T13:45:53.501+0000] {processor.py:842} WARNING - No viable dags retrieved from /opt/airflow/dags/extract_data.py
[2026-03-25T13:45:53.520+0000] {processor.py:183} INFO - Processing /opt/airflow/dags/extract_data.py took 0.059 seconds
[2026-03-25T13:46:24.278+0000] {processor.py:161} INFO - Started process (PID=2147) to work on /opt/airflow/dags/extract_data.py
[2026-03-25T13:46:24.279+0000] {processor.py:830} INFO - Processing file /opt/airflow/dags/extract_data.py for tasks to queue
[2026-03-25T13:46:24.282+0000] {logging_mixin.py:188} INFO - [2026-03-25T13:46:24.282+0000] {dagbag.py:545} INFO - Filling up the DagBag from /opt/airflow/dags/extract_data.py
[2026-03-25T13:46:24.300+0000] {processor.py:842} WARNING - No viable dags retrieved from /opt/airflow/dags/extract_data.py
[2026-03-25T13:46:24.316+0000] {processor.py:183} INFO - Processing /opt/airflow/dags/extract_data.py took 0.046 seconds
[2026-03-25T13:47:35.789+0000] {processor.py:161} INFO - Started process (PID=188) to work on /opt/airflow/dags/extract_data.py
[2026-03-25T13:47:35.791+0000] {processor.py:830} INFO - Processing file /opt/airflow/dags/extract_data.py for tasks to queue
[2026-03-25T13:47:35.794+0000] {logging_mixin.py:188} INFO - [2026-03-25T13:47:35.793+0000] {dagbag.py:545} INFO - Filling up the DagBag from /opt/airflow/dags/extract_data.py
[2026-03-25T13:47:35.826+0000] {processor.py:842} WARNING - No viable dags retrieved from /opt/airflow/dags/extract_data.py
[2026-03-25T13:47:35.851+0000] {processor.py:183} INFO - Processing /opt/airflow/dags/extract_data.py took 0.072 seconds
[2026-03-25T13:48:06.007+0000] {processor.py:161} INFO - Started process (PID=211) to work on /opt/airflow/dags/extract_data.py
[2026-03-25T13:48:06.009+0000] {processor.py:830} INFO - Processing file /opt/airflow/dags/extract_data.py for tasks to queue
[2026-03-25T13:48:06.012+0000] {logging_mixin.py:188} INFO - [2026-03-25T13:48:06.011+0000] {dagbag.py:545} INFO - Filling up the DagBag from /opt/airflow/dags/extract_data.py
[2026-03-25T13:48:06.032+0000] {processor.py:842} WARNING - No viable dags retrieved from /opt/airflow/dags/extract_data.py
[2026-03-25T13:48:06.056+0000] {processor.py:183} INFO - Processing /opt/airflow/dags/extract_data.py took 0.056 seconds
[2026-03-25T13:48:36.772+0000] {processor.py:161} INFO - Started process (PID=237) to work on /opt/airflow/dags/extract_data.py
[2026-03-25T13:48:36.773+0000] {processor.py:830} INFO - Processing file /opt/airflow/dags/extract_data.py for tasks to queue
[2026-03-25T13:48:36.776+0000] {logging_mixin.py:188} INFO - [2026-03-25T13:48:36.776+0000] {dagbag.py:545} INFO - Filling up the DagBag from /opt/airflow/dags/extract_data.py
[2026-03-25T13:48:36.800+0000] {processor.py:842} WARNING - No viable dags retrieved from /opt/airflow/dags/extract_data.py
[2026-03-25T13:48:36.821+0000] {processor.py:183} INFO - Processing /opt/airflow/dags/extract_data.py took 0.060 seconds
[2026-03-25T13:49:07.483+0000] {processor.py:161} INFO - Started process (PID=263) to work on /opt/airflow/dags/extract_data.py
[2026-03-25T13:49:07.484+0000] {processor.py:830} INFO - Processing file /opt/airflow/dags/extract_data.py for tasks to queue
[2026-03-25T13:49:07.486+0000] {logging_mixin.py:188} INFO - [2026-03-25T13:49:07.486+0000] {dagbag.py:545} INFO - Filling up the DagBag from /opt/airflow/dags/extract_data.py
[2026-03-25T13:49:07.515+0000] {processor.py:842} WARNING - No viable dags retrieved from /opt/airflow/dags/extract_data.py
[2026-03-25T13:49:07.530+0000] {processor.py:183} INFO - Processing /opt/airflow/dags/extract_data.py took 0.055 seconds
[2026-03-25T13:49:38.216+0000] {processor.py:161} INFO - Started process (PID=289) to work on /opt/airflow/dags/extract_data.py
[2026-03-25T13:49:38.217+0000] {processor.py:830} INFO - Processing file /opt/airflow/dags/extract_data.py for tasks to queue
[2026-03-25T13:49:38.222+0000] {logging_mixin.py:188} INFO - [2026-03-25T13:49:38.221+0000] {dagbag.py:545} INFO - Filling up the DagBag from /opt/airflow/dags/extract_data.py
[2026-03-25T13:49:38.236+0000] {processor.py:842} WARNING - No viable dags retrieved from /opt/airflow/dags/extract_data.py
[2026-03-25T13:49:38.251+0000] {processor.py:183} INFO - Processing /opt/airflow/dags/extract_data.py took 0.042 seconds
[2026-03-25T13:50:08.919+0000] {processor.py:161} INFO - Started process (PID=315) to work on /opt/airflow/dags/extract_data.py
[2026-03-25T13:50:08.920+0000] {processor.py:830} INFO - Processing file /opt/airflow/dags/extract_data.py for tasks to queue
[2026-03-25T13:50:08.922+0000] {logging_mixin.py:188} INFO - [2026-03-25T13:50:08.922+0000] {dagbag.py:545} INFO - Filling up the DagBag from /opt/airflow/dags/extract_data.py
[2026-03-25T13:50:08.941+0000] {processor.py:842} WARNING - No viable dags retrieved from /opt/airflow/dags/extract_data.py
[2026-03-25T13:50:08.960+0000] {processor.py:183} INFO - Processing /opt/airflow/dags/extract_data.py took 0.048 seconds
[2026-03-25T13:50:39.660+0000] {processor.py:161} INFO - Started process (PID=341) to work on /opt/airflow/dags/extract_data.py
[2026-03-25T13:50:39.661+0000] {processor.py:830} INFO - Processing file /opt/airflow/dags/extract_data.py for tasks to queue
[2026-03-25T13:50:39.663+0000] {logging_mixin.py:188} INFO - [2026-03-25T13:50:39.663+0000] {dagbag.py:545} INFO - Filling up the DagBag from /opt/airflow/dags/extract_data.py
[2026-03-25T13:50:39.679+0000] {processor.py:842} WARNING - No viable dags retrieved from /opt/airflow/dags/extract_data.py
[2026-03-25T13:50:39.692+0000] {processor.py:183} INFO - Processing /opt/airflow/dags/extract_data.py took 0.038 seconds
[2026-03-25T13:52:09.405+0000] {processor.py:161} INFO - Started process (PID=189) to work on /opt/airflow/dags/extract_data.py
[2026-03-25T13:52:09.407+0000] {processor.py:830} INFO - Processing file /opt/airflow/dags/extract_data.py for tasks to queue
[2026-03-25T13:52:09.411+0000] {logging_mixin.py:188} INFO - [2026-03-25T13:52:09.411+0000] {dagbag.py:545} INFO - Filling up the DagBag from /opt/airflow/dags/extract_data.py
[2026-03-25T13:52:09.453+0000] {processor.py:842} WARNING - No viable dags retrieved from /opt/airflow/dags/extract_data.py
[2026-03-25T13:52:09.477+0000] {processor.py:183} INFO - Processing /opt/airflow/dags/extract_data.py took 0.080 seconds
[2026-03-25T13:52:39.630+0000] {processor.py:161} INFO - Started process (PID=212) to work on /opt/airflow/dags/extract_data.py
[2026-03-25T13:52:39.632+0000] {processor.py:830} INFO - Processing file /opt/airflow/dags/extract_data.py for tasks to queue
[2026-03-25T13:52:39.635+0000] {logging_mixin.py:188} INFO - [2026-03-25T13:52:39.634+0000] {dagbag.py:545} INFO - Filling up the DagBag from /opt/airflow/dags/extract_data.py
[2026-03-25T13:52:39.660+0000] {processor.py:842} WARNING - No viable dags retrieved from /opt/airflow/dags/extract_data.py
[2026-03-25T13:52:39.687+0000] {processor.py:183} INFO - Processing /opt/airflow/dags/extract_data.py took 0.067 seconds
[2026-03-25T13:53:10.398+0000] {processor.py:161} INFO - Started process (PID=238) to work on /opt/airflow/dags/extract_data.py
[2026-03-25T13:53:10.399+0000] {processor.py:830} INFO - Processing file /opt/airflow/dags/extract_data.py for tasks to queue
[2026-03-25T13:53:10.402+0000] {logging_mixin.py:188} INFO - [2026-03-25T13:53:10.402+0000] {dagbag.py:545} INFO - Filling up the DagBag from /opt/airflow/dags/extract_data.py
[2026-03-25T13:53:10.416+0000] {processor.py:842} WARNING - No viable dags retrieved from /opt/airflow/dags/extract_data.py
[2026-03-25T13:53:10.432+0000] {processor.py:183} INFO - Processing /opt/airflow/dags/extract_data.py took 0.043 seconds
[2026-03-25T13:53:41.178+0000] {processor.py:161} INFO - Started process (PID=265) to work on /opt/airflow/dags/extract_data.py
[2026-03-25T13:53:41.179+0000] {processor.py:830} INFO - Processing file /opt/airflow/dags/extract_data.py for tasks to queue
[2026-03-25T13:53:41.183+0000] {logging_mixin.py:188} INFO - [2026-03-25T13:53:41.182+0000] {dagbag.py:545} INFO - Filling up the DagBag from /opt/airflow/dags/extract_data.py
[2026-03-25T13:53:41.203+0000] {processor.py:842} WARNING - No viable dags retrieved from /opt/airflow/dags/extract_data.py
[2026-03-25T13:53:41.222+0000] {processor.py:183} INFO - Processing /opt/airflow/dags/extract_data.py took 0.051 seconds
[2026-03-25T13:54:12.066+0000] {processor.py:161} INFO - Started process (PID=297) to work on /opt/airflow/dags/extract_data.py
[2026-03-25T13:54:12.067+0000] {processor.py:830} INFO - Processing file /opt/airflow/dags/extract_data.py for tasks to queue
[2026-03-25T13:54:12.072+0000] {logging_mixin.py:188} INFO - [2026-03-25T13:54:12.071+0000] {dagbag.py:545} INFO - Filling up the DagBag from /opt/airflow/dags/extract_data.py
[2026-03-25T13:54:12.093+0000] {processor.py:842} WARNING - No viable dags retrieved from /opt/airflow/dags/extract_data.py
[2026-03-25T13:54:12.109+0000] {processor.py:183} INFO - Processing /opt/airflow/dags/extract_data.py took 0.052 seconds
[2026-03-25T13:54:42.853+0000] {processor.py:161} INFO - Started process (PID=323) to work on /opt/airflow/dags/extract_data.py
[2026-03-25T13:54:42.854+0000] {processor.py:830} INFO - Processing file /opt/airflow/dags/extract_data.py for tasks to queue
[2026-03-25T13:54:42.857+0000] {logging_mixin.py:188} INFO - [2026-03-25T13:54:42.856+0000] {dagbag.py:545} INFO - Filling up the DagBag from /opt/airflow/dags/extract_data.py
[2026-03-25T13:54:42.875+0000] {processor.py:842} WARNING - No viable dags retrieved from /opt/airflow/dags/extract_data.py
[2026-03-25T13:54:42.896+0000] {processor.py:183} INFO - Processing /opt/airflow/dags/extract_data.py took 0.055 seconds
[2026-03-25T13:55:13.843+0000] {processor.py:161} INFO - Started process (PID=458) to work on /opt/airflow/dags/extract_data.py
[2026-03-25T13:55:13.845+0000] {processor.py:830} INFO - Processing file /opt/airflow/dags/extract_data.py for tasks to queue
[2026-03-25T13:55:13.847+0000] {logging_mixin.py:188} INFO - [2026-03-25T13:55:13.847+0000] {dagbag.py:545} INFO - Filling up the DagBag from /opt/airflow/dags/extract_data.py
[2026-03-25T13:55:13.874+0000] {processor.py:842} WARNING - No viable dags retrieved from /opt/airflow/dags/extract_data.py
[2026-03-25T13:55:13.890+0000] {processor.py:183} INFO - Processing /opt/airflow/dags/extract_data.py took 0.054 seconds
[2026-03-25T13:55:44.877+0000] {processor.py:161} INFO - Started process (PID=592) to work on /opt/airflow/dags/extract_data.py
[2026-03-25T13:55:44.879+0000] {processor.py:830} INFO - Processing file /opt/airflow/dags/extract_data.py for tasks to queue
[2026-03-25T13:55:44.882+0000] {logging_mixin.py:188} INFO - [2026-03-25T13:55:44.881+0000] {dagbag.py:545} INFO - Filling up the DagBag from /opt/airflow/dags/extract_data.py
[2026-03-25T13:55:44.898+0000] {processor.py:842} WARNING - No viable dags retrieved from /opt/airflow/dags/extract_data.py
[2026-03-25T13:55:44.914+0000] {processor.py:183} INFO - Processing /opt/airflow/dags/extract_data.py took 0.045 seconds
[2026-03-25T13:56:15.819+0000] {processor.py:161} INFO - Started process (PID=702) to work on /opt/airflow/dags/extract_data.py
[2026-03-25T13:56:15.821+0000] {processor.py:830} INFO - Processing file /opt/airflow/dags/extract_data.py for tasks to queue
[2026-03-25T13:56:15.824+0000] {logging_mixin.py:188} INFO - [2026-03-25T13:56:15.824+0000] {dagbag.py:545} INFO - Filling up the DagBag from /opt/airflow/dags/extract_data.py
[2026-03-25T13:56:15.851+0000] {processor.py:842} WARNING - No viable dags retrieved from /opt/airflow/dags/extract_data.py
[2026-03-25T13:56:15.884+0000] {processor.py:183} INFO - Processing /opt/airflow/dags/extract_data.py took 0.076 seconds
[2026-03-25T13:56:46.690+0000] {processor.py:161} INFO - Started process (PID=806) to work on /opt/airflow/dags/extract_data.py
[2026-03-25T13:56:46.693+0000] {processor.py:830} INFO - Processing file /opt/airflow/dags/extract_data.py for tasks to queue
[2026-03-25T13:56:46.697+0000] {logging_mixin.py:188} INFO - [2026-03-25T13:56:46.696+0000] {dagbag.py:545} INFO - Filling up the DagBag from /opt/airflow/dags/extract_data.py
[2026-03-25T13:56:46.720+0000] {processor.py:842} WARNING - No viable dags retrieved from /opt/airflow/dags/extract_data.py
[2026-03-25T13:56:46.741+0000] {processor.py:183} INFO - Processing /opt/airflow/dags/extract_data.py took 0.073 seconds
[2026-03-25T13:57:16.888+0000] {processor.py:161} INFO - Started process (PID=942) to work on /opt/airflow/dags/extract_data.py
[2026-03-25T13:57:16.890+0000] {processor.py:830} INFO - Processing file /opt/airflow/dags/extract_data.py for tasks to queue
[2026-03-25T13:57:16.892+0000] {logging_mixin.py:188} INFO - [2026-03-25T13:57:16.892+0000] {dagbag.py:545} INFO - Filling up the DagBag from /opt/airflow/dags/extract_data.py
[2026-03-25T13:57:16.911+0000] {processor.py:842} WARNING - No viable dags retrieved from /opt/airflow/dags/extract_data.py
[2026-03-25T13:57:16.927+0000] {processor.py:183} INFO - Processing /opt/airflow/dags/extract_data.py took 0.048 seconds
[2026-03-25T13:57:47.951+0000] {processor.py:161} INFO - Started process (PID=1092) to work on /opt/airflow/dags/extract_data.py
[2026-03-25T13:57:47.958+0000] {processor.py:830} INFO - Processing file /opt/airflow/dags/extract_data.py for tasks to queue
[2026-03-25T13:57:47.964+0000] {logging_mixin.py:188} INFO - [2026-03-25T13:57:47.962+0000] {dagbag.py:545} INFO - Filling up the DagBag from /opt/airflow/dags/extract_data.py
[2026-03-25T13:57:48.034+0000] {processor.py:842} WARNING - No viable dags retrieved from /opt/airflow/dags/extract_data.py
[2026-03-25T13:57:48.092+0000] {processor.py:183} INFO - Processing /opt/airflow/dags/extract_data.py took 0.165 seconds
[2026-03-25T13:58:18.557+0000] {processor.py:161} INFO - Started process (PID=1235) to work on /opt/airflow/dags/extract_data.py
[2026-03-25T13:58:18.559+0000] {processor.py:830} INFO - Processing file /opt/airflow/dags/extract_data.py for tasks to queue
[2026-03-25T13:58:18.562+0000] {logging_mixin.py:188} INFO - [2026-03-25T13:58:18.562+0000] {dagbag.py:545} INFO - Filling up the DagBag from /opt/airflow/dags/extract_data.py
[2026-03-25T13:58:18.597+0000] {processor.py:842} WARNING - No viable dags retrieved from /opt/airflow/dags/extract_data.py
[2026-03-25T13:58:18.612+0000] {processor.py:183} INFO - Processing /opt/airflow/dags/extract_data.py took 0.061 seconds
[2026-03-25T13:58:49.315+0000] {processor.py:161} INFO - Started process (PID=1394) to work on /opt/airflow/dags/extract_data.py
[2026-03-25T13:58:49.316+0000] {processor.py:830} INFO - Processing file /opt/airflow/dags/extract_data.py for tasks to queue
[2026-03-25T13:58:49.318+0000] {logging_mixin.py:188} INFO - [2026-03-25T13:58:49.318+0000] {dagbag.py:545} INFO - Filling up the DagBag from /opt/airflow/dags/extract_data.py
[2026-03-25T13:58:49.334+0000] {processor.py:842} WARNING - No viable dags retrieved from /opt/airflow/dags/extract_data.py
[2026-03-25T13:58:49.347+0000] {processor.py:183} INFO - Processing /opt/airflow/dags/extract_data.py took 0.038 seconds
[2026-03-25T13:59:19.487+0000] {processor.py:161} INFO - Started process (PID=1528) to work on /opt/airflow/dags/extract_data.py
[2026-03-25T13:59:19.489+0000] {processor.py:830} INFO - Processing file /opt/airflow/dags/extract_data.py for tasks to queue
[2026-03-25T13:59:19.492+0000] {logging_mixin.py:188} INFO - [2026-03-25T13:59:19.491+0000] {dagbag.py:545} INFO - Filling up the DagBag from /opt/airflow/dags/extract_data.py
[2026-03-25T13:59:19.527+0000] {processor.py:842} WARNING - No viable dags retrieved from /opt/airflow/dags/extract_data.py
[2026-03-25T13:59:19.558+0000] {processor.py:183} INFO - Processing /opt/airflow/dags/extract_data.py took 0.088 seconds
[2026-03-25T13:59:50.360+0000] {processor.py:161} INFO - Started process (PID=1619) to work on /opt/airflow/dags/extract_data.py
[2026-03-25T13:59:50.362+0000] {processor.py:830} INFO - Processing file /opt/airflow/dags/extract_data.py for tasks to queue
[2026-03-25T13:59:50.364+0000] {logging_mixin.py:188} INFO - [2026-03-25T13:59:50.364+0000] {dagbag.py:545} INFO - Filling up the DagBag from /opt/airflow/dags/extract_data.py
[2026-03-25T13:59:50.378+0000] {processor.py:842} WARNING - No viable dags retrieved from /opt/airflow/dags/extract_data.py
[2026-03-25T13:59:50.392+0000] {processor.py:183} INFO - Processing /opt/airflow/dags/extract_data.py took 0.038 seconds
[2026-03-25T14:00:21.175+0000] {processor.py:161} INFO - Started process (PID=1645) to work on /opt/airflow/dags/extract_data.py
[2026-03-25T14:00:21.177+0000] {processor.py:830} INFO - Processing file /opt/airflow/dags/extract_data.py for tasks to queue
[2026-03-25T14:00:21.179+0000] {logging_mixin.py:188} INFO - [2026-03-25T14:00:21.179+0000] {dagbag.py:545} INFO - Filling up the DagBag from /opt/airflow/dags/extract_data.py
[2026-03-25T14:00:21.207+0000] {processor.py:842} WARNING - No viable dags retrieved from /opt/airflow/dags/extract_data.py
[2026-03-25T14:00:21.224+0000] {processor.py:183} INFO - Processing /opt/airflow/dags/extract_data.py took 0.056 seconds
[2026-03-25T14:00:51.840+0000] {processor.py:161} INFO - Started process (PID=1671) to work on /opt/airflow/dags/extract_data.py
[2026-03-25T14:00:51.841+0000] {processor.py:830} INFO - Processing file /opt/airflow/dags/extract_data.py for tasks to queue
[2026-03-25T14:00:51.845+0000] {logging_mixin.py:188} INFO - [2026-03-25T14:00:51.844+0000] {dagbag.py:545} INFO - Filling up the DagBag from /opt/airflow/dags/extract_data.py
[2026-03-25T14:00:51.868+0000] {processor.py:842} WARNING - No viable dags retrieved from /opt/airflow/dags/extract_data.py
[2026-03-25T14:00:51.885+0000] {processor.py:183} INFO - Processing /opt/airflow/dags/extract_data.py took 0.052 seconds
[2026-03-25T14:01:22.522+0000] {processor.py:161} INFO - Started process (PID=1697) to work on /opt/airflow/dags/extract_data.py
[2026-03-25T14:01:22.524+0000] {processor.py:830} INFO - Processing file /opt/airflow/dags/extract_data.py for tasks to queue
[2026-03-25T14:01:22.526+0000] {logging_mixin.py:188} INFO - [2026-03-25T14:01:22.526+0000] {dagbag.py:545} INFO - Filling up the DagBag from /opt/airflow/dags/extract_data.py
[2026-03-25T14:01:22.550+0000] {processor.py:842} WARNING - No viable dags retrieved from /opt/airflow/dags/extract_data.py
[2026-03-25T14:01:22.567+0000] {processor.py:183} INFO - Processing /opt/airflow/dags/extract_data.py took 0.052 seconds
[2026-03-25T14:01:53.359+0000] {processor.py:161} INFO - Started process (PID=1725) to work on /opt/airflow/dags/extract_data.py
[2026-03-25T14:01:53.360+0000] {processor.py:830} INFO - Processing file /opt/airflow/dags/extract_data.py for tasks to queue
[2026-03-25T14:01:53.363+0000] {logging_mixin.py:188} INFO - [2026-03-25T14:01:53.362+0000] {dagbag.py:545} INFO - Filling up the DagBag from /opt/airflow/dags/extract_data.py
[2026-03-25T14:01:53.379+0000] {processor.py:842} WARNING - No viable dags retrieved from /opt/airflow/dags/extract_data.py
[2026-03-25T14:01:53.394+0000] {processor.py:183} INFO - Processing /opt/airflow/dags/extract_data.py took 0.044 seconds
[2026-03-25T14:02:24.222+0000] {processor.py:161} INFO - Started process (PID=1753) to work on /opt/airflow/dags/extract_data.py
[2026-03-25T14:02:24.224+0000] {processor.py:830} INFO - Processing file /opt/airflow/dags/extract_data.py for tasks to queue
[2026-03-25T14:02:24.227+0000] {logging_mixin.py:188} INFO - [2026-03-25T14:02:24.226+0000] {dagbag.py:545} INFO - Filling up the DagBag from /opt/airflow/dags/extract_data.py
[2026-03-25T14:02:24.257+0000] {processor.py:842} WARNING - No viable dags retrieved from /opt/airflow/dags/extract_data.py
[2026-03-25T14:02:24.273+0000] {processor.py:183} INFO - Processing /opt/airflow/dags/extract_data.py took 0.057 seconds
[2026-03-25T14:02:54.961+0000] {processor.py:161} INFO - Started process (PID=1779) to work on /opt/airflow/dags/extract_data.py
[2026-03-25T14:02:54.963+0000] {processor.py:830} INFO - Processing file /opt/airflow/dags/extract_data.py for tasks to queue
[2026-03-25T14:02:54.965+0000] {logging_mixin.py:188} INFO - [2026-03-25T14:02:54.965+0000] {dagbag.py:545} INFO - Filling up the DagBag from /opt/airflow/dags/extract_data.py
[2026-03-25T14:02:54.978+0000] {processor.py:842} WARNING - No viable dags retrieved from /opt/airflow/dags/extract_data.py
[2026-03-25T14:02:54.992+0000] {processor.py:183} INFO - Processing /opt/airflow/dags/extract_data.py took 0.037 seconds
[2026-03-25T14:03:25.733+0000] {processor.py:161} INFO - Started process (PID=1805) to work on /opt/airflow/dags/extract_data.py
[2026-03-25T14:03:25.734+0000] {processor.py:830} INFO - Processing file /opt/airflow/dags/extract_data.py for tasks to queue
[2026-03-25T14:03:25.737+0000] {logging_mixin.py:188} INFO - [2026-03-25T14:03:25.737+0000] {dagbag.py:545} INFO - Filling up the DagBag from /opt/airflow/dags/extract_data.py
[2026-03-25T14:03:25.762+0000] {processor.py:842} WARNING - No viable dags retrieved from /opt/airflow/dags/extract_data.py
[2026-03-25T14:03:25.777+0000] {processor.py:183} INFO - Processing /opt/airflow/dags/extract_data.py took 0.053 seconds
[2026-03-25T14:03:56.491+0000] {processor.py:161} INFO - Started process (PID=1831) to work on /opt/airflow/dags/extract_data.py
[2026-03-25T14:03:56.493+0000] {processor.py:830} INFO - Processing file /opt/airflow/dags/extract_data.py for tasks to queue
[2026-03-25T14:03:56.494+0000] {logging_mixin.py:188} INFO - [2026-03-25T14:03:56.494+0000] {dagbag.py:545} INFO - Filling up the DagBag from /opt/airflow/dags/extract_data.py
[2026-03-25T14:03:56.509+0000] {processor.py:842} WARNING - No viable dags retrieved from /opt/airflow/dags/extract_data.py
[2026-03-25T14:03:56.522+0000] {processor.py:183} INFO - Processing /opt/airflow/dags/extract_data.py took 0.036 seconds
[2026-03-25T14:04:27.119+0000] {processor.py:161} INFO - Started process (PID=1857) to work on /opt/airflow/dags/extract_data.py
[2026-03-25T14:04:27.121+0000] {processor.py:830} INFO - Processing file /opt/airflow/dags/extract_data.py for tasks to queue
[2026-03-25T14:04:27.123+0000] {logging_mixin.py:188} INFO - [2026-03-25T14:04:27.122+0000] {dagbag.py:545} INFO - Filling up the DagBag from /opt/airflow/dags/extract_data.py
[2026-03-25T14:04:27.142+0000] {processor.py:842} WARNING - No viable dags retrieved from /opt/airflow/dags/extract_data.py
[2026-03-25T14:04:27.156+0000] {processor.py:183} INFO - Processing /opt/airflow/dags/extract_data.py took 0.043 seconds
[2026-03-25T14:04:57.812+0000] {processor.py:161} INFO - Started process (PID=1883) to work on /opt/airflow/dags/extract_data.py
[2026-03-25T14:04:57.813+0000] {processor.py:830} INFO - Processing file /opt/airflow/dags/extract_data.py for tasks to queue
[2026-03-25T14:04:57.816+0000] {logging_mixin.py:188} INFO - [2026-03-25T14:04:57.815+0000] {dagbag.py:545} INFO - Filling up the DagBag from /opt/airflow/dags/extract_data.py
[2026-03-25T14:04:57.839+0000] {processor.py:842} WARNING - No viable dags retrieved from /opt/airflow/dags/extract_data.py
[2026-03-25T14:04:57.851+0000] {processor.py:183} INFO - Processing /opt/airflow/dags/extract_data.py took 0.046 seconds
[2026-03-25T14:05:28.525+0000] {processor.py:161} INFO - Started process (PID=1911) to work on /opt/airflow/dags/extract_data.py
[2026-03-25T14:05:28.526+0000] {processor.py:830} INFO - Processing file /opt/airflow/dags/extract_data.py for tasks to queue
[2026-03-25T14:05:28.528+0000] {logging_mixin.py:188} INFO - [2026-03-25T14:05:28.528+0000] {dagbag.py:545} INFO - Filling up the DagBag from /opt/airflow/dags/extract_data.py
[2026-03-25T14:05:28.546+0000] {processor.py:842} WARNING - No viable dags retrieved from /opt/airflow/dags/extract_data.py
[2026-03-25T14:05:28.561+0000] {processor.py:183} INFO - Processing /opt/airflow/dags/extract_data.py took 0.043 seconds
[2026-03-25T14:05:59.311+0000] {processor.py:161} INFO - Started process (PID=1937) to work on /opt/airflow/dags/extract_data.py
[2026-03-25T14:05:59.312+0000] {processor.py:830} INFO - Processing file /opt/airflow/dags/extract_data.py for tasks to queue
[2026-03-25T14:05:59.315+0000] {logging_mixin.py:188} INFO - [2026-03-25T14:05:59.314+0000] {dagbag.py:545} INFO - Filling up the DagBag from /opt/airflow/dags/extract_data.py
[2026-03-25T14:05:59.335+0000] {processor.py:842} WARNING - No viable dags retrieved from /opt/airflow/dags/extract_data.py
[2026-03-25T14:05:59.358+0000] {processor.py:183} INFO - Processing /opt/airflow/dags/extract_data.py took 0.053 seconds
[2026-03-25T14:06:30.243+0000] {processor.py:161} INFO - Started process (PID=1965) to work on /opt/airflow/dags/extract_data.py
[2026-03-25T14:06:30.244+0000] {processor.py:830} INFO - Processing file /opt/airflow/dags/extract_data.py for tasks to queue
[2026-03-25T14:06:30.247+0000] {logging_mixin.py:188} INFO - [2026-03-25T14:06:30.246+0000] {dagbag.py:545} INFO - Filling up the DagBag from /opt/airflow/dags/extract_data.py
[2026-03-25T14:06:30.269+0000] {processor.py:842} WARNING - No viable dags retrieved from /opt/airflow/dags/extract_data.py
[2026-03-25T14:06:30.296+0000] {processor.py:183} INFO - Processing /opt/airflow/dags/extract_data.py took 0.062 seconds
[2026-03-25T14:07:00.991+0000] {processor.py:161} INFO - Started process (PID=1991) to work on /opt/airflow/dags/extract_data.py
[2026-03-25T14:07:00.992+0000] {processor.py:830} INFO - Processing file /opt/airflow/dags/extract_data.py for tasks to queue
[2026-03-25T14:07:00.995+0000] {logging_mixin.py:188} INFO - [2026-03-25T14:07:00.994+0000] {dagbag.py:545} INFO - Filling up the DagBag from /opt/airflow/dags/extract_data.py
[2026-03-25T14:07:01.019+0000] {processor.py:842} WARNING - No viable dags retrieved from /opt/airflow/dags/extract_data.py
[2026-03-25T14:07:01.035+0000] {processor.py:183} INFO - Processing /opt/airflow/dags/extract_data.py took 0.052 seconds
[2026-03-25T14:07:31.902+0000] {processor.py:161} INFO - Started process (PID=2017) to work on /opt/airflow/dags/extract_data.py
[2026-03-25T14:07:31.903+0000] {processor.py:830} INFO - Processing file /opt/airflow/dags/extract_data.py for tasks to queue
[2026-03-25T14:07:31.906+0000] {logging_mixin.py:188} INFO - [2026-03-25T14:07:31.905+0000] {dagbag.py:545} INFO - Filling up the DagBag from /opt/airflow/dags/extract_data.py
[2026-03-25T14:07:31.941+0000] {processor.py:842} WARNING - No viable dags retrieved from /opt/airflow/dags/extract_data.py
[2026-03-25T14:07:31.956+0000] {processor.py:183} INFO - Processing /opt/airflow/dags/extract_data.py took 0.061 seconds
[2026-03-25T14:08:02.640+0000] {processor.py:161} INFO - Started process (PID=2052) to work on /opt/airflow/dags/extract_data.py
[2026-03-25T14:08:02.641+0000] {processor.py:830} INFO - Processing file /opt/airflow/dags/extract_data.py for tasks to queue
[2026-03-25T14:08:02.643+0000] {logging_mixin.py:188} INFO - [2026-03-25T14:08:02.643+0000] {dagbag.py:545} INFO - Filling up the DagBag from /opt/airflow/dags/extract_data.py
[2026-03-25T14:08:02.682+0000] {processor.py:842} WARNING - No viable dags retrieved from /opt/airflow/dags/extract_data.py
[2026-03-25T14:08:02.699+0000] {processor.py:183} INFO - Processing /opt/airflow/dags/extract_data.py took 0.065 seconds
[2026-03-25T14:08:33.488+0000] {processor.py:161} INFO - Started process (PID=2079) to work on /opt/airflow/dags/extract_data.py
[2026-03-25T14:08:33.492+0000] {processor.py:830} INFO - Processing file /opt/airflow/dags/extract_data.py for tasks to queue
[2026-03-25T14:08:33.498+0000] {logging_mixin.py:188} INFO - [2026-03-25T14:08:33.497+0000] {dagbag.py:545} INFO - Filling up the DagBag from /opt/airflow/dags/extract_data.py
[2026-03-25T14:08:33.522+0000] {processor.py:842} WARNING - No viable dags retrieved from /opt/airflow/dags/extract_data.py
[2026-03-25T14:08:33.537+0000] {processor.py:183} INFO - Processing /opt/airflow/dags/extract_data.py took 0.064 seconds
[2026-03-25T14:09:04.169+0000] {processor.py:161} INFO - Started process (PID=2107) to work on /opt/airflow/dags/extract_data.py
[2026-03-25T14:09:04.170+0000] {processor.py:830} INFO - Processing file /opt/airflow/dags/extract_data.py for tasks to queue
[2026-03-25T14:09:04.173+0000] {logging_mixin.py:188} INFO - [2026-03-25T14:09:04.172+0000] {dagbag.py:545} INFO - Filling up the DagBag from /opt/airflow/dags/extract_data.py
[2026-03-25T14:09:04.197+0000] {processor.py:842} WARNING - No viable dags retrieved from /opt/airflow/dags/extract_data.py
[2026-03-25T14:09:04.213+0000] {processor.py:183} INFO - Processing /opt/airflow/dags/extract_data.py took 0.050 seconds
[2026-03-25T14:09:34.934+0000] {processor.py:161} INFO - Started process (PID=2133) to work on /opt/airflow/dags/extract_data.py
[2026-03-25T14:09:34.936+0000] {processor.py:830} INFO - Processing file /opt/airflow/dags/extract_data.py for tasks to queue
[2026-03-25T14:09:34.937+0000] {logging_mixin.py:188} INFO - [2026-03-25T14:09:34.937+0000] {dagbag.py:545} INFO - Filling up the DagBag from /opt/airflow/dags/extract_data.py
[2026-03-25T14:09:34.952+0000] {processor.py:842} WARNING - No viable dags retrieved from /opt/airflow/dags/extract_data.py
[2026-03-25T14:09:34.966+0000] {processor.py:183} INFO - Processing /opt/airflow/dags/extract_data.py took 0.037 seconds
[2026-03-25T14:10:05.666+0000] {processor.py:161} INFO - Started process (PID=2159) to work on /opt/airflow/dags/extract_data.py
[2026-03-25T14:10:05.668+0000] {processor.py:830} INFO - Processing file /opt/airflow/dags/extract_data.py for tasks to queue
[2026-03-25T14:10:05.671+0000] {logging_mixin.py:188} INFO - [2026-03-25T14:10:05.670+0000] {dagbag.py:545} INFO - Filling up the DagBag from /opt/airflow/dags/extract_data.py
[2026-03-25T14:10:05.689+0000] {processor.py:842} WARNING - No viable dags retrieved from /opt/airflow/dags/extract_data.py
[2026-03-25T14:10:05.706+0000] {processor.py:183} INFO - Processing /opt/airflow/dags/extract_data.py took 0.047 seconds
[2026-03-25T14:10:36.395+0000] {processor.py:161} INFO - Started process (PID=2185) to work on /opt/airflow/dags/extract_data.py
[2026-03-25T14:10:36.396+0000] {processor.py:830} INFO - Processing file /opt/airflow/dags/extract_data.py for tasks to queue
[2026-03-25T14:10:36.398+0000] {logging_mixin.py:188} INFO - [2026-03-25T14:10:36.398+0000] {dagbag.py:545} INFO - Filling up the DagBag from /opt/airflow/dags/extract_data.py
[2026-03-25T14:10:36.413+0000] {processor.py:842} WARNING - No viable dags retrieved from /opt/airflow/dags/extract_data.py
[2026-03-25T14:10:36.427+0000] {processor.py:183} INFO - Processing /opt/airflow/dags/extract_data.py took 0.038 seconds
[2026-03-25T14:11:27.745+0000] {processor.py:161} INFO - Started process (PID=182) to work on /opt/airflow/dags/extract_data.py
[2026-03-25T14:11:27.747+0000] {processor.py:830} INFO - Processing file /opt/airflow/dags/extract_data.py for tasks to queue
[2026-03-25T14:11:27.750+0000] {logging_mixin.py:188} INFO - [2026-03-25T14:11:27.749+0000] {dagbag.py:545} INFO - Filling up the DagBag from /opt/airflow/dags/extract_data.py
[2026-03-25T14:11:27.785+0000] {processor.py:842} WARNING - No viable dags retrieved from /opt/airflow/dags/extract_data.py
[2026-03-25T14:11:27.809+0000] {processor.py:183} INFO - Processing /opt/airflow/dags/extract_data.py took 0.074 seconds
[2026-03-25T14:11:58.010+0000] {processor.py:161} INFO - Started process (PID=205) to work on /opt/airflow/dags/extract_data.py
[2026-03-25T14:11:58.011+0000] {processor.py:830} INFO - Processing file /opt/airflow/dags/extract_data.py for tasks to queue
[2026-03-25T14:11:58.014+0000] {logging_mixin.py:188} INFO - [2026-03-25T14:11:58.014+0000] {dagbag.py:545} INFO - Filling up the DagBag from /opt/airflow/dags/extract_data.py
[2026-03-25T14:11:58.030+0000] {processor.py:842} WARNING - No viable dags retrieved from /opt/airflow/dags/extract_data.py
[2026-03-25T14:11:58.047+0000] {processor.py:183} INFO - Processing /opt/airflow/dags/extract_data.py took 0.046 seconds
[2026-03-25T14:12:28.713+0000] {processor.py:161} INFO - Started process (PID=233) to work on /opt/airflow/dags/extract_data.py
[2026-03-25T14:12:28.714+0000] {processor.py:830} INFO - Processing file /opt/airflow/dags/extract_data.py for tasks to queue
[2026-03-25T14:12:28.717+0000] {logging_mixin.py:188} INFO - [2026-03-25T14:12:28.716+0000] {dagbag.py:545} INFO - Filling up the DagBag from /opt/airflow/dags/extract_data.py
[2026-03-25T14:12:28.734+0000] {processor.py:842} WARNING - No viable dags retrieved from /opt/airflow/dags/extract_data.py
[2026-03-25T14:12:28.752+0000] {processor.py:183} INFO - Processing /opt/airflow/dags/extract_data.py took 0.046 seconds
[2026-03-25T14:12:59.434+0000] {processor.py:161} INFO - Started process (PID=259) to work on /opt/airflow/dags/extract_data.py
[2026-03-25T14:12:59.435+0000] {processor.py:830} INFO - Processing file /opt/airflow/dags/extract_data.py for tasks to queue
[2026-03-25T14:12:59.437+0000] {logging_mixin.py:188} INFO - [2026-03-25T14:12:59.436+0000] {dagbag.py:545} INFO - Filling up the DagBag from /opt/airflow/dags/extract_data.py
[2026-03-25T14:12:59.453+0000] {processor.py:842} WARNING - No viable dags retrieved from /opt/airflow/dags/extract_data.py
[2026-03-25T14:12:59.467+0000] {processor.py:183} INFO - Processing /opt/airflow/dags/extract_data.py took 0.040 seconds
[2026-03-25T14:13:30.207+0000] {processor.py:161} INFO - Started process (PID=291) to work on /opt/airflow/dags/extract_data.py
[2026-03-25T14:13:30.209+0000] {processor.py:830} INFO - Processing file /opt/airflow/dags/extract_data.py for tasks to queue
[2026-03-25T14:13:30.213+0000] {logging_mixin.py:188} INFO - [2026-03-25T14:13:30.213+0000] {dagbag.py:545} INFO - Filling up the DagBag from /opt/airflow/dags/extract_data.py
[2026-03-25T14:13:30.232+0000] {processor.py:842} WARNING - No viable dags retrieved from /opt/airflow/dags/extract_data.py
[2026-03-25T14:13:30.249+0000] {processor.py:183} INFO - Processing /opt/airflow/dags/extract_data.py took 0.051 seconds
[2026-03-25T14:14:00.937+0000] {processor.py:161} INFO - Started process (PID=317) to work on /opt/airflow/dags/extract_data.py
[2026-03-25T14:14:00.938+0000] {processor.py:830} INFO - Processing file /opt/airflow/dags/extract_data.py for tasks to queue
[2026-03-25T14:14:00.941+0000] {logging_mixin.py:188} INFO - [2026-03-25T14:14:00.940+0000] {dagbag.py:545} INFO - Filling up the DagBag from /opt/airflow/dags/extract_data.py
[2026-03-25T14:14:00.956+0000] {processor.py:842} WARNING - No viable dags retrieved from /opt/airflow/dags/extract_data.py
[2026-03-25T14:14:00.970+0000] {processor.py:183} INFO - Processing /opt/airflow/dags/extract_data.py took 0.041 seconds
[2026-03-25T14:14:31.665+0000] {processor.py:161} INFO - Started process (PID=344) to work on /opt/airflow/dags/extract_data.py
[2026-03-25T14:14:31.666+0000] {processor.py:830} INFO - Processing file /opt/airflow/dags/extract_data.py for tasks to queue
[2026-03-25T14:14:31.668+0000] {logging_mixin.py:188} INFO - [2026-03-25T14:14:31.668+0000] {dagbag.py:545} INFO - Filling up the DagBag from /opt/airflow/dags/extract_data.py
[2026-03-25T14:14:31.682+0000] {processor.py:842} WARNING - No viable dags retrieved from /opt/airflow/dags/extract_data.py
[2026-03-25T14:14:31.697+0000] {processor.py:183} INFO - Processing /opt/airflow/dags/extract_data.py took 0.038 seconds
[2026-03-25T14:15:02.458+0000] {processor.py:161} INFO - Started process (PID=370) to work on /opt/airflow/dags/extract_data.py
[2026-03-25T14:15:02.459+0000] {processor.py:830} INFO - Processing file /opt/airflow/dags/extract_data.py for tasks to queue
[2026-03-25T14:15:02.461+0000] {logging_mixin.py:188} INFO - [2026-03-25T14:15:02.461+0000] {dagbag.py:545} INFO - Filling up the DagBag from /opt/airflow/dags/extract_data.py
[2026-03-25T14:15:02.473+0000] {processor.py:842} WARNING - No viable dags retrieved from /opt/airflow/dags/extract_data.py
[2026-03-25T14:15:02.485+0000] {processor.py:183} INFO - Processing /opt/airflow/dags/extract_data.py took 0.033 seconds
[2026-03-25T14:15:33.329+0000] {processor.py:161} INFO - Started process (PID=396) to work on /opt/airflow/dags/extract_data.py
[2026-03-25T14:15:33.330+0000] {processor.py:830} INFO - Processing file /opt/airflow/dags/extract_data.py for tasks to queue
[2026-03-25T14:15:33.333+0000] {logging_mixin.py:188} INFO - [2026-03-25T14:15:33.332+0000] {dagbag.py:545} INFO - Filling up the DagBag from /opt/airflow/dags/extract_data.py
[2026-03-25T14:15:33.362+0000] {processor.py:842} WARNING - No viable dags retrieved from /opt/airflow/dags/extract_data.py
[2026-03-25T14:15:33.377+0000] {processor.py:183} INFO - Processing /opt/airflow/dags/extract_data.py took 0.054 seconds
[2026-03-25T14:16:04.142+0000] {processor.py:161} INFO - Started process (PID=422) to work on /opt/airflow/dags/extract_data.py
[2026-03-25T14:16:04.143+0000] {processor.py:830} INFO - Processing file /opt/airflow/dags/extract_data.py for tasks to queue
[2026-03-25T14:16:04.145+0000] {logging_mixin.py:188} INFO - [2026-03-25T14:16:04.144+0000] {dagbag.py:545} INFO - Filling up the DagBag from /opt/airflow/dags/extract_data.py
[2026-03-25T14:16:04.160+0000] {processor.py:842} WARNING - No viable dags retrieved from /opt/airflow/dags/extract_data.py
[2026-03-25T14:16:04.174+0000] {processor.py:183} INFO - Processing /opt/airflow/dags/extract_data.py took 0.038 seconds
[2026-03-25T14:16:35.237+0000] {processor.py:161} INFO - Started process (PID=449) to work on /opt/airflow/dags/extract_data.py
[2026-03-25T14:16:35.238+0000] {processor.py:830} INFO - Processing file /opt/airflow/dags/extract_data.py for tasks to queue
[2026-03-25T14:16:35.240+0000] {logging_mixin.py:188} INFO - [2026-03-25T14:16:35.239+0000] {dagbag.py:545} INFO - Filling up the DagBag from /opt/airflow/dags/extract_data.py
[2026-03-25T14:16:35.259+0000] {processor.py:842} WARNING - No viable dags retrieved from /opt/airflow/dags/extract_data.py
[2026-03-25T14:16:35.272+0000] {processor.py:183} INFO - Processing /opt/airflow/dags/extract_data.py took 0.041 seconds
[2026-03-25T14:17:05.950+0000] {processor.py:161} INFO - Started process (PID=475) to work on /opt/airflow/dags/extract_data.py
[2026-03-25T14:17:05.952+0000] {processor.py:830} INFO - Processing file /opt/airflow/dags/extract_data.py for tasks to queue
[2026-03-25T14:17:05.955+0000] {logging_mixin.py:188} INFO - [2026-03-25T14:17:05.955+0000] {dagbag.py:545} INFO - Filling up the DagBag from /opt/airflow/dags/extract_data.py
[2026-03-25T14:17:05.974+0000] {processor.py:842} WARNING - No viable dags retrieved from /opt/airflow/dags/extract_data.py
[2026-03-25T14:17:05.989+0000] {processor.py:183} INFO - Processing /opt/airflow/dags/extract_data.py took 0.046 seconds
[2026-03-25T14:17:36.643+0000] {processor.py:161} INFO - Started process (PID=501) to work on /opt/airflow/dags/extract_data.py
[2026-03-25T14:17:36.645+0000] {processor.py:830} INFO - Processing file /opt/airflow/dags/extract_data.py for tasks to queue
[2026-03-25T14:17:36.648+0000] {logging_mixin.py:188} INFO - [2026-03-25T14:17:36.648+0000] {dagbag.py:545} INFO - Filling up the DagBag from /opt/airflow/dags/extract_data.py
[2026-03-25T14:17:36.672+0000] {processor.py:842} WARNING - No viable dags retrieved from /opt/airflow/dags/extract_data.py
[2026-03-25T14:17:36.688+0000] {processor.py:183} INFO - Processing /opt/airflow/dags/extract_data.py took 0.053 seconds
[2026-03-25T14:18:07.313+0000] {processor.py:161} INFO - Started process (PID=527) to work on /opt/airflow/dags/extract_data.py
[2026-03-25T14:18:07.315+0000] {processor.py:830} INFO - Processing file /opt/airflow/dags/extract_data.py for tasks to queue
[2026-03-25T14:18:07.317+0000] {logging_mixin.py:188} INFO - [2026-03-25T14:18:07.316+0000] {dagbag.py:545} INFO - Filling up the DagBag from /opt/airflow/dags/extract_data.py
[2026-03-25T14:18:07.340+0000] {processor.py:842} WARNING - No viable dags retrieved from /opt/airflow/dags/extract_data.py
[2026-03-25T14:18:07.355+0000] {processor.py:183} INFO - Processing /opt/airflow/dags/extract_data.py took 0.048 seconds
[2026-03-25T14:18:38.125+0000] {processor.py:161} INFO - Started process (PID=553) to work on /opt/airflow/dags/extract_data.py
[2026-03-25T14:18:38.127+0000] {processor.py:830} INFO - Processing file /opt/airflow/dags/extract_data.py for tasks to queue
[2026-03-25T14:18:38.129+0000] {logging_mixin.py:188} INFO - [2026-03-25T14:18:38.129+0000] {dagbag.py:545} INFO - Filling up the DagBag from /opt/airflow/dags/extract_data.py
[2026-03-25T14:18:38.160+0000] {processor.py:842} WARNING - No viable dags retrieved from /opt/airflow/dags/extract_data.py
[2026-03-25T14:18:38.175+0000] {processor.py:183} INFO - Processing /opt/airflow/dags/extract_data.py took 0.058 seconds
[2026-03-25T14:19:08.891+0000] {processor.py:161} INFO - Started process (PID=579) to work on /opt/airflow/dags/extract_data.py
[2026-03-25T14:19:08.893+0000] {processor.py:830} INFO - Processing file /opt/airflow/dags/extract_data.py for tasks to queue
[2026-03-25T14:19:08.895+0000] {logging_mixin.py:188} INFO - [2026-03-25T14:19:08.894+0000] {dagbag.py:545} INFO - Filling up the DagBag from /opt/airflow/dags/extract_data.py
[2026-03-25T14:19:08.905+0000] {processor.py:842} WARNING - No viable dags retrieved from /opt/airflow/dags/extract_data.py
[2026-03-25T14:19:08.920+0000] {processor.py:183} INFO - Processing /opt/airflow/dags/extract_data.py took 0.036 seconds
[2026-03-25T14:19:39.535+0000] {processor.py:161} INFO - Started process (PID=605) to work on /opt/airflow/dags/extract_data.py
[2026-03-25T14:19:39.537+0000] {processor.py:830} INFO - Processing file /opt/airflow/dags/extract_data.py for tasks to queue
[2026-03-25T14:19:39.540+0000] {logging_mixin.py:188} INFO - [2026-03-25T14:19:39.540+0000] {dagbag.py:545} INFO - Filling up the DagBag from /opt/airflow/dags/extract_data.py
[2026-03-25T14:19:39.561+0000] {processor.py:842} WARNING - No viable dags retrieved from /opt/airflow/dags/extract_data.py
[2026-03-25T14:19:39.579+0000] {processor.py:183} INFO - Processing /opt/airflow/dags/extract_data.py took 0.052 seconds
[2026-03-25T14:20:10.329+0000] {processor.py:161} INFO - Started process (PID=631) to work on /opt/airflow/dags/extract_data.py
[2026-03-25T14:20:10.331+0000] {processor.py:830} INFO - Processing file /opt/airflow/dags/extract_data.py for tasks to queue
[2026-03-25T14:20:10.334+0000] {logging_mixin.py:188} INFO - [2026-03-25T14:20:10.333+0000] {dagbag.py:545} INFO - Filling up the DagBag from /opt/airflow/dags/extract_data.py
[2026-03-25T14:20:10.371+0000] {processor.py:842} WARNING - No viable dags retrieved from /opt/airflow/dags/extract_data.py
[2026-03-25T14:20:10.387+0000] {processor.py:183} INFO - Processing /opt/airflow/dags/extract_data.py took 0.064 seconds
[2026-03-25T14:20:40.970+0000] {processor.py:161} INFO - Started process (PID=657) to work on /opt/airflow/dags/extract_data.py
[2026-03-25T14:20:40.972+0000] {processor.py:830} INFO - Processing file /opt/airflow/dags/extract_data.py for tasks to queue
[2026-03-25T14:20:40.974+0000] {logging_mixin.py:188} INFO - [2026-03-25T14:20:40.974+0000] {dagbag.py:545} INFO - Filling up the DagBag from /opt/airflow/dags/extract_data.py
[2026-03-25T14:20:40.996+0000] {processor.py:842} WARNING - No viable dags retrieved from /opt/airflow/dags/extract_data.py
[2026-03-25T14:20:41.010+0000] {processor.py:183} INFO - Processing /opt/airflow/dags/extract_data.py took 0.046 seconds
[2026-03-25T14:21:11.757+0000] {processor.py:161} INFO - Started process (PID=683) to work on /opt/airflow/dags/extract_data.py
[2026-03-25T14:21:11.758+0000] {processor.py:830} INFO - Processing file /opt/airflow/dags/extract_data.py for tasks to queue
[2026-03-25T14:21:11.760+0000] {logging_mixin.py:188} INFO - [2026-03-25T14:21:11.760+0000] {dagbag.py:545} INFO - Filling up the DagBag from /opt/airflow/dags/extract_data.py
[2026-03-25T14:21:11.777+0000] {processor.py:842} WARNING - No viable dags retrieved from /opt/airflow/dags/extract_data.py
[2026-03-25T14:21:11.791+0000] {processor.py:183} INFO - Processing /opt/airflow/dags/extract_data.py took 0.040 seconds
[2026-03-25T14:21:42.714+0000] {processor.py:161} INFO - Started process (PID=709) to work on /opt/airflow/dags/extract_data.py
[2026-03-25T14:21:42.715+0000] {processor.py:830} INFO - Processing file /opt/airflow/dags/extract_data.py for tasks to queue
[2026-03-25T14:21:42.717+0000] {logging_mixin.py:188} INFO - [2026-03-25T14:21:42.717+0000] {dagbag.py:545} INFO - Filling up the DagBag from /opt/airflow/dags/extract_data.py
[2026-03-25T14:21:42.736+0000] {processor.py:842} WARNING - No viable dags retrieved from /opt/airflow/dags/extract_data.py
[2026-03-25T14:21:42.749+0000] {processor.py:183} INFO - Processing /opt/airflow/dags/extract_data.py took 0.040 seconds
[2026-03-25T14:22:13.561+0000] {processor.py:161} INFO - Started process (PID=735) to work on /opt/airflow/dags/extract_data.py
[2026-03-25T14:22:13.563+0000] {processor.py:830} INFO - Processing file /opt/airflow/dags/extract_data.py for tasks to queue
[2026-03-25T14:22:13.566+0000] {logging_mixin.py:188} INFO - [2026-03-25T14:22:13.565+0000] {dagbag.py:545} INFO - Filling up the DagBag from /opt/airflow/dags/extract_data.py
[2026-03-25T14:22:13.601+0000] {processor.py:842} WARNING - No viable dags retrieved from /opt/airflow/dags/extract_data.py
[2026-03-25T14:22:13.617+0000] {processor.py:183} INFO - Processing /opt/airflow/dags/extract_data.py took 0.062 seconds
[2026-03-25T14:22:44.325+0000] {processor.py:161} INFO - Started process (PID=761) to work on /opt/airflow/dags/extract_data.py
[2026-03-25T14:22:44.326+0000] {processor.py:830} INFO - Processing file /opt/airflow/dags/extract_data.py for tasks to queue
[2026-03-25T14:22:44.328+0000] {logging_mixin.py:188} INFO - [2026-03-25T14:22:44.328+0000] {dagbag.py:545} INFO - Filling up the DagBag from /opt/airflow/dags/extract_data.py
[2026-03-25T14:22:44.340+0000] {processor.py:842} WARNING - No viable dags retrieved from /opt/airflow/dags/extract_data.py
[2026-03-25T14:22:44.352+0000] {processor.py:183} INFO - Processing /opt/airflow/dags/extract_data.py took 0.033 seconds
[2026-03-25T14:23:15.047+0000] {processor.py:161} INFO - Started process (PID=787) to work on /opt/airflow/dags/extract_data.py
[2026-03-25T14:23:15.049+0000] {processor.py:830} INFO - Processing file /opt/airflow/dags/extract_data.py for tasks to queue
[2026-03-25T14:23:15.051+0000] {logging_mixin.py:188} INFO - [2026-03-25T14:23:15.051+0000] {dagbag.py:545} INFO - Filling up the DagBag from /opt/airflow/dags/extract_data.py
[2026-03-25T14:23:15.075+0000] {processor.py:842} WARNING - No viable dags retrieved from /opt/airflow/dags/extract_data.py
[2026-03-25T14:23:15.102+0000] {processor.py:183} INFO - Processing /opt/airflow/dags/extract_data.py took 0.061 seconds
[2026-03-25T14:23:45.401+0000] {processor.py:161} INFO - Started process (PID=813) to work on /opt/airflow/dags/extract_data.py
[2026-03-25T14:23:45.402+0000] {processor.py:830} INFO - Processing file /opt/airflow/dags/extract_data.py for tasks to queue
[2026-03-25T14:23:45.405+0000] {logging_mixin.py:188} INFO - [2026-03-25T14:23:45.405+0000] {dagbag.py:545} INFO - Filling up the DagBag from /opt/airflow/dags/extract_data.py
[2026-03-25T14:23:45.423+0000] {processor.py:842} WARNING - No viable dags retrieved from /opt/airflow/dags/extract_data.py
[2026-03-25T14:23:45.436+0000] {processor.py:183} INFO - Processing /opt/airflow/dags/extract_data.py took 0.042 seconds
[2026-03-25T14:24:16.214+0000] {processor.py:161} INFO - Started process (PID=839) to work on /opt/airflow/dags/extract_data.py
[2026-03-25T14:24:16.216+0000] {processor.py:830} INFO - Processing file /opt/airflow/dags/extract_data.py for tasks to queue
[2026-03-25T14:24:16.218+0000] {logging_mixin.py:188} INFO - [2026-03-25T14:24:16.218+0000] {dagbag.py:545} INFO - Filling up the DagBag from /opt/airflow/dags/extract_data.py
[2026-03-25T14:24:16.242+0000] {processor.py:842} WARNING - No viable dags retrieved from /opt/airflow/dags/extract_data.py
[2026-03-25T14:24:16.262+0000] {processor.py:183} INFO - Processing /opt/airflow/dags/extract_data.py took 0.059 seconds
[2026-03-25T14:24:47.111+0000] {processor.py:161} INFO - Started process (PID=865) to work on /opt/airflow/dags/extract_data.py
[2026-03-25T14:24:47.112+0000] {processor.py:830} INFO - Processing file /opt/airflow/dags/extract_data.py for tasks to queue
[2026-03-25T14:24:47.115+0000] {logging_mixin.py:188} INFO - [2026-03-25T14:24:47.114+0000] {dagbag.py:545} INFO - Filling up the DagBag from /opt/airflow/dags/extract_data.py
[2026-03-25T14:24:47.129+0000] {processor.py:842} WARNING - No viable dags retrieved from /opt/airflow/dags/extract_data.py
[2026-03-25T14:24:47.142+0000] {processor.py:183} INFO - Processing /opt/airflow/dags/extract_data.py took 0.038 seconds
[2026-03-25T14:25:17.854+0000] {processor.py:161} INFO - Started process (PID=891) to work on /opt/airflow/dags/extract_data.py
[2026-03-25T14:25:17.855+0000] {processor.py:830} INFO - Processing file /opt/airflow/dags/extract_data.py for tasks to queue
[2026-03-25T14:25:17.858+0000] {logging_mixin.py:188} INFO - [2026-03-25T14:25:17.858+0000] {dagbag.py:545} INFO - Filling up the DagBag from /opt/airflow/dags/extract_data.py
[2026-03-25T14:25:17.877+0000] {processor.py:842} WARNING - No viable dags retrieved from /opt/airflow/dags/extract_data.py
[2026-03-25T14:25:17.892+0000] {processor.py:183} INFO - Processing /opt/airflow/dags/extract_data.py took 0.046 seconds
[2026-03-25T14:25:48.649+0000] {processor.py:161} INFO - Started process (PID=917) to work on /opt/airflow/dags/extract_data.py
[2026-03-25T14:25:48.650+0000] {processor.py:830} INFO - Processing file /opt/airflow/dags/extract_data.py for tasks to queue
[2026-03-25T14:25:48.652+0000] {logging_mixin.py:188} INFO - [2026-03-25T14:25:48.652+0000] {dagbag.py:545} INFO - Filling up the DagBag from /opt/airflow/dags/extract_data.py
[2026-03-25T14:25:48.667+0000] {processor.py:842} WARNING - No viable dags retrieved from /opt/airflow/dags/extract_data.py
[2026-03-25T14:25:48.680+0000] {processor.py:183} INFO - Processing /opt/airflow/dags/extract_data.py took 0.038 seconds
[2026-03-25T14:26:19.445+0000] {processor.py:161} INFO - Started process (PID=943) to work on /opt/airflow/dags/extract_data.py
[2026-03-25T14:26:19.446+0000] {processor.py:830} INFO - Processing file /opt/airflow/dags/extract_data.py for tasks to queue
[2026-03-25T14:26:19.448+0000] {logging_mixin.py:188} INFO - [2026-03-25T14:26:19.448+0000] {dagbag.py:545} INFO - Filling up the DagBag from /opt/airflow/dags/extract_data.py
[2026-03-25T14:26:19.465+0000] {processor.py:842} WARNING - No viable dags retrieved from /opt/airflow/dags/extract_data.py
[2026-03-25T14:26:19.480+0000] {processor.py:183} INFO - Processing /opt/airflow/dags/extract_data.py took 0.041 seconds
[2026-03-25T14:26:50.394+0000] {processor.py:161} INFO - Started process (PID=970) to work on /opt/airflow/dags/extract_data.py
[2026-03-25T14:26:50.395+0000] {processor.py:830} INFO - Processing file /opt/airflow/dags/extract_data.py for tasks to queue
[2026-03-25T14:26:50.397+0000] {logging_mixin.py:188} INFO - [2026-03-25T14:26:50.397+0000] {dagbag.py:545} INFO - Filling up the DagBag from /opt/airflow/dags/extract_data.py
[2026-03-25T14:26:50.414+0000] {processor.py:842} WARNING - No viable dags retrieved from /opt/airflow/dags/extract_data.py
[2026-03-25T14:26:50.433+0000] {processor.py:183} INFO - Processing /opt/airflow/dags/extract_data.py took 0.046 seconds
[2026-03-25T14:27:21.171+0000] {processor.py:161} INFO - Started process (PID=996) to work on /opt/airflow/dags/extract_data.py
[2026-03-25T14:27:21.173+0000] {processor.py:830} INFO - Processing file /opt/airflow/dags/extract_data.py for tasks to queue
[2026-03-25T14:27:21.176+0000] {logging_mixin.py:188} INFO - [2026-03-25T14:27:21.175+0000] {dagbag.py:545} INFO - Filling up the DagBag from /opt/airflow/dags/extract_data.py
[2026-03-25T14:27:21.195+0000] {processor.py:842} WARNING - No viable dags retrieved from /opt/airflow/dags/extract_data.py
[2026-03-25T14:27:21.210+0000] {processor.py:183} INFO - Processing /opt/airflow/dags/extract_data.py took 0.046 seconds
[2026-03-25T14:27:51.955+0000] {processor.py:161} INFO - Started process (PID=1024) to work on /opt/airflow/dags/extract_data.py
[2026-03-25T14:27:51.956+0000] {processor.py:830} INFO - Processing file /opt/airflow/dags/extract_data.py for tasks to queue
[2026-03-25T14:27:51.958+0000] {logging_mixin.py:188} INFO - [2026-03-25T14:27:51.958+0000] {dagbag.py:545} INFO - Filling up the DagBag from /opt/airflow/dags/extract_data.py
[2026-03-25T14:27:51.974+0000] {processor.py:842} WARNING - No viable dags retrieved from /opt/airflow/dags/extract_data.py
[2026-03-25T14:27:51.990+0000] {processor.py:183} INFO - Processing /opt/airflow/dags/extract_data.py took 0.040 seconds
[2026-03-25T14:28:22.762+0000] {processor.py:161} INFO - Started process (PID=1051) to work on /opt/airflow/dags/extract_data.py
[2026-03-25T14:28:22.763+0000] {processor.py:830} INFO - Processing file /opt/airflow/dags/extract_data.py for tasks to queue
[2026-03-25T14:28:22.766+0000] {logging_mixin.py:188} INFO - [2026-03-25T14:28:22.765+0000] {dagbag.py:545} INFO - Filling up the DagBag from /opt/airflow/dags/extract_data.py
[2026-03-25T14:28:22.796+0000] {processor.py:842} WARNING - No viable dags retrieved from /opt/airflow/dags/extract_data.py
[2026-03-25T14:28:22.811+0000] {processor.py:183} INFO - Processing /opt/airflow/dags/extract_data.py took 0.055 seconds
[2026-03-25T14:28:53.502+0000] {processor.py:161} INFO - Started process (PID=1077) to work on /opt/airflow/dags/extract_data.py
[2026-03-25T14:28:53.504+0000] {processor.py:830} INFO - Processing file /opt/airflow/dags/extract_data.py for tasks to queue
[2026-03-25T14:28:53.506+0000] {logging_mixin.py:188} INFO - [2026-03-25T14:28:53.506+0000] {dagbag.py:545} INFO - Filling up the DagBag from /opt/airflow/dags/extract_data.py
[2026-03-25T14:28:53.543+0000] {processor.py:842} WARNING - No viable dags retrieved from /opt/airflow/dags/extract_data.py
[2026-03-25T14:28:53.561+0000] {processor.py:183} INFO - Processing /opt/airflow/dags/extract_data.py took 0.065 seconds
[2026-03-25T14:29:24.208+0000] {processor.py:161} INFO - Started process (PID=1103) to work on /opt/airflow/dags/extract_data.py
[2026-03-25T14:29:24.212+0000] {processor.py:830} INFO - Processing file /opt/airflow/dags/extract_data.py for tasks to queue
[2026-03-25T14:29:24.216+0000] {logging_mixin.py:188} INFO - [2026-03-25T14:29:24.215+0000] {dagbag.py:545} INFO - Filling up the DagBag from /opt/airflow/dags/extract_data.py
[2026-03-25T14:29:24.235+0000] {processor.py:842} WARNING - No viable dags retrieved from /opt/airflow/dags/extract_data.py
[2026-03-25T14:29:24.248+0000] {processor.py:183} INFO - Processing /opt/airflow/dags/extract_data.py took 0.049 seconds
[2026-03-25T14:29:45.031+0000] {processor.py:161} INFO - Started process (PID=181) to work on /opt/airflow/dags/extract_data.py
[2026-03-25T14:29:45.033+0000] {processor.py:830} INFO - Processing file /opt/airflow/dags/extract_data.py for tasks to queue
[2026-03-25T14:29:45.035+0000] {logging_mixin.py:188} INFO - [2026-03-25T14:29:45.035+0000] {dagbag.py:545} INFO - Filling up the DagBag from /opt/airflow/dags/extract_data.py
[2026-03-25T14:29:45.060+0000] {processor.py:842} WARNING - No viable dags retrieved from /opt/airflow/dags/extract_data.py
[2026-03-25T14:29:45.078+0000] {processor.py:183} INFO - Processing /opt/airflow/dags/extract_data.py took 0.057 seconds
[2026-03-25T14:30:15.794+0000] {processor.py:161} INFO - Started process (PID=207) to work on /opt/airflow/dags/extract_data.py
[2026-03-25T14:30:15.796+0000] {processor.py:830} INFO - Processing file /opt/airflow/dags/extract_data.py for tasks to queue
[2026-03-25T14:30:15.799+0000] {logging_mixin.py:188} INFO - [2026-03-25T14:30:15.798+0000] {dagbag.py:545} INFO - Filling up the DagBag from /opt/airflow/dags/extract_data.py
[2026-03-25T14:30:15.821+0000] {processor.py:842} WARNING - No viable dags retrieved from /opt/airflow/dags/extract_data.py
[2026-03-25T14:30:15.844+0000] {processor.py:183} INFO - Processing /opt/airflow/dags/extract_data.py took 0.060 seconds
[2026-03-25T14:30:46.528+0000] {processor.py:161} INFO - Started process (PID=233) to work on /opt/airflow/dags/extract_data.py
[2026-03-25T14:30:46.529+0000] {processor.py:830} INFO - Processing file /opt/airflow/dags/extract_data.py for tasks to queue
[2026-03-25T14:30:46.531+0000] {logging_mixin.py:188} INFO - [2026-03-25T14:30:46.531+0000] {dagbag.py:545} INFO - Filling up the DagBag from /opt/airflow/dags/extract_data.py
[2026-03-25T14:30:46.548+0000] {processor.py:842} WARNING - No viable dags retrieved from /opt/airflow/dags/extract_data.py
[2026-03-25T14:30:46.566+0000] {processor.py:183} INFO - Processing /opt/airflow/dags/extract_data.py took 0.045 seconds
[2026-03-25T14:31:17.235+0000] {processor.py:161} INFO - Started process (PID=275) to work on /opt/airflow/dags/extract_data.py
[2026-03-25T14:31:17.237+0000] {processor.py:830} INFO - Processing file /opt/airflow/dags/extract_data.py for tasks to queue
[2026-03-25T14:31:17.240+0000] {logging_mixin.py:188} INFO - [2026-03-25T14:31:17.240+0000] {dagbag.py:545} INFO - Filling up the DagBag from /opt/airflow/dags/extract_data.py
[2026-03-25T14:31:17.256+0000] {processor.py:842} WARNING - No viable dags retrieved from /opt/airflow/dags/extract_data.py
[2026-03-25T14:31:17.275+0000] {processor.py:183} INFO - Processing /opt/airflow/dags/extract_data.py took 0.051 seconds
[2026-03-25T14:31:47.957+0000] {processor.py:161} INFO - Started process (PID=301) to work on /opt/airflow/dags/extract_data.py
[2026-03-25T14:31:47.958+0000] {processor.py:830} INFO - Processing file /opt/airflow/dags/extract_data.py for tasks to queue
[2026-03-25T14:31:47.960+0000] {logging_mixin.py:188} INFO - [2026-03-25T14:31:47.960+0000] {dagbag.py:545} INFO - Filling up the DagBag from /opt/airflow/dags/extract_data.py
[2026-03-25T14:31:47.975+0000] {processor.py:842} WARNING - No viable dags retrieved from /opt/airflow/dags/extract_data.py
[2026-03-25T14:31:47.990+0000] {processor.py:183} INFO - Processing /opt/airflow/dags/extract_data.py took 0.040 seconds
[2026-03-25T14:32:18.656+0000] {processor.py:161} INFO - Started process (PID=327) to work on /opt/airflow/dags/extract_data.py
[2026-03-25T14:32:18.657+0000] {processor.py:830} INFO - Processing file /opt/airflow/dags/extract_data.py for tasks to queue
[2026-03-25T14:32:18.660+0000] {logging_mixin.py:188} INFO - [2026-03-25T14:32:18.660+0000] {dagbag.py:545} INFO - Filling up the DagBag from /opt/airflow/dags/extract_data.py
[2026-03-25T14:32:18.678+0000] {processor.py:842} WARNING - No viable dags retrieved from /opt/airflow/dags/extract_data.py
[2026-03-25T14:32:18.699+0000] {processor.py:183} INFO - Processing /opt/airflow/dags/extract_data.py took 0.051 seconds
[2026-03-25T14:32:49.362+0000] {processor.py:161} INFO - Started process (PID=353) to work on /opt/airflow/dags/extract_data.py
[2026-03-25T14:32:49.363+0000] {processor.py:830} INFO - Processing file /opt/airflow/dags/extract_data.py for tasks to queue
[2026-03-25T14:32:49.365+0000] {logging_mixin.py:188} INFO - [2026-03-25T14:32:49.365+0000] {dagbag.py:545} INFO - Filling up the DagBag from /opt/airflow/dags/extract_data.py
[2026-03-25T14:32:49.377+0000] {processor.py:842} WARNING - No viable dags retrieved from /opt/airflow/dags/extract_data.py
[2026-03-25T14:32:49.397+0000] {processor.py:183} INFO - Processing /opt/airflow/dags/extract_data.py took 0.041 seconds
[2026-03-25T14:33:20.195+0000] {processor.py:161} INFO - Started process (PID=385) to work on /opt/airflow/dags/extract_data.py
[2026-03-25T14:33:20.195+0000] {processor.py:830} INFO - Processing file /opt/airflow/dags/extract_data.py for tasks to queue
[2026-03-25T14:33:20.197+0000] {logging_mixin.py:188} INFO - [2026-03-25T14:33:20.197+0000] {dagbag.py:545} INFO - Filling up the DagBag from /opt/airflow/dags/extract_data.py
[2026-03-25T14:33:20.210+0000] {processor.py:842} WARNING - No viable dags retrieved from /opt/airflow/dags/extract_data.py
[2026-03-25T14:33:20.224+0000] {processor.py:183} INFO - Processing /opt/airflow/dags/extract_data.py took 0.035 seconds
[2026-03-25T14:33:50.932+0000] {processor.py:161} INFO - Started process (PID=411) to work on /opt/airflow/dags/extract_data.py
[2026-03-25T14:33:50.933+0000] {processor.py:830} INFO - Processing file /opt/airflow/dags/extract_data.py for tasks to queue
[2026-03-25T14:33:50.935+0000] {logging_mixin.py:188} INFO - [2026-03-25T14:33:50.935+0000] {dagbag.py:545} INFO - Filling up the DagBag from /opt/airflow/dags/extract_data.py
[2026-03-25T14:33:50.951+0000] {processor.py:842} WARNING - No viable dags retrieved from /opt/airflow/dags/extract_data.py
[2026-03-25T14:33:50.965+0000] {processor.py:183} INFO - Processing /opt/airflow/dags/extract_data.py took 0.040 seconds
[2026-03-25T14:34:21.709+0000] {processor.py:161} INFO - Started process (PID=437) to work on /opt/airflow/dags/extract_data.py
[2026-03-25T14:34:21.709+0000] {processor.py:830} INFO - Processing file /opt/airflow/dags/extract_data.py for tasks to queue
[2026-03-25T14:34:21.711+0000] {logging_mixin.py:188} INFO - [2026-03-25T14:34:21.711+0000] {dagbag.py:545} INFO - Filling up the DagBag from /opt/airflow/dags/extract_data.py
[2026-03-25T14:34:21.725+0000] {processor.py:842} WARNING - No viable dags retrieved from /opt/airflow/dags/extract_data.py
[2026-03-25T14:34:21.745+0000] {processor.py:183} INFO - Processing /opt/airflow/dags/extract_data.py took 0.043 seconds
[2026-03-25T14:34:52.700+0000] {processor.py:161} INFO - Started process (PID=463) to work on /opt/airflow/dags/extract_data.py
[2026-03-25T14:34:52.701+0000] {processor.py:830} INFO - Processing file /opt/airflow/dags/extract_data.py for tasks to queue
[2026-03-25T14:34:52.703+0000] {logging_mixin.py:188} INFO - [2026-03-25T14:34:52.703+0000] {dagbag.py:545} INFO - Filling up the DagBag from /opt/airflow/dags/extract_data.py
[2026-03-25T14:34:52.716+0000] {processor.py:842} WARNING - No viable dags retrieved from /opt/airflow/dags/extract_data.py
[2026-03-25T14:34:52.730+0000] {processor.py:183} INFO - Processing /opt/airflow/dags/extract_data.py took 0.037 seconds
[2026-03-25T14:35:23.421+0000] {processor.py:161} INFO - Started process (PID=489) to work on /opt/airflow/dags/extract_data.py
[2026-03-25T14:35:23.421+0000] {processor.py:830} INFO - Processing file /opt/airflow/dags/extract_data.py for tasks to queue
[2026-03-25T14:35:23.424+0000] {logging_mixin.py:188} INFO - [2026-03-25T14:35:23.424+0000] {dagbag.py:545} INFO - Filling up the DagBag from /opt/airflow/dags/extract_data.py
[2026-03-25T14:35:23.441+0000] {processor.py:842} WARNING - No viable dags retrieved from /opt/airflow/dags/extract_data.py
[2026-03-25T14:35:23.457+0000] {processor.py:183} INFO - Processing /opt/airflow/dags/extract_data.py took 0.042 seconds
[2026-03-25T14:35:54.215+0000] {processor.py:161} INFO - Started process (PID=515) to work on /opt/airflow/dags/extract_data.py
[2026-03-25T14:35:54.216+0000] {processor.py:830} INFO - Processing file /opt/airflow/dags/extract_data.py for tasks to queue
[2026-03-25T14:35:54.218+0000] {logging_mixin.py:188} INFO - [2026-03-25T14:35:54.218+0000] {dagbag.py:545} INFO - Filling up the DagBag from /opt/airflow/dags/extract_data.py
[2026-03-25T14:35:54.237+0000] {processor.py:842} WARNING - No viable dags retrieved from /opt/airflow/dags/extract_data.py
[2026-03-25T14:35:54.252+0000] {processor.py:183} INFO - Processing /opt/airflow/dags/extract_data.py took 0.043 seconds
[2026-03-25T14:36:25.030+0000] {processor.py:161} INFO - Started process (PID=541) to work on /opt/airflow/dags/extract_data.py
[2026-03-25T14:36:25.032+0000] {processor.py:830} INFO - Processing file /opt/airflow/dags/extract_data.py for tasks to queue
[2026-03-25T14:36:25.037+0000] {logging_mixin.py:188} INFO - [2026-03-25T14:36:25.037+0000] {dagbag.py:545} INFO - Filling up the DagBag from /opt/airflow/dags/extract_data.py
[2026-03-25T14:36:25.060+0000] {processor.py:842} WARNING - No viable dags retrieved from /opt/airflow/dags/extract_data.py
[2026-03-25T14:36:25.086+0000] {processor.py:183} INFO - Processing /opt/airflow/dags/extract_data.py took 0.066 seconds
[2026-03-25T14:36:55.807+0000] {processor.py:161} INFO - Started process (PID=567) to work on /opt/airflow/dags/extract_data.py
[2026-03-25T14:36:55.808+0000] {processor.py:830} INFO - Processing file /opt/airflow/dags/extract_data.py for tasks to queue
[2026-03-25T14:36:55.810+0000] {logging_mixin.py:188} INFO - [2026-03-25T14:36:55.810+0000] {dagbag.py:545} INFO - Filling up the DagBag from /opt/airflow/dags/extract_data.py
[2026-03-25T14:36:55.821+0000] {processor.py:842} WARNING - No viable dags retrieved from /opt/airflow/dags/extract_data.py
[2026-03-25T14:36:55.836+0000] {processor.py:183} INFO - Processing /opt/airflow/dags/extract_data.py took 0.035 seconds
[2026-03-25T14:37:26.611+0000] {processor.py:161} INFO - Started process (PID=593) to work on /opt/airflow/dags/extract_data.py
[2026-03-25T14:37:26.613+0000] {processor.py:830} INFO - Processing file /opt/airflow/dags/extract_data.py for tasks to queue
[2026-03-25T14:37:26.616+0000] {logging_mixin.py:188} INFO - [2026-03-25T14:37:26.616+0000] {dagbag.py:545} INFO - Filling up the DagBag from /opt/airflow/dags/extract_data.py
[2026-03-25T14:37:26.637+0000] {processor.py:842} WARNING - No viable dags retrieved from /opt/airflow/dags/extract_data.py
[2026-03-25T14:37:26.656+0000] {processor.py:183} INFO - Processing /opt/airflow/dags/extract_data.py took 0.055 seconds
[2026-03-25T14:37:57.405+0000] {processor.py:161} INFO - Started process (PID=620) to work on /opt/airflow/dags/extract_data.py
[2026-03-25T14:37:57.406+0000] {processor.py:830} INFO - Processing file /opt/airflow/dags/extract_data.py for tasks to queue
[2026-03-25T14:37:57.409+0000] {logging_mixin.py:188} INFO - [2026-03-25T14:37:57.409+0000] {dagbag.py:545} INFO - Filling up the DagBag from /opt/airflow/dags/extract_data.py
[2026-03-25T14:37:57.431+0000] {processor.py:842} WARNING - No viable dags retrieved from /opt/airflow/dags/extract_data.py
[2026-03-25T14:37:57.449+0000] {processor.py:183} INFO - Processing /opt/airflow/dags/extract_data.py took 0.051 seconds
[2026-03-25T14:38:28.467+0000] {processor.py:161} INFO - Started process (PID=646) to work on /opt/airflow/dags/extract_data.py
[2026-03-25T14:38:28.469+0000] {processor.py:830} INFO - Processing file /opt/airflow/dags/extract_data.py for tasks to queue
[2026-03-25T14:38:28.474+0000] {logging_mixin.py:188} INFO - [2026-03-25T14:38:28.473+0000] {dagbag.py:545} INFO - Filling up the DagBag from /opt/airflow/dags/extract_data.py
[2026-03-25T14:38:28.499+0000] {processor.py:842} WARNING - No viable dags retrieved from /opt/airflow/dags/extract_data.py
[2026-03-25T14:38:28.546+0000] {processor.py:183} INFO - Processing /opt/airflow/dags/extract_data.py took 0.097 seconds
[2026-03-25T14:38:59.422+0000] {processor.py:161} INFO - Started process (PID=673) to work on /opt/airflow/dags/extract_data.py
[2026-03-25T14:38:59.423+0000] {processor.py:830} INFO - Processing file /opt/airflow/dags/extract_data.py for tasks to queue
[2026-03-25T14:38:59.426+0000] {logging_mixin.py:188} INFO - [2026-03-25T14:38:59.426+0000] {dagbag.py:545} INFO - Filling up the DagBag from /opt/airflow/dags/extract_data.py
[2026-03-25T14:38:59.472+0000] {processor.py:842} WARNING - No viable dags retrieved from /opt/airflow/dags/extract_data.py
[2026-03-25T14:38:59.494+0000] {processor.py:183} INFO - Processing /opt/airflow/dags/extract_data.py took 0.079 seconds
[2026-03-25T14:39:30.133+0000] {processor.py:161} INFO - Started process (PID=699) to work on /opt/airflow/dags/extract_data.py
[2026-03-25T14:39:30.134+0000] {processor.py:830} INFO - Processing file /opt/airflow/dags/extract_data.py for tasks to queue
[2026-03-25T14:39:30.136+0000] {logging_mixin.py:188} INFO - [2026-03-25T14:39:30.136+0000] {dagbag.py:545} INFO - Filling up the DagBag from /opt/airflow/dags/extract_data.py
[2026-03-25T14:39:30.149+0000] {processor.py:842} WARNING - No viable dags retrieved from /opt/airflow/dags/extract_data.py
[2026-03-25T14:39:30.164+0000] {processor.py:183} INFO - Processing /opt/airflow/dags/extract_data.py took 0.038 seconds
[2026-03-25T14:40:00.962+0000] {processor.py:161} INFO - Started process (PID=725) to work on /opt/airflow/dags/extract_data.py
[2026-03-25T14:40:00.964+0000] {processor.py:830} INFO - Processing file /opt/airflow/dags/extract_data.py for tasks to queue
[2026-03-25T14:40:00.966+0000] {logging_mixin.py:188} INFO - [2026-03-25T14:40:00.965+0000] {dagbag.py:545} INFO - Filling up the DagBag from /opt/airflow/dags/extract_data.py
[2026-03-25T14:40:00.982+0000] {processor.py:842} WARNING - No viable dags retrieved from /opt/airflow/dags/extract_data.py
[2026-03-25T14:40:01.001+0000] {processor.py:183} INFO - Processing /opt/airflow/dags/extract_data.py took 0.048 seconds
[2026-03-25T14:40:31.870+0000] {processor.py:161} INFO - Started process (PID=751) to work on /opt/airflow/dags/extract_data.py
[2026-03-25T14:40:31.871+0000] {processor.py:830} INFO - Processing file /opt/airflow/dags/extract_data.py for tasks to queue
[2026-03-25T14:40:31.873+0000] {logging_mixin.py:188} INFO - [2026-03-25T14:40:31.873+0000] {dagbag.py:545} INFO - Filling up the DagBag from /opt/airflow/dags/extract_data.py
[2026-03-25T14:40:31.888+0000] {processor.py:842} WARNING - No viable dags retrieved from /opt/airflow/dags/extract_data.py
[2026-03-25T14:40:31.907+0000] {processor.py:183} INFO - Processing /opt/airflow/dags/extract_data.py took 0.044 seconds
[2026-03-25T14:41:02.658+0000] {processor.py:161} INFO - Started process (PID=777) to work on /opt/airflow/dags/extract_data.py
[2026-03-25T14:41:02.659+0000] {processor.py:830} INFO - Processing file /opt/airflow/dags/extract_data.py for tasks to queue
[2026-03-25T14:41:02.661+0000] {logging_mixin.py:188} INFO - [2026-03-25T14:41:02.660+0000] {dagbag.py:545} INFO - Filling up the DagBag from /opt/airflow/dags/extract_data.py
[2026-03-25T14:41:02.673+0000] {processor.py:842} WARNING - No viable dags retrieved from /opt/airflow/dags/extract_data.py
[2026-03-25T14:41:02.687+0000] {processor.py:183} INFO - Processing /opt/airflow/dags/extract_data.py took 0.035 seconds
[2026-03-25T14:41:33.373+0000] {processor.py:161} INFO - Started process (PID=803) to work on /opt/airflow/dags/extract_data.py
[2026-03-25T14:41:33.375+0000] {processor.py:830} INFO - Processing file /opt/airflow/dags/extract_data.py for tasks to queue
[2026-03-25T14:41:33.378+0000] {logging_mixin.py:188} INFO - [2026-03-25T14:41:33.377+0000] {dagbag.py:545} INFO - Filling up the DagBag from /opt/airflow/dags/extract_data.py
[2026-03-25T14:41:33.394+0000] {processor.py:842} WARNING - No viable dags retrieved from /opt/airflow/dags/extract_data.py
[2026-03-25T14:41:33.409+0000] {processor.py:183} INFO - Processing /opt/airflow/dags/extract_data.py took 0.043 seconds
[2026-03-25T14:42:04.106+0000] {processor.py:161} INFO - Started process (PID=829) to work on /opt/airflow/dags/extract_data.py
[2026-03-25T14:42:04.107+0000] {processor.py:830} INFO - Processing file /opt/airflow/dags/extract_data.py for tasks to queue
[2026-03-25T14:42:04.110+0000] {logging_mixin.py:188} INFO - [2026-03-25T14:42:04.109+0000] {dagbag.py:545} INFO - Filling up the DagBag from /opt/airflow/dags/extract_data.py
[2026-03-25T14:42:04.122+0000] {processor.py:842} WARNING - No viable dags retrieved from /opt/airflow/dags/extract_data.py
[2026-03-25T14:42:04.136+0000] {processor.py:183} INFO - Processing /opt/airflow/dags/extract_data.py took 0.037 seconds
[2026-03-25T14:42:34.865+0000] {processor.py:161} INFO - Started process (PID=856) to work on /opt/airflow/dags/extract_data.py
[2026-03-25T14:42:34.866+0000] {processor.py:830} INFO - Processing file /opt/airflow/dags/extract_data.py for tasks to queue
[2026-03-25T14:42:34.868+0000] {logging_mixin.py:188} INFO - [2026-03-25T14:42:34.868+0000] {dagbag.py:545} INFO - Filling up the DagBag from /opt/airflow/dags/extract_data.py
[2026-03-25T14:42:34.887+0000] {processor.py:842} WARNING - No viable dags retrieved from /opt/airflow/dags/extract_data.py
[2026-03-25T14:42:34.903+0000] {processor.py:183} INFO - Processing /opt/airflow/dags/extract_data.py took 0.045 seconds
[2026-03-25T14:43:05.586+0000] {processor.py:161} INFO - Started process (PID=882) to work on /opt/airflow/dags/extract_data.py
[2026-03-25T14:43:05.588+0000] {processor.py:830} INFO - Processing file /opt/airflow/dags/extract_data.py for tasks to queue
[2026-03-25T14:43:05.591+0000] {logging_mixin.py:188} INFO - [2026-03-25T14:43:05.590+0000] {dagbag.py:545} INFO - Filling up the DagBag from /opt/airflow/dags/extract_data.py
[2026-03-25T14:43:05.612+0000] {processor.py:842} WARNING - No viable dags retrieved from /opt/airflow/dags/extract_data.py
[2026-03-25T14:43:05.630+0000] {processor.py:183} INFO - Processing /opt/airflow/dags/extract_data.py took 0.051 seconds
[2026-03-25T14:43:36.393+0000] {processor.py:161} INFO - Started process (PID=908) to work on /opt/airflow/dags/extract_data.py
[2026-03-25T14:43:36.395+0000] {processor.py:830} INFO - Processing file /opt/airflow/dags/extract_data.py for tasks to queue
[2026-03-25T14:43:36.398+0000] {logging_mixin.py:188} INFO - [2026-03-25T14:43:36.398+0000] {dagbag.py:545} INFO - Filling up the DagBag from /opt/airflow/dags/extract_data.py
[2026-03-25T14:43:36.423+0000] {processor.py:842} WARNING - No viable dags retrieved from /opt/airflow/dags/extract_data.py
[2026-03-25T14:43:36.444+0000] {processor.py:183} INFO - Processing /opt/airflow/dags/extract_data.py took 0.060 seconds
[2026-03-25T14:44:07.174+0000] {processor.py:161} INFO - Started process (PID=934) to work on /opt/airflow/dags/extract_data.py
[2026-03-25T14:44:07.175+0000] {processor.py:830} INFO - Processing file /opt/airflow/dags/extract_data.py for tasks to queue
[2026-03-25T14:44:07.178+0000] {logging_mixin.py:188} INFO - [2026-03-25T14:44:07.178+0000] {dagbag.py:545} INFO - Filling up the DagBag from /opt/airflow/dags/extract_data.py
[2026-03-25T14:44:07.193+0000] {processor.py:842} WARNING - No viable dags retrieved from /opt/airflow/dags/extract_data.py
[2026-03-25T14:44:07.210+0000] {processor.py:183} INFO - Processing /opt/airflow/dags/extract_data.py took 0.044 seconds
[2026-03-25T14:44:37.943+0000] {processor.py:161} INFO - Started process (PID=960) to work on /opt/airflow/dags/extract_data.py
[2026-03-25T14:44:37.946+0000] {processor.py:830} INFO - Processing file /opt/airflow/dags/extract_data.py for tasks to queue
[2026-03-25T14:44:37.949+0000] {logging_mixin.py:188} INFO - [2026-03-25T14:44:37.948+0000] {dagbag.py:545} INFO - Filling up the DagBag from /opt/airflow/dags/extract_data.py
[2026-03-25T14:44:37.965+0000] {processor.py:842} WARNING - No viable dags retrieved from /opt/airflow/dags/extract_data.py
[2026-03-25T14:44:37.985+0000] {processor.py:183} INFO - Processing /opt/airflow/dags/extract_data.py took 0.050 seconds
[2026-03-25T14:45:08.902+0000] {processor.py:161} INFO - Started process (PID=986) to work on /opt/airflow/dags/extract_data.py
[2026-03-25T14:45:08.904+0000] {processor.py:830} INFO - Processing file /opt/airflow/dags/extract_data.py for tasks to queue
[2026-03-25T14:45:08.907+0000] {logging_mixin.py:188} INFO - [2026-03-25T14:45:08.907+0000] {dagbag.py:545} INFO - Filling up the DagBag from /opt/airflow/dags/extract_data.py
[2026-03-25T14:45:08.926+0000] {processor.py:842} WARNING - No viable dags retrieved from /opt/airflow/dags/extract_data.py
[2026-03-25T14:45:08.944+0000] {processor.py:183} INFO - Processing /opt/airflow/dags/extract_data.py took 0.051 seconds
[2026-03-25T14:45:39.595+0000] {processor.py:161} INFO - Started process (PID=1012) to work on /opt/airflow/dags/extract_data.py
[2026-03-25T14:45:39.596+0000] {processor.py:830} INFO - Processing file /opt/airflow/dags/extract_data.py for tasks to queue
[2026-03-25T14:45:39.598+0000] {logging_mixin.py:188} INFO - [2026-03-25T14:45:39.598+0000] {dagbag.py:545} INFO - Filling up the DagBag from /opt/airflow/dags/extract_data.py
[2026-03-25T14:45:39.610+0000] {processor.py:842} WARNING - No viable dags retrieved from /opt/airflow/dags/extract_data.py
[2026-03-25T14:45:39.624+0000] {processor.py:183} INFO - Processing /opt/airflow/dags/extract_data.py took 0.035 seconds
[2026-03-25T14:46:10.623+0000] {processor.py:161} INFO - Started process (PID=1038) to work on /opt/airflow/dags/extract_data.py
[2026-03-25T14:46:10.625+0000] {processor.py:830} INFO - Processing file /opt/airflow/dags/extract_data.py for tasks to queue
[2026-03-25T14:46:10.631+0000] {logging_mixin.py:188} INFO - [2026-03-25T14:46:10.630+0000] {dagbag.py:545} INFO - Filling up the DagBag from /opt/airflow/dags/extract_data.py
[2026-03-25T14:46:10.651+0000] {processor.py:842} WARNING - No viable dags retrieved from /opt/airflow/dags/extract_data.py
[2026-03-25T14:46:10.677+0000] {processor.py:183} INFO - Processing /opt/airflow/dags/extract_data.py took 0.064 seconds
[2026-03-25T14:46:41.082+0000] {processor.py:161} INFO - Started process (PID=1064) to work on /opt/airflow/dags/extract_data.py
[2026-03-25T14:46:41.084+0000] {processor.py:830} INFO - Processing file /opt/airflow/dags/extract_data.py for tasks to queue
[2026-03-25T14:46:41.086+0000] {logging_mixin.py:188} INFO - [2026-03-25T14:46:41.086+0000] {dagbag.py:545} INFO - Filling up the DagBag from /opt/airflow/dags/extract_data.py
[2026-03-25T14:46:41.107+0000] {processor.py:842} WARNING - No viable dags retrieved from /opt/airflow/dags/extract_data.py
[2026-03-25T14:46:41.135+0000] {processor.py:183} INFO - Processing /opt/airflow/dags/extract_data.py took 0.062 seconds
[2026-03-25T14:47:11.803+0000] {processor.py:161} INFO - Started process (PID=1089) to work on /opt/airflow/dags/extract_data.py
[2026-03-25T14:47:11.804+0000] {processor.py:830} INFO - Processing file /opt/airflow/dags/extract_data.py for tasks to queue
[2026-03-25T14:47:11.806+0000] {logging_mixin.py:188} INFO - [2026-03-25T14:47:11.806+0000] {dagbag.py:545} INFO - Filling up the DagBag from /opt/airflow/dags/extract_data.py
[2026-03-25T14:47:11.820+0000] {processor.py:842} WARNING - No viable dags retrieved from /opt/airflow/dags/extract_data.py
[2026-03-25T14:47:11.837+0000] {processor.py:183} INFO - Processing /opt/airflow/dags/extract_data.py took 0.041 seconds
[2026-03-25T14:47:42.599+0000] {processor.py:161} INFO - Started process (PID=1116) to work on /opt/airflow/dags/extract_data.py
[2026-03-25T14:47:42.601+0000] {processor.py:830} INFO - Processing file /opt/airflow/dags/extract_data.py for tasks to queue
[2026-03-25T14:47:42.605+0000] {logging_mixin.py:188} INFO - [2026-03-25T14:47:42.605+0000] {dagbag.py:545} INFO - Filling up the DagBag from /opt/airflow/dags/extract_data.py
[2026-03-25T14:47:42.620+0000] {processor.py:842} WARNING - No viable dags retrieved from /opt/airflow/dags/extract_data.py
[2026-03-25T14:47:42.637+0000] {processor.py:183} INFO - Processing /opt/airflow/dags/extract_data.py took 0.045 seconds
[2026-03-25T14:48:13.415+0000] {processor.py:161} INFO - Started process (PID=1142) to work on /opt/airflow/dags/extract_data.py
[2026-03-25T14:48:13.416+0000] {processor.py:830} INFO - Processing file /opt/airflow/dags/extract_data.py for tasks to queue
[2026-03-25T14:48:13.418+0000] {logging_mixin.py:188} INFO - [2026-03-25T14:48:13.418+0000] {dagbag.py:545} INFO - Filling up the DagBag from /opt/airflow/dags/extract_data.py
[2026-03-25T14:48:13.431+0000] {processor.py:842} WARNING - No viable dags retrieved from /opt/airflow/dags/extract_data.py
[2026-03-25T14:48:13.447+0000] {processor.py:183} INFO - Processing /opt/airflow/dags/extract_data.py took 0.037 seconds
[2026-03-25T14:48:44.192+0000] {processor.py:161} INFO - Started process (PID=1168) to work on /opt/airflow/dags/extract_data.py
[2026-03-25T14:48:44.193+0000] {processor.py:830} INFO - Processing file /opt/airflow/dags/extract_data.py for tasks to queue
[2026-03-25T14:48:44.195+0000] {logging_mixin.py:188} INFO - [2026-03-25T14:48:44.194+0000] {dagbag.py:545} INFO - Filling up the DagBag from /opt/airflow/dags/extract_data.py
[2026-03-25T14:48:44.207+0000] {processor.py:842} WARNING - No viable dags retrieved from /opt/airflow/dags/extract_data.py
[2026-03-25T14:48:44.221+0000] {processor.py:183} INFO - Processing /opt/airflow/dags/extract_data.py took 0.035 seconds
[2026-03-25T14:49:14.867+0000] {processor.py:161} INFO - Started process (PID=1194) to work on /opt/airflow/dags/extract_data.py
[2026-03-25T14:49:14.868+0000] {processor.py:830} INFO - Processing file /opt/airflow/dags/extract_data.py for tasks to queue
[2026-03-25T14:49:14.873+0000] {logging_mixin.py:188} INFO - [2026-03-25T14:49:14.873+0000] {dagbag.py:545} INFO - Filling up the DagBag from /opt/airflow/dags/extract_data.py
[2026-03-25T14:49:14.895+0000] {processor.py:842} WARNING - No viable dags retrieved from /opt/airflow/dags/extract_data.py
[2026-03-25T14:49:14.920+0000] {processor.py:183} INFO - Processing /opt/airflow/dags/extract_data.py took 0.063 seconds
[2026-03-25T14:49:45.658+0000] {processor.py:161} INFO - Started process (PID=1220) to work on /opt/airflow/dags/extract_data.py
[2026-03-25T14:49:45.659+0000] {processor.py:830} INFO - Processing file /opt/airflow/dags/extract_data.py for tasks to queue
[2026-03-25T14:49:45.662+0000] {logging_mixin.py:188} INFO - [2026-03-25T14:49:45.661+0000] {dagbag.py:545} INFO - Filling up the DagBag from /opt/airflow/dags/extract_data.py
[2026-03-25T14:49:45.674+0000] {processor.py:842} WARNING - No viable dags retrieved from /opt/airflow/dags/extract_data.py
[2026-03-25T14:49:45.687+0000] {processor.py:183} INFO - Processing /opt/airflow/dags/extract_data.py took 0.036 seconds
[2026-03-25T14:50:16.564+0000] {processor.py:161} INFO - Started process (PID=1246) to work on /opt/airflow/dags/extract_data.py
[2026-03-25T14:50:16.565+0000] {processor.py:830} INFO - Processing file /opt/airflow/dags/extract_data.py for tasks to queue
[2026-03-25T14:50:16.567+0000] {logging_mixin.py:188} INFO - [2026-03-25T14:50:16.566+0000] {dagbag.py:545} INFO - Filling up the DagBag from /opt/airflow/dags/extract_data.py
[2026-03-25T14:50:16.579+0000] {processor.py:842} WARNING - No viable dags retrieved from /opt/airflow/dags/extract_data.py
[2026-03-25T14:50:16.594+0000] {processor.py:183} INFO - Processing /opt/airflow/dags/extract_data.py took 0.037 seconds
[2026-03-25T14:50:47.217+0000] {processor.py:161} INFO - Started process (PID=1272) to work on /opt/airflow/dags/extract_data.py
[2026-03-25T14:50:47.218+0000] {processor.py:830} INFO - Processing file /opt/airflow/dags/extract_data.py for tasks to queue
[2026-03-25T14:50:47.221+0000] {logging_mixin.py:188} INFO - [2026-03-25T14:50:47.220+0000] {dagbag.py:545} INFO - Filling up the DagBag from /opt/airflow/dags/extract_data.py
[2026-03-25T14:50:47.234+0000] {processor.py:842} WARNING - No viable dags retrieved from /opt/airflow/dags/extract_data.py
[2026-03-25T14:50:47.251+0000] {processor.py:183} INFO - Processing /opt/airflow/dags/extract_data.py took 0.041 seconds
[2026-03-25T14:51:17.920+0000] {processor.py:161} INFO - Started process (PID=1298) to work on /opt/airflow/dags/extract_data.py
[2026-03-25T14:51:17.921+0000] {processor.py:830} INFO - Processing file /opt/airflow/dags/extract_data.py for tasks to queue
[2026-03-25T14:51:17.923+0000] {logging_mixin.py:188} INFO - [2026-03-25T14:51:17.923+0000] {dagbag.py:545} INFO - Filling up the DagBag from /opt/airflow/dags/extract_data.py
[2026-03-25T14:51:17.936+0000] {processor.py:842} WARNING - No viable dags retrieved from /opt/airflow/dags/extract_data.py
[2026-03-25T14:51:17.950+0000] {processor.py:183} INFO - Processing /opt/airflow/dags/extract_data.py took 0.036 seconds
[2026-03-25T14:51:48.620+0000] {processor.py:161} INFO - Started process (PID=1324) to work on /opt/airflow/dags/extract_data.py
[2026-03-25T14:51:48.622+0000] {processor.py:830} INFO - Processing file /opt/airflow/dags/extract_data.py for tasks to queue
[2026-03-25T14:51:48.625+0000] {logging_mixin.py:188} INFO - [2026-03-25T14:51:48.625+0000] {dagbag.py:545} INFO - Filling up the DagBag from /opt/airflow/dags/extract_data.py
[2026-03-25T14:51:48.648+0000] {processor.py:842} WARNING - No viable dags retrieved from /opt/airflow/dags/extract_data.py
[2026-03-25T14:51:48.662+0000] {processor.py:183} INFO - Processing /opt/airflow/dags/extract_data.py took 0.050 seconds
[2026-03-25T14:52:19.367+0000] {processor.py:161} INFO - Started process (PID=1350) to work on /opt/airflow/dags/extract_data.py
[2026-03-25T14:52:19.368+0000] {processor.py:830} INFO - Processing file /opt/airflow/dags/extract_data.py for tasks to queue
[2026-03-25T14:52:19.370+0000] {logging_mixin.py:188} INFO - [2026-03-25T14:52:19.370+0000] {dagbag.py:545} INFO - Filling up the DagBag from /opt/airflow/dags/extract_data.py
[2026-03-25T14:52:19.382+0000] {processor.py:842} WARNING - No viable dags retrieved from /opt/airflow/dags/extract_data.py
[2026-03-25T14:52:19.398+0000] {processor.py:183} INFO - Processing /opt/airflow/dags/extract_data.py took 0.037 seconds
[2026-03-25T14:52:50.056+0000] {processor.py:161} INFO - Started process (PID=1376) to work on /opt/airflow/dags/extract_data.py
[2026-03-25T14:52:50.057+0000] {processor.py:830} INFO - Processing file /opt/airflow/dags/extract_data.py for tasks to queue
[2026-03-25T14:52:50.059+0000] {logging_mixin.py:188} INFO - [2026-03-25T14:52:50.059+0000] {dagbag.py:545} INFO - Filling up the DagBag from /opt/airflow/dags/extract_data.py
[2026-03-25T14:52:50.071+0000] {processor.py:842} WARNING - No viable dags retrieved from /opt/airflow/dags/extract_data.py
[2026-03-25T14:52:50.086+0000] {processor.py:183} INFO - Processing /opt/airflow/dags/extract_data.py took 0.036 seconds
[2026-03-25T14:53:20.675+0000] {processor.py:161} INFO - Started process (PID=1402) to work on /opt/airflow/dags/extract_data.py
[2026-03-25T14:53:20.676+0000] {processor.py:830} INFO - Processing file /opt/airflow/dags/extract_data.py for tasks to queue
[2026-03-25T14:53:20.678+0000] {logging_mixin.py:188} INFO - [2026-03-25T14:53:20.678+0000] {dagbag.py:545} INFO - Filling up the DagBag from /opt/airflow/dags/extract_data.py
[2026-03-25T14:53:20.693+0000] {processor.py:842} WARNING - No viable dags retrieved from /opt/airflow/dags/extract_data.py
[2026-03-25T14:53:20.710+0000] {processor.py:183} INFO - Processing /opt/airflow/dags/extract_data.py took 0.043 seconds
[2026-03-25T14:53:51.361+0000] {processor.py:161} INFO - Started process (PID=1428) to work on /opt/airflow/dags/extract_data.py
[2026-03-25T14:53:51.362+0000] {processor.py:830} INFO - Processing file /opt/airflow/dags/extract_data.py for tasks to queue
[2026-03-25T14:53:51.365+0000] {logging_mixin.py:188} INFO - [2026-03-25T14:53:51.365+0000] {dagbag.py:545} INFO - Filling up the DagBag from /opt/airflow/dags/extract_data.py
[2026-03-25T14:53:51.386+0000] {processor.py:842} WARNING - No viable dags retrieved from /opt/airflow/dags/extract_data.py
[2026-03-25T14:53:51.404+0000] {processor.py:183} INFO - Processing /opt/airflow/dags/extract_data.py took 0.051 seconds
[2026-03-25T14:54:22.125+0000] {processor.py:161} INFO - Started process (PID=1455) to work on /opt/airflow/dags/extract_data.py
[2026-03-25T14:54:22.126+0000] {processor.py:830} INFO - Processing file /opt/airflow/dags/extract_data.py for tasks to queue
[2026-03-25T14:54:22.128+0000] {logging_mixin.py:188} INFO - [2026-03-25T14:54:22.128+0000] {dagbag.py:545} INFO - Filling up the DagBag from /opt/airflow/dags/extract_data.py
[2026-03-25T14:54:22.143+0000] {processor.py:842} WARNING - No viable dags retrieved from /opt/airflow/dags/extract_data.py
[2026-03-25T14:54:22.159+0000] {processor.py:183} INFO - Processing /opt/airflow/dags/extract_data.py took 0.042 seconds
[2026-03-25T14:54:53.040+0000] {processor.py:161} INFO - Started process (PID=1482) to work on /opt/airflow/dags/extract_data.py
[2026-03-25T14:54:53.041+0000] {processor.py:830} INFO - Processing file /opt/airflow/dags/extract_data.py for tasks to queue
[2026-03-25T14:54:53.043+0000] {logging_mixin.py:188} INFO - [2026-03-25T14:54:53.043+0000] {dagbag.py:545} INFO - Filling up the DagBag from /opt/airflow/dags/extract_data.py
[2026-03-25T14:54:53.057+0000] {processor.py:842} WARNING - No viable dags retrieved from /opt/airflow/dags/extract_data.py
[2026-03-25T14:54:53.072+0000] {processor.py:183} INFO - Processing /opt/airflow/dags/extract_data.py took 0.038 seconds
[2026-03-25T14:55:23.810+0000] {processor.py:161} INFO - Started process (PID=1509) to work on /opt/airflow/dags/extract_data.py
[2026-03-25T14:55:23.811+0000] {processor.py:830} INFO - Processing file /opt/airflow/dags/extract_data.py for tasks to queue
[2026-03-25T14:55:23.813+0000] {logging_mixin.py:188} INFO - [2026-03-25T14:55:23.813+0000] {dagbag.py:545} INFO - Filling up the DagBag from /opt/airflow/dags/extract_data.py
[2026-03-25T14:55:23.826+0000] {processor.py:842} WARNING - No viable dags retrieved from /opt/airflow/dags/extract_data.py
[2026-03-25T14:55:23.840+0000] {processor.py:183} INFO - Processing /opt/airflow/dags/extract_data.py took 0.035 seconds
[2026-03-25T14:55:54.442+0000] {processor.py:161} INFO - Started process (PID=1535) to work on /opt/airflow/dags/extract_data.py
[2026-03-25T14:55:54.443+0000] {processor.py:830} INFO - Processing file /opt/airflow/dags/extract_data.py for tasks to queue
[2026-03-25T14:55:54.445+0000] {logging_mixin.py:188} INFO - [2026-03-25T14:55:54.445+0000] {dagbag.py:545} INFO - Filling up the DagBag from /opt/airflow/dags/extract_data.py
[2026-03-25T14:55:54.461+0000] {processor.py:842} WARNING - No viable dags retrieved from /opt/airflow/dags/extract_data.py
[2026-03-25T14:55:54.480+0000] {processor.py:183} INFO - Processing /opt/airflow/dags/extract_data.py took 0.045 seconds
[2026-03-25T14:56:25.179+0000] {processor.py:161} INFO - Started process (PID=1567) to work on /opt/airflow/dags/extract_data.py
[2026-03-25T14:56:25.181+0000] {processor.py:830} INFO - Processing file /opt/airflow/dags/extract_data.py for tasks to queue
[2026-03-25T14:56:25.184+0000] {logging_mixin.py:188} INFO - [2026-03-25T14:56:25.184+0000] {dagbag.py:545} INFO - Filling up the DagBag from /opt/airflow/dags/extract_data.py
[2026-03-25T14:56:25.205+0000] {processor.py:842} WARNING - No viable dags retrieved from /opt/airflow/dags/extract_data.py
[2026-03-25T14:56:25.224+0000] {processor.py:183} INFO - Processing /opt/airflow/dags/extract_data.py took 0.056 seconds
[2026-03-25T14:56:56.018+0000] {processor.py:161} INFO - Started process (PID=1593) to work on /opt/airflow/dags/extract_data.py
[2026-03-25T14:56:56.019+0000] {processor.py:830} INFO - Processing file /opt/airflow/dags/extract_data.py for tasks to queue
[2026-03-25T14:56:56.022+0000] {logging_mixin.py:188} INFO - [2026-03-25T14:56:56.022+0000] {dagbag.py:545} INFO - Filling up the DagBag from /opt/airflow/dags/extract_data.py
[2026-03-25T14:56:56.038+0000] {processor.py:842} WARNING - No viable dags retrieved from /opt/airflow/dags/extract_data.py
[2026-03-25T14:56:56.061+0000] {processor.py:183} INFO - Processing /opt/airflow/dags/extract_data.py took 0.051 seconds
[2026-03-25T14:57:26.908+0000] {processor.py:161} INFO - Started process (PID=1619) to work on /opt/airflow/dags/extract_data.py
[2026-03-25T14:57:26.909+0000] {processor.py:830} INFO - Processing file /opt/airflow/dags/extract_data.py for tasks to queue
[2026-03-25T14:57:26.911+0000] {logging_mixin.py:188} INFO - [2026-03-25T14:57:26.911+0000] {dagbag.py:545} INFO - Filling up the DagBag from /opt/airflow/dags/extract_data.py
[2026-03-25T14:57:26.923+0000] {processor.py:842} WARNING - No viable dags retrieved from /opt/airflow/dags/extract_data.py
[2026-03-25T14:57:26.937+0000] {processor.py:183} INFO - Processing /opt/airflow/dags/extract_data.py took 0.035 seconds
[2026-03-25T14:57:57.721+0000] {processor.py:161} INFO - Started process (PID=1645) to work on /opt/airflow/dags/extract_data.py
[2026-03-25T14:57:57.722+0000] {processor.py:830} INFO - Processing file /opt/airflow/dags/extract_data.py for tasks to queue
[2026-03-25T14:57:57.724+0000] {logging_mixin.py:188} INFO - [2026-03-25T14:57:57.724+0000] {dagbag.py:545} INFO - Filling up the DagBag from /opt/airflow/dags/extract_data.py
[2026-03-25T14:57:57.739+0000] {processor.py:842} WARNING - No viable dags retrieved from /opt/airflow/dags/extract_data.py
[2026-03-25T14:57:57.757+0000] {processor.py:183} INFO - Processing /opt/airflow/dags/extract_data.py took 0.042 seconds
[2026-03-25T14:58:28.563+0000] {processor.py:161} INFO - Started process (PID=1671) to work on /opt/airflow/dags/extract_data.py
[2026-03-25T14:58:28.564+0000] {processor.py:830} INFO - Processing file /opt/airflow/dags/extract_data.py for tasks to queue
[2026-03-25T14:58:28.566+0000] {logging_mixin.py:188} INFO - [2026-03-25T14:58:28.565+0000] {dagbag.py:545} INFO - Filling up the DagBag from /opt/airflow/dags/extract_data.py
[2026-03-25T14:58:28.582+0000] {processor.py:842} WARNING - No viable dags retrieved from /opt/airflow/dags/extract_data.py
[2026-03-25T14:58:28.600+0000] {processor.py:183} INFO - Processing /opt/airflow/dags/extract_data.py took 0.043 seconds
[2026-03-25T14:58:59.354+0000] {processor.py:161} INFO - Started process (PID=1697) to work on /opt/airflow/dags/extract_data.py
[2026-03-25T14:58:59.356+0000] {processor.py:830} INFO - Processing file /opt/airflow/dags/extract_data.py for tasks to queue
[2026-03-25T14:58:59.359+0000] {logging_mixin.py:188} INFO - [2026-03-25T14:58:59.359+0000] {dagbag.py:545} INFO - Filling up the DagBag from /opt/airflow/dags/extract_data.py
[2026-03-25T14:58:59.375+0000] {processor.py:842} WARNING - No viable dags retrieved from /opt/airflow/dags/extract_data.py
[2026-03-25T14:58:59.391+0000] {processor.py:183} INFO - Processing /opt/airflow/dags/extract_data.py took 0.044 seconds
[2026-03-25T14:59:30.085+0000] {processor.py:161} INFO - Started process (PID=1723) to work on /opt/airflow/dags/extract_data.py
[2026-03-25T14:59:30.086+0000] {processor.py:830} INFO - Processing file /opt/airflow/dags/extract_data.py for tasks to queue
[2026-03-25T14:59:30.088+0000] {logging_mixin.py:188} INFO - [2026-03-25T14:59:30.087+0000] {dagbag.py:545} INFO - Filling up the DagBag from /opt/airflow/dags/extract_data.py
[2026-03-25T14:59:30.099+0000] {processor.py:842} WARNING - No viable dags retrieved from /opt/airflow/dags/extract_data.py
[2026-03-25T14:59:30.113+0000] {processor.py:183} INFO - Processing /opt/airflow/dags/extract_data.py took 0.035 seconds
[2026-03-25T15:00:00.997+0000] {processor.py:161} INFO - Started process (PID=1750) to work on /opt/airflow/dags/extract_data.py
[2026-03-25T15:00:00.998+0000] {processor.py:830} INFO - Processing file /opt/airflow/dags/extract_data.py for tasks to queue
[2026-03-25T15:00:01.000+0000] {logging_mixin.py:188} INFO - [2026-03-25T15:00:01.000+0000] {dagbag.py:545} INFO - Filling up the DagBag from /opt/airflow/dags/extract_data.py
[2026-03-25T15:00:01.011+0000] {processor.py:842} WARNING - No viable dags retrieved from /opt/airflow/dags/extract_data.py
[2026-03-25T15:00:01.031+0000] {processor.py:183} INFO - Processing /opt/airflow/dags/extract_data.py took 0.041 seconds
[2026-03-25T15:00:31.705+0000] {processor.py:161} INFO - Started process (PID=1776) to work on /opt/airflow/dags/extract_data.py
[2026-03-25T15:00:31.706+0000] {processor.py:830} INFO - Processing file /opt/airflow/dags/extract_data.py for tasks to queue
[2026-03-25T15:00:31.708+0000] {logging_mixin.py:188} INFO - [2026-03-25T15:00:31.708+0000] {dagbag.py:545} INFO - Filling up the DagBag from /opt/airflow/dags/extract_data.py
[2026-03-25T15:00:31.721+0000] {processor.py:842} WARNING - No viable dags retrieved from /opt/airflow/dags/extract_data.py
[2026-03-25T15:00:31.735+0000] {processor.py:183} INFO - Processing /opt/airflow/dags/extract_data.py took 0.036 seconds
[2026-03-25T15:01:02.495+0000] {processor.py:161} INFO - Started process (PID=1802) to work on /opt/airflow/dags/extract_data.py
[2026-03-25T15:01:02.496+0000] {processor.py:830} INFO - Processing file /opt/airflow/dags/extract_data.py for tasks to queue
[2026-03-25T15:01:02.497+0000] {logging_mixin.py:188} INFO - [2026-03-25T15:01:02.497+0000] {dagbag.py:545} INFO - Filling up the DagBag from /opt/airflow/dags/extract_data.py
[2026-03-25T15:01:02.510+0000] {processor.py:842} WARNING - No viable dags retrieved from /opt/airflow/dags/extract_data.py
[2026-03-25T15:01:02.525+0000] {processor.py:183} INFO - Processing /opt/airflow/dags/extract_data.py took 0.037 seconds
[2026-03-25T15:01:33.333+0000] {processor.py:161} INFO - Started process (PID=1828) to work on /opt/airflow/dags/extract_data.py
[2026-03-25T15:01:33.334+0000] {processor.py:830} INFO - Processing file /opt/airflow/dags/extract_data.py for tasks to queue
[2026-03-25T15:01:33.336+0000] {logging_mixin.py:188} INFO - [2026-03-25T15:01:33.335+0000] {dagbag.py:545} INFO - Filling up the DagBag from /opt/airflow/dags/extract_data.py
[2026-03-25T15:01:33.348+0000] {processor.py:842} WARNING - No viable dags retrieved from /opt/airflow/dags/extract_data.py
[2026-03-25T15:01:33.364+0000] {processor.py:183} INFO - Processing /opt/airflow/dags/extract_data.py took 0.036 seconds
[2026-03-25T15:02:04.137+0000] {processor.py:161} INFO - Started process (PID=1854) to work on /opt/airflow/dags/extract_data.py
[2026-03-25T15:02:04.138+0000] {processor.py:830} INFO - Processing file /opt/airflow/dags/extract_data.py for tasks to queue
[2026-03-25T15:02:04.140+0000] {logging_mixin.py:188} INFO - [2026-03-25T15:02:04.140+0000] {dagbag.py:545} INFO - Filling up the DagBag from /opt/airflow/dags/extract_data.py
[2026-03-25T15:02:04.155+0000] {processor.py:842} WARNING - No viable dags retrieved from /opt/airflow/dags/extract_data.py
[2026-03-25T15:02:04.172+0000] {processor.py:183} INFO - Processing /opt/airflow/dags/extract_data.py took 0.042 seconds
[2026-03-25T15:02:34.979+0000] {processor.py:161} INFO - Started process (PID=1880) to work on /opt/airflow/dags/extract_data.py
[2026-03-25T15:02:34.980+0000] {processor.py:830} INFO - Processing file /opt/airflow/dags/extract_data.py for tasks to queue
[2026-03-25T15:02:34.982+0000] {logging_mixin.py:188} INFO - [2026-03-25T15:02:34.982+0000] {dagbag.py:545} INFO - Filling up the DagBag from /opt/airflow/dags/extract_data.py
[2026-03-25T15:02:34.997+0000] {processor.py:842} WARNING - No viable dags retrieved from /opt/airflow/dags/extract_data.py
[2026-03-25T15:02:35.015+0000] {processor.py:183} INFO - Processing /opt/airflow/dags/extract_data.py took 0.042 seconds
[2026-03-25T15:03:05.825+0000] {processor.py:161} INFO - Started process (PID=1906) to work on /opt/airflow/dags/extract_data.py
[2026-03-25T15:03:05.827+0000] {processor.py:830} INFO - Processing file /opt/airflow/dags/extract_data.py for tasks to queue
[2026-03-25T15:03:05.829+0000] {logging_mixin.py:188} INFO - [2026-03-25T15:03:05.828+0000] {dagbag.py:545} INFO - Filling up the DagBag from /opt/airflow/dags/extract_data.py
[2026-03-25T15:03:05.844+0000] {processor.py:842} WARNING - No viable dags retrieved from /opt/airflow/dags/extract_data.py
[2026-03-25T15:03:05.860+0000] {processor.py:183} INFO - Processing /opt/airflow/dags/extract_data.py took 0.043 seconds
[2026-03-25T15:03:36.587+0000] {processor.py:161} INFO - Started process (PID=1932) to work on /opt/airflow/dags/extract_data.py
[2026-03-25T15:03:36.588+0000] {processor.py:830} INFO - Processing file /opt/airflow/dags/extract_data.py for tasks to queue
[2026-03-25T15:03:36.591+0000] {logging_mixin.py:188} INFO - [2026-03-25T15:03:36.590+0000] {dagbag.py:545} INFO - Filling up the DagBag from /opt/airflow/dags/extract_data.py
[2026-03-25T15:03:36.604+0000] {processor.py:842} WARNING - No viable dags retrieved from /opt/airflow/dags/extract_data.py
[2026-03-25T15:03:36.621+0000] {processor.py:183} INFO - Processing /opt/airflow/dags/extract_data.py took 0.040 seconds
[2026-03-25T15:04:07.341+0000] {processor.py:161} INFO - Started process (PID=1958) to work on /opt/airflow/dags/extract_data.py
[2026-03-25T15:04:07.342+0000] {processor.py:830} INFO - Processing file /opt/airflow/dags/extract_data.py for tasks to queue
[2026-03-25T15:04:07.344+0000] {logging_mixin.py:188} INFO - [2026-03-25T15:04:07.344+0000] {dagbag.py:545} INFO - Filling up the DagBag from /opt/airflow/dags/extract_data.py
[2026-03-25T15:04:07.358+0000] {processor.py:842} WARNING - No viable dags retrieved from /opt/airflow/dags/extract_data.py
[2026-03-25T15:04:07.375+0000] {processor.py:183} INFO - Processing /opt/airflow/dags/extract_data.py took 0.040 seconds
[2026-03-25T15:04:38.082+0000] {processor.py:161} INFO - Started process (PID=1984) to work on /opt/airflow/dags/extract_data.py
[2026-03-25T15:04:38.084+0000] {processor.py:830} INFO - Processing file /opt/airflow/dags/extract_data.py for tasks to queue
[2026-03-25T15:04:38.086+0000] {logging_mixin.py:188} INFO - [2026-03-25T15:04:38.086+0000] {dagbag.py:545} INFO - Filling up the DagBag from /opt/airflow/dags/extract_data.py
[2026-03-25T15:04:38.098+0000] {processor.py:842} WARNING - No viable dags retrieved from /opt/airflow/dags/extract_data.py
[2026-03-25T15:04:38.113+0000] {processor.py:183} INFO - Processing /opt/airflow/dags/extract_data.py took 0.037 seconds
[2026-03-25T15:05:08.975+0000] {processor.py:161} INFO - Started process (PID=2010) to work on /opt/airflow/dags/extract_data.py
[2026-03-25T15:05:08.976+0000] {processor.py:830} INFO - Processing file /opt/airflow/dags/extract_data.py for tasks to queue
[2026-03-25T15:05:08.978+0000] {logging_mixin.py:188} INFO - [2026-03-25T15:05:08.978+0000] {dagbag.py:545} INFO - Filling up the DagBag from /opt/airflow/dags/extract_data.py
[2026-03-25T15:05:08.990+0000] {processor.py:842} WARNING - No viable dags retrieved from /opt/airflow/dags/extract_data.py
[2026-03-25T15:05:09.004+0000] {processor.py:183} INFO - Processing /opt/airflow/dags/extract_data.py took 0.034 seconds
[2026-03-25T15:05:39.709+0000] {processor.py:161} INFO - Started process (PID=2036) to work on /opt/airflow/dags/extract_data.py
[2026-03-25T15:05:39.710+0000] {processor.py:830} INFO - Processing file /opt/airflow/dags/extract_data.py for tasks to queue
[2026-03-25T15:05:39.712+0000] {logging_mixin.py:188} INFO - [2026-03-25T15:05:39.712+0000] {dagbag.py:545} INFO - Filling up the DagBag from /opt/airflow/dags/extract_data.py
[2026-03-25T15:05:39.724+0000] {processor.py:842} WARNING - No viable dags retrieved from /opt/airflow/dags/extract_data.py
[2026-03-25T15:05:39.738+0000] {processor.py:183} INFO - Processing /opt/airflow/dags/extract_data.py took 0.037 seconds
[2026-03-25T15:06:10.491+0000] {processor.py:161} INFO - Started process (PID=2062) to work on /opt/airflow/dags/extract_data.py
[2026-03-25T15:06:10.492+0000] {processor.py:830} INFO - Processing file /opt/airflow/dags/extract_data.py for tasks to queue
[2026-03-25T15:06:10.494+0000] {logging_mixin.py:188} INFO - [2026-03-25T15:06:10.494+0000] {dagbag.py:545} INFO - Filling up the DagBag from /opt/airflow/dags/extract_data.py
[2026-03-25T15:06:10.509+0000] {processor.py:842} WARNING - No viable dags retrieved from /opt/airflow/dags/extract_data.py
[2026-03-25T15:06:10.525+0000] {processor.py:183} INFO - Processing /opt/airflow/dags/extract_data.py took 0.040 seconds
[2026-03-25T15:06:41.227+0000] {processor.py:161} INFO - Started process (PID=2088) to work on /opt/airflow/dags/extract_data.py
[2026-03-25T15:06:41.229+0000] {processor.py:830} INFO - Processing file /opt/airflow/dags/extract_data.py for tasks to queue
[2026-03-25T15:06:41.233+0000] {logging_mixin.py:188} INFO - [2026-03-25T15:06:41.232+0000] {dagbag.py:545} INFO - Filling up the DagBag from /opt/airflow/dags/extract_data.py
[2026-03-25T15:06:41.255+0000] {processor.py:842} WARNING - No viable dags retrieved from /opt/airflow/dags/extract_data.py
[2026-03-25T15:06:41.273+0000] {processor.py:183} INFO - Processing /opt/airflow/dags/extract_data.py took 0.056 seconds
[2026-03-25T15:07:11.958+0000] {processor.py:161} INFO - Started process (PID=2114) to work on /opt/airflow/dags/extract_data.py
[2026-03-25T15:07:11.960+0000] {processor.py:830} INFO - Processing file /opt/airflow/dags/extract_data.py for tasks to queue
[2026-03-25T15:07:11.962+0000] {logging_mixin.py:188} INFO - [2026-03-25T15:07:11.962+0000] {dagbag.py:545} INFO - Filling up the DagBag from /opt/airflow/dags/extract_data.py
[2026-03-25T15:07:11.978+0000] {processor.py:842} WARNING - No viable dags retrieved from /opt/airflow/dags/extract_data.py
[2026-03-25T15:07:11.995+0000] {processor.py:183} INFO - Processing /opt/airflow/dags/extract_data.py took 0.043 seconds
[2026-03-25T15:07:42.676+0000] {processor.py:161} INFO - Started process (PID=2140) to work on /opt/airflow/dags/extract_data.py
[2026-03-25T15:07:42.677+0000] {processor.py:830} INFO - Processing file /opt/airflow/dags/extract_data.py for tasks to queue
[2026-03-25T15:07:42.679+0000] {logging_mixin.py:188} INFO - [2026-03-25T15:07:42.679+0000] {dagbag.py:545} INFO - Filling up the DagBag from /opt/airflow/dags/extract_data.py
[2026-03-25T15:07:42.692+0000] {processor.py:842} WARNING - No viable dags retrieved from /opt/airflow/dags/extract_data.py
[2026-03-25T15:07:42.707+0000] {processor.py:183} INFO - Processing /opt/airflow/dags/extract_data.py took 0.038 seconds
[2026-03-25T15:08:13.542+0000] {processor.py:161} INFO - Started process (PID=2166) to work on /opt/airflow/dags/extract_data.py
[2026-03-25T15:08:13.543+0000] {processor.py:830} INFO - Processing file /opt/airflow/dags/extract_data.py for tasks to queue
[2026-03-25T15:08:13.546+0000] {logging_mixin.py:188} INFO - [2026-03-25T15:08:13.545+0000] {dagbag.py:545} INFO - Filling up the DagBag from /opt/airflow/dags/extract_data.py
[2026-03-25T15:08:13.559+0000] {processor.py:842} WARNING - No viable dags retrieved from /opt/airflow/dags/extract_data.py
[2026-03-25T15:08:13.576+0000] {processor.py:183} INFO - Processing /opt/airflow/dags/extract_data.py took 0.040 seconds
[2026-03-25T15:08:44.282+0000] {processor.py:161} INFO - Started process (PID=2192) to work on /opt/airflow/dags/extract_data.py
[2026-03-25T15:08:44.284+0000] {processor.py:830} INFO - Processing file /opt/airflow/dags/extract_data.py for tasks to queue
[2026-03-25T15:08:44.294+0000] {logging_mixin.py:188} INFO - [2026-03-25T15:08:44.292+0000] {dagbag.py:545} INFO - Filling up the DagBag from /opt/airflow/dags/extract_data.py
[2026-03-25T15:08:44.319+0000] {processor.py:842} WARNING - No viable dags retrieved from /opt/airflow/dags/extract_data.py
[2026-03-25T15:08:44.345+0000] {processor.py:183} INFO - Processing /opt/airflow/dags/extract_data.py took 0.083 seconds
[2026-03-25T15:09:15.084+0000] {processor.py:161} INFO - Started process (PID=2218) to work on /opt/airflow/dags/extract_data.py
[2026-03-25T15:09:15.085+0000] {processor.py:830} INFO - Processing file /opt/airflow/dags/extract_data.py for tasks to queue
[2026-03-25T15:09:15.088+0000] {logging_mixin.py:188} INFO - [2026-03-25T15:09:15.087+0000] {dagbag.py:545} INFO - Filling up the DagBag from /opt/airflow/dags/extract_data.py
[2026-03-25T15:09:15.107+0000] {processor.py:842} WARNING - No viable dags retrieved from /opt/airflow/dags/extract_data.py
[2026-03-25T15:09:15.123+0000] {processor.py:183} INFO - Processing /opt/airflow/dags/extract_data.py took 0.048 seconds
[2026-03-25T15:09:45.867+0000] {processor.py:161} INFO - Started process (PID=2244) to work on /opt/airflow/dags/extract_data.py
[2026-03-25T15:09:45.869+0000] {processor.py:830} INFO - Processing file /opt/airflow/dags/extract_data.py for tasks to queue
[2026-03-25T15:09:45.872+0000] {logging_mixin.py:188} INFO - [2026-03-25T15:09:45.871+0000] {dagbag.py:545} INFO - Filling up the DagBag from /opt/airflow/dags/extract_data.py
[2026-03-25T15:09:45.891+0000] {processor.py:842} WARNING - No viable dags retrieved from /opt/airflow/dags/extract_data.py
[2026-03-25T15:09:45.910+0000] {processor.py:183} INFO - Processing /opt/airflow/dags/extract_data.py took 0.050 seconds
[2026-03-25T15:10:16.767+0000] {processor.py:161} INFO - Started process (PID=2270) to work on /opt/airflow/dags/extract_data.py
[2026-03-25T15:10:16.768+0000] {processor.py:830} INFO - Processing file /opt/airflow/dags/extract_data.py for tasks to queue
[2026-03-25T15:10:16.770+0000] {logging_mixin.py:188} INFO - [2026-03-25T15:10:16.770+0000] {dagbag.py:545} INFO - Filling up the DagBag from /opt/airflow/dags/extract_data.py
[2026-03-25T15:10:16.784+0000] {processor.py:842} WARNING - No viable dags retrieved from /opt/airflow/dags/extract_data.py
[2026-03-25T15:10:16.801+0000] {processor.py:183} INFO - Processing /opt/airflow/dags/extract_data.py took 0.042 seconds
[2026-03-25T15:10:47.424+0000] {processor.py:161} INFO - Started process (PID=2296) to work on /opt/airflow/dags/extract_data.py
[2026-03-25T15:10:47.425+0000] {processor.py:830} INFO - Processing file /opt/airflow/dags/extract_data.py for tasks to queue
[2026-03-25T15:10:47.427+0000] {logging_mixin.py:188} INFO - [2026-03-25T15:10:47.427+0000] {dagbag.py:545} INFO - Filling up the DagBag from /opt/airflow/dags/extract_data.py
[2026-03-25T15:10:47.444+0000] {processor.py:842} WARNING - No viable dags retrieved from /opt/airflow/dags/extract_data.py
[2026-03-25T15:10:47.462+0000] {processor.py:183} INFO - Processing /opt/airflow/dags/extract_data.py took 0.044 seconds
[2026-03-25T15:11:18.229+0000] {processor.py:161} INFO - Started process (PID=2322) to work on /opt/airflow/dags/extract_data.py
[2026-03-25T15:11:18.231+0000] {processor.py:830} INFO - Processing file /opt/airflow/dags/extract_data.py for tasks to queue
[2026-03-25T15:11:18.236+0000] {logging_mixin.py:188} INFO - [2026-03-25T15:11:18.235+0000] {dagbag.py:545} INFO - Filling up the DagBag from /opt/airflow/dags/extract_data.py
[2026-03-25T15:11:18.260+0000] {processor.py:842} WARNING - No viable dags retrieved from /opt/airflow/dags/extract_data.py
[2026-03-25T15:11:18.284+0000] {processor.py:183} INFO - Processing /opt/airflow/dags/extract_data.py took 0.067 seconds
[2026-03-25T15:11:49.017+0000] {processor.py:161} INFO - Started process (PID=2348) to work on /opt/airflow/dags/extract_data.py
[2026-03-25T15:11:49.019+0000] {processor.py:830} INFO - Processing file /opt/airflow/dags/extract_data.py for tasks to queue
[2026-03-25T15:11:49.022+0000] {logging_mixin.py:188} INFO - [2026-03-25T15:11:49.021+0000] {dagbag.py:545} INFO - Filling up the DagBag from /opt/airflow/dags/extract_data.py
[2026-03-25T15:11:49.043+0000] {processor.py:842} WARNING - No viable dags retrieved from /opt/airflow/dags/extract_data.py
[2026-03-25T15:11:49.064+0000] {processor.py:183} INFO - Processing /opt/airflow/dags/extract_data.py took 0.054 seconds
[2026-03-25T15:12:19.988+0000] {processor.py:161} INFO - Started process (PID=2374) to work on /opt/airflow/dags/extract_data.py
[2026-03-25T15:12:19.995+0000] {processor.py:830} INFO - Processing file /opt/airflow/dags/extract_data.py for tasks to queue
[2026-03-25T15:12:20.013+0000] {logging_mixin.py:188} INFO - [2026-03-25T15:12:20.011+0000] {dagbag.py:545} INFO - Filling up the DagBag from /opt/airflow/dags/extract_data.py
[2026-03-25T15:12:20.082+0000] {processor.py:842} WARNING - No viable dags retrieved from /opt/airflow/dags/extract_data.py
[2026-03-25T15:12:20.129+0000] {processor.py:183} INFO - Processing /opt/airflow/dags/extract_data.py took 0.162 seconds
[2026-03-25T15:12:50.294+0000] {processor.py:161} INFO - Started process (PID=2397) to work on /opt/airflow/dags/extract_data.py
[2026-03-25T15:12:50.296+0000] {processor.py:830} INFO - Processing file /opt/airflow/dags/extract_data.py for tasks to queue
[2026-03-25T15:12:50.299+0000] {logging_mixin.py:188} INFO - [2026-03-25T15:12:50.298+0000] {dagbag.py:545} INFO - Filling up the DagBag from /opt/airflow/dags/extract_data.py
[2026-03-25T15:12:50.328+0000] {processor.py:842} WARNING - No viable dags retrieved from /opt/airflow/dags/extract_data.py
[2026-03-25T15:12:50.351+0000] {processor.py:183} INFO - Processing /opt/airflow/dags/extract_data.py took 0.065 seconds
[2026-03-25T15:13:21.124+0000] {processor.py:161} INFO - Started process (PID=2423) to work on /opt/airflow/dags/extract_data.py
[2026-03-25T15:13:21.125+0000] {processor.py:830} INFO - Processing file /opt/airflow/dags/extract_data.py for tasks to queue
[2026-03-25T15:13:21.127+0000] {logging_mixin.py:188} INFO - [2026-03-25T15:13:21.127+0000] {dagbag.py:545} INFO - Filling up the DagBag from /opt/airflow/dags/extract_data.py
[2026-03-25T15:13:21.141+0000] {processor.py:842} WARNING - No viable dags retrieved from /opt/airflow/dags/extract_data.py
[2026-03-25T15:13:21.154+0000] {processor.py:183} INFO - Processing /opt/airflow/dags/extract_data.py took 0.036 seconds
[2026-03-25T15:13:51.875+0000] {processor.py:161} INFO - Started process (PID=2449) to work on /opt/airflow/dags/extract_data.py
[2026-03-25T15:13:51.876+0000] {processor.py:830} INFO - Processing file /opt/airflow/dags/extract_data.py for tasks to queue
[2026-03-25T15:13:51.879+0000] {logging_mixin.py:188} INFO - [2026-03-25T15:13:51.878+0000] {dagbag.py:545} INFO - Filling up the DagBag from /opt/airflow/dags/extract_data.py
[2026-03-25T15:13:51.915+0000] {processor.py:842} WARNING - No viable dags retrieved from /opt/airflow/dags/extract_data.py
[2026-03-25T15:13:51.931+0000] {processor.py:183} INFO - Processing /opt/airflow/dags/extract_data.py took 0.064 seconds
[2026-03-25T15:14:22.576+0000] {processor.py:161} INFO - Started process (PID=2475) to work on /opt/airflow/dags/extract_data.py
[2026-03-25T15:14:22.578+0000] {processor.py:830} INFO - Processing file /opt/airflow/dags/extract_data.py for tasks to queue
[2026-03-25T15:14:22.581+0000] {logging_mixin.py:188} INFO - [2026-03-25T15:14:22.581+0000] {dagbag.py:545} INFO - Filling up the DagBag from /opt/airflow/dags/extract_data.py
[2026-03-25T15:14:22.604+0000] {processor.py:842} WARNING - No viable dags retrieved from /opt/airflow/dags/extract_data.py
[2026-03-25T15:14:22.619+0000] {processor.py:183} INFO - Processing /opt/airflow/dags/extract_data.py took 0.050 seconds
[2026-03-25T15:14:53.649+0000] {processor.py:161} INFO - Started process (PID=2501) to work on /opt/airflow/dags/extract_data.py
[2026-03-25T15:14:53.651+0000] {processor.py:830} INFO - Processing file /opt/airflow/dags/extract_data.py for tasks to queue
[2026-03-25T15:14:53.653+0000] {logging_mixin.py:188} INFO - [2026-03-25T15:14:53.653+0000] {dagbag.py:545} INFO - Filling up the DagBag from /opt/airflow/dags/extract_data.py
[2026-03-25T15:14:53.678+0000] {processor.py:842} WARNING - No viable dags retrieved from /opt/airflow/dags/extract_data.py
[2026-03-25T15:14:53.711+0000] {processor.py:183} INFO - Processing /opt/airflow/dags/extract_data.py took 0.070 seconds
[2026-03-25T15:15:24.343+0000] {processor.py:161} INFO - Started process (PID=2527) to work on /opt/airflow/dags/extract_data.py
[2026-03-25T15:15:24.344+0000] {processor.py:830} INFO - Processing file /opt/airflow/dags/extract_data.py for tasks to queue
[2026-03-25T15:15:24.346+0000] {logging_mixin.py:188} INFO - [2026-03-25T15:15:24.345+0000] {dagbag.py:545} INFO - Filling up the DagBag from /opt/airflow/dags/extract_data.py
[2026-03-25T15:15:24.358+0000] {processor.py:842} WARNING - No viable dags retrieved from /opt/airflow/dags/extract_data.py
[2026-03-25T15:15:24.369+0000] {processor.py:183} INFO - Processing /opt/airflow/dags/extract_data.py took 0.032 seconds
[2026-03-25T15:15:54.994+0000] {processor.py:161} INFO - Started process (PID=2553) to work on /opt/airflow/dags/extract_data.py
[2026-03-25T15:15:54.995+0000] {processor.py:830} INFO - Processing file /opt/airflow/dags/extract_data.py for tasks to queue
[2026-03-25T15:15:54.997+0000] {logging_mixin.py:188} INFO - [2026-03-25T15:15:54.997+0000] {dagbag.py:545} INFO - Filling up the DagBag from /opt/airflow/dags/extract_data.py
[2026-03-25T15:15:55.009+0000] {processor.py:842} WARNING - No viable dags retrieved from /opt/airflow/dags/extract_data.py
[2026-03-25T15:15:55.023+0000] {processor.py:183} INFO - Processing /opt/airflow/dags/extract_data.py took 0.035 seconds
[2026-03-25T15:16:25.703+0000] {processor.py:161} INFO - Started process (PID=2579) to work on /opt/airflow/dags/extract_data.py
[2026-03-25T15:16:25.705+0000] {processor.py:830} INFO - Processing file /opt/airflow/dags/extract_data.py for tasks to queue
[2026-03-25T15:16:25.707+0000] {logging_mixin.py:188} INFO - [2026-03-25T15:16:25.706+0000] {dagbag.py:545} INFO - Filling up the DagBag from /opt/airflow/dags/extract_data.py
[2026-03-25T15:16:25.720+0000] {processor.py:842} WARNING - No viable dags retrieved from /opt/airflow/dags/extract_data.py
[2026-03-25T15:16:25.733+0000] {processor.py:183} INFO - Processing /opt/airflow/dags/extract_data.py took 0.035 seconds
[2026-03-25T15:16:56.386+0000] {processor.py:161} INFO - Started process (PID=2605) to work on /opt/airflow/dags/extract_data.py
[2026-03-25T15:16:56.387+0000] {processor.py:830} INFO - Processing file /opt/airflow/dags/extract_data.py for tasks to queue
[2026-03-25T15:16:56.390+0000] {logging_mixin.py:188} INFO - [2026-03-25T15:16:56.390+0000] {dagbag.py:545} INFO - Filling up the DagBag from /opt/airflow/dags/extract_data.py
[2026-03-25T15:16:56.409+0000] {processor.py:842} WARNING - No viable dags retrieved from /opt/airflow/dags/extract_data.py
[2026-03-25T15:16:56.422+0000] {processor.py:183} INFO - Processing /opt/airflow/dags/extract_data.py took 0.044 seconds
[2026-03-25T15:17:27.133+0000] {processor.py:161} INFO - Started process (PID=2632) to work on /opt/airflow/dags/extract_data.py
[2026-03-25T15:17:27.134+0000] {processor.py:830} INFO - Processing file /opt/airflow/dags/extract_data.py for tasks to queue
[2026-03-25T15:17:27.136+0000] {logging_mixin.py:188} INFO - [2026-03-25T15:17:27.136+0000] {dagbag.py:545} INFO - Filling up the DagBag from /opt/airflow/dags/extract_data.py
[2026-03-25T15:17:27.147+0000] {processor.py:842} WARNING - No viable dags retrieved from /opt/airflow/dags/extract_data.py
[2026-03-25T15:17:27.161+0000] {processor.py:183} INFO - Processing /opt/airflow/dags/extract_data.py took 0.034 seconds
[2026-03-25T15:17:57.892+0000] {processor.py:161} INFO - Started process (PID=2658) to work on /opt/airflow/dags/extract_data.py
[2026-03-25T15:17:57.893+0000] {processor.py:830} INFO - Processing file /opt/airflow/dags/extract_data.py for tasks to queue
[2026-03-25T15:17:57.895+0000] {logging_mixin.py:188} INFO - [2026-03-25T15:17:57.895+0000] {dagbag.py:545} INFO - Filling up the DagBag from /opt/airflow/dags/extract_data.py
[2026-03-25T15:17:57.909+0000] {processor.py:842} WARNING - No viable dags retrieved from /opt/airflow/dags/extract_data.py
[2026-03-25T15:17:57.924+0000] {processor.py:183} INFO - Processing /opt/airflow/dags/extract_data.py took 0.039 seconds
[2026-03-25T15:18:28.635+0000] {processor.py:161} INFO - Started process (PID=2684) to work on /opt/airflow/dags/extract_data.py
[2026-03-25T15:18:28.639+0000] {processor.py:830} INFO - Processing file /opt/airflow/dags/extract_data.py for tasks to queue
[2026-03-25T15:18:28.642+0000] {logging_mixin.py:188} INFO - [2026-03-25T15:18:28.641+0000] {dagbag.py:545} INFO - Filling up the DagBag from /opt/airflow/dags/extract_data.py
[2026-03-25T15:18:28.663+0000] {processor.py:842} WARNING - No viable dags retrieved from /opt/airflow/dags/extract_data.py
[2026-03-25T15:18:28.690+0000] {processor.py:183} INFO - Processing /opt/airflow/dags/extract_data.py took 0.062 seconds
[2026-03-25T15:18:59.311+0000] {processor.py:161} INFO - Started process (PID=2716) to work on /opt/airflow/dags/extract_data.py
[2026-03-25T15:18:59.312+0000] {processor.py:830} INFO - Processing file /opt/airflow/dags/extract_data.py for tasks to queue
[2026-03-25T15:18:59.315+0000] {logging_mixin.py:188} INFO - [2026-03-25T15:18:59.314+0000] {dagbag.py:545} INFO - Filling up the DagBag from /opt/airflow/dags/extract_data.py
[2026-03-25T15:18:59.330+0000] {processor.py:842} WARNING - No viable dags retrieved from /opt/airflow/dags/extract_data.py
[2026-03-25T15:18:59.346+0000] {processor.py:183} INFO - Processing /opt/airflow/dags/extract_data.py took 0.042 seconds
[2026-03-25T15:19:30.152+0000] {processor.py:161} INFO - Started process (PID=2742) to work on /opt/airflow/dags/extract_data.py
[2026-03-25T15:19:30.153+0000] {processor.py:830} INFO - Processing file /opt/airflow/dags/extract_data.py for tasks to queue
[2026-03-25T15:19:30.157+0000] {logging_mixin.py:188} INFO - [2026-03-25T15:19:30.156+0000] {dagbag.py:545} INFO - Filling up the DagBag from /opt/airflow/dags/extract_data.py
[2026-03-25T15:19:30.173+0000] {processor.py:842} WARNING - No viable dags retrieved from /opt/airflow/dags/extract_data.py
[2026-03-25T15:19:30.195+0000] {processor.py:183} INFO - Processing /opt/airflow/dags/extract_data.py took 0.053 seconds
